,t,ramp,trans_pd,mzi_pd
0,-0.0044000588,-0.6930275,0.122954518,1.761872
1,-0.0043991588000000005,-0.6528265000000001,0.122954518,1.922676
2,-0.004398258800000001,-0.7131280000000001,0.125125372,2.2442840000000004
3,-0.004397358800000001,-0.6729269999999999,0.125125372,2.525691
4,-0.0043964588,-0.6930275,0.122954518,2.766897
5,-0.0043955588,-0.6930275,0.124039945,3.0483040000000003
6,-0.0043946588,-0.6930275,0.125125372,3.2493090000000002
7,-0.0043937588000000005,-0.6930275,0.125125372,3.3699120000000002
8,-0.004392858800000001,-0.7131280000000001,0.124039945,3.4905150000000003
9,-0.004391958800000001,-0.6930275,0.124039945,3.4905150000000003
10,-0.0043910588,-0.6729269999999999,0.124039945,3.4905150000000003
11,-0.0043901588,-0.6729269999999999,0.122954518,3.450314
12,-0.0043892588,-0.6930275,0.122954518,3.3699120000000002
13,-0.0043883588000000005,-0.7131280000000001,0.124039945,3.329711
14,-0.004387458800000001,-0.7131280000000001,0.124039945,3.2493090000000002
15,-0.004386558800000001,-0.6930275,0.124039945,3.1689070000000004
16,-0.0043856588,-0.6930275,0.125125372,3.088505
17,-0.0043847588,-0.6729269999999999,0.124039945,3.0483040000000003
18,-0.0043838588,-0.6729269999999999,0.124039945,2.967902
19,-0.0043829588000000004,-0.6930275,0.124039945,2.9277010000000003
20,-0.004382058800000001,-0.6729269999999999,0.124039945,2.8875
21,-0.004381158800000001,-0.6930275,0.122954518,2.847299
22,-0.0043802588,-0.6930275,0.124039945,2.847299
23,-0.0043793588,-0.6930275,0.122954518,2.9277010000000003
24,-0.0043784588,-0.6930275,0.125125372,2.847299
25,-0.0043775588,-0.6930275,0.122954518,2.847299
26,-0.0043766588000000006,-0.6729269999999999,0.124039945,2.847299
27,-0.004375758800000001,-0.6729269999999999,0.124039945,2.8875
28,-0.0043748588,-0.6930275,0.125125372,2.847299
29,-0.0043739588,-0.6930275,0.122954518,2.766897
30,-0.0043730588,-0.6930275,0.122954518,2.847299
31,-0.0043721588,-0.6729269999999999,0.124039945,2.8070980000000003
32,-0.0043712588000000005,-0.6930275,0.124039945,2.766897
33,-0.004370358800000001,-0.7131280000000001,0.122954518,2.766897
34,-0.0043694588,-0.6930275,0.12621079899999998,2.726696
35,-0.0043685588,-0.6930275,0.125125372,2.606093
36,-0.0043676588,-0.6930275,0.122954518,2.606093
37,-0.0043667588,-0.6930275,0.125125372,2.4854900000000004
38,-0.0043658588000000005,-0.6528265000000001,0.124039945,2.3648870000000004
39,-0.004364958800000001,-0.6930275,0.124039945,2.284485
40,-0.004364058800000001,-0.6930275,0.124039945,2.08348
41,-0.0043631588,-0.6930275,0.122954518,1.922676
42,-0.0043622588,-0.6729269999999999,0.122954518,1.8020730000000003
43,-0.0043613588,-0.7131280000000001,0.124039945,1.641269
44,-0.0043604588000000005,-0.6930275,0.124039945,1.520666
45,-0.004359558800000001,-0.7131280000000001,0.124039945,1.4402640000000002
46,-0.004358658800000001,-0.6729269999999999,0.124039945,1.400063
47,-0.0043577588,-0.6930275,0.122954518,1.4402640000000002
48,-0.0043568588,-0.6729269999999999,0.124039945,1.520666
49,-0.0043559588,-0.6729269999999999,0.122954518,1.6010680000000002
50,-0.0043550588000000005,-0.6528265000000001,0.124039945,1.8824750000000001
51,-0.004354158800000001,-0.6729269999999999,0.122954518,2.08348
52,-0.004353258800000001,-0.6930275,0.124039945,2.3648870000000004
53,-0.0043523588,-0.6729269999999999,0.121869091,2.606093
54,-0.0043514588,-0.6930275,0.122954518,2.8070980000000003
55,-0.0043505588,-0.6930275,0.122954518,3.088505
56,-0.0043496588000000004,-0.6930275,0.122954518,3.329711
57,-0.004348758800000001,-0.6729269999999999,0.122954518,3.450314
58,-0.004347858800000001,-0.6930275,0.122954518,3.4905150000000003
59,-0.0043469588,-0.6930275,0.122954518,3.570917
60,-0.0043460588,-0.6729269999999999,0.124039945,3.530716
61,-0.0043451588,-0.6930275,0.121869091,3.450314
62,-0.0043442588,-0.6930275,0.122954518,3.329711
63,-0.0043433588000000006,-0.6930275,0.122954518,3.209108
64,-0.004342458800000001,-0.6930275,0.122954518,2.967902
65,-0.0043415588,-0.6729269999999999,0.124039945,2.8875
66,-0.0043406588,-0.6930275,0.124039945,2.766897
67,-0.0043397588,-0.6729269999999999,0.121869091,2.606093
68,-0.0043388588,-0.6930275,0.122954518,2.4452890000000003
69,-0.0043379588000000005,-0.6930275,0.122954518,2.3648870000000004
70,-0.004337058800000001,-0.6930275,0.122954518,2.2442840000000004
71,-0.0043361588,-0.6930275,0.121869091,2.2442840000000004
72,-0.0043352588,-0.6930275,0.124039945,2.163882
73,-0.0043343588,-0.6729269999999999,0.125125372,2.08348
74,-0.0043334588,-0.6729269999999999,0.121869091,2.043279
75,-0.0043325588000000005,-0.6729269999999999,0.122954518,2.043279
76,-0.004331658800000001,-0.6729269999999999,0.122954518,2.0030780000000004
77,-0.004330758800000001,-0.6930275,0.124039945,1.922676
78,-0.0043298588,-0.6729269999999999,0.122954518,1.922676
79,-0.0043289588,-0.6729269999999999,0.122954518,1.8824750000000001
80,-0.0043280588,-0.6729269999999999,0.122954518,1.8020730000000003
81,-0.0043271588000000005,-0.6930275,0.124039945,1.8020730000000003
82,-0.004326258800000001,-0.6729269999999999,0.122954518,1.8422740000000002
83,-0.004325358800000001,-0.6930275,0.124039945,1.7216710000000002
84,-0.0043244588,-0.6930275,0.122954518,1.8020730000000003
85,-0.0043235588,-0.6930275,0.125125372,1.6814700000000002
86,-0.0043226588,-0.6729269999999999,0.124039945,1.641269
87,-0.0043217588000000005,-0.6930275,0.125125372,1.641269
88,-0.004320858800000001,-0.6930275,0.122954518,1.6010680000000002
89,-0.004319958800000001,-0.7131280000000001,0.122954518,1.5608670000000002
90,-0.0043190588,-0.6729269999999999,0.125125372,1.4804650000000001
91,-0.0043181588,-0.6729269999999999,0.122954518,1.4402640000000002
92,-0.0043172588,-0.6930275,0.124039945,1.400063
93,-0.0043163588000000004,-0.6729269999999999,0.122954518,1.4402640000000002
94,-0.004315458800000001,-0.6930275,0.124039945,1.4402640000000002
95,-0.004314558800000001,-0.6729269999999999,0.124039945,1.520666
96,-0.0043136588,-0.6729269999999999,0.124039945,1.5608670000000002
97,-0.0043127588,-0.6729269999999999,0.124039945,1.6814700000000002
98,-0.0043118588,-0.7131280000000001,0.124039945,1.8422740000000002
99,-0.0043109588,-0.6930275,0.124039945,2.08348
100,-0.0043100588000000006,-0.6729269999999999,0.122954518,2.284485
101,-0.004309158800000001,-0.6930275,0.12621079899999998,2.4854900000000004
102,-0.0043082588,-0.6729269999999999,0.122954518,2.766897
103,-0.0043073588,-0.6930275,0.124039945,2.9277010000000003
104,-0.0043064588,-0.6729269999999999,0.122954518,3.209108
105,-0.0043055588,-0.6729269999999999,0.125125372,3.329711
106,-0.0043046588000000005,-0.6729269999999999,0.125125372,3.450314
107,-0.004303758800000001,-0.6528265000000001,0.124039945,3.4905150000000003
108,-0.0043028588,-0.6528265000000001,0.124039945,3.530716
109,-0.0043019588,-0.6729269999999999,0.125125372,3.450314
110,-0.0043010588,-0.6528265000000001,0.124039945,3.209108
111,-0.0043001588,-0.6729269999999999,0.125125372,3.0483040000000003
112,-0.0042992588000000005,-0.6729269999999999,0.125125372,2.8070980000000003
113,-0.004298358800000001,-0.6930275,0.124039945,2.646294
114,-0.004297458800000001,-0.6729269999999999,0.125125372,2.3648870000000004
115,-0.0042965588,-0.6528265000000001,0.124039945,2.163882
116,-0.0042956588,-0.6729269999999999,0.124039945,1.9628770000000002
117,-0.0042947588,-0.6729269999999999,0.122954518,1.761872
118,-0.0042938588000000005,-0.6930275,0.122954518,1.641269
119,-0.004292958800000001,-0.6729269999999999,0.125125372,1.5608670000000002
120,-0.004292058800000001,-0.6729269999999999,0.124039945,1.4804650000000001
121,-0.0042911588,-0.6729269999999999,0.124039945,1.4804650000000001
122,-0.0042902588,-0.6528265000000001,0.124039945,1.4402640000000002
123,-0.0042893588,-0.6528265000000001,0.122954518,1.4402640000000002
124,-0.0042884588000000005,-0.6729269999999999,0.124039945,1.4804650000000001
125,-0.004287558800000001,-0.6729269999999999,0.124039945,1.4804650000000001
126,-0.004286658800000001,-0.6930275,0.124039945,1.6010680000000002
127,-0.0042857588,-0.6528265000000001,0.122954518,1.641269
128,-0.0042848588,-0.6729269999999999,0.121869091,1.761872
129,-0.0042839588,-0.6528265000000001,0.122954518,1.761872
130,-0.0042830588000000005,-0.6528265000000001,0.125125372,1.8422740000000002
131,-0.004282158800000001,-0.6729269999999999,0.125125372,1.9628770000000002
132,-0.004281258800000001,-0.6930275,0.122954518,1.9628770000000002
133,-0.0042803588,-0.6930275,0.124039945,2.0030780000000004
134,-0.0042794588,-0.6729269999999999,0.122954518,2.08348
135,-0.0042785588,-0.6729269999999999,0.124039945,2.163882
136,-0.0042776588,-0.6930275,0.124039945,2.2040830000000002
137,-0.004276758800000001,-0.6930275,0.124039945,2.284485
138,-0.004275858800000001,-0.6729269999999999,0.122954518,2.4452890000000003
139,-0.0042749588,-0.6729269999999999,0.124039945,2.525691
140,-0.0042740588,-0.6729269999999999,0.124039945,2.646294
141,-0.0042731588,-0.6729269999999999,0.122954518,2.6864950000000003
142,-0.0042722588,-0.6729269999999999,0.122954518,2.8070980000000003
143,-0.0042713588000000005,-0.6729269999999999,0.122954518,2.847299
144,-0.004270458800000001,-0.6528265000000001,0.124039945,2.967902
145,-0.0042695588,-0.6528265000000001,0.122954518,3.0483040000000003
146,-0.0042686588,-0.6528265000000001,0.122954518,3.209108
147,-0.0042677588,-0.6528265000000001,0.122954518,3.28951
148,-0.0042668588,-0.6930275,0.122954518,3.410113
149,-0.0042659588000000005,-0.6729269999999999,0.122954518,3.450314
150,-0.004265058800000001,-0.6528265000000001,0.122954518,3.4905150000000003
151,-0.004264158800000001,-0.6729269999999999,0.122954518,3.4905150000000003
152,-0.0042632588,-0.6729269999999999,0.122954518,3.530716
153,-0.0042623588,-0.6729269999999999,0.122954518,3.4905150000000003
154,-0.0042614588,-0.6729269999999999,0.122954518,3.410113
155,-0.0042605588000000005,-0.6528265000000001,0.122954518,3.1689070000000004
156,-0.004259658800000001,-0.6528265000000001,0.122954518,3.088505
157,-0.004258758800000001,-0.6729269999999999,0.122954518,2.847299
158,-0.0042578588,-0.6729269999999999,0.122954518,2.646294
159,-0.0042569588,-0.6729269999999999,0.122954518,2.3648870000000004
160,-0.0042560588,-0.6930275,0.124039945,2.163882
161,-0.0042551588000000005,-0.6729269999999999,0.122954518,1.922676
162,-0.004254258800000001,-0.6528265000000001,0.122954518,1.7216710000000002
163,-0.004253358800000001,-0.6528265000000001,0.124039945,1.6010680000000002
164,-0.0042524588,-0.6729269999999999,0.124039945,1.4804650000000001
165,-0.0042515588,-0.6528265000000001,0.122954518,1.4402640000000002
166,-0.0042506588,-0.6729269999999999,0.124039945,1.4402640000000002
167,-0.0042497588000000005,-0.6930275,0.124039945,1.520666
168,-0.004248858800000001,-0.6528265000000001,0.12621079899999998,1.641269
169,-0.004247958800000001,-0.6729269999999999,0.124039945,1.8824750000000001
170,-0.0042470588,-0.6528265000000001,0.124039945,2.1236810000000004
171,-0.0042461588,-0.6729269999999999,0.124039945,2.3648870000000004
172,-0.0042452588,-0.6729269999999999,0.122954518,2.606093
173,-0.0042443588,-0.6930275,0.124039945,2.766897
174,-0.004243458800000001,-0.6729269999999999,0.122954518,3.008103
175,-0.004242558800000001,-0.6729269999999999,0.122954518,3.128706
176,-0.0042416588,-0.6729269999999999,0.125125372,3.329711
177,-0.0042407588,-0.6528265000000001,0.124039945,3.410113
178,-0.0042398588,-0.6930275,0.122954518,3.4905150000000003
179,-0.0042389588,-0.632726,0.122954518,3.530716
180,-0.0042380588000000005,-0.6528265000000001,0.124039945,3.4905150000000003
181,-0.004237158800000001,-0.6528265000000001,0.12621079899999998,3.530716
182,-0.0042362588,-0.6528265000000001,0.124039945,3.450314
183,-0.0042353588,-0.6729269999999999,0.122954518,3.3699120000000002
184,-0.0042344588,-0.632726,0.125125372,3.28951
185,-0.0042335588,-0.6528265000000001,0.122954518,3.1689070000000004
186,-0.0042326588000000005,-0.6729269999999999,0.125125372,3.0483040000000003
187,-0.004231758800000001,-0.6729269999999999,0.122954518,3.008103
188,-0.004230858800000001,-0.6930275,0.122954518,2.766897
189,-0.0042299588,-0.6528265000000001,0.124039945,2.6864950000000003
190,-0.0042290588,-0.6729269999999999,0.122954518,2.525691
191,-0.0042281588,-0.6528265000000001,0.122954518,2.405088
192,-0.0042272588000000005,-0.6729269999999999,0.125125372,2.3246860000000003
193,-0.004226358800000001,-0.6729269999999999,0.124039945,2.163882
194,-0.004225458800000001,-0.6528265000000001,0.125125372,2.08348
195,-0.0042245588,-0.6729269999999999,0.125125372,1.922676
196,-0.0042236588,-0.6528265000000001,0.122954518,1.8020730000000003
197,-0.0042227588,-0.6930275,0.124039945,1.641269
198,-0.0042218588000000005,-0.6729269999999999,0.124039945,1.5608670000000002
199,-0.004220958800000001,-0.632726,0.122954518,1.520666
200,-0.004220058800000001,-0.6729269999999999,0.124039945,1.4402640000000002
201,-0.0042191588,-0.6729269999999999,0.12621079899999998,1.400063
202,-0.0042182588,-0.6729269999999999,0.124039945,1.4402640000000002
203,-0.0042173588,-0.632726,0.124039945,1.520666
204,-0.0042164588000000005,-0.6528265000000001,0.124039945,1.6010680000000002
205,-0.004215558800000001,-0.632726,0.124039945,1.7216710000000002
206,-0.004214658800000001,-0.6528265000000001,0.122954518,1.9628770000000002
207,-0.0042137588,-0.6528265000000001,0.124039945,2.2040830000000002
208,-0.0042128588,-0.632726,0.122954518,2.525691
209,-0.0042119588,-0.6528265000000001,0.122954518,2.726696
210,-0.0042110588000000004,-0.6528265000000001,0.122954518,2.967902
211,-0.004210158800000001,-0.632726,0.122954518,3.209108
212,-0.004209258800000001,-0.6528265000000001,0.121869091,3.450314
213,-0.0042083588,-0.6729269999999999,0.122954518,3.530716
214,-0.0042074588,-0.6528265000000001,0.124039945,3.4905150000000003
215,-0.0042065588,-0.6729269999999999,0.122954518,3.410113
216,-0.0042056588,-0.6528265000000001,0.122954518,3.209108
217,-0.0042047588000000006,-0.6528265000000001,0.121869091,2.8875
218,-0.004203858800000001,-0.6528265000000001,0.124039945,2.606093
219,-0.0042029588,-0.632726,0.122954518,2.163882
220,-0.0042020588,-0.6528265000000001,0.125125372,1.9628770000000002
221,-0.0042011588,-0.6528265000000001,0.122954518,1.6814700000000002
222,-0.0042002588,-0.6528265000000001,0.122954518,1.4804650000000001
223,-0.0041993588000000005,-0.6528265000000001,0.124039945,1.4804650000000001
224,-0.004198458800000001,-0.6528265000000001,0.122954518,1.4402640000000002
225,-0.004197558800000001,-0.6528265000000001,0.124039945,1.6010680000000002
226,-0.0041966588,-0.6528265000000001,0.122954518,1.8020730000000003
227,-0.0041957588,-0.6528265000000001,0.125125372,2.043279
228,-0.0041948588,-0.6528265000000001,0.125125372,2.3648870000000004
229,-0.0041939588000000005,-0.6930275,0.124039945,2.606093
230,-0.004193058800000001,-0.6729269999999999,0.122954518,2.847299
231,-0.004192158800000001,-0.6528265000000001,0.125125372,3.1689070000000004
232,-0.0041912588,-0.6528265000000001,0.122954518,3.329711
233,-0.0041903588,-0.6528265000000001,0.122954518,3.410113
234,-0.0041894588,-0.6528265000000001,0.125125372,3.4905150000000003
235,-0.0041885588000000005,-0.6528265000000001,0.124039945,3.4905150000000003
236,-0.004187658800000001,-0.6528265000000001,0.124039945,3.530716
237,-0.004186758800000001,-0.6729269999999999,0.125125372,3.3699120000000002
238,-0.0041858588,-0.6528265000000001,0.125125372,3.329711
239,-0.0041849588,-0.632726,0.122954518,3.1689070000000004
240,-0.0041840588,-0.632726,0.125125372,3.0483040000000003
241,-0.0041831588000000005,-0.6528265000000001,0.124039945,2.9277010000000003
242,-0.004182258800000001,-0.632726,0.124039945,2.766897
243,-0.004181358800000001,-0.632726,0.124039945,2.5658920000000003
244,-0.0041804588,-0.6729269999999999,0.125125372,2.4452890000000003
245,-0.0041795588,-0.632726,0.124039945,2.3246860000000003
246,-0.0041786588,-0.6528265000000001,0.122954518,2.08348
247,-0.0041777588000000004,-0.6729269999999999,0.124039945,1.922676
248,-0.004176858800000001,-0.6528265000000001,0.124039945,1.8020730000000003
249,-0.004175958800000001,-0.632726,0.122954518,1.641269
250,-0.0041750588,-0.632726,0.122954518,1.5608670000000002
251,-0.0041741588,-0.6528265000000001,0.122954518,1.4804650000000001
252,-0.0041732588,-0.632726,0.122954518,1.4804650000000001
253,-0.0041723588,-0.6528265000000001,0.124039945,1.4402640000000002
254,-0.0041714588000000006,-0.6729269999999999,0.122954518,1.4804650000000001
255,-0.004170558800000001,-0.6528265000000001,0.122954518,1.520666
256,-0.0041696588,-0.6528265000000001,0.125125372,1.641269
257,-0.0041687588,-0.6528265000000001,0.122954518,1.922676
258,-0.0041678588,-0.6528265000000001,0.122954518,2.1236810000000004
259,-0.0041669588,-0.6528265000000001,0.122954518,2.4854900000000004
260,-0.0041660588000000005,-0.6528265000000001,0.122954518,2.766897
261,-0.004165158800000001,-0.6528265000000001,0.122954518,3.088505
262,-0.004164258800000001,-0.6528265000000001,0.124039945,3.28951
263,-0.0041633588,-0.632726,0.122954518,3.450314
264,-0.0041624588,-0.6528265000000001,0.122954518,3.4905150000000003
265,-0.0041615588,-0.6528265000000001,0.124039945,3.450314
266,-0.0041606588000000005,-0.6729269999999999,0.122954518,3.2493090000000002
267,-0.004159758800000001,-0.6126254999999999,0.122954518,2.8875
268,-0.004158858800000001,-0.6528265000000001,0.121869091,2.525691
269,-0.0041579588,-0.6528265000000001,0.122954518,2.1236810000000004
270,-0.0041570588,-0.6528265000000001,0.122954518,1.7216710000000002
271,-0.0041561588,-0.6729269999999999,0.122954518,1.520666
272,-0.0041552588000000005,-0.6528265000000001,0.122954518,1.4402640000000002
273,-0.004154358800000001,-0.6729269999999999,0.121869091,1.5608670000000002
274,-0.004153458800000001,-0.6528265000000001,0.124039945,1.8422740000000002
275,-0.0041525588,-0.6729269999999999,0.124039945,2.2040830000000002
276,-0.0041516588,-0.6729269999999999,0.122954518,2.606093
277,-0.0041507588,-0.6528265000000001,0.124039945,3.0483040000000003
278,-0.0041498588000000005,-0.632726,0.122954518,3.28951
279,-0.004148958800000001,-0.632726,0.122954518,3.4905150000000003
280,-0.004148058800000001,-0.6729269999999999,0.124039945,3.4905150000000003
281,-0.0041471588,-0.6528265000000001,0.122954518,3.410113
282,-0.0041462588,-0.632726,0.125125372,3.2493090000000002
283,-0.0041453588,-0.632726,0.122954518,3.0483040000000003
284,-0.0041444588000000004,-0.6528265000000001,0.124039945,2.766897
285,-0.004143558800000001,-0.632726,0.122954518,2.4854900000000004
286,-0.004142658800000001,-0.632726,0.124039945,2.2040830000000002
287,-0.0041417588,-0.6528265000000001,0.125125372,1.922676
288,-0.0041408588,-0.632726,0.122954518,1.7216710000000002
289,-0.0041399588,-0.6528265000000001,0.124039945,1.5608670000000002
290,-0.0041390588,-0.6528265000000001,0.124039945,1.4402640000000002
291,-0.0041381588000000006,-0.632726,0.125125372,1.4402640000000002
292,-0.004137258800000001,-0.6528265000000001,0.124039945,1.4402640000000002
293,-0.0041363588,-0.6528265000000001,0.124039945,1.4804650000000001
294,-0.0041354588,-0.6528265000000001,0.124039945,1.6010680000000002
295,-0.0041345588,-0.6528265000000001,0.124039945,1.641269
296,-0.0041336588,-0.6729269999999999,0.122954518,1.8422740000000002
297,-0.0041327588000000005,-0.632726,0.122954518,2.043279
298,-0.004131858800000001,-0.632726,0.124039945,2.2442840000000004
299,-0.004130958800000001,-0.632726,0.122954518,2.4452890000000003
300,-0.0041300588,-0.632726,0.124039945,2.6864950000000003
301,-0.0041291588,-0.6528265000000001,0.122954518,2.847299
302,-0.0041282588,-0.632726,0.122954518,3.088505
303,-0.0041273588000000005,-0.6528265000000001,0.122954518,3.28951
304,-0.004126458800000001,-0.6729269999999999,0.122954518,3.410113
305,-0.0041255588,-0.632726,0.124039945,3.530716
306,-0.0041246588,-0.6126254999999999,0.122954518,3.4905150000000003
307,-0.0041237588,-0.6528265000000001,0.125125372,3.450314
308,-0.0041228588,-0.6528265000000001,0.122954518,3.329711
309,-0.0041219588000000005,-0.632726,0.124039945,3.088505
310,-0.004121058800000001,-0.6528265000000001,0.124039945,2.766897
311,-0.004120158800000001,-0.632726,0.122954518,2.4452890000000003
312,-0.0041192588,-0.6528265000000001,0.124039945,2.1236810000000004
313,-0.0041183588,-0.6126254999999999,0.122954518,1.7216710000000002
314,-0.0041174588,-0.632726,0.121869091,1.5608670000000002
315,-0.0041165588000000005,-0.6528265000000001,0.124039945,1.4402640000000002
316,-0.004115658800000001,-0.632726,0.121869091,1.4804650000000001
317,-0.004114758800000001,-0.6528265000000001,0.122954518,1.6814700000000002
318,-0.0041138588,-0.6528265000000001,0.122954518,2.08348
319,-0.0041129588,-0.6528265000000001,0.124039945,2.5658920000000003
320,-0.0041120588,-0.632726,0.124039945,2.967902
321,-0.0041111588000000004,-0.632726,0.121869091,3.329711
322,-0.004110258800000001,-0.6528265000000001,0.122954518,3.4905150000000003
323,-0.004109358800000001,-0.632726,0.122954518,3.4905150000000003
324,-0.0041084588,-0.6528265000000001,0.124039945,3.28951
325,-0.0041075588,-0.6126254999999999,0.122954518,2.8875
326,-0.0041066588,-0.632726,0.121869091,2.405088
327,-0.0041057588,-0.632726,0.124039945,1.9628770000000002
328,-0.0041048588000000006,-0.632726,0.124039945,1.6814700000000002
329,-0.004103958800000001,-0.632726,0.124039945,1.4402640000000002
330,-0.0041030588,-0.632726,0.125125372,1.400063
331,-0.0041021588,-0.632726,0.124039945,1.641269
332,-0.0041012588,-0.632726,0.124039945,1.8824750000000001
333,-0.0041003588,-0.632726,0.124039945,2.2442840000000004
334,-0.0040994588000000005,-0.6528265000000001,0.124039945,2.646294
335,-0.004098558800000001,-0.6528265000000001,0.125125372,2.8875
336,-0.004097658800000001,-0.632726,0.122954518,3.209108
337,-0.0040967588,-0.6528265000000001,0.125125372,3.3699120000000002
338,-0.0040958588,-0.632726,0.124039945,3.4905150000000003
339,-0.0040949588,-0.6528265000000001,0.122954518,3.530716
340,-0.0040940588000000005,-0.6528265000000001,0.122954518,3.450314
341,-0.004093158800000001,-0.6528265000000001,0.122954518,3.329711
342,-0.0040922588,-0.6528265000000001,0.122954518,3.1689070000000004
343,-0.0040913588,-0.632726,0.122954518,2.9277010000000003
344,-0.0040904588,-0.632726,0.124039945,2.726696
345,-0.0040895588,-0.632726,0.122954518,2.4854900000000004
346,-0.0040886588000000005,-0.632726,0.124039945,2.2040830000000002
347,-0.004087758800000001,-0.632726,0.124039945,1.9628770000000002
348,-0.004086858800000001,-0.632726,0.122954518,1.7216710000000002
349,-0.0040859588,-0.6528265000000001,0.124039945,1.5608670000000002
350,-0.0040850588,-0.632726,0.121869091,1.4804650000000001
351,-0.0040841588,-0.6528265000000001,0.124039945,1.400063
352,-0.0040832588000000005,-0.6528265000000001,0.122954518,1.4402640000000002
353,-0.004082358800000001,-0.6528265000000001,0.124039945,1.5608670000000002
354,-0.004081458800000001,-0.632726,0.124039945,1.6814700000000002
355,-0.0040805588,-0.6528265000000001,0.122954518,2.0030780000000004
356,-0.0040796588,-0.6126254999999999,0.122954518,2.2040830000000002
357,-0.0040787588,-0.6528265000000001,0.122954518,2.5658920000000003
358,-0.0040778588000000004,-0.6528265000000001,0.122954518,2.8875
359,-0.004076958800000001,-0.6528265000000001,0.122954518,3.209108
360,-0.004076058800000001,-0.632726,0.121869091,3.410113
361,-0.0040751588,-0.6528265000000001,0.121869091,3.530716
362,-0.0040742588,-0.6528265000000001,0.122954518,3.450314
363,-0.0040733588,-0.632726,0.122954518,3.28951
364,-0.0040724588,-0.6528265000000001,0.122954518,2.9277010000000003
365,-0.004071558800000001,-0.6528265000000001,0.122954518,2.5658920000000003
366,-0.004070658800000001,-0.632726,0.122954518,2.08348
367,-0.0040697588,-0.6528265000000001,0.124039945,1.6814700000000002
368,-0.0040688588,-0.632726,0.124039945,1.4804650000000001
369,-0.0040679588,-0.632726,0.122954518,1.4402640000000002
370,-0.0040670588,-0.632726,0.124039945,1.6814700000000002
371,-0.0040661588000000005,-0.6126254999999999,0.125125372,2.08348
372,-0.004065258800000001,-0.632726,0.124039945,2.606093
373,-0.004064358800000001,-0.632726,0.124039945,3.008103
374,-0.0040634588,-0.632726,0.122954518,3.410113
375,-0.0040625588,-0.632726,0.125125372,3.530716
376,-0.0040616588,-0.6528265000000001,0.124039945,3.3699120000000002
377,-0.0040607588000000005,-0.6528265000000001,0.124039945,3.008103
378,-0.004059858800000001,-0.632726,0.124039945,2.606093
379,-0.0040589588,-0.632726,0.122954518,2.163882
380,-0.0040580588,-0.632726,0.124039945,1.7216710000000002
381,-0.0040571588,-0.632726,0.125125372,1.4804650000000001
382,-0.0040562588,-0.6126254999999999,0.122954518,1.4402640000000002
383,-0.0040553588000000005,-0.632726,0.124039945,1.5608670000000002
384,-0.004054458800000001,-0.6126254999999999,0.122954518,1.761872
385,-0.004053558800000001,-0.632726,0.124039945,2.08348
386,-0.0040526588,-0.632726,0.122954518,2.4854900000000004
387,-0.0040517588,-0.632726,0.122954518,2.847299
388,-0.0040508588,-0.632726,0.122954518,3.1689070000000004
389,-0.0040499588000000005,-0.6528265000000001,0.124039945,3.3699120000000002
390,-0.004049058800000001,-0.632726,0.122954518,3.530716
391,-0.004048158800000001,-0.632726,0.122954518,3.4905150000000003
392,-0.0040472588,-0.632726,0.122954518,3.410113
393,-0.0040463588,-0.632726,0.122954518,3.329711
394,-0.0040454588,-0.632726,0.121869091,3.1689070000000004
395,-0.0040445588000000005,-0.6126254999999999,0.122954518,2.847299
396,-0.004043658800000001,-0.632726,0.121869091,2.646294
397,-0.004042758800000001,-0.6126254999999999,0.124039945,2.3246860000000003
398,-0.0040418588,-0.6126254999999999,0.122954518,2.08348
399,-0.0040409588,-0.632726,0.122954518,1.8824750000000001
400,-0.0040400588,-0.6126254999999999,0.122954518,1.6010680000000002
401,-0.0040391588,-0.632726,0.122954518,1.4804650000000001
402,-0.004038258800000001,-0.6528265000000001,0.122954518,1.4402640000000002
403,-0.004037358800000001,-0.632726,0.122954518,1.4804650000000001
404,-0.0040364588,-0.6528265000000001,0.122954518,1.5608670000000002
405,-0.0040355588,-0.6528265000000001,0.120783664,1.761872
406,-0.0040346588,-0.632726,0.124039945,2.163882
407,-0.0040337588,-0.632726,0.122954518,2.4854900000000004
408,-0.0040328588000000005,-0.632726,0.124039945,2.847299
409,-0.004031958800000001,-0.632726,0.125125372,3.1689070000000004
410,-0.004031058800000001,-0.6126254999999999,0.122954518,3.450314
411,-0.0040301588,-0.6126254999999999,0.125125372,3.530716
412,-0.0040292588,-0.632726,0.125125372,3.410113
413,-0.0040283588,-0.632726,0.12621079899999998,3.1689070000000004
414,-0.0040274588000000005,-0.632726,0.124039945,2.726696
415,-0.004026558800000001,-0.6126254999999999,0.124039945,2.3246860000000003
416,-0.0040256588,-0.6126254999999999,0.125125372,1.8422740000000002
417,-0.0040247588,-0.6528265000000001,0.125125372,1.520666
418,-0.0040238588,-0.6126254999999999,0.124039945,1.4804650000000001
419,-0.0040229588,-0.632726,0.124039945,1.6010680000000002
420,-0.0040220588000000005,-0.632726,0.124039945,2.043279
421,-0.004021158800000001,-0.632726,0.124039945,2.4452890000000003
422,-0.004020258800000001,-0.6126254999999999,0.124039945,3.008103
423,-0.0040193588,-0.6126254999999999,0.122954518,3.410113
424,-0.0040184588,-0.6126254999999999,0.121869091,3.4905150000000003
425,-0.0040175588,-0.6126254999999999,0.122954518,3.410113
426,-0.0040166588000000005,-0.6126254999999999,0.122954518,2.967902
427,-0.004015758800000001,-0.6126254999999999,0.122954518,2.4854900000000004
428,-0.004014858800000001,-0.6528265000000001,0.122954518,2.0030780000000004
429,-0.0040139588,-0.632726,0.122954518,1.641269
430,-0.0040130588,-0.6126254999999999,0.122954518,1.4402640000000002
431,-0.0040121588,-0.6126254999999999,0.122954518,1.4804650000000001
432,-0.0040112588000000005,-0.6528265000000001,0.122954518,1.7216710000000002
433,-0.004010358800000001,-0.6126254999999999,0.124039945,2.043279
434,-0.004009458800000001,-0.632726,0.122954518,2.4452890000000003
435,-0.0040085588,-0.632726,0.122954518,2.8070980000000003
436,-0.0040076588,-0.6126254999999999,0.124039945,3.209108
437,-0.0040067588,-0.632726,0.124039945,3.450314
438,-0.0040058588000000004,-0.632726,0.124039945,3.530716
439,-0.004004958800000001,-0.632726,0.122954518,3.530716
440,-0.004004058800000001,-0.632726,0.125125372,3.28951
441,-0.0040031588,-0.632726,0.125125372,2.967902
442,-0.0040022588,-0.6126254999999999,0.125125372,2.5658920000000003
443,-0.0040013588,-0.6126254999999999,0.124039945,2.284485
444,-0.0040004588,-0.632726,0.124039945,1.922676
445,-0.0039995588000000006,-0.632726,0.122954518,1.6814700000000002
446,-0.003998658800000001,-0.632726,0.122954518,1.4402640000000002
447,-0.003997758800000001,-0.632726,0.122954518,1.400063
448,-0.0039968588,-0.632726,0.124039945,1.520666
449,-0.0039959588,-0.632726,0.125125372,1.6814700000000002
450,-0.0039950588,-0.632726,0.124039945,1.922676
451,-0.0039941588000000005,-0.6126254999999999,0.124039945,2.3246860000000003
452,-0.003993258800000001,-0.6126254999999999,0.124039945,2.646294
453,-0.0039923588,-0.6126254999999999,0.122954518,2.967902
454,-0.0039914588,-0.6126254999999999,0.122954518,3.28951
455,-0.0039905588,-0.6126254999999999,0.122954518,3.450314
456,-0.0039896588,-0.6126254999999999,0.124039945,3.4905150000000003
457,-0.0039887588000000005,-0.6126254999999999,0.125125372,3.450314
458,-0.003987858800000001,-0.6126254999999999,0.122954518,3.128706
459,-0.003986958800000001,-0.632726,0.124039945,2.766897
460,-0.0039860588,-0.632726,0.124039945,2.284485
461,-0.0039851588,-0.6126254999999999,0.124039945,1.8422740000000002
462,-0.0039842588,-0.6126254999999999,0.124039945,1.5608670000000002
463,-0.0039833588000000005,-0.6126254999999999,0.122954518,1.4402640000000002
464,-0.003982458800000001,-0.632726,0.122954518,1.5608670000000002
465,-0.003981558800000001,-0.6528265000000001,0.122954518,1.8422740000000002
466,-0.0039806588,-0.632726,0.122954518,2.3246860000000003
467,-0.0039797588,-0.6528265000000001,0.122954518,2.8070980000000003
468,-0.0039788588,-0.6528265000000001,0.122954518,3.28951
469,-0.0039779588000000005,-0.632726,0.121869091,3.4905150000000003
470,-0.003977058800000001,-0.6126254999999999,0.122954518,3.530716
471,-0.003976158800000001,-0.6126254999999999,0.124039945,3.28951
472,-0.0039752588,-0.6126254999999999,0.124039945,2.8070980000000003
473,-0.0039743588,-0.632726,0.122954518,2.3246860000000003
474,-0.0039734588,-0.6126254999999999,0.122954518,1.8422740000000002
475,-0.0039725588000000004,-0.5925250000000001,0.122954518,1.520666
476,-0.003971658800000001,-0.6126254999999999,0.124039945,1.400063
477,-0.003970758800000001,-0.6528265000000001,0.124039945,1.641269
478,-0.0039698588,-0.5925250000000001,0.124039945,2.0030780000000004
479,-0.0039689588,-0.6126254999999999,0.122954518,2.4452890000000003
480,-0.0039680588,-0.6126254999999999,0.122954518,2.967902
481,-0.0039671588,-0.6126254999999999,0.122954518,3.329711
482,-0.0039662588000000006,-0.6126254999999999,0.124039945,3.530716
483,-0.003965358800000001,-0.6126254999999999,0.122954518,3.450314
484,-0.003964458800000001,-0.6126254999999999,0.122954518,3.128706
485,-0.0039635588,-0.6528265000000001,0.124039945,2.6864950000000003
486,-0.0039626588,-0.6126254999999999,0.122954518,2.2040830000000002
487,-0.0039617588,-0.6126254999999999,0.122954518,1.8020730000000003
488,-0.0039608588000000005,-0.6126254999999999,0.124039945,1.4804650000000001
489,-0.003959958800000001,-0.6126254999999999,0.124039945,1.4402640000000002
490,-0.0039590588,-0.6126254999999999,0.121869091,1.641269
491,-0.0039581588,-0.632726,0.124039945,2.0030780000000004
492,-0.0039572588,-0.632726,0.124039945,2.405088
493,-0.0039563588,-0.6126254999999999,0.124039945,2.9277010000000003
494,-0.0039554588000000005,-0.5925250000000001,0.122954518,3.2493090000000002
495,-0.003954558800000001,-0.632726,0.122954518,3.4905150000000003
496,-0.003953658800000001,-0.6126254999999999,0.124039945,3.4905150000000003
497,-0.0039527588,-0.5925250000000001,0.122954518,3.28951
498,-0.0039518588,-0.632726,0.122954518,2.967902
499,-0.0039509588,-0.5925250000000001,0.122954518,2.4452890000000003
500,-0.0039500588000000005,-0.6126254999999999,0.122954518,2.08348
501,-0.003949158800000001,-0.6126254999999999,0.122954518,1.6814700000000002
502,-0.003948258800000001,-0.6126254999999999,0.121869091,1.4804650000000001
503,-0.0039473588,-0.6126254999999999,0.124039945,1.400063
504,-0.0039464588,-0.5925250000000001,0.124039945,1.641269
505,-0.0039455588,-0.6126254999999999,0.122954518,1.922676
506,-0.0039446588000000005,-0.6126254999999999,0.122954518,2.3246860000000003
507,-0.003943758800000001,-0.5925250000000001,0.122954518,2.847299
508,-0.003942858800000001,-0.6126254999999999,0.125125372,3.1689070000000004
509,-0.0039419588,-0.632726,0.122954518,3.450314
510,-0.0039410588,-0.6126254999999999,0.122954518,3.530716
511,-0.0039401588,-0.6126254999999999,0.122954518,3.450314
512,-0.0039392588000000004,-0.6126254999999999,0.122954518,3.209108
513,-0.003938358800000001,-0.6126254999999999,0.124039945,2.8070980000000003
514,-0.003937458800000001,-0.6126254999999999,0.124039945,2.405088
515,-0.0039365588,-0.6126254999999999,0.122954518,2.0030780000000004
516,-0.0039356588,-0.6126254999999999,0.124039945,1.641269
517,-0.0039347588,-0.632726,0.122954518,1.4804650000000001
518,-0.0039338588,-0.632726,0.124039945,1.4402640000000002
519,-0.0039329588000000006,-0.6126254999999999,0.124039945,1.6814700000000002
520,-0.003932058800000001,-0.5925250000000001,0.122954518,2.08348
521,-0.003931158800000001,-0.5925250000000001,0.121869091,2.5658920000000003
522,-0.0039302588,-0.6126254999999999,0.122954518,3.008103
523,-0.0039293588,-0.6126254999999999,0.124039945,3.410113
524,-0.0039284588,-0.6126254999999999,0.122954518,3.530716
525,-0.0039275588000000005,-0.6126254999999999,0.122954518,3.410113
526,-0.003926658800000001,-0.6126254999999999,0.122954518,3.0483040000000003
527,-0.0039257588,-0.5925250000000001,0.122954518,2.4854900000000004
528,-0.0039248588,-0.6126254999999999,0.122954518,1.9628770000000002
529,-0.0039239588,-0.6126254999999999,0.124039945,1.520666
530,-0.0039230588,-0.6126254999999999,0.124039945,1.4402640000000002
531,-0.0039221588000000005,-0.6126254999999999,0.122954518,1.5608670000000002
532,-0.003921258800000001,-0.6126254999999999,0.125125372,2.043279
533,-0.003920358800000001,-0.6126254999999999,0.124039945,2.5658920000000003
534,-0.0039194588,-0.6126254999999999,0.122954518,3.1689070000000004
535,-0.0039185588,-0.6126254999999999,0.122954518,3.4905150000000003
536,-0.0039176588,-0.5925250000000001,0.124039945,3.530716
537,-0.0039167588000000005,-0.6126254999999999,0.124039945,3.209108
538,-0.003915858800000001,-0.6126254999999999,0.124039945,2.766897
539,-0.003914958800000001,-0.5925250000000001,0.124039945,2.1236810000000004
540,-0.0039140588,-0.6126254999999999,0.125125372,1.6814700000000002
541,-0.0039131588,-0.6126254999999999,0.124039945,1.4402640000000002
542,-0.0039122588,-0.6126254999999999,0.124039945,1.520666
543,-0.0039113588000000005,-0.632726,0.122954518,1.8020730000000003
544,-0.003910458800000001,-0.6126254999999999,0.122954518,2.3246860000000003
545,-0.003909558800000001,-0.6126254999999999,0.122954518,2.8070980000000003
546,-0.0039086588,-0.6126254999999999,0.124039945,3.2493090000000002
547,-0.0039077588,-0.6126254999999999,0.121869091,3.450314
548,-0.0039068588,-0.6126254999999999,0.121869091,3.450314
549,-0.0039059588000000004,-0.6126254999999999,0.122954518,3.2493090000000002
550,-0.0039050588000000006,-0.6126254999999999,0.122954518,2.847299
551,-0.0039041588000000003,-0.6126254999999999,0.124039945,2.3246860000000003
552,-0.0039032588000000004,-0.5925250000000001,0.122954518,1.8824750000000001
553,-0.0039023588,-0.6126254999999999,0.122954518,1.6010680000000002
554,-0.0039014588000000003,-0.6126254999999999,0.121869091,1.4804650000000001
555,-0.0039005588000000004,-0.6126254999999999,0.121869091,1.520666
556,-0.0038996588000000006,-0.6126254999999999,0.121869091,1.761872
557,-0.0038987588000000003,-0.6126254999999999,0.124039945,2.1236810000000004
558,-0.0038978588000000004,-0.6126254999999999,0.124039945,2.646294
559,-0.0038969588000000006,-0.5925250000000001,0.122954518,3.008103
560,-0.0038960588000000003,-0.6126254999999999,0.122954518,3.3699120000000002
561,-0.0038951588000000004,-0.6126254999999999,0.124039945,3.530716
562,-0.0038942588000000005,-0.6126254999999999,0.124039945,3.450314
563,-0.0038933588000000002,-0.6126254999999999,0.122954518,3.2493090000000002
564,-0.0038924588000000004,-0.6126254999999999,0.124039945,2.8070980000000003
565,-0.0038915588000000005,-0.6126254999999999,0.124039945,2.405088
566,-0.0038906588000000002,-0.5925250000000001,0.124039945,1.9628770000000002
567,-0.0038897588000000004,-0.6126254999999999,0.122954518,1.5608670000000002
568,-0.0038888588000000005,-0.6126254999999999,0.124039945,1.400063
569,-0.0038879588000000007,-0.6126254999999999,0.122954518,1.4804650000000001
570,-0.0038870588000000004,-0.632726,0.122954518,1.6814700000000002
571,-0.0038861588000000005,-0.632726,0.124039945,2.163882
572,-0.0038852588,-0.5925250000000001,0.124039945,2.646294
573,-0.0038843588000000004,-0.6126254999999999,0.124039945,3.008103
574,-0.0038834588000000005,-0.6126254999999999,0.122954518,3.3699120000000002
575,-0.0038825588000000006,-0.6126254999999999,0.122954518,3.530716
576,-0.0038816588000000003,-0.6126254999999999,0.122954518,3.450314
577,-0.0038807588000000005,-0.5925250000000001,0.122954518,3.1689070000000004
578,-0.0038798588,-0.5925250000000001,0.122954518,2.766897
579,-0.0038789588000000003,-0.5925250000000001,0.121869091,2.2442840000000004
580,-0.0038780588000000005,-0.6126254999999999,0.121869091,1.761872
581,-0.0038771588000000006,-0.632726,0.124039945,1.520666
582,-0.0038762588000000003,-0.632726,0.122954518,1.4804650000000001
583,-0.0038753588000000005,-0.5925250000000001,0.122954518,1.6814700000000002
584,-0.0038744588,-0.6126254999999999,0.122954518,2.1236810000000004
585,-0.0038735588000000003,-0.5925250000000001,0.122954518,2.646294
586,-0.0038726588000000004,-0.6126254999999999,0.122954518,3.1689070000000004
587,-0.0038717588000000006,-0.5925250000000001,0.124039945,3.450314
588,-0.0038708588000000003,-0.632726,0.122954518,3.4905150000000003
589,-0.0038699588000000004,-0.5925250000000001,0.122954518,3.2493090000000002
590,-0.0038690588,-0.5925250000000001,0.122954518,2.726696
591,-0.0038681588000000003,-0.5925250000000001,0.122954518,2.08348
592,-0.0038672588000000004,-0.5925250000000001,0.122954518,1.6010680000000002
593,-0.0038663588000000006,-0.6126254999999999,0.125125372,1.4402640000000002
594,-0.0038654588000000003,-0.6126254999999999,0.122954518,1.5608670000000002
595,-0.0038645588000000004,-0.5925250000000001,0.124039945,1.9628770000000002
596,-0.0038636588,-0.6126254999999999,0.124039945,2.606093
597,-0.0038627588000000003,-0.5925250000000001,0.122954518,3.128706
598,-0.0038618588000000004,-0.6126254999999999,0.122954518,3.4905150000000003
599,-0.0038609588000000005,-0.5925250000000001,0.122954518,3.450314
600,-0.0038600588000000003,-0.5925250000000001,0.122954518,3.008103
601,-0.0038591588000000004,-0.6126254999999999,0.122954518,2.4854900000000004
602,-0.0038582588000000005,-0.6126254999999999,0.122954518,1.8824750000000001
603,-0.0038573588000000002,-0.5925250000000001,0.122954518,1.520666
604,-0.0038564588000000004,-0.5925250000000001,0.121869091,1.4402640000000002
605,-0.0038555588000000005,-0.6126254999999999,0.122954518,1.6010680000000002
606,-0.0038546588000000007,-0.6126254999999999,0.122954518,1.9628770000000002
607,-0.0038537588000000004,-0.632726,0.122954518,2.4854900000000004
608,-0.0038528588000000005,-0.5925250000000001,0.122954518,2.967902
609,-0.0038519588000000002,-0.5724245,0.124039945,3.3699120000000002
610,-0.0038510588000000004,-0.6126254999999999,0.122954518,3.530716
611,-0.0038501588000000005,-0.6126254999999999,0.122954518,3.3699120000000002
612,-0.0038492588000000006,-0.6126254999999999,0.122954518,3.209108
613,-0.0038483588000000003,-0.6126254999999999,0.122954518,2.8875
614,-0.0038474588000000005,-0.6126254999999999,0.122954518,2.4452890000000003
615,-0.0038465588,-0.5724245,0.122954518,2.043279
616,-0.0038456588000000003,-0.5925250000000001,0.121869091,1.7216710000000002
617,-0.0038447588000000005,-0.6126254999999999,0.124039945,1.520666
618,-0.0038438588000000006,-0.6126254999999999,0.124039945,1.400063
619,-0.0038429588000000003,-0.6126254999999999,0.122954518,1.4804650000000001
620,-0.0038420588000000005,-0.6126254999999999,0.124039945,1.7216710000000002
621,-0.0038411588,-0.6126254999999999,0.122954518,2.0030780000000004
622,-0.0038402588000000003,-0.6126254999999999,0.122954518,2.405088
623,-0.0038393588000000005,-0.5925250000000001,0.124039945,2.766897
624,-0.0038384588000000006,-0.632726,0.124039945,3.008103
625,-0.0038375588000000003,-0.5925250000000001,0.122954518,3.28951
626,-0.0038366588000000004,-0.5925250000000001,0.122954518,3.4905150000000003
627,-0.0038357588,-0.6126254999999999,0.125125372,3.530716
628,-0.0038348588000000003,-0.5925250000000001,0.125125372,3.329711
629,-0.0038339588000000004,-0.6126254999999999,0.122954518,3.008103
630,-0.0038330588000000006,-0.5925250000000001,0.124039945,2.606093
631,-0.0038321588000000003,-0.6126254999999999,0.124039945,2.2040830000000002
632,-0.0038312588000000004,-0.6126254999999999,0.122954518,1.8020730000000003
633,-0.0038303588,-0.6126254999999999,0.121869091,1.520666
634,-0.0038294588000000003,-0.5724245,0.124039945,1.4402640000000002
635,-0.0038285588000000004,-0.6126254999999999,0.122954518,1.641269
636,-0.0038276588000000005,-0.6126254999999999,0.124039945,2.163882
637,-0.0038267588000000003,-0.6126254999999999,0.122954518,2.726696
638,-0.0038258588000000004,-0.5925250000000001,0.122954518,3.209108
639,-0.0038249588000000005,-0.5724245,0.122954518,3.4905150000000003
640,-0.0038240588000000002,-0.6126254999999999,0.121869091,3.410113
641,-0.0038231588000000004,-0.5925250000000001,0.122954518,2.967902
642,-0.0038222588000000005,-0.5925250000000001,0.124039945,2.3648870000000004
643,-0.0038213588000000002,-0.5925250000000001,0.124039945,1.8422740000000002
644,-0.0038204588000000004,-0.5925250000000001,0.122954518,1.4402640000000002
645,-0.0038195588000000005,-0.5925250000000001,0.122954518,1.520666
646,-0.0038186588000000002,-0.5925250000000001,0.122954518,1.9628770000000002
647,-0.0038177588000000004,-0.5925250000000001,0.122954518,2.525691
648,-0.0038168588000000005,-0.5925250000000001,0.122954518,3.1689070000000004
649,-0.0038159588000000006,-0.6126254999999999,0.124039945,3.450314
650,-0.0038150588000000004,-0.5925250000000001,0.124039945,3.450314
651,-0.0038141588000000005,-0.5925250000000001,0.122954518,3.0483040000000003
652,-0.0038132588,-0.6126254999999999,0.124039945,2.5658920000000003
653,-0.0038123588000000003,-0.5925250000000001,0.122954518,1.9628770000000002
654,-0.0038114588000000005,-0.5925250000000001,0.122954518,1.6010680000000002
655,-0.0038105588000000006,-0.6126254999999999,0.122954518,1.4402640000000002
656,-0.0038096588000000003,-0.5925250000000001,0.121869091,1.5608670000000002
657,-0.0038087588000000005,-0.6126254999999999,0.124039945,1.9628770000000002
658,-0.0038078588,-0.5925250000000001,0.125125372,2.525691
659,-0.0038069588000000003,-0.5724245,0.121869091,3.008103
660,-0.0038060588000000005,-0.5925250000000001,0.124039945,3.329711
661,-0.0038051588000000006,-0.5925250000000001,0.122954518,3.530716
662,-0.0038042588000000003,-0.5925250000000001,0.122954518,3.450314
663,-0.0038033588000000004,-0.5724245,0.122954518,3.1689070000000004
664,-0.0038024588,-0.5925250000000001,0.122954518,2.766897
665,-0.0038015588000000003,-0.5925250000000001,0.122954518,2.3246860000000003
666,-0.0038006588000000004,-0.5925250000000001,0.122954518,1.8824750000000001
667,-0.0037997588000000006,-0.5925250000000001,0.121869091,1.641269
668,-0.0037988588000000003,-0.5925250000000001,0.124039945,1.4402640000000002
669,-0.0037979588000000004,-0.5925250000000001,0.122954518,1.4402640000000002
670,-0.0037970588,-0.5724245,0.124039945,1.5608670000000002
671,-0.0037961588000000003,-0.6126254999999999,0.124039945,1.8020730000000003
672,-0.0037952588000000004,-0.5925250000000001,0.124039945,2.1236810000000004
673,-0.0037943588000000006,-0.6126254999999999,0.124039945,2.4854900000000004
674,-0.0037934588000000003,-0.5925250000000001,0.125125372,2.9277010000000003
675,-0.0037925588000000004,-0.5925250000000001,0.124039945,3.128706
676,-0.0037916588000000005,-0.552324,0.124039945,3.329711
677,-0.0037907588000000002,-0.5724245,0.122954518,3.450314
678,-0.0037898588000000004,-0.5925250000000001,0.122954518,3.4905150000000003
679,-0.0037889588000000005,-0.5925250000000001,0.124039945,3.3699120000000002
680,-0.0037880588000000002,-0.5925250000000001,0.122954518,3.0483040000000003
681,-0.0037871588000000004,-0.6126254999999999,0.122954518,2.726696
682,-0.0037862588000000005,-0.5925250000000001,0.122954518,2.3648870000000004
683,-0.0037853588000000002,-0.5724245,0.122954518,1.9628770000000002
684,-0.0037844588000000004,-0.5925250000000001,0.122954518,1.6010680000000002
685,-0.0037835588000000005,-0.5925250000000001,0.122954518,1.4402640000000002
686,-0.0037826588000000006,-0.5925250000000001,0.124039945,1.520666
687,-0.0037817588000000004,-0.5925250000000001,0.122954518,1.7216710000000002
688,-0.0037808588000000005,-0.6126254999999999,0.122954518,2.08348
689,-0.0037799588,-0.5724245,0.122954518,2.646294
690,-0.0037790588000000003,-0.5925250000000001,0.122954518,3.1689070000000004
691,-0.0037781588000000005,-0.5925250000000001,0.121869091,3.4905150000000003
692,-0.0037772588000000006,-0.5925250000000001,0.121869091,3.4905150000000003
693,-0.0037763588000000003,-0.5925250000000001,0.122954518,3.2493090000000002
694,-0.0037754588000000005,-0.5925250000000001,0.122954518,2.726696
695,-0.0037745588,-0.5724245,0.122954518,2.1236810000000004
696,-0.0037736588000000003,-0.5925250000000001,0.122954518,1.6010680000000002
697,-0.0037727588000000005,-0.5925250000000001,0.121869091,1.4804650000000001
698,-0.0037718588000000006,-0.5925250000000001,0.122954518,1.641269
699,-0.0037709588000000003,-0.6126254999999999,0.122954518,2.2040830000000002
700,-0.0037700588000000004,-0.5724245,0.122954518,2.8875
701,-0.0037691588,-0.5724245,0.122954518,3.3699120000000002
702,-0.0037682588000000003,-0.6126254999999999,0.124039945,3.450314
703,-0.0037673588000000004,-0.5925250000000001,0.122954518,3.2493090000000002
704,-0.0037664588000000006,-0.5925250000000001,0.124039945,2.6864950000000003
705,-0.0037655588000000003,-0.5724245,0.124039945,2.0030780000000004
706,-0.0037646588000000004,-0.5724245,0.122954518,1.520666
707,-0.0037637588,-0.5724245,0.122954518,1.4402640000000002
708,-0.0037628588000000003,-0.5724245,0.122954518,1.6814700000000002
709,-0.0037619588000000004,-0.5925250000000001,0.122954518,2.2040830000000002
710,-0.0037610588000000006,-0.6126254999999999,0.125125372,2.766897
711,-0.0037601588000000003,-0.5925250000000001,0.124039945,3.1689070000000004
712,-0.0037592588000000004,-0.5724245,0.122954518,3.450314
713,-0.0037583588000000005,-0.5925250000000001,0.122954518,3.450314
714,-0.0037574588000000003,-0.5925250000000001,0.122954518,3.329711
715,-0.0037565588000000004,-0.5925250000000001,0.122954518,2.967902
716,-0.0037556588000000005,-0.5925250000000001,0.122954518,2.5658920000000003
717,-0.0037547588000000002,-0.5925250000000001,0.122954518,2.163882
718,-0.0037538588000000004,-0.5925250000000001,0.121869091,1.761872
719,-0.0037529588000000005,-0.5925250000000001,0.122954518,1.520666
720,-0.0037520588000000002,-0.5925250000000001,0.121869091,1.4804650000000001
721,-0.0037511588000000004,-0.5925250000000001,0.122954518,1.400063
722,-0.0037502588000000005,-0.5724245,0.122954518,1.520666
723,-0.0037493588000000007,-0.5724245,0.122954518,1.7216710000000002
724,-0.0037484588000000004,-0.6126254999999999,0.121869091,2.0030780000000004
725,-0.0037475588000000005,-0.5925250000000001,0.122954518,2.2040830000000002
726,-0.0037466588,-0.5925250000000001,0.122954518,2.5658920000000003
727,-0.0037457588000000003,-0.5925250000000001,0.122954518,2.8070980000000003
728,-0.0037448588000000005,-0.5925250000000001,0.122954518,3.088505
729,-0.0037439588000000006,-0.5925250000000001,0.122954518,3.329711
730,-0.0037430588000000003,-0.5925250000000001,0.122954518,3.4905150000000003
731,-0.0037421588000000005,-0.5724245,0.121869091,3.4905150000000003
732,-0.0037412588,-0.5925250000000001,0.122954518,3.450314
733,-0.0037403588000000003,-0.5724245,0.124039945,3.28951
734,-0.0037394588000000005,-0.5724245,0.122954518,3.0483040000000003
735,-0.0037385588000000006,-0.5925250000000001,0.122954518,2.6864950000000003
736,-0.0037376588000000003,-0.5925250000000001,0.124039945,2.3246860000000003
737,-0.0037367588000000005,-0.6126254999999999,0.122954518,1.922676
738,-0.0037358588,-0.5724245,0.124039945,1.5608670000000002
739,-0.0037349588000000003,-0.5925250000000001,0.122954518,1.4402640000000002
740,-0.0037340588000000004,-0.6126254999999999,0.124039945,1.4804650000000001
741,-0.0037331588000000006,-0.5925250000000001,0.121869091,1.8020730000000003
742,-0.0037322588000000003,-0.5724245,0.122954518,2.3246860000000003
743,-0.0037313588000000004,-0.5925250000000001,0.122954518,2.8070980000000003
744,-0.0037304588,-0.5925250000000001,0.124039945,3.209108
745,-0.0037295588000000003,-0.5925250000000001,0.124039945,3.450314
746,-0.0037286588000000004,-0.5724245,0.122954518,3.410113
747,-0.0037277588000000006,-0.5925250000000001,0.124039945,2.967902
748,-0.0037268588000000003,-0.5724245,0.122954518,2.3648870000000004
749,-0.0037259588000000004,-0.5724245,0.122954518,1.8020730000000003
750,-0.0037250588000000005,-0.5724245,0.124039945,1.520666
751,-0.0037241588000000003,-0.5724245,0.122954518,1.520666
752,-0.0037232588000000004,-0.5724245,0.121869091,1.922676
753,-0.0037223588000000005,-0.5925250000000001,0.122954518,2.525691
754,-0.0037214588000000002,-0.5925250000000001,0.121869091,3.0483040000000003
755,-0.0037205588000000004,-0.5724245,0.121869091,3.410113
756,-0.0037196588000000005,-0.5925250000000001,0.122954518,3.450314
757,-0.0037187588000000002,-0.5724245,0.122954518,3.1689070000000004
758,-0.0037178588000000004,-0.5724245,0.122954518,2.6864950000000003
759,-0.0037169588000000005,-0.5925250000000001,0.122954518,2.08348
760,-0.0037160588000000007,-0.552324,0.122954518,1.7216710000000002
761,-0.0037151588000000004,-0.5724245,0.122954518,1.4402640000000002
762,-0.0037142588000000005,-0.5724245,0.124039945,1.4402640000000002
763,-0.0037133588,-0.5724245,0.124039945,1.7216710000000002
764,-0.0037124588000000004,-0.5724245,0.121869091,2.08348
765,-0.0037115588000000005,-0.5724245,0.125125372,2.5658920000000003
766,-0.0037106588000000006,-0.552324,0.125125372,3.008103
767,-0.0037097588000000003,-0.5724245,0.122954518,3.3699120000000002
768,-0.0037088588000000005,-0.5724245,0.124039945,3.4905150000000003
769,-0.0037079588,-0.5925250000000001,0.122954518,3.450314
770,-0.0037070588000000003,-0.552324,0.124039945,3.209108
771,-0.0037061588000000005,-0.5925250000000001,0.122954518,2.967902
772,-0.0037052588000000006,-0.5724245,0.122954518,2.606093
773,-0.0037043588000000003,-0.552324,0.124039945,2.3246860000000003
774,-0.0037034588000000005,-0.5925250000000001,0.122954518,1.9628770000000002
775,-0.0037025588,-0.5925250000000001,0.122954518,1.6814700000000002
776,-0.0037016588000000003,-0.5925250000000001,0.122954518,1.520666
777,-0.0037007588000000004,-0.552324,0.122954518,1.4402640000000002
778,-0.0036998588000000006,-0.5724245,0.122954518,1.4804650000000001
779,-0.0036989588000000003,-0.5925250000000001,0.124039945,1.5608670000000002
780,-0.0036980588000000004,-0.5925250000000001,0.122954518,1.8422740000000002
781,-0.0036971588,-0.5724245,0.121869091,2.043279
782,-0.0036962588000000003,-0.5925250000000001,0.122954518,2.3648870000000004
783,-0.0036953588000000004,-0.5724245,0.121869091,2.726696
784,-0.0036944588000000006,-0.5724245,0.121869091,3.0483040000000003
785,-0.0036935588000000003,-0.5724245,0.121869091,3.28951
786,-0.0036926588000000004,-0.5925250000000001,0.122954518,3.4905150000000003
787,-0.0036917588000000006,-0.552324,0.122954518,3.4905150000000003
788,-0.0036908588000000003,-0.5724245,0.121869091,3.450314
789,-0.0036899588000000004,-0.5724245,0.121869091,3.209108
790,-0.0036890588000000005,-0.552324,0.122954518,2.847299
791,-0.0036881588000000002,-0.5925250000000001,0.121869091,2.3648870000000004
792,-0.0036872588000000004,-0.5724245,0.120783664,1.9628770000000002
793,-0.0036863588000000005,-0.5925250000000001,0.122954518,1.641269
794,-0.0036854588000000002,-0.5925250000000001,0.120783664,1.4402640000000002
795,-0.0036845588000000004,-0.5724245,0.122954518,1.4804650000000001
796,-0.0036836588000000005,-0.552324,0.122954518,1.641269
797,-0.0036827588000000007,-0.5724245,0.122954518,2.043279
798,-0.0036818588000000004,-0.5724245,0.122954518,2.525691
799,-0.0036809588000000005,-0.5724245,0.122954518,3.088505
800,-0.0036800588,-0.5724245,0.122954518,3.450314
801,-0.0036791588000000004,-0.552324,0.125125372,3.450314
802,-0.0036782588000000005,-0.552324,0.125125372,3.329711
803,-0.0036773588000000006,-0.5724245,0.122954518,2.8875
804,-0.0036764588000000003,-0.552324,0.122954518,2.405088
805,-0.0036755588000000005,-0.552324,0.125125372,1.8422740000000002
806,-0.0036746588,-0.552324,0.124039945,1.4804650000000001
807,-0.0036737588000000003,-0.5724245,0.122954518,1.400063
808,-0.0036728588000000005,-0.5925250000000001,0.122954518,1.641269
809,-0.0036719588000000006,-0.5322235000000001,0.121869091,2.08348
810,-0.0036710588000000003,-0.5925250000000001,0.122954518,2.646294
811,-0.0036701588000000005,-0.552324,0.122954518,3.1689070000000004
812,-0.0036692588,-0.5724245,0.121869091,3.4905150000000003
813,-0.0036683588000000003,-0.5724245,0.121869091,3.450314
814,-0.0036674588000000004,-0.5724245,0.121869091,3.2493090000000002
815,-0.0036665588000000006,-0.552324,0.121869091,2.766897
816,-0.0036656588000000003,-0.5724245,0.121869091,2.3246860000000003
817,-0.0036647588000000004,-0.5724245,0.122954518,1.8020730000000003
818,-0.0036638588,-0.5724245,0.122954518,1.5608670000000002
819,-0.0036629588000000003,-0.552324,0.121869091,1.400063
820,-0.0036620588000000004,-0.552324,0.122954518,1.5608670000000002
821,-0.0036611588000000006,-0.5724245,0.120783664,1.8020730000000003
822,-0.0036602588000000003,-0.5724245,0.122954518,2.2442840000000004
823,-0.0036593588000000004,-0.5724245,0.122954518,2.646294
824,-0.0036584588000000006,-0.552324,0.122954518,3.008103
825,-0.0036575588000000003,-0.552324,0.121869091,3.329711
826,-0.0036566588000000004,-0.552324,0.124039945,3.450314
827,-0.0036557588000000005,-0.5724245,0.120783664,3.530716
828,-0.0036548588000000003,-0.552324,0.122954518,3.3699120000000002
829,-0.0036539588000000004,-0.5724245,0.122954518,3.2493090000000002
830,-0.0036530588000000005,-0.5724245,0.122954518,2.967902
831,-0.0036521588000000002,-0.5925250000000001,0.124039945,2.6864950000000003
832,-0.0036512588000000004,-0.5925250000000001,0.124039945,2.3648870000000004
833,-0.0036503588000000005,-0.5724245,0.122954518,2.08348
834,-0.0036494588000000007,-0.5925250000000001,0.122954518,1.8020730000000003
835,-0.0036485588000000004,-0.5724245,0.124039945,1.5608670000000002
836,-0.0036476588000000005,-0.552324,0.124039945,1.400063
837,-0.0036467588000000002,-0.5724245,0.124039945,1.4402640000000002
838,-0.0036458588000000004,-0.552324,0.122954518,1.520666
839,-0.0036449588000000005,-0.5724245,0.125125372,1.7216710000000002
840,-0.0036440588000000006,-0.5724245,0.124039945,1.922676
841,-0.0036431588000000003,-0.5724245,0.122954518,2.3246860000000003
842,-0.0036422588000000005,-0.5724245,0.124039945,2.606093
843,-0.0036413588,-0.552324,0.124039945,2.8875
844,-0.0036404588000000003,-0.5724245,0.124039945,3.1689070000000004
845,-0.0036395588000000005,-0.552324,0.124039945,3.450314
846,-0.0036386588000000006,-0.5724245,0.122954518,3.450314
847,-0.0036377588000000003,-0.552324,0.124039945,3.450314
848,-0.0036368588000000005,-0.5724245,0.122954518,3.1689070000000004
849,-0.0036359588,-0.552324,0.121869091,2.8070980000000003
850,-0.0036350588000000003,-0.5724245,0.121869091,2.3648870000000004
851,-0.0036341588000000005,-0.5724245,0.120783664,1.9628770000000002
852,-0.0036332588000000006,-0.5322235000000001,0.122954518,1.5608670000000002
853,-0.0036323588000000003,-0.5724245,0.122954518,1.400063
854,-0.0036314588000000004,-0.552324,0.121869091,1.4804650000000001
855,-0.0036305588,-0.552324,0.121869091,1.8020730000000003
856,-0.0036296588000000003,-0.552324,0.122954518,2.284485
857,-0.0036287588000000004,-0.552324,0.122954518,2.766897
858,-0.0036278588000000006,-0.552324,0.122954518,3.1689070000000004
859,-0.0036269588000000003,-0.552324,0.121869091,3.410113
860,-0.0036260588000000004,-0.552324,0.122954518,3.450314
861,-0.0036251588000000006,-0.552324,0.122954518,3.1689070000000004
862,-0.0036242588000000003,-0.552324,0.121869091,2.6864950000000003
863,-0.0036233588000000004,-0.552324,0.122954518,2.163882
864,-0.0036224588000000005,-0.5724245,0.124039945,1.761872
865,-0.0036215588000000003,-0.5724245,0.122954518,1.4402640000000002
866,-0.0036206588000000004,-0.5724245,0.125125372,1.4804650000000001
867,-0.0036197588000000005,-0.552324,0.122954518,1.6814700000000002
868,-0.0036188588000000002,-0.552324,0.122954518,2.08348
869,-0.0036179588000000004,-0.5724245,0.124039945,2.5658920000000003
870,-0.0036170588000000005,-0.552324,0.122954518,3.008103
871,-0.0036161588000000007,-0.552324,0.122954518,3.410113
872,-0.0036152588000000004,-0.552324,0.122954518,3.4905150000000003
873,-0.0036143588000000005,-0.5724245,0.121869091,3.450314
874,-0.0036134588000000002,-0.5322235000000001,0.122954518,3.209108
875,-0.0036125588000000004,-0.552324,0.122954518,2.9277010000000003
876,-0.0036116588000000005,-0.552324,0.121869091,2.5658920000000003
877,-0.0036107588000000006,-0.5724245,0.121869091,2.163882
878,-0.0036098588000000003,-0.5322235000000001,0.122954518,1.8020730000000003
879,-0.0036089588000000005,-0.552324,0.121869091,1.5608670000000002
880,-0.0036080588,-0.5925250000000001,0.122954518,1.4804650000000001
881,-0.0036071588000000003,-0.552324,0.122954518,1.400063
882,-0.0036062588000000005,-0.5724245,0.121869091,1.520666
883,-0.0036053588000000006,-0.5724245,0.122954518,1.6814700000000002
884,-0.0036044588000000003,-0.552324,0.122954518,1.922676
885,-0.0036035588000000005,-0.552324,0.121869091,2.2442840000000004
886,-0.0036026588,-0.5724245,0.122954518,2.606093
887,-0.0036017588000000003,-0.5724245,0.120783664,2.8875
888,-0.0036008588000000005,-0.552324,0.122954518,3.209108
889,-0.0035999588000000006,-0.552324,0.122954518,3.3699120000000002
890,-0.0035990588000000003,-0.5724245,0.122954518,3.450314
891,-0.0035981588000000004,-0.5724245,0.121869091,3.450314
892,-0.0035972588,-0.552324,0.121869091,3.410113
893,-0.0035963588000000003,-0.552324,0.121869091,3.28951
894,-0.0035954588000000004,-0.552324,0.122954518,3.0483040000000003
895,-0.0035945588000000006,-0.552324,0.121869091,2.726696
896,-0.0035936588000000003,-0.5925250000000001,0.122954518,2.405088
897,-0.0035927588000000004,-0.5724245,0.124039945,2.08348
898,-0.0035918588000000006,-0.552324,0.121869091,1.8020730000000003
899,-0.0035909588000000003,-0.5724245,0.122954518,1.520666
900,-0.0035900588000000004,-0.5322235000000001,0.122954518,1.400063
901,-0.0035891588000000006,-0.552324,0.122954518,1.4804650000000001
902,-0.0035882588000000003,-0.5724245,0.122954518,1.641269
903,-0.0035873588000000004,-0.5724245,0.121869091,1.922676
904,-0.0035864588000000005,-0.552324,0.124039945,2.284485
905,-0.0035855588000000002,-0.552324,0.122954518,2.6864950000000003
906,-0.0035846588000000004,-0.5724245,0.122954518,3.128706
907,-0.0035837588000000005,-0.5724245,0.122954518,3.3699120000000002
908,-0.0035828588000000007,-0.552324,0.124039945,3.450314
909,-0.0035819588000000004,-0.552324,0.124039945,3.410113
910,-0.0035810588000000005,-0.5724245,0.122954518,3.128706
911,-0.0035801588000000002,-0.552324,0.122954518,2.8070980000000003
912,-0.0035792588000000004,-0.552324,0.121869091,2.2442840000000004
913,-0.0035783588000000005,-0.552324,0.122954518,1.8422740000000002
914,-0.0035774588000000006,-0.552324,0.122954518,1.520666
915,-0.0035765588000000004,-0.552324,0.124039945,1.4402640000000002
916,-0.0035756588000000005,-0.552324,0.122954518,1.520666
917,-0.0035747588,-0.552324,0.121869091,1.8020730000000003
918,-0.0035738588000000003,-0.5724245,0.120783664,2.2040830000000002
919,-0.0035729588000000005,-0.552324,0.122954518,2.646294
920,-0.0035720588000000006,-0.5724245,0.121869091,3.088505
921,-0.0035711588000000003,-0.552324,0.122954518,3.3699120000000002
922,-0.0035702588000000005,-0.552324,0.122954518,3.530716
923,-0.0035693588,-0.552324,0.122954518,3.450314
924,-0.0035684588000000003,-0.552324,0.121869091,3.28951
925,-0.0035675588000000005,-0.552324,0.121869091,2.8875
926,-0.0035666588000000006,-0.552324,0.120783664,2.5658920000000003
927,-0.0035657588000000003,-0.552324,0.121869091,2.2040830000000002
928,-0.0035648588000000004,-0.5322235000000001,0.124039945,1.8020730000000003
929,-0.0035639588,-0.552324,0.122954518,1.6010680000000002
930,-0.0035630588000000003,-0.5724245,0.122954518,1.400063
931,-0.0035621588000000004,-0.5724245,0.122954518,1.4402640000000002
932,-0.0035612588000000006,-0.5724245,0.122954518,1.520666
933,-0.0035603588000000003,-0.5322235000000001,0.122954518,1.7216710000000002
934,-0.0035594588000000004,-0.552324,0.121869091,1.9628770000000002
935,-0.0035585588000000006,-0.552324,0.122954518,2.3246860000000003
936,-0.0035576588000000003,-0.552324,0.122954518,2.646294
937,-0.0035567588000000004,-0.5724245,0.122954518,2.9277010000000003
938,-0.0035558588000000006,-0.552324,0.124039945,3.128706
939,-0.0035549588000000003,-0.5724245,0.121869091,3.329711
940,-0.0035540588000000004,-0.552324,0.124039945,3.450314
941,-0.0035531588000000005,-0.5724245,0.124039945,3.4905150000000003
942,-0.0035522588000000003,-0.5322235000000001,0.122954518,3.410113
943,-0.0035513588000000004,-0.552324,0.122954518,3.329711
944,-0.0035504588000000005,-0.552324,0.124039945,3.088505
945,-0.0035495588000000007,-0.552324,0.122954518,2.9277010000000003
946,-0.0035486588000000004,-0.5322235000000001,0.122954518,2.646294
947,-0.0035477588000000005,-0.552324,0.121869091,2.3648870000000004
948,-0.0035468588000000002,-0.5724245,0.124039945,2.08348
949,-0.0035459588000000004,-0.5322235000000001,0.122954518,1.8824750000000001
950,-0.0035450588000000005,-0.5724245,0.121869091,1.6010680000000002
951,-0.0035441588000000007,-0.552324,0.122954518,1.4804650000000001
952,-0.0035432588000000004,-0.552324,0.122954518,1.4402640000000002
953,-0.0035423588000000005,-0.5724245,0.122954518,1.4804650000000001
954,-0.0035414588,-0.552324,0.122954518,1.641269
955,-0.0035405588000000003,-0.552324,0.121869091,1.8824750000000001
956,-0.0035396588000000005,-0.5724245,0.124039945,2.2040830000000002
957,-0.0035387588000000006,-0.5724245,0.122954518,2.606093
958,-0.0035378588000000003,-0.552324,0.121869091,2.9277010000000003
959,-0.0035369588000000005,-0.552324,0.122954518,3.28951
960,-0.0035360588,-0.5925250000000001,0.120783664,3.410113
961,-0.0035351588000000003,-0.512123,0.122954518,3.530716
962,-0.0035342588000000005,-0.552324,0.122954518,3.410113
963,-0.0035333588000000006,-0.5724245,0.121869091,3.209108
964,-0.0035324588000000003,-0.552324,0.122954518,2.847299
965,-0.0035315588000000005,-0.552324,0.122954518,2.4452890000000003
966,-0.0035306588,-0.552324,0.122954518,2.08348
967,-0.0035297588000000003,-0.5724245,0.121869091,1.7216710000000002
968,-0.0035288588000000004,-0.5724245,0.121869091,1.4402640000000002
969,-0.0035279588000000006,-0.552324,0.122954518,1.400063
970,-0.0035270588000000003,-0.552324,0.122954518,1.520666
971,-0.0035261588000000004,-0.552324,0.122954518,1.7216710000000002
972,-0.0035252588,-0.552324,0.122954518,2.08348
973,-0.0035243588000000003,-0.5724245,0.122954518,2.4452890000000003
974,-0.0035234588000000004,-0.5724245,0.121869091,2.847299
975,-0.0035225588000000006,-0.552324,0.124039945,3.1689070000000004
976,-0.0035216588000000003,-0.552324,0.122954518,3.329711
977,-0.0035207588000000004,-0.5724245,0.122954518,3.4905150000000003
978,-0.0035198588000000005,-0.552324,0.122954518,3.450314
979,-0.0035189588000000003,-0.552324,0.124039945,3.3699120000000002
980,-0.0035180588000000004,-0.5724245,0.121869091,3.1689070000000004
981,-0.0035171588000000005,-0.5322235000000001,0.124039945,2.8875
982,-0.0035162588000000007,-0.552324,0.124039945,2.5658920000000003
983,-0.0035153588000000004,-0.5322235000000001,0.124039945,2.2442840000000004
984,-0.0035144588000000005,-0.552324,0.124039945,1.922676
985,-0.0035135588000000002,-0.552324,0.122954518,1.7216710000000002
986,-0.0035126588000000004,-0.5322235000000001,0.125125372,1.520666
987,-0.0035117588000000005,-0.552324,0.124039945,1.4804650000000001
988,-0.0035108588000000007,-0.552324,0.122954518,1.4402640000000002
989,-0.0035099588000000004,-0.5724245,0.122954518,1.520666
990,-0.0035090588000000005,-0.552324,0.121869091,1.5608670000000002
991,-0.0035081588,-0.5724245,0.122954518,1.7216710000000002
992,-0.0035072588000000003,-0.5322235000000001,0.122954518,1.9628770000000002
993,-0.0035063588000000005,-0.552324,0.122954518,2.1236810000000004
994,-0.0035054588000000006,-0.552324,0.122954518,2.3648870000000004
995,-0.0035045588000000003,-0.552324,0.121869091,2.6864950000000003
996,-0.0035036588000000005,-0.552324,0.122954518,2.8875
997,-0.0035027588,-0.552324,0.121869091,3.088505
998,-0.0035018588000000003,-0.552324,0.121869091,3.28951
999,-0.0035009588000000005,-0.5322235000000001,0.122954518,3.450314
1000,-0.0035000588000000006,-0.552324,0.122954518,3.4905150000000003
1001,-0.0034991588000000003,-0.5322235000000001,0.121869091,3.4905150000000003
1002,-0.0034982588000000005,-0.552324,0.122954518,3.410113
1003,-0.0034973588,-0.5322235000000001,0.121869091,3.329711
1004,-0.0034964588000000003,-0.552324,0.120783664,3.088505
1005,-0.0034955588000000004,-0.552324,0.121869091,2.9277010000000003
1006,-0.0034946588000000006,-0.552324,0.121869091,2.606093
1007,-0.0034937588000000003,-0.5322235000000001,0.121869091,2.284485
1008,-0.0034928588000000004,-0.5322235000000001,0.121869091,2.0030780000000004
1009,-0.0034919588,-0.552324,0.122954518,1.7216710000000002
1010,-0.0034910588000000003,-0.5322235000000001,0.121869091,1.520666
1011,-0.0034901588000000004,-0.552324,0.122954518,1.4804650000000001
1012,-0.0034892588000000006,-0.5322235000000001,0.122954518,1.4804650000000001
1013,-0.0034883588000000003,-0.552324,0.122954518,1.5608670000000002
1014,-0.0034874588000000004,-0.552324,0.122954518,1.8020730000000003
1015,-0.0034865588000000006,-0.5322235000000001,0.121869091,2.2040830000000002
1016,-0.0034856588000000003,-0.5322235000000001,0.122954518,2.4854900000000004
1017,-0.0034847588000000004,-0.552324,0.122954518,2.8875
1018,-0.0034838588000000005,-0.5322235000000001,0.124039945,3.209108
1019,-0.0034829588000000002,-0.5322235000000001,0.122954518,3.3699120000000002
1020,-0.0034820588000000004,-0.512123,0.122954518,3.4905150000000003
1021,-0.0034811588000000005,-0.552324,0.124039945,3.410113
1022,-0.0034802588000000002,-0.552324,0.121869091,3.28951
1023,-0.0034793588000000004,-0.5322235000000001,0.122954518,3.0483040000000003
1024,-0.0034784588000000005,-0.552324,0.122954518,2.726696
1025,-0.0034775588000000007,-0.552324,0.122954518,2.3648870000000004
1026,-0.0034766588000000004,-0.552324,0.125125372,2.0030780000000004
1027,-0.0034757588000000005,-0.5322235000000001,0.122954518,1.7216710000000002
1028,-0.0034748588,-0.552324,0.125125372,1.520666
1029,-0.0034739588000000004,-0.5322235000000001,0.122954518,1.4402640000000002
1030,-0.0034730588000000005,-0.5322235000000001,0.122954518,1.400063
1031,-0.0034721588000000006,-0.5322235000000001,0.122954518,1.5608670000000002
1032,-0.0034712588000000003,-0.552324,0.122954518,1.6814700000000002
1033,-0.0034703588000000005,-0.552324,0.122954518,1.9628770000000002
1034,-0.0034694588,-0.512123,0.121869091,2.284485
1035,-0.0034685588000000003,-0.552324,0.122954518,2.4452890000000003
1036,-0.0034676588000000005,-0.5322235000000001,0.122954518,2.766897
1037,-0.0034667588000000006,-0.5322235000000001,0.122954518,2.967902
1038,-0.0034658588000000003,-0.552324,0.122954518,3.209108
1039,-0.0034649588000000005,-0.5322235000000001,0.121869091,3.410113
1040,-0.0034640588,-0.512123,0.121869091,3.450314
1041,-0.0034631588000000003,-0.552324,0.122954518,3.4905150000000003
1042,-0.0034622588000000004,-0.5322235000000001,0.121869091,3.4905150000000003
1043,-0.0034613588000000006,-0.5724245,0.122954518,3.450314
1044,-0.0034604588000000003,-0.5322235000000001,0.121869091,3.28951
1045,-0.0034595588000000004,-0.5322235000000001,0.121869091,3.128706
1046,-0.0034586588,-0.552324,0.121869091,2.967902
1047,-0.0034577588000000003,-0.552324,0.122954518,2.766897
1048,-0.0034568588000000004,-0.5322235000000001,0.121869091,2.525691
1049,-0.0034559588000000006,-0.552324,0.122954518,2.284485
1050,-0.0034550588000000003,-0.5322235000000001,0.121869091,2.08348
1051,-0.0034541588000000004,-0.5322235000000001,0.121869091,1.8422740000000002
1052,-0.0034532588000000006,-0.552324,0.121869091,1.7216710000000002
1053,-0.0034523588000000003,-0.512123,0.122954518,1.6010680000000002
1054,-0.0034514588000000004,-0.5322235000000001,0.121869091,1.4804650000000001
1055,-0.0034505588000000005,-0.5322235000000001,0.121869091,1.400063
1056,-0.0034496588000000003,-0.5322235000000001,0.121869091,1.4804650000000001
1057,-0.0034487588000000004,-0.5322235000000001,0.122954518,1.5608670000000002
1058,-0.0034478588000000005,-0.5322235000000001,0.121869091,1.8020730000000003
1059,-0.0034469588000000002,-0.552324,0.122954518,2.043279
1060,-0.0034460588000000004,-0.552324,0.122954518,2.3246860000000003
1061,-0.0034451588000000005,-0.552324,0.122954518,2.6864950000000003
1062,-0.0034442588000000007,-0.552324,0.122954518,2.967902
1063,-0.0034433588000000004,-0.5322235000000001,0.120783664,3.209108
1064,-0.0034424588000000005,-0.552324,0.122954518,3.3699120000000002
1065,-0.0034415588,-0.552324,0.124039945,3.4905150000000003
1066,-0.0034406588000000004,-0.5322235000000001,0.122954518,3.4905150000000003
1067,-0.0034397588000000005,-0.552324,0.121869091,3.28951
1068,-0.0034388588000000006,-0.552324,0.122954518,3.0483040000000003
1069,-0.0034379588000000003,-0.512123,0.125125372,2.646294
1070,-0.0034370588000000005,-0.5322235000000001,0.124039945,2.2040830000000002
1071,-0.0034361588,-0.5322235000000001,0.122954518,1.922676
1072,-0.0034352588000000003,-0.5322235000000001,0.124039945,1.6010680000000002
1073,-0.0034343588000000005,-0.5322235000000001,0.122954518,1.4804650000000001
1074,-0.0034334588000000006,-0.5322235000000001,0.122954518,1.400063
1075,-0.0034325588000000003,-0.512123,0.122954518,1.4804650000000001
1076,-0.0034316588000000005,-0.5322235000000001,0.122954518,1.7216710000000002
1077,-0.0034307588,-0.5322235000000001,0.121869091,2.0030780000000004
1078,-0.0034298588000000003,-0.5322235000000001,0.122954518,2.405088
1079,-0.0034289588000000005,-0.5322235000000001,0.121869091,2.726696
1080,-0.0034280588000000006,-0.552324,0.124039945,2.967902
1081,-0.0034271588000000003,-0.5322235000000001,0.122954518,3.2493090000000002
1082,-0.0034262588000000004,-0.552324,0.121869091,3.450314
1083,-0.0034253588,-0.5322235000000001,0.122954518,3.4905150000000003
1084,-0.0034244588000000003,-0.552324,0.121869091,3.4905150000000003
1085,-0.0034235588000000004,-0.512123,0.121869091,3.450314
1086,-0.0034226588000000006,-0.552324,0.121869091,3.209108
1087,-0.0034217588000000007,-0.5322235000000001,0.120783664,3.008103
1088,-0.0034208588000000004,-0.552324,0.122954518,2.8070980000000003
1089,-0.0034199588,-0.5322235000000001,0.121869091,2.5658920000000003
1090,-0.0034190588000000003,-0.5322235000000001,0.119698237,2.3246860000000003
1091,-0.0034181588000000004,-0.552324,0.120783664,2.08348
1092,-0.0034172588000000005,-0.552324,0.121869091,1.922676
1093,-0.0034163588000000007,-0.512123,0.120783664,1.6814700000000002
1094,-0.0034154588000000004,-0.5322235000000001,0.121869091,1.641269
1095,-0.0034145588,-0.5322235000000001,0.122954518,1.520666
1096,-0.0034136588000000002,-0.5322235000000001,0.120783664,1.4402640000000002
1097,-0.0034127588000000004,-0.5322235000000001,0.120783664,1.400063
1098,-0.0034118588000000005,-0.5322235000000001,0.120783664,1.4402640000000002
1099,-0.0034109588000000007,-0.512123,0.121869091,1.5608670000000002
1100,-0.0034100588000000004,-0.5322235000000001,0.122954518,1.6814700000000002
1101,-0.0034091588000000005,-0.552324,0.121869091,1.8422740000000002
1102,-0.0034082588000000002,-0.5322235000000001,0.121869091,1.9628770000000002
1103,-0.0034073588000000004,-0.5322235000000001,0.122954518,2.2040830000000002
1104,-0.0034064588000000005,-0.512123,0.120783664,2.405088
1105,-0.0034055588000000006,-0.512123,0.121869091,2.726696
1106,-0.0034046588000000003,-0.5322235000000001,0.121869091,2.847299
1107,-0.0034037588000000005,-0.552324,0.124039945,3.128706
1108,-0.0034028588,-0.512123,0.121869091,3.28951
1109,-0.0034019588000000003,-0.5322235000000001,0.121869091,3.410113
1110,-0.0034010588000000005,-0.512123,0.122954518,3.4905150000000003
1111,-0.0034001588000000006,-0.5322235000000001,0.122954518,3.4905150000000003
1112,-0.0033992588000000003,-0.5322235000000001,0.122954518,3.3699120000000002
1113,-0.0033983588000000005,-0.5322235000000001,0.121869091,3.088505
1114,-0.0033974588,-0.5322235000000001,0.121869091,2.8875
1115,-0.0033965588000000003,-0.5322235000000001,0.124039945,2.4854900000000004
1116,-0.0033956588000000005,-0.5322235000000001,0.121869091,2.2040830000000002
1117,-0.0033947588000000006,-0.5322235000000001,0.122954518,1.8422740000000002
1118,-0.0033938588000000007,-0.512123,0.122954518,1.6010680000000002
1119,-0.0033929588000000004,-0.5322235000000001,0.121869091,1.4804650000000001
1120,-0.0033920588,-0.512123,0.122954518,1.400063
1121,-0.0033911588000000003,-0.512123,0.122954518,1.6010680000000002
1122,-0.0033902588000000004,-0.5322235000000001,0.122954518,1.8422740000000002
1123,-0.0033893588000000006,-0.512123,0.122954518,2.163882
1124,-0.0033884588000000007,-0.5322235000000001,0.122954518,2.4854900000000004
1125,-0.0033875588000000004,-0.5322235000000001,0.121869091,2.8875
1126,-0.0033866588,-0.5322235000000001,0.122954518,3.1689070000000004
1127,-0.0033857588000000003,-0.5322235000000001,0.121869091,3.410113
1128,-0.0033848588000000004,-0.5322235000000001,0.122954518,3.450314
1129,-0.0033839588000000006,-0.5322235000000001,0.122954518,3.410113
1130,-0.0033830588000000007,-0.5322235000000001,0.121869091,3.3699120000000002
1131,-0.0033821588000000004,-0.5322235000000001,0.122954518,3.088505
1132,-0.0033812588,-0.49202250000000003,0.122954518,2.766897
1133,-0.0033803588000000002,-0.5322235000000001,0.122954518,2.4452890000000003
1134,-0.0033794588000000004,-0.512123,0.122954518,2.163882
1135,-0.0033785588000000005,-0.512123,0.121869091,1.8824750000000001
1136,-0.0033776588000000007,-0.512123,0.122954518,1.6814700000000002
1137,-0.0033767588000000004,-0.512123,0.121869091,1.5608670000000002
1138,-0.0033758588000000005,-0.5322235000000001,0.121869091,1.4402640000000002
1139,-0.0033749588000000002,-0.512123,0.121869091,1.4402640000000002
1140,-0.0033740588000000004,-0.512123,0.122954518,1.520666
1141,-0.0033731588000000005,-0.5322235000000001,0.121869091,1.6010680000000002
1142,-0.0033722588000000006,-0.552324,0.124039945,1.8020730000000003
1143,-0.0033713588000000004,-0.512123,0.121869091,2.0030780000000004
1144,-0.0033704588000000005,-0.512123,0.121869091,2.2040830000000002
1145,-0.0033695588,-0.512123,0.122954518,2.3648870000000004
1146,-0.0033686588000000003,-0.512123,0.120783664,2.606093
1147,-0.0033677588000000005,-0.5322235000000001,0.121869091,2.766897
1148,-0.0033668588000000006,-0.5322235000000001,0.121869091,3.008103
1149,-0.0033659588000000003,-0.5322235000000001,0.120783664,3.1689070000000004
1150,-0.0033650588000000005,-0.5322235000000001,0.121869091,3.3699120000000002
1151,-0.0033641588,-0.5322235000000001,0.120783664,3.4905150000000003
1152,-0.0033632588000000003,-0.512123,0.121869091,3.4905150000000003
1153,-0.0033623588000000005,-0.5322235000000001,0.121869091,3.4905150000000003
1154,-0.0033614588000000006,-0.512123,0.121869091,3.450314
1155,-0.0033605588000000003,-0.49202250000000003,0.122954518,3.329711
1156,-0.0033596588000000004,-0.5322235000000001,0.121869091,3.28951
1157,-0.0033587588,-0.49202250000000003,0.121869091,3.0483040000000003
1158,-0.0033578588000000003,-0.512123,0.121869091,2.9277010000000003
1159,-0.0033569588000000004,-0.49202250000000003,0.122954518,2.606093
1160,-0.0033560588000000006,-0.5322235000000001,0.121869091,2.3246860000000003
1161,-0.0033551588000000007,-0.5322235000000001,0.122954518,2.163882
1162,-0.0033542588000000004,-0.5322235000000001,0.120783664,1.8824750000000001
1163,-0.0033533588,-0.552324,0.122954518,1.6814700000000002
1164,-0.0033524588000000003,-0.5322235000000001,0.122954518,1.6010680000000002
1165,-0.0033515588000000004,-0.5322235000000001,0.124039945,1.400063
1166,-0.0033506588000000006,-0.5322235000000001,0.122954518,1.4804650000000001
1167,-0.0033497588000000007,-0.512123,0.122954518,1.5608670000000002
1168,-0.0033488588000000004,-0.512123,0.122954518,1.6814700000000002
1169,-0.0033479588,-0.512123,0.122954518,1.9628770000000002
1170,-0.0033470588000000003,-0.5322235000000001,0.124039945,2.3246860000000003
1171,-0.0033461588000000004,-0.512123,0.124039945,2.6864950000000003
1172,-0.0033452588000000005,-0.512123,0.122954518,2.967902
1173,-0.0033443588000000007,-0.552324,0.122954518,3.2493090000000002
1174,-0.0033434588000000004,-0.512123,0.124039945,3.410113
1175,-0.0033425588000000005,-0.49202250000000003,0.122954518,3.4905150000000003
1176,-0.0033416588000000002,-0.512123,0.122954518,3.4905150000000003
1177,-0.0033407588000000004,-0.49202250000000003,0.122954518,3.2493090000000002
1178,-0.0033398588000000005,-0.512123,0.121869091,2.967902
1179,-0.0033389588000000006,-0.512123,0.122954518,2.606093
1180,-0.0033380588000000004,-0.49202250000000003,0.120783664,2.2442840000000004
1181,-0.0033371588000000005,-0.5322235000000001,0.122954518,1.8824750000000001
1182,-0.0033362588,-0.5322235000000001,0.124039945,1.6010680000000002
1183,-0.0033353588000000003,-0.512123,0.122954518,1.4804650000000001
1184,-0.0033344588000000005,-0.512123,0.122954518,1.400063
1185,-0.0033335588000000006,-0.49202250000000003,0.122954518,1.4804650000000001
1186,-0.0033326588000000003,-0.512123,0.122954518,1.641269
1187,-0.0033317588000000005,-0.512123,0.120783664,1.8824750000000001
1188,-0.0033308588,-0.5322235000000001,0.122954518,2.2040830000000002
1189,-0.0033299588000000003,-0.5322235000000001,0.122954518,2.525691
1190,-0.0033290588000000005,-0.512123,0.120783664,2.8070980000000003
1191,-0.0033281588000000006,-0.512123,0.120783664,3.128706
1192,-0.0033272588000000003,-0.5322235000000001,0.122954518,3.28951
1193,-0.0033263588000000005,-0.5322235000000001,0.122954518,3.410113
1194,-0.0033254588,-0.49202250000000003,0.122954518,3.450314
1195,-0.0033245588000000003,-0.512123,0.122954518,3.4905150000000003
1196,-0.0033236588000000004,-0.5322235000000001,0.122954518,3.410113
1197,-0.0033227588000000006,-0.512123,0.122954518,3.28951
1198,-0.0033218588000000007,-0.512123,0.122954518,3.209108
1199,-0.0033209588000000004,-0.5322235000000001,0.122954518,2.9277010000000003
1200,-0.0033200588,-0.512123,0.122954518,2.6864950000000003
1201,-0.0033191588000000003,-0.512123,0.122954518,2.4854900000000004
1202,-0.0033182588000000004,-0.512123,0.122954518,2.284485
1203,-0.0033173588000000006,-0.512123,0.122954518,2.08348
1204,-0.0033164588000000007,-0.49202250000000003,0.122954518,1.8824750000000001
1205,-0.0033155588000000004,-0.512123,0.124039945,1.6814700000000002
1206,-0.0033146588,-0.512123,0.122954518,1.5608670000000002
1207,-0.0033137588000000003,-0.512123,0.122954518,1.520666
1208,-0.0033128588000000004,-0.512123,0.122954518,1.400063
1209,-0.0033119588000000005,-0.512123,0.121869091,1.4402640000000002
1210,-0.0033110588000000007,-0.49202250000000003,0.122954518,1.4804650000000001
1211,-0.0033101588000000004,-0.512123,0.122954518,1.520666
1212,-0.0033092588000000005,-0.47192200000000006,0.122954518,1.7216710000000002
1213,-0.0033083588000000002,-0.5322235000000001,0.121869091,1.922676
1214,-0.0033074588000000004,-0.5322235000000001,0.121869091,2.08348
1215,-0.0033065588000000005,-0.512123,0.122954518,2.3246860000000003
1216,-0.0033056588000000007,-0.512123,0.122954518,2.606093
1217,-0.0033047588000000004,-0.512123,0.122954518,2.8875
1218,-0.0033038588000000005,-0.5322235000000001,0.124039945,3.088505
1219,-0.0033029588,-0.512123,0.122954518,3.28951
1220,-0.0033020588000000003,-0.5322235000000001,0.122954518,3.450314
1221,-0.0033011588000000005,-0.47192200000000006,0.124039945,3.4905150000000003
1222,-0.0033002588000000006,-0.512123,0.122954518,3.4905150000000003
1223,-0.0032993588000000003,-0.49202250000000003,0.122954518,3.329711
1224,-0.0032984588000000005,-0.5322235000000001,0.121869091,3.1689070000000004
1225,-0.0032975588,-0.512123,0.122954518,2.9277010000000003
1226,-0.0032966588000000003,-0.512123,0.122954518,2.606093
1227,-0.0032957588000000005,-0.5322235000000001,0.122954518,2.2442840000000004
1228,-0.0032948588000000006,-0.512123,0.124039945,1.922676
1229,-0.0032939588000000003,-0.49202250000000003,0.121869091,1.6814700000000002
1230,-0.0032930588000000005,-0.512123,0.122954518,1.4804650000000001
1231,-0.0032921588,-0.49202250000000003,0.121869091,1.400063
1232,-0.0032912588000000003,-0.512123,0.122954518,1.4804650000000001
1233,-0.0032903588000000004,-0.512123,0.122954518,1.6010680000000002
1234,-0.0032894588000000006,-0.49202250000000003,0.122954518,1.9628770000000002
1235,-0.0032885588000000007,-0.49202250000000003,0.121869091,2.284485
1236,-0.0032876588000000004,-0.512123,0.120783664,2.606093
1237,-0.0032867588,-0.512123,0.122954518,2.9277010000000003
1238,-0.0032858588000000003,-0.49202250000000003,0.122954518,3.209108
1239,-0.0032849588000000004,-0.5322235000000001,0.121869091,3.450314
1240,-0.0032840588000000006,-0.512123,0.122954518,3.4905150000000003
1241,-0.0032831588000000007,-0.512123,0.122954518,3.4905150000000003
1242,-0.0032822588000000004,-0.512123,0.122954518,3.28951
1243,-0.0032813588,-0.49202250000000003,0.121869091,3.088505
1244,-0.0032804588000000003,-0.49202250000000003,0.120783664,2.8070980000000003
1245,-0.0032795588000000004,-0.49202250000000003,0.121869091,2.525691
1246,-0.0032786588000000005,-0.512123,0.121869091,2.2442840000000004
1247,-0.0032777588000000007,-0.47192200000000006,0.121869091,1.922676
1248,-0.0032768588000000004,-0.5322235000000001,0.121869091,1.6814700000000002
1249,-0.0032759588,-0.512123,0.122954518,1.5608670000000002
1250,-0.0032750588000000002,-0.512123,0.121869091,1.4402640000000002
1251,-0.0032741588000000004,-0.512123,0.122954518,1.4402640000000002
1252,-0.0032732588000000005,-0.512123,0.120783664,1.4402640000000002
1253,-0.0032723588000000007,-0.512123,0.125125372,1.5608670000000002
1254,-0.0032714588000000004,-0.5322235000000001,0.122954518,1.7216710000000002
1255,-0.0032705588000000005,-0.49202250000000003,0.120783664,1.8824750000000001
1256,-0.0032696588,-0.512123,0.122954518,2.08348
1257,-0.0032687588000000004,-0.512123,0.122954518,2.3648870000000004
1258,-0.0032678588000000005,-0.49202250000000003,0.121869091,2.5658920000000003
1259,-0.0032669588000000006,-0.512123,0.122954518,2.8070980000000003
1260,-0.0032660588000000003,-0.512123,0.121869091,2.967902
1261,-0.0032651588000000005,-0.49202250000000003,0.124039945,3.1689070000000004
1262,-0.0032642588,-0.512123,0.121869091,3.28951
1263,-0.0032633588000000003,-0.49202250000000003,0.122954518,3.3699120000000002
1264,-0.0032624588000000005,-0.49202250000000003,0.122954518,3.4905150000000003
1265,-0.0032615588000000006,-0.49202250000000003,0.124039945,3.450314
1266,-0.0032606588000000003,-0.5322235000000001,0.124039945,3.4905150000000003
1267,-0.0032597588000000005,-0.512123,0.122954518,3.450314
1268,-0.0032588588,-0.49202250000000003,0.122954518,3.3699120000000002
1269,-0.0032579588000000003,-0.49202250000000003,0.122954518,3.1689070000000004
1270,-0.0032570588000000004,-0.512123,0.122954518,2.967902
1271,-0.0032561588000000006,-0.49202250000000003,0.121869091,2.6864950000000003
1272,-0.0032552588000000007,-0.512123,0.124039945,2.4452890000000003
1273,-0.0032543588000000004,-0.5322235000000001,0.124039945,2.2040830000000002
1274,-0.0032534588,-0.49202250000000003,0.122954518,2.0030780000000004
1275,-0.0032525588000000003,-0.512123,0.121869091,1.8020730000000003
1276,-0.0032516588000000004,-0.512123,0.122954518,1.5608670000000002
1277,-0.0032507588000000006,-0.5322235000000001,0.121869091,1.4402640000000002
1278,-0.0032498588000000007,-0.512123,0.122954518,1.400063
1279,-0.0032489588000000004,-0.512123,0.120783664,1.4402640000000002
1280,-0.0032480588,-0.49202250000000003,0.121869091,1.641269
1281,-0.0032471588000000003,-0.49202250000000003,0.122954518,1.8422740000000002
1282,-0.0032462588000000004,-0.512123,0.122954518,2.1236810000000004
1283,-0.0032453588000000005,-0.49202250000000003,0.122954518,2.525691
1284,-0.0032444588000000007,-0.512123,0.124039945,2.847299
1285,-0.0032435588000000004,-0.512123,0.122954518,3.088505
1286,-0.0032426588,-0.49202250000000003,0.122954518,3.329711
1287,-0.0032417588000000002,-0.49202250000000003,0.121869091,3.450314
1288,-0.0032408588000000004,-0.49202250000000003,0.121869091,3.450314
1289,-0.0032399588000000005,-0.512123,0.122954518,3.329711
1290,-0.0032390588000000007,-0.49202250000000003,0.120783664,3.088505
1291,-0.0032381588000000004,-0.49202250000000003,0.121869091,2.6864950000000003
1292,-0.0032372588000000005,-0.49202250000000003,0.122954518,2.3648870000000004
1293,-0.0032363588,-0.512123,0.121869091,1.9628770000000002
1294,-0.0032354588000000004,-0.49202250000000003,0.122954518,1.6814700000000002
1295,-0.0032345588000000005,-0.49202250000000003,0.120783664,1.520666
1296,-0.0032336588000000006,-0.5322235000000001,0.120783664,1.400063
1297,-0.0032327588000000003,-0.49202250000000003,0.122954518,1.520666
1298,-0.0032318588000000005,-0.49202250000000003,0.122954518,1.6010680000000002
1299,-0.0032309588,-0.512123,0.121869091,1.922676
1300,-0.0032300588000000003,-0.49202250000000003,0.122954518,2.2442840000000004
1301,-0.0032291588000000005,-0.512123,0.122954518,2.525691
1302,-0.0032282588000000006,-0.512123,0.121869091,2.8875
1303,-0.0032273588000000003,-0.512123,0.122954518,3.128706
1304,-0.0032264588000000005,-0.49202250000000003,0.121869091,3.329711
1305,-0.0032255588,-0.49202250000000003,0.124039945,3.450314
1306,-0.0032246588000000003,-0.49202250000000003,0.122954518,3.4905150000000003
1307,-0.0032237588000000005,-0.49202250000000003,0.121869091,3.450314
1308,-0.0032228588000000006,-0.49202250000000003,0.122954518,3.450314
1309,-0.0032219588000000007,-0.512123,0.122954518,3.329711
1310,-0.0032210588000000004,-0.512123,0.121869091,3.088505
1311,-0.0032201588,-0.49202250000000003,0.122954518,2.8875
1312,-0.0032192588000000003,-0.49202250000000003,0.121869091,2.726696
1313,-0.0032183588000000004,-0.49202250000000003,0.121869091,2.4854900000000004
1314,-0.0032174588000000006,-0.49202250000000003,0.122954518,2.3246860000000003
1315,-0.0032165588000000007,-0.49202250000000003,0.122954518,2.1236810000000004
1316,-0.0032156588000000004,-0.49202250000000003,0.124039945,1.922676
1317,-0.0032147588,-0.512123,0.122954518,1.761872
1318,-0.0032138588000000003,-0.512123,0.124039945,1.6814700000000002
1319,-0.0032129588000000004,-0.512123,0.124039945,1.520666
1320,-0.0032120588000000005,-0.49202250000000003,0.121869091,1.4402640000000002
1321,-0.0032111588000000007,-0.49202250000000003,0.121869091,1.400063
1322,-0.0032102588000000004,-0.49202250000000003,0.122954518,1.400063
1323,-0.0032093588,-0.49202250000000003,0.122954518,1.4804650000000001
1324,-0.0032084588000000002,-0.512123,0.122954518,1.520666
1325,-0.0032075588000000004,-0.49202250000000003,0.122954518,1.6814700000000002
1326,-0.0032066588000000005,-0.512123,0.122954518,1.8422740000000002
1327,-0.0032057588000000007,-0.512123,0.122954518,2.0030780000000004
1328,-0.0032048588000000004,-0.512123,0.121869091,2.2442840000000004
1329,-0.0032039588000000005,-0.512123,0.122954518,2.4854900000000004
1330,-0.0032030588000000002,-0.49202250000000003,0.122954518,2.847299
1331,-0.0032021588000000004,-0.49202250000000003,0.122954518,3.0483040000000003
1332,-0.0032012588000000005,-0.512123,0.122954518,3.2493090000000002
1333,-0.0032003588000000006,-0.512123,0.121869091,3.410113
1334,-0.0031994588000000003,-0.512123,0.121869091,3.4905150000000003
1335,-0.0031985588000000005,-0.49202250000000003,0.121869091,3.410113
1336,-0.0031976588,-0.49202250000000003,0.122954518,3.28951
1337,-0.0031967588000000003,-0.47192200000000006,0.121869091,3.088505
1338,-0.0031958588000000005,-0.49202250000000003,0.121869091,2.766897
1339,-0.0031949588000000006,-0.47192200000000006,0.120783664,2.405088
1340,-0.0031940588000000003,-0.512123,0.122954518,2.043279
1341,-0.0031931588000000005,-0.49202250000000003,0.121869091,1.761872
1342,-0.0031922588,-0.47192200000000006,0.120783664,1.4402640000000002
1343,-0.0031913588000000003,-0.49202250000000003,0.121869091,1.400063
1344,-0.0031904588000000005,-0.512123,0.122954518,1.4804650000000001
1345,-0.0031895588000000006,-0.47192200000000006,0.122954518,1.8020730000000003
1346,-0.0031886588000000007,-0.512123,0.122954518,2.08348
1347,-0.0031877588000000004,-0.49202250000000003,0.121869091,2.4452890000000003
1348,-0.0031868588,-0.49202250000000003,0.121869091,2.8875
1349,-0.0031859588000000003,-0.49202250000000003,0.122954518,3.2493090000000002
1350,-0.0031850588000000004,-0.49202250000000003,0.122954518,3.450314
1351,-0.0031841588000000006,-0.49202250000000003,0.121869091,3.4905150000000003
1352,-0.0031832588000000007,-0.47192200000000006,0.122954518,3.410113
1353,-0.0031823588000000004,-0.49202250000000003,0.121869091,3.1689070000000004
1354,-0.0031814588,-0.49202250000000003,0.124039945,2.8875
1355,-0.0031805588000000003,-0.47192200000000006,0.121869091,2.5658920000000003
1356,-0.0031796588000000004,-0.512123,0.122954518,2.1236810000000004
1357,-0.0031787588000000006,-0.49202250000000003,0.122954518,1.922676
1358,-0.0031778588000000007,-0.512123,0.124039945,1.6814700000000002
1359,-0.0031769588000000004,-0.49202250000000003,0.121869091,1.520666
1360,-0.0031760588,-0.49202250000000003,0.122954518,1.4402640000000002
1361,-0.0031751588000000002,-0.49202250000000003,0.122954518,1.4402640000000002
1362,-0.0031742588000000004,-0.49202250000000003,0.122954518,1.520666
1363,-0.0031733588000000005,-0.512123,0.121869091,1.641269
1364,-0.0031724588000000007,-0.49202250000000003,0.122954518,1.8020730000000003
1365,-0.0031715588000000004,-0.49202250000000003,0.122954518,2.0030780000000004
1366,-0.0031706588000000005,-0.49202250000000003,0.122954518,2.163882
1367,-0.0031697588000000002,-0.512123,0.122954518,2.3648870000000004
1368,-0.0031688588000000004,-0.512123,0.121869091,2.606093
1369,-0.0031679588000000005,-0.5322235000000001,0.121869091,2.8070980000000003
1370,-0.0031670588000000006,-0.49202250000000003,0.121869091,2.967902
1371,-0.0031661588000000004,-0.49202250000000003,0.122954518,3.128706
1372,-0.0031652588000000005,-0.47192200000000006,0.121869091,3.2493090000000002
1373,-0.0031643588,-0.47192200000000006,0.122954518,3.3699120000000002
1374,-0.0031634588000000003,-0.49202250000000003,0.119698237,3.450314
1375,-0.0031625588000000005,-0.47192200000000006,0.120783664,3.4905150000000003
1376,-0.0031616588000000006,-0.47192200000000006,0.122954518,3.4905150000000003
1377,-0.0031607588000000003,-0.49202250000000003,0.121869091,3.4905150000000003
1378,-0.0031598588000000005,-0.512123,0.121869091,3.3699120000000002
1379,-0.0031589588,-0.49202250000000003,0.122954518,3.2493090000000002
1380,-0.0031580588000000003,-0.47192200000000006,0.122954518,3.088505
1381,-0.0031571588000000005,-0.47192200000000006,0.121869091,2.847299
1382,-0.0031562588000000006,-0.49202250000000003,0.121869091,2.646294
1383,-0.0031553588000000007,-0.49202250000000003,0.121869091,2.3246860000000003
1384,-0.0031544588000000004,-0.512123,0.122954518,2.043279
1385,-0.0031535588,-0.49202250000000003,0.122954518,1.8422740000000002
1386,-0.0031526588000000003,-0.49202250000000003,0.121869091,1.6010680000000002
1387,-0.0031517588000000004,-0.49202250000000003,0.121869091,1.4402640000000002
1388,-0.0031508588000000006,-0.49202250000000003,0.121869091,1.4402640000000002
1389,-0.0031499588000000007,-0.49202250000000003,0.122954518,1.4804650000000001
1390,-0.0031490588000000004,-0.47192200000000006,0.122954518,1.8020730000000003
1391,-0.0031481588,-0.49202250000000003,0.121869091,2.08348
1392,-0.0031472588000000003,-0.47192200000000006,0.121869091,2.5658920000000003
1393,-0.0031463588000000004,-0.49202250000000003,0.120783664,2.967902
1394,-0.0031454588000000006,-0.49202250000000003,0.122954518,3.28951
1395,-0.0031445588000000007,-0.49202250000000003,0.121869091,3.4905150000000003
1396,-0.0031436588000000004,-0.49202250000000003,0.121869091,3.410113
1397,-0.0031427588,-0.512123,0.122954518,3.28951
1398,-0.0031418588000000002,-0.49202250000000003,0.122954518,2.847299
1399,-0.0031409588000000004,-0.49202250000000003,0.122954518,2.3648870000000004
1400,-0.0031400588000000005,-0.47192200000000006,0.121869091,1.922676
1401,-0.0031391588000000007,-0.512123,0.121869091,1.5608670000000002
1402,-0.0031382588000000004,-0.47192200000000006,0.122954518,1.400063
1403,-0.0031373588000000005,-0.49202250000000003,0.122954518,1.4402640000000002
1404,-0.0031364588000000002,-0.49202250000000003,0.122954518,1.7216710000000002
1405,-0.0031355588000000004,-0.512123,0.121869091,2.043279
1406,-0.0031346588000000005,-0.47192200000000006,0.121869091,2.4854900000000004
1407,-0.0031337588000000006,-0.512123,0.121869091,2.847299
1408,-0.0031328588000000004,-0.49202250000000003,0.121869091,3.209108
1409,-0.0031319588000000005,-0.47192200000000006,0.122954518,3.410113
1410,-0.0031310588,-0.49202250000000003,0.122954518,3.450314
1411,-0.0031301588000000003,-0.47192200000000006,0.122954518,3.450314
1412,-0.0031292588000000005,-0.49202250000000003,0.121869091,3.28951
1413,-0.0031283588000000006,-0.49202250000000003,0.121869091,3.088505
1414,-0.0031274588000000003,-0.49202250000000003,0.122954518,2.766897
1415,-0.0031265588000000005,-0.49202250000000003,0.120783664,2.4854900000000004
1416,-0.0031256588,-0.49202250000000003,0.122954518,2.2040830000000002
1417,-0.0031247588000000003,-0.49202250000000003,0.122954518,2.043279
1418,-0.0031238588000000005,-0.49202250000000003,0.122954518,1.8020730000000003
1419,-0.0031229588000000006,-0.47192200000000006,0.122954518,1.641269
1420,-0.0031220588000000007,-0.47192200000000006,0.122954518,1.4804650000000001
1421,-0.0031211588000000005,-0.512123,0.121869091,1.4402640000000002
1422,-0.0031202588,-0.4518215,0.121869091,1.400063
1423,-0.0031193588000000003,-0.49202250000000003,0.122954518,1.400063
1424,-0.0031184588000000004,-0.49202250000000003,0.121869091,1.520666
1425,-0.0031175588000000006,-0.49202250000000003,0.122954518,1.5608670000000002
1426,-0.0031166588000000007,-0.49202250000000003,0.120783664,1.641269
1427,-0.0031157588000000004,-0.47192200000000006,0.120783664,1.8020730000000003
1428,-0.0031148588,-0.47192200000000006,0.121869091,1.9628770000000002
1429,-0.0031139588000000003,-0.49202250000000003,0.121869091,2.1236810000000004
1430,-0.0031130588000000004,-0.4518215,0.122954518,2.3648870000000004
1431,-0.0031121588000000006,-0.49202250000000003,0.121869091,2.606093
1432,-0.0031112588000000007,-0.49202250000000003,0.122954518,2.8070980000000003
1433,-0.0031103588000000004,-0.49202250000000003,0.122954518,3.0483040000000003
1434,-0.0031094588,-0.47192200000000006,0.120783664,3.2493090000000002
1435,-0.0031085588000000003,-0.47192200000000006,0.121869091,3.410113
1436,-0.0031076588000000004,-0.47192200000000006,0.122954518,3.4905150000000003
1437,-0.0031067588000000005,-0.47192200000000006,0.122954518,3.4905150000000003
1438,-0.0031058588000000007,-0.4518215,0.120783664,3.3699120000000002
1439,-0.0031049588000000004,-0.47192200000000006,0.122954518,3.1689070000000004
1440,-0.0031040588000000005,-0.47192200000000006,0.121869091,2.847299
1441,-0.0031031588000000002,-0.49202250000000003,0.121869091,2.5658920000000003
1442,-0.0031022588000000004,-0.49202250000000003,0.122954518,2.2040830000000002
1443,-0.0031013588000000005,-0.49202250000000003,0.122954518,1.8422740000000002
1444,-0.0031004588000000007,-0.49202250000000003,0.124039945,1.520666
1445,-0.0030995588000000004,-0.47192200000000006,0.122954518,1.400063
1446,-0.0030986588000000005,-0.49202250000000003,0.121869091,1.520666
1447,-0.0030977588,-0.47192200000000006,0.122954518,1.761872
1448,-0.0030968588000000003,-0.49202250000000003,0.122954518,2.163882
1449,-0.0030959588000000005,-0.47192200000000006,0.122954518,2.6864950000000003
1450,-0.0030950588000000006,-0.512123,0.122954518,3.128706
1451,-0.0030941588000000003,-0.47192200000000006,0.121869091,3.3699120000000002
1452,-0.0030932588000000005,-0.49202250000000003,0.121869091,3.570917
1453,-0.0030923588,-0.47192200000000006,0.121869091,3.329711
1454,-0.0030914588000000003,-0.512123,0.120783664,3.008103
1455,-0.0030905588000000005,-0.47192200000000006,0.121869091,2.4854900000000004
1456,-0.0030896588000000006,-0.47192200000000006,0.122954518,2.08348
1457,-0.0030887588000000007,-0.49202250000000003,0.122954518,1.6814700000000002
1458,-0.0030878588000000005,-0.47192200000000006,0.121869091,1.4402640000000002
1459,-0.0030869588,-0.49202250000000003,0.120783664,1.400063
1460,-0.0030860588000000003,-0.47192200000000006,0.122954518,1.6010680000000002
1461,-0.0030851588000000004,-0.47192200000000006,0.122954518,1.922676
1462,-0.0030842588000000006,-0.4518215,0.122954518,2.3648870000000004
1463,-0.0030833588000000007,-0.4518215,0.121869091,2.766897
1464,-0.0030824588000000004,-0.47192200000000006,0.120783664,3.0483040000000003
1465,-0.0030815588,-0.4518215,0.121869091,3.28951
1466,-0.0030806588000000003,-0.49202250000000003,0.122954518,3.450314
1467,-0.0030797588000000004,-0.4518215,0.121869091,3.4905150000000003
1468,-0.0030788588000000006,-0.47192200000000006,0.121869091,3.410113
1469,-0.0030779588000000007,-0.49202250000000003,0.120783664,3.2493090000000002
1470,-0.0030770588000000004,-0.47192200000000006,0.121869091,3.0483040000000003
1471,-0.0030761588,-0.4518215,0.122954518,2.726696
1472,-0.0030752588000000003,-0.47192200000000006,0.122954518,2.525691
1473,-0.0030743588000000004,-0.4518215,0.122954518,2.2442840000000004
1474,-0.0030734588000000005,-0.47192200000000006,0.121869091,2.0030780000000004
1475,-0.0030725588000000007,-0.47192200000000006,0.122954518,1.922676
1476,-0.0030716588000000004,-0.47192200000000006,0.122954518,1.7216710000000002
1477,-0.0030707588000000005,-0.47192200000000006,0.121869091,1.5608670000000002
1478,-0.0030698588000000002,-0.47192200000000006,0.122954518,1.4402640000000002
1479,-0.0030689588000000004,-0.47192200000000006,0.122954518,1.400063
1480,-0.0030680588000000005,-0.4518215,0.124039945,1.4402640000000002
1481,-0.0030671588000000007,-0.4518215,0.121869091,1.4402640000000002
1482,-0.0030662588000000004,-0.47192200000000006,0.121869091,1.5608670000000002
1483,-0.0030653588000000005,-0.47192200000000006,0.122954518,1.7216710000000002
1484,-0.0030644588,-0.47192200000000006,0.122954518,1.922676
1485,-0.0030635588000000004,-0.49202250000000003,0.122954518,2.08348
1486,-0.0030626588000000005,-0.49202250000000003,0.122954518,2.3246860000000003
1487,-0.0030617588000000006,-0.47192200000000006,0.124039945,2.646294
1488,-0.0030608588000000003,-0.47192200000000006,0.122954518,2.8875
1489,-0.0030599588000000005,-0.4518215,0.122954518,3.209108
1490,-0.0030590588,-0.4518215,0.121869091,3.3699120000000002
1491,-0.0030581588000000003,-0.47192200000000006,0.122954518,3.4905150000000003
1492,-0.0030572588000000005,-0.49202250000000003,0.121869091,3.450314
1493,-0.0030563588000000006,-0.47192200000000006,0.124039945,3.410113
1494,-0.0030554588000000008,-0.47192200000000006,0.121869091,3.0483040000000003
1495,-0.0030545588000000005,-0.47192200000000006,0.121869091,2.726696
1496,-0.0030536588,-0.47192200000000006,0.121869091,2.3648870000000004
1497,-0.0030527588000000003,-0.4518215,0.121869091,1.922676
1498,-0.0030518588000000004,-0.4518215,0.121869091,1.6010680000000002
1499,-0.0030509588000000006,-0.431721,0.121869091,1.4402640000000002
1500,-0.0030500588000000007,-0.47192200000000006,0.119698237,1.520666
1501,-0.0030491588000000004,-0.4518215,0.122954518,1.7216710000000002
1502,-0.0030482588,-0.47192200000000006,0.122954518,2.1236810000000004
1503,-0.0030473588000000003,-0.4518215,0.122954518,2.646294
1504,-0.0030464588000000004,-0.49202250000000003,0.121869091,3.008103
1505,-0.0030455588000000006,-0.4518215,0.120783664,3.410113
1506,-0.0030446588000000007,-0.4518215,0.120783664,3.530716
1507,-0.0030437588000000004,-0.49202250000000003,0.120783664,3.329711
1508,-0.0030428588,-0.47192200000000006,0.121869091,3.008103
1509,-0.0030419588000000003,-0.47192200000000006,0.121869091,2.525691
1510,-0.0030410588000000004,-0.47192200000000006,0.121869091,2.043279
1511,-0.0030401588000000005,-0.4518215,0.121869091,1.6010680000000002
1512,-0.0030392588000000007,-0.47192200000000006,0.121869091,1.4402640000000002
1513,-0.0030383588000000004,-0.47192200000000006,0.122954518,1.4804650000000001
1514,-0.0030374588000000005,-0.49202250000000003,0.122954518,1.7216710000000002
1515,-0.0030365588000000002,-0.47192200000000006,0.124039945,2.0030780000000004
1516,-0.0030356588000000004,-0.47192200000000006,0.122954518,2.4854900000000004
1517,-0.0030347588000000005,-0.47192200000000006,0.121869091,2.847299
1518,-0.0030338588000000007,-0.49202250000000003,0.122954518,3.2493090000000002
1519,-0.0030329588000000004,-0.47192200000000006,0.124039945,3.450314
1520,-0.0030320588000000005,-0.47192200000000006,0.124039945,3.4905150000000003
1521,-0.0030311588,-0.47192200000000006,0.122954518,3.450314
1522,-0.0030302588000000004,-0.4518215,0.124039945,3.209108
1523,-0.0030293588000000005,-0.4518215,0.122954518,3.008103
1524,-0.0030284588000000006,-0.47192200000000006,0.122954518,2.726696
1525,-0.0030275588000000003,-0.4518215,0.122954518,2.4452890000000003
1526,-0.0030266588000000005,-0.49202250000000003,0.122954518,2.1236810000000004
1527,-0.0030257588,-0.47192200000000006,0.122954518,1.922676
1528,-0.0030248588000000003,-0.47192200000000006,0.121869091,1.6814700000000002
1529,-0.0030239588000000005,-0.4518215,0.122954518,1.5608670000000002
1530,-0.0030230588000000006,-0.47192200000000006,0.122954518,1.400063
1531,-0.0030221588000000003,-0.49202250000000003,0.122954518,1.400063
1532,-0.0030212588000000005,-0.4518215,0.121869091,1.4804650000000001
1533,-0.0030203588,-0.4518215,0.120783664,1.6010680000000002
1534,-0.0030194588000000003,-0.4518215,0.121869091,1.7216710000000002
1535,-0.0030185588000000005,-0.47192200000000006,0.124039945,1.9628770000000002
1536,-0.0030176588000000006,-0.47192200000000006,0.121869091,2.2040830000000002
1537,-0.0030167588000000007,-0.47192200000000006,0.121869091,2.4452890000000003
1538,-0.0030158588000000004,-0.47192200000000006,0.122954518,2.726696
1539,-0.0030149588,-0.47192200000000006,0.122954518,3.0483040000000003
1540,-0.0030140588000000003,-0.47192200000000006,0.121869091,3.2493090000000002
1541,-0.0030131588000000004,-0.4518215,0.120783664,3.450314
1542,-0.0030122588000000006,-0.47192200000000006,0.122954518,3.4905150000000003
1543,-0.0030113588000000007,-0.49202250000000003,0.121869091,3.4905150000000003
1544,-0.0030104588000000004,-0.47192200000000006,0.122954518,3.3699120000000002
1545,-0.0030095588,-0.47192200000000006,0.120783664,3.088505
1546,-0.0030086588000000003,-0.47192200000000006,0.121869091,2.8070980000000003
1547,-0.0030077588000000004,-0.47192200000000006,0.120783664,2.405088
1548,-0.0030068588000000005,-0.47192200000000006,0.121869091,2.043279
1549,-0.0030059588000000007,-0.4518215,0.121869091,1.641269
1550,-0.0030050588000000004,-0.4518215,0.122954518,1.520666
1551,-0.0030041588000000005,-0.47192200000000006,0.121869091,1.400063
1552,-0.0030032588000000002,-0.47192200000000006,0.122954518,1.6010680000000002
1553,-0.0030023588000000004,-0.4518215,0.121869091,1.9628770000000002
1554,-0.0030014588000000005,-0.47192200000000006,0.121869091,2.405088
1555,-0.0030005588000000007,-0.4518215,0.124039945,2.9277010000000003
1556,-0.0029996588000000004,-0.4518215,0.122954518,3.28951
1557,-0.0029987588000000005,-0.47192200000000006,0.122954518,3.530716
1558,-0.0029978588000000002,-0.49202250000000003,0.122954518,3.530716
1559,-0.0029969588000000004,-0.47192200000000006,0.121869091,3.088505
1560,-0.0029960588000000005,-0.47192200000000006,0.122954518,2.606093
1561,-0.0029951588000000006,-0.4518215,0.122954518,2.043279
1562,-0.0029942588000000003,-0.47192200000000006,0.122954518,1.6814700000000002
1563,-0.0029933588000000005,-0.4518215,0.122954518,1.4402640000000002
1564,-0.0029924588,-0.4518215,0.121869091,1.4804650000000001
1565,-0.0029915588000000003,-0.47192200000000006,0.122954518,1.761872
1566,-0.0029906588000000005,-0.4518215,0.122954518,2.163882
1567,-0.0029897588000000006,-0.47192200000000006,0.121869091,2.646294
1568,-0.0029888588000000003,-0.4518215,0.121869091,3.0483040000000003
1569,-0.0029879588000000005,-0.4518215,0.122954518,3.410113
1570,-0.0029870588,-0.4518215,0.122954518,3.530716
1571,-0.0029861588000000003,-0.4518215,0.122954518,3.3699120000000002
1572,-0.0029852588000000005,-0.431721,0.121869091,3.128706
1573,-0.0029843588000000006,-0.47192200000000006,0.121869091,2.8070980000000003
1574,-0.0029834588000000007,-0.47192200000000006,0.121869091,2.405088
1575,-0.0029825588000000004,-0.4518215,0.122954518,2.043279
1576,-0.0029816588,-0.47192200000000006,0.120783664,1.6814700000000002
1577,-0.0029807588000000003,-0.47192200000000006,0.122954518,1.4804650000000001
1578,-0.0029798588000000004,-0.4518215,0.121869091,1.4402640000000002
1579,-0.0029789588000000006,-0.4518215,0.122954518,1.4402640000000002
1580,-0.0029780588000000007,-0.431721,0.122954518,1.5608670000000002
1581,-0.0029771588000000004,-0.4518215,0.120783664,1.922676
1582,-0.0029762588,-0.4518215,0.121869091,2.163882
1583,-0.0029753588000000003,-0.4518215,0.124039945,2.4452890000000003
1584,-0.0029744588000000004,-0.4518215,0.124039945,2.766897
1585,-0.0029735588000000006,-0.431721,0.122954518,3.088505
1586,-0.0029726588000000007,-0.431721,0.122954518,3.28951
1587,-0.0029717588000000004,-0.4518215,0.121869091,3.450314
1588,-0.0029708588000000005,-0.4518215,0.121869091,3.450314
1589,-0.0029699588000000002,-0.47192200000000006,0.122954518,3.4905150000000003
1590,-0.0029690588000000004,-0.4518215,0.122954518,3.410113
1591,-0.0029681588000000005,-0.4518215,0.122954518,3.088505
1592,-0.0029672588000000007,-0.4518215,0.121869091,2.8875
1593,-0.0029663588000000004,-0.47192200000000006,0.121869091,2.5658920000000003
1594,-0.0029654588000000005,-0.4518215,0.122954518,2.2442840000000004
1595,-0.0029645588000000002,-0.47192200000000006,0.122954518,1.922676
1596,-0.0029636588000000004,-0.4518215,0.124039945,1.6010680000000002
1597,-0.0029627588000000005,-0.431721,0.121869091,1.4804650000000001
1598,-0.0029618588000000006,-0.431721,0.122954518,1.4402640000000002
1599,-0.0029609588000000004,-0.4518215,0.122954518,1.5608670000000002
1600,-0.0029600588000000005,-0.4518215,0.122954518,1.761872
1601,-0.0029591588,-0.4518215,0.121869091,2.163882
1602,-0.0029582588000000003,-0.4518215,0.121869091,2.606093
1603,-0.0029573588000000005,-0.4518215,0.122954518,3.0483040000000003
1604,-0.0029564588000000006,-0.431721,0.121869091,3.3699120000000002
1605,-0.0029555588000000003,-0.47192200000000006,0.120783664,3.4905150000000003
1606,-0.0029546588000000005,-0.4518215,0.122954518,3.410113
1607,-0.0029537588,-0.431721,0.121869091,3.088505
1608,-0.0029528588000000003,-0.4518215,0.121869091,2.606093
1609,-0.0029519588000000005,-0.4518215,0.121869091,2.1236810000000004
1610,-0.0029510588000000006,-0.4518215,0.121869091,1.7216710000000002
1611,-0.0029501588000000007,-0.431721,0.120783664,1.4402640000000002
1612,-0.0029492588000000004,-0.47192200000000006,0.120783664,1.4804650000000001
1613,-0.0029483588,-0.431721,0.121869091,1.761872
1614,-0.0029474588000000003,-0.431721,0.121869091,2.2442840000000004
1615,-0.0029465588000000004,-0.4518215,0.121869091,2.6864950000000003
1616,-0.0029456588000000006,-0.431721,0.122954518,3.1689070000000004
1617,-0.0029447588000000007,-0.47192200000000006,0.122954518,3.450314
1618,-0.0029438588000000004,-0.431721,0.122954518,3.4905150000000003
1619,-0.0029429588,-0.47192200000000006,0.121869091,3.2493090000000002
1620,-0.0029420588000000003,-0.4518215,0.122954518,2.8070980000000003
1621,-0.0029411588000000004,-0.4518215,0.122954518,2.3246860000000003
1622,-0.0029402588000000006,-0.431721,0.122954518,1.8824750000000001
1623,-0.0029393588000000007,-0.47192200000000006,0.121869091,1.520666
1624,-0.0029384588000000004,-0.4518215,0.122954518,1.3598620000000001
1625,-0.0029375588,-0.431721,0.122954518,1.4804650000000001
1626,-0.0029366588000000002,-0.431721,0.122954518,1.761872
1627,-0.0029357588000000004,-0.431721,0.122954518,2.163882
1628,-0.0029348588000000005,-0.4518215,0.124039945,2.606093
1629,-0.0029339588000000007,-0.47192200000000006,0.122954518,2.967902
1630,-0.0029330588000000004,-0.4518215,0.122954518,3.28951
1631,-0.0029321588000000005,-0.431721,0.122954518,3.450314
1632,-0.0029312588000000002,-0.4518215,0.122954518,3.450314
1633,-0.0029303588000000004,-0.47192200000000006,0.121869091,3.410113
1634,-0.0029294588000000005,-0.4518215,0.122954518,3.128706
1635,-0.0029285588000000006,-0.4518215,0.122954518,2.847299
1636,-0.0029276588000000004,-0.4518215,0.122954518,2.525691
1637,-0.0029267588000000005,-0.4518215,0.121869091,2.1236810000000004
1638,-0.0029258588,-0.4518215,0.121869091,1.761872
1639,-0.0029249588000000003,-0.4518215,0.122954518,1.6010680000000002
1640,-0.0029240588000000005,-0.4518215,0.121869091,1.4402640000000002
1641,-0.0029231588000000006,-0.431721,0.124039945,1.400063
1642,-0.0029222588000000003,-0.4518215,0.121869091,1.5608670000000002
1643,-0.0029213588000000005,-0.4518215,0.121869091,1.8020730000000003
1644,-0.0029204588,-0.4518215,0.121869091,2.043279
1645,-0.0029195588000000003,-0.4518215,0.122954518,2.4452890000000003
1646,-0.0029186588000000005,-0.4518215,0.120783664,2.8070980000000003
1647,-0.0029177588000000006,-0.4518215,0.121869091,3.1689070000000004
1648,-0.0029168588000000007,-0.47192200000000006,0.121869091,3.410113
1649,-0.0029159588000000005,-0.4518215,0.121869091,3.450314
1650,-0.0029150588,-0.4518215,0.121869091,3.410113
1651,-0.0029141588000000003,-0.4518215,0.121869091,3.329711
1652,-0.0029132588000000004,-0.4518215,0.124039945,2.9277010000000003
1653,-0.0029123588000000006,-0.4518215,0.121869091,2.5658920000000003
1654,-0.0029114588000000007,-0.4518215,0.122954518,2.2442840000000004
1655,-0.0029105588000000004,-0.431721,0.122954518,1.8020730000000003
1656,-0.0029096588,-0.4518215,0.124039945,1.4804650000000001
1657,-0.0029087588000000003,-0.41162050000000006,0.122954518,1.400063
1658,-0.0029078588000000004,-0.4518215,0.122954518,1.5608670000000002
1659,-0.0029069588000000006,-0.47192200000000006,0.122954518,1.8422740000000002
1660,-0.0029060588000000007,-0.4518215,0.122954518,2.405088
1661,-0.0029051588000000004,-0.431721,0.122954518,2.8070980000000003
1662,-0.0029042588,-0.4518215,0.122954518,3.28951
1663,-0.0029033588000000003,-0.4518215,0.121869091,3.4905150000000003
1664,-0.0029024588000000004,-0.431721,0.121869091,3.450314
1665,-0.0029015588000000005,-0.41162050000000006,0.122954518,3.2493090000000002
1666,-0.0029006588000000007,-0.431721,0.122954518,2.6864950000000003
1667,-0.0028997588000000004,-0.4518215,0.122954518,2.2442840000000004
1668,-0.0028988588000000005,-0.4518215,0.121869091,1.6814700000000002
1669,-0.0028979588000000002,-0.431721,0.122954518,1.4804650000000001
1670,-0.0028970588000000004,-0.4518215,0.121869091,1.4804650000000001
1671,-0.0028961588000000005,-0.4518215,0.121869091,1.6814700000000002
1672,-0.0028952588000000007,-0.4518215,0.121869091,2.043279
1673,-0.0028943588000000004,-0.4518215,0.121869091,2.646294
1674,-0.0028934588000000005,-0.4518215,0.121869091,3.088505
1675,-0.0028925588,-0.431721,0.121869091,3.3699120000000002
1676,-0.0028916588000000003,-0.431721,0.121869091,3.530716
1677,-0.0028907588000000005,-0.431721,0.122954518,3.3699120000000002
1678,-0.0028898588000000006,-0.4518215,0.121869091,3.0483040000000003
1679,-0.0028889588000000003,-0.431721,0.121869091,2.606093
1680,-0.0028880588000000005,-0.47192200000000006,0.121869091,2.163882
1681,-0.0028871588,-0.4518215,0.122954518,1.7216710000000002
1682,-0.0028862588000000003,-0.4518215,0.124039945,1.4804650000000001
1683,-0.0028853588000000005,-0.4518215,0.122954518,1.4402640000000002
1684,-0.0028844588000000006,-0.4518215,0.122954518,1.5608670000000002
1685,-0.0028835588000000007,-0.47192200000000006,0.121869091,1.7216710000000002
1686,-0.0028826588000000005,-0.431721,0.122954518,2.1236810000000004
1687,-0.0028817588,-0.4518215,0.122954518,2.5658920000000003
1688,-0.0028808588000000003,-0.47192200000000006,0.122954518,2.847299
1689,-0.0028799588000000004,-0.4518215,0.122954518,3.1689070000000004
1690,-0.0028790588000000006,-0.4518215,0.122954518,3.3699120000000002
1691,-0.0028781588000000007,-0.4518215,0.122954518,3.4905150000000003
1692,-0.0028772588000000004,-0.431721,0.122954518,3.4905150000000003
1693,-0.0028763588,-0.4518215,0.122954518,3.329711
1694,-0.0028754588000000003,-0.431721,0.122954518,3.0483040000000003
1695,-0.0028745588000000004,-0.41162050000000006,0.122954518,2.726696
1696,-0.0028736588000000006,-0.431721,0.122954518,2.405088
1697,-0.0028727588000000007,-0.431721,0.122954518,2.043279
1698,-0.0028718588000000004,-0.4518215,0.121869091,1.761872
1699,-0.0028709588,-0.431721,0.122954518,1.4804650000000001
1700,-0.0028700588000000003,-0.431721,0.122954518,1.400063
1701,-0.0028691588000000004,-0.431721,0.122954518,1.4804650000000001
1702,-0.0028682588000000005,-0.4518215,0.124039945,1.6814700000000002
1703,-0.0028673588000000007,-0.47192200000000006,0.120783664,2.0030780000000004
1704,-0.0028664588000000004,-0.41162050000000006,0.122954518,2.405088
1705,-0.0028655588000000005,-0.431721,0.120783664,2.8070980000000003
1706,-0.0028646588000000002,-0.431721,0.121869091,3.1689070000000004
1707,-0.0028637588000000004,-0.431721,0.122954518,3.410113
1708,-0.0028628588000000005,-0.431721,0.120783664,3.570917
1709,-0.0028619588000000007,-0.431721,0.122954518,3.329711
1710,-0.0028610588000000004,-0.4518215,0.120783664,3.0483040000000003
1711,-0.0028601588000000005,-0.431721,0.121869091,2.6864950000000003
1712,-0.0028592588,-0.41162050000000006,0.121869091,2.1236810000000004
1713,-0.0028583588000000004,-0.41162050000000006,0.122954518,1.6814700000000002
1714,-0.0028574588000000005,-0.4518215,0.122954518,1.400063
1715,-0.0028565588000000006,-0.431721,0.122954518,1.4804650000000001
1716,-0.0028556588000000003,-0.431721,0.124039945,1.7216710000000002
1717,-0.0028547588000000005,-0.431721,0.121869091,2.2040830000000002
1718,-0.0028538588,-0.431721,0.124039945,2.726696
1719,-0.0028529588000000003,-0.4518215,0.122954518,3.1689070000000004
1720,-0.0028520588000000005,-0.4518215,0.121869091,3.450314
1721,-0.0028511588000000006,-0.431721,0.122954518,3.410113
1722,-0.0028502588000000008,-0.4518215,0.122954518,3.1689070000000004
1723,-0.0028493588000000005,-0.431721,0.122954518,2.766897
1724,-0.0028484588,-0.4518215,0.121869091,2.2040830000000002
1725,-0.0028475588000000003,-0.431721,0.124039945,1.7216710000000002
1726,-0.0028466588000000004,-0.4518215,0.122954518,1.4402640000000002
1727,-0.0028457588000000006,-0.431721,0.122954518,1.4804650000000001
1728,-0.0028448588000000007,-0.4518215,0.122954518,1.6814700000000002
1729,-0.0028439588000000004,-0.431721,0.122954518,2.0030780000000004
1730,-0.0028430588,-0.431721,0.122954518,2.525691
1731,-0.0028421588000000003,-0.4518215,0.121869091,2.967902
1732,-0.0028412588000000004,-0.41162050000000006,0.122954518,3.329711
1733,-0.0028403588000000006,-0.41162050000000006,0.122954518,3.4905150000000003
1734,-0.0028394588000000007,-0.4518215,0.124039945,3.4905150000000003
1735,-0.0028385588000000004,-0.41162050000000006,0.121869091,3.28951
1736,-0.0028376588,-0.4518215,0.120783664,2.967902
1737,-0.0028367588000000003,-0.431721,0.121869091,2.606093
1738,-0.0028358588000000004,-0.4518215,0.122954518,2.2442840000000004
1739,-0.0028349588000000005,-0.47192200000000006,0.120783664,1.8422740000000002
1740,-0.0028340588000000007,-0.4518215,0.121869091,1.6010680000000002
1741,-0.0028331588000000004,-0.431721,0.121869091,1.4804650000000001
1742,-0.0028322588000000005,-0.41162050000000006,0.121869091,1.4402640000000002
1743,-0.0028313588000000002,-0.41162050000000006,0.120783664,1.6010680000000002
1744,-0.0028304588000000004,-0.4518215,0.121869091,1.8020730000000003
1745,-0.0028295588000000005,-0.431721,0.120783664,2.08348
1746,-0.0028286588000000007,-0.431721,0.121869091,2.3648870000000004
1747,-0.0028277588000000004,-0.4518215,0.120783664,2.6864950000000003
1748,-0.0028268588000000005,-0.4518215,0.121869091,3.0483040000000003
1749,-0.0028259588,-0.431721,0.121869091,3.329711
1750,-0.0028250588000000004,-0.4518215,0.124039945,3.450314
1751,-0.0028241588000000005,-0.431721,0.122954518,3.4905150000000003
1752,-0.0028232588000000006,-0.431721,0.122954518,3.3699120000000002
1753,-0.0028223588000000003,-0.4518215,0.121869091,3.128706
1754,-0.0028214588000000005,-0.4518215,0.122954518,2.766897
1755,-0.0028205588,-0.4518215,0.122954518,2.3648870000000004
1756,-0.0028196588000000003,-0.431721,0.122954518,1.9628770000000002
1757,-0.0028187588000000005,-0.431721,0.124039945,1.641269
1758,-0.0028178588000000006,-0.4518215,0.122954518,1.4804650000000001
1759,-0.0028169588000000008,-0.4518215,0.122954518,1.4402640000000002
1760,-0.0028160588000000005,-0.41162050000000006,0.125125372,1.641269
1761,-0.0028151588,-0.431721,0.122954518,2.043279
1762,-0.0028142588000000003,-0.431721,0.121869091,2.525691
1763,-0.0028133588000000005,-0.431721,0.122954518,3.008103
1764,-0.0028124588000000006,-0.431721,0.121869091,3.329711
1765,-0.0028115588000000007,-0.41162050000000006,0.121869091,3.4905150000000003
1766,-0.0028106588000000004,-0.41162050000000006,0.121869091,3.3699120000000002
1767,-0.0028097588,-0.431721,0.122954518,3.0483040000000003
1768,-0.0028088588000000003,-0.41162050000000006,0.122954518,2.525691
1769,-0.0028079588000000004,-0.4518215,0.121869091,2.043279
1770,-0.0028070588000000006,-0.431721,0.11861281,1.6814700000000002
1771,-0.0028061588000000007,-0.431721,0.121869091,1.400063
1772,-0.0028052588000000004,-0.431721,0.121869091,1.520666
1773,-0.0028043588,-0.41162050000000006,0.120783664,1.8422740000000002
1774,-0.0028034588000000003,-0.4518215,0.121869091,2.3246860000000003
1775,-0.0028025588000000004,-0.431721,0.120783664,2.766897
1776,-0.0028016588000000005,-0.41162050000000006,0.122954518,3.209108
1777,-0.0028007588000000007,-0.431721,0.122954518,3.4905150000000003
1778,-0.0027998588000000004,-0.41162050000000006,0.124039945,3.4905150000000003
1779,-0.0027989588000000005,-0.431721,0.122954518,3.329711
1780,-0.0027980588000000002,-0.431721,0.122954518,2.9277010000000003
1781,-0.0027971588000000004,-0.431721,0.122954518,2.525691
1782,-0.0027962588000000005,-0.41162050000000006,0.124039945,2.08348
1783,-0.0027953588000000007,-0.4518215,0.121869091,1.7216710000000002
1784,-0.0027944588000000004,-0.41162050000000006,0.121869091,1.4804650000000001
1785,-0.0027935588000000005,-0.431721,0.122954518,1.400063
1786,-0.0027926588000000002,-0.41162050000000006,0.124039945,1.520666
1787,-0.0027917588000000004,-0.41162050000000006,0.122954518,1.7216710000000002
1788,-0.0027908588000000005,-0.431721,0.122954518,2.043279
1789,-0.0027899588000000006,-0.431721,0.122954518,2.405088
1790,-0.0027890588000000003,-0.431721,0.122954518,2.766897
1791,-0.0027881588000000005,-0.431721,0.122954518,3.0483040000000003
1792,-0.0027872588,-0.41162050000000006,0.122954518,3.3699120000000002
1793,-0.0027863588000000003,-0.41162050000000006,0.122954518,3.530716
1794,-0.0027854588000000005,-0.431721,0.121869091,3.450314
1795,-0.0027845588000000006,-0.431721,0.120783664,3.450314
1796,-0.0027836588000000008,-0.41162050000000006,0.122954518,3.1689070000000004
1797,-0.0027827588000000005,-0.4518215,0.122954518,2.847299
1798,-0.0027818588,-0.431721,0.124039945,2.4854900000000004
1799,-0.0027809588000000003,-0.431721,0.122954518,2.1236810000000004
1800,-0.0027800588000000005,-0.41162050000000006,0.120783664,1.8020730000000003
1801,-0.0027791588000000006,-0.431721,0.122954518,1.5608670000000002
1802,-0.0027782588000000007,-0.431721,0.122954518,1.400063
1803,-0.0027773588000000004,-0.39152,0.120783664,1.4402640000000002
1804,-0.0027764588,-0.41162050000000006,0.121869091,1.5608670000000002
1805,-0.0027755588000000003,-0.431721,0.120783664,1.8422740000000002
1806,-0.0027746588000000004,-0.41162050000000006,0.121869091,2.2442840000000004
1807,-0.0027737588000000006,-0.41162050000000006,0.120783664,2.646294
1808,-0.0027728588000000007,-0.41162050000000006,0.122954518,3.008103
1809,-0.0027719588000000004,-0.4518215,0.122954518,3.28951
1810,-0.0027710588,-0.431721,0.121869091,3.4905150000000003
1811,-0.0027701588000000003,-0.41162050000000006,0.122954518,3.450314
1812,-0.0027692588000000004,-0.41162050000000006,0.121869091,3.128706
1813,-0.0027683588000000005,-0.41162050000000006,0.121869091,2.8070980000000003
1814,-0.0027674588000000007,-0.431721,0.122954518,2.3648870000000004
1815,-0.0027665588000000004,-0.41162050000000006,0.124039945,1.8422740000000002
1816,-0.0027656588000000005,-0.4518215,0.122954518,1.5608670000000002
1817,-0.0027647588000000002,-0.41162050000000006,0.122954518,1.4402640000000002
1818,-0.0027638588000000004,-0.39152,0.122954518,1.6010680000000002
1819,-0.0027629588000000005,-0.431721,0.122954518,1.8824750000000001
1820,-0.0027620588000000007,-0.431721,0.124039945,2.3648870000000004
1821,-0.0027611588000000004,-0.431721,0.122954518,2.847299
1822,-0.0027602588000000005,-0.431721,0.124039945,3.209108
1823,-0.0027593588000000002,-0.431721,0.122954518,3.4905150000000003
1824,-0.0027584588000000004,-0.41162050000000006,0.124039945,3.450314
1825,-0.0027575588000000005,-0.431721,0.122954518,3.2493090000000002
1826,-0.0027566588000000006,-0.41162050000000006,0.124039945,2.8070980000000003
1827,-0.0027557588000000004,-0.41162050000000006,0.122954518,2.405088
1828,-0.0027548588000000005,-0.41162050000000006,0.122954518,1.922676
1829,-0.0027539588,-0.41162050000000006,0.121869091,1.5608670000000002
1830,-0.0027530588000000003,-0.431721,0.122954518,1.4402640000000002
1831,-0.0027521588000000005,-0.431721,0.121869091,1.4402640000000002
1832,-0.0027512588000000006,-0.41162050000000006,0.121869091,1.7216710000000002
1833,-0.0027503588000000008,-0.41162050000000006,0.121869091,2.1236810000000004
1834,-0.0027494588000000005,-0.39152,0.122954518,2.525691
1835,-0.0027485588,-0.431721,0.121869091,2.9277010000000003
1836,-0.0027476588000000003,-0.431721,0.122954518,3.2493090000000002
1837,-0.0027467588000000005,-0.431721,0.121869091,3.450314
1838,-0.0027458588000000006,-0.431721,0.122954518,3.4905150000000003
1839,-0.0027449588000000007,-0.4518215,0.121869091,3.3699120000000002
1840,-0.0027440588000000004,-0.41162050000000006,0.122954518,3.1689070000000004
1841,-0.0027431588,-0.41162050000000006,0.121869091,2.847299
1842,-0.0027422588000000003,-0.431721,0.122954518,2.4452890000000003
1843,-0.0027413588000000004,-0.41162050000000006,0.122954518,2.08348
1844,-0.0027404588000000006,-0.41162050000000006,0.122954518,1.761872
1845,-0.0027395588000000007,-0.41162050000000006,0.122954518,1.520666
1846,-0.0027386588000000004,-0.431721,0.122954518,1.4402640000000002
1847,-0.0027377588,-0.41162050000000006,0.122954518,1.4804650000000001
1848,-0.0027368588000000003,-0.39152,0.121869091,1.6010680000000002
1849,-0.0027359588000000004,-0.431721,0.122954518,1.761872
1850,-0.0027350588000000006,-0.431721,0.122954518,2.1236810000000004
1851,-0.0027341588000000007,-0.4518215,0.122954518,2.4452890000000003
1852,-0.0027332588000000004,-0.431721,0.122954518,2.766897
1853,-0.0027323588000000005,-0.41162050000000006,0.124039945,3.128706
1854,-0.0027314588000000002,-0.41162050000000006,0.124039945,3.329711
1855,-0.0027305588000000004,-0.41162050000000006,0.122954518,3.530716
1856,-0.0027296588000000005,-0.431721,0.124039945,3.4905150000000003
1857,-0.0027287588000000007,-0.431721,0.122954518,3.3699120000000002
1858,-0.0027278588000000004,-0.431721,0.121869091,3.088505
1859,-0.0027269588000000005,-0.41162050000000006,0.122954518,2.6864950000000003
1860,-0.0027260588000000002,-0.41162050000000006,0.122954518,2.3246860000000003
1861,-0.0027251588000000004,-0.41162050000000006,0.122954518,1.922676
1862,-0.0027242588000000005,-0.41162050000000006,0.124039945,1.5608670000000002
1863,-0.0027233588000000006,-0.431721,0.124039945,1.4402640000000002
1864,-0.0027224588000000004,-0.431721,0.122954518,1.4402640000000002
1865,-0.0027215588000000005,-0.39152,0.122954518,1.641269
1866,-0.0027206588,-0.41162050000000006,0.124039945,1.9628770000000002
1867,-0.0027197588000000003,-0.431721,0.124039945,2.405088
1868,-0.0027188588000000005,-0.431721,0.122954518,2.8070980000000003
1869,-0.0027179588000000006,-0.41162050000000006,0.122954518,3.2493090000000002
1870,-0.0027170588000000008,-0.41162050000000006,0.122954518,3.4905150000000003
1871,-0.0027161588000000005,-0.41162050000000006,0.122954518,3.450314
1872,-0.0027152588,-0.4518215,0.122954518,3.28951
1873,-0.0027143588000000003,-0.41162050000000006,0.121869091,2.9277010000000003
1874,-0.0027134588000000005,-0.431721,0.121869091,2.4452890000000003
1875,-0.0027125588000000006,-0.41162050000000006,0.122954518,1.9628770000000002
1876,-0.0027116588000000007,-0.41162050000000006,0.122954518,1.641269
1877,-0.0027107588000000005,-0.41162050000000006,0.122954518,1.4402640000000002
1878,-0.0027098588,-0.41162050000000006,0.122954518,1.4402640000000002
1879,-0.0027089588000000003,-0.41162050000000006,0.122954518,1.761872
1880,-0.0027080588000000004,-0.41162050000000006,0.124039945,2.163882
1881,-0.0027071588000000006,-0.41162050000000006,0.122954518,2.646294
1882,-0.0027062588000000007,-0.41162050000000006,0.122954518,3.088505
1883,-0.0027053588000000004,-0.41162050000000006,0.122954518,3.3699120000000002
1884,-0.0027044588,-0.431721,0.122954518,3.4905150000000003
1885,-0.0027035588000000003,-0.39152,0.122954518,3.450314
1886,-0.0027026588000000004,-0.41162050000000006,0.124039945,3.1689070000000004
1887,-0.0027017588000000006,-0.41162050000000006,0.122954518,2.847299
1888,-0.0027008588000000007,-0.41162050000000006,0.122954518,2.4452890000000003
1889,-0.0026999588000000004,-0.431721,0.122954518,1.9628770000000002
1890,-0.0026990588000000005,-0.41162050000000006,0.122954518,1.6814700000000002
1891,-0.0026981588000000003,-0.39152,0.122954518,1.4804650000000001
1892,-0.0026972588000000004,-0.41162050000000006,0.122954518,1.4402640000000002
1893,-0.0026963588000000005,-0.41162050000000006,0.122954518,1.520666
1894,-0.0026954588000000007,-0.41162050000000006,0.124039945,1.7216710000000002
1895,-0.0026945588000000004,-0.41162050000000006,0.122954518,2.163882
1896,-0.0026936588000000005,-0.41162050000000006,0.121869091,2.4854900000000004
1897,-0.0026927588000000002,-0.39152,0.122954518,2.726696
1898,-0.0026918588000000004,-0.39152,0.121869091,3.088505
1899,-0.0026909588000000005,-0.39152,0.121869091,3.3699120000000002
1900,-0.0026900588000000007,-0.431721,0.121869091,3.570917
1901,-0.0026891588000000004,-0.41162050000000006,0.121869091,3.4905150000000003
1902,-0.0026882588000000005,-0.41162050000000006,0.121869091,3.3699120000000002
1903,-0.0026873588,-0.39152,0.124039945,3.1689070000000004
1904,-0.0026864588000000003,-0.431721,0.122954518,2.8875
1905,-0.0026855588000000005,-0.41162050000000006,0.122954518,2.4452890000000003
1906,-0.0026846588000000006,-0.39152,0.121869091,2.1236810000000004
1907,-0.0026837588000000003,-0.39152,0.120783664,1.8422740000000002
1908,-0.0026828588000000005,-0.41162050000000006,0.122954518,1.6010680000000002
1909,-0.0026819588,-0.41162050000000006,0.122954518,1.4804650000000001
1910,-0.0026810588000000003,-0.431721,0.122954518,1.4402640000000002
1911,-0.0026801588000000005,-0.431721,0.121869091,1.6010680000000002
1912,-0.0026792588000000006,-0.4518215,0.121869091,1.8824750000000001
1913,-0.0026783588000000007,-0.41162050000000006,0.120783664,2.2040830000000002
1914,-0.0026774588000000005,-0.41162050000000006,0.122954518,2.646294
1915,-0.0026765588,-0.41162050000000006,0.122954518,2.967902
1916,-0.0026756588000000003,-0.431721,0.122954518,3.2493090000000002
1917,-0.0026747588000000004,-0.41162050000000006,0.122954518,3.4905150000000003
1918,-0.0026738588000000006,-0.39152,0.122954518,3.4905150000000003
1919,-0.0026729588000000007,-0.431721,0.124039945,3.28951
1920,-0.0026720588000000004,-0.41162050000000006,0.122954518,2.967902
1921,-0.0026711588,-0.431721,0.124039945,2.5658920000000003
1922,-0.0026702588000000003,-0.431721,0.121869091,2.1236810000000004
1923,-0.0026693588000000004,-0.39152,0.124039945,1.7216710000000002
1924,-0.0026684588000000006,-0.431721,0.122954518,1.4402640000000002
1925,-0.0026675588000000007,-0.41162050000000006,0.121869091,1.4804650000000001
1926,-0.0026666588000000004,-0.431721,0.124039945,1.6010680000000002
1927,-0.0026657588000000005,-0.41162050000000006,0.124039945,1.9628770000000002
1928,-0.0026648588000000003,-0.39152,0.121869091,2.405088
1929,-0.0026639588000000004,-0.4518215,0.122954518,2.8875
1930,-0.0026630588000000005,-0.41162050000000006,0.122954518,3.2493090000000002
1931,-0.0026621588000000007,-0.41162050000000006,0.122954518,3.410113
1932,-0.0026612588000000004,-0.41162050000000006,0.121869091,3.4905150000000003
1933,-0.0026603588000000005,-0.41162050000000006,0.122954518,3.2493090000000002
1934,-0.0026594588000000002,-0.41162050000000006,0.124039945,2.8875
1935,-0.0026585588000000004,-0.41162050000000006,0.122954518,2.4452890000000003
1936,-0.0026576588000000005,-0.41162050000000006,0.122954518,2.0030780000000004
1937,-0.0026567588000000007,-0.431721,0.121869091,1.6010680000000002
1938,-0.0026558588000000004,-0.431721,0.122954518,1.4402640000000002
1939,-0.0026549588000000005,-0.39152,0.121869091,1.4402640000000002
1940,-0.0026540588,-0.41162050000000006,0.122954518,1.641269
1941,-0.0026531588000000004,-0.39152,0.122954518,2.043279
1942,-0.0026522588000000005,-0.39152,0.121869091,2.405088
1943,-0.0026513588000000006,-0.41162050000000006,0.122954518,2.766897
1944,-0.0026504588000000003,-0.39152,0.122954518,3.128706
1945,-0.0026495588000000005,-0.39152,0.121869091,3.3699120000000002
1946,-0.0026486588,-0.41162050000000006,0.122954518,3.530716
1947,-0.0026477588000000003,-0.39152,0.122954518,3.450314
1948,-0.0026468588000000005,-0.41162050000000006,0.122954518,3.28951
1949,-0.0026459588000000006,-0.39152,0.124039945,2.9277010000000003
1950,-0.0026450588000000008,-0.39152,0.122954518,2.5658920000000003
1951,-0.0026441588000000005,-0.39152,0.124039945,2.2040830000000002
1952,-0.0026432588,-0.3714195,0.122954518,1.8824750000000001
1953,-0.0026423588000000003,-0.41162050000000006,0.122954518,1.6814700000000002
1954,-0.0026414588000000004,-0.39152,0.124039945,1.4804650000000001
1955,-0.0026405588000000006,-0.41162050000000006,0.124039945,1.400063
1956,-0.0026396588000000007,-0.41162050000000006,0.122954518,1.4804650000000001
1957,-0.0026387588000000004,-0.41162050000000006,0.124039945,1.641269
1958,-0.0026378588,-0.41162050000000006,0.122954518,1.9628770000000002
1959,-0.0026369588000000003,-0.41162050000000006,0.122954518,2.2442840000000004
1960,-0.0026360588000000004,-0.41162050000000006,0.124039945,2.5658920000000003
1961,-0.0026351588000000006,-0.41162050000000006,0.124039945,2.967902
1962,-0.0026342588000000007,-0.431721,0.124039945,3.2493090000000002
1963,-0.0026333588000000004,-0.41162050000000006,0.121869091,3.450314
1964,-0.0026324588000000006,-0.41162050000000006,0.124039945,3.530716
1965,-0.0026315588000000003,-0.431721,0.122954518,3.450314
1966,-0.0026306588000000004,-0.39152,0.122954518,3.329711
1967,-0.0026297588000000005,-0.39152,0.121869091,3.0483040000000003
1968,-0.0026288588000000007,-0.41162050000000006,0.121869091,2.6864950000000003
1969,-0.0026279588000000004,-0.41162050000000006,0.122954518,2.4452890000000003
1970,-0.0026270588000000005,-0.41162050000000006,0.121869091,2.0030780000000004
1971,-0.0026261588000000002,-0.431721,0.121869091,1.6814700000000002
1972,-0.0026252588000000004,-0.431721,0.121869091,1.520666
1973,-0.0026243588000000005,-0.41162050000000006,0.122954518,1.400063
1974,-0.0026234588000000007,-0.39152,0.124039945,1.5608670000000002
1975,-0.0026225588000000004,-0.431721,0.121869091,1.8020730000000003
1976,-0.0026216588000000005,-0.431721,0.124039945,2.2040830000000002
1977,-0.0026207588,-0.41162050000000006,0.122954518,2.646294
1978,-0.0026198588000000004,-0.39152,0.122954518,3.0483040000000003
1979,-0.0026189588000000005,-0.41162050000000006,0.122954518,3.3699120000000002
1980,-0.0026180588000000006,-0.41162050000000006,0.124039945,3.4905150000000003
1981,-0.0026171588000000003,-0.431721,0.124039945,3.450314
1982,-0.0026162588000000005,-0.39152,0.122954518,3.2493090000000002
1983,-0.0026153588,-0.39152,0.122954518,2.8070980000000003
1984,-0.0026144588000000003,-0.3714195,0.122954518,2.4452890000000003
1985,-0.0026135588000000005,-0.41162050000000006,0.122954518,1.9628770000000002
1986,-0.0026126588000000006,-0.41162050000000006,0.124039945,1.641269
1987,-0.0026117588000000008,-0.39152,0.122954518,1.4402640000000002
1988,-0.0026108588000000005,-0.39152,0.122954518,1.4804650000000001
1989,-0.0026099588,-0.41162050000000006,0.124039945,1.641269
1990,-0.0026090588000000003,-0.39152,0.122954518,2.08348
1991,-0.0026081588000000005,-0.41162050000000006,0.124039945,2.5658920000000003
1992,-0.0026072588000000006,-0.39152,0.121869091,2.9277010000000003
1993,-0.0026063588000000007,-0.41162050000000006,0.122954518,3.2493090000000002
1994,-0.0026054588000000004,-0.3714195,0.122954518,3.4905150000000003
1995,-0.0026045588,-0.39152,0.121869091,3.4905150000000003
1996,-0.0026036588000000003,-0.39152,0.122954518,3.28951
1997,-0.0026027588000000004,-0.39152,0.122954518,2.967902
1998,-0.0026018588000000006,-0.39152,0.124039945,2.5658920000000003
1999,-0.0026009588000000007,-0.39152,0.124039945,2.2040830000000002
2000,-0.0026000588000000004,-0.39152,0.122954518,1.8020730000000003
2001,-0.0025991588,-0.39152,0.121869091,1.6010680000000002
2002,-0.0025982588000000003,-0.35131900000000005,0.122954518,1.4804650000000001
2003,-0.0025973588000000004,-0.39152,0.120783664,1.4804650000000001
2004,-0.0025964588000000005,-0.39152,0.122954518,1.641269
2005,-0.0025955588000000007,-0.39152,0.122954518,1.8824750000000001
2006,-0.0025946588000000004,-0.3714195,0.121869091,2.2442840000000004
2007,-0.0025937588000000005,-0.3714195,0.121869091,2.606093
2008,-0.0025928588000000002,-0.39152,0.122954518,2.847299
2009,-0.0025919588000000004,-0.41162050000000006,0.122954518,3.1689070000000004
2010,-0.0025910588000000005,-0.41162050000000006,0.122954518,3.3699120000000002
2011,-0.0025901588000000007,-0.3714195,0.122954518,3.4905150000000003
2012,-0.0025892588000000004,-0.39152,0.122954518,3.4905150000000003
2013,-0.0025883588000000005,-0.39152,0.122954518,3.410113
2014,-0.0025874588000000002,-0.39152,0.122954518,3.2493090000000002
2015,-0.0025865588000000004,-0.431721,0.122954518,3.0483040000000003
2016,-0.0025856588000000005,-0.41162050000000006,0.122954518,2.726696
2017,-0.0025847588000000006,-0.41162050000000006,0.124039945,2.4452890000000003
2018,-0.0025838588000000003,-0.41162050000000006,0.122954518,2.163882
2019,-0.0025829588000000005,-0.41162050000000006,0.122954518,1.8422740000000002
2020,-0.0025820588,-0.41162050000000006,0.122954518,1.641269
2021,-0.0025811588000000003,-0.41162050000000006,0.124039945,1.4804650000000001
2022,-0.0025802588000000005,-0.41162050000000006,0.124039945,1.400063
2023,-0.0025793588000000006,-0.3714195,0.122954518,1.520666
2024,-0.0025784588000000008,-0.39152,0.124039945,1.6010680000000002
2025,-0.0025775588000000005,-0.41162050000000006,0.122954518,1.8422740000000002
2026,-0.0025766588,-0.39152,0.122954518,2.1236810000000004
2027,-0.0025757588000000003,-0.431721,0.122954518,2.4452890000000003
2028,-0.0025748588000000005,-0.41162050000000006,0.124039945,2.8070980000000003
2029,-0.0025739588000000006,-0.39152,0.124039945,3.128706
2030,-0.0025730588000000007,-0.3714195,0.125125372,3.410113
2031,-0.0025721588000000004,-0.3714195,0.122954518,3.530716
2032,-0.0025712588,-0.39152,0.125125372,3.4905150000000003
2033,-0.0025703588000000003,-0.3714195,0.122954518,3.28951
2034,-0.0025694588000000004,-0.39152,0.122954518,3.008103
2035,-0.0025685588000000006,-0.3714195,0.124039945,2.646294
2036,-0.0025676588000000007,-0.39152,0.124039945,2.284485
2037,-0.0025667588000000004,-0.3714195,0.122954518,1.8422740000000002
2038,-0.0025658588,-0.39152,0.124039945,1.520666
2039,-0.0025649588000000003,-0.39152,0.122954518,1.4402640000000002
2040,-0.0025640588000000004,-0.39152,0.124039945,1.4804650000000001
2041,-0.0025631588000000005,-0.35131900000000005,0.122954518,1.8422740000000002
2042,-0.0025622588000000007,-0.39152,0.124039945,2.3246860000000003
2043,-0.0025613588000000004,-0.3714195,0.121869091,2.726696
2044,-0.0025604588000000005,-0.3714195,0.122954518,3.128706
2045,-0.0025595588000000002,-0.39152,0.122954518,3.410113
2046,-0.0025586588000000004,-0.39152,0.122954518,3.530716
2047,-0.0025577588000000005,-0.3714195,0.122954518,3.3699120000000002
2048,-0.0025568588000000007,-0.3714195,0.122954518,3.128706
2049,-0.0025559588000000004,-0.3714195,0.122954518,2.6864950000000003
2050,-0.0025550588000000005,-0.39152,0.122954518,2.2442840000000004
2051,-0.0025541588000000002,-0.39152,0.124039945,1.761872
2052,-0.0025532588000000004,-0.39152,0.122954518,1.4804650000000001
2053,-0.0025523588000000005,-0.3714195,0.122954518,1.4804650000000001
2054,-0.0025514588000000006,-0.39152,0.122954518,1.5608670000000002
2055,-0.0025505588000000004,-0.39152,0.122954518,1.8020730000000003
2056,-0.0025496588000000005,-0.39152,0.124039945,2.08348
2057,-0.0025487588,-0.39152,0.124039945,2.4854900000000004
2058,-0.0025478588000000003,-0.3714195,0.124039945,2.847299
2059,-0.0025469588000000005,-0.39152,0.124039945,3.209108
2060,-0.0025460588000000006,-0.39152,0.122954518,3.3699120000000002
2061,-0.0025451588000000008,-0.39152,0.122954518,3.4905150000000003
2062,-0.0025442588000000005,-0.39152,0.125125372,3.4905150000000003
2063,-0.0025433588,-0.3714195,0.125125372,3.410113
2064,-0.0025424588000000003,-0.3714195,0.122954518,3.209108
2065,-0.0025415588000000005,-0.39152,0.122954518,3.008103
2066,-0.0025406588000000006,-0.41162050000000006,0.124039945,2.726696
2067,-0.0025397588000000007,-0.39152,0.124039945,2.4854900000000004
2068,-0.0025388588000000004,-0.3714195,0.122954518,2.284485
2069,-0.0025379588,-0.3714195,0.124039945,1.922676
2070,-0.0025370588000000003,-0.3714195,0.124039945,1.8422740000000002
2071,-0.0025361588000000004,-0.3714195,0.122954518,1.641269
2072,-0.0025352588000000006,-0.39152,0.124039945,1.520666
2073,-0.0025343588000000007,-0.39152,0.124039945,1.4402640000000002
2074,-0.0025334588000000004,-0.39152,0.122954518,1.400063
2075,-0.0025325588,-0.3714195,0.122954518,1.4804650000000001
2076,-0.0025316588000000003,-0.3714195,0.122954518,1.641269
2077,-0.0025307588000000004,-0.3714195,0.122954518,1.761872
2078,-0.0025298588000000006,-0.39152,0.122954518,2.043279
2079,-0.0025289588000000007,-0.39152,0.124039945,2.284485
2080,-0.0025280588000000004,-0.3714195,0.124039945,2.525691
2081,-0.0025271588000000005,-0.35131900000000005,0.122954518,2.847299
2082,-0.0025262588000000002,-0.39152,0.122954518,3.1689070000000004
2083,-0.0025253588000000004,-0.39152,0.122954518,3.3699120000000002
2084,-0.0025244588000000005,-0.41162050000000006,0.122954518,3.4905150000000003
2085,-0.0025235588000000007,-0.3714195,0.122954518,3.4905150000000003
2086,-0.0025226588000000004,-0.39152,0.122954518,3.410113
2087,-0.0025217588000000005,-0.3714195,0.121869091,3.128706
2088,-0.0025208588000000002,-0.3714195,0.122954518,2.766897
2089,-0.0025199588000000004,-0.39152,0.122954518,2.3648870000000004
2090,-0.0025190588000000005,-0.39152,0.121869091,2.0030780000000004
2091,-0.0025181588000000006,-0.39152,0.122954518,1.641269
2092,-0.0025172588000000004,-0.35131900000000005,0.122954518,1.4402640000000002
2093,-0.0025163588000000005,-0.3714195,0.122954518,1.4804650000000001
2094,-0.0025154588,-0.3714195,0.122954518,1.6814700000000002
2095,-0.0025145588000000003,-0.41162050000000006,0.122954518,2.08348
2096,-0.0025136588000000005,-0.35131900000000005,0.125125372,2.5658920000000003
2097,-0.0025127588000000006,-0.35131900000000005,0.122954518,3.008103
2098,-0.0025118588000000008,-0.39152,0.122954518,3.3699120000000002
2099,-0.0025109588000000005,-0.3714195,0.124039945,3.570917
2100,-0.0025100588,-0.39152,0.122954518,3.410113
2101,-0.0025091588000000003,-0.39152,0.121869091,3.088505
2102,-0.0025082588000000005,-0.3714195,0.124039945,2.6864950000000003
2103,-0.0025073588000000006,-0.39152,0.122954518,2.2442840000000004
2104,-0.0025064588000000007,-0.39152,0.124039945,1.8020730000000003
2105,-0.0025055588000000005,-0.3714195,0.124039945,1.520666
2106,-0.0025046588,-0.3714195,0.125125372,1.400063
2107,-0.0025037588000000003,-0.3714195,0.124039945,1.4804650000000001
2108,-0.0025028588000000004,-0.39152,0.122954518,1.761872
2109,-0.0025019588000000006,-0.3714195,0.122954518,2.163882
2110,-0.0025010588000000007,-0.39152,0.122954518,2.5658920000000003
2111,-0.0025001588000000004,-0.3714195,0.124039945,2.8875
2112,-0.0024992588,-0.3714195,0.124039945,3.1689070000000004
2113,-0.0024983588000000003,-0.39152,0.124039945,3.410113
2114,-0.0024974588000000004,-0.3714195,0.124039945,3.530716
2115,-0.0024965588000000006,-0.3714195,0.122954518,3.4905150000000003
2116,-0.0024956588000000007,-0.3714195,0.124039945,3.450314
2117,-0.0024947588000000004,-0.39152,0.122954518,3.3699120000000002
2118,-0.0024938588000000005,-0.3714195,0.121869091,3.128706
2119,-0.0024929588000000003,-0.39152,0.121869091,2.8875
2120,-0.0024920588000000004,-0.3714195,0.124039945,2.6864950000000003
2121,-0.0024911588000000005,-0.3714195,0.122954518,2.4452890000000003
2122,-0.0024902588000000007,-0.3714195,0.122954518,2.284485
2123,-0.0024893588000000004,-0.39152,0.121869091,2.043279
2124,-0.0024884588000000005,-0.39152,0.122954518,1.8020730000000003
2125,-0.0024875588000000002,-0.3714195,0.122954518,1.641269
2126,-0.0024866588000000004,-0.35131900000000005,0.122954518,1.5608670000000002
2127,-0.0024857588000000005,-0.39152,0.121869091,1.520666
2128,-0.0024848588000000007,-0.35131900000000005,0.122954518,1.4804650000000001
2129,-0.0024839588000000004,-0.39152,0.122954518,1.4402640000000002
2130,-0.0024830588000000005,-0.3714195,0.124039945,1.5608670000000002
2131,-0.0024821588,-0.3714195,0.121869091,1.6010680000000002
2132,-0.0024812588000000003,-0.41162050000000006,0.124039945,1.8020730000000003
2133,-0.0024803588000000005,-0.3714195,0.122954518,1.8824750000000001
2134,-0.0024794588000000006,-0.39152,0.124039945,2.163882
2135,-0.0024785588000000008,-0.39152,0.122954518,2.525691
2136,-0.0024776588000000005,-0.3714195,0.122954518,2.8875
2137,-0.0024767588,-0.35131900000000005,0.121869091,3.088505
2138,-0.0024758588000000003,-0.41162050000000006,0.124039945,3.329711
2139,-0.0024749588000000005,-0.3714195,0.122954518,3.4905150000000003
2140,-0.0024740588000000006,-0.3714195,0.124039945,3.450314
2141,-0.0024731588000000007,-0.39152,0.124039945,3.410113
2142,-0.0024722588000000005,-0.39152,0.122954518,3.088505
2143,-0.0024713588,-0.3714195,0.124039945,2.6864950000000003
2144,-0.0024704588000000003,-0.3714195,0.122954518,2.3246860000000003
2145,-0.0024695588000000004,-0.35131900000000005,0.125125372,1.8824750000000001
2146,-0.0024686588000000006,-0.3714195,0.125125372,1.5608670000000002
2147,-0.0024677588000000007,-0.39152,0.124039945,1.4804650000000001
2148,-0.0024668588000000004,-0.3714195,0.122954518,1.5608670000000002
2149,-0.0024659588,-0.35131900000000005,0.122954518,1.761872
2150,-0.0024650588000000003,-0.3714195,0.122954518,2.3246860000000003
2151,-0.0024641588000000004,-0.35131900000000005,0.124039945,2.8070980000000003
2152,-0.0024632588000000006,-0.3714195,0.121869091,3.1689070000000004
2153,-0.0024623588000000007,-0.3714195,0.122954518,3.450314
2154,-0.0024614588000000004,-0.3714195,0.124039945,3.4905150000000003
2155,-0.0024605588000000005,-0.39152,0.122954518,3.2493090000000002
2156,-0.0024596588000000003,-0.39152,0.124039945,2.847299
2157,-0.0024587588000000004,-0.3714195,0.122954518,2.4452890000000003
2158,-0.0024578588000000005,-0.41162050000000006,0.122954518,1.9628770000000002
2159,-0.0024569588000000007,-0.3714195,0.124039945,1.641269
2160,-0.0024560588000000004,-0.39152,0.124039945,1.520666
2161,-0.0024551588000000005,-0.3714195,0.121869091,1.4402640000000002
2162,-0.0024542588000000002,-0.3714195,0.122954518,1.6010680000000002
2163,-0.0024533588000000004,-0.3714195,0.122954518,1.8422740000000002
2164,-0.0024524588000000005,-0.39152,0.122954518,2.163882
2165,-0.0024515588000000007,-0.3714195,0.124039945,2.4854900000000004
2166,-0.0024506588000000004,-0.3714195,0.124039945,2.8070980000000003
2167,-0.0024497588000000005,-0.3714195,0.124039945,3.088505
2168,-0.0024488588,-0.3714195,0.125125372,3.28951
2169,-0.0024479588000000004,-0.3714195,0.124039945,3.450314
2170,-0.0024470588000000005,-0.3714195,0.124039945,3.4905150000000003
2171,-0.0024461588000000006,-0.35131900000000005,0.124039945,3.530716
2172,-0.0024452588000000003,-0.3714195,0.122954518,3.410113
2173,-0.0024443588000000005,-0.35131900000000005,0.125125372,3.3699120000000002
2174,-0.0024434588000000006,-0.3714195,0.124039945,3.209108
2175,-0.0024425588000000003,-0.39152,0.124039945,3.128706
2176,-0.0024416588000000005,-0.39152,0.122954518,2.8875
2177,-0.0024407588000000006,-0.3714195,0.125125372,2.726696
2178,-0.0024398588000000003,-0.35131900000000005,0.122954518,2.5658920000000003
2179,-0.0024389588000000005,-0.3714195,0.125125372,2.3648870000000004
2180,-0.0024380588000000006,-0.35131900000000005,0.122954518,2.163882
2181,-0.0024371588000000003,-0.35131900000000005,0.122954518,1.922676
2182,-0.0024362588000000004,-0.3714195,0.122954518,1.761872
2183,-0.0024353588000000006,-0.3714195,0.125125372,1.6010680000000002
2184,-0.0024344588000000003,-0.39152,0.124039945,1.520666
2185,-0.0024335588000000004,-0.3714195,0.122954518,1.4804650000000001
2186,-0.0024326588000000006,-0.3714195,0.124039945,1.4402640000000002
2187,-0.0024317588000000003,-0.3714195,0.122954518,1.4804650000000001
2188,-0.0024308588000000004,-0.3714195,0.124039945,1.6010680000000002
2189,-0.0024299588000000006,-0.35131900000000005,0.124039945,1.8020730000000003
2190,-0.0024290588000000003,-0.3714195,0.124039945,2.043279
2191,-0.0024281588000000004,-0.35131900000000005,0.124039945,2.3246860000000003
2192,-0.0024272588000000006,-0.35131900000000005,0.124039945,2.6864950000000003
2193,-0.0024263588000000003,-0.3714195,0.125125372,2.967902
2194,-0.0024254588000000004,-0.3714195,0.124039945,3.28951
2195,-0.0024245588000000005,-0.3714195,0.125125372,3.530716
2196,-0.0024236588000000002,-0.35131900000000005,0.125125372,3.4905150000000003
2197,-0.0024227588000000004,-0.3714195,0.125125372,3.3699120000000002
2198,-0.0024218588000000005,-0.35131900000000005,0.124039945,3.0483040000000003
2199,-0.0024209588000000007,-0.35131900000000005,0.124039945,2.6864950000000003
2200,-0.0024200588000000004,-0.35131900000000005,0.124039945,2.163882
2201,-0.0024191588000000005,-0.3714195,0.122954518,1.761872
2202,-0.0024182588000000007,-0.3714195,0.122954518,1.5608670000000002
2203,-0.0024173588000000004,-0.3714195,0.124039945,1.400063
2204,-0.0024164588000000005,-0.3714195,0.124039945,1.641269
2205,-0.0024155588000000006,-0.35131900000000005,0.122954518,2.0030780000000004
2206,-0.0024146588000000004,-0.3714195,0.124039945,2.405088
2207,-0.0024137588000000005,-0.3714195,0.124039945,2.847299
2208,-0.0024128588000000006,-0.35131900000000005,0.124039945,3.2493090000000002
2209,-0.0024119588000000003,-0.35131900000000005,0.122954518,3.4905150000000003
2210,-0.0024110588000000005,-0.3714195,0.122954518,3.530716
2211,-0.0024101588000000006,-0.35131900000000005,0.122954518,3.28951
2212,-0.0024092588000000003,-0.3714195,0.124039945,2.967902
2213,-0.0024083588000000005,-0.35131900000000005,0.122954518,2.5658920000000003
2214,-0.0024074588000000006,-0.3714195,0.124039945,2.2040830000000002
2215,-0.0024065588000000003,-0.39152,0.122954518,1.8020730000000003
2216,-0.0024056588000000005,-0.35131900000000005,0.125125372,1.520666
2217,-0.0024047588000000006,-0.3714195,0.124039945,1.4402640000000002
2218,-0.0024038588000000003,-0.35131900000000005,0.124039945,1.4804650000000001
2219,-0.0024029588000000004,-0.3312185000000001,0.124039945,1.6010680000000002
2220,-0.0024020588000000006,-0.35131900000000005,0.124039945,1.761872
2221,-0.0024011588000000003,-0.3714195,0.125125372,2.0030780000000004
2222,-0.0024002588000000004,-0.3714195,0.124039945,2.284485
2223,-0.0023993588000000006,-0.3714195,0.122954518,2.5658920000000003
2224,-0.0023984588000000003,-0.35131900000000005,0.122954518,2.8070980000000003
2225,-0.0023975588000000004,-0.35131900000000005,0.124039945,2.967902
2226,-0.0023966588000000006,-0.3312185000000001,0.125125372,3.2493090000000002
2227,-0.0023957588000000003,-0.35131900000000005,0.125125372,3.329711
2228,-0.0023948588000000004,-0.3312185000000001,0.122954518,3.4905150000000003
2229,-0.0023939588000000006,-0.3714195,0.122954518,3.530716
2230,-0.0023930588000000003,-0.3312185000000001,0.124039945,3.530716
2231,-0.0023921588000000004,-0.3312185000000001,0.122954518,3.530716
2232,-0.0023912588000000005,-0.35131900000000005,0.124039945,3.410113
2233,-0.0023903588000000003,-0.3714195,0.122954518,3.3699120000000002
2234,-0.0023894588000000004,-0.35131900000000005,0.124039945,3.1689070000000004
2235,-0.0023885588000000005,-0.35131900000000005,0.122954518,3.008103
2236,-0.0023876588000000007,-0.35131900000000005,0.124039945,2.8070980000000003
2237,-0.0023867588000000004,-0.3714195,0.124039945,2.5658920000000003
2238,-0.0023858588000000005,-0.35131900000000005,0.125125372,2.3246860000000003
2239,-0.0023849588000000007,-0.39152,0.125125372,2.08348
2240,-0.0023840588000000004,-0.3714195,0.122954518,1.8824750000000001
2241,-0.0023831588000000005,-0.3714195,0.121869091,1.6010680000000002
2242,-0.0023822588000000007,-0.35131900000000005,0.120783664,1.520666
2243,-0.0023813588000000004,-0.3714195,0.122954518,1.4402640000000002
2244,-0.0023804588000000005,-0.35131900000000005,0.124039945,1.4804650000000001
2245,-0.0023795588000000006,-0.3714195,0.125125372,1.5608670000000002
2246,-0.0023786588000000003,-0.35131900000000005,0.122954518,1.761872
2247,-0.0023777588000000005,-0.3714195,0.122954518,2.163882
2248,-0.0023768588000000006,-0.3714195,0.122954518,2.606093
2249,-0.0023759588000000003,-0.35131900000000005,0.124039945,2.967902
2250,-0.0023750588000000005,-0.3312185000000001,0.124039945,3.329711
2251,-0.0023741588000000006,-0.3714195,0.122954518,3.4905150000000003
2252,-0.0023732588000000003,-0.3312185000000001,0.122954518,3.530716
2253,-0.0023723588000000005,-0.3714195,0.122954518,3.3699120000000002
2254,-0.0023714588000000006,-0.35131900000000005,0.124039945,3.088505
2255,-0.0023705588000000003,-0.3312185000000001,0.122954518,2.646294
2256,-0.0023696588000000005,-0.35131900000000005,0.124039945,2.163882
2257,-0.0023687588000000006,-0.35131900000000005,0.122954518,1.6814700000000002
2258,-0.0023678588000000003,-0.3714195,0.122954518,1.4804650000000001
2259,-0.0023669588000000004,-0.3312185000000001,0.124039945,1.4804650000000001
2260,-0.0023660588000000006,-0.3714195,0.122954518,1.641269
2261,-0.0023651588000000003,-0.35131900000000005,0.125125372,1.9628770000000002
2262,-0.0023642588000000004,-0.3714195,0.124039945,2.405088
2263,-0.0023633588000000006,-0.35131900000000005,0.122954518,2.847299
2264,-0.0023624588000000003,-0.3312185000000001,0.124039945,3.2493090000000002
2265,-0.0023615588000000004,-0.35131900000000005,0.125125372,3.4905150000000003
2266,-0.0023606588000000006,-0.35131900000000005,0.124039945,3.530716
2267,-0.0023597588000000003,-0.3312185000000001,0.125125372,3.410113
2268,-0.0023588588000000004,-0.35131900000000005,0.124039945,3.128706
2269,-0.0023579588000000005,-0.3714195,0.125125372,2.847299
2270,-0.0023570588000000003,-0.35131900000000005,0.125125372,2.405088
2271,-0.0023561588000000004,-0.35131900000000005,0.125125372,2.08348
2272,-0.0023552588000000005,-0.3714195,0.124039945,1.8020730000000003
2273,-0.0023543588000000002,-0.3312185000000001,0.124039945,1.6010680000000002
2274,-0.0023534588000000004,-0.35131900000000005,0.124039945,1.4402640000000002
2275,-0.0023525588000000005,-0.3312185000000001,0.124039945,1.4402640000000002
2276,-0.0023516588000000007,-0.3714195,0.122954518,1.4804650000000001
2277,-0.0023507588000000004,-0.35131900000000005,0.124039945,1.6814700000000002
2278,-0.0023498588000000005,-0.3714195,0.122954518,1.8422740000000002
2279,-0.0023489588000000007,-0.3312185000000001,0.124039945,2.043279
2280,-0.0023480588000000004,-0.3714195,0.122954518,2.3246860000000003
2281,-0.0023471588000000005,-0.3312185000000001,0.122954518,2.525691
2282,-0.0023462588000000006,-0.3312185000000001,0.122954518,2.766897
2283,-0.0023453588000000004,-0.3312185000000001,0.122954518,3.0483040000000003
2284,-0.0023444588000000005,-0.35131900000000005,0.122954518,3.1689070000000004
2285,-0.0023435588000000006,-0.35131900000000005,0.122954518,3.329711
2286,-0.0023426588000000003,-0.35131900000000005,0.121869091,3.450314
2287,-0.0023417588000000005,-0.35131900000000005,0.124039945,3.4905150000000003
2288,-0.0023408588000000006,-0.35131900000000005,0.122954518,3.530716
2289,-0.0023399588000000003,-0.35131900000000005,0.124039945,3.450314
2290,-0.0023390588000000005,-0.35131900000000005,0.122954518,3.3699120000000002
2291,-0.0023381588000000006,-0.35131900000000005,0.124039945,3.1689070000000004
2292,-0.0023372588000000003,-0.3714195,0.122954518,2.9277010000000003
2293,-0.0023363588000000005,-0.35131900000000005,0.122954518,2.6864950000000003
2294,-0.0023354588000000006,-0.3312185000000001,0.122954518,2.3648870000000004
2295,-0.0023345588000000003,-0.35131900000000005,0.122954518,2.163882
2296,-0.0023336588000000004,-0.3714195,0.122954518,1.8020730000000003
2297,-0.0023327588000000006,-0.35131900000000005,0.122954518,1.641269
2298,-0.0023318588000000003,-0.35131900000000005,0.124039945,1.4804650000000001
2299,-0.0023309588000000004,-0.3714195,0.124039945,1.400063
2300,-0.0023300588000000006,-0.35131900000000005,0.124039945,1.520666
2301,-0.0023291588000000003,-0.35131900000000005,0.125125372,1.8020730000000003
2302,-0.0023282588000000004,-0.3312185000000001,0.122954518,2.163882
2303,-0.0023273588000000006,-0.3312185000000001,0.125125372,2.525691
2304,-0.0023264588000000003,-0.3714195,0.122954518,2.8875
2305,-0.0023255588000000004,-0.311118,0.124039945,3.2493090000000002
2306,-0.0023246588000000006,-0.35131900000000005,0.125125372,3.4905150000000003
2307,-0.0023237588000000003,-0.3312185000000001,0.125125372,3.4905150000000003
2308,-0.0023228588000000004,-0.3312185000000001,0.125125372,3.450314
2309,-0.0023219588000000005,-0.3714195,0.125125372,3.088505
2310,-0.0023210588000000002,-0.3312185000000001,0.124039945,2.5658920000000003
2311,-0.0023201588000000004,-0.35131900000000005,0.122954518,2.1236810000000004
2312,-0.0023192588000000005,-0.311118,0.124039945,1.7216710000000002
2313,-0.0023183588000000007,-0.35131900000000005,0.124039945,1.520666
2314,-0.0023174588000000004,-0.35131900000000005,0.124039945,1.4402640000000002
2315,-0.0023165588000000005,-0.3714195,0.124039945,1.5608670000000002
2316,-0.0023156588000000007,-0.35131900000000005,0.122954518,1.8824750000000001
2317,-0.0023147588000000004,-0.311118,0.122954518,2.3246860000000003
2318,-0.0023138588000000005,-0.35131900000000005,0.125125372,2.8070980000000003
2319,-0.0023129588000000006,-0.3312185000000001,0.125125372,3.1689070000000004
2320,-0.0023120588000000004,-0.35131900000000005,0.124039945,3.3699120000000002
2321,-0.0023111588000000005,-0.3714195,0.124039945,3.530716
2322,-0.0023102588000000006,-0.311118,0.122954518,3.4905150000000003
2323,-0.0023093588000000003,-0.35131900000000005,0.122954518,3.28951
2324,-0.0023084588000000005,-0.35131900000000005,0.122954518,3.0483040000000003
2325,-0.0023075588000000006,-0.35131900000000005,0.124039945,2.6864950000000003
2326,-0.0023066588000000003,-0.3312185000000001,0.124039945,2.3246860000000003
2327,-0.0023057588000000005,-0.3312185000000001,0.125125372,2.0030780000000004
2328,-0.0023048588000000006,-0.35131900000000005,0.122954518,1.7216710000000002
2329,-0.0023039588000000003,-0.35131900000000005,0.122954518,1.520666
2330,-0.0023030588000000005,-0.3714195,0.124039945,1.4402640000000002
2331,-0.0023021588000000006,-0.3312185000000001,0.122954518,1.4804650000000001
2332,-0.0023012588000000003,-0.35131900000000005,0.122954518,1.4804650000000001
2333,-0.0023003588000000004,-0.35131900000000005,0.122954518,1.641269
2334,-0.0022994588000000006,-0.3312185000000001,0.122954518,1.922676
2335,-0.0022985588000000003,-0.3312185000000001,0.124039945,2.163882
2336,-0.0022976588000000004,-0.35131900000000005,0.122954518,2.4452890000000003
2337,-0.0022967588000000006,-0.3714195,0.124039945,2.6864950000000003
2338,-0.0022958588000000003,-0.3312185000000001,0.124039945,2.967902
2339,-0.0022949588000000004,-0.35131900000000005,0.125125372,3.1689070000000004
2340,-0.0022940588000000006,-0.35131900000000005,0.124039945,3.329711
2341,-0.0022931588000000003,-0.35131900000000005,0.124039945,3.4905150000000003
2342,-0.0022922588000000004,-0.35131900000000005,0.12621079899999998,3.6111180000000003
2343,-0.0022913588000000006,-0.35131900000000005,0.124039945,3.530716
2344,-0.0022904588000000003,-0.3312185000000001,0.122954518,3.410113
2345,-0.0022895588000000004,-0.3312185000000001,0.125125372,3.2493090000000002
2346,-0.0022886588000000005,-0.3312185000000001,0.124039945,3.0483040000000003
2347,-0.0022877588000000003,-0.35131900000000005,0.122954518,2.766897
2348,-0.0022868588000000004,-0.35131900000000005,0.124039945,2.405088
2349,-0.0022859588000000005,-0.35131900000000005,0.124039945,2.08348
2350,-0.0022850588000000007,-0.3312185000000001,0.125125372,1.8422740000000002
2351,-0.0022841588000000004,-0.35131900000000005,0.125125372,1.6010680000000002
2352,-0.0022832588000000005,-0.311118,0.125125372,1.4804650000000001
2353,-0.0022823588000000007,-0.35131900000000005,0.125125372,1.4804650000000001
2354,-0.0022814588000000004,-0.3312185000000001,0.125125372,1.6010680000000002
2355,-0.0022805588000000005,-0.3312185000000001,0.122954518,1.922676
2356,-0.0022796588000000007,-0.3312185000000001,0.124039945,2.284485
2357,-0.0022787588000000004,-0.3714195,0.125125372,2.6864950000000003
2358,-0.0022778588000000005,-0.311118,0.12621079899999998,3.0483040000000003
2359,-0.0022769588000000006,-0.35131900000000005,0.122954518,3.410113
2360,-0.0022760588000000003,-0.35131900000000005,0.125125372,3.570917
2361,-0.0022751588000000005,-0.3312185000000001,0.124039945,3.450314
2362,-0.0022742588000000006,-0.3312185000000001,0.124039945,3.2493090000000002
2363,-0.0022733588000000003,-0.3312185000000001,0.124039945,2.9277010000000003
2364,-0.0022724588000000005,-0.35131900000000005,0.124039945,2.4854900000000004
2365,-0.0022715588000000006,-0.35131900000000005,0.121869091,2.043279
2366,-0.0022706588000000003,-0.3312185000000001,0.124039945,1.6814700000000002
2367,-0.0022697588000000005,-0.3312185000000001,0.122954518,1.4804650000000001
2368,-0.0022688588000000006,-0.311118,0.122954518,1.4804650000000001
2369,-0.0022679588000000003,-0.3312185000000001,0.125125372,1.6814700000000002
2370,-0.0022670588000000005,-0.3312185000000001,0.124039945,2.0030780000000004
2371,-0.0022661588000000006,-0.35131900000000005,0.125125372,2.405088
2372,-0.0022652588000000003,-0.35131900000000005,0.122954518,2.8070980000000003
2373,-0.0022643588000000004,-0.35131900000000005,0.124039945,3.209108
2374,-0.0022634588000000006,-0.35131900000000005,0.124039945,3.450314
2375,-0.0022625588000000003,-0.311118,0.124039945,3.530716
2376,-0.0022616588000000004,-0.35131900000000005,0.124039945,3.4905150000000003
2377,-0.0022607588000000006,-0.35131900000000005,0.122954518,3.2493090000000002
2378,-0.0022598588000000003,-0.35131900000000005,0.124039945,3.008103
2379,-0.0022589588000000004,-0.3312185000000001,0.124039945,2.726696
2380,-0.0022580588000000006,-0.3312185000000001,0.122954518,2.284485
2381,-0.0022571588000000003,-0.3312185000000001,0.125125372,1.9628770000000002
2382,-0.0022562588000000004,-0.3714195,0.124039945,1.7216710000000002
2383,-0.0022553588000000005,-0.3312185000000001,0.124039945,1.5608670000000002
2384,-0.0022544588000000003,-0.35131900000000005,0.125125372,1.4402640000000002
2385,-0.0022535588000000004,-0.311118,0.124039945,1.4402640000000002
2386,-0.0022526588000000005,-0.3312185000000001,0.124039945,1.520666
2387,-0.0022517588000000007,-0.3312185000000001,0.125125372,1.641269
2388,-0.0022508588000000004,-0.3312185000000001,0.125125372,1.8422740000000002
2389,-0.0022499588000000005,-0.3312185000000001,0.124039945,2.163882
2390,-0.0022490588000000007,-0.311118,0.124039945,2.4854900000000004
2391,-0.0022481588000000004,-0.3312185000000001,0.12621079899999998,2.766897
2392,-0.0022472588000000005,-0.3312185000000001,0.124039945,3.0483040000000003
2393,-0.0022463588000000007,-0.35131900000000005,0.125125372,3.2493090000000002
2394,-0.0022454588000000004,-0.3312185000000001,0.124039945,3.450314
2395,-0.0022445588000000005,-0.3312185000000001,0.124039945,3.530716
2396,-0.0022436588000000006,-0.35131900000000005,0.124039945,3.6111180000000003
2397,-0.0022427588000000004,-0.3312185000000001,0.124039945,3.4905150000000003
2398,-0.0022418588000000005,-0.35131900000000005,0.122954518,3.28951
2399,-0.0022409588000000006,-0.35131900000000005,0.124039945,3.128706
2400,-0.0022400588000000003,-0.3312185000000001,0.124039945,2.766897
2401,-0.0022391588000000005,-0.3312185000000001,0.125125372,2.525691
2402,-0.0022382588000000006,-0.3312185000000001,0.124039945,2.163882
2403,-0.0022373588000000003,-0.35131900000000005,0.124039945,1.8824750000000001
2404,-0.0022364588000000005,-0.3312185000000001,0.122954518,1.5608670000000002
2405,-0.0022355588000000006,-0.35131900000000005,0.124039945,1.4402640000000002
2406,-0.0022346588000000003,-0.35131900000000005,0.122954518,1.4402640000000002
2407,-0.0022337588000000005,-0.35131900000000005,0.124039945,1.5608670000000002
2408,-0.0022328588000000006,-0.311118,0.122954518,1.8422740000000002
2409,-0.0022319588000000003,-0.3312185000000001,0.124039945,2.2040830000000002
2410,-0.0022310588000000004,-0.3312185000000001,0.124039945,2.646294
2411,-0.0022301588000000006,-0.35131900000000005,0.122954518,2.967902
2412,-0.0022292588000000003,-0.3312185000000001,0.124039945,3.28951
2413,-0.0022283588000000004,-0.3312185000000001,0.124039945,3.4905150000000003
2414,-0.0022274588000000006,-0.35131900000000005,0.122954518,3.530716
2415,-0.0022265588000000003,-0.3312185000000001,0.122954518,3.329711
2416,-0.0022256588000000004,-0.3312185000000001,0.124039945,3.008103
2417,-0.0022247588000000006,-0.3312185000000001,0.124039945,2.646294
2418,-0.0022238588000000003,-0.3312185000000001,0.125125372,2.163882
2419,-0.0022229588000000004,-0.311118,0.122954518,1.761872
2420,-0.0022220588000000006,-0.35131900000000005,0.124039945,1.520666
2421,-0.0022211588000000003,-0.3312185000000001,0.124039945,1.4402640000000002
2422,-0.0022202588000000004,-0.3714195,0.125125372,1.520666
2423,-0.0022193588000000005,-0.3312185000000001,0.125125372,1.8422740000000002
2424,-0.0022184588000000007,-0.3312185000000001,0.125125372,2.2442840000000004
2425,-0.0022175588000000004,-0.3312185000000001,0.125125372,2.646294
2426,-0.0022166588000000005,-0.3312185000000001,0.124039945,3.0483040000000003
2427,-0.0022157588000000007,-0.3312185000000001,0.12621079899999998,3.329711
2428,-0.0022148588000000004,-0.311118,0.125125372,3.4905150000000003
2429,-0.0022139588000000005,-0.3312185000000001,0.125125372,3.530716
2430,-0.0022130588000000007,-0.311118,0.125125372,3.410113
2431,-0.0022121588000000004,-0.3312185000000001,0.122954518,3.1689070000000004
2432,-0.0022112588000000005,-0.311118,0.125125372,2.8875
2433,-0.0022103588000000006,-0.311118,0.124039945,2.5658920000000003
2434,-0.0022094588000000004,-0.311118,0.125125372,2.2442840000000004
2435,-0.0022085588000000005,-0.311118,0.125125372,1.9628770000000002
2436,-0.0022076588000000006,-0.3312185000000001,0.124039945,1.6814700000000002
2437,-0.0022067588000000003,-0.311118,0.122954518,1.520666
2438,-0.0022058588000000005,-0.3714195,0.124039945,1.400063
2439,-0.0022049588000000006,-0.3312185000000001,0.124039945,1.4804650000000001
2440,-0.0022040588000000003,-0.35131900000000005,0.122954518,1.5608670000000002
2441,-0.0022031588000000005,-0.311118,0.124039945,1.761872
2442,-0.0022022588000000006,-0.3312185000000001,0.122954518,1.9628770000000002
2443,-0.0022013588000000003,-0.35131900000000005,0.122954518,2.2442840000000004
2444,-0.0022004588000000005,-0.3312185000000001,0.124039945,2.5658920000000003
2445,-0.0021995588000000006,-0.311118,0.122954518,2.8070980000000003
2446,-0.0021986588000000003,-0.3312185000000001,0.122954518,3.088505
2447,-0.0021977588000000004,-0.35131900000000005,0.125125372,3.2493090000000002
2448,-0.0021968588000000006,-0.311118,0.124039945,3.450314
2449,-0.0021959588000000003,-0.311118,0.125125372,3.530716
2450,-0.0021950588000000004,-0.29101750000000004,0.122954518,3.530716
2451,-0.0021941588000000006,-0.311118,0.122954518,3.450314
2452,-0.0021932588000000003,-0.3312185000000001,0.124039945,3.28951
2453,-0.0021923588000000004,-0.35131900000000005,0.122954518,3.008103
2454,-0.0021914588000000006,-0.35131900000000005,0.124039945,2.646294
2455,-0.0021905588000000003,-0.3312185000000001,0.124039945,2.3246860000000003
2456,-0.0021896588000000004,-0.3312185000000001,0.122954518,1.9628770000000002
2457,-0.0021887588000000006,-0.3312185000000001,0.122954518,1.7216710000000002
2458,-0.0021878588000000003,-0.3312185000000001,0.124039945,1.4804650000000001
2459,-0.0021869588000000004,-0.3312185000000001,0.125125372,1.4402640000000002
2460,-0.0021860588000000005,-0.35131900000000005,0.124039945,1.520666
2461,-0.0021851588000000003,-0.3312185000000001,0.124039945,1.761872
2462,-0.0021842588000000004,-0.311118,0.124039945,2.1236810000000004
2463,-0.0021833588000000005,-0.3312185000000001,0.12621079899999998,2.525691
2464,-0.0021824588000000007,-0.35131900000000005,0.125125372,2.9277010000000003
2465,-0.0021815588000000004,-0.3312185000000001,0.124039945,3.329711
2466,-0.0021806588000000005,-0.3312185000000001,0.12621079899999998,3.4905150000000003
2467,-0.0021797588000000007,-0.311118,0.124039945,3.530716
2468,-0.0021788588000000004,-0.311118,0.124039945,3.3699120000000002
2469,-0.0021779588000000005,-0.311118,0.12621079899999998,3.128706
2470,-0.0021770588000000007,-0.3312185000000001,0.122954518,2.606093
2471,-0.0021761588000000004,-0.311118,0.125125372,2.163882
2472,-0.0021752588000000005,-0.311118,0.124039945,1.6814700000000002
2473,-0.0021743588000000006,-0.3312185000000001,0.124039945,1.520666
2474,-0.0021734588000000003,-0.3312185000000001,0.124039945,1.4402640000000002
2475,-0.0021725588000000005,-0.311118,0.124039945,1.5608670000000002
2476,-0.0021716588000000006,-0.311118,0.125125372,1.8422740000000002
2477,-0.0021707588000000003,-0.3312185000000001,0.124039945,2.2040830000000002
2478,-0.0021698588000000005,-0.311118,0.122954518,2.646294
2479,-0.0021689588000000006,-0.3312185000000001,0.122954518,3.008103
2480,-0.0021680588000000003,-0.311118,0.124039945,3.329711
2481,-0.0021671588000000005,-0.311118,0.124039945,3.4905150000000003
2482,-0.0021662588000000006,-0.3312185000000001,0.124039945,3.570917
2483,-0.0021653588000000003,-0.3312185000000001,0.124039945,3.410113
2484,-0.0021644588000000005,-0.3312185000000001,0.125125372,3.1689070000000004
2485,-0.0021635588000000006,-0.311118,0.124039945,2.8875
2486,-0.0021626588000000003,-0.29101750000000004,0.125125372,2.4854900000000004
2487,-0.0021617588000000004,-0.29101750000000004,0.125125372,2.2040830000000002
2488,-0.0021608588000000006,-0.311118,0.122954518,1.8824750000000001
2489,-0.0021599588000000003,-0.3312185000000001,0.125125372,1.641269
2490,-0.0021590588000000004,-0.3312185000000001,0.124039945,1.4804650000000001
2491,-0.0021581588000000006,-0.3312185000000001,0.122954518,1.4402640000000002
2492,-0.0021572588000000003,-0.3312185000000001,0.125125372,1.520666
2493,-0.0021563588000000004,-0.311118,0.125125372,1.6010680000000002
2494,-0.0021554588000000006,-0.311118,0.124039945,1.922676
2495,-0.0021545588000000003,-0.311118,0.125125372,2.1236810000000004
2496,-0.0021536588000000004,-0.3312185000000001,0.124039945,2.405088
2497,-0.0021527588000000005,-0.3312185000000001,0.124039945,2.726696
2498,-0.0021518588000000003,-0.311118,0.124039945,2.9277010000000003
2499,-0.0021509588000000004,-0.3312185000000001,0.125125372,3.2493090000000002
2500,-0.0021500588000000005,-0.311118,0.125125372,3.410113
2501,-0.0021491588000000007,-0.3312185000000001,0.125125372,3.530716
2502,-0.0021482588000000004,-0.311118,0.125125372,3.570917
2503,-0.0021473588000000005,-0.3312185000000001,0.125125372,3.410113
2504,-0.0021464588000000007,-0.311118,0.125125372,3.2493090000000002
2505,-0.0021455588000000004,-0.3312185000000001,0.125125372,2.967902
2506,-0.0021446588000000005,-0.311118,0.125125372,2.6864950000000003
2507,-0.0021437588000000007,-0.3312185000000001,0.12621079899999998,2.3246860000000003
2508,-0.0021428588000000004,-0.311118,0.125125372,1.9628770000000002
2509,-0.0021419588000000005,-0.3312185000000001,0.125125372,1.6814700000000002
2510,-0.0021410588000000006,-0.311118,0.12621079899999998,1.520666
2511,-0.0021401588000000004,-0.311118,0.12621079899999998,1.4402640000000002
2512,-0.0021392588000000005,-0.29101750000000004,0.125125372,1.520666
2513,-0.0021383588000000006,-0.311118,0.124039945,1.8422740000000002
2514,-0.0021374588000000003,-0.311118,0.12621079899999998,2.163882
2515,-0.0021365588000000005,-0.311118,0.124039945,2.5658920000000003
2516,-0.0021356588000000006,-0.3312185000000001,0.124039945,3.008103
2517,-0.0021347588000000003,-0.29101750000000004,0.125125372,3.3699120000000002
2518,-0.0021338588000000005,-0.35131900000000005,0.125125372,3.6111180000000003
2519,-0.0021329588000000006,-0.311118,0.124039945,3.4905150000000003
2520,-0.0021320588000000003,-0.3312185000000001,0.124039945,3.28951
2521,-0.0021311588000000005,-0.3312185000000001,0.124039945,2.9277010000000003
2522,-0.0021302588000000006,-0.311118,0.122954518,2.405088
2523,-0.0021293588000000003,-0.311118,0.124039945,1.922676
2524,-0.0021284588000000004,-0.311118,0.122954518,1.6814700000000002
2525,-0.0021275588000000006,-0.311118,0.124039945,1.4402640000000002
2526,-0.0021266588000000003,-0.29101750000000004,0.122954518,1.4804650000000001
2527,-0.0021257588000000004,-0.311118,0.122954518,1.761872
2528,-0.0021248588000000006,-0.311118,0.125125372,2.1236810000000004
2529,-0.0021239588000000003,-0.311118,0.125125372,2.5658920000000003
2530,-0.0021230588000000004,-0.29101750000000004,0.124039945,3.008103
2531,-0.0021221588000000006,-0.311118,0.124039945,3.3699120000000002
2532,-0.0021212588000000003,-0.311118,0.125125372,3.4905150000000003
2533,-0.0021203588000000004,-0.311118,0.124039945,3.570917
2534,-0.0021194588000000006,-0.311118,0.125125372,3.3699120000000002
2535,-0.0021185588000000003,-0.311118,0.125125372,3.0483040000000003
2536,-0.0021176588000000004,-0.29101750000000004,0.12621079899999998,2.726696
2537,-0.0021167588000000005,-0.311118,0.124039945,2.3648870000000004
2538,-0.0021158588000000007,-0.3312185000000001,0.125125372,1.9628770000000002
2539,-0.0021149588000000004,-0.3312185000000001,0.12621079899999998,1.6814700000000002
2540,-0.0021140588000000005,-0.29101750000000004,0.125125372,1.4804650000000001
2541,-0.0021131588000000007,-0.311118,0.125125372,1.4402640000000002
2542,-0.0021122588000000004,-0.3312185000000001,0.12621079899999998,1.5608670000000002
2543,-0.0021113588000000005,-0.29101750000000004,0.124039945,1.6814700000000002
2544,-0.0021104588000000007,-0.311118,0.125125372,1.9628770000000002
2545,-0.0021095588000000004,-0.311118,0.12621079899999998,2.284485
2546,-0.0021086588000000005,-0.311118,0.124039945,2.606093
2547,-0.0021077588000000006,-0.311118,0.125125372,2.8875
2548,-0.0021068588000000004,-0.29101750000000004,0.125125372,3.1689070000000004
2549,-0.0021059588000000005,-0.311118,0.125125372,3.410113
2550,-0.0021050588000000006,-0.311118,0.124039945,3.530716
2551,-0.0021041588000000003,-0.29101750000000004,0.125125372,3.6111180000000003
2552,-0.0021032588000000005,-0.311118,0.125125372,3.4905150000000003
2553,-0.0021023588000000006,-0.29101750000000004,0.122954518,3.3699120000000002
2554,-0.0021014588000000003,-0.311118,0.125125372,3.0483040000000003
2555,-0.0021005588000000005,-0.311118,0.124039945,2.726696
2556,-0.0020996588000000006,-0.311118,0.122954518,2.405088
2557,-0.0020987588000000003,-0.29101750000000004,0.124039945,2.043279
2558,-0.0020978588000000005,-0.311118,0.125125372,1.761872
2559,-0.0020969588000000006,-0.2709170000000001,0.124039945,1.4804650000000001
2560,-0.0020960588000000003,-0.311118,0.125125372,1.4804650000000001
2561,-0.0020951588000000004,-0.3312185000000001,0.124039945,1.520666
2562,-0.0020942588000000006,-0.311118,0.124039945,1.6814700000000002
2563,-0.0020933588000000003,-0.29101750000000004,0.12621079899999998,1.9628770000000002
2564,-0.0020924588000000004,-0.311118,0.124039945,2.405088
2565,-0.0020915588000000006,-0.29101750000000004,0.124039945,2.8070980000000003
2566,-0.0020906588000000003,-0.311118,0.124039945,3.1689070000000004
2567,-0.0020897588000000004,-0.3312185000000001,0.125125372,3.450314
2568,-0.0020888588000000006,-0.311118,0.124039945,3.570917
2569,-0.0020879588000000003,-0.2709170000000001,0.125125372,3.450314
2570,-0.0020870588000000004,-0.311118,0.125125372,3.088505
2571,-0.0020861588000000006,-0.311118,0.122954518,2.726696
2572,-0.0020852588000000003,-0.311118,0.125125372,2.284485
2573,-0.0020843588000000004,-0.3312185000000001,0.12621079899999998,1.8422740000000002
2574,-0.0020834588000000005,-0.29101750000000004,0.12621079899999998,1.520666
2575,-0.0020825588000000007,-0.311118,0.124039945,1.4402640000000002
2576,-0.0020816588000000004,-0.311118,0.125125372,1.6010680000000002
2577,-0.0020807588000000005,-0.3312185000000001,0.12621079899999998,1.9628770000000002
2578,-0.0020798588000000007,-0.29101750000000004,0.12621079899999998,2.4854900000000004
2579,-0.0020789588000000004,-0.29101750000000004,0.12621079899999998,2.967902
2580,-0.0020780588000000005,-0.311118,0.124039945,3.3699120000000002
2581,-0.0020771588000000007,-0.311118,0.124039945,3.530716
2582,-0.0020762588000000004,-0.29101750000000004,0.125125372,3.530716
2583,-0.0020753588000000005,-0.29101750000000004,0.125125372,3.2493090000000002
2584,-0.0020744588000000007,-0.311118,0.125125372,2.8875
2585,-0.0020735588000000004,-0.311118,0.125125372,2.4854900000000004
2586,-0.0020726588000000005,-0.29101750000000004,0.124039945,2.0030780000000004
2587,-0.0020717588000000006,-0.29101750000000004,0.122954518,1.641269
2588,-0.0020708588000000003,-0.311118,0.125125372,1.520666
2589,-0.0020699588000000005,-0.29101750000000004,0.124039945,1.4402640000000002
2590,-0.0020690588000000006,-0.311118,0.124039945,1.6010680000000002
2591,-0.0020681588000000003,-0.3312185000000001,0.124039945,1.8422740000000002
2592,-0.0020672588000000005,-0.311118,0.122954518,2.3246860000000003
2593,-0.0020663588000000006,-0.311118,0.122954518,2.6864950000000003
2594,-0.0020654588000000003,-0.311118,0.124039945,3.008103
2595,-0.0020645588000000005,-0.311118,0.124039945,3.329711
2596,-0.0020636588000000006,-0.311118,0.125125372,3.530716
2597,-0.0020627588000000003,-0.311118,0.125125372,3.530716
2598,-0.0020618588000000005,-0.311118,0.124039945,3.4905150000000003
2599,-0.0020609588000000006,-0.29101750000000004,0.124039945,3.28951
2600,-0.0020600588000000003,-0.311118,0.124039945,3.0483040000000003
2601,-0.0020591588000000004,-0.29101750000000004,0.125125372,2.726696
2602,-0.0020582588000000006,-0.311118,0.125125372,2.3648870000000004
2603,-0.0020573588000000003,-0.311118,0.125125372,2.043279
2604,-0.0020564588000000004,-0.29101750000000004,0.125125372,1.8020730000000003
2605,-0.0020555588000000006,-0.311118,0.124039945,1.6010680000000002
2606,-0.0020546588000000003,-0.311118,0.125125372,1.4804650000000001
2607,-0.0020537588000000004,-0.29101750000000004,0.125125372,1.4804650000000001
2608,-0.0020528588000000006,-0.311118,0.125125372,1.520666
2609,-0.0020519588000000003,-0.29101750000000004,0.12621079899999998,1.8020730000000003
2610,-0.0020510588000000004,-0.29101750000000004,0.12621079899999998,2.08348
2611,-0.0020501588000000005,-0.29101750000000004,0.125125372,2.405088
2612,-0.0020492588000000007,-0.29101750000000004,0.12621079899999998,2.726696
2613,-0.0020483588000000004,-0.311118,0.125125372,3.088505
2614,-0.0020474588000000005,-0.311118,0.12621079899999998,3.410113
2615,-0.0020465588000000007,-0.311118,0.12621079899999998,3.530716
2616,-0.0020456588000000004,-0.311118,0.12621079899999998,3.570917
2617,-0.0020447588000000005,-0.29101750000000004,0.125125372,3.3699120000000002
2618,-0.0020438588000000007,-0.3312185000000001,0.125125372,3.088505
2619,-0.0020429588000000004,-0.29101750000000004,0.124039945,2.646294
2620,-0.0020420588000000005,-0.29101750000000004,0.125125372,2.2442840000000004
2621,-0.0020411588000000007,-0.29101750000000004,0.125125372,1.8422740000000002
2622,-0.0020402588000000004,-0.311118,0.125125372,1.520666
2623,-0.0020393588000000005,-0.29101750000000004,0.12621079899999998,1.4402640000000002
2624,-0.0020384588000000006,-0.311118,0.124039945,1.5608670000000002
2625,-0.0020375588000000004,-0.29101750000000004,0.125125372,1.8824750000000001
2626,-0.0020366588000000005,-0.311118,0.124039945,2.3246860000000003
2627,-0.0020357588000000006,-0.29101750000000004,0.125125372,2.847299
2628,-0.0020348588000000003,-0.311118,0.125125372,3.2493090000000002
2629,-0.0020339588000000005,-0.311118,0.12621079899999998,3.530716
2630,-0.0020330588000000006,-0.311118,0.124039945,3.530716
2631,-0.0020321588000000003,-0.29101750000000004,0.124039945,3.329711
2632,-0.0020312588000000005,-0.311118,0.122954518,2.9277010000000003
2633,-0.0020303588000000006,-0.311118,0.125125372,2.4452890000000003
2634,-0.0020294588000000003,-0.311118,0.124039945,1.922676
2635,-0.0020285588000000005,-0.29101750000000004,0.124039945,1.6010680000000002
2636,-0.0020276588000000006,-0.2709170000000001,0.125125372,1.4402640000000002
2637,-0.0020267588000000003,-0.3312185000000001,0.12621079899999998,1.520666
2638,-0.0020258588000000004,-0.311118,0.12621079899999998,1.8020730000000003
2639,-0.0020249588000000006,-0.29101750000000004,0.125125372,2.2040830000000002
2640,-0.0020240588000000003,-0.29101750000000004,0.12621079899999998,2.646294
2641,-0.0020231588000000004,-0.29101750000000004,0.12621079899999998,3.1689070000000004
2642,-0.0020222588000000006,-0.311118,0.12621079899999998,3.410113
2643,-0.0020213588000000003,-0.29101750000000004,0.125125372,3.570917
2644,-0.0020204588000000004,-0.311118,0.125125372,3.4905150000000003
2645,-0.0020195588000000006,-0.2709170000000001,0.12621079899999998,3.3699120000000002
2646,-0.0020186588000000003,-0.311118,0.125125372,2.967902
2647,-0.0020177588000000004,-0.2709170000000001,0.125125372,2.646294
2648,-0.0020168588000000006,-0.311118,0.127296226,2.2442840000000004
2649,-0.0020159588000000003,-0.29101750000000004,0.127296226,1.9628770000000002
2650,-0.0020150588000000004,-0.311118,0.124039945,1.641269
2651,-0.0020141588000000005,-0.311118,0.124039945,1.4804650000000001
2652,-0.0020132588000000007,-0.311118,0.125125372,1.400063
2653,-0.0020123588000000004,-0.2709170000000001,0.124039945,1.5608670000000002
2654,-0.0020114588000000005,-0.29101750000000004,0.125125372,1.7216710000000002
2655,-0.0020105588000000007,-0.2709170000000001,0.124039945,1.9628770000000002
2656,-0.0020096588000000004,-0.29101750000000004,0.125125372,2.2442840000000004
2657,-0.0020087588000000005,-0.29101750000000004,0.122954518,2.606093
2658,-0.0020078588000000007,-0.311118,0.124039945,2.847299
2659,-0.0020069588000000004,-0.29101750000000004,0.124039945,3.1689070000000004
2660,-0.0020060588000000005,-0.2709170000000001,0.125125372,3.3699120000000002
2661,-0.0020051588000000006,-0.311118,0.124039945,3.530716
2662,-0.0020042588000000004,-0.311118,0.125125372,3.530716
2663,-0.0020033588000000005,-0.29101750000000004,0.124039945,3.4905150000000003
2664,-0.0020024588000000006,-0.29101750000000004,0.12621079899999998,3.28951
2665,-0.0020015588000000003,-0.311118,0.125125372,2.967902
2666,-0.0020006588000000005,-0.29101750000000004,0.124039945,2.646294
2667,-0.0019997588000000006,-0.311118,0.124039945,2.3246860000000003
2668,-0.0019988588000000003,-0.29101750000000004,0.125125372,2.0030780000000004
2669,-0.0019979588000000005,-0.29101750000000004,0.125125372,1.641269
2670,-0.0019970588000000006,-0.311118,0.125125372,1.4804650000000001
2671,-0.0019961588000000003,-0.29101750000000004,0.12621079899999998,1.4804650000000001
2672,-0.0019952588000000005,-0.311118,0.125125372,1.6010680000000002
2673,-0.0019943588000000006,-0.311118,0.125125372,1.922676
2674,-0.0019934588000000003,-0.311118,0.125125372,2.284485
2675,-0.0019925588000000004,-0.2709170000000001,0.124039945,2.726696
2676,-0.0019916588000000006,-0.311118,0.124039945,3.128706
2677,-0.0019907588000000003,-0.29101750000000004,0.12621079899999998,3.450314
2678,-0.0019898588000000004,-0.311118,0.12621079899999998,3.570917
2679,-0.0019889588000000006,-0.311118,0.124039945,3.530716
2680,-0.0019880588000000003,-0.29101750000000004,0.12621079899999998,3.2493090000000002
2681,-0.0019871588000000004,-0.2709170000000001,0.125125372,2.766897
2682,-0.0019862588000000006,-0.2508165,0.12621079899999998,2.284485
2683,-0.0019853588000000003,-0.311118,0.12621079899999998,1.8422740000000002
2684,-0.0019844588000000004,-0.311118,0.12621079899999998,1.520666
2685,-0.0019835588000000006,-0.2508165,0.125125372,1.400063
2686,-0.0019826588000000003,-0.311118,0.12621079899999998,1.6010680000000002
2687,-0.0019817588000000004,-0.2709170000000001,0.125125372,1.9628770000000002
2688,-0.0019808588000000005,-0.29101750000000004,0.125125372,2.405088
2689,-0.0019799588000000007,-0.2709170000000001,0.12621079899999998,2.8875
2690,-0.0019790588000000004,-0.2709170000000001,0.124039945,3.329711
2691,-0.0019781588000000005,-0.29101750000000004,0.125125372,3.530716
2692,-0.0019772588000000007,-0.29101750000000004,0.124039945,3.4905150000000003
2693,-0.0019763588000000004,-0.2709170000000001,0.124039945,3.329711
2694,-0.0019754588000000005,-0.2709170000000001,0.125125372,2.967902
2695,-0.0019745588000000007,-0.2709170000000001,0.125125372,2.606093
2696,-0.0019736588000000004,-0.2709170000000001,0.125125372,2.1236810000000004
2697,-0.0019727588000000005,-0.2709170000000001,0.125125372,1.7216710000000002
2698,-0.0019718588000000007,-0.29101750000000004,0.125125372,1.520666
2699,-0.0019709588000000004,-0.29101750000000004,0.125125372,1.4804650000000001
2700,-0.0019700588000000005,-0.2709170000000001,0.124039945,1.6010680000000002
2701,-0.0019691588000000006,-0.311118,0.124039945,1.8020730000000003
2702,-0.0019682588000000003,-0.311118,0.125125372,2.043279
2703,-0.0019673588000000005,-0.29101750000000004,0.125125372,2.4854900000000004
2704,-0.0019664588000000006,-0.2508165,0.124039945,2.8070980000000003
2705,-0.0019655588000000003,-0.29101750000000004,0.12621079899999998,3.128706
2706,-0.0019646588000000005,-0.2709170000000001,0.125125372,3.3699120000000002
2707,-0.0019637588000000006,-0.2709170000000001,0.12621079899999998,3.530716
2708,-0.0019628588000000003,-0.29101750000000004,0.125125372,3.570917
2709,-0.0019619588000000005,-0.311118,0.12621079899999998,3.4905150000000003
2710,-0.0019610588000000006,-0.29101750000000004,0.12621079899999998,3.329711
2711,-0.0019601588000000003,-0.29101750000000004,0.125125372,3.088505
2712,-0.0019592588000000005,-0.311118,0.12621079899999998,2.8070980000000003
2713,-0.0019583588000000006,-0.2709170000000001,0.125125372,2.525691
2714,-0.0019574588000000003,-0.29101750000000004,0.125125372,2.2040830000000002
2715,-0.0019565588000000004,-0.29101750000000004,0.12621079899999998,1.8824750000000001
2716,-0.0019556588000000006,-0.29101750000000004,0.127296226,1.641269
2717,-0.0019547588000000003,-0.29101750000000004,0.12621079899999998,1.520666
2718,-0.0019538588000000004,-0.29101750000000004,0.12621079899999998,1.4804650000000001
2719,-0.0019529588000000006,-0.29101750000000004,0.125125372,1.4804650000000001
2720,-0.0019520588000000003,-0.29101750000000004,0.12621079899999998,1.6010680000000002
2721,-0.0019511588000000004,-0.29101750000000004,0.125125372,1.8422740000000002
2722,-0.0019502588000000006,-0.29101750000000004,0.12621079899999998,2.2040830000000002
2723,-0.0019493588000000003,-0.29101750000000004,0.12621079899999998,2.5658920000000003
2724,-0.0019484588000000004,-0.29101750000000004,0.125125372,2.9277010000000003
2725,-0.0019475588000000005,-0.29101750000000004,0.125125372,3.28951
2726,-0.0019466588000000007,-0.2709170000000001,0.125125372,3.4905150000000003
2727,-0.0019457588000000004,-0.29101750000000004,0.12621079899999998,3.530716
2728,-0.0019448588000000005,-0.2709170000000001,0.12621079899999998,3.4905150000000003
2729,-0.0019439588000000007,-0.311118,0.125125372,3.28951
2730,-0.0019430588000000004,-0.311118,0.12621079899999998,2.967902
2731,-0.0019421588000000005,-0.29101750000000004,0.122954518,2.4854900000000004
2732,-0.0019412588000000007,-0.29101750000000004,0.125125372,2.08348
2733,-0.0019403588000000004,-0.29101750000000004,0.125125372,1.641269
2734,-0.0019394588000000005,-0.2709170000000001,0.125125372,1.4402640000000002
2735,-0.0019385588000000007,-0.2709170000000001,0.125125372,1.520666
2736,-0.0019376588000000004,-0.29101750000000004,0.125125372,1.6814700000000002
2737,-0.0019367588000000005,-0.311118,0.125125372,2.08348
2738,-0.0019358588000000006,-0.311118,0.125125372,2.5658920000000003
2739,-0.0019349588000000004,-0.2709170000000001,0.125125372,3.0483040000000003
2740,-0.0019340588000000005,-0.29101750000000004,0.124039945,3.410113
2741,-0.0019331588000000006,-0.2709170000000001,0.125125372,3.570917
2742,-0.0019322588000000003,-0.29101750000000004,0.125125372,3.4905150000000003
2743,-0.0019313588000000005,-0.2709170000000001,0.12621079899999998,3.1689070000000004
2744,-0.0019304588000000006,-0.29101750000000004,0.12621079899999998,2.6864950000000003
2745,-0.0019295588000000003,-0.2508165,0.125125372,2.2442840000000004
2746,-0.0019286588000000005,-0.2709170000000001,0.12621079899999998,1.7216710000000002
2747,-0.0019277588000000006,-0.29101750000000004,0.125125372,1.4804650000000001
2748,-0.0019268588000000003,-0.2709170000000001,0.12621079899999998,1.4402640000000002
2749,-0.0019259588000000005,-0.29101750000000004,0.125125372,1.641269
2750,-0.0019250588000000006,-0.2709170000000001,0.125125372,2.0030780000000004
2751,-0.0019241588000000003,-0.29101750000000004,0.12621079899999998,2.405088
2752,-0.0019232588000000004,-0.311118,0.125125372,2.8070980000000003
2753,-0.0019223588000000006,-0.29101750000000004,0.12621079899999998,3.2493090000000002
2754,-0.0019214588000000003,-0.29101750000000004,0.12621079899999998,3.450314
2755,-0.0019205588000000004,-0.2709170000000001,0.125125372,3.570917
2756,-0.0019196588000000006,-0.29101750000000004,0.124039945,3.4905150000000003
2757,-0.0019187588000000003,-0.29101750000000004,0.125125372,3.28951
2758,-0.0019178588000000004,-0.311118,0.125125372,2.9277010000000003
2759,-0.0019169588000000006,-0.2508165,0.125125372,2.6864950000000003
2760,-0.0019160588000000003,-0.29101750000000004,0.124039945,2.284485
2761,-0.0019151588000000004,-0.29101750000000004,0.125125372,1.922676
2762,-0.0019142588000000006,-0.29101750000000004,0.125125372,1.7216710000000002
2763,-0.0019133588000000007,-0.311118,0.125125372,1.520666
2764,-0.0019124588000000004,-0.2508165,0.125125372,1.4804650000000001
2765,-0.0019115588000000005,-0.29101750000000004,0.12621079899999998,1.5608670000000002
2766,-0.0019106588000000007,-0.2508165,0.124039945,1.641269
2767,-0.0019097588000000004,-0.29101750000000004,0.125125372,1.8020730000000003
2768,-0.0019088588000000005,-0.2508165,0.124039945,2.1236810000000004
2769,-0.0019079588000000007,-0.29101750000000004,0.124039945,2.4452890000000003
2770,-0.0019070588000000004,-0.29101750000000004,0.12621079899999998,2.847299
2771,-0.0019061588000000005,-0.29101750000000004,0.125125372,3.0483040000000003
2772,-0.0019052588000000007,-0.2709170000000001,0.125125372,3.3699120000000002
2773,-0.0019043588000000004,-0.311118,0.12621079899999998,3.530716
2774,-0.0019034588000000005,-0.2709170000000001,0.122954518,3.570917
2775,-0.0019025588000000006,-0.29101750000000004,0.127296226,3.530716
2776,-0.0019016588000000004,-0.2709170000000001,0.125125372,3.410113
2777,-0.0019007588000000005,-0.2709170000000001,0.12621079899999998,3.128706
2778,-0.0018998588000000006,-0.2709170000000001,0.125125372,2.766897
2779,-0.0018989588000000003,-0.311118,0.124039945,2.405088
2780,-0.0018980588000000005,-0.29101750000000004,0.127296226,2.08348
2781,-0.0018971588000000006,-0.2709170000000001,0.12621079899999998,1.7216710000000002
2782,-0.0018962588000000003,-0.29101750000000004,0.12621079899999998,1.520666
2783,-0.0018953588000000005,-0.311118,0.125125372,1.4402640000000002
2784,-0.0018944588000000006,-0.29101750000000004,0.12621079899999998,1.5608670000000002
2785,-0.0018935588000000003,-0.2709170000000001,0.12621079899999998,1.8824750000000001
2786,-0.0018926588000000005,-0.29101750000000004,0.125125372,2.284485
2787,-0.0018917588000000006,-0.2709170000000001,0.12621079899999998,2.726696
2788,-0.0018908588000000003,-0.2709170000000001,0.125125372,3.1689070000000004
2789,-0.0018899588000000004,-0.29101750000000004,0.12621079899999998,3.530716
2790,-0.0018890588000000006,-0.29101750000000004,0.12621079899999998,3.570917
2791,-0.0018881588000000003,-0.29101750000000004,0.12621079899999998,3.3699120000000002
2792,-0.0018872588000000004,-0.2709170000000001,0.12621079899999998,3.0483040000000003
2793,-0.0018863588000000006,-0.2508165,0.127296226,2.5658920000000003
2794,-0.0018854588000000003,-0.2709170000000001,0.12621079899999998,2.08348
2795,-0.0018845588000000004,-0.2709170000000001,0.12621079899999998,1.641269
2796,-0.0018836588000000006,-0.29101750000000004,0.125125372,1.4804650000000001
2797,-0.0018827588000000003,-0.29101750000000004,0.125125372,1.520666
2798,-0.0018818588000000004,-0.29101750000000004,0.12621079899999998,1.922676
2799,-0.0018809588000000006,-0.2709170000000001,0.125125372,2.3648870000000004
2800,-0.0018800588000000007,-0.29101750000000004,0.125125372,2.8875
2801,-0.0018791588000000004,-0.2709170000000001,0.125125372,3.28951
2802,-0.0018782588000000005,-0.2709170000000001,0.125125372,3.6111180000000003
2803,-0.0018773588000000007,-0.2709170000000001,0.125125372,3.530716
2804,-0.0018764588000000004,-0.2709170000000001,0.124039945,3.329711
2805,-0.0018755588000000005,-0.2508165,0.127296226,2.847299
2806,-0.0018746588000000007,-0.2709170000000001,0.12621079899999998,2.405088
2807,-0.0018737588000000004,-0.2709170000000001,0.12621079899999998,1.922676
2808,-0.0018728588000000005,-0.2709170000000001,0.12621079899999998,1.5608670000000002
2809,-0.0018719588000000007,-0.2709170000000001,0.125125372,1.4402640000000002
2810,-0.0018710588000000004,-0.2709170000000001,0.12621079899999998,1.5608670000000002
2811,-0.0018701588000000005,-0.2508165,0.12621079899999998,1.8020730000000003
2812,-0.0018692588000000007,-0.2709170000000001,0.12621079899999998,2.2040830000000002
2813,-0.0018683588000000004,-0.2709170000000001,0.125125372,2.5658920000000003
2814,-0.0018674588000000005,-0.2709170000000001,0.12621079899999998,2.9277010000000003
2815,-0.0018665588000000006,-0.2508165,0.12621079899999998,3.2493090000000002
2816,-0.0018656588000000003,-0.2709170000000001,0.127296226,3.4905150000000003
2817,-0.0018647588000000005,-0.2709170000000001,0.124039945,3.530716
2818,-0.0018638588000000006,-0.2709170000000001,0.12621079899999998,3.530716
2819,-0.0018629588000000003,-0.2508165,0.12621079899999998,3.410113
2820,-0.0018620588000000005,-0.29101750000000004,0.125125372,3.128706
2821,-0.0018611588000000006,-0.29101750000000004,0.12621079899999998,2.8875
2822,-0.0018602588000000003,-0.2508165,0.12621079899999998,2.4854900000000004
2823,-0.0018593588000000005,-0.29101750000000004,0.125125372,2.2040830000000002
2824,-0.0018584588000000006,-0.29101750000000004,0.125125372,1.9628770000000002
2825,-0.0018575588000000003,-0.2709170000000001,0.125125372,1.8020730000000003
2826,-0.0018566588000000005,-0.2709170000000001,0.12621079899999998,1.520666
2827,-0.0018557588000000006,-0.2709170000000001,0.125125372,1.4402640000000002
2828,-0.0018548588000000003,-0.2508165,0.12621079899999998,1.4804650000000001
2829,-0.0018539588000000004,-0.2508165,0.125125372,1.5608670000000002
2830,-0.0018530588000000006,-0.2508165,0.12621079899999998,1.8020730000000003
2831,-0.0018521588000000003,-0.2508165,0.12621079899999998,2.08348
2832,-0.0018512588000000004,-0.29101750000000004,0.125125372,2.4452890000000003
2833,-0.0018503588000000006,-0.2508165,0.125125372,2.766897
2834,-0.0018494588000000003,-0.29101750000000004,0.125125372,3.128706
2835,-0.0018485588000000004,-0.2709170000000001,0.12621079899999998,3.410113
2836,-0.0018476588000000006,-0.29101750000000004,0.125125372,3.6111180000000003
2837,-0.0018467588000000003,-0.2709170000000001,0.12621079899999998,3.570917
2838,-0.0018458588000000004,-0.2709170000000001,0.124039945,3.410113
2839,-0.0018449588000000005,-0.29101750000000004,0.125125372,3.088505
2840,-0.0018440588000000007,-0.2709170000000001,0.124039945,2.646294
2841,-0.0018431588000000004,-0.29101750000000004,0.125125372,2.163882
2842,-0.0018422588000000005,-0.2508165,0.125125372,1.8020730000000003
2843,-0.0018413588000000007,-0.2508165,0.12621079899999998,1.4804650000000001
2844,-0.0018404588000000004,-0.2508165,0.12621079899999998,1.520666
2845,-0.0018395588000000005,-0.2709170000000001,0.12621079899999998,1.6814700000000002
2846,-0.0018386588000000007,-0.2709170000000001,0.127296226,2.08348
2847,-0.0018377588000000004,-0.2709170000000001,0.125125372,2.646294
2848,-0.0018368588000000005,-0.2508165,0.12621079899999998,3.1689070000000004
2849,-0.0018359588000000007,-0.29101750000000004,0.125125372,3.450314
2850,-0.0018350588000000004,-0.29101750000000004,0.125125372,3.570917
2851,-0.0018341588000000005,-0.2709170000000001,0.12621079899999998,3.3699120000000002
2852,-0.0018332588000000006,-0.2508165,0.127296226,2.847299
2853,-0.0018323588000000003,-0.2709170000000001,0.12621079899999998,2.3246860000000003
2854,-0.0018314588000000005,-0.2508165,0.12621079899999998,1.8020730000000003
2855,-0.0018305588000000006,-0.2709170000000001,0.12621079899999998,1.4804650000000001
2856,-0.0018296588000000003,-0.2709170000000001,0.12621079899999998,1.4804650000000001
2857,-0.0018287588000000005,-0.2508165,0.125125372,1.7216710000000002
2858,-0.0018278588000000006,-0.2508165,0.12621079899999998,2.2040830000000002
2859,-0.0018269588000000003,-0.2508165,0.12621079899999998,2.726696
2860,-0.0018260588000000005,-0.2709170000000001,0.12621079899999998,3.209108
2861,-0.0018251588000000006,-0.2709170000000001,0.125125372,3.570917
2862,-0.0018242588000000003,-0.2709170000000001,0.125125372,3.570917
2863,-0.0018233588000000005,-0.2709170000000001,0.125125372,3.3699120000000002
2864,-0.0018224588000000006,-0.2508165,0.12621079899999998,3.088505
2865,-0.0018215588000000003,-0.2508165,0.124039945,2.6864950000000003
2866,-0.0018206588000000004,-0.2508165,0.125125372,2.284485
2867,-0.0018197588000000006,-0.2709170000000001,0.12621079899999998,1.8824750000000001
2868,-0.0018188588000000003,-0.23071600000000003,0.125125372,1.641269
2869,-0.0018179588000000004,-0.23071600000000003,0.125125372,1.4804650000000001
2870,-0.0018170588000000006,-0.2709170000000001,0.125125372,1.520666
2871,-0.0018161588000000003,-0.2508165,0.125125372,1.6010680000000002
2872,-0.0018152588000000004,-0.2709170000000001,0.12621079899999998,1.8422740000000002
2873,-0.0018143588000000006,-0.2709170000000001,0.12621079899999998,2.1236810000000004
2874,-0.0018134588000000003,-0.2709170000000001,0.12621079899999998,2.405088
2875,-0.0018125588000000004,-0.29101750000000004,0.12621079899999998,2.726696
2876,-0.0018116588000000006,-0.23071600000000003,0.12621079899999998,3.0483040000000003
2877,-0.0018107588000000007,-0.29101750000000004,0.127296226,3.2493090000000002
2878,-0.0018098588000000004,-0.2709170000000001,0.12621079899999998,3.4905150000000003
2879,-0.0018089588000000005,-0.2709170000000001,0.12621079899999998,3.6111180000000003
2880,-0.0018080588000000007,-0.2709170000000001,0.12621079899999998,3.530716
2881,-0.0018071588000000004,-0.23071600000000003,0.12621079899999998,3.450314
2882,-0.0018062588000000005,-0.2508165,0.12621079899999998,3.329711
2883,-0.0018053588000000007,-0.2508165,0.12621079899999998,3.209108
2884,-0.0018044588000000004,-0.2508165,0.12621079899999998,2.9277010000000003
2885,-0.0018035588000000005,-0.2508165,0.12621079899999998,2.646294
2886,-0.0018026588000000007,-0.23071600000000003,0.12621079899999998,2.3246860000000003
2887,-0.0018017588000000004,-0.23071600000000003,0.12621079899999998,2.0030780000000004
2888,-0.0018008588000000005,-0.2508165,0.12621079899999998,1.6814700000000002
2889,-0.0017999588000000006,-0.2508165,0.12621079899999998,1.520666
2890,-0.0017990588000000004,-0.2709170000000001,0.12621079899999998,1.4402640000000002
2891,-0.0017981588000000005,-0.29101750000000004,0.12621079899999998,1.5608670000000002
2892,-0.0017972588000000006,-0.2709170000000001,0.12621079899999998,1.761872
2893,-0.0017963588000000003,-0.2508165,0.125125372,2.08348
2894,-0.0017954588000000005,-0.2508165,0.12621079899999998,2.4854900000000004
2895,-0.0017945588000000006,-0.23071600000000003,0.12621079899999998,3.0483040000000003
2896,-0.0017936588000000003,-0.2508165,0.127296226,3.3699120000000002
2897,-0.0017927588000000005,-0.2508165,0.12621079899999998,3.6111180000000003
2898,-0.0017918588000000006,-0.2709170000000001,0.125125372,3.570917
2899,-0.0017909588000000003,-0.2508165,0.125125372,3.2493090000000002
2900,-0.0017900588000000005,-0.2508165,0.12621079899999998,2.847299
2901,-0.0017891588000000006,-0.2508165,0.12621079899999998,2.284485
2902,-0.0017882588000000003,-0.2709170000000001,0.125125372,1.8020730000000003
2903,-0.0017873588000000004,-0.2508165,0.125125372,1.4804650000000001
2904,-0.0017864588000000006,-0.2709170000000001,0.125125372,1.4804650000000001
2905,-0.0017855588000000003,-0.2508165,0.12621079899999998,1.8020730000000003
2906,-0.0017846588000000004,-0.2508165,0.125125372,2.2442840000000004
2907,-0.0017837588000000006,-0.2508165,0.125125372,2.8070980000000003
2908,-0.0017828588000000003,-0.2508165,0.12621079899999998,3.3699120000000002
2909,-0.0017819588000000004,-0.23071600000000003,0.125125372,3.6111180000000003
2910,-0.0017810588000000006,-0.23071600000000003,0.12621079899999998,3.530716
2911,-0.0017801588000000003,-0.2508165,0.127296226,3.1689070000000004
2912,-0.0017792588000000004,-0.29101750000000004,0.12621079899999998,2.6864950000000003
2913,-0.0017783588000000006,-0.2508165,0.127296226,2.1236810000000004
2914,-0.0017774588000000007,-0.2508165,0.12621079899999998,1.7216710000000002
2915,-0.0017765588000000004,-0.2508165,0.12621079899999998,1.4804650000000001
2916,-0.0017756588000000005,-0.2709170000000001,0.12621079899999998,1.4804650000000001
2917,-0.0017747588000000007,-0.2508165,0.12621079899999998,1.641269
2918,-0.0017738588000000004,-0.2508165,0.127296226,2.043279
2919,-0.0017729588000000005,-0.2709170000000001,0.127296226,2.4452890000000003
2920,-0.0017720588000000007,-0.23071600000000003,0.12621079899999998,2.8070980000000003
2921,-0.0017711588000000004,-0.2508165,0.12621079899999998,3.1689070000000004
2922,-0.0017702588000000005,-0.23071600000000003,0.127296226,3.410113
2923,-0.0017693588000000007,-0.2508165,0.127296226,3.570917
2924,-0.0017684588000000004,-0.2508165,0.127296226,3.6111180000000003
2925,-0.0017675588000000005,-0.2508165,0.12621079899999998,3.4905150000000003
2926,-0.0017666588000000007,-0.2508165,0.125125372,3.2493090000000002
2927,-0.0017657588000000004,-0.23071600000000003,0.12621079899999998,3.0483040000000003
2928,-0.0017648588000000005,-0.2508165,0.125125372,2.766897
2929,-0.0017639588000000006,-0.29101750000000004,0.125125372,2.525691
2930,-0.0017630588000000003,-0.2508165,0.12621079899999998,2.2040830000000002
2931,-0.0017621588000000005,-0.2508165,0.125125372,1.9628770000000002
2932,-0.0017612588000000006,-0.2508165,0.124039945,1.7216710000000002
2933,-0.0017603588000000003,-0.2508165,0.12621079899999998,1.6010680000000002
2934,-0.0017594588000000005,-0.2508165,0.12621079899999998,1.4804650000000001
2935,-0.0017585588000000006,-0.23071600000000003,0.125125372,1.4402640000000002
2936,-0.0017576588000000003,-0.2508165,0.12621079899999998,1.4804650000000001
2937,-0.0017567588000000005,-0.2508165,0.124039945,1.6010680000000002
2938,-0.0017558588000000006,-0.2508165,0.12621079899999998,1.8422740000000002
2939,-0.0017549588000000003,-0.2709170000000001,0.12621079899999998,2.0030780000000004
2940,-0.0017540588000000005,-0.2508165,0.12621079899999998,2.3246860000000003
2941,-0.0017531588000000006,-0.23071600000000003,0.12621079899999998,2.606093
2942,-0.0017522588000000003,-0.2709170000000001,0.12621079899999998,2.9277010000000003
2943,-0.0017513588000000004,-0.2508165,0.12621079899999998,3.209108
2944,-0.0017504588000000006,-0.23071600000000003,0.12621079899999998,3.4905150000000003
2945,-0.0017495588000000003,-0.2709170000000001,0.125125372,3.570917
2946,-0.0017486588000000004,-0.2709170000000001,0.12621079899999998,3.530716
2947,-0.0017477588000000006,-0.23071600000000003,0.124039945,3.410113
2948,-0.0017468588000000003,-0.2508165,0.12621079899999998,3.088505
2949,-0.0017459588000000004,-0.2508165,0.125125372,2.5658920000000003
2950,-0.0017450588000000006,-0.2709170000000001,0.12621079899999998,2.043279
2951,-0.0017441588000000007,-0.23071600000000003,0.12621079899999998,1.6814700000000002
2952,-0.0017432588000000004,-0.2709170000000001,0.12621079899999998,1.4402640000000002
2953,-0.0017423588000000005,-0.2709170000000001,0.127296226,1.520666
2954,-0.0017414588000000007,-0.23071600000000003,0.127296226,1.8020730000000003
2955,-0.0017405588000000004,-0.23071600000000003,0.12621079899999998,2.284485
2956,-0.0017396588000000005,-0.2709170000000001,0.12621079899999998,2.847299
2957,-0.0017387588000000007,-0.23071600000000003,0.127296226,3.329711
2958,-0.0017378588000000004,-0.2508165,0.12621079899999998,3.570917
2959,-0.0017369588000000005,-0.23071600000000003,0.12621079899999998,3.530716
2960,-0.0017360588000000007,-0.2508165,0.12621079899999998,3.209108
2961,-0.0017351588000000004,-0.2508165,0.125125372,2.6864950000000003
2962,-0.0017342588000000005,-0.23071600000000003,0.12621079899999998,2.2040830000000002
2963,-0.0017333588000000007,-0.2508165,0.125125372,1.7216710000000002
2964,-0.0017324588000000004,-0.21061550000000007,0.12621079899999998,1.4804650000000001
2965,-0.0017315588000000005,-0.2508165,0.12621079899999998,1.520666
2966,-0.0017306588000000006,-0.2508165,0.124039945,1.8422740000000002
2967,-0.0017297588000000003,-0.23071600000000003,0.12621079899999998,2.2442840000000004
2968,-0.0017288588000000005,-0.23071600000000003,0.125125372,2.8070980000000003
2969,-0.0017279588000000006,-0.2709170000000001,0.12621079899999998,3.209108
2970,-0.0017270588000000003,-0.2508165,0.125125372,3.450314
2971,-0.0017261588000000005,-0.2709170000000001,0.12621079899999998,3.6111180000000003
2972,-0.0017252588000000006,-0.23071600000000003,0.12621079899999998,3.530716
2973,-0.0017243588000000003,-0.23071600000000003,0.125125372,3.28951
2974,-0.0017234588000000005,-0.2508165,0.12621079899999998,2.9277010000000003
2975,-0.0017225588000000006,-0.2508165,0.12621079899999998,2.5658920000000003
2976,-0.0017216588000000003,-0.2508165,0.12621079899999998,2.1236810000000004
2977,-0.0017207588000000005,-0.2709170000000001,0.12621079899999998,1.8422740000000002
2978,-0.0017198588000000006,-0.2508165,0.12621079899999998,1.641269
2979,-0.0017189588000000003,-0.2709170000000001,0.12621079899999998,1.520666
2980,-0.0017180588000000004,-0.2508165,0.12621079899999998,1.520666
2981,-0.0017171588000000006,-0.23071600000000003,0.125125372,1.4804650000000001
2982,-0.0017162588000000003,-0.2508165,0.12621079899999998,1.641269
2983,-0.0017153588000000004,-0.2508165,0.127296226,1.761872
2984,-0.0017144588000000006,-0.23071600000000003,0.125125372,2.08348
2985,-0.0017135588000000003,-0.23071600000000003,0.12621079899999998,2.2442840000000004
2986,-0.0017126588000000004,-0.23071600000000003,0.12621079899999998,2.525691
2987,-0.0017117588000000006,-0.2508165,0.127296226,2.8070980000000003
2988,-0.0017108588000000007,-0.2508165,0.12621079899999998,3.0483040000000003
2989,-0.0017099588000000004,-0.23071600000000003,0.127296226,3.2493090000000002
2990,-0.0017090588000000006,-0.2508165,0.12838165299999998,3.450314
2991,-0.0017081588000000007,-0.23071600000000003,0.12838165299999998,3.570917
2992,-0.0017072588000000004,-0.2508165,0.12621079899999998,3.570917
2993,-0.0017063588000000005,-0.2709170000000001,0.127296226,3.530716
2994,-0.0017054588000000007,-0.2709170000000001,0.127296226,3.450314
2995,-0.0017045588000000004,-0.2508165,0.125125372,3.1689070000000004
2996,-0.0017036588000000005,-0.2709170000000001,0.12621079899999998,2.9277010000000003
2997,-0.0017027588000000007,-0.23071600000000003,0.12621079899999998,2.5658920000000003
2998,-0.0017018588000000004,-0.23071600000000003,0.125125372,2.163882
2999,-0.0017009588000000005,-0.2508165,0.12621079899999998,1.8824750000000001
3000,-0.0017000588000000007,-0.23071600000000003,0.127296226,1.5608670000000002
3001,-0.0016991588000000004,-0.23071600000000003,0.12621079899999998,1.4402640000000002
3002,-0.0016982588000000005,-0.23071600000000003,0.12621079899999998,1.5608670000000002
3003,-0.0016973588000000006,-0.2508165,0.12621079899999998,1.922676
3004,-0.0016964588000000004,-0.2508165,0.125125372,2.2442840000000004
3005,-0.0016955588000000005,-0.2508165,0.12621079899999998,2.8070980000000003
3006,-0.0016946588000000006,-0.21061550000000007,0.12621079899999998,3.2493090000000002
3007,-0.0016937588000000003,-0.2508165,0.12621079899999998,3.530716
3008,-0.0016928588000000005,-0.23071600000000003,0.12621079899999998,3.6111180000000003
3009,-0.0016919588000000006,-0.23071600000000003,0.12621079899999998,3.3699120000000002
3010,-0.0016910588000000003,-0.2508165,0.125125372,2.766897
3011,-0.0016901588000000005,-0.2508165,0.12621079899999998,2.284485
3012,-0.0016892588000000006,-0.23071600000000003,0.127296226,1.7216710000000002
3013,-0.0016883588000000003,-0.2508165,0.12621079899999998,1.520666
3014,-0.0016874588000000005,-0.21061550000000007,0.127296226,1.520666
3015,-0.0016865588000000006,-0.23071600000000003,0.12621079899999998,1.8020730000000003
3016,-0.0016856588000000003,-0.2709170000000001,0.12621079899999998,2.3246860000000003
3017,-0.0016847588000000004,-0.2508165,0.12621079899999998,2.847299
3018,-0.0016838588000000006,-0.2508165,0.127296226,3.329711
3019,-0.0016829588000000003,-0.2709170000000001,0.127296226,3.570917
3020,-0.0016820588000000004,-0.2508165,0.127296226,3.570917
3021,-0.0016811588000000006,-0.23071600000000003,0.12621079899999998,3.329711
3022,-0.0016802588000000003,-0.2508165,0.127296226,2.8875
3023,-0.0016793588000000004,-0.2508165,0.127296226,2.4452890000000003
3024,-0.0016784588000000006,-0.23071600000000003,0.127296226,1.9628770000000002
3025,-0.0016775588000000003,-0.23071600000000003,0.12621079899999998,1.641269
3026,-0.0016766588000000004,-0.23071600000000003,0.12621079899999998,1.520666
3027,-0.0016757588000000006,-0.23071600000000003,0.12621079899999998,1.520666
3028,-0.0016748588000000007,-0.23071600000000003,0.12621079899999998,1.6814700000000002
3029,-0.0016739588000000004,-0.23071600000000003,0.12621079899999998,1.8020730000000003
3030,-0.0016730588000000005,-0.23071600000000003,0.12621079899999998,2.2442840000000004
3031,-0.0016721588000000007,-0.2709170000000001,0.12621079899999998,2.5658920000000003
3032,-0.0016712588000000004,-0.23071600000000003,0.127296226,2.8875
3033,-0.0016703588000000005,-0.2508165,0.12621079899999998,3.1689070000000004
3034,-0.0016694588000000007,-0.2508165,0.12621079899999998,3.3699120000000002
3035,-0.0016685588000000004,-0.2508165,0.12621079899999998,3.450314
3036,-0.0016676588000000005,-0.23071600000000003,0.125125372,3.6111180000000003
3037,-0.0016667588000000007,-0.23071600000000003,0.127296226,3.570917
3038,-0.0016658588000000004,-0.2508165,0.12621079899999998,3.570917
3039,-0.0016649588000000005,-0.2508165,0.12621079899999998,3.410113
3040,-0.0016640588000000006,-0.21061550000000007,0.127296226,3.128706
3041,-0.0016631588000000004,-0.23071600000000003,0.12838165299999998,2.8875
3042,-0.0016622588000000005,-0.23071600000000003,0.125125372,2.6864950000000003
3043,-0.0016613588000000006,-0.23071600000000003,0.12621079899999998,2.3648870000000004
3044,-0.0016604588000000003,-0.2508165,0.127296226,2.043279
3045,-0.0016595588000000005,-0.23071600000000003,0.12621079899999998,1.8020730000000003
3046,-0.0016586588000000006,-0.2508165,0.127296226,1.6010680000000002
3047,-0.0016577588000000003,-0.21061550000000007,0.12621079899999998,1.400063
3048,-0.0016568588000000005,-0.21061550000000007,0.12621079899999998,1.5608670000000002
3049,-0.0016559588000000006,-0.2508165,0.12621079899999998,1.6010680000000002
3050,-0.0016550588000000003,-0.2508165,0.127296226,1.922676
3051,-0.0016541588000000005,-0.21061550000000007,0.12621079899999998,2.3246860000000003
3052,-0.0016532588000000006,-0.23071600000000003,0.127296226,2.726696
3053,-0.0016523588000000003,-0.23071600000000003,0.127296226,3.1689070000000004
3054,-0.0016514588000000005,-0.21061550000000007,0.127296226,3.450314
3055,-0.0016505588000000006,-0.23071600000000003,0.127296226,3.6111180000000003
3056,-0.0016496588000000003,-0.23071600000000003,0.12621079899999998,3.450314
3057,-0.0016487588000000004,-0.23071600000000003,0.12621079899999998,3.2493090000000002
3058,-0.0016478588000000006,-0.23071600000000003,0.127296226,2.766897
3059,-0.0016469588000000003,-0.23071600000000003,0.12838165299999998,2.2040830000000002
3060,-0.0016460588000000004,-0.23071600000000003,0.12838165299999998,1.761872
3061,-0.0016451588000000006,-0.23071600000000003,0.12621079899999998,1.520666
3062,-0.0016442588000000003,-0.2508165,0.12621079899999998,1.520666
3063,-0.0016433588000000004,-0.2508165,0.12621079899999998,1.7216710000000002
3064,-0.0016424588000000006,-0.2508165,0.12621079899999998,2.3246860000000003
3065,-0.0016415588000000007,-0.23071600000000003,0.125125372,2.847299
3066,-0.0016406588000000004,-0.2508165,0.124039945,3.329711
3067,-0.0016397588000000005,-0.21061550000000007,0.125125372,3.570917
3068,-0.0016388588000000007,-0.23071600000000003,0.12621079899999998,3.530716
3069,-0.0016379588000000004,-0.23071600000000003,0.12621079899999998,3.209108
3070,-0.0016370588000000005,-0.23071600000000003,0.12621079899999998,2.726696
3071,-0.0016361588000000007,-0.23071600000000003,0.125125372,2.2040830000000002
3072,-0.0016352588000000004,-0.21061550000000007,0.12621079899999998,1.8020730000000003
3073,-0.0016343588000000005,-0.23071600000000003,0.12621079899999998,1.520666
3074,-0.0016334588000000007,-0.21061550000000007,0.12621079899999998,1.5608670000000002
3075,-0.0016325588000000004,-0.23071600000000003,0.127296226,1.6814700000000002
3076,-0.0016316588000000005,-0.23071600000000003,0.127296226,2.0030780000000004
3077,-0.0016307588000000007,-0.23071600000000003,0.12621079899999998,2.3648870000000004
3078,-0.0016298588000000004,-0.23071600000000003,0.12621079899999998,2.8070980000000003
3079,-0.0016289588000000005,-0.23071600000000003,0.127296226,3.1689070000000004
3080,-0.0016280588000000006,-0.23071600000000003,0.127296226,3.450314
3081,-0.0016271588000000003,-0.2508165,0.12621079899999998,3.6111180000000003
3082,-0.0016262588000000005,-0.2709170000000001,0.12621079899999998,3.6111180000000003
3083,-0.0016253588000000006,-0.2508165,0.12621079899999998,3.530716
3084,-0.0016244588000000003,-0.21061550000000007,0.127296226,3.329711
3085,-0.0016235588000000005,-0.23071600000000003,0.127296226,3.0483040000000003
3086,-0.0016226588000000006,-0.23071600000000003,0.12621079899999998,2.766897
3087,-0.0016217588000000003,-0.23071600000000003,0.127296226,2.4452890000000003
3088,-0.0016208588000000005,-0.2508165,0.127296226,2.08348
3089,-0.0016199588000000006,-0.23071600000000003,0.12838165299999998,1.922676
3090,-0.0016190588000000003,-0.21061550000000007,0.127296226,1.7216710000000002
3091,-0.0016181588000000005,-0.190515,0.12621079899999998,1.5608670000000002
3092,-0.0016172588000000006,-0.21061550000000007,0.127296226,1.520666
3093,-0.0016163588000000003,-0.2508165,0.127296226,1.4804650000000001
3094,-0.0016154588000000004,-0.23071600000000003,0.127296226,1.5608670000000002
3095,-0.0016145588000000006,-0.23071600000000003,0.12946708,1.8020730000000003
3096,-0.0016136588000000003,-0.23071600000000003,0.12621079899999998,2.043279
3097,-0.0016127588000000004,-0.21061550000000007,0.12621079899999998,2.4452890000000003
3098,-0.0016118588000000006,-0.2508165,0.127296226,2.726696
3099,-0.0016109588000000003,-0.23071600000000003,0.12621079899999998,3.128706
3100,-0.0016100588000000004,-0.23071600000000003,0.12621079899999998,3.450314
3101,-0.0016091588000000006,-0.21061550000000007,0.125125372,3.530716
3102,-0.0016082588000000007,-0.23071600000000003,0.127296226,3.6111180000000003
3103,-0.0016073588000000004,-0.2709170000000001,0.12621079899999998,3.450314
3104,-0.0016064588000000006,-0.23071600000000003,0.12621079899999998,3.1689070000000004
3105,-0.0016055588000000007,-0.23071600000000003,0.12621079899999998,2.766897
3106,-0.0016046588000000004,-0.2508165,0.127296226,2.284485
3107,-0.0016037588000000005,-0.23071600000000003,0.12621079899999998,1.8422740000000002
3108,-0.0016028588000000007,-0.21061550000000007,0.127296226,1.5608670000000002
3109,-0.0016019588000000004,-0.23071600000000003,0.125125372,1.4804650000000001
3110,-0.0016010588000000005,-0.23071600000000003,0.127296226,1.641269
3111,-0.0016001588000000007,-0.21061550000000007,0.127296226,2.08348
3112,-0.0015992588000000004,-0.23071600000000003,0.12621079899999998,2.606093
3113,-0.0015983588000000005,-0.23071600000000003,0.127296226,3.128706
3114,-0.0015974588000000007,-0.21061550000000007,0.12946708,3.530716
3115,-0.0015965588000000004,-0.21061550000000007,0.127296226,3.570917
3116,-0.0015956588000000005,-0.23071600000000003,0.127296226,3.450314
3117,-0.0015947588000000006,-0.21061550000000007,0.12621079899999998,3.0483040000000003
3118,-0.0015938588000000004,-0.21061550000000007,0.127296226,2.646294
3119,-0.0015929588000000005,-0.23071600000000003,0.12621079899999998,1.9628770000000002
3120,-0.0015920588000000006,-0.21061550000000007,0.127296226,1.641269
3121,-0.0015911588000000003,-0.190515,0.12838165299999998,1.4804650000000001
3122,-0.0015902588000000005,-0.23071600000000003,0.127296226,1.5608670000000002
3123,-0.0015893588000000006,-0.23071600000000003,0.12621079899999998,1.8422740000000002
3124,-0.0015884588000000003,-0.23071600000000003,0.12838165299999998,2.3246860000000003
3125,-0.0015875588000000005,-0.23071600000000003,0.12621079899999998,2.8070980000000003
3126,-0.0015866588000000006,-0.23071600000000003,0.12621079899999998,3.128706
3127,-0.0015857588000000003,-0.23071600000000003,0.12621079899999998,3.4905150000000003
3128,-0.0015848588000000005,-0.23071600000000003,0.127296226,3.570917
3129,-0.0015839588000000006,-0.21061550000000007,0.12621079899999998,3.570917
3130,-0.0015830588000000003,-0.21061550000000007,0.12621079899999998,3.450314
3131,-0.0015821588000000004,-0.21061550000000007,0.12621079899999998,3.128706
3132,-0.0015812588000000006,-0.23071600000000003,0.127296226,2.847299
3133,-0.0015803588000000003,-0.21061550000000007,0.12621079899999998,2.4452890000000003
3134,-0.0015794588000000004,-0.21061550000000007,0.125125372,2.163882
3135,-0.0015785588000000006,-0.23071600000000003,0.125125372,1.8020730000000003
3136,-0.0015776588000000003,-0.23071600000000003,0.12621079899999998,1.641269
3137,-0.0015767588000000004,-0.23071600000000003,0.125125372,1.520666
3138,-0.0015758588000000006,-0.21061550000000007,0.12621079899999998,1.4804650000000001
3139,-0.0015749588000000007,-0.21061550000000007,0.125125372,1.5608670000000002
3140,-0.0015740588000000004,-0.23071600000000003,0.127296226,1.641269
3141,-0.0015731588000000006,-0.23071600000000003,0.12621079899999998,1.922676
3142,-0.0015722588000000007,-0.23071600000000003,0.127296226,2.2040830000000002
3143,-0.0015713588000000004,-0.21061550000000007,0.12621079899999998,2.606093
3144,-0.0015704588000000005,-0.21061550000000007,0.12621079899999998,2.8875
3145,-0.0015695588000000007,-0.23071600000000003,0.125125372,3.128706
3146,-0.0015686588000000004,-0.21061550000000007,0.12621079899999998,3.3699120000000002
3147,-0.0015677588000000005,-0.21061550000000007,0.12621079899999998,3.530716
3148,-0.0015668588000000007,-0.23071600000000003,0.12621079899999998,3.570917
3149,-0.0015659588000000004,-0.21061550000000007,0.127296226,3.570917
3150,-0.0015650588000000005,-0.21061550000000007,0.127296226,3.3699120000000002
3151,-0.0015641588000000007,-0.23071600000000003,0.127296226,3.0483040000000003
3152,-0.0015632588000000004,-0.21061550000000007,0.127296226,2.646294
3153,-0.0015623588000000005,-0.23071600000000003,0.12621079899999998,2.2442840000000004
3154,-0.0015614588000000006,-0.23071600000000003,0.12946708,1.8422740000000002
3155,-0.0015605588000000004,-0.23071600000000003,0.12621079899999998,1.5608670000000002
3156,-0.0015596588000000005,-0.21061550000000007,0.127296226,1.4402640000000002
3157,-0.0015587588000000006,-0.190515,0.127296226,1.6010680000000002
3158,-0.0015578588000000003,-0.23071600000000003,0.127296226,1.8422740000000002
3159,-0.0015569588000000005,-0.21061550000000007,0.12621079899999998,2.284485
3160,-0.0015560588000000006,-0.23071600000000003,0.12838165299999998,2.8070980000000003
3161,-0.0015551588000000003,-0.23071600000000003,0.127296226,3.2493090000000002
3162,-0.0015542588000000005,-0.21061550000000007,0.127296226,3.570917
3163,-0.0015533588000000006,-0.21061550000000007,0.12621079899999998,3.6111180000000003
3164,-0.0015524588000000003,-0.21061550000000007,0.12621079899999998,3.410113
3165,-0.0015515588000000005,-0.23071600000000003,0.12621079899999998,3.088505
3166,-0.0015506588000000006,-0.23071600000000003,0.127296226,2.606093
3167,-0.0015497588000000003,-0.21061550000000007,0.12838165299999998,2.08348
3168,-0.0015488588000000005,-0.21061550000000007,0.127296226,1.641269
3169,-0.0015479588000000006,-0.190515,0.125125372,1.4804650000000001
3170,-0.0015470588000000003,-0.190515,0.125125372,1.520666
3171,-0.0015461588000000004,-0.23071600000000003,0.127296226,1.8422740000000002
3172,-0.0015452588000000006,-0.23071600000000003,0.12621079899999998,2.2040830000000002
3173,-0.0015443588000000003,-0.21061550000000007,0.125125372,2.646294
3174,-0.0015434588000000004,-0.21061550000000007,0.12621079899999998,3.128706
3175,-0.0015425588000000006,-0.23071600000000003,0.127296226,3.450314
3176,-0.0015416588000000007,-0.21061550000000007,0.12621079899999998,3.570917
3177,-0.0015407588000000004,-0.21061550000000007,0.127296226,3.570917
3178,-0.0015398588000000006,-0.23071600000000003,0.12621079899999998,3.450314
3179,-0.0015389588000000007,-0.17041450000000002,0.127296226,3.1689070000000004
3180,-0.0015380588000000004,-0.190515,0.12838165299999998,2.726696
3181,-0.0015371588000000005,-0.21061550000000007,0.127296226,2.405088
3182,-0.0015362588000000007,-0.21061550000000007,0.127296226,2.043279
3183,-0.0015353588000000004,-0.23071600000000003,0.127296226,1.8020730000000003
3184,-0.0015344588000000005,-0.21061550000000007,0.127296226,1.520666
3185,-0.0015335588000000007,-0.190515,0.12838165299999998,1.4804650000000001
3186,-0.0015326588000000004,-0.23071600000000003,0.127296226,1.520666
3187,-0.0015317588000000005,-0.21061550000000007,0.12838165299999998,1.641269
3188,-0.0015308588000000007,-0.21061550000000007,0.127296226,1.8824750000000001
3189,-0.0015299588000000004,-0.23071600000000003,0.127296226,2.2040830000000002
3190,-0.0015290588000000005,-0.21061550000000007,0.12621079899999998,2.4854900000000004
3191,-0.0015281588000000007,-0.190515,0.12621079899999998,2.847299
3192,-0.0015272588000000004,-0.21061550000000007,0.12838165299999998,3.1689070000000004
3193,-0.0015263588000000005,-0.23071600000000003,0.127296226,3.410113
3194,-0.0015254588000000006,-0.2508165,0.12838165299999998,3.530716
3195,-0.0015245588000000003,-0.21061550000000007,0.127296226,3.6111180000000003
3196,-0.0015236588000000005,-0.23071600000000003,0.127296226,3.570917
3197,-0.0015227588000000006,-0.21061550000000007,0.12838165299999998,3.410113
3198,-0.0015218588000000003,-0.21061550000000007,0.127296226,3.1689070000000004
3199,-0.0015209588000000005,-0.21061550000000007,0.12838165299999998,2.847299
3200,-0.0015200588000000006,-0.21061550000000007,0.12621079899999998,2.4452890000000003
3201,-0.0015191588000000003,-0.21061550000000007,0.127296226,1.9628770000000002
3202,-0.0015182588000000005,-0.21061550000000007,0.12621079899999998,1.7216710000000002
3203,-0.0015173588000000006,-0.21061550000000007,0.12621079899999998,1.4402640000000002
3204,-0.0015164588000000003,-0.190515,0.12621079899999998,1.4804650000000001
3205,-0.0015155588000000005,-0.23071600000000003,0.12838165299999998,1.641269
3206,-0.0015146588000000006,-0.21061550000000007,0.127296226,1.8824750000000001
3207,-0.0015137588000000003,-0.190515,0.12621079899999998,2.2442840000000004
3208,-0.0015128588000000004,-0.21061550000000007,0.127296226,2.766897
3209,-0.0015119588000000006,-0.21061550000000007,0.127296226,3.128706
3210,-0.0015110588000000003,-0.190515,0.12621079899999998,3.410113
3211,-0.0015101588000000004,-0.190515,0.12621079899999998,3.6111180000000003
3212,-0.0015092588000000006,-0.21061550000000007,0.12621079899999998,3.4905150000000003
3213,-0.0015083588000000007,-0.190515,0.125125372,3.28951
3214,-0.0015074588000000004,-0.23071600000000003,0.12621079899999998,2.8875
3215,-0.0015065588000000006,-0.23071600000000003,0.12621079899999998,2.4452890000000003
3216,-0.0015056588000000007,-0.23071600000000003,0.12621079899999998,1.9628770000000002
3217,-0.0015047588000000004,-0.190515,0.12838165299999998,1.6010680000000002
3218,-0.0015038588000000006,-0.190515,0.127296226,1.4804650000000001
3219,-0.0015029588000000007,-0.190515,0.127296226,1.520666
3220,-0.0015020588000000004,-0.190515,0.12838165299999998,1.8020730000000003
3221,-0.0015011588000000005,-0.21061550000000007,0.12621079899999998,2.2442840000000004
3222,-0.0015002588000000007,-0.21061550000000007,0.12838165299999998,2.646294
3223,-0.0014993588000000004,-0.21061550000000007,0.127296226,3.088505
3224,-0.0014984588000000005,-0.190515,0.12838165299999998,3.4905150000000003
3225,-0.0014975588000000007,-0.190515,0.127296226,3.530716
3226,-0.0014966588000000004,-0.21061550000000007,0.12946708,3.570917
3227,-0.0014957588000000005,-0.21061550000000007,0.12838165299999998,3.3699120000000002
3228,-0.0014948588000000007,-0.21061550000000007,0.127296226,3.008103
3229,-0.0014939588000000004,-0.190515,0.12621079899999998,2.606093
3230,-0.0014930588000000005,-0.21061550000000007,0.12838165299999998,2.2040830000000002
3231,-0.0014921588000000006,-0.190515,0.12621079899999998,1.8020730000000003
3232,-0.0014912588000000004,-0.190515,0.127296226,1.641269
3233,-0.0014903588000000005,-0.21061550000000007,0.12838165299999998,1.520666
3234,-0.0014894588000000006,-0.23071600000000003,0.12838165299999998,1.520666
3235,-0.0014885588000000003,-0.21061550000000007,0.12621079899999998,1.6814700000000002
3236,-0.0014876588000000005,-0.21061550000000007,0.127296226,2.0030780000000004
3237,-0.0014867588000000006,-0.21061550000000007,0.12621079899999998,2.3246860000000003
3238,-0.0014858588000000003,-0.21061550000000007,0.12621079899999998,2.646294
3239,-0.0014849588000000005,-0.190515,0.12621079899999998,2.967902
3240,-0.0014840588000000006,-0.21061550000000007,0.12621079899999998,3.3699120000000002
3241,-0.0014831588000000003,-0.21061550000000007,0.127296226,3.530716
3242,-0.0014822588000000005,-0.23071600000000003,0.12621079899999998,3.6111180000000003
3243,-0.0014813588000000006,-0.23071600000000003,0.12621079899999998,3.530716
3244,-0.0014804588000000003,-0.190515,0.127296226,3.3699120000000002
3245,-0.0014795588000000004,-0.21061550000000007,0.127296226,3.088505
3246,-0.0014786588000000006,-0.190515,0.127296226,2.726696
3247,-0.0014777588000000003,-0.190515,0.12621079899999998,2.3648870000000004
3248,-0.0014768588000000004,-0.190515,0.127296226,2.043279
3249,-0.0014759588000000006,-0.21061550000000007,0.127296226,1.7216710000000002
3250,-0.0014750588000000003,-0.21061550000000007,0.12838165299999998,1.520666
3251,-0.0014741588000000004,-0.21061550000000007,0.127296226,1.4804650000000001
3252,-0.0014732588000000006,-0.23071600000000003,0.127296226,1.5608670000000002
3253,-0.0014723588000000007,-0.23071600000000003,0.12621079899999998,1.8824750000000001
3254,-0.0014714588000000004,-0.2508165,0.12838165299999998,2.1236810000000004
3255,-0.0014705588000000006,-0.190515,0.127296226,2.525691
3256,-0.0014696588000000007,-0.21061550000000007,0.127296226,2.8875
3257,-0.0014687588000000004,-0.190515,0.12838165299999998,3.28951
3258,-0.0014678588000000005,-0.190515,0.12621079899999998,3.530716
3259,-0.0014669588000000007,-0.21061550000000007,0.12838165299999998,3.6111180000000003
3260,-0.0014660588000000004,-0.21061550000000007,0.127296226,3.530716
3261,-0.0014651588000000005,-0.190515,0.127296226,3.2493090000000002
3262,-0.0014642588000000007,-0.190515,0.127296226,2.9277010000000003
3263,-0.0014633588000000004,-0.23071600000000003,0.12838165299999998,2.5658920000000003
3264,-0.0014624588000000005,-0.190515,0.12838165299999998,2.08348
3265,-0.0014615588000000007,-0.21061550000000007,0.127296226,1.761872
3266,-0.0014606588000000004,-0.21061550000000007,0.127296226,1.5608670000000002
3267,-0.0014597588000000005,-0.21061550000000007,0.127296226,1.4804650000000001
3268,-0.0014588588000000006,-0.190515,0.127296226,1.641269
3269,-0.0014579588000000004,-0.190515,0.127296226,1.9628770000000002
3270,-0.0014570588000000005,-0.17041450000000002,0.12838165299999998,2.405088
3271,-0.0014561588000000006,-0.21061550000000007,0.12621079899999998,2.8070980000000003
3272,-0.0014552588000000003,-0.23071600000000003,0.127296226,3.2493090000000002
3273,-0.0014543588000000005,-0.21061550000000007,0.127296226,3.4905150000000003
3274,-0.0014534588000000006,-0.23071600000000003,0.12621079899999998,3.6111180000000003
3275,-0.0014525588000000003,-0.190515,0.12621079899999998,3.530716
3276,-0.0014516588000000005,-0.190515,0.127296226,3.3699120000000002
3277,-0.0014507588000000006,-0.21061550000000007,0.12621079899999998,2.967902
3278,-0.0014498588000000003,-0.21061550000000007,0.127296226,2.4452890000000003
3279,-0.0014489588000000005,-0.190515,0.127296226,2.0030780000000004
3280,-0.0014480588000000006,-0.190515,0.12621079899999998,1.641269
3281,-0.0014471588000000003,-0.190515,0.127296226,1.520666
3282,-0.0014462588000000005,-0.190515,0.12621079899999998,1.520666
3283,-0.0014453588000000006,-0.21061550000000007,0.127296226,1.761872
3284,-0.0014444588000000003,-0.17041450000000002,0.127296226,2.1236810000000004
3285,-0.0014435588000000004,-0.190515,0.12621079899999998,2.4854900000000004
3286,-0.0014426588000000006,-0.190515,0.127296226,2.847299
3287,-0.0014417588000000003,-0.21061550000000007,0.127296226,3.2493090000000002
3288,-0.0014408588000000004,-0.190515,0.127296226,3.570917
3289,-0.0014399588000000006,-0.190515,0.12838165299999998,3.651319
3290,-0.0014390588000000007,-0.190515,0.12838165299999998,3.530716
3291,-0.0014381588000000004,-0.190515,0.12838165299999998,3.3699120000000002
3292,-0.0014372588000000006,-0.21061550000000007,0.12838165299999998,2.967902
3293,-0.0014363588000000007,-0.190515,0.12838165299999998,2.5658920000000003
3294,-0.0014354588000000004,-0.21061550000000007,0.127296226,2.163882
3295,-0.0014345588000000005,-0.190515,0.127296226,1.8020730000000003
3296,-0.0014336588000000007,-0.21061550000000007,0.12838165299999998,1.5608670000000002
3297,-0.0014327588000000004,-0.17041450000000002,0.12838165299999998,1.4402640000000002
3298,-0.0014318588000000005,-0.190515,0.12838165299999998,1.520666
3299,-0.0014309588000000007,-0.21061550000000007,0.12946708,1.7216710000000002
3300,-0.0014300588000000004,-0.190515,0.127296226,2.043279
3301,-0.0014291588000000005,-0.21061550000000007,0.12621079899999998,2.405088
3302,-0.0014282588000000007,-0.21061550000000007,0.12946708,2.766897
3303,-0.0014273588000000004,-0.21061550000000007,0.12838165299999998,3.209108
3304,-0.0014264588000000005,-0.190515,0.12838165299999998,3.410113
3305,-0.0014255588000000007,-0.23071600000000003,0.127296226,3.6111180000000003
3306,-0.0014246588000000004,-0.190515,0.127296226,3.6111180000000003
3307,-0.0014237588000000005,-0.21061550000000007,0.12946708,3.530716
3308,-0.0014228588000000006,-0.21061550000000007,0.12838165299999998,3.2493090000000002
3309,-0.0014219588000000003,-0.190515,0.127296226,2.967902
3310,-0.0014210588000000005,-0.190515,0.12621079899999998,2.606093
3311,-0.0014201588000000006,-0.190515,0.127296226,2.2442840000000004
3312,-0.0014192588000000003,-0.23071600000000003,0.12621079899999998,1.922676
3313,-0.0014183588000000005,-0.21061550000000007,0.12621079899999998,1.641269
3314,-0.0014174588000000006,-0.190515,0.12621079899999998,1.4804650000000001
3315,-0.0014165588000000003,-0.190515,0.12838165299999998,1.4804650000000001
3316,-0.0014156588000000005,-0.17041450000000002,0.12838165299999998,1.6814700000000002
3317,-0.0014147588000000006,-0.190515,0.12621079899999998,1.922676
3318,-0.0014138588000000003,-0.190515,0.12838165299999998,2.3246860000000003
3319,-0.0014129588000000005,-0.17041450000000002,0.12838165299999998,2.6864950000000003
3320,-0.0014120588000000006,-0.21061550000000007,0.12621079899999998,3.128706
3321,-0.0014111588000000003,-0.21061550000000007,0.127296226,3.410113
3322,-0.0014102588000000004,-0.21061550000000007,0.12621079899999998,3.6111180000000003
3323,-0.0014093588000000006,-0.190515,0.127296226,3.6111180000000003
3324,-0.0014084588000000003,-0.23071600000000003,0.127296226,3.450314
3325,-0.0014075588000000004,-0.190515,0.127296226,3.128706
3326,-0.0014066588000000006,-0.190515,0.12838165299999998,2.726696
3327,-0.0014057588000000007,-0.17041450000000002,0.12838165299999998,2.2442840000000004
3328,-0.0014048588000000004,-0.190515,0.12946708,1.8422740000000002
3329,-0.0014039588000000006,-0.190515,0.12946708,1.5608670000000002
3330,-0.0014030588000000007,-0.190515,0.12946708,1.4804650000000001
3331,-0.0014021588000000004,-0.17041450000000002,0.12946708,1.5608670000000002
3332,-0.0014012588000000006,-0.190515,0.127296226,1.9628770000000002
3333,-0.0014003588000000007,-0.190515,0.12838165299999998,2.4452890000000003
3334,-0.0013994588000000004,-0.17041450000000002,0.127296226,2.9277010000000003
3335,-0.0013985588000000005,-0.17041450000000002,0.127296226,3.329711
3336,-0.0013976588000000007,-0.17041450000000002,0.127296226,3.570917
3337,-0.0013967588000000004,-0.190515,0.127296226,3.6111180000000003
3338,-0.0013958588000000005,-0.190515,0.12946708,3.450314
3339,-0.0013949588000000007,-0.21061550000000007,0.127296226,3.0483040000000003
3340,-0.0013940588000000004,-0.190515,0.127296226,2.606093
3341,-0.0013931588000000005,-0.21061550000000007,0.127296226,2.163882
3342,-0.0013922588000000007,-0.190515,0.12621079899999998,1.8020730000000003
3343,-0.0013913588000000004,-0.190515,0.125125372,1.520666
3344,-0.0013904588000000005,-0.190515,0.127296226,1.520666
3345,-0.0013895588000000006,-0.17041450000000002,0.12621079899999998,1.641269
3346,-0.0013886588000000004,-0.190515,0.127296226,1.922676
3347,-0.0013877588000000005,-0.21061550000000007,0.127296226,2.3246860000000003
3348,-0.0013868588000000006,-0.190515,0.127296226,2.766897
3349,-0.0013859588000000003,-0.190515,0.127296226,3.128706
3350,-0.0013850588000000005,-0.190515,0.12621079899999998,3.450314
3351,-0.0013841588000000006,-0.21061550000000007,0.12838165299999998,3.6111180000000003
3352,-0.0013832588000000003,-0.21061550000000007,0.12838165299999998,3.651319
3353,-0.0013823588000000005,-0.17041450000000002,0.127296226,3.4905150000000003
3354,-0.0013814588000000006,-0.190515,0.12838165299999998,3.28951
3355,-0.0013805588000000003,-0.190515,0.12838165299999998,2.967902
3356,-0.0013796588000000005,-0.190515,0.12838165299999998,2.6864950000000003
3357,-0.0013787588000000006,-0.17041450000000002,0.12621079899999998,2.3246860000000003
3358,-0.0013778588000000003,-0.190515,0.127296226,1.9628770000000002
3359,-0.0013769588000000004,-0.15031400000000006,0.12838165299999998,1.761872
3360,-0.0013760588000000006,-0.190515,0.12838165299999998,1.5608670000000002
3361,-0.0013751588000000003,-0.190515,0.127296226,1.4402640000000002
3362,-0.0013742588000000004,-0.190515,0.12838165299999998,1.4804650000000001
3363,-0.0013733588000000006,-0.190515,0.12838165299999998,1.641269
3364,-0.0013724588000000007,-0.190515,0.12946708,1.8422740000000002
3365,-0.0013715588000000004,-0.21061550000000007,0.127296226,2.2040830000000002
3366,-0.0013706588000000006,-0.21061550000000007,0.12946708,2.5658920000000003
3367,-0.0013697588000000007,-0.17041450000000002,0.127296226,2.8875
3368,-0.0013688588000000004,-0.190515,0.127296226,3.209108
3369,-0.0013679588000000006,-0.190515,0.12946708,3.450314
3370,-0.0013670588000000007,-0.17041450000000002,0.12838165299999998,3.6111180000000003
3371,-0.0013661588000000004,-0.190515,0.127296226,3.69152
3372,-0.0013652588000000005,-0.190515,0.12946708,3.4905150000000003
3373,-0.0013643588000000007,-0.190515,0.127296226,3.28951
3374,-0.0013634588000000004,-0.190515,0.127296226,2.8875
3375,-0.0013625588000000005,-0.190515,0.12838165299999998,2.405088
3376,-0.0013616588000000007,-0.190515,0.127296226,2.0030780000000004
3377,-0.0013607588000000004,-0.190515,0.12838165299999998,1.6814700000000002
3378,-0.0013598588000000005,-0.17041450000000002,0.127296226,1.520666
3379,-0.0013589588000000007,-0.17041450000000002,0.127296226,1.4804650000000001
3380,-0.0013580588000000004,-0.190515,0.127296226,1.7216710000000002
3381,-0.0013571588000000005,-0.190515,0.12621079899999998,2.163882
3382,-0.0013562588000000006,-0.190515,0.127296226,2.646294
3383,-0.0013553588000000004,-0.17041450000000002,0.127296226,3.128706
3384,-0.0013544588000000005,-0.17041450000000002,0.12838165299999998,3.530716
3385,-0.0013535588000000006,-0.17041450000000002,0.127296226,3.69152
3386,-0.0013526588000000003,-0.190515,0.12621079899999998,3.570917
3387,-0.0013517588000000005,-0.17041450000000002,0.127296226,3.1689070000000004
3388,-0.0013508588000000006,-0.17041450000000002,0.127296226,2.6864950000000003
3389,-0.0013499588000000003,-0.17041450000000002,0.127296226,2.2040830000000002
3390,-0.0013490588000000005,-0.190515,0.127296226,1.7216710000000002
3391,-0.0013481588000000006,-0.190515,0.12621079899999998,1.520666
3392,-0.0013472588000000003,-0.17041450000000002,0.127296226,1.520666
3393,-0.0013463588000000005,-0.190515,0.12838165299999998,1.761872
3394,-0.0013454588000000006,-0.17041450000000002,0.12838165299999998,2.163882
3395,-0.0013445588000000003,-0.190515,0.12838165299999998,2.6864950000000003
3396,-0.0013436588000000005,-0.17041450000000002,0.127296226,3.128706
3397,-0.0013427588000000006,-0.21061550000000007,0.12838165299999998,3.450314
3398,-0.0013418588000000003,-0.190515,0.12838165299999998,3.570917
3399,-0.0013409588000000004,-0.190515,0.127296226,3.6111180000000003
3400,-0.0013400588000000006,-0.190515,0.131637934,3.450314
3401,-0.0013391588000000007,-0.17041450000000002,0.12946708,3.0483040000000003
3402,-0.0013382588000000004,-0.190515,0.12838165299999998,2.6864950000000003
3403,-0.0013373588000000006,-0.190515,0.127296226,2.2442840000000004
3404,-0.0013364588000000007,-0.17041450000000002,0.127296226,1.922676
3405,-0.0013355588000000004,-0.17041450000000002,0.127296226,1.6814700000000002
3406,-0.0013346588000000006,-0.190515,0.127296226,1.520666
3407,-0.0013337588000000007,-0.17041450000000002,0.12946708,1.4804650000000001
3408,-0.0013328588000000004,-0.190515,0.127296226,1.520666
3409,-0.0013319588000000005,-0.190515,0.125125372,1.7216710000000002
3410,-0.0013310588000000007,-0.190515,0.12621079899999998,1.922676
3411,-0.0013301588000000004,-0.190515,0.127296226,2.284485
3412,-0.0013292588000000005,-0.17041450000000002,0.127296226,2.646294
3413,-0.0013283588000000007,-0.15031400000000006,0.127296226,2.9277010000000003
3414,-0.0013274588000000004,-0.190515,0.12838165299999998,3.128706
3415,-0.0013265588000000005,-0.190515,0.12621079899999998,3.410113
3416,-0.0013256588000000007,-0.190515,0.127296226,3.570917
3417,-0.0013247588000000004,-0.190515,0.127296226,3.6111180000000003
3418,-0.0013238588000000005,-0.17041450000000002,0.127296226,3.6111180000000003
3419,-0.0013229588000000007,-0.17041450000000002,0.127296226,3.530716
3420,-0.0013220588000000004,-0.15031400000000006,0.127296226,3.3699120000000002
3421,-0.0013211588000000005,-0.190515,0.12838165299999998,3.128706
3422,-0.0013202588000000006,-0.17041450000000002,0.127296226,2.8070980000000003
3423,-0.0013193588000000003,-0.190515,0.12838165299999998,2.4854900000000004
3424,-0.0013184588000000005,-0.190515,0.127296226,2.08348
3425,-0.0013175588000000006,-0.190515,0.127296226,1.8422740000000002
3426,-0.0013166588000000003,-0.190515,0.127296226,1.6010680000000002
3427,-0.0013157588000000005,-0.17041450000000002,0.12621079899999998,1.520666
3428,-0.0013148588000000006,-0.17041450000000002,0.127296226,1.520666
3429,-0.0013139588000000003,-0.17041450000000002,0.12946708,1.8020730000000003
3430,-0.0013130588000000005,-0.17041450000000002,0.12946708,2.163882
3431,-0.0013121588000000006,-0.190515,0.12838165299999998,2.5658920000000003
3432,-0.0013112588000000003,-0.190515,0.12838165299999998,3.008103
3433,-0.0013103588000000005,-0.17041450000000002,0.12838165299999998,3.3699120000000002
3434,-0.0013094588000000006,-0.15031400000000006,0.127296226,3.6111180000000003
3435,-0.0013085588000000003,-0.17041450000000002,0.12946708,3.570917
3436,-0.0013076588000000004,-0.17041450000000002,0.12946708,3.329711
3437,-0.0013067588000000006,-0.17041450000000002,0.12838165299999998,2.8875
3438,-0.0013058588000000003,-0.190515,0.12838165299999998,2.3246860000000003
3439,-0.0013049588000000004,-0.17041450000000002,0.12946708,1.8422740000000002
3440,-0.0013040588000000006,-0.17041450000000002,0.12838165299999998,1.520666
3441,-0.0013031588000000007,-0.190515,0.12621079899999998,1.4804650000000001
3442,-0.0013022588000000004,-0.190515,0.12946708,1.641269
3443,-0.0013013588000000006,-0.15031400000000006,0.12838165299999998,2.1236810000000004
3444,-0.0013004588000000007,-0.17041450000000002,0.12838165299999998,2.726696
3445,-0.0012995588000000004,-0.17041450000000002,0.12946708,3.128706
3446,-0.0012986588000000006,-0.17041450000000002,0.127296226,3.530716
3447,-0.0012977588000000007,-0.190515,0.127296226,3.6111180000000003
3448,-0.0012968588000000004,-0.17041450000000002,0.127296226,3.530716
3449,-0.0012959588000000005,-0.190515,0.12838165299999998,3.1689070000000004
3450,-0.0012950588000000007,-0.17041450000000002,0.127296226,2.6864950000000003
3451,-0.0012941588000000004,-0.190515,0.127296226,2.163882
3452,-0.0012932588000000005,-0.17041450000000002,0.12838165299999998,1.761872
3453,-0.0012923588000000007,-0.190515,0.127296226,1.4804650000000001
3454,-0.0012914588000000004,-0.21061550000000007,0.127296226,1.400063
3455,-0.0012905588000000005,-0.17041450000000002,0.127296226,1.641269
3456,-0.0012896588000000007,-0.190515,0.127296226,1.922676
3457,-0.0012887588000000004,-0.17041450000000002,0.12621079899999998,2.2442840000000004
3458,-0.0012878588000000005,-0.17041450000000002,0.127296226,2.606093
3459,-0.0012869588000000006,-0.190515,0.127296226,2.967902
3460,-0.0012860588000000004,-0.190515,0.12838165299999998,3.209108
3461,-0.0012851588000000005,-0.15031400000000006,0.12838165299999998,3.530716
3462,-0.0012842588000000006,-0.17041450000000002,0.12946708,3.651319
3463,-0.0012833588000000003,-0.17041450000000002,0.12838165299999998,3.69152
3464,-0.0012824588000000005,-0.15031400000000006,0.127296226,3.530716
3465,-0.0012815588000000006,-0.190515,0.12838165299999998,3.4905150000000003
3466,-0.0012806588000000003,-0.17041450000000002,0.12946708,3.2493090000000002
3467,-0.0012797588000000005,-0.17041450000000002,0.13055250699999998,3.0483040000000003
3468,-0.0012788588000000006,-0.190515,0.13055250699999998,2.766897
3469,-0.0012779588000000003,-0.17041450000000002,0.12946708,2.5658920000000003
3470,-0.0012770588000000005,-0.17041450000000002,0.12838165299999998,2.2442840000000004
3471,-0.0012761588000000006,-0.17041450000000002,0.12838165299999998,2.0030780000000004
3472,-0.0012752588000000003,-0.17041450000000002,0.127296226,1.761872
3473,-0.0012743588000000004,-0.190515,0.12946708,1.5608670000000002
3474,-0.0012734588000000006,-0.21061550000000007,0.12838165299999998,1.5608670000000002
3475,-0.0012725588000000003,-0.190515,0.12838165299999998,1.4402640000000002
3476,-0.0012716588000000004,-0.17041450000000002,0.12838165299999998,1.520666
3477,-0.0012707588000000006,-0.17041450000000002,0.12838165299999998,1.7216710000000002
3478,-0.0012698588000000007,-0.17041450000000002,0.127296226,2.0030780000000004
3479,-0.0012689588000000004,-0.17041450000000002,0.12946708,2.3246860000000003
3480,-0.0012680588000000006,-0.190515,0.127296226,2.6864950000000003
3481,-0.0012671588000000007,-0.15031400000000006,0.12838165299999998,3.088505
3482,-0.0012662588000000004,-0.15031400000000006,0.127296226,3.410113
3483,-0.0012653588000000006,-0.17041450000000002,0.12838165299999998,3.651319
3484,-0.0012644588000000007,-0.17041450000000002,0.12946708,3.651319
3485,-0.0012635588000000004,-0.17041450000000002,0.127296226,3.4905150000000003
3486,-0.0012626588000000005,-0.17041450000000002,0.127296226,3.088505
3487,-0.0012617588000000007,-0.17041450000000002,0.127296226,2.606093
3488,-0.0012608588000000004,-0.17041450000000002,0.12838165299999998,2.1236810000000004
3489,-0.0012599588000000005,-0.190515,0.12621079899999998,1.8020730000000003
3490,-0.0012590588000000007,-0.17041450000000002,0.12621079899999998,1.4804650000000001
3491,-0.0012581588000000004,-0.17041450000000002,0.127296226,1.5608670000000002
3492,-0.0012572588000000005,-0.17041450000000002,0.127296226,1.8824750000000001
3493,-0.0012563588000000007,-0.17041450000000002,0.12838165299999998,2.3648870000000004
3494,-0.0012554588000000004,-0.15031400000000006,0.12838165299999998,2.847299
3495,-0.0012545588000000005,-0.15031400000000006,0.12838165299999998,3.329711
3496,-0.0012536588000000006,-0.15031400000000006,0.12838165299999998,3.6111180000000003
3497,-0.0012527588000000004,-0.190515,0.12946708,3.6111180000000003
3498,-0.0012518588000000005,-0.17041450000000002,0.12621079899999998,3.410113
3499,-0.0012509588000000006,-0.15031400000000006,0.127296226,2.847299
3500,-0.0012500588000000003,-0.17041450000000002,0.12838165299999998,2.3246860000000003
3501,-0.0012491588000000005,-0.17041450000000002,0.12838165299999998,1.8824750000000001
3502,-0.0012482588000000006,-0.15031400000000006,0.12838165299999998,1.520666
3503,-0.0012473588000000003,-0.15031400000000006,0.12838165299999998,1.520666
3504,-0.0012464588000000005,-0.17041450000000002,0.12946708,1.6814700000000002
3505,-0.0012455588000000006,-0.17041450000000002,0.12838165299999998,2.043279
3506,-0.0012446588000000003,-0.17041450000000002,0.127296226,2.4854900000000004
3507,-0.0012437588000000005,-0.190515,0.127296226,2.9277010000000003
3508,-0.0012428588000000006,-0.17041450000000002,0.12946708,3.28951
3509,-0.0012419588000000003,-0.17041450000000002,0.127296226,3.530716
3510,-0.0012410588000000005,-0.15031400000000006,0.12838165299999998,3.651319
3511,-0.0012401588000000006,-0.17041450000000002,0.12838165299999998,3.651319
3512,-0.0012392588000000003,-0.17041450000000002,0.12838165299999998,3.4905150000000003
3513,-0.0012383588000000004,-0.17041450000000002,0.12621079899999998,3.2493090000000002
3514,-0.0012374588000000006,-0.15031400000000006,0.127296226,2.967902
3515,-0.0012365588000000007,-0.15031400000000006,0.127296226,2.646294
3516,-0.0012356588000000004,-0.17041450000000002,0.12838165299999998,2.3648870000000004
3517,-0.0012347588000000006,-0.15031400000000006,0.12838165299999998,2.043279
3518,-0.0012338588000000007,-0.17041450000000002,0.127296226,1.8824750000000001
3519,-0.0012329588000000004,-0.190515,0.12838165299999998,1.6814700000000002
3520,-0.0012320588000000006,-0.17041450000000002,0.127296226,1.6010680000000002
3521,-0.0012311588000000007,-0.17041450000000002,0.127296226,1.4804650000000001
3522,-0.0012302588000000004,-0.15031400000000006,0.127296226,1.4804650000000001
3523,-0.0012293588000000005,-0.17041450000000002,0.127296226,1.5608670000000002
3524,-0.0012284588000000007,-0.17041450000000002,0.12621079899999998,1.641269
3525,-0.0012275588000000004,-0.15031400000000006,0.127296226,1.8020730000000003
3526,-0.0012266588000000005,-0.17041450000000002,0.12838165299999998,2.043279
3527,-0.0012257588000000007,-0.17041450000000002,0.127296226,2.284485
3528,-0.0012248588000000004,-0.17041450000000002,0.12621079899999998,2.5658920000000003
3529,-0.0012239588000000005,-0.17041450000000002,0.127296226,2.8070980000000003
3530,-0.0012230588000000007,-0.15031400000000006,0.127296226,3.088505
3531,-0.0012221588000000004,-0.15031400000000006,0.12838165299999998,3.3699120000000002
3532,-0.0012212588000000005,-0.15031400000000006,0.12838165299999998,3.530716
3533,-0.0012203588000000007,-0.17041450000000002,0.127296226,3.651319
3534,-0.0012194588000000004,-0.190515,0.127296226,3.651319
3535,-0.0012185588000000005,-0.17041450000000002,0.12838165299999998,3.4905150000000003
3536,-0.0012176588000000006,-0.17041450000000002,0.12838165299999998,3.128706
3537,-0.0012167588000000003,-0.190515,0.12838165299999998,2.8070980000000003
3538,-0.0012158588000000005,-0.21061550000000007,0.127296226,2.3246860000000003
3539,-0.0012149588000000006,-0.17041450000000002,0.12838165299999998,1.922676
3540,-0.0012140588000000003,-0.17041450000000002,0.12838165299999998,1.6010680000000002
3541,-0.0012131588000000005,-0.17041450000000002,0.127296226,1.4804650000000001
3542,-0.0012122588000000006,-0.17041450000000002,0.127296226,1.5608670000000002
3543,-0.0012113588000000003,-0.15031400000000006,0.127296226,1.8824750000000001
3544,-0.0012104588000000005,-0.15031400000000006,0.12838165299999998,2.3246860000000003
3545,-0.0012095588000000006,-0.17041450000000002,0.12838165299999998,2.9277010000000003
3546,-0.0012086588000000003,-0.17041450000000002,0.12946708,3.329711
3547,-0.0012077588000000005,-0.17041450000000002,0.12946708,3.6111180000000003
3548,-0.0012068588000000006,-0.15031400000000006,0.12946708,3.6111180000000003
3549,-0.0012059588000000003,-0.17041450000000002,0.12946708,3.28951
3550,-0.0012050588000000004,-0.15031400000000006,0.12838165299999998,2.8070980000000003
3551,-0.0012041588000000006,-0.15031400000000006,0.12621079899999998,2.3246860000000003
3552,-0.0012032588000000007,-0.15031400000000006,0.127296226,1.8422740000000002
3553,-0.0012023588000000004,-0.17041450000000002,0.127296226,1.5608670000000002
3554,-0.0012014588000000006,-0.15031400000000006,0.127296226,1.5608670000000002
3555,-0.0012005588000000007,-0.15031400000000006,0.12838165299999998,1.7216710000000002
3556,-0.0011996588000000004,-0.15031400000000006,0.12621079899999998,2.1236810000000004
3557,-0.0011987588000000006,-0.17041450000000002,0.12621079899999998,2.525691
3558,-0.0011978588000000007,-0.15031400000000006,0.12838165299999998,3.008103
3559,-0.0011969588000000004,-0.190515,0.12621079899999998,3.410113
3560,-0.0011960588000000005,-0.17041450000000002,0.12838165299999998,3.6111180000000003
3561,-0.0011951588000000007,-0.15031400000000006,0.127296226,3.651319
3562,-0.0011942588000000004,-0.15031400000000006,0.127296226,3.530716
3563,-0.0011933588000000005,-0.15031400000000006,0.127296226,3.28951
3564,-0.0011924588000000007,-0.15031400000000006,0.12946708,3.008103
3565,-0.0011915588000000004,-0.15031400000000006,0.12838165299999998,2.646294
3566,-0.0011906588000000005,-0.15031400000000006,0.12838165299999998,2.3648870000000004
3567,-0.0011897588000000007,-0.17041450000000002,0.127296226,2.043279
3568,-0.0011888588000000004,-0.17041450000000002,0.12838165299999998,1.8824750000000001
3569,-0.0011879588000000005,-0.15031400000000006,0.12838165299999998,1.641269
3570,-0.0011870588000000007,-0.15031400000000006,0.12838165299999998,1.520666
3571,-0.0011861588000000004,-0.17041450000000002,0.12838165299999998,1.520666
3572,-0.0011852588000000005,-0.13021349999999998,0.12838165299999998,1.5608670000000002
3573,-0.0011843588000000006,-0.15031400000000006,0.12838165299999998,1.6010680000000002
3574,-0.0011834588000000004,-0.17041450000000002,0.12946708,1.7216710000000002
3575,-0.0011825588000000005,-0.190515,0.12838165299999998,1.922676
3576,-0.0011816588000000006,-0.15031400000000006,0.12838165299999998,2.1236810000000004
3577,-0.0011807588000000003,-0.17041450000000002,0.12838165299999998,2.3648870000000004
3578,-0.0011798588000000005,-0.15031400000000006,0.12946708,2.606093
3579,-0.0011789588000000006,-0.15031400000000006,0.12946708,2.847299
3580,-0.0011780588000000003,-0.15031400000000006,0.127296226,3.128706
3581,-0.0011771588000000005,-0.17041450000000002,0.12838165299999998,3.329711
3582,-0.0011762588000000006,-0.15031400000000006,0.127296226,3.570917
3583,-0.0011753588000000003,-0.15031400000000006,0.127296226,3.6111180000000003
3584,-0.0011744588000000005,-0.15031400000000006,0.12838165299999998,3.651319
3585,-0.0011735588000000006,-0.15031400000000006,0.12946708,3.570917
3586,-0.0011726588000000003,-0.17041450000000002,0.12838165299999998,3.3699120000000002
3587,-0.0011717588000000004,-0.15031400000000006,0.12838165299999998,3.128706
3588,-0.0011708588000000006,-0.15031400000000006,0.12946708,2.8070980000000003
3589,-0.0011699588000000007,-0.13021349999999998,0.12946708,2.4452890000000003
3590,-0.0011690588000000004,-0.15031400000000006,0.12838165299999998,2.1236810000000004
3591,-0.0011681588000000006,-0.13021349999999998,0.12838165299999998,1.7216710000000002
3592,-0.0011672588000000007,-0.17041450000000002,0.12838165299999998,1.520666
3593,-0.0011663588000000004,-0.17041450000000002,0.12838165299999998,1.4804650000000001
3594,-0.0011654588000000006,-0.15031400000000006,0.12838165299999998,1.641269
3595,-0.0011645588000000007,-0.15031400000000006,0.127296226,1.922676
3596,-0.0011636588000000004,-0.15031400000000006,0.12838165299999998,2.4452890000000003
3597,-0.0011627588000000006,-0.17041450000000002,0.12838165299999998,2.847299
3598,-0.0011618588000000007,-0.15031400000000006,0.127296226,3.329711
3599,-0.0011609588000000004,-0.13021349999999998,0.127296226,3.651319
3600,-0.0011600588000000005,-0.15031400000000006,0.12838165299999998,3.651319
3601,-0.0011591588000000007,-0.13021349999999998,0.127296226,3.450314
3602,-0.0011582588000000004,-0.190515,0.12838165299999998,3.008103
3603,-0.0011573588000000005,-0.15031400000000006,0.127296226,2.4452890000000003
3604,-0.0011564588000000007,-0.13021349999999998,0.12838165299999998,2.0030780000000004
3605,-0.0011555588000000004,-0.17041450000000002,0.12838165299999998,1.641269
3606,-0.0011546588000000005,-0.17041450000000002,0.12946708,1.4402640000000002
3607,-0.0011537588000000007,-0.15031400000000006,0.127296226,1.5608670000000002
3608,-0.0011528588000000004,-0.15031400000000006,0.12838165299999998,1.8824750000000001
3609,-0.0011519588000000005,-0.17041450000000002,0.12838165299999998,2.284485
3610,-0.0011510588000000006,-0.17041450000000002,0.12838165299999998,2.726696
3611,-0.0011501588000000004,-0.15031400000000006,0.127296226,3.1689070000000004
3612,-0.0011492588000000005,-0.15031400000000006,0.12946708,3.4905150000000003
3613,-0.0011483588000000006,-0.13021349999999998,0.12838165299999998,3.651319
3614,-0.0011474588000000003,-0.15031400000000006,0.12838165299999998,3.651319
3615,-0.0011465588000000005,-0.15031400000000006,0.12838165299999998,3.450314
3616,-0.0011456588000000006,-0.15031400000000006,0.12838165299999998,3.1689070000000004
3617,-0.0011447588000000003,-0.17041450000000002,0.12946708,2.8070980000000003
3618,-0.0011438588000000005,-0.15031400000000006,0.12946708,2.525691
3619,-0.0011429588000000006,-0.15031400000000006,0.12838165299999998,2.1236810000000004
3620,-0.0011420588000000003,-0.15031400000000006,0.13055250699999998,1.8422740000000002
3621,-0.0011411588000000005,-0.13021349999999998,0.12838165299999998,1.6010680000000002
3622,-0.0011402588000000006,-0.17041450000000002,0.12946708,1.4804650000000001
3623,-0.0011393588000000003,-0.17041450000000002,0.12838165299999998,1.520666
3624,-0.0011384588000000005,-0.15031400000000006,0.12838165299999998,1.520666
3625,-0.0011375588000000006,-0.17041450000000002,0.12838165299999998,1.6814700000000002
3626,-0.0011366588000000003,-0.15031400000000006,0.12838165299999998,1.8824750000000001
3627,-0.0011357588000000004,-0.17041450000000002,0.12838165299999998,2.2040830000000002
3628,-0.0011348588000000006,-0.15031400000000006,0.127296226,2.405088
3629,-0.0011339588000000007,-0.15031400000000006,0.12621079899999998,2.726696
3630,-0.0011330588000000004,-0.15031400000000006,0.127296226,2.967902
3631,-0.0011321588000000006,-0.15031400000000006,0.127296226,3.209108
3632,-0.0011312588000000007,-0.15031400000000006,0.12838165299999998,3.450314
3633,-0.0011303588000000004,-0.13021349999999998,0.12946708,3.570917
3634,-0.0011294588000000006,-0.190515,0.12621079899999998,3.6111180000000003
3635,-0.0011285588000000007,-0.13021349999999998,0.127296226,3.6111180000000003
3636,-0.0011276588000000004,-0.13021349999999998,0.12838165299999998,3.4905150000000003
3637,-0.0011267588000000005,-0.13021349999999998,0.127296226,3.329711
3638,-0.0011258588000000007,-0.15031400000000006,0.12838165299999998,3.0483040000000003
3639,-0.0011249588000000004,-0.15031400000000006,0.127296226,2.726696
3640,-0.0011240588000000005,-0.13021349999999998,0.12838165299999998,2.3246860000000003
3641,-0.0011231588000000007,-0.13021349999999998,0.12838165299999998,1.9628770000000002
3642,-0.0011222588000000004,-0.13021349999999998,0.12621079899999998,1.7216710000000002
3643,-0.0011213588000000005,-0.15031400000000006,0.12838165299999998,1.520666
3644,-0.0011204588000000007,-0.13021349999999998,0.12838165299999998,1.520666
3645,-0.0011195588000000004,-0.13021349999999998,0.12621079899999998,1.6010680000000002
3646,-0.0011186588000000005,-0.13021349999999998,0.12838165299999998,1.922676
3647,-0.0011177588000000007,-0.15031400000000006,0.127296226,2.3246860000000003
3648,-0.0011168588000000004,-0.15031400000000006,0.12946708,2.766897
3649,-0.0011159588000000005,-0.13021349999999998,0.12838165299999998,3.2493090000000002
3650,-0.0011150588000000006,-0.13021349999999998,0.12838165299999998,3.530716
3651,-0.0011141588000000003,-0.15031400000000006,0.12946708,3.651319
3652,-0.0011132588000000005,-0.15031400000000006,0.12838165299999998,3.530716
3653,-0.0011123588000000006,-0.13021349999999998,0.12946708,3.1689070000000004
3654,-0.0011114588000000003,-0.13021349999999998,0.12838165299999998,2.726696
3655,-0.0011105588000000005,-0.15031400000000006,0.12946708,2.163882
3656,-0.0011096588000000006,-0.13021349999999998,0.13055250699999998,1.7216710000000002
3657,-0.0011087588000000003,-0.13021349999999998,0.12946708,1.5608670000000002
3658,-0.0011078588000000005,-0.13021349999999998,0.12946708,1.520666
3659,-0.0011069588000000006,-0.13021349999999998,0.12838165299999998,1.7216710000000002
3660,-0.0011060588000000003,-0.15031400000000006,0.12946708,2.08348
3661,-0.0011051588000000005,-0.13021349999999998,0.12946708,2.5658920000000003
3662,-0.0011042588000000006,-0.13021349999999998,0.12838165299999998,3.0483040000000003
3663,-0.0011033588000000003,-0.13021349999999998,0.12838165299999998,3.450314
3664,-0.0011024588000000004,-0.13021349999999998,0.12946708,3.651319
3665,-0.0011015588000000006,-0.13021349999999998,0.12946708,3.6111180000000003
3666,-0.0011006588000000007,-0.13021349999999998,0.12838165299999998,3.410113
3667,-0.0010997588000000004,-0.15031400000000006,0.12838165299999998,3.128706
3668,-0.0010988588000000006,-0.11011300000000002,0.12946708,2.646294
3669,-0.0010979588000000007,-0.15031400000000006,0.127296226,2.2040830000000002
3670,-0.0010970588000000004,-0.15031400000000006,0.127296226,1.8824750000000001
3671,-0.0010961588000000006,-0.13021349999999998,0.12946708,1.5608670000000002
3672,-0.0010952588000000007,-0.11011300000000002,0.127296226,1.520666
3673,-0.0010943588000000004,-0.13021349999999998,0.12838165299999998,1.5608670000000002
3674,-0.0010934588000000005,-0.15031400000000006,0.12838165299999998,1.7216710000000002
3675,-0.0010925588000000007,-0.11011300000000002,0.127296226,1.9628770000000002
3676,-0.0010916588000000004,-0.13021349999999998,0.12838165299999998,2.3246860000000003
3677,-0.0010907588000000005,-0.15031400000000006,0.12946708,2.6864950000000003
3678,-0.0010898588000000007,-0.13021349999999998,0.12946708,3.008103
3679,-0.0010889588000000004,-0.15031400000000006,0.12838165299999998,3.28951
3680,-0.0010880588000000005,-0.13021349999999998,0.12946708,3.4905150000000003
3681,-0.0010871588000000007,-0.13021349999999998,0.12838165299999998,3.6111180000000003
3682,-0.0010862588000000004,-0.15031400000000006,0.12946708,3.651319
3683,-0.0010853588000000005,-0.17041450000000002,0.12838165299999998,3.530716
3684,-0.0010844588000000007,-0.15031400000000006,0.12838165299999998,3.3699120000000002
3685,-0.0010835588000000004,-0.11011300000000002,0.12838165299999998,3.128706
3686,-0.0010826588000000005,-0.15031400000000006,0.12946708,2.8070980000000003
3687,-0.0010817588000000006,-0.15031400000000006,0.12838165299999998,2.4854900000000004
3688,-0.0010808588000000004,-0.13021349999999998,0.12946708,2.163882
3689,-0.0010799588000000005,-0.13021349999999998,0.12946708,1.8422740000000002
3690,-0.0010790588000000006,-0.13021349999999998,0.12946708,1.6010680000000002
3691,-0.0010781588000000003,-0.13021349999999998,0.12838165299999998,1.520666
3692,-0.0010772588000000005,-0.13021349999999998,0.127296226,1.520666
3693,-0.0010763588000000006,-0.15031400000000006,0.12946708,1.6010680000000002
3694,-0.0010754588000000003,-0.15031400000000006,0.12838165299999998,1.8020730000000003
3695,-0.0010745588000000005,-0.13021349999999998,0.12838165299999998,2.2442840000000004
3696,-0.0010736588000000006,-0.15031400000000006,0.12838165299999998,2.606093
3697,-0.0010727588000000003,-0.13021349999999998,0.12946708,3.008103
3698,-0.0010718588000000005,-0.13021349999999998,0.12946708,3.3699120000000002
3699,-0.0010709588000000006,-0.11011300000000002,0.12946708,3.6111180000000003
3700,-0.0010700588000000003,-0.13021349999999998,0.12946708,3.651319
3701,-0.0010691588000000004,-0.15031400000000006,0.12946708,3.530716
3702,-0.0010682588000000006,-0.13021349999999998,0.127296226,3.28951
3703,-0.0010673588000000007,-0.15031400000000006,0.127296226,2.8070980000000003
3704,-0.0010664588000000004,-0.13021349999999998,0.12946708,2.405088
3705,-0.0010655588000000006,-0.13021349999999998,0.12946708,1.922676
3706,-0.0010646588000000007,-0.13021349999999998,0.12946708,1.5608670000000002
3707,-0.0010637588000000004,-0.13021349999999998,0.127296226,1.520666
3708,-0.0010628588000000006,-0.13021349999999998,0.127296226,1.5608670000000002
3709,-0.0010619588000000007,-0.13021349999999998,0.127296226,1.922676
3710,-0.0010610588000000004,-0.09001250000000005,0.127296226,2.405088
3711,-0.0010601588000000006,-0.13021349999999998,0.12838165299999998,2.847299
3712,-0.0010592588000000007,-0.13021349999999998,0.12946708,3.28951
3713,-0.0010583588000000004,-0.13021349999999998,0.12838165299999998,3.570917
3714,-0.0010574588000000005,-0.15031400000000006,0.12838165299999998,3.651319
3715,-0.0010565588000000007,-0.17041450000000002,0.127296226,3.4905150000000003
3716,-0.0010556588000000004,-0.15031400000000006,0.12838165299999998,3.128706
3717,-0.0010547588000000005,-0.13021349999999998,0.12838165299999998,2.766897
3718,-0.0010538588000000007,-0.15031400000000006,0.12838165299999998,2.2442840000000004
3719,-0.0010529588000000004,-0.13021349999999998,0.12946708,1.8020730000000003
3720,-0.0010520588000000005,-0.11011300000000002,0.12946708,1.6010680000000002
3721,-0.0010511588000000007,-0.13021349999999998,0.13055250699999998,1.4804650000000001
3722,-0.0010502588000000004,-0.11011300000000002,0.12838165299999998,1.6010680000000002
3723,-0.0010493588000000005,-0.13021349999999998,0.127296226,1.922676
3724,-0.0010484588000000006,-0.13021349999999998,0.12946708,2.3246860000000003
3725,-0.0010475588000000004,-0.09001250000000005,0.13055250699999998,2.726696
3726,-0.0010466588000000005,-0.13021349999999998,0.12946708,3.088505
3727,-0.0010457588000000006,-0.13021349999999998,0.12946708,3.450314
3728,-0.0010448588000000003,-0.13021349999999998,0.12838165299999998,3.6111180000000003
3729,-0.0010439588000000005,-0.11011300000000002,0.13055250699999998,3.69152
3730,-0.0010430588000000006,-0.13021349999999998,0.12838165299999998,3.6111180000000003
3731,-0.0010421588000000003,-0.13021349999999998,0.12946708,3.3699120000000002
3732,-0.0010412588000000005,-0.09001250000000005,0.12838165299999998,3.0483040000000003
3733,-0.0010403588000000006,-0.13021349999999998,0.12946708,2.726696
3734,-0.0010394588000000003,-0.09001250000000005,0.12838165299999998,2.3648870000000004
3735,-0.0010385588000000005,-0.13021349999999998,0.12838165299999998,2.0030780000000004
3736,-0.0010376588000000006,-0.11011300000000002,0.12838165299999998,1.7216710000000002
3737,-0.0010367588000000003,-0.11011300000000002,0.12946708,1.520666
3738,-0.0010358588000000005,-0.15031400000000006,0.12838165299999998,1.4804650000000001
3739,-0.0010349588000000006,-0.15031400000000006,0.12946708,1.520666
3740,-0.0010340588000000007,-0.15031400000000006,0.127296226,1.641269
3741,-0.0010331588000000004,-0.15031400000000006,0.12946708,1.8824750000000001
3742,-0.0010322588000000006,-0.15031400000000006,0.127296226,2.163882
3743,-0.0010313588000000007,-0.13021349999999998,0.12838165299999998,2.525691
3744,-0.0010304588000000004,-0.13021349999999998,0.127296226,2.847299
3745,-0.0010295588000000006,-0.13021349999999998,0.127296226,3.1689070000000004
3746,-0.0010286588000000007,-0.13021349999999998,0.127296226,3.410113
3747,-0.0010277588000000004,-0.13021349999999998,0.12838165299999998,3.6111180000000003
3748,-0.0010268588000000006,-0.13021349999999998,0.12838165299999998,3.6111180000000003
3749,-0.0010259588000000007,-0.15031400000000006,0.12838165299999998,3.6111180000000003
3750,-0.0010250588000000004,-0.13021349999999998,0.12838165299999998,3.329711
3751,-0.0010241588000000005,-0.13021349999999998,0.12838165299999998,3.008103
3752,-0.0010232588000000007,-0.13021349999999998,0.127296226,2.606093
3753,-0.0010223588000000004,-0.15031400000000006,0.13055250699999998,2.2040830000000002
3754,-0.0010214588000000005,-0.13021349999999998,0.12838165299999998,1.8020730000000003
3755,-0.0010205588000000007,-0.13021349999999998,0.13055250699999998,1.6010680000000002
3756,-0.0010196588000000004,-0.13021349999999998,0.12946708,1.4804650000000001
3757,-0.0010187588000000005,-0.09001250000000005,0.127296226,1.6010680000000002
3758,-0.0010178588000000007,-0.13021349999999998,0.12838165299999998,1.8020730000000003
3759,-0.0010169588000000004,-0.15031400000000006,0.12946708,2.284485
3760,-0.0010160588000000005,-0.13021349999999998,0.12946708,2.766897
3761,-0.0010151588000000007,-0.15031400000000006,0.12838165299999998,3.2493090000000002
3762,-0.0010142588000000004,-0.13021349999999998,0.12838165299999998,3.4905150000000003
3763,-0.0010133588000000005,-0.13021349999999998,0.12946708,3.651319
3764,-0.0010124588000000006,-0.13021349999999998,0.12946708,3.570917
3765,-0.0010115588000000003,-0.06991200000000003,0.12838165299999998,3.329711
3766,-0.0010106588000000005,-0.11011300000000002,0.12946708,2.8875
3767,-0.0010097588000000006,-0.13021349999999998,0.12838165299999998,2.3648870000000004
3768,-0.0010088588000000003,-0.13021349999999998,0.12946708,2.0030780000000004
3769,-0.0010079588000000005,-0.11011300000000002,0.127296226,1.641269
3770,-0.0010070588000000006,-0.11011300000000002,0.12838165299999998,1.4804650000000001
3771,-0.0010061588000000003,-0.11011300000000002,0.12946708,1.5608670000000002
3772,-0.0010052588000000005,-0.11011300000000002,0.12946708,1.761872
3773,-0.0010043588000000006,-0.11011300000000002,0.12838165299999998,2.163882
3774,-0.0010034588000000003,-0.15031400000000006,0.12838165299999998,2.5658920000000003
3775,-0.0010025588000000005,-0.13021349999999998,0.12838165299999998,3.008103
3776,-0.0010016588000000006,-0.11011300000000002,0.12946708,3.3699120000000002
3777,-0.0010007588000000007,-0.13021349999999998,0.12946708,3.570917
3778,-0.0009998588000000004,-0.11011300000000002,0.12946708,3.69152
3779,-0.0009989588000000006,-0.11011300000000002,0.127296226,3.570917
3780,-0.0009980588000000007,-0.11011300000000002,0.12838165299999998,3.450314
3781,-0.0009971588000000004,-0.15031400000000006,0.12946708,3.128706
3782,-0.0009962588000000006,-0.15031400000000006,0.127296226,2.8070980000000003
3783,-0.0009953588000000007,-0.11011300000000002,0.127296226,2.525691
3784,-0.0009944588000000004,-0.11011300000000002,0.12838165299999998,2.1236810000000004
3785,-0.0009935588000000006,-0.11011300000000002,0.12838165299999998,1.8824750000000001
3786,-0.0009926588000000007,-0.11011300000000002,0.12838165299999998,1.6814700000000002
3787,-0.0009917588000000004,-0.13021349999999998,0.127296226,1.5608670000000002
3788,-0.0009908588000000005,-0.13021349999999998,0.12838165299999998,1.4804650000000001
3789,-0.0009899588000000007,-0.11011300000000002,0.12838165299999998,1.520666
3790,-0.0009890588000000004,-0.13021349999999998,0.12838165299999998,1.6814700000000002
3791,-0.0009881588000000005,-0.13021349999999998,0.12946708,1.8824750000000001
3792,-0.0009872588000000007,-0.11011300000000002,0.12946708,2.2040830000000002
3793,-0.0009863588000000004,-0.11011300000000002,0.12838165299999998,2.525691
3794,-0.0009854588000000005,-0.13021349999999998,0.12946708,2.766897
3795,-0.0009845588000000007,-0.11011300000000002,0.12838165299999998,3.128706
3796,-0.0009836588000000004,-0.13021349999999998,0.12946708,3.410113
3797,-0.0009827588000000005,-0.13021349999999998,0.12946708,3.651319
3798,-0.0009818588000000007,-0.11011300000000002,0.13055250699999998,3.651319
3799,-0.0009809588000000004,-0.15031400000000006,0.12838165299999998,3.6111180000000003
3800,-0.0009800588000000005,-0.13021349999999998,0.12946708,3.410113
3801,-0.0009791588000000006,-0.15031400000000006,0.12946708,3.128706
3802,-0.0009782588000000004,-0.11011300000000002,0.12946708,2.8070980000000003
3803,-0.0009773588000000005,-0.13021349999999998,0.12838165299999998,2.405088
3804,-0.0009764588000000006,-0.13021349999999998,0.12838165299999998,2.043279
3805,-0.0009755588000000003,-0.13021349999999998,0.12838165299999998,1.7216710000000002
3806,-0.0009746588000000005,-0.11011300000000002,0.12946708,1.520666
3807,-0.0009737588000000006,-0.11011300000000002,0.12946708,1.4804650000000001
3808,-0.0009728588000000003,-0.15031400000000006,0.12838165299999998,1.6814700000000002
3809,-0.0009719588000000005,-0.11011300000000002,0.127296226,2.0030780000000004
3810,-0.0009710588000000006,-0.11011300000000002,0.12946708,2.405088
3811,-0.0009701588000000003,-0.13021349999999998,0.127296226,2.8875
3812,-0.0009692588000000005,-0.11011300000000002,0.12838165299999998,3.28951
3813,-0.0009683588000000006,-0.13021349999999998,0.12621079899999998,3.570917
3814,-0.0009674588000000003,-0.11011300000000002,0.12838165299999998,3.69152
3815,-0.0009665588000000004,-0.13021349999999998,0.127296226,3.570917
3816,-0.0009656588000000006,-0.11011300000000002,0.12838165299999998,3.209108
3817,-0.0009647588000000007,-0.11011300000000002,0.127296226,2.8070980000000003
3818,-0.0009638588000000004,-0.09001250000000005,0.12946708,2.4452890000000003
3819,-0.0009629588000000006,-0.13021349999999998,0.12838165299999998,2.0030780000000004
3820,-0.0009620588000000007,-0.09001250000000005,0.127296226,1.6010680000000002
3821,-0.0009611588000000004,-0.11011300000000002,0.12838165299999998,1.4804650000000001
3822,-0.0009602588000000006,-0.11011300000000002,0.12946708,1.520666
3823,-0.0009593588000000007,-0.13021349999999998,0.127296226,1.7216710000000002
3824,-0.0009584588000000004,-0.11011300000000002,0.12946708,2.08348
3825,-0.0009575588000000006,-0.15031400000000006,0.12946708,2.4854900000000004
3826,-0.0009566588000000007,-0.11011300000000002,0.12838165299999998,2.8875
3827,-0.0009557588000000004,-0.11011300000000002,0.12946708,3.2493090000000002
3828,-0.0009548588000000005,-0.11011300000000002,0.127296226,3.530716
3829,-0.0009539588000000007,-0.13021349999999998,0.12838165299999998,3.651319
3830,-0.0009530588000000004,-0.11011300000000002,0.12946708,3.651319
3831,-0.0009521588000000005,-0.11011300000000002,0.131637934,3.6111180000000003
3832,-0.0009512588000000007,-0.11011300000000002,0.12946708,3.329711
3833,-0.0009503588000000004,-0.09001250000000005,0.12946708,3.088505
3834,-0.0009494588000000005,-0.11011300000000002,0.12838165299999998,2.8070980000000003
3835,-0.0009485588000000007,-0.15031400000000006,0.13055250699999998,2.4854900000000004
3836,-0.0009476588000000004,-0.13021349999999998,0.13055250699999998,2.163882
3837,-0.0009467588000000005,-0.11011300000000002,0.12946708,1.922676
3838,-0.0009458588000000006,-0.13021349999999998,0.12946708,1.6814700000000002
3839,-0.0009449588000000004,-0.09001250000000005,0.12838165299999998,1.6010680000000002
3840,-0.0009440588000000005,-0.11011300000000002,0.13055250699999998,1.4804650000000001
3841,-0.0009431588000000006,-0.11011300000000002,0.12838165299999998,1.5608670000000002
3842,-0.0009422588000000003,-0.13021349999999998,0.12946708,1.6814700000000002
3843,-0.0009413588000000005,-0.15031400000000006,0.13055250699999998,1.8824750000000001
3844,-0.0009404588000000006,-0.11011300000000002,0.12946708,2.1236810000000004
3845,-0.0009395588000000003,-0.13021349999999998,0.12946708,2.4452890000000003
3846,-0.0009386588000000005,-0.13021349999999998,0.12838165299999998,2.766897
3847,-0.0009377588000000006,-0.11011300000000002,0.12838165299999998,3.0483040000000003
3848,-0.0009368588000000003,-0.11011300000000002,0.127296226,3.329711
3849,-0.0009359588000000005,-0.11011300000000002,0.12946708,3.6111180000000003
3850,-0.0009350588000000006,-0.11011300000000002,0.12838165299999998,3.651319
3851,-0.0009341588000000003,-0.13021349999999998,0.12946708,3.651319
3852,-0.0009332588000000005,-0.11011300000000002,0.12946708,3.4905150000000003
3853,-0.0009323588000000006,-0.13021349999999998,0.12838165299999998,3.2493090000000002
3854,-0.0009314588000000007,-0.13021349999999998,0.12838165299999998,2.9277010000000003
3855,-0.0009305588000000004,-0.11011300000000002,0.127296226,2.525691
3856,-0.0009296588000000006,-0.11011300000000002,0.12621079899999998,2.1236810000000004
3857,-0.0009287588000000007,-0.13021349999999998,0.12838165299999998,1.761872
3858,-0.0009278588000000004,-0.13021349999999998,0.12946708,1.5608670000000002
3859,-0.0009269588000000006,-0.11011300000000002,0.12838165299999998,1.520666
3860,-0.0009260588000000007,-0.13021349999999998,0.12946708,1.6010680000000002
3861,-0.0009251588000000004,-0.13021349999999998,0.127296226,2.043279
3862,-0.0009242588000000006,-0.13021349999999998,0.12946708,2.405088
3863,-0.0009233588000000007,-0.11011300000000002,0.12946708,2.8875
3864,-0.0009224588000000004,-0.11011300000000002,0.12946708,3.28951
3865,-0.0009215588000000005,-0.11011300000000002,0.12946708,3.570917
3866,-0.0009206588000000007,-0.11011300000000002,0.12946708,3.651319
3867,-0.0009197588000000004,-0.11011300000000002,0.13055250699999998,3.530716
3868,-0.0009188588000000005,-0.11011300000000002,0.12838165299999998,3.1689070000000004
3869,-0.0009179588000000007,-0.09001250000000005,0.13055250699999998,2.8070980000000003
3870,-0.0009170588000000004,-0.13021349999999998,0.12946708,2.3648870000000004
3871,-0.0009161588000000005,-0.09001250000000005,0.12946708,1.8824750000000001
3872,-0.0009152588000000007,-0.11011300000000002,0.12838165299999998,1.6010680000000002
3873,-0.0009143588000000004,-0.13021349999999998,0.13055250699999998,1.4804650000000001
3874,-0.0009134588000000005,-0.11011300000000002,0.13055250699999998,1.6010680000000002
3875,-0.0009125588000000007,-0.11011300000000002,0.12946708,1.8824750000000001
3876,-0.0009116588000000004,-0.11011300000000002,0.12946708,2.2040830000000002
3877,-0.0009107588000000005,-0.06991200000000003,0.12946708,2.646294
3878,-0.0009098588000000006,-0.11011300000000002,0.12946708,3.008103
3879,-0.0009089588000000003,-0.11011300000000002,0.12946708,3.329711
3880,-0.0009080588000000005,-0.13021349999999998,0.12946708,3.6111180000000003
3881,-0.0009071588000000006,-0.13021349999999998,0.12946708,3.69152
3882,-0.0009062588000000003,-0.11011300000000002,0.12838165299999998,3.6111180000000003
3883,-0.0009053588000000005,-0.09001250000000005,0.12946708,3.4905150000000003
3884,-0.0009044588000000006,-0.11011300000000002,0.12946708,3.209108
3885,-0.0009035588000000003,-0.11011300000000002,0.12838165299999998,3.008103
3886,-0.0009026588000000005,-0.13021349999999998,0.12838165299999998,2.646294
3887,-0.0009017588000000006,-0.11011300000000002,0.127296226,2.3246860000000003
3888,-0.0009008588000000003,-0.13021349999999998,0.127296226,2.0030780000000004
3889,-0.0008999588000000005,-0.11011300000000002,0.12838165299999998,1.761872
3890,-0.0008990588000000006,-0.09001250000000005,0.13055250699999998,1.6010680000000002
3891,-0.0008981588000000007,-0.13021349999999998,0.12946708,1.520666
3892,-0.0008972588000000004,-0.13021349999999998,0.127296226,1.4804650000000001
3893,-0.0008963588000000006,-0.09001250000000005,0.12838165299999998,1.5608670000000002
3894,-0.0008954588000000007,-0.09001250000000005,0.127296226,1.6814700000000002
3895,-0.0008945588000000004,-0.13021349999999998,0.12838165299999998,1.922676
3896,-0.0008936588000000006,-0.11011300000000002,0.127296226,2.2040830000000002
3897,-0.0008927588000000007,-0.06991200000000003,0.12946708,2.525691
3898,-0.0008918588000000004,-0.09001250000000005,0.12838165299999998,2.847299
3899,-0.0008909588000000006,-0.13021349999999998,0.12946708,3.209108
3900,-0.0008900588000000007,-0.11011300000000002,0.12838165299999998,3.410113
3901,-0.0008891588000000004,-0.09001250000000005,0.12838165299999998,3.6111180000000003
3902,-0.0008882588000000005,-0.13021349999999998,0.12946708,3.651319
3903,-0.0008873588000000007,-0.11011300000000002,0.12838165299999998,3.570917
3904,-0.0008864588000000004,-0.11011300000000002,0.13055250699999998,3.410113
3905,-0.0008855588000000005,-0.11011300000000002,0.12946708,3.0483040000000003
3906,-0.0008846588000000007,-0.13021349999999998,0.12946708,2.6864950000000003
3907,-0.0008837588000000004,-0.13021349999999998,0.127296226,2.284485
3908,-0.0008828588000000005,-0.09001250000000005,0.12946708,1.8422740000000002
3909,-0.0008819588000000007,-0.09001250000000005,0.13055250699999998,1.641269
3910,-0.0008810588000000004,-0.11011300000000002,0.13055250699999998,1.4804650000000001
3911,-0.0008801588000000005,-0.11011300000000002,0.13055250699999998,1.5608670000000002
3912,-0.0008792588000000007,-0.11011300000000002,0.12946708,1.922676
3913,-0.0008783588000000004,-0.11011300000000002,0.12838165299999998,2.3648870000000004
3914,-0.0008774588000000005,-0.09001250000000005,0.13055250699999998,2.847299
3915,-0.0008765588000000006,-0.13021349999999998,0.12946708,3.2493090000000002
3916,-0.0008756588000000004,-0.13021349999999998,0.12838165299999998,3.530716
3917,-0.0008747588000000005,-0.11011300000000002,0.13055250699999998,3.6111180000000003
3918,-0.0008738588000000006,-0.11011300000000002,0.12946708,3.530716
3919,-0.0008729588000000003,-0.11011300000000002,0.12838165299999998,3.1689070000000004
3920,-0.0008720588000000005,-0.09001250000000005,0.12838165299999998,2.6864950000000003
3921,-0.0008711588000000006,-0.09001250000000005,0.12838165299999998,2.2040830000000002
3922,-0.0008702588000000003,-0.11011300000000002,0.12838165299999998,1.8422740000000002
3923,-0.0008693588000000005,-0.09001250000000005,0.12838165299999998,1.520666
3924,-0.0008684588000000006,-0.09001250000000005,0.12838165299999998,1.4804650000000001
3925,-0.0008675588000000003,-0.11011300000000002,0.12838165299999998,1.7216710000000002
3926,-0.0008666588000000005,-0.11011300000000002,0.12946708,2.043279
3927,-0.0008657588000000006,-0.09001250000000005,0.12946708,2.3648870000000004
3928,-0.0008648588000000007,-0.13021349999999998,0.12946708,2.8070980000000003
3929,-0.0008639588000000004,-0.13021349999999998,0.12946708,3.1689070000000004
3930,-0.0008630588000000006,-0.11011300000000002,0.12838165299999998,3.4905150000000003
3931,-0.0008621588000000007,-0.11011300000000002,0.12838165299999998,3.6111180000000003
3932,-0.0008612588000000004,-0.09001250000000005,0.12838165299999998,3.651319
3933,-0.0008603588000000006,-0.11011300000000002,0.12946708,3.4905150000000003
3934,-0.0008594588000000007,-0.11011300000000002,0.12946708,3.209108
3935,-0.0008585588000000004,-0.11011300000000002,0.13055250699999998,2.9277010000000003
3936,-0.0008576588000000006,-0.09001250000000005,0.12838165299999998,2.5658920000000003
3937,-0.0008567588000000007,-0.11011300000000002,0.12946708,2.284485
3938,-0.0008558588000000004,-0.09001250000000005,0.12838165299999998,1.9628770000000002
3939,-0.0008549588000000006,-0.06991200000000003,0.12838165299999998,1.641269
3940,-0.0008540588000000007,-0.11011300000000002,0.12838165299999998,1.5608670000000002
3941,-0.0008531588000000004,-0.11011300000000002,0.13055250699999998,1.520666
3942,-0.0008522588000000005,-0.11011300000000002,0.13055250699999998,1.520666
3943,-0.0008513588000000007,-0.11011300000000002,0.12946708,1.641269
3944,-0.0008504588000000004,-0.11011300000000002,0.12946708,1.8824750000000001
3945,-0.0008495588000000005,-0.11011300000000002,0.12946708,2.163882
3946,-0.0008486588000000007,-0.11011300000000002,0.12946708,2.4452890000000003
3947,-0.0008477588000000004,-0.11011300000000002,0.12946708,2.8070980000000003
3948,-0.0008468588000000005,-0.09001250000000005,0.13055250699999998,3.088505
3949,-0.0008459588000000007,-0.13021349999999998,0.12946708,3.450314
3950,-0.0008450588000000004,-0.11011300000000002,0.12946708,3.530716
3951,-0.0008441588000000005,-0.11011300000000002,0.12838165299999998,3.651319
3952,-0.0008432588000000006,-0.11011300000000002,0.12946708,3.570917
3953,-0.0008423588000000004,-0.09001250000000005,0.12838165299999998,3.450314
3954,-0.0008414588000000005,-0.09001250000000005,0.12946708,3.128706
3955,-0.0008405588000000006,-0.09001250000000005,0.12838165299999998,2.766897
3956,-0.0008396588000000003,-0.09001250000000005,0.13055250699999998,2.3648870000000004
3957,-0.0008387588000000005,-0.13021349999999998,0.12838165299999998,1.9628770000000002
3958,-0.0008378588000000006,-0.09001250000000005,0.12838165299999998,1.641269
3959,-0.0008369588000000003,-0.11011300000000002,0.12838165299999998,1.520666
3960,-0.0008360588000000005,-0.09001250000000005,0.12838165299999998,1.5608670000000002
3961,-0.0008351588000000006,-0.09001250000000005,0.127296226,1.761872
3962,-0.0008342588000000003,-0.09001250000000005,0.12946708,2.2040830000000002
3963,-0.0008333588000000005,-0.11011300000000002,0.12838165299999998,2.646294
3964,-0.0008324588000000006,-0.09001250000000005,0.12946708,3.128706
3965,-0.0008315588000000007,-0.09001250000000005,0.12838165299999998,3.4905150000000003
3966,-0.0008306588000000005,-0.11011300000000002,0.12838165299999998,3.69152
3967,-0.0008297588000000006,-0.11011300000000002,0.12946708,3.6111180000000003
3968,-0.0008288588000000007,-0.09001250000000005,0.12946708,3.2493090000000002
3969,-0.0008279588000000004,-0.11011300000000002,0.12838165299999998,2.9277010000000003
3970,-0.0008270588000000006,-0.11011300000000002,0.12946708,2.3246860000000003
3971,-0.0008261588000000007,-0.11011300000000002,0.12946708,1.8824750000000001
3972,-0.0008252588000000004,-0.09001250000000005,0.12946708,1.641269
3973,-0.0008243588000000006,-0.09001250000000005,0.12838165299999998,1.520666
3974,-0.0008234588000000007,-0.06991200000000003,0.13055250699999998,1.641269
3975,-0.0008225588000000004,-0.11011300000000002,0.12946708,2.043279
3976,-0.0008216588000000006,-0.09001250000000005,0.12946708,2.4452890000000003
3977,-0.0008207588000000007,-0.11011300000000002,0.13055250699999998,2.9277010000000003
3978,-0.0008198588000000004,-0.11011300000000002,0.12946708,3.3699120000000002
3979,-0.0008189588000000005,-0.06991200000000003,0.12946708,3.651319
3980,-0.0008180588000000007,-0.09001250000000005,0.12946708,3.651319
3981,-0.0008171588000000004,-0.11011300000000002,0.12838165299999998,3.530716
3982,-0.0008162588000000005,-0.09001250000000005,0.12838165299999998,3.28951
3983,-0.0008153588000000007,-0.09001250000000005,0.12946708,2.8875
3984,-0.0008144588000000004,-0.09001250000000005,0.13055250699999998,2.4452890000000003
3985,-0.0008135588000000005,-0.09001250000000005,0.12946708,2.08348
3986,-0.0008126588000000007,-0.09001250000000005,0.127296226,1.761872
3987,-0.0008117588000000004,-0.11011300000000002,0.12838165299999998,1.5608670000000002
3988,-0.0008108588000000005,-0.09001250000000005,0.12838165299999998,1.4804650000000001
3989,-0.0008099588000000007,-0.11011300000000002,0.12838165299999998,1.6010680000000002
3990,-0.0008090588000000004,-0.09001250000000005,0.12946708,1.8020730000000003
3991,-0.0008081588000000005,-0.06991200000000003,0.13055250699999998,2.1236810000000004
3992,-0.0008072588000000006,-0.11011300000000002,0.12838165299999998,2.4854900000000004
3993,-0.0008063588000000003,-0.11011300000000002,0.127296226,2.847299
3994,-0.0008054588000000005,-0.09001250000000005,0.12838165299999998,3.209108
3995,-0.0008045588000000006,-0.11011300000000002,0.12838165299999998,3.4905150000000003
3996,-0.0008036588000000003,-0.11011300000000002,0.12838165299999998,3.651319
3997,-0.0008027588000000005,-0.06991200000000003,0.127296226,3.651319
3998,-0.0008018588000000006,-0.09001250000000005,0.12838165299999998,3.6111180000000003
3999,-0.0008009588000000003,-0.11011300000000002,0.127296226,3.3699120000000002
4000,-0.0008000588000000005,-0.09001250000000005,0.127296226,3.088505
4001,-0.0007991588000000006,-0.06991200000000003,0.12946708,2.726696
4002,-0.0007982588000000003,-0.09001250000000005,0.12946708,2.3648870000000004
4003,-0.0007973588000000005,-0.09001250000000005,0.12838165299999998,2.0030780000000004
4004,-0.0007964588000000006,-0.11011300000000002,0.12838165299999998,1.761872
4005,-0.0007955588000000007,-0.11011300000000002,0.12946708,1.5608670000000002
4006,-0.0007946588000000004,-0.09001250000000005,0.12838165299999998,1.4804650000000001
4007,-0.0007937588000000006,-0.13021349999999998,0.12838165299999998,1.5608670000000002
4008,-0.0007928588000000007,-0.09001250000000005,0.12838165299999998,1.8020730000000003
4009,-0.0007919588000000004,-0.06991200000000003,0.12946708,2.163882
4010,-0.0007910588000000006,-0.11011300000000002,0.13055250699999998,2.525691
4011,-0.0007901588000000007,-0.11011300000000002,0.13055250699999998,2.9277010000000003
4012,-0.0007892588000000004,-0.09001250000000005,0.12838165299999998,3.3699120000000002
4013,-0.0007883588000000006,-0.09001250000000005,0.12946708,3.6111180000000003
4014,-0.0007874588000000007,-0.09001250000000005,0.12838165299999998,3.651319
4015,-0.0007865588000000004,-0.09001250000000005,0.127296226,3.6111180000000003
4016,-0.0007856588000000005,-0.11011300000000002,0.12838165299999998,3.28951
4017,-0.0007847588000000007,-0.11011300000000002,0.13055250699999998,3.008103
4018,-0.0007838588000000004,-0.11011300000000002,0.12946708,2.4854900000000004
4019,-0.0007829588000000005,-0.11011300000000002,0.12946708,2.043279
4020,-0.0007820588000000007,-0.11011300000000002,0.12838165299999998,1.7216710000000002
4021,-0.0007811588000000004,-0.09001250000000005,0.13055250699999998,1.4804650000000001
4022,-0.0007802588000000005,-0.09001250000000005,0.12946708,1.5608670000000002
4023,-0.0007793588000000007,-0.09001250000000005,0.12946708,1.7216710000000002
4024,-0.0007784588000000004,-0.09001250000000005,0.12838165299999998,2.163882
4025,-0.0007775588000000005,-0.09001250000000005,0.12838165299999998,2.5658920000000003
4026,-0.0007766588000000007,-0.09001250000000005,0.12946708,3.0483040000000003
4027,-0.0007757588000000004,-0.09001250000000005,0.12838165299999998,3.450314
4028,-0.0007748588000000005,-0.06991200000000003,0.12838165299999998,3.651319
4029,-0.0007739588000000006,-0.06991200000000003,0.127296226,3.651319
4030,-0.0007730588000000004,-0.09001250000000005,0.12838165299999998,3.450314
4031,-0.0007721588000000005,-0.06991200000000003,0.127296226,3.128706
4032,-0.0007712588000000006,-0.09001250000000005,0.127296226,2.5658920000000003
4033,-0.0007703588000000003,-0.09001250000000005,0.12838165299999998,2.163882
4034,-0.0007694588000000005,-0.09001250000000005,0.12838165299999998,1.7216710000000002
4035,-0.0007685588000000006,-0.06991200000000003,0.12946708,1.520666
4036,-0.0007676588000000003,-0.09001250000000005,0.12838165299999998,1.5608670000000002
4037,-0.0007667588000000005,-0.06991200000000003,0.127296226,1.7216710000000002
4038,-0.0007658588000000006,-0.04981150000000001,0.12946708,2.08348
4039,-0.0007649588000000003,-0.06991200000000003,0.12838165299999998,2.525691
4040,-0.0007640588000000005,-0.09001250000000005,0.12838165299999998,3.008103
4041,-0.0007631588000000006,-0.06991200000000003,0.12838165299999998,3.329711
4042,-0.0007622588000000007,-0.09001250000000005,0.12838165299999998,3.570917
4043,-0.0007613588000000004,-0.06991200000000003,0.12946708,3.651319
4044,-0.0007604588000000006,-0.06991200000000003,0.12946708,3.570917
4045,-0.0007595588000000007,-0.06991200000000003,0.12838165299999998,3.3699120000000002
4046,-0.0007586588000000004,-0.09001250000000005,0.12946708,3.088505
4047,-0.0007577588000000006,-0.09001250000000005,0.12946708,2.646294
4048,-0.0007568588000000007,-0.06991200000000003,0.13055250699999998,2.3246860000000003
4049,-0.0007559588000000004,-0.11011300000000002,0.13055250699999998,1.9628770000000002
4050,-0.0007550588000000006,-0.06991200000000003,0.12946708,1.6814700000000002
4051,-0.0007541588000000007,-0.09001250000000005,0.12946708,1.520666
4052,-0.0007532588000000004,-0.11011300000000002,0.12946708,1.520666
4053,-0.0007523588000000006,-0.09001250000000005,0.13055250699999998,1.5608670000000002
4054,-0.0007514588000000007,-0.09001250000000005,0.13055250699999998,1.7216710000000002
4055,-0.0007505588000000004,-0.09001250000000005,0.12838165299999998,2.0030780000000004
4056,-0.0007496588000000005,-0.09001250000000005,0.13055250699999998,2.3648870000000004
4057,-0.0007487588000000007,-0.09001250000000005,0.12946708,2.726696
4058,-0.0007478588000000004,-0.09001250000000005,0.127296226,2.9277010000000003
4059,-0.0007469588000000005,-0.06991200000000003,0.12838165299999998,3.28951
4060,-0.0007460588000000007,-0.09001250000000005,0.12946708,3.4905150000000003
4061,-0.0007451588000000004,-0.09001250000000005,0.12838165299999998,3.651319
4062,-0.0007442588000000005,-0.09001250000000005,0.12946708,3.6111180000000003
4063,-0.0007433588000000007,-0.09001250000000005,0.12946708,3.570917
4064,-0.0007424588000000004,-0.11011300000000002,0.12838165299999998,3.3699120000000002
4065,-0.0007415588000000005,-0.11011300000000002,0.12838165299999998,3.008103
4066,-0.0007406588000000006,-0.06991200000000003,0.12838165299999998,2.646294
4067,-0.0007397588000000004,-0.06991200000000003,0.12946708,2.284485
4068,-0.0007388588000000005,-0.09001250000000005,0.12946708,1.9628770000000002
4069,-0.0007379588000000006,-0.09001250000000005,0.12838165299999998,1.641269
4070,-0.0007370588000000003,-0.06991200000000003,0.12838165299999998,1.4804650000000001
4071,-0.0007361588000000005,-0.06991200000000003,0.12946708,1.520666
4072,-0.0007352588000000006,-0.11011300000000002,0.12946708,1.6814700000000002
4073,-0.0007343588000000003,-0.11011300000000002,0.12946708,1.9628770000000002
4074,-0.0007334588000000005,-0.06991200000000003,0.12946708,2.405088
4075,-0.0007325588000000006,-0.04981150000000001,0.12838165299999998,2.847299
4076,-0.0007316588000000003,-0.09001250000000005,0.12946708,3.28951
4077,-0.0007307588000000005,-0.06991200000000003,0.12838165299999998,3.570917
4078,-0.0007298588000000006,-0.09001250000000005,0.12838165299999998,3.651319
4079,-0.0007289588000000007,-0.06991200000000003,0.12946708,3.570917
4080,-0.0007280588000000005,-0.09001250000000005,0.12946708,3.209108
4081,-0.0007271588000000006,-0.06991200000000003,0.12946708,2.766897
4082,-0.0007262588000000007,-0.09001250000000005,0.12946708,2.2040830000000002
4083,-0.0007253588000000004,-0.06991200000000003,0.12946708,1.8422740000000002
4084,-0.0007244588000000006,-0.06991200000000003,0.12946708,1.520666
4085,-0.0007235588000000007,-0.09001250000000005,0.13055250699999998,1.5608670000000002
4086,-0.0007226588000000004,-0.11011300000000002,0.13055250699999998,1.7216710000000002
4087,-0.0007217588000000006,-0.09001250000000005,0.12946708,2.163882
4088,-0.0007208588000000007,-0.09001250000000005,0.12838165299999998,2.646294
4089,-0.0007199588000000004,-0.09001250000000005,0.12946708,3.128706
4090,-0.0007190588000000006,-0.09001250000000005,0.12946708,3.530716
4091,-0.0007181588000000007,-0.06991200000000003,0.12946708,3.651319
4092,-0.0007172588000000004,-0.06991200000000003,0.12946708,3.570917
4093,-0.0007163588000000005,-0.09001250000000005,0.12946708,3.2493090000000002
4094,-0.0007154588000000007,-0.09001250000000005,0.12838165299999998,2.8875
4095,-0.0007145588000000004,-0.09001250000000005,0.127296226,2.405088
4096,-0.0007136588000000005,-0.06991200000000003,0.12838165299999998,2.0030780000000004
4097,-0.0007127588000000007,-0.04981150000000001,0.12838165299999998,1.641269
4098,-0.0007118588000000004,-0.06991200000000003,0.12838165299999998,1.5608670000000002
4099,-0.0007109588000000005,-0.09001250000000005,0.12838165299999998,1.5608670000000002
4100,-0.0007100588000000007,-0.06991200000000003,0.12838165299999998,1.6814700000000002
4101,-0.0007091588000000004,-0.06991200000000003,0.12838165299999998,1.9628770000000002
4102,-0.0007082588000000005,-0.06991200000000003,0.12946708,2.3246860000000003
4103,-0.0007073588000000007,-0.09001250000000005,0.12946708,2.6864950000000003
4104,-0.0007064588000000004,-0.06991200000000003,0.12946708,3.0483040000000003
4105,-0.0007055588000000005,-0.11011300000000002,0.12838165299999998,3.28951
4106,-0.0007046588000000006,-0.09001250000000005,0.12946708,3.4905150000000003
4107,-0.0007037588000000003,-0.09001250000000005,0.12946708,3.6111180000000003
4108,-0.0007028588000000005,-0.09001250000000005,0.127296226,3.69152
4109,-0.0007019588000000006,-0.04981150000000001,0.127296226,3.651319
4110,-0.0007010588000000003,-0.06991200000000003,0.12838165299999998,3.450314
4111,-0.0007001588000000005,-0.09001250000000005,0.12838165299999998,3.209108
4112,-0.0006992588000000006,-0.09001250000000005,0.12838165299999998,3.008103
4113,-0.0006983588000000003,-0.09001250000000005,0.12946708,2.766897
4114,-0.0006974588000000005,-0.11011300000000002,0.12946708,2.405088
4115,-0.0006965588000000006,-0.09001250000000005,0.12946708,2.1236810000000004
4116,-0.0006956588000000007,-0.09001250000000005,0.12946708,1.8824750000000001
4117,-0.0006947588000000005,-0.06991200000000003,0.12946708,1.641269
4118,-0.0006938588000000006,-0.06991200000000003,0.12838165299999998,1.520666
4119,-0.0006929588000000007,-0.06991200000000003,0.12946708,1.4804650000000001
4120,-0.0006920588000000004,-0.09001250000000005,0.12838165299999998,1.5608670000000002
4121,-0.0006911588000000006,-0.04981150000000001,0.12838165299999998,1.6814700000000002
4122,-0.0006902588000000007,-0.09001250000000005,0.13055250699999998,2.08348
4123,-0.0006893588000000004,-0.09001250000000005,0.12946708,2.3246860000000003
4124,-0.0006884588000000006,-0.06991200000000003,0.131637934,2.726696
4125,-0.0006875588000000007,-0.06991200000000003,0.12946708,3.1689070000000004
4126,-0.0006866588000000004,-0.09001250000000005,0.12946708,3.410113
4127,-0.0006857588000000006,-0.04981150000000001,0.12838165299999998,3.651319
4128,-0.0006848588000000007,-0.09001250000000005,0.12946708,3.6111180000000003
4129,-0.0006839588000000004,-0.09001250000000005,0.13055250699999998,3.4905150000000003
4130,-0.0006830588000000005,-0.06991200000000003,0.12838165299999998,3.1689070000000004
4131,-0.0006821588000000007,-0.09001250000000005,0.12838165299999998,2.606093
4132,-0.0006812588000000004,-0.06991200000000003,0.12946708,2.1236810000000004
4133,-0.0006803588000000005,-0.06991200000000003,0.12946708,1.6814700000000002
4134,-0.0006794588000000007,-0.04981150000000001,0.12838165299999998,1.4804650000000001
4135,-0.0006785588000000004,-0.06991200000000003,0.127296226,1.6010680000000002
4136,-0.0006776588000000005,-0.04981150000000001,0.12838165299999998,1.8824750000000001
4137,-0.0006767588000000007,-0.06991200000000003,0.127296226,2.405088
4138,-0.0006758588000000004,-0.06991200000000003,0.127296226,3.0483040000000003
4139,-0.0006749588000000005,-0.04981150000000001,0.127296226,3.450314
4140,-0.0006740588000000007,-0.04981150000000001,0.12946708,3.69152
4141,-0.0006731588000000004,-0.04981150000000001,0.12838165299999998,3.570917
4142,-0.0006722588000000005,-0.04981150000000001,0.12838165299999998,3.209108
4143,-0.0006713588000000006,-0.06991200000000003,0.127296226,2.726696
4144,-0.0006704588000000004,-0.04981150000000001,0.12946708,2.2040830000000002
4145,-0.0006695588000000005,-0.06991200000000003,0.12946708,1.7216710000000002
4146,-0.0006686588000000006,-0.06991200000000003,0.12946708,1.520666
4147,-0.0006677588000000003,-0.06991200000000003,0.12946708,1.5608670000000002
4148,-0.0006668588000000005,-0.06991200000000003,0.12946708,1.7216710000000002
4149,-0.0006659588000000006,-0.06991200000000003,0.12946708,2.163882
4150,-0.0006650588000000003,-0.06991200000000003,0.131637934,2.606093
4151,-0.0006641588000000005,-0.04981150000000001,0.12946708,3.0483040000000003
4152,-0.0006632588000000006,-0.11011300000000002,0.13055250699999998,3.410113
4153,-0.0006623588000000008,-0.04981150000000001,0.13055250699999998,3.651319
4154,-0.0006614588000000005,-0.06991200000000003,0.12946708,3.69152
4155,-0.0006605588000000006,-0.04981150000000001,0.13055250699999998,3.570917
4156,-0.0006596588000000007,-0.06991200000000003,0.12946708,3.3699120000000002
4157,-0.0006587588000000004,-0.06991200000000003,0.13055250699999998,3.088505
4158,-0.0006578588000000006,-0.06991200000000003,0.12946708,2.766897
4159,-0.0006569588000000007,-0.09001250000000005,0.12946708,2.405088
4160,-0.0006560588000000004,-0.06991200000000003,0.12946708,2.163882
4161,-0.0006551588000000006,-0.09001250000000005,0.13055250699999998,1.8422740000000002
4162,-0.0006542588000000007,-0.06991200000000003,0.13055250699999998,1.6814700000000002
4163,-0.0006533588000000004,-0.06991200000000003,0.12946708,1.520666
4164,-0.0006524588000000006,-0.09001250000000005,0.12946708,1.4402640000000002
4165,-0.0006515588000000007,-0.09001250000000005,0.12838165299999998,1.520666
4166,-0.0006506588000000004,-0.06991200000000003,0.12946708,1.641269
4167,-0.0006497588000000006,-0.06991200000000003,0.12838165299999998,1.8020730000000003
4168,-0.0006488588000000007,-0.06991200000000003,0.12838165299999998,2.08348
4169,-0.0006479588000000004,-0.06991200000000003,0.12838165299999998,2.3648870000000004
4170,-0.0006470588000000005,-0.06991200000000003,0.12946708,2.6864950000000003
4171,-0.0006461588000000007,-0.04981150000000001,0.12838165299999998,2.967902
4172,-0.0006452588000000004,-0.04981150000000001,0.12838165299999998,3.28951
4173,-0.0006443588000000005,-0.06991200000000003,0.127296226,3.4905150000000003
4174,-0.0006434588000000007,-0.04981150000000001,0.12621079899999998,3.6111180000000003
4175,-0.0006425588000000004,-0.06991200000000003,0.12946708,3.69152
4176,-0.0006416588000000005,-0.04981150000000001,0.12838165299999998,3.570917
4177,-0.0006407588000000007,-0.06991200000000003,0.127296226,3.410113
4178,-0.0006398588000000004,-0.04981150000000001,0.12838165299999998,3.008103
4179,-0.0006389588000000005,-0.09001250000000005,0.12946708,2.525691
4180,-0.0006380588000000006,-0.06991200000000003,0.12838165299999998,2.1236810000000004
4181,-0.0006371588000000004,-0.09001250000000005,0.12838165299999998,1.761872
4182,-0.0006362588000000005,-0.09001250000000005,0.12838165299999998,1.5608670000000002
4183,-0.0006353588000000006,-0.06991200000000003,0.12838165299999998,1.520666
4184,-0.0006344588000000003,-0.09001250000000005,0.12838165299999998,1.641269
4185,-0.0006335588000000005,-0.06991200000000003,0.13055250699999998,2.08348
4186,-0.0006326588000000006,-0.06991200000000003,0.12946708,2.6864950000000003
4187,-0.0006317588000000003,-0.09001250000000005,0.12946708,3.209108
4188,-0.0006308588000000005,-0.06991200000000003,0.13055250699999998,3.530716
4189,-0.0006299588000000006,-0.06991200000000003,0.12946708,3.6111180000000003
4190,-0.0006290588000000008,-0.09001250000000005,0.13055250699999998,3.450314
4191,-0.0006281588000000005,-0.06991200000000003,0.13055250699999998,3.0483040000000003
4192,-0.0006272588000000006,-0.06991200000000003,0.131637934,2.4854900000000004
4193,-0.0006263588000000007,-0.06991200000000003,0.12946708,1.9628770000000002
4194,-0.0006254588000000004,-0.06991200000000003,0.12946708,1.5608670000000002
4195,-0.0006245588000000006,-0.06991200000000003,0.13055250699999998,1.520666
4196,-0.0006236588000000007,-0.06991200000000003,0.12838165299999998,1.7216710000000002
4197,-0.0006227588000000004,-0.04981150000000001,0.12946708,2.163882
4198,-0.0006218588000000006,-0.04981150000000001,0.12838165299999998,2.726696
4199,-0.0006209588000000007,-0.06991200000000003,0.12838165299999998,3.209108
4200,-0.0006200588000000004,-0.06991200000000003,0.12838165299999998,3.570917
4201,-0.0006191588000000006,-0.09001250000000005,0.127296226,3.651319
4202,-0.0006182588000000007,-0.06991200000000003,0.12838165299999998,3.530716
4203,-0.0006173588000000004,-0.06991200000000003,0.12838165299999998,3.209108
4204,-0.0006164588000000006,-0.06991200000000003,0.12946708,2.6864950000000003
4205,-0.0006155588000000007,-0.04981150000000001,0.12946708,2.3246860000000003
4206,-0.0006146588000000004,-0.04981150000000001,0.127296226,1.9628770000000002
4207,-0.0006137588000000005,-0.06991200000000003,0.12838165299999998,1.641269
4208,-0.0006128588000000007,-0.06991200000000003,0.127296226,1.4804650000000001
4209,-0.0006119588000000004,-0.09001250000000005,0.12838165299999998,1.4804650000000001
4210,-0.0006110588000000005,-0.04981150000000001,0.12838165299999998,1.7216710000000002
4211,-0.0006101588000000007,-0.04981150000000001,0.12946708,1.922676
4212,-0.0006092588000000004,-0.04981150000000001,0.12946708,2.284485
4213,-0.0006083588000000005,-0.06991200000000003,0.12946708,2.6864950000000003
4214,-0.0006074588000000007,-0.04981150000000001,0.12946708,2.9277010000000003
4215,-0.0006065588000000004,-0.09001250000000005,0.12838165299999998,3.2493090000000002
4216,-0.0006056588000000005,-0.09001250000000005,0.12946708,3.4905150000000003
4217,-0.0006047588000000007,-0.06991200000000003,0.12838165299999998,3.570917
4218,-0.0006038588000000004,-0.04981150000000001,0.12838165299999998,3.651319
4219,-0.0006029588000000005,-0.09001250000000005,0.127296226,3.6111180000000003
4220,-0.0006020588000000006,-0.04981150000000001,0.12946708,3.570917
4221,-0.0006011588000000003,-0.04981150000000001,0.12838165299999998,3.28951
4222,-0.0006002588000000005,-0.04981150000000001,0.13055250699999998,3.088505
4223,-0.0005993588000000006,-0.06991200000000003,0.13055250699999998,2.8070980000000003
4224,-0.0005984588000000003,-0.04981150000000001,0.12946708,2.4854900000000004
4225,-0.0005975588000000005,-0.029711000000000043,0.13055250699999998,2.2040830000000002
4226,-0.0005966588000000006,-0.04981150000000001,0.12946708,1.8824750000000001
4227,-0.0005957588000000003,-0.04981150000000001,0.13055250699999998,1.6814700000000002
4228,-0.0005948588000000005,-0.06991200000000003,0.13055250699999998,1.520666
4229,-0.0005939588000000006,-0.029711000000000043,0.127296226,1.4804650000000001
4230,-0.0005930588000000007,-0.06991200000000003,0.12946708,1.6010680000000002
4231,-0.0005921588000000005,-0.06991200000000003,0.13055250699999998,1.8020730000000003
4232,-0.0005912588000000006,-0.06991200000000003,0.12946708,2.08348
4233,-0.0005903588000000007,-0.09001250000000005,0.12946708,2.4854900000000004
4234,-0.0005894588000000004,-0.09001250000000005,0.12946708,2.967902
4235,-0.0005885588000000006,-0.04981150000000001,0.12946708,3.3699120000000002
4236,-0.0005876588000000007,-0.04981150000000001,0.12838165299999998,3.570917
4237,-0.0005867588000000004,-0.06991200000000003,0.12838165299999998,3.6111180000000003
4238,-0.0005858588000000006,-0.06991200000000003,0.12838165299999998,3.450314
4239,-0.0005849588000000007,-0.06991200000000003,0.12838165299999998,3.088505
4240,-0.0005840588000000004,-0.09001250000000005,0.12946708,2.5658920000000003
4241,-0.0005831588000000006,-0.06991200000000003,0.127296226,2.1236810000000004
4242,-0.0005822588000000007,-0.06991200000000003,0.127296226,1.641269
4243,-0.0005813588000000004,-0.04981150000000001,0.12838165299999998,1.4804650000000001
4244,-0.0005804588000000005,-0.06991200000000003,0.12838165299999998,1.6010680000000002
4245,-0.0005795588000000007,-0.06991200000000003,0.12946708,1.9628770000000002
4246,-0.0005786588000000004,-0.09001250000000005,0.12838165299999998,2.5658920000000003
4247,-0.0005777588000000005,-0.029711000000000043,0.12838165299999998,3.088505
4248,-0.0005768588000000007,-0.04981150000000001,0.13055250699999998,3.450314
4249,-0.0005759588000000004,-0.04981150000000001,0.12838165299999998,3.69152
4250,-0.0005750588000000005,-0.06991200000000003,0.13055250699999998,3.570917
4251,-0.0005741588000000007,-0.04981150000000001,0.12838165299999998,3.128706
4252,-0.0005732588000000004,-0.06991200000000003,0.12946708,2.606093
4253,-0.0005723588000000005,-0.04981150000000001,0.13055250699999998,2.043279
4254,-0.0005714588000000007,-0.04981150000000001,0.12946708,1.6814700000000002
4255,-0.0005705588000000004,-0.06991200000000003,0.12946708,1.4804650000000001
4256,-0.0005696588000000005,-0.06991200000000003,0.12946708,1.6010680000000002
4257,-0.0005687588000000006,-0.04981150000000001,0.12946708,1.922676
4258,-0.0005678588000000004,-0.04981150000000001,0.13055250699999998,2.405088
4259,-0.0005669588000000005,-0.06991200000000003,0.12946708,2.9277010000000003
4260,-0.0005660588000000006,-0.06991200000000003,0.13055250699999998,3.329711
4261,-0.0005651588000000003,-0.04981150000000001,0.12838165299999998,3.570917
4262,-0.0005642588000000005,-0.029711000000000043,0.13055250699999998,3.69152
4263,-0.0005633588000000006,-0.06991200000000003,0.12946708,3.530716
4264,-0.0005624588000000003,-0.029711000000000043,0.13055250699999998,3.28951
4265,-0.0005615588000000005,-0.04981150000000001,0.12946708,3.0483040000000003
4266,-0.0005606588000000006,-0.04981150000000001,0.12946708,2.6864950000000003
4267,-0.0005597588000000008,-0.06991200000000003,0.12838165299999998,2.3648870000000004
4268,-0.0005588588000000005,-0.04981150000000001,0.12946708,1.922676
4269,-0.0005579588000000006,-0.029711000000000043,0.12946708,1.7216710000000002
4270,-0.0005570588000000007,-0.04981150000000001,0.12946708,1.520666
4271,-0.0005561588000000004,-0.06991200000000003,0.12946708,1.4804650000000001
4272,-0.0005552588000000006,-0.029711000000000043,0.12946708,1.5608670000000002
4273,-0.0005543588000000007,-0.04981150000000001,0.127296226,1.641269
4274,-0.0005534588000000004,-0.06991200000000003,0.12838165299999998,1.8824750000000001
4275,-0.0005525588000000006,-0.04981150000000001,0.12838165299999998,2.08348
4276,-0.0005516588000000007,-0.04981150000000001,0.12838165299999998,2.405088
4277,-0.0005507588000000004,-0.06991200000000003,0.13055250699999998,2.6864950000000003
4278,-0.0005498588000000006,-0.06991200000000003,0.127296226,2.9277010000000003
4279,-0.0005489588000000007,-0.06991200000000003,0.12838165299999998,3.28951
4280,-0.0005480588000000004,-0.029711000000000043,0.127296226,3.450314
4281,-0.0005471588000000006,-0.04981150000000001,0.12946708,3.6111180000000003
4282,-0.0005462588000000007,-0.029711000000000043,0.12838165299999998,3.651319
4283,-0.0005453588000000004,-0.04981150000000001,0.12838165299999998,3.570917
4284,-0.0005444588000000005,-0.04981150000000001,0.12838165299999998,3.410113
4285,-0.0005435588000000007,-0.029711000000000043,0.12838165299999998,3.128706
4286,-0.0005426588000000004,-0.029711000000000043,0.12946708,2.766897
4287,-0.0005417588000000005,-0.029711000000000043,0.13055250699999998,2.284485
4288,-0.0005408588000000007,-0.04981150000000001,0.13055250699999998,1.9628770000000002
4289,-0.0005399588000000004,-0.06991200000000003,0.12946708,1.641269
4290,-0.0005390588000000005,-0.04981150000000001,0.12946708,1.520666
4291,-0.0005381588000000007,-0.04981150000000001,0.12838165299999998,1.6010680000000002
4292,-0.0005372588000000004,-0.04981150000000001,0.131637934,1.8824750000000001
4293,-0.0005363588000000005,-0.029711000000000043,0.13055250699999998,2.3246860000000003
4294,-0.0005354588000000006,-0.04981150000000001,0.12946708,2.9277010000000003
4295,-0.0005345588000000004,-0.04981150000000001,0.13055250699999998,3.3699120000000002
4296,-0.0005336588000000005,-0.029711000000000043,0.13055250699999998,3.6111180000000003
4297,-0.0005327588000000006,-0.04981150000000001,0.12946708,3.6111180000000003
4298,-0.0005318588000000003,-0.06991200000000003,0.12838165299999998,3.329711
4299,-0.0005309588000000005,-0.04981150000000001,0.13055250699999998,2.847299
4300,-0.0005300588000000006,-0.04981150000000001,0.12838165299999998,2.2442840000000004
4301,-0.0005291588000000003,-0.029711000000000043,0.12838165299999998,1.761872
4302,-0.0005282588000000005,-0.04981150000000001,0.13055250699999998,1.520666
4303,-0.0005273588000000006,-0.029711000000000043,0.12838165299999998,1.5608670000000002
4304,-0.0005264588000000008,-0.04981150000000001,0.12838165299999998,2.043279
4305,-0.0005255588000000005,-0.029711000000000043,0.12946708,2.525691
4306,-0.0005246588000000006,-0.06991200000000003,0.12838165299999998,3.088505
4307,-0.0005237588000000007,-0.04981150000000001,0.127296226,3.4905150000000003
4308,-0.0005228588000000004,-0.029711000000000043,0.12838165299999998,3.6111180000000003
4309,-0.0005219588000000006,-0.04981150000000001,0.127296226,3.570917
4310,-0.0005210588000000007,-0.029711000000000043,0.12838165299999998,3.1689070000000004
4311,-0.0005201588000000004,-0.04981150000000001,0.12946708,2.726696
4312,-0.0005192588000000006,-0.04981150000000001,0.12838165299999998,2.2040830000000002
4313,-0.0005183588000000007,-0.029711000000000043,0.13055250699999998,1.761872
4314,-0.0005174588000000004,-0.04981150000000001,0.13055250699999998,1.6010680000000002
4315,-0.0005165588000000006,-0.04981150000000001,0.13055250699999998,1.4402640000000002
4316,-0.0005156588000000007,-0.04981150000000001,0.127296226,1.6814700000000002
4317,-0.0005147588000000004,-0.029711000000000043,0.12838165299999998,1.922676
4318,-0.0005138588000000006,-0.04981150000000001,0.12946708,2.2040830000000002
4319,-0.0005129588000000007,-0.04981150000000001,0.13055250699999998,2.606093
4320,-0.0005120588000000004,-0.06991200000000003,0.13055250699999998,3.0483040000000003
4321,-0.0005111588000000005,-0.04981150000000001,0.12946708,3.28951
4322,-0.0005102588000000007,-0.029711000000000043,0.12946708,3.530716
4323,-0.0005093588000000004,-0.04981150000000001,0.12946708,3.69152
4324,-0.0005084588000000005,-0.06991200000000003,0.12838165299999998,3.69152
4325,-0.0005075588000000007,-0.029711000000000043,0.12946708,3.570917
4326,-0.0005066588000000004,-0.029711000000000043,0.13055250699999998,3.329711
4327,-0.0005057588000000005,-0.029711000000000043,0.13055250699999998,3.0483040000000003
4328,-0.0005048588000000007,-0.009610500000000022,0.12838165299999998,2.766897
4329,-0.0005039588000000004,-0.029711000000000043,0.12946708,2.405088
4330,-0.0005030588000000005,-0.029711000000000043,0.127296226,2.1236810000000004
4331,-0.0005021588000000007,-0.029711000000000043,0.12946708,1.8020730000000003
4332,-0.0005012588000000004,-0.04981150000000001,0.12946708,1.6010680000000002
4333,-0.0005003588000000005,-0.06991200000000003,0.12946708,1.520666
4334,-0.0004994588000000006,-0.029711000000000043,0.12946708,1.520666
4335,-0.0004985588000000003,-0.029711000000000043,0.12946708,1.6010680000000002
4336,-0.0004976588000000005,-0.009610500000000022,0.12946708,1.8422740000000002
4337,-0.0004967588000000006,-0.04981150000000001,0.12946708,2.2040830000000002
4338,-0.0004958588000000003,-0.04981150000000001,0.12946708,2.5658920000000003
4339,-0.0004949588000000005,-0.06991200000000003,0.12946708,2.9277010000000003
4340,-0.0004940588000000006,-0.04981150000000001,0.12838165299999998,3.28951
4341,-0.0004931588000000008,-0.029711000000000043,0.127296226,3.570917
4342,-0.0004922588000000009,-0.04981150000000001,0.12838165299999998,3.651319
4343,-0.0004913588000000002,-0.029711000000000043,0.12838165299999998,3.530716
4344,-0.0004904588000000003,-0.04981150000000001,0.12838165299999998,3.28951
4345,-0.0004895588000000005,-0.029711000000000043,0.127296226,2.8070980000000003
4346,-0.0004886588000000006,-0.029711000000000043,0.12838165299999998,2.3246860000000003
4347,-0.00048775880000000073,-0.029711000000000043,0.12838165299999998,1.8422740000000002
4348,-0.0004868588000000009,0.01049,0.12946708,1.520666
4349,-0.00048595880000000015,-0.04981150000000001,0.12946708,1.4804650000000001
4350,-0.0004850588000000003,-0.029711000000000043,0.12946708,1.7216710000000002
4351,-0.00048415880000000043,-0.04981150000000001,0.12946708,2.2040830000000002
4352,-0.00048325880000000057,-0.029711000000000043,0.12946708,2.726696
4353,-0.0004823588000000007,-0.06991200000000003,0.13055250699999998,3.209108
4354,-0.00048145880000000085,-0.04981150000000001,0.12838165299999998,3.570917
4355,-0.0004805588000000001,-0.029711000000000043,0.13055250699999998,3.69152
4356,-0.00047965880000000027,-0.04981150000000001,0.13055250699999998,3.410113
4357,-0.0004787588000000004,-0.04981150000000001,0.13055250699999998,3.0483040000000003
4358,-0.00047785880000000055,-0.009610500000000022,0.12946708,2.525691
4359,-0.0004769588000000007,-0.029711000000000043,0.12838165299999998,2.0030780000000004
4360,-0.00047605880000000083,-0.04981150000000001,0.12838165299999998,1.6814700000000002
4361,-0.00047515880000000097,-0.029711000000000043,0.12838165299999998,1.4804650000000001
4362,-0.00047425880000000024,-0.04981150000000001,0.12838165299999998,1.641269
4363,-0.0004733588000000004,-0.029711000000000043,0.12838165299999998,1.9628770000000002
4364,-0.0004724588000000005,-0.04981150000000001,0.13055250699999998,2.4452890000000003
4365,-0.00047155880000000067,-0.029711000000000043,0.12946708,2.9277010000000003
4366,-0.0004706588000000008,-0.04981150000000001,0.12946708,3.329711
4367,-0.00046975880000000095,-0.029711000000000043,0.12838165299999998,3.6111180000000003
4368,-0.0004688588000000002,-0.029711000000000043,0.127296226,3.651319
4369,-0.00046795880000000036,-0.009610500000000022,0.12946708,3.4905150000000003
4370,-0.0004670588000000005,-0.04981150000000001,0.12838165299999998,3.128706
4371,-0.00046615880000000064,-0.009610500000000022,0.127296226,2.726696
4372,-0.0004652588000000008,-0.029711000000000043,0.12946708,2.284485
4373,-0.0004643588000000009,-0.029711000000000043,0.127296226,1.922676
4374,-0.0004634588000000002,-0.029711000000000043,0.12946708,1.641269
4375,-0.00046255880000000034,-0.009610500000000022,0.12838165299999998,1.520666
4376,-0.0004616588000000005,-0.029711000000000043,0.127296226,1.520666
4377,-0.0004607588000000006,-0.04981150000000001,0.12838165299999998,1.6814700000000002
4378,-0.00045985880000000076,-0.029711000000000043,0.12946708,1.8824750000000001
4379,-0.0004589588000000009,-0.04981150000000001,0.12946708,2.284485
4380,-0.0004580588000000002,-0.029711000000000043,0.13055250699999998,2.606093
4381,-0.0004571588000000003,-0.029711000000000043,0.127296226,2.967902
4382,-0.00045625880000000046,-0.029711000000000043,0.12838165299999998,3.2493090000000002
4383,-0.0004553588000000006,-0.029711000000000043,0.12838165299999998,3.4905150000000003
4384,-0.00045445880000000074,-0.04981150000000001,0.127296226,3.6111180000000003
4385,-0.0004535588000000009,-0.029711000000000043,0.12946708,3.7317210000000003
4386,-0.00045265880000000015,-0.029711000000000043,0.12946708,3.6111180000000003
4387,-0.0004517588000000003,-0.04981150000000001,0.12946708,3.3699120000000002
4388,-0.00045085880000000043,-0.04981150000000001,0.12838165299999998,3.088505
4389,-0.0004499588000000006,-0.04981150000000001,0.13055250699999998,2.766897
4390,-0.0004490588000000007,-0.029711000000000043,0.12838165299999998,2.3648870000000004
4391,-0.00044815880000000086,-0.029711000000000043,0.12946708,2.043279
4392,-0.00044725880000000013,-0.009610500000000022,0.12946708,1.7216710000000002
4393,-0.00044635880000000027,-0.029711000000000043,0.12838165299999998,1.520666
4394,-0.0004454588000000004,-0.04981150000000001,0.12946708,1.4804650000000001
4395,-0.00044455880000000055,-0.04981150000000001,0.12946708,1.6010680000000002
4396,-0.0004436588000000007,-0.009610500000000022,0.12946708,1.8824750000000001
4397,-0.00044275880000000083,-0.04981150000000001,0.12838165299999998,2.284485
4398,-0.000441858800000001,-0.04981150000000001,0.13055250699999998,2.726696
4399,-0.00044095880000000025,-0.029711000000000043,0.12946708,3.1689070000000004
4400,-0.0004400588000000004,-0.029711000000000043,0.12946708,3.450314
4401,-0.00043915880000000053,-0.029711000000000043,0.13055250699999998,3.651319
4402,-0.00043825880000000067,-0.029711000000000043,0.12838165299999998,3.570917
4403,-0.0004373588000000008,-0.009610500000000022,0.12946708,3.3699120000000002
4404,-0.00043645880000000095,-0.009610500000000022,0.12838165299999998,2.9277010000000003
4405,-0.0004355588000000002,-0.029711000000000043,0.12838165299999998,2.405088
4406,-0.00043465880000000037,-0.04981150000000001,0.12946708,1.922676
4407,-0.0004337588000000005,-0.04981150000000001,0.12838165299999998,1.6010680000000002
4408,-0.00043285880000000065,-0.009610500000000022,0.12838165299999998,1.4804650000000001
4409,-0.0004319588000000008,-0.009610500000000022,0.12946708,1.641269
4410,-0.00043105880000000093,-0.029711000000000043,0.12946708,2.0030780000000004
4411,-0.0004301588000000002,-0.009610500000000022,0.127296226,2.525691
4412,-0.00042925880000000034,-0.04981150000000001,0.127296226,3.0483040000000003
4413,-0.0004283588000000005,-0.04981150000000001,0.12946708,3.410113
4414,-0.0004274588000000006,-0.009610500000000022,0.12946708,3.651319
4415,-0.00042655880000000077,-0.029711000000000043,0.127296226,3.530716
4416,-0.0004256588000000009,-0.06991200000000003,0.127296226,3.209108
4417,-0.0004247588000000002,-0.029711000000000043,0.12946708,2.726696
4418,-0.0004238588000000003,-0.029711000000000043,0.12946708,2.2442840000000004
4419,-0.00042295880000000046,-0.029711000000000043,0.12946708,1.8020730000000003
4420,-0.0004220588000000006,-0.029711000000000043,0.13055250699999998,1.520666
4421,-0.00042115880000000074,-0.04981150000000001,0.12946708,1.520666
4422,-0.0004202588000000009,-0.009610500000000022,0.12946708,1.761872
4423,-0.00041935880000000016,-0.029711000000000043,0.13055250699999998,2.163882
4424,-0.0004184588000000003,-0.029711000000000043,0.12946708,2.606093
4425,-0.00041755880000000044,0.01049,0.13055250699999998,3.008103
4426,-0.0004166588000000006,-0.009610500000000022,0.12838165299999998,3.28951
4427,-0.0004157588000000007,-0.04981150000000001,0.12838165299999998,3.6111180000000003
4428,-0.00041485880000000086,-0.029711000000000043,0.12946708,3.651319
4429,-0.00041395880000000013,-0.029711000000000043,0.12838165299999998,3.6111180000000003
4430,-0.0004130588000000003,-0.04981150000000001,0.12838165299999998,3.3699120000000002
4431,-0.0004121588000000004,-0.029711000000000043,0.12838165299999998,3.088505
4432,-0.00041125880000000056,-0.04981150000000001,0.12838165299999998,2.6864950000000003
4433,-0.0004103588000000007,-0.029711000000000043,0.12946708,2.405088
4434,-0.00040945880000000084,-0.029711000000000043,0.12946708,2.043279
4435,-0.000408558800000001,-0.029711000000000043,0.127296226,1.8020730000000003
4436,-0.00040765880000000025,-0.029711000000000043,0.12838165299999998,1.5608670000000002
4437,-0.0004067588000000004,-0.04981150000000001,0.12838165299999998,1.4804650000000001
4438,-0.00040585880000000053,-0.04981150000000001,0.127296226,1.520666
4439,-0.0004049588000000007,-0.029711000000000043,0.127296226,1.6010680000000002
4440,-0.0004040588000000008,-0.029711000000000043,0.12946708,1.8020730000000003
4441,-0.00040315880000000096,0.01049,0.12838165299999998,2.08348
4442,-0.00040225880000000023,-0.029711000000000043,0.127296226,2.4452890000000003
4443,-0.00040135880000000037,-0.029711000000000043,0.12838165299999998,2.766897
4444,-0.0004004588000000005,-0.029711000000000043,0.127296226,3.1689070000000004
4445,-0.00039955880000000065,-0.029711000000000043,0.12838165299999998,3.410113
4446,-0.0003986588000000008,-0.029711000000000043,0.12838165299999998,3.6111180000000003
4447,-0.00039775880000000093,-0.04981150000000001,0.12946708,3.6111180000000003
4448,-0.0003968588000000002,-0.009610500000000022,0.12946708,3.6111180000000003
4449,-0.00039595880000000035,-0.029711000000000043,0.12838165299999998,3.410113
4450,-0.0003950588000000005,-0.029711000000000043,0.12946708,3.008103
4451,-0.00039415880000000063,-0.029711000000000043,0.12838165299999998,2.606093
4452,-0.00039325880000000077,-0.009610500000000022,0.12838165299999998,2.163882
4453,-0.0003923588000000009,-0.029711000000000043,0.12946708,1.8020730000000003
4454,-0.0003914588000000002,-0.029711000000000043,0.12946708,1.520666
4455,-0.0003905588000000003,-0.009610500000000022,0.12838165299999998,1.520666
4456,-0.00038965880000000046,-0.029711000000000043,0.12946708,1.7216710000000002
4457,-0.0003887588000000006,-0.029711000000000043,0.13055250699999998,2.08348
4458,-0.00038785880000000075,0.01049,0.12946708,2.525691
4459,-0.0003869588000000009,-0.029711000000000043,0.12946708,3.0483040000000003
4460,-0.00038605880000000016,-0.009610500000000022,0.12946708,3.450314
4461,-0.0003851588000000003,-0.009610500000000022,0.13055250699999998,3.69152
4462,-0.00038425880000000044,-0.009610500000000022,0.12838165299999998,3.530716
4463,-0.0003833588000000006,-0.029711000000000043,0.12946708,3.1689070000000004
4464,-0.0003824588000000007,-0.029711000000000043,0.12838165299999998,2.6864950000000003
4465,-0.00038155880000000086,-0.029711000000000043,0.13055250699999998,2.1236810000000004
4466,-0.00038065880000000014,-0.04981150000000001,0.12838165299999998,1.761872
4467,-0.0003797588000000003,0.01049,0.12838165299999998,1.520666
4468,-0.0003788588000000004,0.01049,0.12946708,1.6010680000000002
4469,-0.00037795880000000056,-0.009610500000000022,0.13055250699999998,1.8422740000000002
4470,-0.0003770588000000007,-0.029711000000000043,0.12838165299999998,2.284485
4471,-0.00037615880000000084,0.01049,0.12838165299999998,2.766897
4472,-0.000375258800000001,-0.009610500000000022,0.127296226,3.2493090000000002
4473,-0.00037435880000000026,-0.029711000000000043,0.12838165299999998,3.530716
4474,-0.0003734588000000004,-0.029711000000000043,0.12946708,3.69152
4475,-0.00037255880000000054,-0.009610500000000022,0.12838165299999998,3.6111180000000003
4476,-0.0003716588000000007,-0.009610500000000022,0.12838165299999998,3.28951
4477,-0.0003707588000000008,-0.029711000000000043,0.12838165299999998,2.967902
4478,-0.00036985880000000096,-0.029711000000000043,0.12946708,2.606093
4479,-0.00036895880000000023,-0.029711000000000043,0.12946708,2.2040830000000002
4480,-0.0003680588000000004,-0.029711000000000043,0.12946708,1.8824750000000001
4481,-0.0003671588000000005,-0.029711000000000043,0.12838165299999998,1.6814700000000002
4482,-0.00036625880000000065,-0.029711000000000043,0.12946708,1.520666
4483,-0.0003653588000000008,-0.04981150000000001,0.12838165299999998,1.5608670000000002
4484,-0.00036445880000000094,-0.009610500000000022,0.12946708,1.6010680000000002
4485,-0.0003635588000000002,-0.029711000000000043,0.12838165299999998,1.8020730000000003
4486,-0.00036265880000000035,-0.029711000000000043,0.12946708,2.163882
4487,-0.0003617588000000005,-0.029711000000000043,0.12838165299999998,2.4452890000000003
4488,-0.00036085880000000063,-0.009610500000000022,0.13055250699999998,2.8070980000000003
4489,-0.00035995880000000077,-0.029711000000000043,0.12946708,3.088505
4490,-0.0003590588000000009,-0.009610500000000022,0.12838165299999998,3.410113
4491,-0.0003581588000000002,-0.029711000000000043,0.13055250699999998,3.4905150000000003
4492,-0.00035725880000000033,0.01049,0.12946708,3.651319
4493,-0.00035635880000000047,-0.029711000000000043,0.12946708,3.6111180000000003
4494,-0.0003554588000000006,-0.029711000000000043,0.12838165299999998,3.4905150000000003
4495,-0.00035455880000000075,-0.04981150000000001,0.12946708,3.2493090000000002
4496,-0.0003536588000000009,-0.009610500000000022,0.12838165299999998,2.967902
4497,-0.00035275880000000016,-0.029711000000000043,0.13055250699999998,2.5658920000000003
4498,-0.0003518588000000003,-0.029711000000000043,0.12946708,2.2040830000000002
4499,-0.00035095880000000045,-0.029711000000000043,0.12838165299999998,1.8422740000000002
4500,-0.0003500588000000006,-0.009610500000000022,0.12946708,1.6010680000000002
4501,-0.0003491588000000007,-0.009610500000000022,0.12838165299999998,1.4804650000000001
4502,-0.00034825880000000087,-0.029711000000000043,0.127296226,1.6010680000000002
4503,-0.00034735880000000014,-0.009610500000000022,0.12946708,1.8824750000000001
4504,-0.0003464588000000003,-0.029711000000000043,0.12946708,2.2040830000000002
4505,-0.0003455588000000004,-0.029711000000000043,0.131637934,2.766897
4506,-0.00034465880000000056,-0.009610500000000022,0.12838165299999998,3.1689070000000004
4507,-0.0003437588000000007,-0.009610500000000022,0.12838165299999998,3.4905150000000003
4508,-0.00034285880000000084,-0.009610500000000022,0.12946708,3.6111180000000003
4509,-0.0003419588000000001,-0.029711000000000043,0.12838165299999998,3.570917
4510,-0.00034105880000000026,-0.009610500000000022,0.12838165299999998,3.209108
4511,-0.0003401588000000004,-0.009610500000000022,0.127296226,2.726696
4512,-0.00033925880000000054,-0.009610500000000022,0.12838165299999998,2.1236810000000004
4513,-0.0003383588000000007,-0.029711000000000043,0.12946708,1.7216710000000002
4514,-0.0003374588000000008,-0.029711000000000043,0.12838165299999998,1.520666
4515,-0.00033655880000000096,-0.009610500000000022,0.12946708,1.5608670000000002
4516,-0.00033565880000000024,-0.009610500000000022,0.12946708,1.8020730000000003
4517,-0.0003347588000000004,0.01049,0.12838165299999998,2.284485
4518,-0.0003338588000000005,-0.009610500000000022,0.12946708,2.8070980000000003
4519,-0.00033295880000000066,-0.009610500000000022,0.13055250699999998,3.209108
4520,-0.0003320588000000008,-0.009610500000000022,0.12838165299999998,3.570917
4521,-0.00033115880000000094,0.01049,0.12946708,3.7317210000000003
4522,-0.0003302588000000002,-0.04981150000000001,0.12838165299999998,3.570917
4523,-0.00032935880000000035,-0.029711000000000043,0.12838165299999998,3.2493090000000002
4524,-0.0003284588000000005,-0.029711000000000043,0.12946708,2.847299
4525,-0.00032755880000000064,0.01049,0.12946708,2.4452890000000003
4526,-0.0003266588000000008,-0.009610500000000022,0.13055250699999998,2.0030780000000004
4527,-0.0003257588000000009,-0.009610500000000022,0.12946708,1.6814700000000002
4528,-0.0003248588000000002,-0.009610500000000022,0.12946708,1.520666
4529,-0.00032395880000000033,-0.009610500000000022,0.12838165299999998,1.4804650000000001
4530,-0.00032305880000000047,-0.029711000000000043,0.12946708,1.6010680000000002
4531,-0.0003221588000000006,-0.04981150000000001,0.12946708,1.8422740000000002
4532,-0.00032125880000000075,-0.009610500000000022,0.12946708,2.2442840000000004
4533,-0.0003203588000000009,-0.009610500000000022,0.127296226,2.606093
4534,-0.00031945880000000017,-0.009610500000000022,0.127296226,2.967902
4535,-0.0003185588000000003,-0.029711000000000043,0.12946708,3.28951
4536,-0.00031765880000000045,-0.029711000000000043,0.12946708,3.4905150000000003
4537,-0.0003167588000000006,0.01049,0.127296226,3.6111180000000003
4538,-0.00031585880000000073,-0.009610500000000022,0.12946708,3.69152
4539,-0.00031495880000000087,-0.029711000000000043,0.12838165299999998,3.570917
4540,-0.00031405880000000014,-0.029711000000000043,0.12838165299999998,3.3699120000000002
4541,-0.0003131588000000003,-0.009610500000000022,0.12946708,3.088505
4542,-0.0003122588000000004,0.01049,0.12838165299999998,2.726696
4543,-0.00031135880000000057,-0.009610500000000022,0.12838165299999998,2.3246860000000003
4544,-0.0003104588000000007,0.01049,0.127296226,2.0030780000000004
4545,-0.00030955880000000085,-0.009610500000000022,0.12946708,1.7216710000000002
4546,-0.0003086588000000001,-0.009610500000000022,0.12946708,1.520666
4547,-0.00030775880000000026,-0.009610500000000022,0.12838165299999998,1.520666
4548,-0.0003068588000000004,-0.009610500000000022,0.12838165299999998,1.6010680000000002
4549,-0.00030595880000000054,-0.009610500000000022,0.12946708,1.8422740000000002
4550,-0.0003050588000000007,-0.009610500000000022,0.12946708,2.163882
4551,-0.0003041588000000008,-0.009610500000000022,0.127296226,2.606093
4552,-0.00030325880000000097,0.01049,0.12838165299999998,3.0483040000000003
4553,-0.00030235880000000024,0.030590499999999965,0.12946708,3.450314
4554,-0.0003014588000000004,-0.009610500000000022,0.12946708,3.651319
4555,-0.0003005588000000005,-0.009610500000000022,0.12946708,3.69152
4556,-0.00029965880000000066,0.01049,0.12838165299999998,3.3699120000000002
4557,-0.0002987588000000008,-0.009610500000000022,0.12946708,3.0483040000000003
4558,-0.00029785880000000094,-0.029711000000000043,0.13055250699999998,2.5658920000000003
4559,-0.0002969588000000002,0.01049,0.12946708,2.08348
4560,-0.00029605880000000036,-0.029711000000000043,0.12838165299999998,1.761872
4561,-0.0002951588000000005,-0.029711000000000043,0.13055250699999998,1.4804650000000001
4562,-0.00029425880000000064,-0.009610500000000022,0.12946708,1.520666
4563,-0.0002933588000000008,-0.009610500000000022,0.12946708,1.8020730000000003
4564,-0.0002924588000000009,-0.029711000000000043,0.12838165299999998,2.284485
4565,-0.0002915588000000002,-0.029711000000000043,0.12946708,2.766897
4566,-0.00029065880000000033,0.01049,0.12838165299999998,3.209108
4567,-0.0002897588000000005,-0.009610500000000022,0.12946708,3.530716
4568,-0.0002888588000000006,-0.009610500000000022,0.12946708,3.69152
4569,-0.00028795880000000076,-0.009610500000000022,0.12838165299999998,3.4905150000000003
4570,-0.0002870588000000009,-0.009610500000000022,0.12838165299999998,3.128706
4571,-0.00028615880000000017,-0.009610500000000022,0.127296226,2.726696
4572,-0.0002852588000000003,-0.029711000000000043,0.12838165299999998,2.2040830000000002
4573,-0.00028435880000000045,0.01049,0.12838165299999998,1.761872
4574,-0.0002834588000000006,0.01049,0.12838165299999998,1.5608670000000002
4575,-0.00028255880000000073,0.01049,0.12838165299999998,1.4804650000000001
4576,-0.0002816588000000009,0.01049,0.12838165299999998,1.641269
4577,-0.00028075880000000015,0.01049,0.12838165299999998,1.922676
4578,-0.0002798588000000003,-0.029711000000000043,0.12838165299999998,2.405088
4579,-0.00027895880000000043,-0.029711000000000043,0.12946708,2.8070980000000003
4580,-0.00027805880000000057,-0.009610500000000022,0.12838165299999998,3.2493090000000002
4581,-0.0002771588000000007,0.01049,0.127296226,3.530716
4582,-0.00027625880000000085,-0.009610500000000022,0.12838165299999998,3.69152
4583,-0.0002753588000000001,0.01049,0.12838165299999998,3.6111180000000003
4584,-0.00027445880000000027,-0.009610500000000022,0.12946708,3.450314
4585,-0.0002735588000000004,-0.029711000000000043,0.127296226,3.1689070000000004
4586,-0.00027265880000000055,-0.029711000000000043,0.12838165299999998,2.8070980000000003
4587,-0.0002717588000000007,0.01049,0.12946708,2.4854900000000004
4588,-0.00027085880000000083,-0.029711000000000043,0.13055250699999998,2.08348
4589,-0.00026995880000000097,-0.009610500000000022,0.12946708,1.761872
4590,-0.00026905880000000024,-0.009610500000000022,0.12838165299999998,1.6010680000000002
4591,-0.0002681588000000004,-0.009610500000000022,0.12946708,1.520666
4592,-0.0002672588000000005,0.030590499999999965,0.12946708,1.520666
4593,-0.00026635880000000067,0.01049,0.12838165299999998,1.7216710000000002
4594,-0.0002654588000000008,-0.009610500000000022,0.12946708,2.0030780000000004
4595,-0.00026455880000000095,0.01049,0.12946708,2.3648870000000004
4596,-0.0002636588000000002,0.01049,0.12838165299999998,2.766897
4597,-0.00026275880000000036,-0.009610500000000022,0.12838165299999998,3.088505
4598,-0.0002618588000000005,-0.009610500000000022,0.13055250699999998,3.410113
4599,-0.00026095880000000064,-0.009610500000000022,0.12838165299999998,3.6111180000000003
4600,-0.0002600588000000008,0.01049,0.12838165299999998,3.651319
4601,-0.0002591588000000009,-0.009610500000000022,0.12946708,3.530716
4602,-0.0002582588000000002,-0.009610500000000022,0.12838165299999998,3.329711
4603,-0.00025735880000000034,0.01049,0.12838165299999998,2.8070980000000003
4604,-0.0002564588000000005,0.01049,0.127296226,2.405088
4605,-0.0002555588000000006,-0.009610500000000022,0.127296226,2.0030780000000004
4606,-0.00025465880000000076,-0.009610500000000022,0.12838165299999998,1.6814700000000002
4607,-0.0002537588000000009,-0.029711000000000043,0.12838165299999998,1.520666
4608,-0.0002528588000000002,-0.009610500000000022,0.12838165299999998,1.5608670000000002
4609,-0.0002519588000000003,-0.009610500000000022,0.12838165299999998,1.6814700000000002
4610,-0.00025105880000000046,-0.009610500000000022,0.12838165299999998,2.08348
4611,-0.0002501588000000006,0.01049,0.12838165299999998,2.606093
4612,-0.00024925880000000074,-0.009610500000000022,0.12946708,3.0483040000000003
4613,-0.0002483588000000009,0.01049,0.12838165299999998,3.450314
4614,-0.00024745880000000015,0.030590499999999965,0.127296226,3.69152
4615,-0.0002465588000000003,-0.009610500000000022,0.12946708,3.6111180000000003
4616,-0.00024565880000000043,0.01049,0.12946708,3.28951
4617,-0.0002447588000000006,0.030590499999999965,0.12838165299999998,2.9277010000000003
4618,-0.00024385880000000072,-0.009610500000000022,0.12946708,2.405088
4619,-0.00024295880000000086,0.01049,0.12838165299999998,1.922676
4620,-0.00024205880000000013,-0.009610500000000022,0.12838165299999998,1.5608670000000002
4621,-0.00024115880000000027,0.01049,0.13055250699999998,1.520666
4622,-0.0002402588000000004,0.01049,0.13055250699999998,1.6814700000000002
4623,-0.00023935880000000055,0.01049,0.12838165299999998,2.043279
4624,-0.0002384588000000007,-0.009610500000000022,0.13055250699999998,2.525691
4625,-0.00023755880000000083,0.01049,0.12838165299999998,3.008103
4626,-0.00023665880000000097,0.01049,0.13055250699999998,3.28951
4627,-0.00023575880000000025,-0.009610500000000022,0.12946708,3.651319
4628,-0.0002348588000000004,0.01049,0.12838165299999998,3.651319
4629,-0.00023395880000000053,0.01049,0.12838165299999998,3.3699120000000002
4630,-0.00023305880000000067,0.01049,0.12946708,2.967902
4631,-0.0002321588000000008,0.030590499999999965,0.12838165299999998,2.525691
4632,-0.00023125880000000095,0.01049,0.12838165299999998,2.163882
4633,-0.00023035880000000022,0.01049,0.12838165299999998,1.761872
4634,-0.00022945880000000037,0.030590499999999965,0.13055250699999998,1.4804650000000001
4635,-0.0002285588000000005,0.01049,0.12946708,1.4804650000000001
4636,-0.00022765880000000065,-0.009610500000000022,0.127296226,1.5608670000000002
4637,-0.0002267588000000008,-0.009610500000000022,0.12838165299999998,1.8020730000000003
4638,-0.00022585880000000093,-0.009610500000000022,0.12838165299999998,2.163882
4639,-0.0002249588000000002,0.01049,0.127296226,2.4854900000000004
4640,-0.00022405880000000034,0.030590499999999965,0.127296226,2.9277010000000003
4641,-0.00022315880000000048,0.01049,0.127296226,3.209108
4642,-0.00022225880000000062,-0.009610500000000022,0.127296226,3.450314
4643,-0.00022135880000000076,0.01049,0.12838165299999998,3.6111180000000003
4644,-0.0002204588000000009,-0.009610500000000022,0.127296226,3.6111180000000003
4645,-0.00021955880000000018,-0.009610500000000022,0.127296226,3.570917
4646,-0.00021865880000000032,-0.009610500000000022,0.12838165299999998,3.410113
4647,-0.00021775880000000046,-0.009610500000000022,0.127296226,3.0483040000000003
4648,-0.0002168588000000006,0.01049,0.12946708,2.766897
4649,-0.00021595880000000074,-0.009610500000000022,0.127296226,2.405088
4650,-0.00021505880000000088,-0.009610500000000022,0.12838165299999998,2.043279
4651,-0.00021415880000000016,0.01049,0.12946708,1.761872
4652,-0.0002132588000000003,-0.009610500000000022,0.12946708,1.520666
4653,-0.00021235880000000044,0.01049,0.12838165299999998,1.4402640000000002
4654,-0.00021145880000000058,0.01049,0.13055250699999998,1.6010680000000002
4655,-0.00021055880000000072,-0.009610500000000022,0.127296226,1.761872
4656,-0.00020965880000000086,0.01049,0.12838165299999998,2.08348
4657,-0.00020875880000000013,0.01049,0.12838165299999998,2.4452890000000003
4658,-0.00020785880000000027,0.01049,0.12946708,2.847299
4659,-0.00020695880000000041,0.01049,0.12946708,3.28951
4660,-0.00020605880000000056,-0.009610500000000022,0.127296226,3.570917
4661,-0.0002051588000000007,0.01049,0.12946708,3.651319
4662,-0.00020425880000000084,0.01049,0.12838165299999998,3.530716
4663,-0.00020335880000000098,0.01049,0.12946708,3.2493090000000002
4664,-0.00020245880000000025,0.01049,0.12946708,2.8875
4665,-0.0002015588000000004,0.01049,0.12946708,2.3246860000000003
4666,-0.00020065880000000053,-0.009610500000000022,0.12946708,1.8824750000000001
4667,-0.00019975880000000067,0.01049,0.127296226,1.5608670000000002
4668,-0.00019885880000000081,0.01049,0.12838165299999998,1.4804650000000001
4669,-0.00019795880000000095,-0.009610500000000022,0.12838165299999998,1.6814700000000002
4670,-0.00019705880000000023,0.01049,0.127296226,2.0030780000000004
4671,-0.00019615880000000037,-0.009610500000000022,0.12838165299999998,2.5658920000000003
4672,-0.0001952588000000005,0.01049,0.12838165299999998,3.0483040000000003
4673,-0.00019435880000000065,0.01049,0.12838165299999998,3.410113
4674,-0.0001934588000000008,0.01049,0.127296226,3.6111180000000003
4675,-0.00019255880000000093,0.01049,0.12838165299999998,3.530716
4676,-0.0001916588000000002,0.01049,0.12838165299999998,3.2493090000000002
4677,-0.00019075880000000035,0.01049,0.127296226,2.8070980000000003
4678,-0.0001898588000000005,0.01049,0.12946708,2.3246860000000003
4679,-0.00018895880000000063,-0.009610500000000022,0.12838165299999998,1.8824750000000001
4680,-0.00018805880000000077,-0.009610500000000022,0.12946708,1.5608670000000002
4681,-0.0001871588000000009,0.01049,0.12946708,1.4804650000000001
4682,-0.00018625880000000018,0.01049,0.12946708,1.6010680000000002
4683,-0.00018535880000000032,0.01049,0.12946708,1.8824750000000001
4684,-0.00018445880000000046,0.01049,0.12946708,2.3246860000000003
4685,-0.0001835588000000006,0.01049,0.12946708,2.726696
4686,-0.00018265880000000075,0.01049,0.12946708,3.088505
4687,-0.00018175880000000089,-0.009610500000000022,0.13055250699999998,3.450314
4688,-0.00018085880000000016,0.01049,0.12946708,3.570917
4689,-0.0001799588000000003,0.030590499999999965,0.13055250699999998,3.6111180000000003
4690,-0.00017905880000000044,0.01049,0.12946708,3.530716
4691,-0.00017815880000000058,0.030590499999999965,0.12838165299999998,3.3699120000000002
4692,-0.00017725880000000072,0.01049,0.12946708,3.0483040000000003
4693,-0.00017635880000000086,0.01049,0.12946708,2.766897
4694,-0.00017545880000000014,-0.009610500000000022,0.12946708,2.4452890000000003
4695,-0.00017455880000000028,0.01049,0.12838165299999998,2.043279
4696,-0.00017365880000000042,0.01049,0.12946708,1.8422740000000002
4697,-0.00017275880000000056,0.030590499999999965,0.13055250699999998,1.520666
4698,-0.0001718588000000007,0.01049,0.12838165299999998,1.520666
4699,-0.00017095880000000084,0.01049,0.127296226,1.520666
4700,-0.00017005880000000098,-0.009610500000000022,0.12838165299999998,1.6010680000000002
4701,-0.00016915880000000025,0.01049,0.127296226,1.8020730000000003
4702,-0.0001682588000000004,0.030590499999999965,0.12946708,2.163882
4703,-0.00016735880000000054,0.01049,0.12838165299999998,2.4452890000000003
4704,-0.00016645880000000068,-0.009610500000000022,0.12838165299999998,2.8070980000000003
4705,-0.00016555880000000082,-0.009610500000000022,0.12838165299999998,3.128706
4706,-0.00016465880000000096,0.01049,0.12838165299999998,3.410113
4707,-0.00016375880000000023,-0.009610500000000022,0.12838165299999998,3.570917
4708,-0.00016285880000000037,0.01049,0.12838165299999998,3.6111180000000003
4709,-0.0001619588000000005,0.030590499999999965,0.12838165299999998,3.530716
4710,-0.00016105880000000065,0.030590499999999965,0.12838165299999998,3.28951
4711,-0.0001601588000000008,-0.009610500000000022,0.12838165299999998,2.9277010000000003
4712,-0.00015925880000000094,0.030590499999999965,0.127296226,2.4452890000000003
4713,-0.0001583588000000002,0.01049,0.127296226,2.043279
4714,-0.00015745880000000035,0.01049,0.12946708,1.6814700000000002
4715,-0.0001565588000000005,0.01049,0.127296226,1.520666
4716,-0.00015565880000000063,0.01049,0.12838165299999998,1.4402640000000002
4717,-0.00015475880000000077,0.01049,0.12838165299999998,1.7216710000000002
4718,-0.0001538588000000009,0.01049,0.127296226,2.1236810000000004
4719,-0.00015295880000000019,0.030590499999999965,0.12838165299999998,2.606093
4720,-0.00015205880000000033,0.01049,0.127296226,3.008103
4721,-0.00015115880000000047,0.030590499999999965,0.12946708,3.410113
4722,-0.0001502588000000006,0.030590499999999965,0.12838165299999998,3.570917
4723,-0.00014935880000000075,0.050690999999999986,0.13055250699999998,3.530716
4724,-0.0001484588000000009,0.030590499999999965,0.12946708,3.28951
4725,-0.00014755880000000016,0.030590499999999965,0.12838165299999998,2.8070980000000003
4726,-0.0001466588000000003,0.030590499999999965,0.12838165299999998,2.3648870000000004
4727,-0.00014575880000000044,-0.009610500000000022,0.12838165299999998,1.922676
4728,-0.00014485880000000059,0.01049,0.12946708,1.5608670000000002
4729,-0.00014395880000000073,0.030590499999999965,0.13055250699999998,1.520666
4730,-0.00014305880000000087,0.030590499999999965,0.12838165299999998,1.5608670000000002
4731,-0.00014215880000000014,0.030590499999999965,0.12838165299999998,1.8824750000000001
4732,-0.00014125880000000028,0.030590499999999965,0.127296226,2.284485
4733,-0.00014035880000000042,0.030590499999999965,0.12838165299999998,2.726696
4734,-0.00013945880000000056,0.01049,0.12946708,3.1689070000000004
4735,-0.0001385588000000007,0.050690999999999986,0.12946708,3.410113
4736,-0.00013765880000000084,0.030590499999999965,0.12838165299999998,3.6111180000000003
4737,-0.00013675880000000099,-0.009610500000000022,0.12838165299999998,3.570917
4738,-0.00013585880000000026,-0.009610500000000022,0.12838165299999998,3.410113
4739,-0.0001349588000000004,0.030590499999999965,0.12838165299999998,3.088505
4740,-0.00013405880000000054,0.030590499999999965,0.127296226,2.766897
4741,-0.00013315880000000068,0.050690999999999986,0.12838165299999998,2.284485
4742,-0.00013225880000000082,0.030590499999999965,0.12838165299999998,1.9628770000000002
4743,-0.00013135880000000096,0.01049,0.12838165299999998,1.6814700000000002
4744,-0.00013045880000000024,0.030590499999999965,0.127296226,1.520666
4745,-0.00012955880000000038,0.01049,0.127296226,1.4804650000000001
4746,-0.00012865880000000052,0.030590499999999965,0.12838165299999998,1.641269
4747,-0.00012775880000000066,0.030590499999999965,0.12838165299999998,1.8824750000000001
4748,-0.0001268588000000008,0.030590499999999965,0.127296226,2.1236810000000004
4749,-0.00012595880000000094,0.030590499999999965,0.12838165299999998,2.4452890000000003
4750,-0.0001250588000000002,0.030590499999999965,0.12838165299999998,2.8070980000000003
4751,-0.00012415880000000035,0.01049,0.127296226,3.0483040000000003
4752,-0.0001232588000000005,0.030590499999999965,0.12838165299999998,3.329711
4753,-0.00012235880000000064,0.050690999999999986,0.127296226,3.530716
4754,-0.00012145880000000078,0.01049,0.12838165299999998,3.651319
4755,-0.00012055880000000092,0.01049,0.12838165299999998,3.6111180000000003
4756,-0.00011965880000000019,0.01049,0.12838165299999998,3.450314
4757,-0.00011875880000000033,0.030590499999999965,0.12946708,3.209108
4758,-0.00011785880000000047,0.01049,0.13055250699999998,2.8875
4759,-0.00011695880000000061,0.01049,0.12838165299999998,2.525691
4760,-0.00011605880000000075,0.01049,0.12838165299999998,2.2442840000000004
4761,-0.0001151588000000009,0.01049,0.12838165299999998,1.8824750000000001
4762,-0.00011425880000000017,0.030590499999999965,0.12838165299999998,1.6010680000000002
4763,-0.00011335880000000031,0.030590499999999965,0.12946708,1.4402640000000002
4764,-0.00011245880000000045,0.030590499999999965,0.13055250699999998,1.520666
4765,-0.00011155880000000059,0.050690999999999986,0.12946708,1.6814700000000002
4766,-0.00011065880000000073,0.030590499999999965,0.12946708,1.922676
4767,-0.00010975880000000087,0.030590499999999965,0.12946708,2.3648870000000004
4768,-0.00010885880000000014,0.030590499999999965,0.12946708,2.8070980000000003
4769,-0.00010795880000000029,-0.009610500000000022,0.12838165299999998,3.128706
4770,-0.00010705880000000043,0.01049,0.127296226,3.4905150000000003
4771,-0.00010615880000000057,0.030590499999999965,0.12838165299999998,3.570917
4772,-0.00010525880000000071,0.030590499999999965,0.127296226,3.570917
4773,-0.00010435880000000085,0.01049,0.127296226,3.3699120000000002
4774,-0.00010345880000000099,0.01049,0.12838165299999998,2.967902
4775,-0.00010255880000000026,0.030590499999999965,0.12838165299999998,2.5658920000000003
4776,-0.0001016588000000004,0.030590499999999965,0.127296226,2.08348
4777,-0.00010075880000000054,0.030590499999999965,0.12838165299999998,1.7216710000000002
4778,-9.985880000000068e-05,0.01049,0.12621079899999998,1.4804650000000001
4779,-9.895880000000083e-05,0.030590499999999965,0.12838165299999998,1.520666
4780,-9.805880000000097e-05,0.030590499999999965,0.12838165299999998,1.7216710000000002
4781,-9.715880000000024e-05,0.01049,0.127296226,2.163882
4782,-9.625880000000038e-05,0.030590499999999965,0.127296226,2.606093
4783,-9.535880000000052e-05,0.01049,0.127296226,3.088505
4784,-9.445880000000066e-05,0.01049,0.127296226,3.410113
4785,-9.35588000000008e-05,0.01049,0.127296226,3.6111180000000003
4786,-9.265880000000094e-05,0.030590499999999965,0.127296226,3.6111180000000003
4787,-9.175880000000022e-05,0.030590499999999965,0.12838165299999998,3.28951
4788,-9.085880000000036e-05,0.030590499999999965,0.12946708,2.8875
4789,-8.99588000000005e-05,0.030590499999999965,0.12946708,2.405088
4790,-8.905880000000064e-05,0.030590499999999965,0.12946708,1.9628770000000002
4791,-8.815880000000078e-05,0.050690999999999986,0.12838165299999998,1.6010680000000002
4792,-8.725880000000092e-05,0.030590499999999965,0.127296226,1.4804650000000001
4793,-8.63588000000002e-05,0.030590499999999965,0.127296226,1.5608670000000002
4794,-8.545880000000033e-05,0.030590499999999965,0.12838165299999998,1.761872
4795,-8.455880000000048e-05,0.030590499999999965,0.127296226,2.1236810000000004
4796,-8.365880000000062e-05,0.01049,0.12946708,2.5658920000000003
4797,-8.275880000000076e-05,0.050690999999999986,0.12838165299999998,2.8875
4798,-8.18588000000009e-05,0.01049,0.12946708,3.2493090000000002
4799,-8.095880000000017e-05,0.050690999999999986,0.12946708,3.530716
4800,-8.005880000000031e-05,0.030590499999999965,0.12946708,3.570917
4801,-7.915880000000045e-05,0.030590499999999965,0.12946708,3.570917
4802,-7.825880000000059e-05,0.030590499999999965,0.127296226,3.3699120000000002
4803,-7.735880000000073e-05,0.01049,0.12838165299999998,3.088505
4804,-7.645880000000087e-05,0.01049,0.127296226,2.847299
4805,-7.555880000000015e-05,0.050690999999999986,0.12838165299999998,2.525691
4806,-7.465880000000029e-05,0.030590499999999965,0.127296226,2.163882
4807,-7.375880000000043e-05,0.030590499999999965,0.127296226,1.8422740000000002
4808,-7.285880000000057e-05,0.030590499999999965,0.12838165299999998,1.6814700000000002
4809,-7.195880000000071e-05,0.050690999999999986,0.12838165299999998,1.520666
4810,-7.105880000000085e-05,0.01049,0.12838165299999998,1.4804650000000001
4811,-7.015880000000099e-05,0.030590499999999965,0.127296226,1.5608670000000002
4812,-6.925880000000027e-05,0.030590499999999965,0.12838165299999998,1.6814700000000002
4813,-6.83588000000004e-05,0.030590499999999965,0.127296226,2.0030780000000004
4814,-6.745880000000055e-05,0.050690999999999986,0.12621079899999998,2.3246860000000003
4815,-6.655880000000069e-05,0.050690999999999986,0.12838165299999998,2.606093
4816,-6.565880000000083e-05,0.01049,0.127296226,2.8875
4817,-6.475880000000097e-05,0.030590499999999965,0.12838165299999998,3.209108
4818,-6.385880000000024e-05,0.030590499999999965,0.12838165299999998,3.4905150000000003
4819,-6.295880000000038e-05,0.030590499999999965,0.127296226,3.6111180000000003
4820,-6.205880000000052e-05,0.030590499999999965,0.12946708,3.651319
4821,-6.115880000000067e-05,0.01049,0.127296226,3.530716
4822,-6.0258800000000806e-05,0.050690999999999986,0.12838165299999998,3.3699120000000002
4823,-5.935880000000095e-05,0.030590499999999965,0.127296226,3.008103
4824,-5.845880000000022e-05,0.01049,0.12838165299999998,2.606093
4825,-5.755880000000036e-05,0.030590499999999965,0.12838165299999998,2.2442840000000004
4826,-5.66588000000005e-05,0.050690999999999986,0.12838165299999998,1.8824750000000001
4827,-5.575880000000064e-05,0.050690999999999986,0.12946708,1.5608670000000002
4828,-5.485880000000078e-05,0.050690999999999986,0.12838165299999998,1.520666
4829,-5.3958800000000924e-05,0.030590499999999965,0.12946708,1.5608670000000002
4830,-5.30588000000002e-05,0.030590499999999965,0.12946708,1.8020730000000003
4831,-5.215880000000034e-05,0.030590499999999965,0.12946708,2.2442840000000004
4832,-5.125880000000048e-05,0.01049,0.12838165299999998,2.766897
4833,-5.035880000000062e-05,0.030590499999999965,0.12946708,3.209108
4834,-4.945880000000076e-05,0.030590499999999965,0.13055250699999998,3.530716
4835,-4.85588000000009e-05,0.030590499999999965,0.12946708,3.570917
4836,-4.7658800000000175e-05,0.050690999999999986,0.12946708,3.450314
4837,-4.6758800000000315e-05,0.030590499999999965,0.12946708,3.008103
4838,-4.5858800000000456e-05,0.030590499999999965,0.12838165299999998,2.606093
4839,-4.49588000000006e-05,0.01049,0.127296226,2.1236810000000004
4840,-4.405880000000074e-05,0.030590499999999965,0.12838165299999998,1.641269
4841,-4.315880000000088e-05,0.030590499999999965,0.127296226,1.520666
4842,-4.225880000000015e-05,0.050690999999999986,0.127296226,1.6010680000000002
4843,-4.135880000000029e-05,0.050690999999999986,0.127296226,1.8824750000000001
4844,-4.045880000000043e-05,0.050690999999999986,0.127296226,2.405088
4845,-3.9558800000000574e-05,0.050690999999999986,0.127296226,2.9277010000000003
4846,-3.8658800000000715e-05,0.050690999999999986,0.127296226,3.329711
4847,-3.7758800000000856e-05,0.030590499999999965,0.12838165299999998,3.6111180000000003
4848,-3.6858800000000996e-05,0.030590499999999965,0.127296226,3.6111180000000003
4849,-3.595880000000027e-05,0.050690999999999986,0.12621079899999998,3.450314
4850,-3.505880000000041e-05,0.050690999999999986,0.127296226,3.0483040000000003
4851,-3.415880000000055e-05,0.030590499999999965,0.127296226,2.646294
4852,-3.325880000000069e-05,0.050690999999999986,0.12838165299999998,2.2442840000000004
4853,-3.235880000000083e-05,0.030590499999999965,0.127296226,1.922676
4854,-3.1458800000000973e-05,0.030590499999999965,0.12838165299999998,1.5608670000000002
4855,-3.055880000000025e-05,0.07079149999999995,0.12838165299999998,1.4402640000000002
4856,-2.9658800000000388e-05,0.07079149999999995,0.12838165299999998,1.520666
4857,-2.875880000000053e-05,0.030590499999999965,0.127296226,1.5608670000000002
4858,-2.785880000000067e-05,0.01049,0.12838165299999998,1.761872
4859,-2.695880000000081e-05,0.01049,0.12946708,1.9628770000000002
4860,-2.605880000000095e-05,0.050690999999999986,0.12838165299999998,2.284485
4861,-2.5158800000000224e-05,0.030590499999999965,0.12838165299999998,2.525691
4862,-2.4258800000000365e-05,0.050690999999999986,0.12946708,2.8070980000000003
4863,-2.3358800000000506e-05,0.030590499999999965,0.12946708,3.128706
4864,-2.2458800000000646e-05,0.01049,0.12946708,3.329711
4865,-2.1558800000000787e-05,0.030590499999999965,0.12946708,3.530716
4866,-2.0658800000000928e-05,0.030590499999999965,0.12946708,3.570917
4867,-1.97588000000002e-05,0.07079149999999995,0.12838165299999998,3.570917
4868,-1.8858800000000342e-05,-0.009610500000000022,0.12838165299999998,3.570917
4869,-1.7958800000000483e-05,0.050690999999999986,0.12838165299999998,3.450314
4870,-1.7058800000000623e-05,0.030590499999999965,0.127296226,3.209108
4871,-1.6158800000000764e-05,0.050690999999999986,0.12838165299999998,2.9277010000000003
4872,-1.5258800000000905e-05,0.030590499999999965,0.127296226,2.646294
4873,-1.4358800000000178e-05,0.01049,0.12838165299999998,2.3648870000000004
4874,-1.3458800000000319e-05,0.050690999999999986,0.12838165299999998,2.0030780000000004
4875,-1.255880000000046e-05,0.050690999999999986,0.12838165299999998,1.7216710000000002
4876,-1.16588000000006e-05,0.030590499999999965,0.127296226,1.4804650000000001
4877,-1.0758800000000741e-05,0.030590499999999965,0.127296226,1.4804650000000001
4878,-9.858800000000882e-06,0.030590499999999965,0.12946708,1.5608670000000002
4879,-8.958800000000156e-06,0.030590499999999965,0.127296226,1.761872
4880,-8.058800000000296e-06,0.030590499999999965,0.127296226,2.163882
4881,-7.158800000000437e-06,0.050690999999999986,0.12838165299999998,2.525691
4882,-6.258800000000578e-06,0.050690999999999986,0.12838165299999998,3.0483040000000003
4883,-5.3588000000007185e-06,0.030590499999999965,0.12621079899999998,3.410113
4884,-4.458800000000859e-06,0.030590499999999965,0.127296226,3.570917
4885,-3.5588000000001327e-06,0.050690999999999986,0.12838165299999998,3.570917
4886,-2.6588000000002734e-06,0.050690999999999986,0.127296226,3.2493090000000002
4887,-1.7588000000004142e-06,0.01049,0.127296226,2.766897
4888,-8.58800000000555e-07,0.030590499999999965,0.12838165299999998,2.163882
4889,4.119999999930429e-08,0.050690999999999986,0.127296226,1.8020730000000003
4890,9.411999999991635e-07,0.050690999999999986,0.12838165299999998,1.520666
4891,1.8411999999990228e-06,0.030590499999999965,0.127296226,1.5608670000000002
4892,2.7411999999997494e-06,0.030590499999999965,0.12838165299999998,1.922676
4893,3.6411999999996086e-06,0.030590499999999965,0.127296226,2.4452890000000003
4894,4.541199999999468e-06,0.050690999999999986,0.12838165299999998,3.088505
4895,5.441199999999327e-06,0.01049,0.12838165299999998,3.450314
4896,6.341199999999186e-06,0.01049,0.12838165299999998,3.570917
4897,7.241199999999046e-06,0.030590499999999965,0.12838165299999998,3.530716
4898,8.141199999999772e-06,0.07079149999999995,0.12838165299999998,3.1689070000000004
4899,9.041199999999631e-06,0.07079149999999995,0.12838165299999998,2.6864950000000003
4900,9.94119999999949e-06,0.01049,0.12838165299999998,2.2442840000000004
4901,1.084119999999935e-05,0.050690999999999986,0.12946708,1.761872
4902,1.174119999999921e-05,0.050690999999999986,0.12838165299999998,1.520666
4903,1.2641199999999068e-05,0.050690999999999986,0.12838165299999998,1.4804650000000001
4904,1.3541199999999795e-05,0.050690999999999986,0.12946708,1.520666
4905,1.4441199999999654e-05,0.050690999999999986,0.127296226,1.761872
4906,1.5341199999999514e-05,0.07079149999999995,0.127296226,2.08348
4907,1.6241199999999373e-05,0.030590499999999965,0.12838165299999998,2.405088
4908,1.7141199999999232e-05,0.050690999999999986,0.127296226,2.8070980000000003
4909,1.804119999999909e-05,0.07079149999999995,0.127296226,3.128706
4910,1.8941199999999818e-05,0.07079149999999995,0.12838165299999998,3.450314
4911,1.9841199999999677e-05,0.030590499999999965,0.12838165299999998,3.570917
4912,2.0741199999999536e-05,0.050690999999999986,0.12838165299999998,3.570917
4913,2.1641199999999396e-05,0.07079149999999995,0.127296226,3.530716
4914,2.2541199999999255e-05,0.030590499999999965,0.12838165299999998,3.4905150000000003
4915,2.3441199999999114e-05,0.030590499999999965,0.127296226,3.329711
4916,2.434119999999984e-05,0.030590499999999965,0.12621079899999998,3.088505
4917,2.52411999999997e-05,0.030590499999999965,0.12621079899999998,2.8875
4918,2.614119999999956e-05,0.050690999999999986,0.12621079899999998,2.5658920000000003
4919,2.704119999999942e-05,0.050690999999999986,0.12838165299999998,2.2442840000000004
4920,2.7941199999999278e-05,0.030590499999999965,0.12838165299999998,2.08348
4921,2.8841199999999137e-05,0.07079149999999995,0.12838165299999998,1.8020730000000003
4922,2.9741199999999864e-05,0.030590499999999965,0.127296226,1.641269
4923,3.064119999999972e-05,0.050690999999999986,0.127296226,1.520666
4924,3.154119999999958e-05,0.030590499999999965,0.12838165299999998,1.4804650000000001
4925,3.244119999999944e-05,0.030590499999999965,0.127296226,1.4804650000000001
4926,3.33411999999993e-05,0.030590499999999965,0.12838165299999998,1.6814700000000002
4927,3.424119999999916e-05,0.050690999999999986,0.12838165299999998,1.8422740000000002
4928,3.514119999999902e-05,0.01049,0.127296226,2.08348
4929,3.6041199999999746e-05,0.030590499999999965,0.127296226,2.525691
4930,3.6941199999999605e-05,0.050690999999999986,0.127296226,2.9277010000000003
4931,3.7841199999999464e-05,0.030590499999999965,0.12838165299999998,3.2493090000000002
4932,3.8741199999999323e-05,0.030590499999999965,0.12838165299999998,3.450314
4933,3.964119999999918e-05,0.030590499999999965,0.12946708,3.570917
4934,4.054119999999904e-05,0.050690999999999986,0.12946708,3.4905150000000003
4935,4.144119999999977e-05,0.050690999999999986,0.12838165299999998,3.28951
4936,4.234119999999963e-05,0.030590499999999965,0.12838165299999998,2.726696
4937,4.324119999999949e-05,0.050690999999999986,0.12946708,2.284485
4938,4.4141199999999346e-05,0.050690999999999986,0.12838165299999998,1.8020730000000003
4939,4.5041199999999205e-05,0.07079149999999995,0.12838165299999998,1.5608670000000002
4940,4.5941199999999065e-05,0.050690999999999986,0.12838165299999998,1.4804650000000001
4941,4.684119999999979e-05,0.030590499999999965,0.127296226,1.7216710000000002
4942,4.774119999999965e-05,0.030590499999999965,0.12838165299999998,2.163882
4943,4.864119999999951e-05,0.01049,0.127296226,2.606093
4944,4.954119999999937e-05,0.050690999999999986,0.12946708,3.209108
4945,5.044119999999923e-05,0.050690999999999986,0.12838165299999998,3.450314
4946,5.134119999999909e-05,0.030590499999999965,0.127296226,3.570917
4947,5.2241199999999814e-05,0.050690999999999986,0.127296226,3.410113
4948,5.3141199999999673e-05,0.07079149999999995,0.12621079899999998,3.0483040000000003
4949,5.404119999999953e-05,0.050690999999999986,0.12621079899999998,2.525691
4950,5.494119999999939e-05,0.050690999999999986,0.127296226,2.043279
4951,5.584119999999925e-05,0.050690999999999986,0.127296226,1.641269
4952,5.674119999999911e-05,0.07079149999999995,0.127296226,1.520666
4953,5.764119999999984e-05,0.09089199999999997,0.12621079899999998,1.4804650000000001
4954,5.8541199999999696e-05,0.030590499999999965,0.127296226,1.8020730000000003
4955,5.9441199999999556e-05,0.030590499999999965,0.12621079899999998,2.1236810000000004
4956,6.0341199999999415e-05,0.050690999999999986,0.12838165299999998,2.5658920000000003
4957,6.124119999999927e-05,0.050690999999999986,0.127296226,2.967902
4958,6.214119999999913e-05,0.050690999999999986,0.12838165299999998,3.3699120000000002
4959,6.304119999999986e-05,0.07079149999999995,0.127296226,3.570917
4960,6.394119999999972e-05,0.07079149999999995,0.12621079899999998,3.651319
4961,6.484119999999958e-05,0.07079149999999995,0.12838165299999998,3.530716
4962,6.574119999999944e-05,0.050690999999999986,0.127296226,3.28951
4963,6.66411999999993e-05,0.030590499999999965,0.12621079899999998,2.967902
4964,6.754119999999916e-05,0.07079149999999995,0.12838165299999998,2.6864950000000003
4965,6.844119999999902e-05,0.050690999999999986,0.12838165299999998,2.3648870000000004
4966,6.934119999999974e-05,0.050690999999999986,0.12946708,2.043279
4967,7.02411999999996e-05,0.050690999999999986,0.12946708,1.8020730000000003
4968,7.114119999999946e-05,0.07079149999999995,0.127296226,1.641269
4969,7.204119999999932e-05,0.07079149999999995,0.12838165299999998,1.4804650000000001
4970,7.294119999999918e-05,0.050690999999999986,0.127296226,1.4402640000000002
4971,7.384119999999904e-05,0.07079149999999995,0.12838165299999998,1.520666
4972,7.474119999999976e-05,0.050690999999999986,0.12838165299999998,1.7216710000000002
4973,7.564119999999962e-05,0.050690999999999986,0.12838165299999998,1.922676
4974,7.654119999999948e-05,0.030590499999999965,0.127296226,2.1236810000000004
4975,7.744119999999934e-05,0.050690999999999986,0.127296226,2.405088
4976,7.83411999999992e-05,0.050690999999999986,0.12838165299999998,2.6864950000000003
4977,7.924119999999906e-05,0.050690999999999986,0.12838165299999998,2.9277010000000003
4978,8.014119999999979e-05,0.050690999999999986,0.12838165299999998,3.28951
4979,8.104119999999965e-05,0.050690999999999986,0.127296226,3.450314
4980,8.19411999999995e-05,0.050690999999999986,0.125125372,3.6111180000000003
4981,8.284119999999937e-05,0.050690999999999986,0.12838165299999998,3.6111180000000003
4982,8.374119999999922e-05,0.07079149999999995,0.127296226,3.450314
4983,8.464119999999908e-05,0.050690999999999986,0.127296226,3.2493090000000002
4984,8.554119999999981e-05,0.07079149999999995,0.12621079899999998,2.967902
4985,8.644119999999967e-05,0.050690999999999986,0.127296226,2.606093
4986,8.734119999999953e-05,0.07079149999999995,0.127296226,2.2442840000000004
4987,8.824119999999939e-05,0.07079149999999995,0.127296226,1.8824750000000001
4988,8.914119999999925e-05,0.050690999999999986,0.127296226,1.6010680000000002
4989,9.00411999999991e-05,0.050690999999999986,0.127296226,1.4804650000000001
4990,9.094119999999983e-05,0.050690999999999986,0.127296226,1.5608670000000002
4991,9.184119999999969e-05,0.07079149999999995,0.127296226,1.6814700000000002
4992,9.274119999999955e-05,0.09089199999999997,0.127296226,2.163882
4993,9.364119999999941e-05,0.07079149999999995,0.127296226,2.6864950000000003
4994,9.454119999999927e-05,0.050690999999999986,0.12621079899999998,3.0483040000000003
4995,9.544119999999913e-05,0.07079149999999995,0.12621079899999998,3.450314
4996,9.634119999999986e-05,0.050690999999999986,0.12838165299999998,3.570917
4997,9.724119999999972e-05,0.050690999999999986,0.127296226,3.530716
4998,9.814119999999957e-05,0.07079149999999995,0.12838165299999998,3.28951
4999,9.904119999999943e-05,0.050690999999999986,0.127296226,2.766897
5000,9.994119999999929e-05,0.09089199999999997,0.12838165299999998,2.3246860000000003
5001,0.00010084119999999915,0.050690999999999986,0.127296226,1.8422740000000002
5002,0.00010174119999999901,0.07079149999999995,0.12838165299999998,1.6010680000000002
5003,0.00010264119999999974,0.050690999999999986,0.127296226,1.4402640000000002
5004,0.0001035411999999996,0.09089199999999997,0.12838165299999998,1.641269
5005,0.00010444119999999946,0.050690999999999986,0.12838165299999998,2.043279
5006,0.00010534119999999932,0.09089199999999997,0.12621079899999998,2.4854900000000004
5007,0.00010624119999999918,0.07079149999999995,0.12838165299999998,2.8875
5008,0.00010714119999999903,0.07079149999999995,0.12946708,3.329711
5009,0.00010804119999999976,0.050690999999999986,0.12838165299999998,3.530716
5010,0.00010894119999999962,0.09089199999999997,0.127296226,3.570917
5011,0.00010984119999999948,0.07079149999999995,0.12838165299999998,3.3699120000000002
5012,0.00011074119999999934,0.07079149999999995,0.127296226,3.0483040000000003
5013,0.0001116411999999992,0.07079149999999995,0.127296226,2.525691
5014,0.00011254119999999906,0.050690999999999986,0.12838165299999998,2.1236810000000004
5015,0.00011344119999999978,0.050690999999999986,0.12838165299999998,1.8020730000000003
5016,0.00011434119999999964,0.07079149999999995,0.12621079899999998,1.6010680000000002
5017,0.0001152411999999995,0.050690999999999986,0.127296226,1.4804650000000001
5018,0.00011614119999999936,0.07079149999999995,0.127296226,1.5608670000000002
5019,0.00011704119999999922,0.07079149999999995,0.127296226,1.6814700000000002
5020,0.00011794119999999908,0.050690999999999986,0.12621079899999998,2.043279
5021,0.0001188411999999998,0.07079149999999995,0.12621079899999998,2.3648870000000004
5022,0.00011974119999999967,0.050690999999999986,0.12621079899999998,2.726696
5023,0.00012064119999999953,0.050690999999999986,0.12621079899999998,2.9277010000000003
5024,0.00012154119999999938,0.07079149999999995,0.127296226,3.209108
5025,0.00012244119999999924,0.09089199999999997,0.12621079899999998,3.3699120000000002
5026,0.0001233411999999991,0.07079149999999995,0.127296226,3.570917
5027,0.00012424119999999983,0.050690999999999986,0.12621079899999998,3.570917
5028,0.0001251411999999997,0.07079149999999995,0.127296226,3.530716
5029,0.00012604119999999955,0.050690999999999986,0.12838165299999998,3.450314
5030,0.0001269411999999994,0.07079149999999995,0.127296226,3.209108
5031,0.00012784119999999927,0.050690999999999986,0.127296226,2.9277010000000003
5032,0.00012874119999999913,0.07079149999999995,0.12838165299999998,2.646294
5033,0.00012964119999999985,0.050690999999999986,0.127296226,2.3648870000000004
5034,0.0001305411999999997,0.050690999999999986,0.127296226,2.1236810000000004
5035,0.00013144119999999957,0.07079149999999995,0.12838165299999998,1.8422740000000002
5036,0.00013234119999999943,0.050690999999999986,0.12946708,1.641269
5037,0.0001332411999999993,0.07079149999999995,0.12838165299999998,1.520666
5038,0.00013414119999999915,0.07079149999999995,0.12838165299999998,1.4804650000000001
5039,0.000135041199999999,0.07079149999999995,0.12838165299999998,1.5608670000000002
5040,0.00013594119999999973,0.07079149999999995,0.12838165299999998,1.761872
5041,0.0001368411999999996,0.07079149999999995,0.12946708,2.1236810000000004
5042,0.00013774119999999945,0.07079149999999995,0.12838165299999998,2.4452890000000003
5043,0.0001386411999999993,0.050690999999999986,0.127296226,2.847299
5044,0.00013954119999999917,0.09089199999999997,0.12838165299999998,3.1689070000000004
5045,0.00014044119999999903,0.050690999999999986,0.12838165299999998,3.4905150000000003
5046,0.00014134119999999976,0.050690999999999986,0.12838165299999998,3.570917
5047,0.00014224119999999962,0.07079149999999995,0.12838165299999998,3.4905150000000003
5048,0.00014314119999999948,0.09089199999999997,0.127296226,3.2493090000000002
5049,0.00014404119999999934,0.07079149999999995,0.12621079899999998,2.766897
5050,0.0001449411999999992,0.07079149999999995,0.12946708,2.3648870000000004
5051,0.00014584119999999905,0.07079149999999995,0.127296226,1.8824750000000001
5052,0.00014674119999999978,0.050690999999999986,0.127296226,1.6010680000000002
5053,0.00014764119999999964,0.050690999999999986,0.127296226,1.4804650000000001
5054,0.0001485411999999995,0.050690999999999986,0.127296226,1.641269
5055,0.00014944119999999936,0.07079149999999995,0.12621079899999998,2.043279
5056,0.00015034119999999922,0.09089199999999997,0.12838165299999998,2.5658920000000003
5057,0.00015124119999999908,0.050690999999999986,0.127296226,3.0483040000000003
5058,0.0001521411999999998,0.050690999999999986,0.12621079899999998,3.450314
5059,0.00015304119999999966,0.030590499999999965,0.127296226,3.530716
5060,0.00015394119999999952,0.07079149999999995,0.12621079899999998,3.410113
5061,0.00015484119999999938,0.050690999999999986,0.127296226,3.0483040000000003
5062,0.00015574119999999924,0.07079149999999995,0.12621079899999998,2.525691
5063,0.0001566411999999991,0.07079149999999995,0.127296226,2.043279
5064,0.00015754119999999983,0.07079149999999995,0.12621079899999998,1.6010680000000002
5065,0.00015844119999999969,0.07079149999999995,0.127296226,1.4804650000000001
5066,0.00015934119999999954,0.1109925,0.12838165299999998,1.6010680000000002
5067,0.0001602411999999994,0.07079149999999995,0.127296226,1.8422740000000002
5068,0.00016114119999999926,0.07079149999999995,0.127296226,2.2442840000000004
5069,0.00016204119999999912,0.050690999999999986,0.12838165299999998,2.606093
5070,0.00016294119999999985,0.050690999999999986,0.127296226,3.0483040000000003
5071,0.0001638411999999997,0.07079149999999995,0.127296226,3.410113
5072,0.00016474119999999957,0.07079149999999995,0.127296226,3.6111180000000003
5073,0.00016564119999999943,0.050690999999999986,0.127296226,3.6111180000000003
5074,0.00016654119999999929,0.07079149999999995,0.12838165299999998,3.4905150000000003
5075,0.00016744119999999914,0.07079149999999995,0.127296226,3.2493090000000002
5076,0.000168341199999999,0.07079149999999995,0.127296226,2.967902
5077,0.00016924119999999973,0.07079149999999995,0.12838165299999998,2.646294
5078,0.0001701411999999996,0.050690999999999986,0.12838165299999998,2.284485
5079,0.00017104119999999945,0.07079149999999995,0.12838165299999998,2.043279
5080,0.0001719411999999993,0.07079149999999995,0.127296226,1.761872
5081,0.00017284119999999917,0.07079149999999995,0.12838165299999998,1.6010680000000002
5082,0.00017374119999999903,0.050690999999999986,0.127296226,1.520666
5083,0.00017464119999999975,0.07079149999999995,0.127296226,1.4402640000000002
5084,0.0001755411999999996,0.07079149999999995,0.12621079899999998,1.5608670000000002
5085,0.00017644119999999947,0.09089199999999997,0.127296226,1.6814700000000002
5086,0.00017734119999999933,0.07079149999999995,0.127296226,1.8020730000000003
5087,0.0001782411999999992,0.09089199999999997,0.127296226,2.08348
5088,0.00017914119999999905,0.07079149999999995,0.127296226,2.405088
5089,0.00018004119999999978,0.09089199999999997,0.127296226,2.766897
5090,0.00018094119999999964,0.07079149999999995,0.12621079899999998,3.008103
5091,0.0001818411999999995,0.07079149999999995,0.12621079899999998,3.2493090000000002
5092,0.00018274119999999935,0.07079149999999995,0.12621079899999998,3.450314
5093,0.0001836411999999992,0.07079149999999995,0.12621079899999998,3.6111180000000003
5094,0.00018454119999999907,0.09089199999999997,0.12621079899999998,3.6111180000000003
5095,0.0001854411999999998,0.09089199999999997,0.125125372,3.410113
5096,0.00018634119999999966,0.09089199999999997,0.127296226,3.008103
5097,0.00018724119999999952,0.07079149999999995,0.127296226,2.726696
5098,0.00018814119999999938,0.07079149999999995,0.12621079899999998,2.2040830000000002
5099,0.00018904119999999924,0.09089199999999997,0.127296226,1.8422740000000002
5100,0.0001899411999999991,0.07079149999999995,0.127296226,1.6010680000000002
5101,0.00019084119999999982,0.09089199999999997,0.12621079899999998,1.4402640000000002
5102,0.00019174119999999968,0.1109925,0.127296226,1.6814700000000002
5103,0.00019264119999999954,0.09089199999999997,0.127296226,2.043279
5104,0.0001935411999999994,0.09089199999999997,0.127296226,2.606093
5105,0.00019444119999999926,0.09089199999999997,0.12838165299999998,3.128706
5106,0.00019534119999999912,0.09089199999999997,0.12838165299999998,3.450314
5107,0.00019624119999999984,0.09089199999999997,0.127296226,3.530716
5108,0.0001971411999999997,0.07079149999999995,0.12838165299999998,3.329711
5109,0.00019804119999999956,0.09089199999999997,0.127296226,2.9277010000000003
5110,0.00019894119999999942,0.050690999999999986,0.127296226,2.3648870000000004
5111,0.00019984119999999928,0.050690999999999986,0.12838165299999998,1.8824750000000001
5112,0.00020074119999999914,0.09089199999999997,0.12838165299999998,1.520666
5113,0.000201641199999999,0.09089199999999997,0.127296226,1.520666
5114,0.00020254119999999973,0.07079149999999995,0.127296226,1.761872
5115,0.00020344119999999959,0.09089199999999997,0.127296226,2.2442840000000004
5116,0.00020434119999999945,0.07079149999999995,0.12621079899999998,2.6864950000000003
5117,0.0002052411999999993,0.09089199999999997,0.12621079899999998,3.1689070000000004
5118,0.00020614119999999916,0.09089199999999997,0.127296226,3.4905150000000003
5119,0.00020704119999999902,0.050690999999999986,0.12838165299999998,3.570917
5120,0.00020794119999999975,0.09089199999999997,0.127296226,3.530716
5121,0.0002088411999999996,0.050690999999999986,0.12621079899999998,3.2493090000000002
5122,0.00020974119999999947,0.07079149999999995,0.12621079899999998,2.847299
5123,0.00021064119999999933,0.09089199999999997,0.127296226,2.3246860000000003
5124,0.0002115411999999992,0.09089199999999997,0.12621079899999998,1.922676
5125,0.00021244119999999905,0.050690999999999986,0.127296226,1.7216710000000002
5126,0.00021334119999999977,0.07079149999999995,0.127296226,1.520666
5127,0.00021424119999999963,0.07079149999999995,0.127296226,1.4402640000000002
5128,0.0002151411999999995,0.07079149999999995,0.127296226,1.520666
5129,0.00021604119999999935,0.09089199999999997,0.12838165299999998,1.641269
5130,0.0002169411999999992,0.1109925,0.127296226,1.922676
5131,0.00021784119999999907,0.09089199999999997,0.127296226,2.163882
5132,0.0002187411999999998,0.09089199999999997,0.12621079899999998,2.5658920000000003
5133,0.00021964119999999965,0.07079149999999995,0.12621079899999998,2.847299
5134,0.00022054119999999951,0.07079149999999995,0.12621079899999998,3.088505
5135,0.00022144119999999937,0.09089199999999997,0.12621079899999998,3.329711
5136,0.00022234119999999923,0.07079149999999995,0.12621079899999998,3.530716
5137,0.0002232411999999991,0.09089199999999997,0.127296226,3.530716
5138,0.00022414119999999982,0.07079149999999995,0.127296226,3.570917
5139,0.00022504119999999968,0.09089199999999997,0.127296226,3.3699120000000002
5140,0.00022594119999999954,0.09089199999999997,0.12621079899999998,3.1689070000000004
5141,0.0002268411999999994,0.09089199999999997,0.12621079899999998,2.9277010000000003
5142,0.00022774119999999926,0.09089199999999997,0.127296226,2.606093
5143,0.00022864119999999911,0.050690999999999986,0.12621079899999998,2.163882
5144,0.00022954119999999984,0.1109925,0.127296226,1.8422740000000002
5145,0.0002304411999999997,0.07079149999999995,0.12621079899999998,1.6010680000000002
5146,0.00023134119999999956,0.07079149999999995,0.127296226,1.4804650000000001
5147,0.00023224119999999942,0.09089199999999997,0.12621079899999998,1.5608670000000002
5148,0.00023314119999999928,0.09089199999999997,0.127296226,1.7216710000000002
5149,0.00023404119999999914,0.09089199999999997,0.127296226,2.1236810000000004
5150,0.000234941199999999,0.09089199999999997,0.12621079899999998,2.525691
5151,0.00023584119999999972,0.050690999999999986,0.12621079899999998,3.008103
5152,0.00023674119999999958,0.07079149999999995,0.12621079899999998,3.3699120000000002
5153,0.00023764119999999944,0.07079149999999995,0.12621079899999998,3.530716
5154,0.0002385411999999993,0.09089199999999997,0.125125372,3.450314
5155,0.00023944119999999916,0.09089199999999997,0.12621079899999998,3.209108
5156,0.00024034119999999902,0.09089199999999997,0.125125372,2.726696
5157,0.00024124119999999975,0.09089199999999997,0.12621079899999998,2.2040830000000002
5158,0.0002421411999999996,0.07079149999999995,0.127296226,1.761872
5159,0.00024304119999999946,0.13109299999999996,0.12621079899999998,1.520666
5160,0.00024394119999999932,0.07079149999999995,0.125125372,1.520666
5161,0.0002448411999999992,0.09089199999999997,0.125125372,1.8020730000000003
5162,0.00024574119999999904,0.09089199999999997,0.127296226,2.284485
5163,0.00024664119999999977,0.07079149999999995,0.127296226,2.766897
5164,0.00024754119999999963,0.050690999999999986,0.12838165299999998,3.209108
5165,0.0002484411999999995,0.07079149999999995,0.127296226,3.4905150000000003
5166,0.00024934119999999935,0.07079149999999995,0.127296226,3.570917
5167,0.0002502411999999992,0.07079149999999995,0.127296226,3.450314
5168,0.00025114119999999907,0.09089199999999997,0.127296226,3.088505
5169,0.0002520411999999998,0.09089199999999997,0.127296226,2.646294
5170,0.00025294119999999965,0.07079149999999995,0.127296226,2.2040830000000002
5171,0.0002538411999999995,0.09089199999999997,0.127296226,1.761872
5172,0.00025474119999999937,0.09089199999999997,0.127296226,1.5608670000000002
5173,0.00025564119999999923,0.09089199999999997,0.12838165299999998,1.520666
5174,0.0002565411999999991,0.09089199999999997,0.127296226,1.520666
5175,0.0002574411999999998,0.09089199999999997,0.12621079899999998,1.8422740000000002
5176,0.0002583411999999997,0.07079149999999995,0.127296226,2.163882
5177,0.00025924119999999953,0.07079149999999995,0.12621079899999998,2.525691
5178,0.0002601411999999994,0.07079149999999995,0.12621079899999998,2.8875
5179,0.00026104119999999925,0.07079149999999995,0.127296226,3.209108
5180,0.0002619411999999991,0.09089199999999997,0.12621079899999998,3.410113
5181,0.00026284119999999984,0.07079149999999995,0.12838165299999998,3.570917
5182,0.0002637411999999997,0.07079149999999995,0.12621079899999998,3.530716
5183,0.00026464119999999956,0.09089199999999997,0.12838165299999998,3.3699120000000002
5184,0.0002655411999999994,0.07079149999999995,0.127296226,3.209108
5185,0.0002664411999999993,0.07079149999999995,0.12621079899999998,2.9277010000000003
5186,0.00026734119999999913,0.09089199999999997,0.12621079899999998,2.5658920000000003
5187,0.000268241199999999,0.09089199999999997,0.127296226,2.284485
5188,0.0002691411999999997,0.1109925,0.127296226,2.0030780000000004
5189,0.0002700411999999996,0.07079149999999995,0.125125372,1.641269
5190,0.00027094119999999944,0.07079149999999995,0.125125372,1.520666
5191,0.0002718411999999993,0.09089199999999997,0.125125372,1.4402640000000002
5192,0.00027274119999999916,0.1109925,0.12621079899999998,1.520666
5193,0.000273641199999999,0.09089199999999997,0.12621079899999998,1.6814700000000002
5194,0.00027454119999999974,0.07079149999999995,0.127296226,1.9628770000000002
5195,0.0002754411999999996,0.07079149999999995,0.12621079899999998,2.3246860000000003
5196,0.00027634119999999946,0.07079149999999995,0.127296226,2.726696
5197,0.0002772411999999993,0.07079149999999995,0.12621079899999998,3.088505
5198,0.0002781411999999992,0.07079149999999995,0.127296226,3.3699120000000002
5199,0.00027904119999999904,0.09089199999999997,0.12621079899999998,3.530716
5200,0.00027994119999999977,0.09089199999999997,0.127296226,3.4905150000000003
5201,0.0002808411999999996,0.07079149999999995,0.12621079899999998,3.329711
5202,0.0002817411999999995,0.09089199999999997,0.127296226,2.9277010000000003
5203,0.00028264119999999934,0.07079149999999995,0.12838165299999998,2.525691
5204,0.0002835411999999992,0.1109925,0.127296226,2.043279
5205,0.00028444119999999906,0.07079149999999995,0.127296226,1.6814700000000002
5206,0.0002853411999999998,0.13109299999999996,0.127296226,1.520666
5207,0.00028624119999999965,0.09089199999999997,0.12838165299999998,1.4402640000000002
5208,0.0002871411999999995,0.07079149999999995,0.125125372,1.6814700000000002
5209,0.00028804119999999937,0.09089199999999997,0.12621079899999998,2.043279
5210,0.0002889411999999992,0.07079149999999995,0.12621079899999998,2.525691
5211,0.0002898411999999991,0.09089199999999997,0.12621079899999998,3.0483040000000003
5212,0.0002907411999999998,0.07079149999999995,0.127296226,3.3699120000000002
5213,0.00029164119999999967,0.09089199999999997,0.127296226,3.530716
5214,0.00029254119999999953,0.09089199999999997,0.12621079899999998,3.4905150000000003
5215,0.0002934411999999994,0.1109925,0.12621079899999998,3.1689070000000004
5216,0.00029434119999999925,0.07079149999999995,0.12621079899999998,2.847299
5217,0.0002952411999999991,0.13109299999999996,0.12621079899999998,2.405088
5218,0.00029614119999999983,0.07079149999999995,0.12621079899999998,1.922676
5219,0.0002970411999999997,0.07079149999999995,0.12621079899999998,1.5608670000000002
5220,0.00029794119999999955,0.09089199999999997,0.12621079899999998,1.520666
5221,0.0002988411999999994,0.09089199999999997,0.125125372,1.5608670000000002
5222,0.00029974119999999927,0.09089199999999997,0.12621079899999998,1.8422740000000002
5223,0.00030064119999999913,0.1109925,0.12621079899999998,2.3246860000000003
5224,0.000301541199999999,0.09089199999999997,0.127296226,2.726696
5225,0.0003024411999999997,0.07079149999999995,0.12621079899999998,3.088505
5226,0.0003033411999999996,0.09089199999999997,0.12621079899999998,3.410113
5227,0.00030424119999999943,0.1109925,0.12621079899999998,3.530716
5228,0.0003051411999999993,0.09089199999999997,0.12621079899999998,3.530716
5229,0.00030604119999999915,0.07079149999999995,0.12621079899999998,3.3699120000000002
5230,0.000306941199999999,0.1109925,0.127296226,3.088505
5231,0.00030784119999999974,0.09089199999999997,0.127296226,2.726696
5232,0.0003087411999999996,0.09089199999999997,0.127296226,2.405088
5233,0.00030964119999999946,0.09089199999999997,0.12621079899999998,2.0030780000000004
5234,0.0003105411999999993,0.1109925,0.12838165299999998,1.8020730000000003
5235,0.0003114411999999992,0.07079149999999995,0.12621079899999998,1.5608670000000002
5236,0.00031234119999999903,0.09089199999999997,0.127296226,1.520666
5237,0.00031324119999999976,0.09089199999999997,0.12621079899999998,1.520666
5238,0.0003141411999999996,0.09089199999999997,0.12621079899999998,1.641269
5239,0.0003150411999999995,0.09089199999999997,0.12621079899999998,1.8422740000000002
5240,0.00031594119999999934,0.1109925,0.12621079899999998,2.163882
5241,0.0003168411999999992,0.1109925,0.127296226,2.525691
5242,0.00031774119999999906,0.1109925,0.12838165299999998,2.847299
5243,0.0003186411999999998,0.09089199999999997,0.12621079899999998,3.1689070000000004
5244,0.00031954119999999964,0.1109925,0.127296226,3.3699120000000002
5245,0.0003204411999999995,0.09089199999999997,0.127296226,3.4905150000000003
5246,0.00032134119999999936,0.09089199999999997,0.12621079899999998,3.530716
5247,0.0003222411999999992,0.09089199999999997,0.12621079899999998,3.3699120000000002
5248,0.0003231411999999991,0.09089199999999997,0.12621079899999998,3.1689070000000004
5249,0.0003240411999999998,0.1109925,0.12621079899999998,2.8875
5250,0.00032494119999999967,0.1109925,0.12621079899999998,2.525691
5251,0.0003258411999999995,0.1109925,0.12621079899999998,2.163882
5252,0.0003267411999999994,0.09089199999999997,0.12621079899999998,1.7216710000000002
5253,0.00032764119999999924,0.1109925,0.127296226,1.520666
5254,0.0003285411999999991,0.09089199999999997,0.125125372,1.4804650000000001
5255,0.00032944119999999983,0.09089199999999997,0.125125372,1.5608670000000002
5256,0.0003303411999999997,0.09089199999999997,0.12621079899999998,1.8422740000000002
5257,0.00033124119999999955,0.1109925,0.125125372,2.163882
5258,0.0003321411999999994,0.09089199999999997,0.125125372,2.606093
5259,0.00033304119999999927,0.09089199999999997,0.12621079899999998,3.0483040000000003
5260,0.0003339411999999991,0.09089199999999997,0.125125372,3.3699120000000002
5261,0.000334841199999999,0.07079149999999995,0.125125372,3.570917
5262,0.0003357411999999997,0.09089199999999997,0.12621079899999998,3.4905150000000003
5263,0.00033664119999999957,0.1109925,0.125125372,3.128706
5264,0.00033754119999999943,0.09089199999999997,0.12621079899999998,2.766897
5265,0.0003384411999999993,0.1109925,0.127296226,2.2442840000000004
5266,0.00033934119999999915,0.09089199999999997,0.12621079899999998,1.8020730000000003
5267,0.000340241199999999,0.1109925,0.127296226,1.5608670000000002
5268,0.00034114119999999973,0.09089199999999997,0.127296226,1.520666
5269,0.0003420411999999996,0.1109925,0.12621079899999998,1.641269
5270,0.00034294119999999945,0.13109299999999996,0.12621079899999998,2.0030780000000004
5271,0.0003438411999999993,0.13109299999999996,0.127296226,2.525691
5272,0.00034474119999999917,0.09089199999999997,0.12621079899999998,2.967902
5273,0.00034564119999999903,0.1109925,0.12621079899999998,3.3699120000000002
5274,0.00034654119999999976,0.09089199999999997,0.127296226,3.4905150000000003
5275,0.0003474411999999996,0.1109925,0.12621079899999998,3.530716
5276,0.0003483411999999995,0.09089199999999997,0.12621079899999998,3.2493090000000002
5277,0.00034924119999999934,0.09089199999999997,0.127296226,2.9277010000000003
5278,0.0003501411999999992,0.1109925,0.127296226,2.5658920000000003
5279,0.00035104119999999905,0.1109925,0.12621079899999998,2.1236810000000004
5280,0.0003519411999999998,0.1109925,0.12621079899999998,1.8020730000000003
5281,0.00035284119999999964,0.1109925,0.12621079899999998,1.6010680000000002
5282,0.0003537411999999995,0.09089199999999997,0.124039945,1.4804650000000001
5283,0.00035464119999999936,0.13109299999999996,0.12621079899999998,1.520666
5284,0.0003555411999999992,0.13109299999999996,0.12621079899999998,1.7216710000000002
5285,0.0003564411999999991,0.09089199999999997,0.127296226,1.9628770000000002
5286,0.0003573411999999998,0.09089199999999997,0.12621079899999998,2.2442840000000004
5287,0.00035824119999999966,0.13109299999999996,0.12621079899999998,2.606093
5288,0.0003591411999999995,0.1109925,0.125125372,2.967902
5289,0.0003600411999999994,0.09089199999999997,0.12621079899999998,3.2493090000000002
5290,0.00036094119999999924,0.1109925,0.12621079899999998,3.410113
5291,0.0003618411999999991,0.09089199999999997,0.125125372,3.570917
5292,0.0003627411999999998,0.13109299999999996,0.127296226,3.4905150000000003
5293,0.0003636411999999997,0.09089199999999997,0.125125372,3.410113
5294,0.00036454119999999954,0.09089199999999997,0.12621079899999998,3.1689070000000004
5295,0.0003654411999999994,0.09089199999999997,0.12621079899999998,2.847299
5296,0.00036634119999999926,0.1109925,0.125125372,2.5658920000000003
5297,0.0003672411999999991,0.07079149999999995,0.125125372,2.2442840000000004
5298,0.00036814119999999985,0.1109925,0.125125372,1.8422740000000002
5299,0.0003690411999999997,0.13109299999999996,0.12621079899999998,1.6010680000000002
5300,0.00036994119999999957,0.09089199999999997,0.12621079899999998,1.4402640000000002
5301,0.0003708411999999994,0.09089199999999997,0.127296226,1.520666
5302,0.0003717411999999993,0.1109925,0.125125372,1.641269
5303,0.00037264119999999915,0.09089199999999997,0.12621079899999998,1.922676
5304,0.000373541199999999,0.07079149999999995,0.12621079899999998,2.3246860000000003
5305,0.00037444119999999973,0.1109925,0.125125372,2.6864950000000003
5306,0.0003753411999999996,0.1109925,0.12621079899999998,3.088505
5307,0.00037624119999999945,0.1109925,0.12621079899999998,3.410113
5308,0.0003771411999999993,0.09089199999999997,0.127296226,3.530716
5309,0.00037804119999999917,0.1109925,0.127296226,3.410113
5310,0.00037894119999999903,0.09089199999999997,0.125125372,3.209108
5311,0.00037984119999999975,0.09089199999999997,0.127296226,2.766897
5312,0.0003807411999999996,0.13109299999999996,0.12621079899999998,2.2040830000000002
5313,0.00038164119999999947,0.1109925,0.12621079899999998,1.8422740000000002
5314,0.00038254119999999933,0.09089199999999997,0.12621079899999998,1.520666
5315,0.0003834411999999992,0.09089199999999997,0.12621079899999998,1.520666
5316,0.00038434119999999905,0.1109925,0.127296226,1.6814700000000002
5317,0.0003852411999999998,0.1109925,0.124039945,2.08348
5318,0.00038614119999999964,0.1109925,0.125125372,2.606093
5319,0.0003870411999999995,0.1109925,0.125125372,3.0483040000000003
5320,0.00038794119999999935,0.15119349999999998,0.125125372,3.4905150000000003
5321,0.0003888411999999992,0.1109925,0.12621079899999998,3.570917
5322,0.0003897411999999991,0.1109925,0.125125372,3.410113
5323,0.0003906411999999998,0.1109925,0.12621079899999998,3.0483040000000003
5324,0.00039154119999999966,0.13109299999999996,0.12621079899999998,2.606093
5325,0.0003924411999999995,0.1109925,0.125125372,2.2040830000000002
5326,0.0003933411999999994,0.13109299999999996,0.12621079899999998,1.7216710000000002
5327,0.00039424119999999924,0.1109925,0.125125372,1.6010680000000002
5328,0.0003951411999999991,0.1109925,0.12621079899999998,1.4402640000000002
5329,0.0003960411999999998,0.1109925,0.125125372,1.6010680000000002
5330,0.0003969411999999997,0.1109925,0.12621079899999998,1.8422740000000002
5331,0.00039784119999999954,0.1109925,0.127296226,2.2442840000000004
5332,0.0003987411999999994,0.1109925,0.127296226,2.646294
5333,0.00039964119999999926,0.1109925,0.12621079899999998,3.0483040000000003
5334,0.0004005411999999991,0.09089199999999997,0.12621079899999998,3.28951
5335,0.00040144119999999985,0.13109299999999996,0.12621079899999998,3.4905150000000003
5336,0.0004023411999999997,0.15119349999999998,0.12621079899999998,3.530716
5337,0.00040324119999999956,0.09089199999999997,0.127296226,3.3699120000000002
5338,0.0004041411999999994,0.1109925,0.127296226,3.2493090000000002
5339,0.0004050411999999993,0.09089199999999997,0.12621079899999998,2.9277010000000003
5340,0.00040594119999999914,0.13109299999999996,0.12621079899999998,2.606093
5341,0.000406841199999999,0.09089199999999997,0.127296226,2.2040830000000002
5342,0.00040774119999999973,0.07079149999999995,0.12621079899999998,1.922676
5343,0.0004086411999999996,0.1109925,0.127296226,1.6814700000000002
5344,0.00040954119999999945,0.1109925,0.12621079899999998,1.5608670000000002
5345,0.0004104411999999993,0.1109925,0.127296226,1.520666
5346,0.00041134119999999916,0.09089199999999997,0.127296226,1.520666
5347,0.000412241199999999,0.1109925,0.125125372,1.8020730000000003
5348,0.00041314119999999975,0.1109925,0.124039945,2.043279
5349,0.0004140411999999996,0.09089199999999997,0.12621079899999998,2.4452890000000003
5350,0.00041494119999999947,0.09089199999999997,0.125125372,2.8070980000000003
5351,0.00041584119999999933,0.1109925,0.12621079899999998,3.1689070000000004
5352,0.0004167411999999992,0.09089199999999997,0.12621079899999998,3.3699120000000002
5353,0.00041764119999999905,0.13109299999999996,0.12621079899999998,3.4905150000000003
5354,0.0004185411999999998,0.1109925,0.12621079899999998,3.450314
5355,0.00041944119999999963,0.1109925,0.124039945,3.209108
5356,0.0004203411999999995,0.1109925,0.12621079899999998,2.8875
5357,0.00042124119999999935,0.1109925,0.12621079899999998,2.4452890000000003
5358,0.0004221411999999992,0.13109299999999996,0.125125372,2.043279
5359,0.00042304119999999907,0.13109299999999996,0.12621079899999998,1.6010680000000002
5360,0.0004239411999999998,0.09089199999999997,0.125125372,1.4804650000000001
5361,0.00042484119999999966,0.13109299999999996,0.125125372,1.520666
5362,0.0004257411999999995,0.09089199999999997,0.12621079899999998,1.8020730000000003
5363,0.0004266411999999994,0.13109299999999996,0.12621079899999998,2.2040830000000002
5364,0.00042754119999999923,0.1109925,0.125125372,2.766897
5365,0.0004284411999999991,0.1109925,0.125125372,3.128706
5366,0.0004293411999999998,0.13109299999999996,0.12621079899999998,3.450314
5367,0.0004302411999999997,0.1109925,0.124039945,3.4905150000000003
5368,0.00043114119999999954,0.09089199999999997,0.127296226,3.3699120000000002
5369,0.0004320411999999994,0.13109299999999996,0.125125372,2.967902
5370,0.00043294119999999926,0.1109925,0.127296226,2.4854900000000004
5371,0.0004338411999999991,0.13109299999999996,0.12621079899999998,2.0030780000000004
5372,0.00043474119999999984,0.1109925,0.12621079899999998,1.641269
5373,0.0004356411999999997,0.1109925,0.125125372,1.520666
5374,0.00043654119999999956,0.13109299999999996,0.12621079899999998,1.520666
5375,0.0004374411999999994,0.17129399999999997,0.12621079899999998,1.761872
5376,0.0004383411999999993,0.13109299999999996,0.127296226,2.163882
5377,0.00043924119999999914,0.13109299999999996,0.127296226,2.525691
5378,0.000440141199999999,0.1109925,0.12621079899999998,3.0483040000000003
5379,0.0004410411999999997,0.13109299999999996,0.125125372,3.3699120000000002
5380,0.0004419411999999996,0.1109925,0.125125372,3.530716
5381,0.00044284119999999944,0.1109925,0.12621079899999998,3.410113
5382,0.0004437411999999993,0.1109925,0.12621079899999998,3.1689070000000004
5383,0.00044464119999999916,0.13109299999999996,0.12621079899999998,2.8070980000000003
5384,0.000445541199999999,0.13109299999999996,0.124039945,2.405088
5385,0.00044644119999999975,0.13109299999999996,0.125125372,1.9628770000000002
5386,0.0004473411999999996,0.13109299999999996,0.125125372,1.641269
5387,0.00044824119999999947,0.1109925,0.124039945,1.4804650000000001
5388,0.0004491411999999993,0.13109299999999996,0.12621079899999998,1.520666
5389,0.0004500411999999992,0.1109925,0.12621079899999998,1.6814700000000002
5390,0.00045094119999999904,0.1109925,0.12621079899999998,2.0030780000000004
5391,0.00045184119999999977,0.1109925,0.125125372,2.3246860000000003
5392,0.00045274119999999963,0.1109925,0.125125372,2.8070980000000003
5393,0.0004536411999999995,0.13109299999999996,0.12621079899999998,3.128706
5394,0.00045454119999999935,0.13109299999999996,0.125125372,3.3699120000000002
5395,0.0004554411999999992,0.1109925,0.125125372,3.4905150000000003
5396,0.00045634119999999907,0.13109299999999996,0.125125372,3.4905150000000003
5397,0.0004572411999999998,0.1109925,0.12621079899999998,3.2493090000000002
5398,0.00045814119999999965,0.1109925,0.12621079899999998,2.9277010000000003
5399,0.0004590411999999995,0.13109299999999996,0.124039945,2.5658920000000003
5400,0.00045994119999999937,0.1109925,0.12621079899999998,2.2442840000000004
5401,0.00046084119999999923,0.1109925,0.12621079899999998,1.9628770000000002
5402,0.0004617411999999991,0.09089199999999997,0.12621079899999998,1.6010680000000002
5403,0.0004626411999999998,0.13109299999999996,0.12621079899999998,1.520666
5404,0.0004635411999999997,0.13109299999999996,0.125125372,1.4804650000000001
5405,0.00046444119999999953,0.1109925,0.127296226,1.6010680000000002
5406,0.0004653411999999994,0.1109925,0.12621079899999998,1.922676
5407,0.00046624119999999925,0.13109299999999996,0.12621079899999998,2.2442840000000004
5408,0.0004671411999999991,0.1109925,0.125125372,2.646294
5409,0.00046804119999999984,0.13109299999999996,0.12621079899999998,3.008103
5410,0.0004689411999999997,0.1109925,0.12621079899999998,3.329711
5411,0.00046984119999999956,0.09089199999999997,0.125125372,3.4905150000000003
5412,0.0004707411999999994,0.13109299999999996,0.12621079899999998,3.4905150000000003
5413,0.0004716411999999993,0.1109925,0.12621079899999998,3.28951
5414,0.00047254119999999913,0.13109299999999996,0.125125372,3.0483040000000003
5415,0.000473441199999999,0.13109299999999996,0.125125372,2.646294
5416,0.0004743411999999997,0.1109925,0.125125372,2.163882
5417,0.0004752411999999996,0.13109299999999996,0.125125372,1.8020730000000003
5418,0.00047614119999999944,0.13109299999999996,0.125125372,1.5608670000000002
5419,0.0004770411999999993,0.1109925,0.125125372,1.4402640000000002
5420,0.00047794119999999916,0.1109925,0.125125372,1.641269
5421,0.000478841199999999,0.1109925,0.12621079899999998,1.922676
5422,0.00047974119999999974,0.1109925,0.124039945,2.405088
5423,0.0004806411999999996,0.15119349999999998,0.125125372,2.847299
5424,0.00048154119999999946,0.13109299999999996,0.125125372,3.28951
5425,0.0004824411999999993,0.13109299999999996,0.125125372,3.450314
5426,0.0004833411999999992,0.15119349999999998,0.125125372,3.450314
5427,0.00048424119999999904,0.13109299999999996,0.12621079899999998,3.128706
5428,0.00048514119999999977,0.13109299999999996,0.12621079899999998,2.766897
5429,0.0004860411999999996,0.13109299999999996,0.124039945,2.2040830000000002
5430,0.0004869411999999995,0.13109299999999996,0.125125372,1.8020730000000003
5431,0.00048784119999999934,0.13109299999999996,0.125125372,1.520666
5432,0.0004887411999999992,0.13109299999999996,0.12621079899999998,1.520666
5433,0.0004896411999999991,0.13109299999999996,0.12621079899999998,1.8020730000000003
5434,0.0004905411999999998,0.1109925,0.12621079899999998,2.2040830000000002
5435,0.0004914411999999996,0.13109299999999996,0.12621079899999998,2.726696
5436,0.0004923411999999995,0.1109925,0.12621079899999998,3.1689070000000004
5437,0.0004932411999999994,0.13109299999999996,0.127296226,3.410113
5438,0.0004941411999999992,0.1109925,0.12621079899999998,3.4905150000000003
5439,0.0004950411999999991,0.13109299999999996,0.12621079899999998,3.3699120000000002
5440,0.0004959411999999998,0.13109299999999996,0.12621079899999998,3.0483040000000003
5441,0.0004968411999999997,0.13109299999999996,0.12621079899999998,2.646294
5442,0.0004977411999999995,0.15119349999999998,0.125125372,2.284485
5443,0.0004986411999999994,0.15119349999999998,0.125125372,1.8824750000000001
5444,0.0004995411999999992,0.13109299999999996,0.125125372,1.641269
5445,0.0005004411999999991,0.13109299999999996,0.124039945,1.4402640000000002
5446,0.0005013411999999998,0.15119349999999998,0.125125372,1.520666
5447,0.0005022411999999997,0.13109299999999996,0.12621079899999998,1.6010680000000002
5448,0.0005031411999999996,0.13109299999999996,0.124039945,1.922676
5449,0.0005040411999999994,0.13109299999999996,0.125125372,2.284485
5450,0.0005049411999999993,0.13109299999999996,0.125125372,2.5658920000000003
5451,0.0005058411999999991,0.13109299999999996,0.124039945,2.967902
5452,0.000506741199999999,0.1109925,0.125125372,3.209108
5453,0.0005076411999999997,0.13109299999999996,0.12621079899999998,3.410113
5454,0.0005085411999999996,0.1109925,0.125125372,3.450314
5455,0.0005094411999999994,0.13109299999999996,0.125125372,3.4905150000000003
5456,0.0005103411999999993,0.13109299999999996,0.125125372,3.329711
5457,0.0005112411999999992,0.1109925,0.125125372,3.088505
5458,0.000512141199999999,0.13109299999999996,0.125125372,2.847299
5459,0.0005130411999999997,0.13109299999999996,0.125125372,2.525691
5460,0.0005139411999999996,0.1109925,0.12621079899999998,2.163882
5461,0.0005148411999999995,0.13109299999999996,0.125125372,1.8824750000000001
5462,0.0005157411999999993,0.1109925,0.12621079899999998,1.641269
5463,0.0005166411999999992,0.13109299999999996,0.124039945,1.4804650000000001
5464,0.000517541199999999,0.15119349999999998,0.125125372,1.4804650000000001
5465,0.0005184411999999998,0.1109925,0.12621079899999998,1.641269
5466,0.0005193411999999996,0.13109299999999996,0.12621079899999998,1.8422740000000002
5467,0.0005202411999999995,0.1109925,0.125125372,2.2040830000000002
5468,0.0005211411999999993,0.13109299999999996,0.124039945,2.6864950000000003
5469,0.0005220411999999992,0.13109299999999996,0.12621079899999998,3.0483040000000003
5470,0.0005229411999999991,0.1109925,0.125125372,3.3699120000000002
5471,0.0005238411999999998,0.13109299999999996,0.124039945,3.450314
5472,0.0005247411999999996,0.1109925,0.124039945,3.410113
5473,0.0005256411999999995,0.1109925,0.12621079899999998,3.088505
5474,0.0005265411999999994,0.13109299999999996,0.12621079899999998,2.606093
5475,0.0005274411999999992,0.1109925,0.127296226,2.1236810000000004
5476,0.0005283411999999991,0.13109299999999996,0.125125372,1.7216710000000002
5477,0.0005292411999999998,0.13109299999999996,0.124039945,1.520666
5478,0.0005301411999999997,0.15119349999999998,0.125125372,1.6010680000000002
5479,0.0005310411999999995,0.13109299999999996,0.125125372,1.8824750000000001
5480,0.0005319411999999994,0.15119349999999998,0.124039945,2.3648870000000004
5481,0.0005328411999999992,0.1109925,0.124039945,2.9277010000000003
5482,0.0005337411999999991,0.13109299999999996,0.12621079899999998,3.3699120000000002
5483,0.0005346411999999998,0.13109299999999996,0.122954518,3.530716
5484,0.0005355411999999997,0.09089199999999997,0.125125372,3.3699120000000002
5485,0.0005364411999999995,0.1109925,0.125125372,3.008103
5486,0.0005373411999999994,0.1109925,0.125125372,2.5658920000000003
5487,0.0005382411999999993,0.1109925,0.124039945,2.043279
5488,0.0005391411999999991,0.15119349999999998,0.124039945,1.641269
5489,0.000540041199999999,0.15119349999999998,0.125125372,1.4804650000000001
5490,0.0005409411999999997,0.1109925,0.125125372,1.4804650000000001
5491,0.0005418411999999996,0.13109299999999996,0.12621079899999998,1.7216710000000002
5492,0.0005427411999999994,0.13109299999999996,0.125125372,2.1236810000000004
5493,0.0005436411999999993,0.13109299999999996,0.124039945,2.606093
5494,0.0005445411999999991,0.15119349999999998,0.125125372,2.8875
5495,0.000545441199999999,0.13109299999999996,0.125125372,3.1689070000000004
5496,0.0005463411999999997,0.1109925,0.12621079899999998,3.4905150000000003
5497,0.0005472411999999996,0.13109299999999996,0.12621079899999998,3.4905150000000003
5498,0.0005481411999999995,0.15119349999999998,0.124039945,3.410113
5499,0.0005490411999999993,0.13109299999999996,0.12621079899999998,3.128706
5500,0.0005499411999999992,0.13109299999999996,0.12621079899999998,2.8070980000000003
5501,0.000550841199999999,0.13109299999999996,0.125125372,2.4854900000000004
5502,0.0005517411999999998,0.15119349999999998,0.12621079899999998,2.1236810000000004
5503,0.0005526411999999996,0.15119349999999998,0.125125372,1.8020730000000003
5504,0.0005535411999999995,0.13109299999999996,0.125125372,1.641269
5505,0.0005544411999999993,0.15119349999999998,0.125125372,1.520666
5506,0.0005553411999999992,0.13109299999999996,0.125125372,1.4804650000000001
5507,0.0005562411999999991,0.1109925,0.125125372,1.5608670000000002
5508,0.0005571411999999998,0.13109299999999996,0.125125372,1.7216710000000002
5509,0.0005580411999999996,0.15119349999999998,0.125125372,1.9628770000000002
5510,0.0005589411999999995,0.15119349999999998,0.125125372,2.284485
5511,0.0005598411999999994,0.15119349999999998,0.12621079899999998,2.525691
5512,0.0005607411999999992,0.1109925,0.125125372,2.9277010000000003
5513,0.0005616411999999991,0.13109299999999996,0.125125372,3.088505
5514,0.0005625411999999998,0.1109925,0.125125372,3.329711
5515,0.0005634411999999997,0.13109299999999996,0.124039945,3.450314
5516,0.0005643411999999995,0.15119349999999998,0.124039945,3.450314
5517,0.0005652411999999994,0.15119349999999998,0.125125372,3.2493090000000002
5518,0.0005661411999999992,0.13109299999999996,0.125125372,3.0483040000000003
5519,0.0005670411999999991,0.13109299999999996,0.124039945,2.6864950000000003
5520,0.0005679411999999998,0.13109299999999996,0.124039945,2.3246860000000003
5521,0.0005688411999999997,0.13109299999999996,0.124039945,1.922676
5522,0.0005697411999999995,0.15119349999999998,0.125125372,1.641269
5523,0.0005706411999999994,0.13109299999999996,0.125125372,1.520666
5524,0.0005715411999999993,0.13109299999999996,0.125125372,1.5608670000000002
5525,0.0005724411999999991,0.13109299999999996,0.12621079899999998,1.7216710000000002
5526,0.000573341199999999,0.1109925,0.125125372,2.163882
5527,0.0005742411999999997,0.13109299999999996,0.124039945,2.606093
5528,0.0005751411999999996,0.15119349999999998,0.125125372,3.0483040000000003
5529,0.0005760411999999994,0.15119349999999998,0.125125372,3.3699120000000002
5530,0.0005769411999999993,0.13109299999999996,0.125125372,3.4905150000000003
5531,0.0005778411999999991,0.15119349999999998,0.125125372,3.329711
5532,0.000578741199999999,0.13109299999999996,0.125125372,2.9277010000000003
5533,0.0005796411999999997,0.1109925,0.125125372,2.4452890000000003
5534,0.0005805411999999996,0.13109299999999996,0.125125372,1.922676
5535,0.0005814411999999995,0.15119349999999998,0.125125372,1.5608670000000002
5536,0.0005823411999999993,0.13109299999999996,0.12621079899999998,1.4804650000000001
5537,0.0005832411999999992,0.15119349999999998,0.125125372,1.520666
5538,0.000584141199999999,0.15119349999999998,0.125125372,1.9628770000000002
5539,0.0005850411999999998,0.13109299999999996,0.125125372,2.3648870000000004
5540,0.0005859411999999996,0.13109299999999996,0.122954518,2.967902
5541,0.0005868411999999995,0.15119349999999998,0.125125372,3.3699120000000002
5542,0.0005877411999999993,0.15119349999999998,0.124039945,3.410113
5543,0.0005886411999999992,0.13109299999999996,0.125125372,3.410113
5544,0.000589541199999999,0.15119349999999998,0.124039945,3.128706
5545,0.0005904411999999998,0.13109299999999996,0.124039945,2.6864950000000003
5546,0.0005913411999999996,0.13109299999999996,0.124039945,2.2040830000000002
5547,0.0005922411999999995,0.15119349999999998,0.124039945,1.8422740000000002
5548,0.0005931411999999994,0.13109299999999996,0.124039945,1.520666
5549,0.0005940411999999992,0.15119349999999998,0.124039945,1.4804650000000001
5550,0.0005949411999999991,0.15119349999999998,0.125125372,1.5608670000000002
5551,0.0005958411999999998,0.13109299999999996,0.122954518,1.922676
5552,0.0005967411999999997,0.13109299999999996,0.124039945,2.284485
5553,0.0005976411999999995,0.13109299999999996,0.125125372,2.6864950000000003
5554,0.0005985411999999994,0.15119349999999998,0.122954518,2.967902
5555,0.0005994411999999992,0.15119349999999998,0.124039945,3.2493090000000002
5556,0.0006003411999999991,0.13109299999999996,0.125125372,3.450314
5557,0.0006012411999999998,0.13109299999999996,0.12621079899999998,3.4905150000000003
5558,0.0006021411999999997,0.15119349999999998,0.127296226,3.410113
5559,0.0006030411999999995,0.13109299999999996,0.12621079899999998,3.2493090000000002
5560,0.0006039411999999994,0.15119349999999998,0.125125372,2.967902
5561,0.0006048411999999993,0.15119349999999998,0.124039945,2.766897
5562,0.0006057411999999991,0.15119349999999998,0.125125372,2.4452890000000003
5563,0.000606641199999999,0.15119349999999998,0.125125372,2.2040830000000002
5564,0.0006075411999999997,0.15119349999999998,0.124039945,1.922676
5565,0.0006084411999999996,0.15119349999999998,0.124039945,1.641269
5566,0.0006093411999999994,0.13109299999999996,0.125125372,1.520666
5567,0.0006102411999999993,0.13109299999999996,0.125125372,1.4804650000000001
5568,0.0006111411999999991,0.15119349999999998,0.12621079899999998,1.520666
5569,0.000612041199999999,0.13109299999999996,0.12621079899999998,1.6010680000000002
5570,0.0006129411999999997,0.13109299999999996,0.125125372,1.8824750000000001
5571,0.0006138411999999996,0.13109299999999996,0.125125372,2.1236810000000004
5572,0.0006147411999999994,0.13109299999999996,0.12621079899999998,2.4854900000000004
5573,0.0006156411999999993,0.15119349999999998,0.12621079899999998,2.847299
5574,0.0006165411999999992,0.15119349999999998,0.12621079899999998,3.2493090000000002
5575,0.000617441199999999,0.15119349999999998,0.124039945,3.410113
5576,0.0006183411999999998,0.1109925,0.124039945,3.450314
5577,0.0006192411999999996,0.15119349999999998,0.124039945,3.410113
5578,0.0006201411999999995,0.13109299999999996,0.12621079899999998,3.1689070000000004
5579,0.0006210411999999993,0.13109299999999996,0.124039945,2.726696
5580,0.0006219411999999992,0.15119349999999998,0.124039945,2.3648870000000004
5581,0.000622841199999999,0.15119349999999998,0.124039945,1.9628770000000002
5582,0.0006237411999999998,0.15119349999999998,0.122954518,1.6010680000000002
5583,0.0006246411999999996,0.15119349999999998,0.125125372,1.4804650000000001
5584,0.0006255411999999995,0.15119349999999998,0.124039945,1.641269
5585,0.0006264411999999994,0.15119349999999998,0.124039945,1.8824750000000001
5586,0.0006273411999999992,0.15119349999999998,0.125125372,2.405088
5587,0.0006282411999999991,0.15119349999999998,0.124039945,2.847299
5588,0.0006291411999999998,0.13109299999999996,0.124039945,3.329711
5589,0.0006300411999999997,0.13109299999999996,0.124039945,3.450314
5590,0.0006309411999999995,0.1109925,0.124039945,3.329711
5591,0.0006318411999999994,0.17129399999999997,0.125125372,2.8875
5592,0.0006327411999999992,0.15119349999999998,0.125125372,2.3648870000000004
5593,0.0006336411999999991,0.15119349999999998,0.125125372,1.8422740000000002
5594,0.0006345411999999998,0.17129399999999997,0.125125372,1.520666
5595,0.0006354411999999997,0.13109299999999996,0.125125372,1.520666
5596,0.0006363411999999995,0.17129399999999997,0.125125372,1.641269
5597,0.0006372411999999994,0.15119349999999998,0.125125372,2.1236810000000004
5598,0.0006381411999999993,0.15119349999999998,0.12621079899999998,2.606093
5599,0.0006390411999999991,0.15119349999999998,0.12621079899999998,3.0483040000000003
5600,0.000639941199999999,0.13109299999999996,0.124039945,3.450314
5601,0.0006408411999999997,0.17129399999999997,0.124039945,3.4905150000000003
5602,0.0006417411999999996,0.15119349999999998,0.124039945,3.329711
5603,0.0006426411999999994,0.15119349999999998,0.12621079899999998,3.0483040000000003
5604,0.0006435411999999993,0.15119349999999998,0.124039945,2.646294
5605,0.0006444411999999991,0.13109299999999996,0.122954518,2.284485
5606,0.000645341199999999,0.17129399999999997,0.124039945,1.8422740000000002
5607,0.0006462411999999997,0.15119349999999998,0.124039945,1.6814700000000002
5608,0.0006471411999999996,0.15119349999999998,0.124039945,1.520666
5609,0.0006480411999999994,0.15119349999999998,0.125125372,1.520666
5610,0.0006489411999999993,0.15119349999999998,0.122954518,1.520666
5611,0.0006498411999999992,0.15119349999999998,0.124039945,1.7216710000000002
5612,0.000650741199999999,0.17129399999999997,0.122954518,1.922676
5613,0.0006516411999999997,0.15119349999999998,0.124039945,2.2442840000000004
5614,0.0006525411999999996,0.15119349999999998,0.124039945,2.4452890000000003
5615,0.0006534411999999995,0.17129399999999997,0.122954518,2.726696
5616,0.0006543411999999993,0.15119349999999998,0.125125372,3.008103
5617,0.0006552411999999992,0.15119349999999998,0.122954518,3.209108
5618,0.000656141199999999,0.1109925,0.125125372,3.410113
5619,0.0006570411999999998,0.13109299999999996,0.125125372,3.3699120000000002
5620,0.0006579411999999996,0.13109299999999996,0.124039945,3.450314
5621,0.0006588411999999995,0.17129399999999997,0.122954518,3.3699120000000002
5622,0.0006597411999999993,0.15119349999999998,0.125125372,3.209108
5623,0.0006606411999999992,0.15119349999999998,0.125125372,2.967902
5624,0.0006615411999999991,0.15119349999999998,0.124039945,2.6864950000000003
5625,0.0006624411999999998,0.15119349999999998,0.122954518,2.405088
5626,0.0006633411999999997,0.17129399999999997,0.12621079899999998,2.043279
5627,0.0006642411999999995,0.15119349999999998,0.125125372,1.7216710000000002
5628,0.0006651411999999994,0.15119349999999998,0.122954518,1.520666
5629,0.0006660411999999992,0.15119349999999998,0.124039945,1.4402640000000002
5630,0.0006669411999999991,0.15119349999999998,0.125125372,1.5608670000000002
5631,0.0006678411999999998,0.15119349999999998,0.122954518,1.8020730000000003
5632,0.0006687411999999997,0.15119349999999998,0.125125372,2.2040830000000002
5633,0.0006696411999999995,0.15119349999999998,0.12621079899999998,2.606093
5634,0.0006705411999999994,0.15119349999999998,0.125125372,3.0483040000000003
5635,0.0006714411999999993,0.15119349999999998,0.125125372,3.3699120000000002
5636,0.0006723411999999991,0.17129399999999997,0.125125372,3.450314
5637,0.000673241199999999,0.15119349999999998,0.125125372,3.2493090000000002
5638,0.0006741411999999997,0.15119349999999998,0.125125372,2.847299
5639,0.0006750411999999996,0.15119349999999998,0.125125372,2.3246860000000003
5640,0.0006759411999999994,0.15119349999999998,0.125125372,1.8020730000000003
5641,0.0006768411999999993,0.17129399999999997,0.125125372,1.4804650000000001
5642,0.0006777411999999991,0.15119349999999998,0.124039945,1.520666
5643,0.000678641199999999,0.15119349999999998,0.125125372,1.8422740000000002
5644,0.0006795411999999997,0.17129399999999997,0.125125372,2.3246860000000003
5645,0.0006804411999999996,0.17129399999999997,0.124039945,2.847299
5646,0.0006813411999999994,0.15119349999999998,0.122954518,3.2493090000000002
5647,0.0006822411999999993,0.15119349999999998,0.124039945,3.4905150000000003
5648,0.0006831411999999992,0.15119349999999998,0.122954518,3.329711
5649,0.000684041199999999,0.17129399999999997,0.124039945,2.967902
5650,0.0006849411999999997,0.13109299999999996,0.122954518,2.606093
5651,0.0006858411999999996,0.17129399999999997,0.124039945,2.08348
5652,0.0006867411999999995,0.15119349999999998,0.124039945,1.6814700000000002
5653,0.0006876411999999993,0.15119349999999998,0.124039945,1.400063
5654,0.0006885411999999992,0.13109299999999996,0.125125372,1.4804650000000001
5655,0.000689441199999999,0.13109299999999996,0.124039945,1.6814700000000002
5656,0.0006903411999999998,0.15119349999999998,0.124039945,2.043279
5657,0.0006912411999999996,0.13109299999999996,0.122954518,2.3648870000000004
5658,0.0006921411999999995,0.15119349999999998,0.124039945,2.766897
5659,0.0006930411999999993,0.17129399999999997,0.125125372,3.088505
5660,0.0006939411999999992,0.15119349999999998,0.125125372,3.329711
5661,0.0006948411999999991,0.17129399999999997,0.125125372,3.4905150000000003
5662,0.0006957411999999998,0.15119349999999998,0.124039945,3.3699120000000002
5663,0.0006966411999999996,0.13109299999999996,0.125125372,3.3699120000000002
5664,0.0006975411999999995,0.17129399999999997,0.125125372,3.0483040000000003
5665,0.0006984411999999994,0.15119349999999998,0.125125372,2.766897
5666,0.0006993411999999992,0.17129399999999997,0.124039945,2.525691
5667,0.0007002411999999991,0.15119349999999998,0.124039945,2.2040830000000002
5668,0.0007011411999999998,0.15119349999999998,0.124039945,1.8824750000000001
5669,0.0007020411999999997,0.17129399999999997,0.125125372,1.6814700000000002
5670,0.0007029411999999995,0.15119349999999998,0.125125372,1.5608670000000002
5671,0.0007038411999999994,0.13109299999999996,0.124039945,1.4804650000000001
5672,0.0007047411999999992,0.17129399999999997,0.125125372,1.4804650000000001
5673,0.0007056411999999991,0.15119349999999998,0.124039945,1.641269
5674,0.0007065411999999998,0.15119349999999998,0.124039945,1.8422740000000002
5675,0.0007074411999999997,0.15119349999999998,0.124039945,2.08348
5676,0.0007083411999999996,0.17129399999999997,0.125125372,2.405088
5677,0.0007092411999999994,0.17129399999999997,0.124039945,2.726696
5678,0.0007101411999999993,0.15119349999999998,0.122954518,3.008103
5679,0.0007110411999999991,0.15119349999999998,0.124039945,3.28951
5680,0.000711941199999999,0.17129399999999997,0.124039945,3.450314
5681,0.0007128411999999997,0.17129399999999997,0.125125372,3.450314
5682,0.0007137411999999996,0.17129399999999997,0.124039945,3.329711
5683,0.0007146411999999994,0.19139449999999997,0.124039945,2.967902
5684,0.0007155411999999993,0.15119349999999998,0.124039945,2.606093
5685,0.0007164411999999992,0.15119349999999998,0.124039945,2.163882
5686,0.000717341199999999,0.17129399999999997,0.121869091,1.761872
5687,0.0007182411999999997,0.17129399999999997,0.122954518,1.5608670000000002
5688,0.0007191411999999996,0.17129399999999997,0.125125372,1.4402640000000002
5689,0.0007200411999999995,0.17129399999999997,0.125125372,1.6010680000000002
5690,0.0007209411999999993,0.13109299999999996,0.124039945,2.0030780000000004
5691,0.0007218411999999992,0.15119349999999998,0.121869091,2.4854900000000004
5692,0.000722741199999999,0.13109299999999996,0.124039945,2.9277010000000003
5693,0.0007236411999999998,0.15119349999999998,0.124039945,3.2493090000000002
5694,0.0007245411999999996,0.15119349999999998,0.124039945,3.410113
5695,0.0007254411999999995,0.17129399999999997,0.125125372,3.3699120000000002
5696,0.0007263411999999993,0.17129399999999997,0.125125372,3.008103
5697,0.0007272411999999992,0.15119349999999998,0.122954518,2.5658920000000003
5698,0.0007281411999999991,0.17129399999999997,0.124039945,2.043279
5699,0.0007290411999999998,0.17129399999999997,0.125125372,1.641269
5700,0.0007299411999999996,0.17129399999999997,0.124039945,1.4804650000000001
5701,0.0007308411999999995,0.19139449999999997,0.124039945,1.4804650000000001
5702,0.0007317411999999994,0.15119349999999998,0.12621079899999998,1.7216710000000002
5703,0.0007326411999999992,0.17129399999999997,0.122954518,2.2040830000000002
5704,0.0007335411999999991,0.15119349999999998,0.125125372,2.646294
5705,0.0007344411999999998,0.15119349999999998,0.125125372,3.088505
5706,0.0007353411999999997,0.17129399999999997,0.124039945,3.410113
5707,0.0007362411999999995,0.17129399999999997,0.124039945,3.450314
5708,0.0007371411999999994,0.17129399999999997,0.124039945,3.28951
5709,0.0007380411999999992,0.17129399999999997,0.122954518,2.967902
5710,0.0007389411999999991,0.15119349999999998,0.122954518,2.525691
5711,0.0007398411999999998,0.17129399999999997,0.122954518,2.1236810000000004
5712,0.0007407411999999997,0.15119349999999998,0.122954518,1.761872
5713,0.0007416411999999995,0.15119349999999998,0.124039945,1.4402640000000002
5714,0.0007425411999999994,0.17129399999999997,0.124039945,1.4804650000000001
5715,0.0007434411999999993,0.17129399999999997,0.124039945,1.5608670000000002
5716,0.0007443411999999991,0.19139449999999997,0.120783664,1.8020730000000003
5717,0.000745241199999999,0.17129399999999997,0.124039945,2.1236810000000004
5718,0.0007461411999999997,0.17129399999999997,0.122954518,2.4854900000000004
5719,0.0007470411999999996,0.17129399999999997,0.122954518,2.766897
5720,0.0007479411999999994,0.15119349999999998,0.122954518,3.1689070000000004
5721,0.0007488411999999993,0.17129399999999997,0.121869091,3.28951
5722,0.0007497411999999991,0.19139449999999997,0.124039945,3.450314
5723,0.000750641199999999,0.17129399999999997,0.122954518,3.410113
5724,0.0007515411999999997,0.15119349999999998,0.124039945,3.28951
5725,0.0007524411999999996,0.17129399999999997,0.125125372,3.128706
5726,0.0007533411999999995,0.17129399999999997,0.124039945,2.847299
5727,0.0007542411999999993,0.15119349999999998,0.124039945,2.525691
5728,0.0007551411999999992,0.17129399999999997,0.122954518,2.2040830000000002
5729,0.000756041199999999,0.17129399999999997,0.124039945,1.922676
5730,0.0007569411999999998,0.19139449999999997,0.124039945,1.6814700000000002
5731,0.0007578411999999996,0.15119349999999998,0.124039945,1.520666
5732,0.0007587411999999995,0.15119349999999998,0.12621079899999998,1.4402640000000002
5733,0.0007596411999999993,0.15119349999999998,0.124039945,1.4804650000000001
5734,0.0007605411999999992,0.15119349999999998,0.125125372,1.6010680000000002
5735,0.0007614411999999991,0.17129399999999997,0.125125372,1.8824750000000001
5736,0.0007623411999999998,0.17129399999999997,0.125125372,2.2040830000000002
5737,0.0007632411999999996,0.17129399999999997,0.124039945,2.5658920000000003
5738,0.0007641411999999995,0.17129399999999997,0.125125372,2.9277010000000003
5739,0.0007650411999999994,0.17129399999999997,0.125125372,3.209108
5740,0.0007659411999999992,0.17129399999999997,0.125125372,3.410113
5741,0.0007668411999999991,0.17129399999999997,0.122954518,3.410113
5742,0.0007677411999999998,0.19139449999999997,0.124039945,3.2493090000000002
5743,0.0007686411999999997,0.19139449999999997,0.124039945,2.9277010000000003
5744,0.0007695411999999995,0.17129399999999997,0.122954518,2.525691
5745,0.0007704411999999994,0.17129399999999997,0.122954518,2.043279
5746,0.0007713411999999992,0.15119349999999998,0.122954518,1.641269
5747,0.0007722411999999991,0.15119349999999998,0.122954518,1.4804650000000001
5748,0.0007731411999999998,0.19139449999999997,0.125125372,1.4804650000000001
5749,0.0007740411999999997,0.15119349999999998,0.122954518,1.761872
5750,0.0007749411999999995,0.17129399999999997,0.122954518,2.1236810000000004
5751,0.0007758411999999994,0.17129399999999997,0.122954518,2.606093
5752,0.0007767411999999993,0.19139449999999997,0.122954518,3.128706
5753,0.0007776411999999991,0.13109299999999996,0.122954518,3.329711
5754,0.000778541199999999,0.19139449999999997,0.121869091,3.450314
5755,0.0007794411999999997,0.19139449999999997,0.121869091,3.1689070000000004
5756,0.0007803411999999996,0.17129399999999997,0.122954518,2.646294
5757,0.0007812411999999994,0.17129399999999997,0.121869091,2.2040830000000002
5758,0.0007821411999999993,0.15119349999999998,0.124039945,1.761872
5759,0.0007830411999999991,0.17129399999999997,0.122954518,1.520666
5760,0.000783941199999999,0.17129399999999997,0.124039945,1.520666
5761,0.0007848411999999997,0.17129399999999997,0.124039945,1.641269
5762,0.0007857411999999996,0.211495,0.122954518,2.0030780000000004
5763,0.0007866411999999995,0.211495,0.124039945,2.4854900000000004
5764,0.0007875411999999993,0.19139449999999997,0.124039945,3.0483040000000003
5765,0.0007884411999999992,0.19139449999999997,0.124039945,3.2493090000000002
5766,0.000789341199999999,0.17129399999999997,0.122954518,3.410113
5767,0.0007902411999999998,0.17129399999999997,0.122954518,3.410113
5768,0.0007911411999999996,0.19139449999999997,0.122954518,3.2493090000000002
5769,0.0007920411999999995,0.17129399999999997,0.125125372,2.967902
5770,0.0007929411999999993,0.17129399999999997,0.125125372,2.606093
5771,0.0007938411999999992,0.17129399999999997,0.122954518,2.284485
5772,0.000794741199999999,0.17129399999999997,0.124039945,1.922676
5773,0.0007956411999999998,0.17129399999999997,0.124039945,1.641269
5774,0.0007965411999999996,0.17129399999999997,0.122954518,1.520666
5775,0.0007974411999999995,0.17129399999999997,0.124039945,1.4402640000000002
5776,0.0007983411999999994,0.15119349999999998,0.122954518,1.4804650000000001
5777,0.0007992411999999992,0.17129399999999997,0.124039945,1.6010680000000002
5778,0.0008001411999999991,0.17129399999999997,0.124039945,1.8020730000000003
5779,0.0008010411999999998,0.17129399999999997,0.122954518,2.0030780000000004
5780,0.0008019411999999997,0.19139449999999997,0.122954518,2.3648870000000004
5781,0.0008028411999999995,0.19139449999999997,0.122954518,2.646294
5782,0.0008037411999999994,0.19139449999999997,0.122954518,2.8875
5783,0.0008046411999999992,0.15119349999999998,0.122954518,3.128706
5784,0.0008055411999999991,0.17129399999999997,0.122954518,3.28951
5785,0.0008064411999999998,0.19139449999999997,0.122954518,3.450314
5786,0.0008073411999999997,0.17129399999999997,0.122954518,3.410113
5787,0.0008082411999999995,0.17129399999999997,0.124039945,3.2493090000000002
5788,0.0008091411999999994,0.19139449999999997,0.124039945,3.088505
5789,0.0008100411999999993,0.19139449999999997,0.121869091,2.8070980000000003
5790,0.0008109411999999991,0.19139449999999997,0.122954518,2.405088
5791,0.000811841199999999,0.19139449999999997,0.121869091,2.043279
5792,0.0008127411999999997,0.17129399999999997,0.124039945,1.8020730000000003
5793,0.0008136411999999996,0.17129399999999997,0.122954518,1.520666
5794,0.0008145411999999994,0.17129399999999997,0.124039945,1.4402640000000002
5795,0.0008154411999999993,0.19139449999999997,0.124039945,1.6010680000000002
5796,0.0008163411999999991,0.17129399999999997,0.122954518,1.8824750000000001
5797,0.000817241199999999,0.19139449999999997,0.124039945,2.284485
5798,0.0008181411999999997,0.19139449999999997,0.122954518,2.766897
5799,0.0008190411999999996,0.19139449999999997,0.124039945,3.088505
5800,0.0008199411999999994,0.17129399999999997,0.122954518,3.410113
5801,0.0008208411999999993,0.19139449999999997,0.124039945,3.3699120000000002
5802,0.0008217411999999992,0.19139449999999997,0.122954518,3.088505
5803,0.000822641199999999,0.19139449999999997,0.124039945,2.646294
5804,0.0008235411999999998,0.15119349999999998,0.124039945,2.1236810000000004
5805,0.0008244411999999996,0.17129399999999997,0.124039945,1.7216710000000002
5806,0.0008253411999999995,0.19139449999999997,0.122954518,1.4804650000000001
5807,0.0008262411999999993,0.17129399999999997,0.122954518,1.520666
5808,0.0008271411999999992,0.17129399999999997,0.122954518,1.761872
5809,0.000828041199999999,0.19139449999999997,0.122954518,2.2040830000000002
5810,0.0008289411999999998,0.19139449999999997,0.122954518,2.6864950000000003
5811,0.0008298411999999996,0.17129399999999997,0.124039945,3.128706
5812,0.0008307411999999995,0.211495,0.124039945,3.3699120000000002
5813,0.0008316411999999994,0.19139449999999997,0.124039945,3.450314
5814,0.0008325411999999992,0.17129399999999997,0.122954518,3.209108
5815,0.0008334411999999991,0.17129399999999997,0.124039945,2.8875
5816,0.0008343411999999998,0.17129399999999997,0.122954518,2.4452890000000003
5817,0.0008352411999999997,0.19139449999999997,0.122954518,1.9628770000000002
5818,0.0008361411999999995,0.19139449999999997,0.122954518,1.6814700000000002
5819,0.0008370411999999994,0.19139449999999997,0.121869091,1.4804650000000001
5820,0.0008379411999999992,0.19139449999999997,0.122954518,1.400063
5821,0.0008388411999999991,0.19139449999999997,0.122954518,1.6010680000000002
5822,0.0008397411999999998,0.17129399999999997,0.124039945,1.8020730000000003
5823,0.0008406411999999997,0.17129399999999997,0.122954518,2.163882
5824,0.0008415411999999995,0.17129399999999997,0.122954518,2.525691
5825,0.0008424411999999994,0.19139449999999997,0.122954518,2.8070980000000003
5826,0.0008433411999999993,0.17129399999999997,0.122954518,3.1689070000000004
5827,0.0008442411999999991,0.17129399999999997,0.121869091,3.28951
5828,0.000845141199999999,0.17129399999999997,0.122954518,3.450314
5829,0.0008460411999999997,0.19139449999999997,0.124039945,3.3699120000000002
5830,0.0008469411999999996,0.19139449999999997,0.121869091,3.2493090000000002
5831,0.0008478411999999994,0.19139449999999997,0.122954518,3.0483040000000003
5832,0.0008487411999999993,0.17129399999999997,0.122954518,2.766897
5833,0.0008496411999999991,0.19139449999999997,0.124039945,2.4452890000000003
5834,0.000850541199999999,0.19139449999999997,0.122954518,2.163882
5835,0.0008514411999999997,0.19139449999999997,0.124039945,1.8422740000000002
5836,0.0008523411999999996,0.211495,0.122954518,1.641269
5837,0.0008532411999999994,0.19139449999999997,0.124039945,1.520666
5838,0.0008541411999999993,0.19139449999999997,0.124039945,1.4402640000000002
5839,0.0008550411999999992,0.19139449999999997,0.122954518,1.5608670000000002
5840,0.000855941199999999,0.17129399999999997,0.122954518,1.761872
5841,0.0008568411999999997,0.211495,0.125125372,2.08348
5842,0.0008577411999999996,0.19139449999999997,0.124039945,2.405088
5843,0.0008586411999999995,0.19139449999999997,0.122954518,2.766897
5844,0.0008595411999999993,0.19139449999999997,0.122954518,3.088505
5845,0.0008604411999999992,0.19139449999999997,0.124039945,3.410113
5846,0.000861341199999999,0.19139449999999997,0.122954518,3.3699120000000002
5847,0.0008622411999999998,0.211495,0.121869091,3.28951
5848,0.0008631411999999996,0.19139449999999997,0.122954518,2.967902
5849,0.0008640411999999995,0.19139449999999997,0.122954518,2.606093
5850,0.0008649411999999993,0.19139449999999997,0.121869091,2.1236810000000004
5851,0.0008658411999999992,0.17129399999999997,0.122954518,1.6814700000000002
5852,0.0008667411999999991,0.19139449999999997,0.122954518,1.4402640000000002
5853,0.0008676411999999998,0.19139449999999997,0.122954518,1.4402640000000002
5854,0.0008685411999999997,0.19139449999999997,0.122954518,1.6814700000000002
5855,0.0008694411999999995,0.19139449999999997,0.122954518,2.043279
5856,0.0008703411999999994,0.19139449999999997,0.122954518,2.4854900000000004
5857,0.0008712411999999992,0.211495,0.122954518,2.967902
5858,0.0008721411999999991,0.211495,0.122954518,3.28951
5859,0.0008730411999999998,0.19139449999999997,0.124039945,3.450314
5860,0.0008739411999999997,0.17129399999999997,0.122954518,3.28951
5861,0.0008748411999999995,0.19139449999999997,0.124039945,2.9277010000000003
5862,0.0008757411999999994,0.19139449999999997,0.122954518,2.525691
5863,0.0008766411999999993,0.17129399999999997,0.121869091,2.0030780000000004
5864,0.0008775411999999991,0.19139449999999997,0.125125372,1.641269
5865,0.000878441199999999,0.19139449999999997,0.122954518,1.4804650000000001
5866,0.0008793411999999997,0.211495,0.122954518,1.520666
5867,0.0008802411999999996,0.19139449999999997,0.121869091,1.6814700000000002
5868,0.0008811411999999994,0.19139449999999997,0.124039945,1.922676
5869,0.0008820411999999993,0.19139449999999997,0.124039945,2.405088
5870,0.0008829411999999991,0.19139449999999997,0.124039945,2.847299
5871,0.000883841199999999,0.19139449999999997,0.122954518,3.128706
5872,0.0008847411999999997,0.17129399999999997,0.122954518,3.410113
5873,0.0008856411999999996,0.19139449999999997,0.124039945,3.410113
5874,0.0008865411999999994,0.19139449999999997,0.124039945,3.28951
5875,0.0008874411999999993,0.19139449999999997,0.125125372,3.088505
5876,0.0008883411999999992,0.211495,0.122954518,2.766897
5877,0.000889241199999999,0.211495,0.122954518,2.4854900000000004
5878,0.0008901411999999997,0.211495,0.122954518,2.043279
5879,0.0008910411999999996,0.211495,0.122954518,1.761872
5880,0.0008919411999999995,0.17129399999999997,0.122954518,1.520666
5881,0.0008928411999999993,0.19139449999999997,0.122954518,1.4804650000000001
5882,0.0008937411999999992,0.19139449999999997,0.122954518,1.4804650000000001
5883,0.000894641199999999,0.17129399999999997,0.121869091,1.6010680000000002
5884,0.0008955411999999998,0.23159549999999998,0.121869091,1.8020730000000003
5885,0.0008964411999999996,0.19139449999999997,0.122954518,2.043279
5886,0.0008973411999999995,0.211495,0.121869091,2.405088
5887,0.0008982411999999993,0.19139449999999997,0.122954518,2.766897
5888,0.0008991411999999992,0.19139449999999997,0.121869091,2.967902
5889,0.0009000411999999991,0.19139449999999997,0.122954518,3.2493090000000002
5890,0.0009009411999999998,0.19139449999999997,0.121869091,3.450314
5891,0.0009018411999999996,0.17129399999999997,0.122954518,3.3699120000000002
5892,0.0009027411999999995,0.211495,0.121869091,3.2493090000000002
5893,0.0009036411999999994,0.19139449999999997,0.121869091,3.128706
5894,0.0009045411999999992,0.19139449999999997,0.121869091,2.8070980000000003
5895,0.0009054411999999991,0.17129399999999997,0.122954518,2.405088
5896,0.0009063411999999998,0.19139449999999997,0.122954518,2.043279
5897,0.0009072411999999997,0.19139449999999997,0.121869091,1.6814700000000002
5898,0.0009081411999999995,0.19139449999999997,0.122954518,1.520666
5899,0.0009090411999999994,0.17129399999999997,0.121869091,1.4402640000000002
5900,0.0009099411999999992,0.19139449999999997,0.124039945,1.520666
5901,0.0009108411999999991,0.19139449999999997,0.121869091,1.8824750000000001
5902,0.000911741199999999,0.19139449999999997,0.125125372,2.284485
5903,0.0009126411999999997,0.19139449999999997,0.122954518,2.726696
5904,0.0009135411999999996,0.211495,0.125125372,3.128706
5905,0.0009144411999999994,0.19139449999999997,0.122954518,3.3699120000000002
5906,0.0009153411999999993,0.211495,0.121869091,3.410113
5907,0.0009162411999999991,0.211495,0.122954518,3.209108
5908,0.000917141199999999,0.211495,0.122954518,2.847299
5909,0.0009180411999999997,0.19139449999999997,0.124039945,2.405088
5910,0.0009189411999999996,0.19139449999999997,0.122954518,1.922676
5911,0.0009198411999999994,0.19139449999999997,0.122954518,1.520666
5912,0.0009207411999999993,0.19139449999999997,0.121869091,1.400063
5913,0.0009216411999999992,0.211495,0.121869091,1.5608670000000002
5914,0.000922541199999999,0.211495,0.122954518,1.8422740000000002
5915,0.0009234411999999997,0.211495,0.121869091,2.2442840000000004
5916,0.0009243411999999996,0.211495,0.122954518,2.6864950000000003
5917,0.0009252411999999995,0.19139449999999997,0.122954518,3.088505
5918,0.0009261411999999993,0.211495,0.121869091,3.410113
5919,0.0009270411999999992,0.19139449999999997,0.120783664,3.3699120000000002
5920,0.000927941199999999,0.211495,0.121869091,3.2493090000000002
5921,0.0009288411999999998,0.23159549999999998,0.124039945,2.9277010000000003
5922,0.0009297411999999996,0.19139449999999997,0.122954518,2.4854900000000004
5923,0.0009306411999999995,0.19139449999999997,0.121869091,2.08348
5924,0.0009315411999999993,0.211495,0.121869091,1.8020730000000003
5925,0.0009324411999999992,0.211495,0.124039945,1.520666
5926,0.0009333411999999991,0.211495,0.122954518,1.4402640000000002
5927,0.0009342411999999998,0.19139449999999997,0.121869091,1.4804650000000001
5928,0.0009351411999999996,0.19139449999999997,0.121869091,1.641269
5929,0.0009360411999999995,0.19139449999999997,0.120783664,1.8824750000000001
5930,0.0009369411999999994,0.211495,0.122954518,2.163882
5931,0.0009378411999999992,0.211495,0.122954518,2.4854900000000004
5932,0.0009387411999999991,0.211495,0.121869091,2.8070980000000003
5933,0.0009396411999999998,0.211495,0.121869091,3.0483040000000003
5934,0.0009405411999999997,0.17129399999999997,0.122954518,3.2493090000000002
5935,0.0009414411999999995,0.19139449999999997,0.121869091,3.3699120000000002
5936,0.0009423411999999994,0.19139449999999997,0.124039945,3.329711
5937,0.0009432411999999992,0.211495,0.122954518,3.28951
5938,0.0009441411999999991,0.211495,0.121869091,3.1689070000000004
5939,0.000945041199999999,0.19139449999999997,0.122954518,2.8875
5940,0.0009459411999999997,0.211495,0.122954518,2.5658920000000003
5941,0.0009468411999999995,0.211495,0.122954518,2.284485
5942,0.0009477411999999994,0.211495,0.122954518,1.922676
5943,0.0009486411999999993,0.19139449999999997,0.124039945,1.641269
5944,0.0009495411999999991,0.19139449999999997,0.124039945,1.520666
5945,0.000950441199999999,0.211495,0.122954518,1.4402640000000002
5946,0.0009513411999999997,0.19139449999999997,0.122954518,1.520666
5947,0.0009522411999999996,0.211495,0.122954518,1.6814700000000002
5948,0.0009531411999999994,0.19139449999999997,0.122954518,1.9628770000000002
5949,0.0009540411999999993,0.19139449999999997,0.122954518,2.3648870000000004
5950,0.0009549411999999992,0.19139449999999997,0.121869091,2.8070980000000003
5951,0.000955841199999999,0.211495,0.122954518,3.128706
5952,0.0009567411999999997,0.19139449999999997,0.120783664,3.3699120000000002
5953,0.0009576411999999996,0.19139449999999997,0.121869091,3.410113
5954,0.0009585411999999995,0.211495,0.122954518,3.2493090000000002
5955,0.0009594411999999993,0.211495,0.122954518,2.8875
5956,0.0009603411999999992,0.211495,0.121869091,2.405088
5957,0.000961241199999999,0.19139449999999997,0.121869091,2.0030780000000004
5958,0.0009621411999999998,0.211495,0.121869091,1.6010680000000002
5959,0.0009630411999999996,0.23159549999999998,0.121869091,1.4402640000000002
5960,0.0009639411999999995,0.211495,0.121869091,1.520666
5961,0.0009648411999999993,0.17129399999999997,0.121869091,1.8422740000000002
5962,0.0009657411999999992,0.19139449999999997,0.121869091,2.284485
5963,0.0009666411999999991,0.17129399999999997,0.122954518,2.8070980000000003
5964,0.0009675411999999998,0.211495,0.122954518,3.1689070000000004
5965,0.0009684411999999996,0.211495,0.122954518,3.410113
5966,0.0009693411999999995,0.211495,0.122954518,3.28951
5967,0.0009702411999999994,0.211495,0.122954518,3.088505
5968,0.0009711411999999992,0.19139449999999997,0.122954518,2.6864950000000003
5969,0.0009720411999999991,0.211495,0.120783664,2.163882
5970,0.0009729411999999998,0.211495,0.122954518,1.761872
5971,0.0009738411999999997,0.211495,0.122954518,1.5608670000000002
5972,0.0009747411999999995,0.19139449999999997,0.121869091,1.4804650000000001
5973,0.0009756411999999994,0.211495,0.122954518,1.520666
5974,0.0009765411999999992,0.211495,0.121869091,1.7216710000000002
5975,0.000977441199999999,0.211495,0.122954518,2.08348
5976,0.000978341199999999,0.19139449999999997,0.122954518,2.405088
5977,0.0009792411999999997,0.211495,0.121869091,2.8070980000000003
5978,0.0009801411999999995,0.19139449999999997,0.122954518,3.088505
5979,0.0009810411999999994,0.19139449999999997,0.122954518,3.28951
5980,0.0009819411999999993,0.211495,0.121869091,3.410113
5981,0.0009828411999999991,0.17129399999999997,0.122954518,3.329711
5982,0.000983741199999999,0.211495,0.121869091,3.28951
5983,0.0009846411999999997,0.211495,0.121869091,3.088505
5984,0.0009855411999999996,0.211495,0.121869091,2.847299
5985,0.0009864411999999994,0.19139449999999997,0.121869091,2.525691
5986,0.0009873411999999993,0.211495,0.120783664,2.3246860000000003
5987,0.0009882411999999991,0.211495,0.120783664,1.9628770000000002
5988,0.000989141199999999,0.19139449999999997,0.121869091,1.7216710000000002
5989,0.0009900411999999997,0.19139449999999997,0.120783664,1.5608670000000002
5990,0.0009909411999999996,0.211495,0.120783664,1.4402640000000002
5991,0.0009918411999999995,0.211495,0.121869091,1.4402640000000002
5992,0.0009927411999999993,0.23159549999999998,0.121869091,1.5608670000000002
5993,0.0009936411999999992,0.211495,0.122954518,1.7216710000000002
5994,0.000994541199999999,0.211495,0.120783664,2.0030780000000004
5995,0.0009954411999999998,0.211495,0.122954518,2.3648870000000004
5996,0.0009963411999999996,0.19139449999999997,0.121869091,2.606093
5997,0.0009972411999999995,0.211495,0.121869091,2.967902
5998,0.0009981411999999993,0.23159549999999998,0.121869091,3.209108
5999,0.0009990411999999992,0.19139449999999997,0.120783664,3.3699120000000002
6000,0.000999941199999999,0.211495,0.121869091,3.329711
6001,0.0010008411999999998,0.211495,0.121869091,3.128706
6002,0.0010017411999999996,0.211495,0.121869091,2.8070980000000003
6003,0.0010026411999999995,0.19139449999999997,0.122954518,2.3246860000000003
6004,0.0010035411999999994,0.23159549999999998,0.121869091,1.922676
6005,0.0010044411999999992,0.19139449999999997,0.122954518,1.641269
6006,0.001005341199999999,0.19139449999999997,0.122954518,1.4402640000000002
6007,0.0010062411999999998,0.211495,0.122954518,1.520666
6008,0.0010071411999999997,0.211495,0.121869091,1.8422740000000002
6009,0.0010080411999999995,0.19139449999999997,0.121869091,2.284485
6010,0.0010089411999999994,0.19139449999999997,0.121869091,2.8070980000000003
6011,0.0010098411999999992,0.211495,0.120783664,3.128706
6012,0.001010741199999999,0.19139449999999997,0.122954518,3.329711
6013,0.001011641199999999,0.211495,0.120783664,3.410113
6014,0.0010125411999999997,0.211495,0.120783664,3.0483040000000003
6015,0.0010134411999999995,0.23159549999999998,0.121869091,2.646294
6016,0.0010143411999999994,0.211495,0.120783664,2.163882
6017,0.0010152411999999993,0.211495,0.121869091,1.8020730000000003
6018,0.0010161411999999991,0.19139449999999997,0.121869091,1.4804650000000001
6019,0.001017041199999999,0.211495,0.120783664,1.4402640000000002
6020,0.0010179411999999997,0.211495,0.120783664,1.5608670000000002
6021,0.0010188411999999996,0.19139449999999997,0.120783664,1.922676
6022,0.0010197411999999994,0.23159549999999998,0.120783664,2.2040830000000002
6023,0.0010206411999999993,0.211495,0.120783664,2.726696
6024,0.0010215411999999991,0.211495,0.120783664,2.967902
6025,0.001022441199999999,0.23159549999999998,0.122954518,3.28951
6026,0.0010233411999999997,0.19139449999999997,0.120783664,3.3699120000000002
6027,0.0010242411999999996,0.17129399999999997,0.122954518,3.28951
6028,0.0010251411999999994,0.211495,0.119698237,3.1689070000000004
6029,0.0010260411999999993,0.211495,0.120783664,3.008103
6030,0.0010269411999999992,0.211495,0.120783664,2.646294
6031,0.001027841199999999,0.23159549999999998,0.121869091,2.284485
6032,0.0010287411999999998,0.211495,0.120783664,1.9628770000000002
6033,0.0010296411999999996,0.211495,0.121869091,1.7216710000000002
6034,0.0010305411999999995,0.211495,0.121869091,1.520666
6035,0.0010314411999999993,0.211495,0.120783664,1.4402640000000002
6036,0.0010323411999999992,0.211495,0.121869091,1.4402640000000002
6037,0.001033241199999999,0.211495,0.121869091,1.5608670000000002
6038,0.0010341411999999998,0.211495,0.121869091,1.761872
6039,0.0010350411999999996,0.23159549999999998,0.121869091,1.9628770000000002
6040,0.0010359411999999995,0.23159549999999998,0.122954518,2.3648870000000004
6041,0.0010368411999999994,0.211495,0.122954518,2.6864950000000003
6042,0.0010377411999999992,0.211495,0.121869091,2.9277010000000003
6043,0.001038641199999999,0.23159549999999998,0.120783664,3.1689070000000004
6044,0.0010395411999999998,0.211495,0.119698237,3.28951
6045,0.0010404411999999997,0.211495,0.120783664,3.3699120000000002
6046,0.0010413411999999995,0.19139449999999997,0.121869091,3.209108
6047,0.0010422411999999994,0.19139449999999997,0.120783664,3.0483040000000003
6048,0.0010431411999999992,0.211495,0.120783664,2.726696
6049,0.001044041199999999,0.211495,0.119698237,2.3246860000000003
6050,0.0010449411999999998,0.211495,0.119698237,1.9628770000000002
6051,0.0010458411999999997,0.23159549999999998,0.119698237,1.641269
6052,0.0010467411999999995,0.211495,0.119698237,1.4804650000000001
6053,0.0010476411999999994,0.19139449999999997,0.120783664,1.4402640000000002
6054,0.0010485411999999993,0.211495,0.121869091,1.6010680000000002
6055,0.0010494411999999991,0.211495,0.121869091,1.8824750000000001
6056,0.001050341199999999,0.211495,0.120783664,2.3648870000000004
6057,0.0010512411999999997,0.211495,0.120783664,2.8070980000000003
6058,0.0010521411999999996,0.23159549999999998,0.120783664,3.088505
6059,0.0010530411999999994,0.23159549999999998,0.120783664,3.3699120000000002
6060,0.0010539411999999993,0.211495,0.120783664,3.3699120000000002
6061,0.0010548411999999991,0.23159549999999998,0.122954518,3.128706
6062,0.001055741199999999,0.23159549999999998,0.121869091,2.766897
6063,0.0010566411999999997,0.211495,0.121869091,2.3246860000000003
6064,0.0010575411999999996,0.23159549999999998,0.120783664,1.922676
6065,0.0010584411999999994,0.211495,0.121869091,1.6010680000000002
6066,0.0010593411999999993,0.19139449999999997,0.121869091,1.4402640000000002
6067,0.0010602411999999992,0.211495,0.121869091,1.4804650000000001
6068,0.001061141199999999,0.211495,0.122954518,1.7216710000000002
6069,0.0010620411999999997,0.211495,0.120783664,2.08348
6070,0.0010629411999999996,0.211495,0.122954518,2.525691
6071,0.0010638411999999995,0.211495,0.119698237,2.9277010000000003
6072,0.0010647411999999993,0.23159549999999998,0.121869091,3.2493090000000002
6073,0.0010656411999999992,0.23159549999999998,0.120783664,3.3699120000000002
6074,0.001066541199999999,0.211495,0.121869091,3.329711
6075,0.0010674411999999998,0.211495,0.120783664,3.128706
6076,0.0010683411999999996,0.23159549999999998,0.121869091,2.766897
6077,0.0010692411999999995,0.211495,0.121869091,2.3648870000000004
6078,0.0010701411999999993,0.211495,0.122954518,1.9628770000000002
6079,0.0010710411999999992,0.251696,0.120783664,1.641269
6080,0.001071941199999999,0.211495,0.119698237,1.4804650000000001
6081,0.0010728411999999998,0.211495,0.122954518,1.4402640000000002
6082,0.0010737411999999997,0.23159549999999998,0.121869091,1.520666
6083,0.0010746411999999995,0.211495,0.120783664,1.8422740000000002
6084,0.0010755411999999994,0.23159549999999998,0.120783664,2.1236810000000004
6085,0.0010764411999999992,0.211495,0.120783664,2.4854900000000004
6086,0.001077341199999999,0.23159549999999998,0.122954518,2.847299
6087,0.0010782411999999998,0.23159549999999998,0.120783664,3.088505
6088,0.0010791411999999997,0.23159549999999998,0.120783664,3.28951
6089,0.0010800411999999995,0.211495,0.120783664,3.329711
6090,0.0010809411999999994,0.211495,0.120783664,3.2493090000000002
6091,0.0010818411999999993,0.211495,0.119698237,3.088505
6092,0.0010827411999999991,0.211495,0.120783664,2.8070980000000003
6093,0.001083641199999999,0.211495,0.122954518,2.525691
6094,0.0010845411999999997,0.23159549999999998,0.121869091,2.2040830000000002
6095,0.0010854411999999996,0.23159549999999998,0.120783664,1.761872
6096,0.0010863411999999994,0.23159549999999998,0.120783664,1.5608670000000002
6097,0.0010872411999999993,0.211495,0.120783664,1.4402640000000002
6098,0.0010881411999999991,0.211495,0.120783664,1.4402640000000002
6099,0.001089041199999999,0.23159549999999998,0.120783664,1.520666
6100,0.0010899411999999997,0.23159549999999998,0.121869091,1.7216710000000002
6101,0.0010908411999999996,0.23159549999999998,0.120783664,2.043279
6102,0.0010917411999999994,0.23159549999999998,0.121869091,2.405088
6103,0.0010926411999999993,0.211495,0.121869091,2.726696
6104,0.0010935411999999992,0.211495,0.121869091,3.0483040000000003
6105,0.001094441199999999,0.23159549999999998,0.122954518,3.28951
6106,0.0010953411999999997,0.19139449999999997,0.122954518,3.28951
6107,0.0010962411999999996,0.23159549999999998,0.122954518,3.28951
6108,0.0010971411999999995,0.23159549999999998,0.122954518,3.088505
6109,0.0010980411999999993,0.23159549999999998,0.121869091,2.847299
6110,0.0010989411999999992,0.251696,0.122954518,2.4854900000000004
6111,0.001099841199999999,0.23159549999999998,0.121869091,2.08348
6112,0.0011007411999999998,0.23159549999999998,0.120783664,1.7216710000000002
6113,0.0011016411999999996,0.23159549999999998,0.120783664,1.4804650000000001
6114,0.0011025411999999995,0.23159549999999998,0.121869091,1.4402640000000002
6115,0.0011034411999999993,0.23159549999999998,0.121869091,1.520666
6116,0.0011043411999999992,0.23159549999999998,0.121869091,1.7216710000000002
6117,0.001105241199999999,0.23159549999999998,0.120783664,2.163882
6118,0.0011061411999999998,0.211495,0.120783664,2.525691
6119,0.0011070411999999996,0.23159549999999998,0.121869091,2.967902
6120,0.0011079411999999995,0.23159549999999998,0.120783664,3.2493090000000002
6121,0.0011088411999999994,0.23159549999999998,0.121869091,3.329711
6122,0.0011097411999999992,0.211495,0.120783664,3.28951
6123,0.001110641199999999,0.23159549999999998,0.120783664,3.008103
6124,0.0011115411999999998,0.23159549999999998,0.119698237,2.5658920000000003
6125,0.0011124411999999997,0.23159549999999998,0.121869091,2.1236810000000004
6126,0.0011133411999999995,0.23159549999999998,0.121869091,1.761872
6127,0.0011142411999999994,0.23159549999999998,0.119698237,1.4804650000000001
6128,0.0011151411999999992,0.251696,0.120783664,1.4402640000000002
6129,0.0011160411999999991,0.251696,0.121869091,1.5608670000000002
6130,0.001116941199999999,0.251696,0.120783664,1.922676
6131,0.0011178411999999997,0.251696,0.121869091,2.3246860000000003
6132,0.0011187411999999996,0.23159549999999998,0.120783664,2.8070980000000003
6133,0.0011196411999999994,0.23159549999999998,0.122954518,3.1689070000000004
6134,0.0011205411999999993,0.251696,0.121869091,3.3699120000000002
6135,0.0011214411999999991,0.23159549999999998,0.121869091,3.329711
6136,0.001122341199999999,0.251696,0.120783664,3.128706
6137,0.0011232411999999997,0.251696,0.122954518,2.726696
6138,0.0011241411999999996,0.23159549999999998,0.122954518,2.405088
6139,0.0011250411999999994,0.251696,0.122954518,2.0030780000000004
6140,0.0011259411999999993,0.211495,0.121869091,1.641269
6141,0.0011268411999999992,0.23159549999999998,0.120783664,1.4402640000000002
6142,0.001127741199999999,0.211495,0.122954518,1.4402640000000002
6143,0.0011286411999999997,0.23159549999999998,0.121869091,1.520666
6144,0.0011295411999999996,0.23159549999999998,0.120783664,1.7216710000000002
6145,0.0011304411999999995,0.23159549999999998,0.119698237,2.0030780000000004
6146,0.0011313411999999993,0.23159549999999998,0.120783664,2.3648870000000004
6147,0.0011322411999999992,0.23159549999999998,0.120783664,2.646294
6148,0.001133141199999999,0.23159549999999998,0.122954518,2.9277010000000003
6149,0.0011340411999999998,0.23159549999999998,0.121869091,3.209108
6150,0.0011349411999999996,0.211495,0.121869091,3.3699120000000002
6151,0.0011358411999999995,0.211495,0.120783664,3.329711
6152,0.0011367411999999993,0.211495,0.120783664,3.28951
6153,0.0011376411999999992,0.23159549999999998,0.120783664,3.0483040000000003
6154,0.001138541199999999,0.23159549999999998,0.120783664,2.8875
6155,0.0011394411999999998,0.23159549999999998,0.120783664,2.606093
6156,0.0011403411999999996,0.251696,0.121869091,2.284485
6157,0.0011412411999999995,0.2717965,0.120783664,1.8824750000000001
6158,0.0011421411999999994,0.23159549999999998,0.120783664,1.7216710000000002
6159,0.0011430411999999992,0.211495,0.119698237,1.520666
6160,0.001143941199999999,0.23159549999999998,0.120783664,1.400063
6161,0.0011448411999999998,0.251696,0.121869091,1.4402640000000002
6162,0.0011457411999999997,0.251696,0.121869091,1.641269
6163,0.0011466411999999995,0.251696,0.120783664,1.8422740000000002
6164,0.0011475411999999994,0.23159549999999998,0.121869091,2.2040830000000002
6165,0.0011484411999999992,0.23159549999999998,0.122954518,2.525691
6166,0.001149341199999999,0.23159549999999998,0.120783664,2.967902
6167,0.001150241199999999,0.23159549999999998,0.121869091,3.128706
6168,0.0011511411999999997,0.23159549999999998,0.122954518,3.329711
6169,0.0011520411999999996,0.23159549999999998,0.121869091,3.2493090000000002
6170,0.0011529411999999994,0.251696,0.121869091,3.128706
6171,0.0011538411999999993,0.23159549999999998,0.122954518,2.8070980000000003
6172,0.0011547411999999991,0.251696,0.121869091,2.284485
6173,0.001155641199999999,0.23159549999999998,0.122954518,1.922676
6174,0.0011565411999999997,0.211495,0.121869091,1.5608670000000002
6175,0.0011574411999999996,0.23159549999999998,0.122954518,1.400063
6176,0.0011583411999999994,0.23159549999999998,0.121869091,1.520666
6177,0.0011592411999999993,0.211495,0.121869091,1.8422740000000002
6178,0.0011601411999999992,0.23159549999999998,0.121869091,2.284485
6179,0.001161041199999999,0.23159549999999998,0.120783664,2.726696
6180,0.0011619411999999997,0.23159549999999998,0.120783664,3.1689070000000004
6181,0.0011628411999999996,0.211495,0.120783664,3.28951
6182,0.0011637411999999995,0.251696,0.121869091,3.329711
6183,0.0011646411999999993,0.251696,0.120783664,3.0483040000000003
6184,0.0011655411999999992,0.23159549999999998,0.119698237,2.646294
6185,0.001166441199999999,0.23159549999999998,0.119698237,2.163882
6186,0.0011673411999999998,0.23159549999999998,0.120783664,1.761872
6187,0.0011682411999999996,0.23159549999999998,0.120783664,1.520666
6188,0.0011691411999999995,0.251696,0.120783664,1.4402640000000002
6189,0.0011700411999999993,0.251696,0.121869091,1.6010680000000002
6190,0.0011709411999999992,0.23159549999999998,0.121869091,1.8020730000000003
6191,0.001171841199999999,0.211495,0.120783664,2.2442840000000004
6192,0.0011727411999999998,0.23159549999999998,0.121869091,2.726696
6193,0.0011736411999999996,0.2717965,0.121869091,3.0483040000000003
6194,0.0011745411999999995,0.251696,0.121869091,3.2493090000000002
6195,0.0011754411999999994,0.23159549999999998,0.121869091,3.3699120000000002
6196,0.0011763411999999992,0.251696,0.121869091,3.28951
6197,0.001177241199999999,0.251696,0.121869091,3.088505
6198,0.0011781411999999998,0.251696,0.120783664,2.8070980000000003
6199,0.0011790411999999997,0.251696,0.121869091,2.525691
6200,0.0011799411999999995,0.251696,0.120783664,2.2040830000000002
6201,0.0011808411999999994,0.23159549999999998,0.121869091,1.922676
6202,0.0011817411999999992,0.23159549999999998,0.120783664,1.641269
6203,0.001182641199999999,0.251696,0.121869091,1.4804650000000001
6204,0.001183541199999999,0.251696,0.122954518,1.400063
6205,0.0011844411999999997,0.23159549999999998,0.121869091,1.4402640000000002
6206,0.0011853411999999995,0.23159549999999998,0.122954518,1.6010680000000002
6207,0.0011862411999999994,0.251696,0.121869091,1.8020730000000003
6208,0.0011871411999999993,0.251696,0.121869091,2.043279
6209,0.0011880411999999991,0.251696,0.121869091,2.3246860000000003
6210,0.001188941199999999,0.23159549999999998,0.120783664,2.606093
6211,0.0011898411999999997,0.23159549999999998,0.120783664,2.8875
6212,0.0011907411999999996,0.23159549999999998,0.121869091,3.088505
6213,0.0011916411999999994,0.251696,0.120783664,3.28951
6214,0.0011925411999999993,0.251696,0.120783664,3.3699120000000002
6215,0.0011934411999999991,0.251696,0.119698237,3.329711
6216,0.001194341199999999,0.251696,0.120783664,3.128706
6217,0.0011952411999999997,0.23159549999999998,0.120783664,2.9277010000000003
6218,0.0011961411999999996,0.251696,0.120783664,2.606093
6219,0.0011970411999999995,0.23159549999999998,0.121869091,2.2442840000000004
6220,0.0011979411999999993,0.251696,0.120783664,1.8824750000000001
6221,0.0011988411999999992,0.23159549999999998,0.120783664,1.5608670000000002
6222,0.001199741199999999,0.23159549999999998,0.121869091,1.400063
6223,0.0012006411999999998,0.23159549999999998,0.119698237,1.4804650000000001
6224,0.0012015411999999996,0.251696,0.120783664,1.7216710000000002
6225,0.0012024411999999995,0.251696,0.119698237,2.0030780000000004
6226,0.0012033411999999993,0.23159549999999998,0.120783664,2.405088
6227,0.0012042411999999992,0.251696,0.119698237,2.847299
6228,0.001205141199999999,0.2717965,0.120783664,3.209108
6229,0.0012060411999999998,0.251696,0.120783664,3.329711
6230,0.0012069411999999996,0.251696,0.121869091,3.2493090000000002
6231,0.0012078411999999995,0.251696,0.120783664,2.967902
6232,0.0012087411999999994,0.2717965,0.121869091,2.525691
6233,0.0012096411999999992,0.2717965,0.121869091,2.08348
6234,0.001210541199999999,0.23159549999999998,0.121869091,1.641269
6235,0.0012114411999999998,0.251696,0.121869091,1.400063
6236,0.0012123411999999997,0.251696,0.121869091,1.4804650000000001
6237,0.0012132411999999995,0.2717965,0.120783664,1.6814700000000002
6238,0.0012141411999999994,0.251696,0.121869091,2.2040830000000002
6239,0.0012150411999999992,0.23159549999999998,0.121869091,2.606093
6240,0.001215941199999999,0.251696,0.122954518,3.008103
6241,0.001216841199999999,0.251696,0.121869091,3.2493090000000002
6242,0.0012177411999999997,0.251696,0.122954518,3.329711
6243,0.0012186411999999995,0.251696,0.120783664,3.128706
6244,0.0012195411999999994,0.2717965,0.120783664,2.766897
6245,0.0012204411999999993,0.2717965,0.119698237,2.3246860000000003
6246,0.0012213411999999991,0.251696,0.119698237,1.8422740000000002
6247,0.001222241199999999,0.23159549999999998,0.121869091,1.520666
6248,0.0012231411999999997,0.2717965,0.120783664,1.4804650000000001
6249,0.0012240411999999996,0.251696,0.122954518,1.4804650000000001
6250,0.0012249411999999994,0.251696,0.119698237,1.641269
6251,0.0012258411999999993,0.251696,0.120783664,1.9628770000000002
6252,0.0012267411999999991,0.251696,0.121869091,2.3246860000000003
6253,0.001227641199999999,0.29189699999999996,0.120783664,2.6864950000000003
6254,0.0012285411999999997,0.251696,0.120783664,2.967902
6255,0.0012294411999999996,0.251696,0.120783664,3.1689070000000004
6256,0.0012303411999999994,0.251696,0.119698237,3.2493090000000002
6257,0.0012312411999999993,0.2717965,0.121869091,3.329711
6258,0.0012321411999999992,0.251696,0.120783664,3.28951
6259,0.001233041199999999,0.251696,0.121869091,3.088505
6260,0.0012339411999999998,0.2717965,0.120783664,2.8875
6261,0.0012348411999999996,0.23159549999999998,0.119698237,2.646294
6262,0.0012357411999999995,0.251696,0.120783664,2.3648870000000004
6263,0.0012366411999999993,0.29189699999999996,0.120783664,2.08348
6264,0.0012375411999999992,0.251696,0.121869091,1.8422740000000002
6265,0.001238441199999999,0.251696,0.121869091,1.641269
6266,0.0012393411999999998,0.23159549999999998,0.121869091,1.520666
6267,0.0012402411999999996,0.251696,0.122954518,1.400063
6268,0.0012411411999999995,0.2717965,0.121869091,1.4402640000000002
6269,0.0012420411999999994,0.2717965,0.122954518,1.520666
6270,0.0012429411999999992,0.251696,0.121869091,1.6814700000000002
6271,0.001243841199999999,0.23159549999999998,0.122954518,2.0030780000000004
6272,0.0012447411999999998,0.23159549999999998,0.121869091,2.3648870000000004
6273,0.0012456411999999997,0.211495,0.122954518,2.726696
6274,0.0012465411999999995,0.2717965,0.121869091,3.008103
6275,0.0012474411999999994,0.251696,0.120783664,3.209108
6276,0.0012483411999999992,0.251696,0.122954518,3.329711
6277,0.001249241199999999,0.2717965,0.121869091,3.28951
6278,0.001250141199999999,0.251696,0.120783664,3.088505
6279,0.0012510411999999997,0.251696,0.119698237,2.6864950000000003
6280,0.0012519411999999995,0.251696,0.121869091,2.284485
6281,0.0012528411999999994,0.251696,0.121869091,1.8020730000000003
6282,0.0012537411999999993,0.23159549999999998,0.11861281,1.5608670000000002
6283,0.0012546411999999991,0.251696,0.120783664,1.3598620000000001
6284,0.001255541199999999,0.23159549999999998,0.120783664,1.5608670000000002
6285,0.0012564411999999997,0.2717965,0.119698237,1.8422740000000002
6286,0.0012573411999999996,0.251696,0.120783664,2.3246860000000003
6287,0.0012582411999999994,0.251696,0.120783664,2.8875
6288,0.0012591411999999993,0.251696,0.120783664,3.1689070000000004
6289,0.0012600411999999991,0.2717965,0.120783664,3.329711
6290,0.001260941199999999,0.251696,0.119698237,3.1689070000000004
6291,0.0012618411999999997,0.2717965,0.120783664,2.766897
6292,0.0012627411999999996,0.23159549999999998,0.120783664,2.284485
6293,0.0012636411999999994,0.251696,0.120783664,1.761872
6294,0.0012645411999999993,0.251696,0.122954518,1.4402640000000002
6295,0.0012654411999999992,0.2717965,0.120783664,1.4402640000000002
6296,0.001266341199999999,0.29189699999999996,0.122954518,1.6814700000000002
6297,0.0012672411999999997,0.29189699999999996,0.121869091,2.1236810000000004
6298,0.0012681411999999996,0.23159549999999998,0.120783664,2.646294
6299,0.0012690411999999995,0.2717965,0.121869091,3.0483040000000003
6300,0.0012699411999999993,0.251696,0.122954518,3.2493090000000002
6301,0.0012708411999999992,0.2717965,0.121869091,3.329711
6302,0.001271741199999999,0.251696,0.121869091,3.1689070000000004
6303,0.0012726411999999998,0.2717965,0.120783664,2.9277010000000003
6304,0.0012735411999999996,0.251696,0.120783664,2.606093
6305,0.0012744411999999995,0.2717965,0.120783664,2.163882
6306,0.0012753411999999993,0.251696,0.120783664,1.8824750000000001
6307,0.0012762411999999992,0.251696,0.120783664,1.6010680000000002
6308,0.001277141199999999,0.251696,0.11861281,1.4402640000000002
6309,0.0012780411999999998,0.251696,0.120783664,1.3598620000000001
6310,0.0012789411999999997,0.23159549999999998,0.119698237,1.4804650000000001
6311,0.0012798411999999995,0.251696,0.121869091,1.6814700000000002
6312,0.0012807411999999994,0.23159549999999998,0.119698237,1.7216710000000002
6313,0.0012816411999999992,0.251696,0.11861281,2.0030780000000004
6314,0.001282541199999999,0.23159549999999998,0.120783664,2.284485
6315,0.001283441199999999,0.251696,0.121869091,2.525691
6316,0.0012843411999999997,0.251696,0.120783664,2.726696
6317,0.0012852411999999995,0.29189699999999996,0.11861281,2.967902
6318,0.0012861411999999994,0.29189699999999996,0.119698237,3.1689070000000004
6319,0.0012870411999999993,0.2717965,0.120783664,3.28951
6320,0.0012879411999999991,0.2717965,0.11861281,3.3699120000000002
6321,0.001288841199999999,0.251696,0.120783664,3.28951
6322,0.0012897411999999997,0.251696,0.119698237,3.209108
6323,0.0012906411999999996,0.2717965,0.120783664,2.967902
6324,0.0012915411999999994,0.251696,0.119698237,2.766897
6325,0.0012924411999999993,0.2717965,0.121869091,2.4854900000000004
6326,0.0012933411999999991,0.2717965,0.121869091,2.2040830000000002
6327,0.001294241199999999,0.23159549999999998,0.120783664,1.8824750000000001
6328,0.0012951411999999997,0.251696,0.121869091,1.5608670000000002
6329,0.0012960411999999996,0.251696,0.119698237,1.4402640000000002
6330,0.0012969411999999994,0.2717965,0.119698237,1.400063
6331,0.0012978411999999993,0.2717965,0.121869091,1.5608670000000002
6332,0.0012987411999999992,0.251696,0.121869091,1.8824750000000001
6333,0.001299641199999999,0.251696,0.120783664,2.284485
6334,0.0013005411999999997,0.251696,0.120783664,2.726696
6335,0.0013014411999999996,0.251696,0.121869091,3.128706
6336,0.0013023411999999995,0.251696,0.121869091,3.28951
6337,0.0013032411999999993,0.23159549999999998,0.120783664,3.28951
6338,0.0013041411999999992,0.2717965,0.121869091,2.8875
6339,0.001305041199999999,0.2717965,0.120783664,2.4452890000000003
6340,0.0013059411999999998,0.29189699999999996,0.121869091,1.9628770000000002
6341,0.0013068411999999996,0.2717965,0.121869091,1.5608670000000002
6342,0.0013077411999999995,0.251696,0.120783664,1.4402640000000002
6343,0.0013086411999999993,0.2717965,0.120783664,1.5608670000000002
6344,0.0013095411999999992,0.251696,0.119698237,1.9628770000000002
6345,0.001310441199999999,0.29189699999999996,0.120783664,2.5658920000000003
6346,0.0013113411999999998,0.2717965,0.119698237,3.0483040000000003
6347,0.0013122411999999996,0.251696,0.11861281,3.28951
6348,0.0013131411999999995,0.2717965,0.119698237,3.28951
6349,0.0013140411999999994,0.2717965,0.11861281,3.0483040000000003
6350,0.0013149411999999992,0.23159549999999998,0.119698237,2.606093
6351,0.001315841199999999,0.2717965,0.120783664,2.163882
6352,0.001316741199999999,0.2717965,0.119698237,1.761872
6353,0.0013176411999999997,0.2717965,0.119698237,1.4804650000000001
6354,0.0013185411999999995,0.29189699999999996,0.119698237,1.400063
6355,0.0013194411999999994,0.251696,0.120783664,1.4804650000000001
6356,0.0013203411999999993,0.29189699999999996,0.119698237,1.761872
6357,0.0013212411999999991,0.251696,0.120783664,2.08348
6358,0.001322141199999999,0.2717965,0.120783664,2.4452890000000003
6359,0.0013230411999999997,0.2717965,0.120783664,2.8070980000000003
6360,0.0013239411999999996,0.2717965,0.119698237,3.088505
6361,0.0013248411999999994,0.251696,0.119698237,3.28951
6362,0.0013257411999999993,0.2717965,0.120783664,3.329711
6363,0.0013266411999999991,0.2717965,0.121869091,3.28951
6364,0.001327541199999999,0.2717965,0.120783664,3.209108
6365,0.0013284411999999997,0.2717965,0.121869091,2.967902
6366,0.0013293411999999996,0.2717965,0.119698237,2.766897
6367,0.0013302411999999994,0.2717965,0.122954518,2.5658920000000003
6368,0.0013311411999999993,0.2717965,0.120783664,2.2442840000000004
6369,0.0013320411999999992,0.29189699999999996,0.120783664,2.0030780000000004
6370,0.001332941199999999,0.29189699999999996,0.120783664,1.761872
6371,0.0013338411999999997,0.2717965,0.120783664,1.5608670000000002
6372,0.0013347411999999996,0.29189699999999996,0.121869091,1.4402640000000002
6373,0.0013356411999999995,0.29189699999999996,0.119698237,1.4402640000000002
6374,0.0013365411999999993,0.2717965,0.120783664,1.4402640000000002
6375,0.0013374411999999992,0.251696,0.119698237,1.5608670000000002
6376,0.001338341199999999,0.2717965,0.119698237,1.8422740000000002
6377,0.0013392411999999998,0.2717965,0.121869091,2.043279
6378,0.0013401411999999996,0.251696,0.120783664,2.4452890000000003
6379,0.0013410411999999995,0.251696,0.119698237,2.766897
6380,0.0013419411999999993,0.2717965,0.119698237,3.0483040000000003
6381,0.0013428411999999992,0.251696,0.11861281,3.28951
6382,0.001343741199999999,0.2717965,0.119698237,3.329711
6383,0.0013446411999999998,0.251696,0.119698237,3.209108
6384,0.0013455411999999996,0.2717965,0.119698237,2.9277010000000003
6385,0.0013464411999999995,0.2717965,0.11861281,2.606093
6386,0.0013473411999999994,0.2717965,0.119698237,2.2040830000000002
6387,0.0013482411999999992,0.251696,0.119698237,1.761872
6388,0.001349141199999999,0.2717965,0.11861281,1.4804650000000001
6389,0.001350041199999999,0.2717965,0.119698237,1.3598620000000001
6390,0.0013509411999999997,0.2717965,0.119698237,1.5608670000000002
6391,0.0013518411999999995,0.2717965,0.119698237,1.922676
6392,0.0013527411999999994,0.2717965,0.119698237,2.3648870000000004
6393,0.0013536411999999992,0.2717965,0.120783664,2.847299
6394,0.001354541199999999,0.2717965,0.120783664,3.1689070000000004
6395,0.001355441199999999,0.29189699999999996,0.120783664,3.329711
6396,0.0013563411999999997,0.3119975,0.119698237,3.209108
6397,0.0013572411999999996,0.251696,0.120783664,2.847299
6398,0.0013581411999999994,0.2717965,0.119698237,2.3648870000000004
6399,0.0013590411999999993,0.2717965,0.120783664,1.8824750000000001
6400,0.0013599411999999991,0.2717965,0.120783664,1.520666
6401,0.001360841199999999,0.2717965,0.120783664,1.400063
6402,0.0013617411999999997,0.3119975,0.121869091,1.520666
6403,0.0013626411999999996,0.2717965,0.120783664,1.8422740000000002
6404,0.0013635411999999994,0.29189699999999996,0.120783664,2.284485
6405,0.0013644411999999993,0.29189699999999996,0.119698237,2.766897
6406,0.0013653411999999992,0.29189699999999996,0.120783664,3.088505
6407,0.001366241199999999,0.2717965,0.120783664,3.28951
6408,0.0013671411999999997,0.2717965,0.119698237,3.28951
6409,0.0013680411999999996,0.29189699999999996,0.119698237,3.088505
6410,0.0013689411999999995,0.29189699999999996,0.119698237,2.8070980000000003
6411,0.0013698411999999993,0.2717965,0.120783664,2.3246860000000003
6412,0.0013707411999999992,0.29189699999999996,0.11861281,1.9628770000000002
6413,0.001371641199999999,0.2717965,0.120783664,1.641269
6414,0.0013725411999999998,0.29189699999999996,0.11861281,1.520666
6415,0.0013734411999999996,0.2717965,0.119698237,1.400063
6416,0.0013743411999999995,0.251696,0.120783664,1.4804650000000001
6417,0.0013752411999999993,0.29189699999999996,0.119698237,1.6010680000000002
6418,0.0013761411999999992,0.2717965,0.119698237,1.9628770000000002
6419,0.001377041199999999,0.29189699999999996,0.120783664,2.284485
6420,0.0013779411999999998,0.2717965,0.120783664,2.606093
6421,0.0013788411999999996,0.29189699999999996,0.120783664,2.8875
6422,0.0013797411999999995,0.2717965,0.119698237,3.128706
6423,0.0013806411999999994,0.2717965,0.120783664,3.2493090000000002
6424,0.0013815411999999992,0.29189699999999996,0.120783664,3.329711
6425,0.001382441199999999,0.29189699999999996,0.11861281,3.28951
6426,0.001383341199999999,0.2717965,0.120783664,3.1689070000000004
6427,0.0013842411999999997,0.29189699999999996,0.120783664,2.967902
6428,0.0013851411999999995,0.2717965,0.121869091,2.6864950000000003
6429,0.0013860411999999994,0.2717965,0.121869091,2.3648870000000004
6430,0.0013869411999999992,0.2717965,0.119698237,2.043279
6431,0.001387841199999999,0.2717965,0.119698237,1.761872
6432,0.001388741199999999,0.2717965,0.120783664,1.5608670000000002
6433,0.0013896411999999997,0.3119975,0.121869091,1.400063
6434,0.0013905411999999995,0.2717965,0.120783664,1.4402640000000002
6435,0.0013914411999999994,0.2717965,0.120783664,1.520666
6436,0.0013923411999999993,0.251696,0.120783664,1.8422740000000002
6437,0.0013932411999999991,0.29189699999999996,0.120783664,2.2442840000000004
6438,0.001394141199999999,0.29189699999999996,0.120783664,2.5658920000000003
6439,0.0013950411999999997,0.29189699999999996,0.120783664,2.9277010000000003
6440,0.0013959411999999996,0.2717965,0.119698237,3.2493090000000002
6441,0.0013968411999999994,0.29189699999999996,0.11861281,3.28951
6442,0.0013977411999999993,0.2717965,0.120783664,3.209108
6443,0.0013986411999999991,0.29189699999999996,0.119698237,2.9277010000000003
6444,0.001399541199999999,0.29189699999999996,0.119698237,2.5658920000000003
6445,0.0014004411999999997,0.2717965,0.119698237,2.1236810000000004
6446,0.0014013411999999996,0.29189699999999996,0.119698237,1.7216710000000002
6447,0.0014022411999999995,0.29189699999999996,0.119698237,1.4402640000000002
6448,0.0014031411999999993,0.29189699999999996,0.119698237,1.4402640000000002
6449,0.0014040411999999992,0.29189699999999996,0.11861281,1.641269
6450,0.001404941199999999,0.3119975,0.11861281,2.08348
6451,0.0014058411999999998,0.29189699999999996,0.119698237,2.606093
6452,0.0014067411999999996,0.29189699999999996,0.120783664,3.0483040000000003
6453,0.0014076411999999995,0.29189699999999996,0.119698237,3.329711
6454,0.0014085411999999993,0.2717965,0.120783664,3.28951
6455,0.0014094411999999992,0.2717965,0.119698237,2.967902
6456,0.001410341199999999,0.29189699999999996,0.119698237,2.5658920000000003
6457,0.0014112411999999998,0.251696,0.120783664,1.9628770000000002
6458,0.0014121411999999996,0.2717965,0.119698237,1.6010680000000002
6459,0.0014130411999999995,0.251696,0.119698237,1.400063
6460,0.0014139411999999994,0.2717965,0.119698237,1.4804650000000001
6461,0.0014148411999999992,0.251696,0.119698237,1.7216710000000002
6462,0.001415741199999999,0.3119975,0.121869091,2.1236810000000004
6463,0.0014166411999999998,0.2717965,0.119698237,2.5658920000000003
6464,0.0014175411999999997,0.2717965,0.121869091,2.9277010000000003
6465,0.0014184411999999995,0.29189699999999996,0.120783664,3.209108
6466,0.0014193411999999994,0.2717965,0.120783664,3.329711
6467,0.0014202411999999992,0.29189699999999996,0.119698237,3.209108
6468,0.001421141199999999,0.3119975,0.119698237,2.9277010000000003
6469,0.001422041199999999,0.3119975,0.120783664,2.726696
6470,0.0014229411999999997,0.3119975,0.120783664,2.3246860000000003
6471,0.0014238411999999995,0.2717965,0.120783664,2.0030780000000004
6472,0.0014247411999999994,0.29189699999999996,0.11861281,1.641269
6473,0.0014256411999999993,0.29189699999999996,0.119698237,1.520666
6474,0.0014265411999999991,0.29189699999999996,0.119698237,1.400063
6475,0.001427441199999999,0.29189699999999996,0.11861281,1.400063
6476,0.0014283411999999997,0.3119975,0.11861281,1.5608670000000002
6477,0.0014292411999999996,0.3119975,0.120783664,1.8020730000000003
6478,0.0014301411999999994,0.3119975,0.120783664,2.043279
6479,0.0014310411999999993,0.251696,0.119698237,2.3246860000000003
6480,0.0014319411999999991,0.29189699999999996,0.119698237,2.646294
6481,0.001432841199999999,0.29189699999999996,0.11861281,2.8875
6482,0.0014337411999999997,0.29189699999999996,0.119698237,3.128706
6483,0.0014346411999999996,0.2717965,0.119698237,3.1689070000000004
6484,0.0014355411999999994,0.3119975,0.119698237,3.28951
6485,0.0014364411999999993,0.29189699999999996,0.11861281,3.209108
6486,0.0014373411999999992,0.2717965,0.11861281,3.0483040000000003
6487,0.001438241199999999,0.3119975,0.119698237,2.8070980000000003
6488,0.0014391411999999998,0.2717965,0.119698237,2.4854900000000004
6489,0.0014400411999999996,0.2717965,0.120783664,2.08348
6490,0.0014409411999999995,0.2717965,0.119698237,1.761872
6491,0.0014418411999999993,0.29189699999999996,0.119698237,1.6010680000000002
6492,0.0014427411999999992,0.29189699999999996,0.11861281,1.400063
6493,0.001443641199999999,0.29189699999999996,0.120783664,1.4804650000000001
6494,0.0014445411999999998,0.29189699999999996,0.119698237,1.6814700000000002
6495,0.0014454411999999996,0.29189699999999996,0.119698237,2.043279
6496,0.0014463411999999995,0.2717965,0.120783664,2.5658920000000003
6497,0.0014472411999999994,0.2717965,0.119698237,2.967902
6498,0.0014481411999999992,0.2717965,0.119698237,3.209108
6499,0.001449041199999999,0.29189699999999996,0.119698237,3.329711
6500,0.0014499411999999998,0.29189699999999996,0.119698237,3.128706
6501,0.0014508411999999997,0.29189699999999996,0.120783664,2.6864950000000003
6502,0.0014517411999999995,0.29189699999999996,0.119698237,2.2040830000000002
6503,0.0014526411999999994,0.29189699999999996,0.120783664,1.761872
6504,0.0014535411999999992,0.3119975,0.119698237,1.400063
6505,0.001454441199999999,0.2717965,0.119698237,1.3598620000000001
6506,0.001455341199999999,0.2717965,0.119698237,1.641269
6507,0.0014562411999999997,0.2717965,0.119698237,2.043279
6508,0.0014571411999999995,0.2717965,0.119698237,2.5658920000000003
6509,0.0014580411999999994,0.2717965,0.119698237,2.967902
6510,0.0014589411999999993,0.29189699999999996,0.11861281,3.329711
6511,0.0014598411999999991,0.29189699999999996,0.120783664,3.28951
6512,0.001460741199999999,0.3119975,0.117527383,3.0483040000000003
6513,0.0014616411999999997,0.3119975,0.119698237,2.646294
6514,0.0014625411999999996,0.332098,0.119698237,2.2442840000000004
6515,0.0014634411999999994,0.29189699999999996,0.11861281,1.761872
6516,0.0014643411999999993,0.2717965,0.11861281,1.520666
6517,0.0014652411999999991,0.29189699999999996,0.119698237,1.3598620000000001
6518,0.001466141199999999,0.29189699999999996,0.11861281,1.400063
6519,0.0014670411999999997,0.2717965,0.119698237,1.641269
6520,0.0014679411999999996,0.29189699999999996,0.11861281,1.9628770000000002
6521,0.0014688411999999994,0.2717965,0.119698237,2.405088
6522,0.0014697411999999993,0.3119975,0.120783664,2.726696
6523,0.0014706411999999992,0.29189699999999996,0.119698237,3.0483040000000003
6524,0.001471541199999999,0.3119975,0.120783664,3.28951
6525,0.0014724411999999997,0.29189699999999996,0.119698237,3.329711
6526,0.0014733411999999996,0.3119975,0.119698237,3.2493090000000002
6527,0.0014742411999999995,0.29189699999999996,0.119698237,3.088505
6528,0.0014751411999999993,0.29189699999999996,0.119698237,2.766897
6529,0.0014760411999999992,0.3119975,0.120783664,2.4452890000000003
6530,0.001476941199999999,0.29189699999999996,0.119698237,2.1236810000000004
6531,0.0014778411999999998,0.3119975,0.119698237,1.8422740000000002
6532,0.0014787411999999996,0.29189699999999996,0.121869091,1.6010680000000002
6533,0.0014796411999999995,0.29189699999999996,0.119698237,1.4402640000000002
6534,0.0014805411999999993,0.29189699999999996,0.119698237,1.4402640000000002
6535,0.0014814411999999992,0.3119975,0.119698237,1.4804650000000001
6536,0.001482341199999999,0.29189699999999996,0.120783664,1.6814700000000002
6537,0.0014832411999999998,0.2717965,0.11861281,1.9628770000000002
6538,0.0014841411999999997,0.29189699999999996,0.120783664,2.2442840000000004
6539,0.0014850411999999995,0.2717965,0.11861281,2.606093
6540,0.0014859411999999994,0.29189699999999996,0.11861281,2.967902
6541,0.0014868411999999992,0.3119975,0.11861281,3.1689070000000004
6542,0.001487741199999999,0.29189699999999996,0.119698237,3.2493090000000002
6543,0.001488641199999999,0.3119975,0.119698237,3.2493090000000002
6544,0.0014895411999999997,0.3119975,0.11861281,3.0483040000000003
6545,0.0014904411999999995,0.3119975,0.119698237,2.726696
6546,0.0014913411999999994,0.3119975,0.11861281,2.2442840000000004
6547,0.0014922411999999993,0.29189699999999996,0.11861281,1.8824750000000001
6548,0.0014931411999999991,0.29189699999999996,0.11861281,1.5608670000000002
6549,0.001494041199999999,0.29189699999999996,0.11861281,1.3598620000000001
6550,0.0014949411999999997,0.2717965,0.119698237,1.4402640000000002
6551,0.0014958411999999996,0.29189699999999996,0.119698237,1.7216710000000002
6552,0.0014967411999999994,0.2717965,0.11861281,2.1236810000000004
6553,0.0014976411999999993,0.3119975,0.119698237,2.5658920000000003
6554,0.0014985411999999991,0.3119975,0.120783664,3.0483040000000003
6555,0.001499441199999999,0.29189699999999996,0.119698237,3.209108
6556,0.0015003411999999997,0.29189699999999996,0.119698237,3.2493090000000002
6557,0.0015012411999999996,0.29189699999999996,0.120783664,3.0483040000000003
6558,0.0015021411999999994,0.29189699999999996,0.120783664,2.6864950000000003
6559,0.0015030411999999993,0.29189699999999996,0.120783664,2.284485
6560,0.0015039411999999992,0.3119975,0.119698237,1.761872
6561,0.001504841199999999,0.332098,0.120783664,1.4402640000000002
6562,0.0015057411999999997,0.3119975,0.120783664,1.3598620000000001
6563,0.0015066411999999996,0.2717965,0.120783664,1.520666
6564,0.0015075411999999995,0.3119975,0.120783664,1.8020730000000003
6565,0.0015084411999999993,0.29189699999999996,0.120783664,2.284485
6566,0.0015093411999999992,0.29189699999999996,0.120783664,2.726696
6567,0.001510241199999999,0.3119975,0.11861281,3.128706
6568,0.0015111411999999998,0.332098,0.119698237,3.329711
6569,0.0015120411999999996,0.2717965,0.11861281,3.2493090000000002
6570,0.0015129411999999995,0.3119975,0.11861281,3.0483040000000003
6571,0.0015138411999999993,0.3119975,0.120783664,2.646294
6572,0.0015147411999999992,0.29189699999999996,0.119698237,2.2442840000000004
6573,0.001515641199999999,0.3119975,0.119698237,1.8824750000000001
6574,0.0015165411999999998,0.3119975,0.11861281,1.6010680000000002
6575,0.0015174411999999997,0.29189699999999996,0.119698237,1.400063
6576,0.0015183411999999995,0.29189699999999996,0.119698237,1.3598620000000001
6577,0.0015192411999999994,0.29189699999999996,0.11861281,1.5608670000000002
6578,0.0015201411999999992,0.29189699999999996,0.117527383,1.8020730000000003
6579,0.001521041199999999,0.29189699999999996,0.119698237,2.08348
6580,0.001521941199999999,0.3119975,0.119698237,2.3246860000000003
6581,0.0015228411999999997,0.3119975,0.119698237,2.726696
6582,0.0015237411999999995,0.3119975,0.11861281,3.0483040000000003
6583,0.0015246411999999994,0.29189699999999996,0.119698237,3.209108
6584,0.0015255411999999993,0.29189699999999996,0.119698237,3.28951
6585,0.0015264411999999991,0.3119975,0.11861281,3.209108
6586,0.001527341199999999,0.29189699999999996,0.120783664,3.128706
6587,0.0015282411999999997,0.29189699999999996,0.119698237,2.8070980000000003
6588,0.0015291411999999996,0.3119975,0.119698237,2.5658920000000003
6589,0.0015300411999999994,0.29189699999999996,0.120783664,2.2442840000000004
6590,0.0015309411999999993,0.3119975,0.119698237,1.8824750000000001
6591,0.0015318411999999991,0.3119975,0.119698237,1.6010680000000002
6592,0.001532741199999999,0.29189699999999996,0.120783664,1.400063
6593,0.0015336411999999997,0.29189699999999996,0.120783664,1.3196610000000002
6594,0.0015345411999999996,0.2717965,0.120783664,1.4804650000000001
6595,0.0015354411999999994,0.2717965,0.119698237,1.7216710000000002
6596,0.0015363411999999993,0.3119975,0.119698237,2.1236810000000004
6597,0.0015372411999999992,0.29189699999999996,0.119698237,2.4452890000000003
6598,0.001538141199999999,0.3119975,0.11861281,2.8875
6599,0.0015390411999999997,0.29189699999999996,0.119698237,3.1689070000000004
6600,0.0015399411999999996,0.3119975,0.119698237,3.329711
6601,0.0015408411999999995,0.29189699999999996,0.11861281,3.28951
6602,0.0015417411999999993,0.3119975,0.119698237,2.967902
6603,0.0015426411999999992,0.2717965,0.11861281,2.606093
6604,0.001543541199999999,0.29189699999999996,0.11861281,2.08348
6605,0.0015444411999999998,0.29189699999999996,0.11861281,1.6814700000000002
6606,0.0015453411999999996,0.3119975,0.11861281,1.4402640000000002
6607,0.0015462411999999995,0.3119975,0.11861281,1.400063
6608,0.0015471411999999993,0.3119975,0.117527383,1.6010680000000002
6609,0.0015480411999999992,0.29189699999999996,0.11861281,1.9628770000000002
6610,0.001548941199999999,0.3119975,0.11861281,2.525691
6611,0.0015498411999999998,0.3119975,0.11861281,3.008103
6612,0.0015507411999999996,0.3119975,0.119698237,3.2493090000000002
6613,0.0015516411999999995,0.3119975,0.119698237,3.28951
6614,0.0015525411999999994,0.3119975,0.119698237,3.088505
6615,0.0015534411999999992,0.332098,0.119698237,2.646294
6616,0.001554341199999999,0.29189699999999996,0.117527383,2.2040830000000002
6617,0.001555241199999999,0.3119975,0.11861281,1.8020730000000003
6618,0.0015561411999999997,0.3119975,0.11861281,1.4804650000000001
6619,0.0015570411999999995,0.29189699999999996,0.119698237,1.400063
6620,0.0015579411999999994,0.3119975,0.119698237,1.520666
6621,0.0015588411999999992,0.3119975,0.119698237,1.761872
6622,0.001559741199999999,0.2717965,0.120783664,2.163882
6623,0.001560641199999999,0.3119975,0.119698237,2.5658920000000003
6624,0.0015615411999999997,0.3119975,0.120783664,3.008103
6625,0.0015624411999999996,0.3119975,0.120783664,3.209108
6626,0.0015633411999999994,0.3119975,0.119698237,3.2493090000000002
6627,0.0015642411999999993,0.332098,0.120783664,3.209108
6628,0.0015651411999999991,0.3119975,0.119698237,3.0483040000000003
6629,0.001566041199999999,0.29189699999999996,0.119698237,2.766897
6630,0.0015669411999999997,0.29189699999999996,0.119698237,2.4452890000000003
6631,0.0015678411999999996,0.3119975,0.120783664,2.1236810000000004
6632,0.0015687411999999994,0.3119975,0.119698237,1.8020730000000003
6633,0.0015696411999999993,0.29189699999999996,0.11861281,1.520666
6634,0.0015705411999999992,0.3119975,0.11861281,1.4402640000000002
6635,0.001571441199999999,0.29189699999999996,0.119698237,1.400063
6636,0.0015723411999999997,0.3119975,0.119698237,1.4804650000000001
6637,0.0015732411999999996,0.332098,0.119698237,1.6010680000000002
6638,0.0015741411999999995,0.332098,0.11861281,1.922676
6639,0.0015750411999999993,0.3119975,0.11861281,2.2442840000000004
6640,0.0015759411999999992,0.332098,0.11861281,2.606093
6641,0.001576841199999999,0.3119975,0.119698237,2.9277010000000003
6642,0.0015777411999999998,0.3119975,0.11861281,3.128706
6643,0.0015786411999999996,0.3119975,0.11861281,3.28951
6644,0.0015795411999999995,0.3119975,0.11861281,3.28951
6645,0.0015804411999999993,0.3119975,0.117527383,3.088505
6646,0.0015813411999999992,0.3119975,0.116441956,2.847299
6647,0.001582241199999999,0.3119975,0.11861281,2.4452890000000003
6648,0.0015831411999999998,0.3119975,0.11861281,2.0030780000000004
6649,0.0015840411999999996,0.332098,0.11861281,1.7216710000000002
6650,0.0015849411999999995,0.332098,0.119698237,1.4402640000000002
6651,0.0015858411999999994,0.332098,0.119698237,1.400063
6652,0.0015867411999999992,0.3119975,0.119698237,1.6010680000000002
6653,0.001587641199999999,0.332098,0.11861281,1.9628770000000002
6654,0.001588541199999999,0.3119975,0.119698237,2.405088
6655,0.0015894411999999997,0.29189699999999996,0.11861281,2.9277010000000003
6656,0.0015903411999999995,0.3119975,0.119698237,3.1689070000000004
6657,0.0015912411999999994,0.332098,0.119698237,3.28951
6658,0.0015921411999999992,0.3119975,0.120783664,3.088505
6659,0.001593041199999999,0.3119975,0.11861281,2.6864950000000003
6660,0.001593941199999999,0.3119975,0.119698237,2.2040830000000002
6661,0.0015948411999999997,0.3119975,0.119698237,1.7216710000000002
6662,0.0015957411999999995,0.29189699999999996,0.119698237,1.4804650000000001
6663,0.0015966411999999994,0.332098,0.119698237,1.400063
6664,0.0015975411999999993,0.3119975,0.117527383,1.641269
6665,0.0015984411999999991,0.332098,0.11861281,1.9628770000000002
6666,0.001599341199999999,0.332098,0.11861281,2.4452890000000003
6667,0.0016002411999999997,0.332098,0.117527383,2.8875
6668,0.0016011411999999996,0.332098,0.11861281,3.128706
6669,0.0016020411999999994,0.3119975,0.119698237,3.28951
6670,0.0016029411999999993,0.3119975,0.117527383,3.1689070000000004
6671,0.0016038411999999991,0.29189699999999996,0.117527383,2.9277010000000003
6672,0.001604741199999999,0.3119975,0.11861281,2.5658920000000003
6673,0.0016056411999999997,0.3119975,0.11861281,2.1236810000000004
6674,0.0016065411999999996,0.29189699999999996,0.11861281,1.761872
6675,0.0016074411999999995,0.3119975,0.11861281,1.520666
6676,0.0016083411999999993,0.332098,0.117527383,1.3598620000000001
6677,0.0016092411999999992,0.3119975,0.11861281,1.4402640000000002
6678,0.001610141199999999,0.3119975,0.119698237,1.5608670000000002
6679,0.0016110411999999998,0.29189699999999996,0.11861281,1.8422740000000002
6680,0.0016119411999999996,0.332098,0.119698237,2.163882
6681,0.0016128411999999995,0.332098,0.120783664,2.4854900000000004
6682,0.0016137411999999993,0.332098,0.11861281,2.8875
6683,0.0016146411999999992,0.3119975,0.120783664,3.088505
6684,0.001615541199999999,0.332098,0.119698237,3.2493090000000002
6685,0.0016164411999999998,0.332098,0.11861281,3.2493090000000002
6686,0.0016173411999999996,0.332098,0.119698237,3.209108
6687,0.0016182411999999995,0.3119975,0.120783664,2.967902
6688,0.0016191411999999994,0.332098,0.121869091,2.6864950000000003
6689,0.0016200411999999992,0.29189699999999996,0.11861281,2.3246860000000003
6690,0.001620941199999999,0.332098,0.11861281,2.043279
6691,0.001621841199999999,0.3119975,0.120783664,1.7216710000000002
6692,0.0016227411999999997,0.3119975,0.11861281,1.4804650000000001
6693,0.0016236411999999995,0.3119975,0.119698237,1.400063
6694,0.0016245411999999994,0.3119975,0.119698237,1.4402640000000002
6695,0.0016254411999999992,0.3119975,0.120783664,1.6010680000000002
6696,0.001626341199999999,0.3119975,0.11861281,1.9628770000000002
6697,0.001627241199999999,0.35219849999999997,0.11861281,2.3246860000000003
6698,0.0016281411999999997,0.332098,0.11861281,2.726696
6699,0.0016290411999999995,0.3119975,0.117527383,3.128706
6700,0.0016299411999999994,0.3119975,0.117527383,3.28951
6701,0.0016308411999999993,0.332098,0.11861281,3.209108
6702,0.0016317411999999991,0.29189699999999996,0.11861281,3.0483040000000003
6703,0.001632641199999999,0.332098,0.117527383,2.606093
6704,0.0016335411999999997,0.3119975,0.117527383,2.163882
6705,0.0016344411999999996,0.3119975,0.11861281,1.8020730000000003
6706,0.0016353411999999994,0.332098,0.119698237,1.4804650000000001
6707,0.0016362411999999993,0.3119975,0.11861281,1.400063
6708,0.0016371411999999991,0.3119975,0.11861281,1.520666
6709,0.001638041199999999,0.3119975,0.117527383,1.8824750000000001
6710,0.0016389411999999997,0.332098,0.11861281,2.3648870000000004
6711,0.0016398411999999996,0.332098,0.119698237,2.8070980000000003
6712,0.0016407411999999994,0.332098,0.119698237,3.1689070000000004
6713,0.0016416411999999993,0.29189699999999996,0.119698237,3.28951
6714,0.0016425411999999992,0.332098,0.11861281,3.209108
6715,0.001643441199999999,0.3119975,0.120783664,2.9277010000000003
6716,0.0016443411999999998,0.3119975,0.119698237,2.4854900000000004
6717,0.0016452411999999996,0.3119975,0.11861281,2.0030780000000004
6718,0.0016461411999999995,0.332098,0.119698237,1.641269
6719,0.0016470411999999993,0.3119975,0.120783664,1.400063
6720,0.0016479411999999992,0.332098,0.11861281,1.400063
6721,0.001648841199999999,0.3119975,0.119698237,1.520666
6722,0.0016497411999999998,0.3119975,0.11861281,1.8422740000000002
6723,0.0016506411999999996,0.3119975,0.119698237,2.284485
6724,0.0016515411999999995,0.332098,0.119698237,2.6864950000000003
6725,0.0016524411999999994,0.332098,0.117527383,3.0483040000000003
6726,0.0016533411999999992,0.332098,0.117527383,3.2493090000000002
6727,0.001654241199999999,0.3119975,0.11861281,3.28951
6728,0.001655141199999999,0.332098,0.11861281,3.128706
6729,0.0016560411999999997,0.332098,0.11861281,2.847299
6730,0.0016569411999999995,0.332098,0.119698237,2.4854900000000004
6731,0.0016578411999999994,0.332098,0.119698237,2.1236810000000004
6732,0.0016587411999999992,0.332098,0.119698237,1.7216710000000002
6733,0.001659641199999999,0.332098,0.117527383,1.520666
6734,0.001660541199999999,0.332098,0.11861281,1.400063
6735,0.0016614411999999997,0.29189699999999996,0.11861281,1.400063
6736,0.0016623411999999995,0.3119975,0.11861281,1.5608670000000002
6737,0.0016632411999999994,0.332098,0.117527383,1.8020730000000003
6738,0.0016641411999999993,0.332098,0.11861281,2.163882
6739,0.0016650411999999991,0.332098,0.11861281,2.5658920000000003
6740,0.001665941199999999,0.3119975,0.11861281,2.8070980000000003
6741,0.0016668411999999997,0.332098,0.117527383,3.088505
6742,0.0016677411999999996,0.332098,0.117527383,3.2493090000000002
6743,0.0016686411999999994,0.332098,0.11861281,3.28951
6744,0.0016695411999999993,0.29189699999999996,0.11861281,3.128706
6745,0.0016704411999999991,0.332098,0.119698237,2.8875
6746,0.001671341199999999,0.3119975,0.119698237,2.5658920000000003
6747,0.0016722411999999997,0.332098,0.11861281,2.2040830000000002
6748,0.0016731411999999996,0.332098,0.119698237,1.8020730000000003
6749,0.0016740411999999994,0.332098,0.119698237,1.520666
6750,0.0016749411999999993,0.3119975,0.120783664,1.3598620000000001
6751,0.0016758411999999992,0.3119975,0.119698237,1.4402640000000002
6752,0.001676741199999999,0.3119975,0.119698237,1.5608670000000002
6753,0.0016776411999999997,0.3119975,0.119698237,1.922676
6754,0.0016785411999999996,0.3119975,0.119698237,2.284485
6755,0.0016794411999999995,0.332098,0.117527383,2.6864950000000003
6756,0.0016803411999999993,0.332098,0.11861281,3.0483040000000003
6757,0.0016812411999999992,0.3119975,0.11861281,3.2493090000000002
6758,0.001682141199999999,0.332098,0.11861281,3.2493090000000002
6759,0.0016830411999999998,0.35219849999999997,0.117527383,3.088505
6760,0.0016839411999999996,0.3119975,0.117527383,2.726696
6761,0.0016848411999999995,0.332098,0.119698237,2.2442840000000004
6762,0.0016857411999999993,0.332098,0.116441956,1.8020730000000003
6763,0.0016866411999999992,0.3119975,0.11861281,1.4804650000000001
6764,0.001687541199999999,0.332098,0.119698237,1.400063
6765,0.001688441199999999,0.3119975,0.11861281,1.520666
6766,0.0016893411999999997,0.332098,0.11861281,1.8020730000000003
6767,0.0016902411999999995,0.35219849999999997,0.117527383,2.2040830000000002
6768,0.0016911411999999994,0.332098,0.117527383,2.6864950000000003
6769,0.0016920411999999992,0.35219849999999997,0.11861281,3.0483040000000003
6770,0.001692941199999999,0.3119975,0.117527383,3.2493090000000002
6771,0.001693841199999999,0.332098,0.11861281,3.209108
6772,0.0016947411999999997,0.332098,0.119698237,2.9277010000000003
6773,0.0016956411999999995,0.3119975,0.119698237,2.606093
6774,0.0016965411999999994,0.35219849999999997,0.11861281,2.08348
6775,0.0016974411999999993,0.332098,0.11861281,1.7216710000000002
6776,0.0016983411999999991,0.372299,0.117527383,1.4402640000000002
6777,0.001699241199999999,0.332098,0.11861281,1.400063
6778,0.0017001411999999997,0.332098,0.119698237,1.4804650000000001
6779,0.0017010411999999996,0.3119975,0.11861281,1.761872
6780,0.0017019411999999994,0.29189699999999996,0.117527383,2.163882
6781,0.0017028411999999993,0.332098,0.11861281,2.606093
6782,0.0017037411999999991,0.35219849999999997,0.11861281,2.967902
6783,0.001704641199999999,0.332098,0.11861281,3.1689070000000004
6784,0.0017055411999999997,0.332098,0.11861281,3.28951
6785,0.0017064411999999996,0.3119975,0.11861281,3.2493090000000002
6786,0.0017073411999999994,0.35219849999999997,0.11861281,2.967902
6787,0.0017082411999999993,0.3119975,0.11861281,2.646294
6788,0.0017091411999999992,0.332098,0.119698237,2.3648870000000004
6789,0.001710041199999999,0.35219849999999997,0.117527383,1.9628770000000002
6790,0.0017109411999999997,0.332098,0.11861281,1.641269
6791,0.0017118411999999996,0.332098,0.117527383,1.4804650000000001
6792,0.0017127411999999995,0.332098,0.11861281,1.3598620000000001
6793,0.0017136411999999993,0.332098,0.11861281,1.400063
6794,0.0017145411999999992,0.35219849999999997,0.11861281,1.5608670000000002
6795,0.001715441199999999,0.332098,0.117527383,1.761872
6796,0.0017163411999999998,0.332098,0.11861281,2.2040830000000002
6797,0.0017172411999999996,0.332098,0.11861281,2.525691
6798,0.0017181411999999995,0.35219849999999997,0.117527383,2.8070980000000003
6799,0.0017190411999999993,0.332098,0.117527383,3.0483040000000003
6800,0.0017199411999999992,0.332098,0.116441956,3.209108
6801,0.001720841199999999,0.35219849999999997,0.117527383,3.2493090000000002
6802,0.001721741199999999,0.3119975,0.117527383,3.1689070000000004
6803,0.0017226411999999997,0.3119975,0.117527383,2.8875
6804,0.0017235411999999995,0.332098,0.11861281,2.5658920000000003
6805,0.0017244411999999994,0.332098,0.11861281,2.2040830000000002
6806,0.0017253411999999992,0.332098,0.117527383,1.8422740000000002
6807,0.001726241199999999,0.332098,0.117527383,1.5608670000000002
6808,0.001727141199999999,0.332098,0.119698237,1.3598620000000001
6809,0.0017280411999999997,0.332098,0.11861281,1.400063
6810,0.0017289411999999995,0.332098,0.119698237,1.5608670000000002
6811,0.0017298411999999994,0.332098,0.11861281,1.922676
6812,0.0017307411999999993,0.3119975,0.117527383,2.3246860000000003
6813,0.0017316411999999991,0.35219849999999997,0.119698237,2.6864950000000003
6814,0.001732541199999999,0.332098,0.11861281,3.088505
6815,0.0017334411999999997,0.332098,0.119698237,3.2493090000000002
6816,0.0017343411999999996,0.332098,0.11861281,3.1689070000000004
6817,0.0017352411999999994,0.332098,0.11861281,2.967902
6818,0.0017361411999999993,0.332098,0.120783664,2.5658920000000003
6819,0.0017370411999999991,0.332098,0.119698237,2.1236810000000004
6820,0.001737941199999999,0.332098,0.119698237,1.761872
6821,0.0017388411999999997,0.332098,0.11861281,1.4402640000000002
6822,0.0017397411999999996,0.332098,0.11861281,1.3598620000000001
6823,0.0017406411999999994,0.35219849999999997,0.11861281,1.4804650000000001
6824,0.0017415411999999993,0.35219849999999997,0.11861281,1.8422740000000002
6825,0.0017424411999999992,0.332098,0.117527383,2.2442840000000004
6826,0.001743341199999999,0.332098,0.11861281,2.646294
6827,0.0017442411999999997,0.332098,0.11861281,3.0483040000000003
6828,0.0017451411999999996,0.332098,0.117527383,3.2493090000000002
6829,0.0017460411999999995,0.332098,0.117527383,3.2493090000000002
6830,0.0017469411999999993,0.35219849999999997,0.11861281,3.0483040000000003
6831,0.0017478411999999992,0.35219849999999997,0.11861281,2.6864950000000003
6832,0.001748741199999999,0.332098,0.117527383,2.284485
6833,0.0017496411999999998,0.35219849999999997,0.11861281,1.8020730000000003
6834,0.0017505411999999996,0.332098,0.117527383,1.4804650000000001
6835,0.0017514411999999995,0.35219849999999997,0.11861281,1.400063
6836,0.0017523411999999993,0.332098,0.11861281,1.400063
6837,0.0017532411999999992,0.332098,0.119698237,1.6010680000000002
6838,0.001754141199999999,0.332098,0.11861281,2.0030780000000004
6839,0.0017550411999999998,0.3119975,0.11861281,2.3648870000000004
6840,0.0017559411999999996,0.332098,0.119698237,2.766897
6841,0.0017568411999999995,0.332098,0.119698237,3.0483040000000003
6842,0.0017577411999999994,0.35219849999999997,0.119698237,3.2493090000000002
6843,0.0017586411999999992,0.35219849999999997,0.11861281,3.28951
6844,0.001759541199999999,0.332098,0.119698237,3.128706
6845,0.001760441199999999,0.35219849999999997,0.117527383,2.967902
6846,0.0017613411999999997,0.332098,0.11861281,2.606093
6847,0.0017622411999999995,0.332098,0.119698237,2.2442840000000004
6848,0.0017631411999999994,0.332098,0.11861281,1.8824750000000001
6849,0.0017640411999999992,0.332098,0.11861281,1.6010680000000002
6850,0.001764941199999999,0.35219849999999997,0.117527383,1.400063
6851,0.001765841199999999,0.332098,0.11861281,1.3598620000000001
6852,0.0017667411999999997,0.332098,0.11861281,1.4804650000000001
6853,0.0017676411999999996,0.332098,0.11861281,1.6814700000000002
6854,0.0017685411999999994,0.332098,0.11861281,1.922676
6855,0.0017694411999999993,0.332098,0.117527383,2.2442840000000004
6856,0.0017703411999999991,0.35219849999999997,0.117527383,2.646294
6857,0.001771241199999999,0.35219849999999997,0.11861281,2.8875
6858,0.0017721411999999997,0.372299,0.11861281,3.1689070000000004
6859,0.0017730411999999996,0.35219849999999997,0.119698237,3.209108
6860,0.0017739411999999994,0.332098,0.11861281,3.2493090000000002
6861,0.0017748411999999993,0.332098,0.11861281,3.088505
6862,0.0017757411999999992,0.35219849999999997,0.117527383,2.8070980000000003
6863,0.001776641199999999,0.35219849999999997,0.117527383,2.4854900000000004
6864,0.0017775411999999997,0.332098,0.11861281,2.163882
6865,0.0017784411999999996,0.332098,0.11861281,1.8020730000000003
6866,0.0017793411999999995,0.332098,0.117527383,1.520666
6867,0.0017802411999999993,0.35219849999999997,0.11861281,1.3598620000000001
6868,0.0017811411999999992,0.332098,0.117527383,1.400063
6869,0.001782041199999999,0.332098,0.11861281,1.6010680000000002
6870,0.0017829411999999998,0.332098,0.11861281,1.922676
6871,0.0017838411999999996,0.332098,0.117527383,2.3648870000000004
6872,0.0017847411999999995,0.35219849999999997,0.11861281,2.766897
6873,0.0017856411999999993,0.332098,0.119698237,3.088505
6874,0.0017865411999999992,0.35219849999999997,0.11861281,3.2493090000000002
6875,0.001787441199999999,0.35219849999999997,0.117527383,3.209108
6876,0.0017883411999999998,0.332098,0.117527383,2.9277010000000003
6877,0.0017892411999999996,0.35219849999999997,0.11861281,2.606093
6878,0.0017901411999999995,0.332098,0.11861281,2.08348
6879,0.0017910411999999994,0.332098,0.117527383,1.6814700000000002
6880,0.0017919411999999992,0.332098,0.117527383,1.3598620000000001
6881,0.001792841199999999,0.35219849999999997,0.11861281,1.400063
6882,0.001793741199999999,0.35219849999999997,0.117527383,1.6010680000000002
6883,0.0017946411999999997,0.35219849999999997,0.117527383,2.0030780000000004
6884,0.0017955411999999995,0.332098,0.11861281,2.4854900000000004
6885,0.0017964411999999994,0.332098,0.11861281,2.967902
6886,0.0017973411999999992,0.332098,0.11861281,3.209108
6887,0.001798241199999999,0.372299,0.117527383,3.28951
6888,0.001799141199999999,0.35219849999999997,0.11861281,3.088505
6889,0.0018000411999999997,0.35219849999999997,0.11861281,2.726696
6890,0.0018009411999999995,0.35219849999999997,0.116441956,2.2442840000000004
6891,0.0018018411999999994,0.372299,0.117527383,1.8422740000000002
6892,0.0018027411999999993,0.372299,0.117527383,1.4804650000000001
6893,0.0018036411999999991,0.332098,0.11861281,1.3196610000000002
6894,0.001804541199999999,0.372299,0.116441956,1.400063
6895,0.0018054411999999997,0.35219849999999997,0.117527383,1.641269
6896,0.0018063411999999996,0.3119975,0.116441956,2.0030780000000004
6897,0.0018072411999999994,0.332098,0.11861281,2.405088
6898,0.0018081411999999993,0.35219849999999997,0.117527383,2.6864950000000003
6899,0.0018090411999999991,0.332098,0.117527383,3.008103
6900,0.001809941199999999,0.332098,0.11861281,3.1689070000000004
6901,0.0018108411999999997,0.332098,0.117527383,3.28951
6902,0.0018117411999999996,0.372299,0.117527383,3.209108
6903,0.0018126411999999995,0.35219849999999997,0.11861281,3.088505
6904,0.0018135411999999993,0.35219849999999997,0.11861281,2.8875
6905,0.0018144411999999992,0.372299,0.11861281,2.5658920000000003
6906,0.001815341199999999,0.35219849999999997,0.11861281,2.284485
6907,0.0018162411999999998,0.35219849999999997,0.11861281,2.0030780000000004
6908,0.0018171411999999996,0.35219849999999997,0.117527383,1.7216710000000002
6909,0.0018180411999999995,0.372299,0.119698237,1.5608670000000002
6910,0.0018189411999999993,0.35219849999999997,0.11861281,1.4402640000000002
6911,0.0018198411999999992,0.332098,0.11861281,1.3196610000000002
6912,0.001820741199999999,0.332098,0.117527383,1.3598620000000001
6913,0.0018216411999999998,0.332098,0.11861281,1.520666
6914,0.0018225411999999996,0.35219849999999997,0.11861281,1.761872
6915,0.0018234411999999995,0.35219849999999997,0.11861281,2.043279
6916,0.0018243411999999994,0.35219849999999997,0.11861281,2.3246860000000003
6917,0.0018252411999999992,0.35219849999999997,0.11861281,2.646294
6918,0.001826141199999999,0.332098,0.11861281,2.9277010000000003
6919,0.001827041199999999,0.35219849999999997,0.11861281,3.128706
6920,0.0018279411999999997,0.35219849999999997,0.117527383,3.2493090000000002
6921,0.0018288411999999995,0.35219849999999997,0.117527383,3.209108
6922,0.0018297411999999994,0.3119975,0.117527383,3.008103
6923,0.0018306411999999992,0.332098,0.11861281,2.646294
6924,0.001831541199999999,0.332098,0.117527383,2.2040830000000002
6925,0.001832441199999999,0.35219849999999997,0.116441956,1.8020730000000003
6926,0.0018333411999999997,0.39239949999999996,0.117527383,1.4804650000000001
6927,0.0018342411999999995,0.332098,0.117527383,1.3598620000000001
6928,0.0018351411999999994,0.35219849999999997,0.11861281,1.4804650000000001
6929,0.0018360411999999993,0.372299,0.117527383,1.8020730000000003
6930,0.0018369411999999991,0.35219849999999997,0.117527383,2.3246860000000003
6931,0.001837841199999999,0.35219849999999997,0.117527383,2.766897
6932,0.0018387411999999997,0.35219849999999997,0.116441956,3.1689070000000004
6933,0.0018396411999999996,0.35219849999999997,0.117527383,3.2493090000000002
6934,0.0018405411999999994,0.332098,0.117527383,3.0483040000000003
6935,0.0018414411999999993,0.35219849999999997,0.11861281,2.6864950000000003
6936,0.0018423411999999991,0.35219849999999997,0.119698237,2.163882
6937,0.001843241199999999,0.35219849999999997,0.11861281,1.6814700000000002
6938,0.0018441411999999997,0.35219849999999997,0.11861281,1.4402640000000002
6939,0.0018450411999999996,0.372299,0.11861281,1.400063
6940,0.0018459411999999994,0.35219849999999997,0.11861281,1.641269
6941,0.0018468411999999993,0.372299,0.117527383,2.08348
6942,0.0018477411999999992,0.372299,0.11861281,2.525691
6943,0.001848641199999999,0.332098,0.11861281,3.008103
6944,0.0018495411999999998,0.372299,0.117527383,3.1689070000000004
6945,0.0018504411999999996,0.35219849999999997,0.117527383,3.209108
6946,0.0018513411999999995,0.35219849999999997,0.119698237,3.128706
6947,0.0018522411999999993,0.332098,0.11861281,2.8875
6948,0.0018531411999999992,0.372299,0.119698237,2.4452890000000003
6949,0.001854041199999999,0.332098,0.117527383,2.08348
6950,0.0018549411999999998,0.35219849999999997,0.117527383,1.761872
6951,0.0018558411999999996,0.332098,0.11861281,1.520666
6952,0.0018567411999999995,0.372299,0.11861281,1.400063
6953,0.0018576411999999994,0.35219849999999997,0.11861281,1.3196610000000002
6954,0.0018585411999999992,0.3119975,0.11861281,1.400063
6955,0.001859441199999999,0.35219849999999997,0.117527383,1.6010680000000002
6956,0.001860341199999999,0.332098,0.11861281,1.8824750000000001
6957,0.0018612411999999997,0.332098,0.11861281,2.1236810000000004
6958,0.0018621411999999995,0.372299,0.116441956,2.3648870000000004
6959,0.0018630411999999994,0.3119975,0.11861281,2.606093
6960,0.0018639411999999992,0.332098,0.117527383,2.8875
6961,0.001864841199999999,0.35219849999999997,0.117527383,3.088505
6962,0.001865741199999999,0.332098,0.117527383,3.209108
6963,0.0018666411999999997,0.35219849999999997,0.117527383,3.2493090000000002
6964,0.0018675411999999995,0.332098,0.117527383,3.209108
6965,0.0018684411999999994,0.35219849999999997,0.116441956,3.088505
6966,0.0018693411999999993,0.35219849999999997,0.117527383,2.967902
6967,0.0018702411999999991,0.372299,0.11861281,2.726696
6968,0.001871141199999999,0.35219849999999997,0.117527383,2.405088
6969,0.0018720411999999997,0.35219849999999997,0.117527383,2.1236810000000004
6970,0.0018729411999999996,0.372299,0.117527383,1.8020730000000003
6971,0.0018738411999999994,0.35219849999999997,0.117527383,1.5608670000000002
6972,0.0018747411999999993,0.35219849999999997,0.119698237,1.400063
6973,0.0018756411999999991,0.35219849999999997,0.116441956,1.3598620000000001
6974,0.001876541199999999,0.372299,0.117527383,1.4804650000000001
6975,0.0018774411999999997,0.35219849999999997,0.119698237,1.7216710000000002
6976,0.0018783411999999996,0.372299,0.116441956,2.1236810000000004
6977,0.0018792411999999994,0.372299,0.11861281,2.606093
6978,0.0018801411999999993,0.35219849999999997,0.11861281,2.9277010000000003
6979,0.0018810411999999992,0.35219849999999997,0.117527383,3.2493090000000002
6980,0.001881941199999999,0.372299,0.117527383,3.209108
6981,0.0018828411999999997,0.35219849999999997,0.11861281,3.088505
6982,0.0018837411999999996,0.372299,0.11861281,2.646294
6983,0.0018846411999999995,0.35219849999999997,0.119698237,2.08348
6984,0.0018855411999999993,0.35219849999999997,0.11861281,1.641269
6985,0.0018864411999999992,0.372299,0.11861281,1.400063
6986,0.001887341199999999,0.35219849999999997,0.11861281,1.3598620000000001
6987,0.0018882411999999998,0.372299,0.117527383,1.6814700000000002
6988,0.0018891411999999996,0.372299,0.11861281,2.08348
6989,0.0018900411999999995,0.39239949999999996,0.117527383,2.646294
6990,0.0018909411999999994,0.372299,0.117527383,3.008103
6991,0.0018918411999999992,0.35219849999999997,0.11861281,3.2493090000000002
6992,0.001892741199999999,0.372299,0.116441956,3.28951
6993,0.001893641199999999,0.35219849999999997,0.117527383,2.967902
6994,0.0018945411999999997,0.35219849999999997,0.117527383,2.525691
6995,0.0018954411999999995,0.332098,0.117527383,2.08348
6996,0.0018963411999999994,0.35219849999999997,0.117527383,1.641269
6997,0.0018972411999999992,0.35219849999999997,0.116441956,1.400063
6998,0.001898141199999999,0.35219849999999997,0.11861281,1.3598620000000001
6999,0.001899041199999999,0.35219849999999997,0.117527383,1.4402640000000002
7000,0.0018999411999999997,0.35219849999999997,0.117527383,1.761872
7001,0.0019008411999999995,0.372299,0.117527383,2.163882
7002,0.0019017411999999994,0.35219849999999997,0.116441956,2.5658920000000003
7003,0.0019026411999999993,0.372299,0.11861281,2.8070980000000003
7004,0.0019035411999999991,0.35219849999999997,0.11861281,3.088505
7005,0.001904441199999999,0.35219849999999997,0.117527383,3.2493090000000002
7006,0.0019053411999999997,0.35219849999999997,0.119698237,3.28951
7007,0.0019062411999999996,0.39239949999999996,0.11861281,3.1689070000000004
7008,0.0019071411999999994,0.35219849999999997,0.11861281,3.0483040000000003
7009,0.0019080411999999993,0.372299,0.11861281,2.8070980000000003
7010,0.0019089411999999991,0.332098,0.117527383,2.525691
7011,0.001909841199999999,0.35219849999999997,0.11861281,2.284485
7012,0.0019107411999999997,0.35219849999999997,0.119698237,2.043279
7013,0.0019116411999999996,0.332098,0.11861281,1.8020730000000003
7014,0.0019125411999999994,0.372299,0.11861281,1.6010680000000002
7015,0.0019134411999999993,0.35219849999999997,0.117527383,1.4402640000000002
7016,0.0019143411999999992,0.372299,0.11861281,1.3598620000000001
7017,0.001915241199999999,0.372299,0.11861281,1.3196610000000002
7018,0.0019161411999999997,0.372299,0.11861281,1.4402640000000002
7019,0.0019170411999999996,0.372299,0.117527383,1.5608670000000002
7020,0.0019179411999999995,0.35219849999999997,0.117527383,1.7216710000000002
7021,0.0019188411999999993,0.35219849999999997,0.117527383,1.9628770000000002
7022,0.0019197411999999992,0.372299,0.11861281,2.3246860000000003
7023,0.001920641199999999,0.35219849999999997,0.11861281,2.646294
7024,0.0019215411999999998,0.332098,0.117527383,2.847299
7025,0.0019224411999999996,0.35219849999999997,0.117527383,3.128706
7026,0.0019233411999999995,0.35219849999999997,0.116441956,3.209108
7027,0.0019242411999999993,0.372299,0.117527383,3.2493090000000002
7028,0.0019251411999999992,0.372299,0.117527383,3.088505
7029,0.001926041199999999,0.35219849999999997,0.116441956,2.8070980000000003
7030,0.001926941199999999,0.35219849999999997,0.115356529,2.4452890000000003
7031,0.0019278411999999997,0.332098,0.11861281,2.0030780000000004
7032,0.0019287411999999995,0.35219849999999997,0.116441956,1.6010680000000002
7033,0.0019296411999999994,0.372299,0.116441956,1.4402640000000002
7034,0.0019305411999999992,0.35219849999999997,0.117527383,1.3196610000000002
7035,0.001931441199999999,0.332098,0.117527383,1.6010680000000002
7036,0.001932341199999999,0.372299,0.117527383,1.922676
7037,0.0019332411999999997,0.372299,0.117527383,2.405088
7038,0.0019341411999999995,0.39239949999999996,0.117527383,2.847299
7039,0.0019350411999999994,0.372299,0.11861281,3.128706
7040,0.0019359411999999993,0.372299,0.117527383,3.2493090000000002
7041,0.0019368411999999991,0.372299,0.11861281,3.088505
7042,0.001937741199999999,0.35219849999999997,0.11861281,2.726696
7043,0.0019386411999999997,0.372299,0.11861281,2.2040830000000002
7044,0.0019395411999999996,0.332098,0.117527383,1.8020730000000003
7045,0.0019404411999999994,0.372299,0.11861281,1.4804650000000001
7046,0.0019413411999999993,0.35219849999999997,0.117527383,1.3598620000000001
7047,0.0019422411999999991,0.372299,0.11861281,1.4804650000000001
7048,0.001943141199999999,0.372299,0.11861281,1.8020730000000003
7049,0.0019440411999999997,0.372299,0.117527383,2.284485
7050,0.0019449411999999996,0.35219849999999997,0.117527383,2.726696
7051,0.0019458411999999994,0.39239949999999996,0.11861281,3.008103
7052,0.0019467411999999993,0.372299,0.117527383,3.209108
7053,0.0019476411999999992,0.372299,0.11861281,3.209108
7054,0.001948541199999999,0.35219849999999997,0.116441956,3.0483040000000003
7055,0.0019494411999999997,0.39239949999999996,0.117527383,2.8070980000000003
7056,0.0019503411999999996,0.4125,0.117527383,2.405088
7057,0.0019512411999999995,0.39239949999999996,0.116441956,2.08348
7058,0.0019521411999999993,0.372299,0.117527383,1.7216710000000002
7059,0.0019530411999999992,0.372299,0.117527383,1.520666
7060,0.001953941199999999,0.372299,0.117527383,1.3598620000000001
7061,0.0019548411999999998,0.35219849999999997,0.117527383,1.3196610000000002
7062,0.0019557411999999996,0.35219849999999997,0.11861281,1.400063
7063,0.0019566411999999995,0.35219849999999997,0.117527383,1.5608670000000002
7064,0.0019575411999999993,0.35219849999999997,0.116441956,1.761872
7065,0.001958441199999999,0.372299,0.116441956,1.9628770000000002
7066,0.001959341199999999,0.35219849999999997,0.116441956,2.2442840000000004
7067,0.001960241199999999,0.39239949999999996,0.117527383,2.4854900000000004
7068,0.0019611411999999996,0.372299,0.117527383,2.726696
7069,0.0019620411999999995,0.372299,0.117527383,2.967902
7070,0.0019629411999999994,0.372299,0.116441956,3.128706
7071,0.0019638411999999992,0.35219849999999997,0.117527383,3.2493090000000002
7072,0.001964741199999999,0.372299,0.117527383,3.209108
7073,0.001965641199999999,0.372299,0.11861281,3.2493090000000002
7074,0.0019665411999999997,0.372299,0.117527383,3.0483040000000003
7075,0.0019674411999999995,0.35219849999999997,0.117527383,2.847299
7076,0.0019683411999999994,0.39239949999999996,0.117527383,2.606093
7077,0.0019692411999999992,0.35219849999999997,0.116441956,2.284485
7078,0.001970141199999999,0.39239949999999996,0.11861281,1.922676
7079,0.001971041199999999,0.372299,0.117527383,1.761872
7080,0.0019719411999999997,0.39239949999999996,0.117527383,1.520666
7081,0.0019728411999999996,0.372299,0.11861281,1.3598620000000001
7082,0.0019737411999999994,0.372299,0.11861281,1.3598620000000001
7083,0.0019746411999999993,0.372299,0.117527383,1.520666
7084,0.001975541199999999,0.372299,0.117527383,1.8422740000000002
7085,0.001976441199999999,0.372299,0.11861281,2.2040830000000002
7086,0.0019773411999999997,0.39239949999999996,0.11861281,2.6864950000000003
7087,0.0019782411999999996,0.39239949999999996,0.117527383,2.967902
7088,0.0019791411999999994,0.4125,0.117527383,3.209108
7089,0.0019800411999999993,0.372299,0.117527383,3.2493090000000002
7090,0.001980941199999999,0.372299,0.11861281,3.0483040000000003
7091,0.001981841199999999,0.35219849999999997,0.116441956,2.6864950000000003
7092,0.0019827411999999997,0.372299,0.11861281,2.163882
7093,0.0019836411999999996,0.372299,0.115356529,1.7216710000000002
7094,0.0019845411999999995,0.372299,0.116441956,1.4804650000000001
7095,0.0019854411999999993,0.372299,0.117527383,1.3196610000000002
7096,0.001986341199999999,0.39239949999999996,0.116441956,1.5608670000000002
7097,0.001987241199999999,0.372299,0.117527383,1.8824750000000001
7098,0.0019881411999999998,0.39239949999999996,0.117527383,2.3246860000000003
7099,0.0019890411999999996,0.39239949999999996,0.117527383,2.847299
7100,0.0019899411999999995,0.372299,0.11861281,3.128706
7101,0.0019908411999999993,0.39239949999999996,0.117527383,3.2493090000000002
7102,0.001991741199999999,0.39239949999999996,0.116441956,3.1689070000000004
7103,0.001992641199999999,0.372299,0.117527383,2.8070980000000003
7104,0.001993541199999999,0.35219849999999997,0.117527383,2.4452890000000003
7105,0.0019944411999999996,0.372299,0.11861281,2.043279
7106,0.0019953411999999995,0.372299,0.117527383,1.641269
7107,0.0019962411999999994,0.372299,0.11861281,1.400063
7108,0.0019971411999999992,0.372299,0.117527383,1.3598620000000001
7109,0.001998041199999999,0.39239949999999996,0.117527383,1.4804650000000001
7110,0.001998941199999999,0.4125,0.117527383,1.7216710000000002
7111,0.0019998411999999997,0.39239949999999996,0.117527383,1.9628770000000002
7112,0.0020007411999999995,0.372299,0.11861281,2.3648870000000004
7113,0.0020016411999999994,0.35219849999999997,0.11861281,2.726696
7114,0.0020025411999999992,0.39239949999999996,0.117527383,3.008103
7115,0.002003441199999999,0.372299,0.11861281,3.128706
7116,0.002004341199999999,0.4125,0.117527383,3.2493090000000002
7117,0.0020052411999999997,0.39239949999999996,0.117527383,3.28951
7118,0.0020061411999999995,0.39239949999999996,0.11861281,3.128706
7119,0.0020070411999999994,0.39239949999999996,0.11861281,2.8875
7120,0.0020079411999999993,0.39239949999999996,0.117527383,2.726696
7121,0.002008841199999999,0.372299,0.117527383,2.4452890000000003
7122,0.002009741199999999,0.372299,0.117527383,2.2040830000000002
7123,0.0020106411999999997,0.39239949999999996,0.11861281,1.8824750000000001
7124,0.0020115411999999996,0.39239949999999996,0.117527383,1.641269
7125,0.0020124411999999994,0.372299,0.117527383,1.4804650000000001
7126,0.0020133411999999993,0.35219849999999997,0.116441956,1.400063
7127,0.002014241199999999,0.35219849999999997,0.116441956,1.2794600000000003
7128,0.002015141199999999,0.372299,0.117527383,1.400063
7129,0.0020160411999999997,0.39239949999999996,0.116441956,1.6010680000000002
7130,0.0020169411999999996,0.372299,0.116441956,1.8020730000000003
7131,0.0020178411999999995,0.39239949999999996,0.116441956,2.1236810000000004
7132,0.0020187411999999993,0.35219849999999997,0.117527383,2.3648870000000004
7133,0.002019641199999999,0.372299,0.116441956,2.726696
7134,0.002020541199999999,0.372299,0.117527383,3.008103
7135,0.0020214411999999998,0.372299,0.117527383,3.1689070000000004
7136,0.0020223411999999996,0.4125,0.116441956,3.2493090000000002
7137,0.0020232411999999995,0.4125,0.117527383,3.209108
7138,0.0020241411999999993,0.372299,0.117527383,2.9277010000000003
7139,0.002025041199999999,0.39239949999999996,0.117527383,2.606093
7140,0.002025941199999999,0.372299,0.116441956,2.2040830000000002
7141,0.002026841199999999,0.372299,0.117527383,1.761872
7142,0.0020277411999999996,0.4125,0.117527383,1.520666
7143,0.0020286411999999995,0.39239949999999996,0.117527383,1.3196610000000002
7144,0.0020295411999999994,0.372299,0.117527383,1.400063
7145,0.0020304411999999992,0.372299,0.11861281,1.7216710000000002
7146,0.002031341199999999,0.372299,0.11861281,2.2040830000000002
7147,0.002032241199999999,0.35219849999999997,0.116441956,2.646294
7148,0.0020331411999999997,0.39239949999999996,0.117527383,3.008103
7149,0.0020340411999999995,0.372299,0.117527383,3.2493090000000002
7150,0.0020349411999999994,0.39239949999999996,0.117527383,3.209108
7151,0.0020358411999999992,0.372299,0.11861281,3.0483040000000003
7152,0.002036741199999999,0.372299,0.117527383,2.646294
7153,0.002037641199999999,0.39239949999999996,0.117527383,2.2040830000000002
7154,0.0020385411999999997,0.372299,0.11861281,1.6814700000000002
7155,0.0020394411999999995,0.39239949999999996,0.117527383,1.4402640000000002
7156,0.0020403411999999994,0.4125,0.116441956,1.3598620000000001
7157,0.0020412411999999993,0.372299,0.117527383,1.400063
7158,0.002042141199999999,0.39239949999999996,0.116441956,1.7216710000000002
7159,0.002043041199999999,0.39239949999999996,0.116441956,2.1236810000000004
7160,0.0020439411999999997,0.372299,0.117527383,2.525691
7161,0.0020448411999999996,0.39239949999999996,0.116441956,2.9277010000000003
7162,0.0020457411999999994,0.372299,0.11861281,3.1689070000000004
7163,0.0020466411999999993,0.372299,0.117527383,3.209108
7164,0.002047541199999999,0.39239949999999996,0.116441956,3.1689070000000004
7165,0.002048441199999999,0.372299,0.116441956,2.967902
7166,0.0020493411999999997,0.372299,0.117527383,2.6864950000000003
7167,0.0020502411999999996,0.372299,0.117527383,2.284485
7168,0.0020511411999999994,0.39239949999999996,0.116441956,1.9628770000000002
7169,0.0020520411999999993,0.372299,0.116441956,1.7216710000000002
7170,0.002052941199999999,0.372299,0.117527383,1.4402640000000002
7171,0.002053841199999999,0.372299,0.115356529,1.3598620000000001
7172,0.0020547411999999998,0.39239949999999996,0.116441956,1.3598620000000001
7173,0.0020556411999999996,0.4125,0.116441956,1.4402640000000002
7174,0.0020565411999999995,0.39239949999999996,0.11861281,1.641269
7175,0.0020574411999999993,0.372299,0.11861281,1.922676
7176,0.002058341199999999,0.372299,0.116441956,2.163882
7177,0.002059241199999999,0.39239949999999996,0.11861281,2.4452890000000003
7178,0.002060141199999999,0.39239949999999996,0.11861281,2.726696
7179,0.0020610411999999996,0.372299,0.11861281,2.9277010000000003
7180,0.0020619411999999995,0.39239949999999996,0.11861281,3.088505
7181,0.0020628411999999994,0.39239949999999996,0.120783664,3.2493090000000002
7182,0.002063741199999999,0.39239949999999996,0.117527383,3.2493090000000002
7183,0.002064641199999999,0.39239949999999996,0.117527383,3.128706
7184,0.002065541199999999,0.372299,0.117527383,2.9277010000000003
7185,0.0020664411999999997,0.4125,0.117527383,2.5658920000000003
7186,0.0020673411999999995,0.39239949999999996,0.11861281,2.3246860000000003
7187,0.0020682411999999994,0.39239949999999996,0.116441956,1.9628770000000002
7188,0.0020691411999999992,0.39239949999999996,0.117527383,1.6814700000000002
7189,0.002070041199999999,0.39239949999999996,0.116441956,1.400063
7190,0.002070941199999999,0.39239949999999996,0.117527383,1.3598620000000001
7191,0.0020718411999999997,0.372299,0.116441956,1.400063
7192,0.0020727411999999995,0.39239949999999996,0.117527383,1.520666
7193,0.0020736411999999994,0.4125,0.116441956,1.8824750000000001
7194,0.0020745411999999993,0.39239949999999996,0.116441956,2.2442840000000004
7195,0.002075441199999999,0.4326005,0.115356529,2.646294
7196,0.002076341199999999,0.4125,0.116441956,2.967902
7197,0.0020772411999999997,0.39239949999999996,0.116441956,3.209108
7198,0.0020781411999999996,0.39239949999999996,0.115356529,3.209108
7199,0.0020790411999999994,0.4125,0.117527383,3.088505
7200,0.0020799411999999993,0.39239949999999996,0.116441956,2.766897
7201,0.002080841199999999,0.4125,0.116441956,2.3648870000000004
7202,0.002081741199999999,0.4125,0.117527383,1.922676
7203,0.0020826411999999997,0.4125,0.116441956,1.4804650000000001
7204,0.0020835411999999996,0.39239949999999996,0.116441956,1.400063
7205,0.0020844411999999994,0.39239949999999996,0.116441956,1.3598620000000001
7206,0.0020853411999999993,0.39239949999999996,0.117527383,1.6010680000000002
7207,0.002086241199999999,0.4326005,0.11861281,2.043279
7208,0.002087141199999999,0.372299,0.116441956,2.525691
7209,0.0020880411999999998,0.4125,0.11861281,2.8875
7210,0.0020889411999999996,0.39239949999999996,0.116441956,3.128706
7211,0.0020898411999999995,0.39239949999999996,0.117527383,3.209108
7212,0.0020907411999999993,0.4125,0.115356529,3.0483040000000003
7213,0.002091641199999999,0.4125,0.117527383,2.8070980000000003
7214,0.002092541199999999,0.372299,0.116441956,2.405088
7215,0.002093441199999999,0.39239949999999996,0.11861281,1.9628770000000002
7216,0.0020943411999999996,0.4125,0.117527383,1.6010680000000002
7217,0.0020952411999999995,0.39239949999999996,0.117527383,1.400063
7218,0.0020961411999999994,0.372299,0.117527383,1.3598620000000001
7219,0.002097041199999999,0.39239949999999996,0.117527383,1.4804650000000001
7220,0.002097941199999999,0.4125,0.11861281,1.7216710000000002
7221,0.002098841199999999,0.39239949999999996,0.11861281,2.043279
7222,0.0020997411999999997,0.372299,0.116441956,2.3246860000000003
7223,0.0021006411999999995,0.39239949999999996,0.117527383,2.726696
7224,0.0021015411999999994,0.39239949999999996,0.116441956,2.967902
7225,0.0021024411999999992,0.39239949999999996,0.116441956,3.1689070000000004
7226,0.002103341199999999,0.39239949999999996,0.117527383,3.2493090000000002
7227,0.002104241199999999,0.39239949999999996,0.116441956,3.2493090000000002
7228,0.0021051411999999997,0.4125,0.11861281,3.0483040000000003
7229,0.0021060411999999995,0.39239949999999996,0.115356529,2.847299
7230,0.0021069411999999994,0.39239949999999996,0.117527383,2.525691
7231,0.0021078411999999993,0.39239949999999996,0.115356529,2.3246860000000003
7232,0.002108741199999999,0.4125,0.116441956,1.9628770000000002
7233,0.002109641199999999,0.39239949999999996,0.115356529,1.7216710000000002
7234,0.0021105411999999997,0.39239949999999996,0.116441956,1.4804650000000001
7235,0.0021114411999999996,0.4125,0.115356529,1.3598620000000001
7236,0.0021123411999999994,0.39239949999999996,0.116441956,1.3598620000000001
7237,0.0021132411999999993,0.372299,0.116441956,1.400063
7238,0.002114141199999999,0.4125,0.116441956,1.520666
7239,0.002115041199999999,0.39239949999999996,0.117527383,1.8020730000000003
7240,0.0021159411999999997,0.39239949999999996,0.115356529,2.1236810000000004
7241,0.0021168411999999996,0.4125,0.115356529,2.4854900000000004
7242,0.0021177411999999994,0.4125,0.117527383,2.766897
7243,0.0021186411999999993,0.372299,0.116441956,3.0483040000000003
7244,0.002119541199999999,0.4125,0.11861281,3.209108
7245,0.002120441199999999,0.39239949999999996,0.115356529,3.2493090000000002
7246,0.0021213411999999997,0.39239949999999996,0.117527383,3.088505
7247,0.0021222411999999996,0.39239949999999996,0.116441956,2.8070980000000003
7248,0.0021231411999999995,0.39239949999999996,0.117527383,2.5658920000000003
7249,0.0021240411999999993,0.4125,0.116441956,2.08348
7250,0.002124941199999999,0.4125,0.117527383,1.7216710000000002
7251,0.002125841199999999,0.39239949999999996,0.116441956,1.3598620000000001
7252,0.0021267411999999998,0.4125,0.117527383,1.3196610000000002
7253,0.0021276411999999996,0.39239949999999996,0.116441956,1.4402640000000002
7254,0.0021285411999999995,0.39239949999999996,0.117527383,1.7216710000000002
7255,0.0021294411999999993,0.4125,0.117527383,2.1236810000000004
7256,0.002130341199999999,0.39239949999999996,0.117527383,2.606093
7257,0.002131241199999999,0.4125,0.116441956,2.967902
7258,0.002132141199999999,0.4125,0.116441956,3.209108
7259,0.0021330411999999997,0.372299,0.117527383,3.2493090000000002
7260,0.0021339411999999995,0.4125,0.117527383,3.088505
7261,0.0021348411999999994,0.4326005,0.117527383,2.606093
7262,0.0021357411999999992,0.4125,0.116441956,2.163882
7263,0.002136641199999999,0.39239949999999996,0.116441956,1.761872
7264,0.002137541199999999,0.39239949999999996,0.117527383,1.4402640000000002
7265,0.0021384411999999997,0.4125,0.115356529,1.3598620000000001
7266,0.0021393411999999995,0.4125,0.116441956,1.4402640000000002
7267,0.0021402411999999994,0.39239949999999996,0.116441956,1.7216710000000002
7268,0.0021411411999999993,0.372299,0.117527383,2.2040830000000002
7269,0.002142041199999999,0.4326005,0.117527383,2.525691
7270,0.002142941199999999,0.39239949999999996,0.117527383,2.847299
7271,0.0021438411999999997,0.4125,0.117527383,3.128706
7272,0.0021447411999999996,0.4125,0.117527383,3.209108
7273,0.0021456411999999994,0.39239949999999996,0.116441956,3.1689070000000004
7274,0.0021465411999999993,0.4326005,0.116441956,3.0483040000000003
7275,0.002147441199999999,0.4125,0.116441956,2.726696
7276,0.002148341199999999,0.39239949999999996,0.116441956,2.4854900000000004
7277,0.0021492411999999997,0.4125,0.117527383,2.08348
7278,0.0021501411999999996,0.4326005,0.117527383,1.8020730000000003
7279,0.0021510411999999994,0.4125,0.117527383,1.5608670000000002
7280,0.0021519411999999993,0.39239949999999996,0.116441956,1.400063
7281,0.002152841199999999,0.4125,0.117527383,1.3196610000000002
7282,0.002153741199999999,0.372299,0.117527383,1.3598620000000001
7283,0.0021546411999999997,0.39239949999999996,0.11861281,1.4804650000000001
7284,0.0021555411999999996,0.39239949999999996,0.117527383,1.6814700000000002
7285,0.0021564411999999995,0.39239949999999996,0.117527383,1.9628770000000002
7286,0.0021573411999999993,0.39239949999999996,0.117527383,2.284485
7287,0.002158241199999999,0.4125,0.117527383,2.4854900000000004
7288,0.002159141199999999,0.4125,0.116441956,2.766897
7289,0.0021600411999999998,0.39239949999999996,0.115356529,3.008103
7290,0.0021609411999999996,0.4125,0.116441956,3.1689070000000004
7291,0.0021618411999999995,0.4125,0.117527383,3.2493090000000002
7292,0.0021627411999999993,0.4326005,0.117527383,3.209108
7293,0.002163641199999999,0.39239949999999996,0.116441956,3.0483040000000003
7294,0.002164541199999999,0.39239949999999996,0.115356529,2.8070980000000003
7295,0.002165441199999999,0.4125,0.115356529,2.4452890000000003
7296,0.0021663411999999996,0.4125,0.116441956,2.043279
7297,0.0021672411999999995,0.4125,0.116441956,1.7216710000000002
7298,0.0021681411999999994,0.4125,0.116441956,1.4402640000000002
7299,0.0021690411999999992,0.39239949999999996,0.116441956,1.3196610000000002
7300,0.002169941199999999,0.4326005,0.115356529,1.400063
7301,0.002170841199999999,0.4125,0.116441956,1.641269
7302,0.0021717411999999997,0.4125,0.115356529,1.922676
7303,0.0021726411999999995,0.4125,0.117527383,2.405088
7304,0.0021735411999999994,0.4125,0.115356529,2.8875
7305,0.0021744411999999992,0.4125,0.116441956,3.1689070000000004
7306,0.002175341199999999,0.39239949999999996,0.11861281,3.2493090000000002
7307,0.002176241199999999,0.4125,0.116441956,3.088505
7308,0.0021771411999999997,0.4326005,0.116441956,2.8070980000000003
7309,0.0021780411999999996,0.4125,0.116441956,2.3648870000000004
7310,0.0021789411999999994,0.372299,0.117527383,1.922676
7311,0.0021798411999999993,0.4125,0.117527383,1.520666
7312,0.002180741199999999,0.39239949999999996,0.116441956,1.3196610000000002
7313,0.002181641199999999,0.4125,0.116441956,1.400063
7314,0.0021825411999999997,0.4326005,0.11861281,1.6814700000000002
7315,0.0021834411999999996,0.4125,0.117527383,2.1236810000000004
7316,0.0021843411999999994,0.4125,0.117527383,2.525691
7317,0.0021852411999999993,0.4125,0.117527383,2.9277010000000003
7318,0.002186141199999999,0.39239949999999996,0.116441956,3.1689070000000004
7319,0.002187041199999999,0.4125,0.115356529,3.2493090000000002
7320,0.0021879411999999997,0.4125,0.115356529,3.1689070000000004
7321,0.0021888411999999996,0.4125,0.117527383,2.9277010000000003
7322,0.0021897411999999995,0.4125,0.115356529,2.5658920000000003
7323,0.0021906411999999993,0.4125,0.115356529,2.2040830000000002
7324,0.002191541199999999,0.4125,0.116441956,1.8824750000000001
7325,0.002192441199999999,0.39239949999999996,0.116441956,1.520666
7326,0.0021933411999999998,0.4125,0.116441956,1.400063
7327,0.0021942411999999996,0.4125,0.117527383,1.3196610000000002
7328,0.0021951411999999995,0.39239949999999996,0.117527383,1.400063
7329,0.0021960411999999993,0.4326005,0.116441956,1.5608670000000002
7330,0.002196941199999999,0.4125,0.114271102,1.6814700000000002
7331,0.002197841199999999,0.4125,0.114271102,2.043279
7332,0.002198741199999999,0.4125,0.115356529,2.3648870000000004
7333,0.0021996411999999996,0.4326005,0.115356529,2.606093
7334,0.0022005411999999995,0.4125,0.115356529,2.8875
7335,0.0022014411999999994,0.4125,0.115356529,3.128706
7336,0.0022023411999999992,0.4125,0.115356529,3.1689070000000004
7337,0.002203241199999999,0.4326005,0.115356529,3.28951
7338,0.002204141199999999,0.4125,0.116441956,3.209108
7339,0.0022050411999999997,0.4125,0.116441956,3.0483040000000003
7340,0.0022059411999999995,0.45270099999999996,0.116441956,2.847299
7341,0.0022068411999999994,0.39239949999999996,0.116441956,2.5658920000000003
7342,0.0022077411999999992,0.4125,0.115356529,2.2040830000000002
7343,0.002208641199999999,0.4125,0.116441956,1.922676
7344,0.002209541199999999,0.39239949999999996,0.115356529,1.5608670000000002
7345,0.0022104411999999997,0.4125,0.116441956,1.3598620000000001
7346,0.0022113411999999995,0.4125,0.116441956,1.3196610000000002
7347,0.0022122411999999994,0.39239949999999996,0.116441956,1.4402640000000002
7348,0.0022131411999999993,0.39239949999999996,0.116441956,1.6010680000000002
7349,0.002214041199999999,0.4125,0.115356529,2.0030780000000004
7350,0.002214941199999999,0.4125,0.115356529,2.3648870000000004
7351,0.0022158411999999997,0.4326005,0.117527383,2.766897
7352,0.0022167411999999996,0.39239949999999996,0.117527383,3.0483040000000003
7353,0.0022176411999999994,0.4125,0.117527383,3.28951
7354,0.0022185411999999993,0.4326005,0.116441956,3.128706
7355,0.002219441199999999,0.45270099999999996,0.115356529,2.967902
7356,0.002220341199999999,0.4125,0.116441956,2.5658920000000003
7357,0.0022212411999999997,0.4125,0.115356529,2.08348
7358,0.0022221411999999996,0.39239949999999996,0.115356529,1.641269
7359,0.0022230411999999995,0.39239949999999996,0.115356529,1.400063
7360,0.0022239411999999993,0.45270099999999996,0.117527383,1.3196610000000002
7361,0.002224841199999999,0.4326005,0.117527383,1.5608670000000002
7362,0.002225741199999999,0.4125,0.115356529,1.922676
7363,0.0022266411999999998,0.4326005,0.115356529,2.405088
7364,0.0022275411999999996,0.39239949999999996,0.115356529,2.8070980000000003
7365,0.0022284411999999995,0.4125,0.114271102,3.088505
7366,0.0022293411999999993,0.4125,0.114271102,3.2493090000000002
7367,0.002230241199999999,0.39239949999999996,0.116441956,3.2493090000000002
7368,0.002231141199999999,0.39239949999999996,0.116441956,2.9277010000000003
7369,0.002232041199999999,0.4125,0.116441956,2.525691
7370,0.0022329411999999996,0.4326005,0.115356529,2.1236810000000004
7371,0.0022338411999999995,0.4125,0.116441956,1.7216710000000002
7372,0.0022347411999999994,0.4125,0.115356529,1.4402640000000002
7373,0.0022356411999999992,0.4125,0.115356529,1.3196610000000002
7374,0.002236541199999999,0.4125,0.116441956,1.3196610000000002
7375,0.002237441199999999,0.4326005,0.11861281,1.4804650000000001
7376,0.0022383411999999997,0.4326005,0.115356529,1.761872
7377,0.0022392411999999995,0.4326005,0.117527383,2.1236810000000004
7378,0.0022401411999999994,0.45270099999999996,0.116441956,2.4452890000000003
7379,0.0022410411999999992,0.4125,0.117527383,2.6864950000000003
7380,0.002241941199999999,0.4326005,0.116441956,2.967902
7381,0.002242841199999999,0.4125,0.117527383,3.1689070000000004
7382,0.0022437411999999997,0.4326005,0.116441956,3.209108
7383,0.0022446411999999995,0.4125,0.116441956,3.209108
7384,0.0022455411999999994,0.4326005,0.116441956,3.088505
7385,0.0022464411999999993,0.4125,0.116441956,2.847299
7386,0.002247341199999999,0.4125,0.116441956,2.646294
7387,0.002248241199999999,0.4125,0.116441956,2.3648870000000004
7388,0.0022491411999999997,0.4125,0.116441956,2.0030780000000004
7389,0.0022500411999999996,0.4326005,0.116441956,1.761872
7390,0.0022509411999999994,0.4125,0.117527383,1.520666
7391,0.0022518411999999993,0.4326005,0.116441956,1.400063
7392,0.002252741199999999,0.4326005,0.11861281,1.3196610000000002
7393,0.002253641199999999,0.4125,0.114271102,1.3598620000000001
7394,0.0022545411999999997,0.4125,0.117527383,1.5608670000000002
7395,0.0022554411999999996,0.4326005,0.117527383,1.922676
7396,0.0022563411999999995,0.4326005,0.116441956,2.2442840000000004
7397,0.0022572411999999993,0.4125,0.115356529,2.5658920000000003
7398,0.002258141199999999,0.4326005,0.115356529,2.9277010000000003
7399,0.002259041199999999,0.4326005,0.114271102,3.1689070000000004
7400,0.0022599411999999998,0.4125,0.114271102,3.2493090000000002
7401,0.0022608411999999996,0.4326005,0.114271102,3.1689070000000004
7402,0.0022617411999999995,0.4125,0.115356529,2.8875
7403,0.0022626411999999993,0.4125,0.115356529,2.525691
7404,0.002263541199999999,0.4125,0.116441956,2.163882
7405,0.002264441199999999,0.4326005,0.115356529,1.761872
7406,0.002265341199999999,0.4326005,0.116441956,1.4402640000000002
7407,0.0022662411999999996,0.4125,0.116441956,1.2794600000000003
7408,0.0022671411999999995,0.4326005,0.114271102,1.4402640000000002
7409,0.0022680411999999994,0.4125,0.115356529,1.761872
7410,0.002268941199999999,0.4326005,0.115356529,2.2040830000000002
7411,0.002269841199999999,0.4125,0.115356529,2.6864950000000003
7412,0.002270741199999999,0.4125,0.115356529,3.008103
7413,0.0022716411999999997,0.4125,0.115356529,3.2493090000000002
7414,0.0022725411999999995,0.4326005,0.115356529,3.209108
7415,0.0022734411999999994,0.4326005,0.115356529,2.967902
7416,0.0022743411999999992,0.45270099999999996,0.115356529,2.606093
7417,0.002275241199999999,0.4326005,0.116441956,2.2040830000000002
7418,0.002276141199999999,0.4326005,0.115356529,1.6814700000000002
7419,0.0022770411999999997,0.4326005,0.115356529,1.4402640000000002
7420,0.0022779411999999995,0.39239949999999996,0.116441956,1.3598620000000001
7421,0.0022788411999999994,0.4125,0.116441956,1.400063
7422,0.0022797411999999993,0.4326005,0.115356529,1.641269
7423,0.002280641199999999,0.4326005,0.115356529,1.9628770000000002
7424,0.002281541199999999,0.4125,0.116441956,2.405088
7425,0.0022824411999999997,0.4326005,0.115356529,2.726696
7426,0.0022833411999999996,0.4326005,0.115356529,3.0483040000000003
7427,0.0022842411999999994,0.4326005,0.114271102,3.209108
7428,0.0022851411999999993,0.4125,0.114271102,3.2493090000000002
7429,0.002286041199999999,0.4125,0.113185675,3.088505
7430,0.002286941199999999,0.4326005,0.114271102,3.008103
7431,0.0022878411999999997,0.4326005,0.115356529,2.606093
7432,0.0022887411999999996,0.45270099999999996,0.113185675,2.3246860000000003
7433,0.0022896411999999994,0.4326005,0.115356529,1.9628770000000002
7434,0.0022905411999999993,0.45270099999999996,0.114271102,1.7216710000000002
7435,0.002291441199999999,0.4326005,0.114271102,1.520666
7436,0.002292341199999999,0.4326005,0.114271102,1.400063
7437,0.0022932411999999998,0.4326005,0.114271102,1.400063
7438,0.0022941411999999996,0.4125,0.115356529,1.400063
7439,0.0022950411999999995,0.4728015,0.113185675,1.6010680000000002
7440,0.0022959411999999993,0.4326005,0.115356529,1.8824750000000001
7441,0.002296841199999999,0.4326005,0.114271102,2.2040830000000002
7442,0.002297741199999999,0.4326005,0.114271102,2.525691
7443,0.002298641199999999,0.45270099999999996,0.114271102,2.8070980000000003
7444,0.0022995411999999996,0.4326005,0.115356529,3.0483040000000003
7445,0.0023004411999999995,0.4326005,0.115356529,3.1689070000000004
7446,0.0023013411999999994,0.4326005,0.115356529,3.2493090000000002
7447,0.002302241199999999,0.4326005,0.115356529,3.128706
7448,0.002303141199999999,0.4326005,0.114271102,2.9277010000000003
7449,0.002304041199999999,0.4326005,0.115356529,2.606093
7450,0.0023049411999999997,0.45270099999999996,0.115356529,2.2040830000000002
7451,0.0023058411999999995,0.4326005,0.114271102,1.761872
7452,0.0023067411999999994,0.4125,0.115356529,1.520666
7453,0.0023076411999999992,0.4326005,0.113185675,1.3598620000000001
7454,0.002308541199999999,0.4326005,0.116441956,1.3196610000000002
7455,0.002309441199999999,0.4125,0.116441956,1.4804650000000001
7456,0.0023103411999999997,0.4125,0.114271102,1.8824750000000001
7457,0.0023112411999999995,0.4326005,0.114271102,2.3246860000000003
7458,0.0023121411999999994,0.4326005,0.114271102,2.726696
7459,0.0023130411999999993,0.4326005,0.114271102,3.0483040000000003
7460,0.002313941199999999,0.45270099999999996,0.113185675,3.209108
7461,0.002314841199999999,0.4125,0.113185675,3.1689070000000004
7462,0.0023157411999999997,0.4125,0.113185675,3.008103
7463,0.0023166411999999996,0.4125,0.113185675,2.606093
7464,0.0023175411999999994,0.4326005,0.112100248,2.163882
7465,0.0023184411999999993,0.4326005,0.113185675,1.7216710000000002
7466,0.002319341199999999,0.4326005,0.114271102,1.400063
7467,0.002320241199999999,0.4326005,0.113185675,1.3196610000000002
7468,0.0023211411999999997,0.4326005,0.113185675,1.520666
7469,0.0023220411999999996,0.4326005,0.113185675,1.8422740000000002
7470,0.0023229411999999994,0.4326005,0.113185675,2.2442840000000004
7471,0.0023238411999999993,0.4326005,0.114271102,2.606093
7472,0.002324741199999999,0.4326005,0.114271102,3.0483040000000003
7473,0.002325641199999999,0.4326005,0.115356529,3.2493090000000002
7474,0.0023265411999999997,0.4326005,0.113185675,3.2493090000000002
7475,0.0023274411999999996,0.45270099999999996,0.113185675,3.008103
7476,0.0023283411999999995,0.4326005,0.114271102,2.6864950000000003
7477,0.0023292411999999993,0.4326005,0.114271102,2.284485
7478,0.002330141199999999,0.4326005,0.114271102,1.8824750000000001
7479,0.002331041199999999,0.45270099999999996,0.113185675,1.5608670000000002
7480,0.002331941199999999,0.4326005,0.114271102,1.400063
7481,0.0023328411999999996,0.4326005,0.114271102,1.3598620000000001
7482,0.0023337411999999995,0.4125,0.115356529,1.4402640000000002
7483,0.0023346411999999993,0.45270099999999996,0.114271102,1.7216710000000002
7484,0.002335541199999999,0.45270099999999996,0.113185675,2.0030780000000004
7485,0.002336441199999999,0.45270099999999996,0.113185675,2.3648870000000004
7486,0.002337341199999999,0.4326005,0.113185675,2.646294
7487,0.0023382411999999997,0.4326005,0.112100248,3.008103
7488,0.0023391411999999995,0.4326005,0.112100248,3.128706
7489,0.0023400411999999994,0.45270099999999996,0.113185675,3.2493090000000002
7490,0.0023409411999999992,0.4326005,0.112100248,3.1689070000000004
7491,0.002341841199999999,0.45270099999999996,0.111014821,3.128706
7492,0.002342741199999999,0.4326005,0.112100248,2.847299
7493,0.0023436411999999997,0.4125,0.111014821,2.606093
7494,0.0023445411999999995,0.4125,0.111014821,2.284485
7495,0.0023454411999999994,0.4326005,0.111014821,1.922676
7496,0.0023463411999999993,0.45270099999999996,0.112100248,1.641269
7497,0.002347241199999999,0.45270099999999996,0.112100248,1.3598620000000001
7498,0.002348141199999999,0.4326005,0.112100248,1.3598620000000001
7499,0.0023490411999999997,0.4728015,0.112100248,1.3598620000000001
7500,0.0023499411999999996,0.4326005,0.111014821,1.5608670000000002
7501,0.0023508411999999994,0.4125,0.112100248,1.761872
7502,0.0023517411999999993,0.4326005,0.112100248,2.1236810000000004
7503,0.002352641199999999,0.4326005,0.112100248,2.5658920000000003
7504,0.002353541199999999,0.45270099999999996,0.112100248,2.847299
7505,0.0023544411999999997,0.4125,0.112100248,3.1689070000000004
7506,0.0023553411999999996,0.45270099999999996,0.111014821,3.2493090000000002
7507,0.0023562411999999994,0.4326005,0.113185675,3.1689070000000004
7508,0.0023571411999999993,0.4326005,0.113185675,3.008103
7509,0.002358041199999999,0.4125,0.111014821,2.6864950000000003
7510,0.002358941199999999,0.45270099999999996,0.112100248,2.2040830000000002
7511,0.0023598411999999997,0.4326005,0.113185675,1.8020730000000003
7512,0.0023607411999999996,0.4125,0.112100248,1.4804650000000001
7513,0.0023616411999999995,0.4326005,0.112100248,1.3196610000000002
7514,0.0023625411999999993,0.4326005,0.111014821,1.400063
7515,0.002363441199999999,0.45270099999999996,0.111014821,1.6814700000000002
7516,0.002364341199999999,0.45270099999999996,0.111014821,2.08348
7517,0.002365241199999999,0.4326005,0.112100248,2.5658920000000003
7518,0.0023661411999999996,0.45270099999999996,0.111014821,2.9277010000000003
7519,0.0023670411999999995,0.45270099999999996,0.111014821,3.209108
7520,0.0023679411999999993,0.4326005,0.111014821,3.2493090000000002
7521,0.002368841199999999,0.4326005,0.111014821,3.008103
7522,0.002369741199999999,0.4326005,0.109929394,2.646294
7523,0.002370641199999999,0.45270099999999996,0.111014821,2.2040830000000002
7524,0.0023715411999999996,0.4326005,0.109929394,1.8020730000000003
7525,0.0023724411999999995,0.4326005,0.108843967,1.4402640000000002
7526,0.0023733411999999994,0.4728015,0.108843967,1.3196610000000002
7527,0.0023742411999999992,0.4326005,0.108843967,1.400063
7528,0.002375141199999999,0.45270099999999996,0.108843967,1.7216710000000002
7529,0.002376041199999999,0.4326005,0.108843967,2.08348
7530,0.0023769411999999997,0.45270099999999996,0.108843967,2.5658920000000003
7531,0.0023778411999999995,0.45270099999999996,0.10775854,2.8875
7532,0.0023787411999999994,0.4326005,0.109929394,3.1689070000000004
7533,0.0023796411999999992,0.4728015,0.108843967,3.28951
7534,0.002380541199999999,0.4326005,0.108843967,3.1689070000000004
7535,0.002381441199999999,0.4728015,0.108843967,2.9277010000000003
7536,0.0023823411999999997,0.45270099999999996,0.108843967,2.5658920000000003
7537,0.0023832411999999996,0.45270099999999996,0.109929394,2.2442840000000004
7538,0.0023841411999999994,0.4326005,0.108843967,1.8020730000000003
7539,0.0023850411999999993,0.4326005,0.109929394,1.4804650000000001
7540,0.002385941199999999,0.4326005,0.10775854,1.400063
7541,0.002386841199999999,0.4326005,0.108843967,1.3196610000000002
7542,0.0023877411999999997,0.4326005,0.108843967,1.4402640000000002
7543,0.0023886411999999996,0.45270099999999996,0.108843967,1.641269
7544,0.0023895411999999994,0.45270099999999996,0.10775854,1.922676
7545,0.0023904411999999993,0.4728015,0.106673113,2.3246860000000003
7546,0.002391341199999999,0.4326005,0.10775854,2.606093
7547,0.002392241199999999,0.4326005,0.10775854,2.9277010000000003
7548,0.0023931411999999997,0.4326005,0.106673113,3.1689070000000004
7549,0.0023940411999999996,0.4326005,0.106673113,3.209108
7550,0.0023949411999999995,0.45270099999999996,0.106673113,3.1689070000000004
7551,0.0023958411999999993,0.45270099999999996,0.10775854,3.128706
7552,0.002396741199999999,0.45270099999999996,0.106673113,2.847299
7553,0.002397641199999999,0.4326005,0.10775854,2.525691
7554,0.002398541199999999,0.45270099999999996,0.106673113,2.1236810000000004
7555,0.0023994411999999996,0.4326005,0.105587686,1.8422740000000002
7556,0.0024003411999999995,0.4326005,0.104502259,1.5608670000000002
7557,0.0024012411999999993,0.45270099999999996,0.104502259,1.3598620000000001
7558,0.002402141199999999,0.4326005,0.106673113,1.3196610000000002
7559,0.002403041199999999,0.45270099999999996,0.106673113,1.4804650000000001
7560,0.002403941199999999,0.45270099999999996,0.104502259,1.8020730000000003
7561,0.0024048411999999996,0.45270099999999996,0.104502259,2.1236810000000004
7562,0.0024057411999999995,0.45270099999999996,0.104502259,2.5658920000000003
7563,0.0024066411999999994,0.45270099999999996,0.104502259,2.9277010000000003
7564,0.0024075411999999992,0.4326005,0.104502259,3.1689070000000004
7565,0.002408441199999999,0.45270099999999996,0.104502259,3.209108
7566,0.002409341199999999,0.4728015,0.104502259,3.128706
7567,0.0024102411999999997,0.45270099999999996,0.103416832,2.8070980000000003
7568,0.0024111411999999995,0.4326005,0.103416832,2.4452890000000003
7569,0.0024120411999999994,0.45270099999999996,0.103416832,1.9628770000000002
7570,0.0024129411999999992,0.4326005,0.104502259,1.6010680000000002
7571,0.002413841199999999,0.45270099999999996,0.102331405,1.3196610000000002
7572,0.002414741199999999,0.45270099999999996,0.103416832,1.400063
7573,0.0024156411999999997,0.45270099999999996,0.103416832,1.520666
7574,0.0024165411999999995,0.45270099999999996,0.102331405,1.9628770000000002
7575,0.0024174411999999994,0.4326005,0.102331405,2.405088
7576,0.0024183411999999993,0.45270099999999996,0.101245978,2.847299
7577,0.002419241199999999,0.45270099999999996,0.102331405,3.1689070000000004
7578,0.002420141199999999,0.4326005,0.101245978,3.209108
7579,0.0024210411999999997,0.4326005,0.100160551,3.128706
7580,0.0024219411999999996,0.45270099999999996,0.101245978,2.8070980000000003
7581,0.0024228411999999994,0.4728015,0.099075124,2.4452890000000003
7582,0.0024237411999999993,0.4326005,0.101245978,1.9628770000000002
7583,0.002424641199999999,0.45270099999999996,0.099075124,1.5608670000000002
7584,0.002425541199999999,0.45270099999999996,0.097989697,1.400063
7585,0.0024264411999999997,0.45270099999999996,0.09690427,1.3196610000000002
7586,0.0024273411999999996,0.4326005,0.09690427,1.520666
7587,0.0024282411999999995,0.4326005,0.09690427,1.8824750000000001
7588,0.0024291411999999993,0.4326005,0.095818843,2.3246860000000003
7589,0.002430041199999999,0.4326005,0.09690427,2.726696
7590,0.002430941199999999,0.45270099999999996,0.095818843,3.0483040000000003
7591,0.002431841199999999,0.45270099999999996,0.094733416,3.28951
7592,0.0024327411999999996,0.4326005,0.094733416,3.2493090000000002
7593,0.0024336411999999995,0.4326005,0.094733416,3.088505
7594,0.0024345411999999993,0.45270099999999996,0.093647989,2.847299
7595,0.002435441199999999,0.4728015,0.092562562,2.4854900000000004
7596,0.002436341199999999,0.4326005,0.092562562,2.08348
7597,0.002437241199999999,0.45270099999999996,0.093647989,1.761872
7598,0.0024381411999999996,0.45270099999999996,0.092562562,1.520666
7599,0.0024390411999999995,0.4326005,0.091477135,1.3598620000000001
7600,0.0024399411999999994,0.4326005,0.091477135,1.3598620000000001
7601,0.0024408411999999992,0.4326005,0.092562562,1.400063
7602,0.002441741199999999,0.45270099999999996,0.091477135,1.6814700000000002
7603,0.002442641199999999,0.45270099999999996,0.091477135,1.9628770000000002
7604,0.0024435411999999997,0.45270099999999996,0.090391708,2.2040830000000002
7605,0.0024444411999999995,0.45270099999999996,0.089306281,2.606093
7606,0.0024453411999999994,0.45270099999999996,0.089306281,2.8070980000000003
7607,0.0024462411999999992,0.4326005,0.088220854,3.088505
7608,0.002447141199999999,0.45270099999999996,0.087135427,3.209108
7609,0.002448041199999999,0.45270099999999996,0.088220854,3.209108
7610,0.0024489411999999997,0.45270099999999996,0.088220854,3.1689070000000004
7611,0.0024498411999999995,0.45270099999999996,0.087135427,3.008103
7612,0.0024507411999999994,0.4728015,0.08605,2.766897
7613,0.0024516411999999993,0.4728015,0.084964573,2.405088
7614,0.002452541199999999,0.45270099999999996,0.084964573,2.0030780000000004
7615,0.002453441199999999,0.4326005,0.083879146,1.761872
7616,0.0024543411999999997,0.4326005,0.083879146,1.4804650000000001
7617,0.0024552411999999996,0.45270099999999996,0.082793719,1.3196610000000002
7618,0.0024561411999999994,0.45270099999999996,0.082793719,1.3598620000000001
7619,0.0024570411999999993,0.45270099999999996,0.081708292,1.5608670000000002
7620,0.002457941199999999,0.45270099999999996,0.080622865,1.8020730000000003
7621,0.002458841199999999,0.45270099999999996,0.080622865,2.2442840000000004
7622,0.0024597411999999997,0.45270099999999996,0.078452011,2.606093
7623,0.0024606411999999996,0.4326005,0.079537438,3.008103
7624,0.0024615411999999995,0.4326005,0.077366584,3.209108
7625,0.0024624411999999993,0.4728015,0.076281157,3.209108
7626,0.002463341199999999,0.45270099999999996,0.074110303,3.0483040000000003
7627,0.002464241199999999,0.45270099999999996,0.073024876,2.606093
7628,0.0024651411999999998,0.45270099999999996,0.071939449,2.163882
7629,0.0024660411999999996,0.4326005,0.071939449,1.6814700000000002
7630,0.0024669411999999995,0.45270099999999996,0.073024876,1.4402640000000002
7631,0.0024678411999999993,0.45270099999999996,0.070854022,1.3196610000000002
7632,0.002468741199999999,0.45270099999999996,0.069768595,1.520666
7633,0.002469641199999999,0.4728015,0.067597741,1.8824750000000001
7634,0.002470541199999999,0.45270099999999996,0.066512314,2.3648870000000004
7635,0.0024714411999999996,0.4728015,0.065426887,2.8070980000000003
7636,0.0024723411999999995,0.45270099999999996,0.06434146,3.1689070000000004
7637,0.0024732411999999994,0.45270099999999996,0.063256033,3.2493090000000002
7638,0.002474141199999999,0.4728015,0.062170606,3.088505
7639,0.002475041199999999,0.45270099999999996,0.063256033,2.6864950000000003
7640,0.002475941199999999,0.4728015,0.059999752,2.163882
7641,0.0024768411999999997,0.4728015,0.057828898000000004,1.761872
7642,0.0024777411999999995,0.45270099999999996,0.056743471000000004,1.520666
7643,0.0024786411999999994,0.4728015,0.056743471000000004,1.3598620000000001
7644,0.0024795411999999992,0.4326005,0.055658044000000004,1.3598620000000001
7645,0.002480441199999999,0.45270099999999996,0.052401763000000004,1.7216710000000002
7646,0.002481341199999999,0.4326005,0.052401763000000004,2.08348
7647,0.0024822411999999997,0.45270099999999996,0.052401763000000004,2.4854900000000004
7648,0.0024831411999999995,0.4728015,0.050230909000000004,2.847299
7649,0.0024840411999999994,0.45270099999999996,0.049145482000000004,3.088505
7650,0.0024849411999999993,0.45270099999999996,0.049145482000000004,3.2493090000000002
7651,0.002485841199999999,0.4728015,0.048060055000000004,3.2493090000000002
7652,0.002486741199999999,0.4728015,0.046974628000000004,3.1689070000000004
7653,0.0024876411999999997,0.45270099999999996,0.045889201000000004,2.8875
7654,0.0024885411999999996,0.4728015,0.046974628000000004,2.6864950000000003
7655,0.0024894411999999994,0.45270099999999996,0.045889201000000004,2.3648870000000004
7656,0.0024903411999999993,0.45270099999999996,0.045889201000000004,2.0030780000000004
7657,0.002491241199999999,0.45270099999999996,0.043718347000000005,1.6814700000000002
7658,0.002492141199999999,0.45270099999999996,0.043718347000000005,1.520666
7659,0.0024930411999999997,0.4728015,0.043718347000000005,1.400063
7660,0.0024939411999999996,0.45270099999999996,0.042632920000000005,1.3598620000000001
7661,0.0024948411999999994,0.4728015,0.043718347000000005,1.400063
7662,0.0024957411999999993,0.4326005,0.042632920000000005,1.520666
7663,0.002496641199999999,0.45270099999999996,0.041547493000000005,1.761872
7664,0.002497541199999999,0.45270099999999996,0.041547493000000005,1.9628770000000002
7665,0.0024984411999999998,0.4728015,0.040462066000000005,2.3648870000000004
7666,0.0024993411999999996,0.45270099999999996,0.040462066000000005,2.646294
7667,0.0025002411999999995,0.45270099999999996,0.040462066000000005,2.8875
7668,0.0025011411999999993,0.4728015,0.039376639000000005,3.128706
7669,0.002502041199999999,0.45270099999999996,0.040462066000000005,3.209108
7670,0.002502941199999999,0.4326005,0.040462066000000005,3.2493090000000002
7671,0.002503841199999999,0.4326005,0.040462066000000005,3.088505
7672,0.0025047411999999996,0.49290199999999995,0.039376639000000005,2.847299
7673,0.0025056411999999995,0.45270099999999996,0.041547493000000005,2.4854900000000004
7674,0.0025065411999999994,0.4326005,0.039376639000000005,2.043279
7675,0.002507441199999999,0.45270099999999996,0.040462066000000005,1.7216710000000002
7676,0.002508341199999999,0.45270099999999996,0.040462066000000005,1.4402640000000002
7677,0.002509241199999999,0.4728015,0.041547493000000005,1.3598620000000001
7678,0.0025101411999999997,0.45270099999999996,0.040462066000000005,1.4402640000000002
7679,0.0025110411999999995,0.4728015,0.041547493000000005,1.7216710000000002
7680,0.0025119411999999994,0.45270099999999996,0.042632920000000005,2.2442840000000004
7681,0.0025128411999999992,0.4728015,0.042632920000000005,2.646294
7682,0.002513741199999999,0.4326005,0.042632920000000005,3.088505
7683,0.002514641199999999,0.4728015,0.043718347000000005,3.209108
7684,0.0025155411999999997,0.45270099999999996,0.046974628000000004,3.1689070000000004
7685,0.0025164411999999995,0.45270099999999996,0.045889201000000004,2.8070980000000003
7686,0.0025173411999999994,0.4728015,0.048060055000000004,2.284485
7687,0.0025182411999999993,0.45270099999999996,0.046974628000000004,1.8422740000000002
7688,0.002519141199999999,0.49290199999999995,0.050230909000000004,1.4402640000000002
7689,0.002520041199999999,0.4728015,0.051316336000000004,1.3598620000000001
7690,0.0025209411999999997,0.4728015,0.051316336000000004,1.520666
7691,0.0025218411999999996,0.49290199999999995,0.052401763000000004,1.9628770000000002
7692,0.0025227411999999994,0.45270099999999996,0.053487190000000004,2.405088
7693,0.0025236411999999993,0.4728015,0.053487190000000004,2.8875
7694,0.002524541199999999,0.4728015,0.057828898000000004,3.128706
7695,0.002525441199999999,0.4728015,0.057828898000000004,3.2493090000000002
7696,0.0025263411999999997,0.49290199999999995,0.059999752,3.088505
7697,0.0025272411999999996,0.45270099999999996,0.059999752,2.766897
7698,0.0025281411999999994,0.49290199999999995,0.062170606,2.284485
7699,0.0025290411999999993,0.4728015,0.062170606,1.8824750000000001
7700,0.002529941199999999,0.45270099999999996,0.063256033,1.6010680000000002
7701,0.002530841199999999,0.45270099999999996,0.065426887,1.3598620000000001
7702,0.0025317411999999997,0.4728015,0.065426887,1.3598620000000001
7703,0.0025326411999999996,0.45270099999999996,0.065426887,1.520666
7704,0.0025335411999999995,0.49290199999999995,0.068683168,1.761872
7705,0.0025344411999999993,0.4326005,0.068683168,2.163882
7706,0.002535341199999999,0.4728015,0.070854022,2.4854900000000004
7707,0.002536241199999999,0.45270099999999996,0.070854022,2.6864950000000003
7708,0.002537141199999999,0.4728015,0.070854022,2.967902
7709,0.0025380411999999996,0.45270099999999996,0.071939449,3.128706
7710,0.0025389411999999995,0.4728015,0.071939449,3.2493090000000002
7711,0.0025398411999999993,0.45270099999999996,0.074110303,3.209108
7712,0.002540741199999999,0.4728015,0.073024876,3.1689070000000004
7713,0.002541641199999999,0.49290199999999995,0.074110303,2.9277010000000003
7714,0.002542541199999999,0.4728015,0.074110303,2.6864950000000003
7715,0.0025434411999999997,0.45270099999999996,0.076281157,2.4452890000000003
7716,0.0025443411999999995,0.45270099999999996,0.076281157,2.1236810000000004
7717,0.0025452411999999994,0.45270099999999996,0.078452011,1.8422740000000002
7718,0.0025461411999999992,0.45270099999999996,0.078452011,1.6010680000000002
7719,0.002547041199999999,0.4728015,0.077366584,1.4402640000000002
7720,0.002547941199999999,0.4728015,0.078452011,1.400063
7721,0.0025488411999999997,0.4728015,0.079537438,1.3196610000000002
7722,0.0025497411999999995,0.4326005,0.080622865,1.4402640000000002
7723,0.0025506411999999994,0.45270099999999996,0.080622865,1.6814700000000002
7724,0.0025515411999999993,0.45270099999999996,0.081708292,1.9628770000000002
7725,0.002552441199999999,0.45270099999999996,0.082793719,2.3246860000000003
7726,0.002553341199999999,0.45270099999999996,0.082793719,2.6864950000000003
7727,0.0025542411999999997,0.49290199999999995,0.083879146,2.967902
7728,0.0025551411999999996,0.45270099999999996,0.083879146,3.1689070000000004
7729,0.0025560411999999994,0.49290199999999995,0.084964573,3.2493090000000002
7730,0.0025569411999999993,0.4728015,0.084964573,3.0483040000000003
7731,0.002557841199999999,0.4728015,0.084964573,2.6864950000000003
7732,0.002558741199999999,0.45270099999999996,0.08605,2.284485
7733,0.0025596411999999997,0.45270099999999996,0.088220854,1.8422740000000002
7734,0.0025605411999999996,0.49290199999999995,0.089306281,1.4804650000000001
7735,0.0025614411999999994,0.45270099999999996,0.089306281,1.400063
7736,0.0025623411999999993,0.4728015,0.090391708,1.4402640000000002
7737,0.002563241199999999,0.45270099999999996,0.090391708,1.8020730000000003
7738,0.002564141199999999,0.4326005,0.092562562,2.3648870000000004
7739,0.0025650411999999997,0.49290199999999995,0.092562562,2.8070980000000003
7740,0.0025659411999999996,0.4728015,0.091477135,3.1689070000000004
7741,0.0025668411999999995,0.4728015,0.092562562,3.2493090000000002
7742,0.0025677411999999993,0.4728015,0.092562562,3.0483040000000003
7743,0.002568641199999999,0.4728015,0.093647989,2.5658920000000003
7744,0.002569541199999999,0.4728015,0.094733416,2.08348
7745,0.002570441199999999,0.4728015,0.094733416,1.6010680000000002
7746,0.0025713411999999996,0.4728015,0.09690427,1.3196610000000002
7747,0.0025722411999999995,0.49290199999999995,0.09690427,1.3598620000000001
7748,0.0025731411999999993,0.4728015,0.09690427,1.6814700000000002
7749,0.002574041199999999,0.4728015,0.095818843,2.2040830000000002
7750,0.002574941199999999,0.49290199999999995,0.09690427,2.606093
7751,0.002575841199999999,0.45270099999999996,0.097989697,3.008103
7752,0.0025767411999999996,0.4728015,0.099075124,3.209108
7753,0.0025776411999999995,0.4728015,0.097989697,3.209108
7754,0.0025785411999999994,0.4728015,0.099075124,2.967902
7755,0.0025794411999999992,0.49290199999999995,0.099075124,2.726696
7756,0.002580341199999999,0.4728015,0.101245978,2.2442840000000004
7757,0.002581241199999999,0.4728015,0.101245978,1.922676
7758,0.0025821411999999997,0.49290199999999995,0.102331405,1.6010680000000002
7759,0.0025830411999999995,0.4728015,0.101245978,1.4402640000000002
7760,0.0025839411999999994,0.49290199999999995,0.101245978,1.3196610000000002
7761,0.0025848411999999992,0.49290199999999995,0.101245978,1.400063
7762,0.002585741199999999,0.49290199999999995,0.101245978,1.5608670000000002
7763,0.002586641199999999,0.49290199999999995,0.101245978,1.8422740000000002
7764,0.0025875411999999997,0.4728015,0.103416832,2.08348
7765,0.0025884411999999996,0.49290199999999995,0.103416832,2.3648870000000004
7766,0.0025893411999999994,0.4728015,0.103416832,2.6864950000000003
7767,0.0025902411999999993,0.4728015,0.104502259,2.9277010000000003
7768,0.002591141199999999,0.49290199999999995,0.104502259,3.128706
7769,0.002592041199999999,0.4728015,0.103416832,3.209108
7770,0.0025929411999999997,0.49290199999999995,0.103416832,3.2493090000000002
7771,0.0025938411999999996,0.49290199999999995,0.103416832,3.2493090000000002
7772,0.0025947411999999994,0.4728015,0.103416832,3.088505
7773,0.0025956411999999993,0.4728015,0.104502259,2.8875
7774,0.002596541199999999,0.4728015,0.103416832,2.606093
7775,0.002597441199999999,0.45270099999999996,0.103416832,2.284485
7776,0.0025983411999999997,0.4728015,0.104502259,1.922676
7777,0.0025992411999999996,0.4728015,0.104502259,1.641269
7778,0.0026001411999999995,0.49290199999999995,0.104502259,1.4804650000000001
7779,0.0026010411999999993,0.45270099999999996,0.104502259,1.3196610000000002
7780,0.002601941199999999,0.49290199999999995,0.106673113,1.3598620000000001
7781,0.002602841199999999,0.4728015,0.105587686,1.6010680000000002
7782,0.002603741199999999,0.49290199999999995,0.106673113,1.8422740000000002
7783,0.0026046411999999996,0.49290199999999995,0.105587686,2.284485
7784,0.0026055411999999995,0.4728015,0.105587686,2.726696
7785,0.0026064411999999993,0.4728015,0.106673113,3.0483040000000003
7786,0.002607341199999999,0.49290199999999995,0.104502259,3.209108
7787,0.002608241199999999,0.49290199999999995,0.106673113,3.209108
7788,0.002609141199999999,0.4728015,0.106673113,2.9277010000000003
7789,0.0026100411999999996,0.49290199999999995,0.106673113,2.4854900000000004
7790,0.0026109411999999995,0.4728015,0.106673113,1.9628770000000002
7791,0.0026118411999999994,0.4728015,0.106673113,1.5608670000000002
7792,0.0026127411999999992,0.4728015,0.10775854,1.3196610000000002
7793,0.002613641199999999,0.49290199999999995,0.10775854,1.400063
7794,0.002614541199999999,0.45270099999999996,0.108843967,1.8020730000000003
7795,0.0026154411999999997,0.4728015,0.105587686,2.3246860000000003
7796,0.0026163411999999995,0.49290199999999995,0.10775854,2.8070980000000003
7797,0.0026172411999999994,0.49290199999999995,0.108843967,3.1689070000000004
7798,0.0026181411999999992,0.49290199999999995,0.109929394,3.28951
7799,0.002619041199999999,0.49290199999999995,0.109929394,3.008103
7800,0.002619941199999999,0.45270099999999996,0.108843967,2.606093
7801,0.0026208411999999997,0.49290199999999995,0.108843967,2.0030780000000004
7802,0.0026217411999999995,0.4728015,0.109929394,1.641269
7803,0.0026226411999999994,0.4728015,0.108843967,1.3598620000000001
7804,0.0026235411999999993,0.4728015,0.111014821,1.3598620000000001
7805,0.002624441199999999,0.4728015,0.108843967,1.641269
7806,0.002625341199999999,0.4728015,0.109929394,1.9628770000000002
7807,0.0026262411999999997,0.49290199999999995,0.111014821,2.405088
7808,0.0026271411999999996,0.4728015,0.109929394,2.847299
7809,0.0026280411999999994,0.4728015,0.109929394,3.1689070000000004
7810,0.0026289411999999993,0.49290199999999995,0.109929394,3.2493090000000002
7811,0.002629841199999999,0.45270099999999996,0.109929394,3.209108
7812,0.002630741199999999,0.49290199999999995,0.109929394,3.0483040000000003
7813,0.0026316411999999997,0.49290199999999995,0.109929394,2.8070980000000003
7814,0.0026325411999999996,0.49290199999999995,0.109929394,2.5658920000000003
7815,0.0026334411999999995,0.4728015,0.109929394,2.2040830000000002
7816,0.0026343411999999993,0.5130025,0.111014821,1.922676
7817,0.002635241199999999,0.49290199999999995,0.111014821,1.6010680000000002
7818,0.002636141199999999,0.4728015,0.109929394,1.4804650000000001
7819,0.002637041199999999,0.49290199999999995,0.112100248,1.3598620000000001
7820,0.0026379411999999996,0.5130025,0.109929394,1.3598620000000001
7821,0.0026388411999999995,0.49290199999999995,0.109929394,1.4402640000000002
7822,0.0026397411999999993,0.49290199999999995,0.111014821,1.6010680000000002
7823,0.002640641199999999,0.4728015,0.111014821,1.8422740000000002
7824,0.002641541199999999,0.45270099999999996,0.111014821,2.1236810000000004
7825,0.002642441199999999,0.45270099999999996,0.111014821,2.4452890000000003
7826,0.0026433411999999996,0.4728015,0.112100248,2.726696
7827,0.0026442411999999995,0.49290199999999995,0.111014821,2.9277010000000003
7828,0.0026451411999999994,0.4728015,0.112100248,3.1689070000000004
7829,0.0026460411999999992,0.45270099999999996,0.111014821,3.329711
7830,0.002646941199999999,0.4728015,0.112100248,3.209108
7831,0.002647841199999999,0.4728015,0.112100248,3.0483040000000003
7832,0.0026487411999999997,0.4728015,0.113185675,2.8875
7833,0.0026496411999999995,0.4728015,0.114271102,2.5658920000000003
7834,0.0026505411999999994,0.49290199999999995,0.113185675,2.1236810000000004
7835,0.0026514411999999992,0.4728015,0.112100248,1.761872
7836,0.002652341199999999,0.49290199999999995,0.112100248,1.520666
7837,0.002653241199999999,0.4728015,0.112100248,1.3196610000000002
7838,0.0026541411999999997,0.4728015,0.113185675,1.4402640000000002
7839,0.0026550411999999995,0.49290199999999995,0.112100248,1.6814700000000002
7840,0.0026559411999999994,0.49290199999999995,0.113185675,2.1236810000000004
7841,0.0026568411999999993,0.49290199999999995,0.113185675,2.606093
7842,0.002657741199999999,0.5130025,0.112100248,3.0483040000000003
7843,0.002658641199999999,0.5130025,0.111014821,3.2493090000000002
7844,0.0026595411999999997,0.49290199999999995,0.112100248,3.209108
7845,0.0026604411999999996,0.4728015,0.112100248,2.8875
7846,0.0026613411999999994,0.4728015,0.112100248,2.3648870000000004
7847,0.0026622411999999993,0.49290199999999995,0.113185675,1.8824750000000001
7848,0.002663141199999999,0.4728015,0.112100248,1.520666
7849,0.002664041199999999,0.49290199999999995,0.112100248,1.3598620000000001
7850,0.0026649411999999997,0.4728015,0.113185675,1.4804650000000001
7851,0.0026658411999999996,0.5130025,0.113185675,1.8824750000000001
7852,0.0026667411999999995,0.49290199999999995,0.113185675,2.3648870000000004
7853,0.0026676411999999993,0.5130025,0.113185675,2.847299
7854,0.002668541199999999,0.49290199999999995,0.114271102,3.128706
7855,0.002669441199999999,0.49290199999999995,0.113185675,3.2493090000000002
7856,0.002670341199999999,0.49290199999999995,0.113185675,3.088505
7857,0.0026712411999999996,0.5130025,0.114271102,2.646294
7858,0.0026721411999999995,0.49290199999999995,0.115356529,2.2040830000000002
7859,0.0026730411999999993,0.49290199999999995,0.114271102,1.8020730000000003
7860,0.002673941199999999,0.5130025,0.113185675,1.520666
7861,0.002674841199999999,0.4728015,0.115356529,1.3598620000000001
7862,0.002675741199999999,0.4728015,0.115356529,1.3598620000000001
7863,0.0026766411999999996,0.4728015,0.115356529,1.641269
7864,0.0026775411999999995,0.4728015,0.115356529,1.922676
7865,0.0026784411999999994,0.4728015,0.115356529,2.3246860000000003
7866,0.002679341199999999,0.49290199999999995,0.116441956,2.6864950000000003
7867,0.002680241199999999,0.49290199999999995,0.114271102,2.9277010000000003
7868,0.002681141199999999,0.5130025,0.115356529,3.1689070000000004
7869,0.0026820411999999997,0.49290199999999995,0.115356529,3.2493090000000002
7870,0.0026829411999999995,0.49290199999999995,0.115356529,3.209108
7871,0.0026838411999999994,0.4728015,0.113185675,3.088505
7872,0.0026847411999999992,0.49290199999999995,0.116441956,2.847299
7873,0.002685641199999999,0.49290199999999995,0.113185675,2.5658920000000003
7874,0.002686541199999999,0.49290199999999995,0.113185675,2.284485
7875,0.0026874411999999997,0.4728015,0.114271102,2.0030780000000004
7876,0.0026883411999999995,0.49290199999999995,0.113185675,1.6814700000000002
7877,0.0026892411999999994,0.49290199999999995,0.113185675,1.5608670000000002
7878,0.0026901411999999993,0.49290199999999995,0.115356529,1.400063
7879,0.002691041199999999,0.49290199999999995,0.113185675,1.3196610000000002
7880,0.002691941199999999,0.49290199999999995,0.113185675,1.400063
7881,0.0026928411999999997,0.49290199999999995,0.113185675,1.641269
7882,0.0026937411999999996,0.4728015,0.114271102,1.8422740000000002
7883,0.0026946411999999994,0.5130025,0.112100248,2.2040830000000002
7884,0.0026955411999999993,0.49290199999999995,0.114271102,2.4854900000000004
7885,0.002696441199999999,0.4728015,0.115356529,2.8875
7886,0.002697341199999999,0.4728015,0.115356529,3.128706
7887,0.0026982411999999997,0.49290199999999995,0.116441956,3.2493090000000002
7888,0.0026991411999999996,0.49290199999999995,0.113185675,3.2493090000000002
7889,0.0027000411999999994,0.4728015,0.115356529,3.088505
7890,0.0027009411999999993,0.5130025,0.115356529,2.726696
7891,0.002701841199999999,0.49290199999999995,0.114271102,2.284485
7892,0.002702741199999999,0.4728015,0.115356529,1.8422740000000002
7893,0.002703641199999999,0.5130025,0.114271102,1.5608670000000002
7894,0.0027045411999999996,0.5130025,0.115356529,1.3196610000000002
7895,0.0027054411999999995,0.49290199999999995,0.116441956,1.4402640000000002
7896,0.0027063411999999993,0.49290199999999995,0.116441956,1.7216710000000002
7897,0.002707241199999999,0.5130025,0.114271102,2.2040830000000002
7898,0.002708141199999999,0.49290199999999995,0.116441956,2.646294
7899,0.002709041199999999,0.5130025,0.114271102,3.008103
7900,0.0027099411999999996,0.5130025,0.115356529,3.2493090000000002
7901,0.0027108411999999995,0.49290199999999995,0.116441956,3.209108
7902,0.0027117411999999994,0.49290199999999995,0.116441956,2.9277010000000003
7903,0.002712641199999999,0.5130025,0.116441956,2.3648870000000004
7904,0.002713541199999999,0.49290199999999995,0.115356529,1.922676
7905,0.002714441199999999,0.49290199999999995,0.115356529,1.5608670000000002
7906,0.0027153411999999997,0.49290199999999995,0.115356529,1.3196610000000002
7907,0.0027162411999999995,0.49290199999999995,0.116441956,1.4804650000000001
7908,0.0027171411999999994,0.49290199999999995,0.115356529,1.8020730000000003
7909,0.0027180411999999992,0.49290199999999995,0.115356529,2.2040830000000002
7910,0.002718941199999999,0.5130025,0.115356529,2.6864950000000003
7911,0.002719841199999999,0.49290199999999995,0.114271102,3.0483040000000003
7912,0.0027207411999999997,0.5130025,0.115356529,3.209108
7913,0.0027216411999999995,0.49290199999999995,0.116441956,3.2493090000000002
7914,0.0027225411999999994,0.49290199999999995,0.113185675,3.0483040000000003
7915,0.0027234411999999993,0.49290199999999995,0.116441956,2.6864950000000003
7916,0.002724341199999999,0.49290199999999995,0.114271102,2.284485
7917,0.002725241199999999,0.5130025,0.114271102,1.922676
7918,0.0027261411999999997,0.49290199999999995,0.116441956,1.6010680000000002
7919,0.0027270411999999996,0.49290199999999995,0.115356529,1.4402640000000002
7920,0.0027279411999999994,0.49290199999999995,0.117527383,1.2794600000000003
7921,0.0027288411999999993,0.5130025,0.116441956,1.4804650000000001
7922,0.002729741199999999,0.49290199999999995,0.116441956,1.641269
7923,0.002730641199999999,0.49290199999999995,0.116441956,1.9628770000000002
7924,0.0027315411999999997,0.49290199999999995,0.116441956,2.2040830000000002
7925,0.0027324411999999996,0.49290199999999995,0.115356529,2.606093
7926,0.0027333411999999994,0.4728015,0.116441956,2.9277010000000003
7927,0.0027342411999999993,0.5130025,0.117527383,3.128706
7928,0.002735141199999999,0.49290199999999995,0.117527383,3.209108
7929,0.002736041199999999,0.4728015,0.116441956,3.2493090000000002
7930,0.002736941199999999,0.49290199999999995,0.116441956,3.1689070000000004
7931,0.0027378411999999996,0.5130025,0.116441956,3.008103
7932,0.0027387411999999995,0.49290199999999995,0.117527383,2.726696
7933,0.0027396411999999993,0.5130025,0.116441956,2.3648870000000004
7934,0.002740541199999999,0.49290199999999995,0.116441956,2.043279
7935,0.002741441199999999,0.49290199999999995,0.116441956,1.8020730000000003
7936,0.002742341199999999,0.5130025,0.116441956,1.4804650000000001
7937,0.0027432411999999996,0.49290199999999995,0.116441956,1.400063
7938,0.0027441411999999995,0.49290199999999995,0.11861281,1.3598620000000001
7939,0.0027450411999999993,0.49290199999999995,0.117527383,1.520666
7940,0.002745941199999999,0.49290199999999995,0.115356529,1.8020730000000003
7941,0.002746841199999999,0.49290199999999995,0.117527383,2.1236810000000004
7942,0.002747741199999999,0.49290199999999995,0.115356529,2.525691
7943,0.0027486411999999997,0.4728015,0.116441956,2.8875
7944,0.0027495411999999995,0.49290199999999995,0.116441956,3.209108
7945,0.0027504411999999994,0.533103,0.115356529,3.2493090000000002
7946,0.0027513411999999992,0.49290199999999995,0.115356529,3.1689070000000004
7947,0.002752241199999999,0.49290199999999995,0.115356529,2.8070980000000003
7948,0.002753141199999999,0.5130025,0.115356529,2.3648870000000004
7949,0.0027540411999999997,0.5130025,0.114271102,1.9628770000000002
7950,0.0027549411999999995,0.533103,0.115356529,1.6010680000000002
7951,0.0027558411999999994,0.5130025,0.116441956,1.400063
7952,0.0027567411999999993,0.49290199999999995,0.116441956,1.400063
7953,0.002757641199999999,0.49290199999999995,0.116441956,1.7216710000000002
7954,0.002758541199999999,0.49290199999999995,0.117527383,2.1236810000000004
7955,0.0027594411999999997,0.49290199999999995,0.11861281,2.6864950000000003
7956,0.0027603411999999996,0.533103,0.117527383,3.008103
7957,0.0027612411999999994,0.5130025,0.117527383,3.2493090000000002
7958,0.0027621411999999993,0.5130025,0.116441956,3.2493090000000002
7959,0.002763041199999999,0.5130025,0.117527383,2.967902
7960,0.002763941199999999,0.49290199999999995,0.117527383,2.606093
7961,0.0027648411999999997,0.5532035,0.115356529,2.043279
7962,0.0027657411999999996,0.5130025,0.11861281,1.6814700000000002
7963,0.0027666411999999994,0.49290199999999995,0.117527383,1.4402640000000002
7964,0.0027675411999999993,0.49290199999999995,0.117527383,1.3196610000000002
7965,0.002768441199999999,0.5130025,0.117527383,1.4804650000000001
7966,0.002769341199999999,0.49290199999999995,0.117527383,1.761872
7967,0.002770241199999999,0.5130025,0.116441956,2.163882
7968,0.0027711411999999996,0.5130025,0.117527383,2.606093
7969,0.0027720411999999995,0.5130025,0.116441956,2.8875
7970,0.0027729411999999993,0.49290199999999995,0.116441956,3.1689070000000004
7971,0.002773841199999999,0.5130025,0.11861281,3.209108
7972,0.002774741199999999,0.4728015,0.117527383,3.209108
7973,0.002775641199999999,0.5130025,0.116441956,3.008103
7974,0.0027765411999999996,0.5130025,0.117527383,2.726696
7975,0.0027774411999999995,0.49290199999999995,0.116441956,2.3648870000000004
7976,0.0027783411999999993,0.5130025,0.116441956,1.9628770000000002
7977,0.002779241199999999,0.533103,0.115356529,1.7216710000000002
7978,0.002780141199999999,0.5130025,0.116441956,1.4804650000000001
7979,0.002781041199999999,0.49290199999999995,0.116441956,1.400063
7980,0.0027819411999999996,0.533103,0.116441956,1.3598620000000001
7981,0.0027828411999999995,0.5130025,0.116441956,1.520666
7982,0.0027837411999999994,0.49290199999999995,0.116441956,1.7216710000000002
7983,0.0027846411999999992,0.49290199999999995,0.116441956,2.0030780000000004
7984,0.002785541199999999,0.49290199999999995,0.116441956,2.3246860000000003
7985,0.002786441199999999,0.49290199999999995,0.116441956,2.646294
7986,0.0027873411999999997,0.5130025,0.116441956,2.967902
7987,0.0027882411999999995,0.49290199999999995,0.117527383,3.209108
7988,0.0027891411999999994,0.533103,0.11861281,3.28951
7989,0.0027900411999999992,0.5130025,0.116441956,3.1689070000000004
7990,0.002790941199999999,0.533103,0.117527383,3.008103
7991,0.002791841199999999,0.49290199999999995,0.116441956,2.726696
7992,0.0027927411999999997,0.49290199999999995,0.116441956,2.3246860000000003
7993,0.0027936411999999996,0.49290199999999995,0.11861281,1.9628770000000002
7994,0.0027945411999999994,0.49290199999999995,0.117527383,1.5608670000000002
7995,0.0027954411999999993,0.533103,0.11861281,1.400063
7996,0.002796341199999999,0.49290199999999995,0.11861281,1.3598620000000001
7997,0.002797241199999999,0.49290199999999995,0.116441956,1.6010680000000002
7998,0.0027981411999999997,0.5130025,0.117527383,1.9628770000000002
7999,0.0027990411999999996,0.5130025,0.117527383,2.3648870000000004
8000,0.0027999411999999994,0.5130025,0.119698237,2.766897
8001,0.0028008411999999993,0.5130025,0.11861281,3.128706
8002,0.002801741199999999,0.49290199999999995,0.116441956,3.2493090000000002
8003,0.002802641199999999,0.5130025,0.117527383,3.1689070000000004
8004,0.0028035411999999997,0.5130025,0.117527383,2.8875
8005,0.0028044411999999996,0.5130025,0.117527383,2.4452890000000003
8006,0.0028053411999999995,0.5130025,0.117527383,1.922676
8007,0.0028062411999999993,0.49290199999999995,0.117527383,1.520666
8008,0.002807141199999999,0.5130025,0.117527383,1.3598620000000001
8009,0.002808041199999999,0.5130025,0.117527383,1.400063
8010,0.002808941199999999,0.533103,0.117527383,1.7216710000000002
8011,0.0028098411999999996,0.533103,0.117527383,2.08348
8012,0.0028107411999999995,0.5130025,0.116441956,2.525691
8013,0.0028116411999999993,0.5130025,0.116441956,2.967902
8014,0.002812541199999999,0.5130025,0.117527383,3.1689070000000004
8015,0.002813441199999999,0.49290199999999995,0.117527383,3.2493090000000002
8016,0.002814341199999999,0.5130025,0.116441956,3.088505
8017,0.0028152411999999996,0.5130025,0.116441956,2.8070980000000003
8018,0.0028161411999999995,0.5130025,0.117527383,2.405088
8019,0.0028170411999999994,0.5130025,0.117527383,2.08348
8020,0.0028179411999999992,0.5130025,0.11861281,1.7216710000000002
8021,0.002818841199999999,0.49290199999999995,0.117527383,1.4804650000000001
8022,0.002819741199999999,0.5130025,0.11861281,1.400063
8023,0.0028206411999999997,0.5130025,0.117527383,1.4402640000000002
8024,0.0028215411999999995,0.533103,0.117527383,1.641269
8025,0.0028224411999999994,0.5130025,0.11861281,2.0030780000000004
8026,0.0028233411999999992,0.533103,0.11861281,2.284485
8027,0.002824241199999999,0.49290199999999995,0.11861281,2.6864950000000003
8028,0.002825141199999999,0.5532035,0.117527383,2.9277010000000003
8029,0.0028260411999999997,0.5130025,0.117527383,3.128706
8030,0.0028269411999999996,0.49290199999999995,0.119698237,3.209108
8031,0.0028278411999999994,0.5130025,0.11861281,3.1689070000000004
8032,0.0028287411999999993,0.5130025,0.117527383,3.088505
8033,0.002829641199999999,0.49290199999999995,0.11861281,2.847299
8034,0.002830541199999999,0.5130025,0.11861281,2.4854900000000004
8035,0.0028314411999999997,0.5130025,0.117527383,2.1236810000000004
8036,0.0028323411999999996,0.5532035,0.11861281,1.761872
8037,0.0028332411999999994,0.5532035,0.116441956,1.5608670000000002
8038,0.0028341411999999993,0.49290199999999995,0.116441956,1.400063
8039,0.002835041199999999,0.49290199999999995,0.117527383,1.3598620000000001
8040,0.002835941199999999,0.5130025,0.117527383,1.4402640000000002
8041,0.0028368411999999997,0.533103,0.116441956,1.7216710000000002
8042,0.0028377411999999996,0.5130025,0.116441956,2.08348
8043,0.0028386411999999995,0.5130025,0.116441956,2.4854900000000004
8044,0.0028395411999999993,0.533103,0.117527383,2.8070980000000003
8045,0.002840441199999999,0.533103,0.117527383,3.088505
8046,0.002841341199999999,0.533103,0.117527383,3.2493090000000002
8047,0.002842241199999999,0.5130025,0.117527383,3.1689070000000004
8048,0.0028431411999999996,0.533103,0.117527383,3.008103
8049,0.0028440411999999995,0.533103,0.117527383,2.606093
8050,0.0028449411999999993,0.5130025,0.117527383,2.2040830000000002
8051,0.002845841199999999,0.5130025,0.11861281,1.8422740000000002
8052,0.002846741199999999,0.5130025,0.11861281,1.4804650000000001
8053,0.002847641199999999,0.5130025,0.116441956,1.400063
8054,0.0028485411999999996,0.5130025,0.11861281,1.4804650000000001
8055,0.0028494411999999995,0.5130025,0.11861281,1.7216710000000002
8056,0.0028503411999999994,0.5130025,0.11861281,2.163882
8057,0.0028512411999999992,0.533103,0.11861281,2.606093
8058,0.002852141199999999,0.5130025,0.119698237,3.0483040000000003
8059,0.002853041199999999,0.533103,0.11861281,3.209108
8060,0.0028539411999999997,0.533103,0.117527383,3.2493090000000002
8061,0.0028548411999999995,0.5130025,0.119698237,3.0483040000000003
8062,0.0028557411999999994,0.533103,0.11861281,2.6864950000000003
8063,0.0028566411999999992,0.533103,0.120783664,2.2040830000000002
8064,0.002857541199999999,0.5130025,0.11861281,1.8020730000000003
8065,0.002858441199999999,0.5130025,0.11861281,1.4804650000000001
8066,0.0028593411999999997,0.5130025,0.119698237,1.3598620000000001
8067,0.0028602411999999995,0.533103,0.11861281,1.4402640000000002
8068,0.0028611411999999994,0.533103,0.117527383,1.7216710000000002
8069,0.0028620411999999993,0.533103,0.11861281,2.1236810000000004
8070,0.002862941199999999,0.533103,0.117527383,2.4854900000000004
8071,0.002863841199999999,0.533103,0.11861281,2.847299
8072,0.0028647411999999997,0.5130025,0.117527383,3.1689070000000004
8073,0.0028656411999999996,0.533103,0.117527383,3.2493090000000002
8074,0.0028665411999999994,0.5130025,0.117527383,3.209108
8075,0.0028674411999999993,0.533103,0.117527383,2.967902
8076,0.002868341199999999,0.533103,0.119698237,2.646294
8077,0.002869241199999999,0.533103,0.116441956,2.284485
8078,0.0028701411999999997,0.5532035,0.117527383,1.9628770000000002
8079,0.0028710411999999996,0.5130025,0.117527383,1.6814700000000002
8080,0.0028719411999999995,0.5130025,0.119698237,1.4402640000000002
8081,0.0028728411999999993,0.533103,0.11861281,1.400063
8082,0.002873741199999999,0.533103,0.11861281,1.3598620000000001
8083,0.002874641199999999,0.5130025,0.119698237,1.6010680000000002
8084,0.002875541199999999,0.5130025,0.116441956,1.922676
8085,0.0028764411999999996,0.533103,0.117527383,2.2442840000000004
8086,0.0028773411999999995,0.5130025,0.117527383,2.525691
8087,0.0028782411999999993,0.5130025,0.11861281,2.9277010000000003
8088,0.002879141199999999,0.533103,0.119698237,3.0483040000000003
8089,0.002880041199999999,0.533103,0.11861281,3.2493090000000002
8090,0.002880941199999999,0.5130025,0.11861281,3.209108
8091,0.0028818411999999996,0.5130025,0.11861281,3.0483040000000003
8092,0.0028827411999999995,0.5130025,0.117527383,2.847299
8093,0.0028836411999999994,0.5130025,0.11861281,2.5658920000000003
8094,0.002884541199999999,0.533103,0.11861281,2.163882
8095,0.002885441199999999,0.533103,0.11861281,1.8422740000000002
8096,0.002886341199999999,0.5130025,0.119698237,1.520666
8097,0.0028872411999999997,0.533103,0.117527383,1.400063
8098,0.0028881411999999995,0.5532035,0.119698237,1.4402640000000002
8099,0.0028890411999999994,0.5130025,0.11861281,1.6010680000000002
8100,0.0028899411999999992,0.533103,0.11861281,1.9628770000000002
8101,0.002890841199999999,0.533103,0.11861281,2.284485
8102,0.002891741199999999,0.5130025,0.119698237,2.6864950000000003
8103,0.0028926411999999997,0.533103,0.11861281,3.088505
8104,0.0028935411999999995,0.533103,0.117527383,3.209108
8105,0.0028944411999999994,0.533103,0.11861281,3.2493090000000002
8106,0.0028953411999999993,0.5130025,0.117527383,3.008103
8107,0.002896241199999999,0.533103,0.11861281,2.726696
8108,0.002897141199999999,0.533103,0.117527383,2.284485
8109,0.0028980411999999997,0.533103,0.11861281,1.922676
8110,0.0028989411999999996,0.533103,0.11861281,1.520666
8111,0.0028998411999999994,0.5532035,0.11861281,1.400063
8112,0.0029007411999999993,0.5130025,0.11861281,1.4804650000000001
8113,0.002901641199999999,0.533103,0.11861281,1.641269
8114,0.002902541199999999,0.533103,0.11861281,2.1236810000000004
8115,0.0029034411999999997,0.533103,0.117527383,2.4854900000000004
8116,0.0029043411999999996,0.533103,0.117527383,2.9277010000000003
8117,0.0029052411999999994,0.5130025,0.11861281,3.1689070000000004
8118,0.0029061411999999993,0.5130025,0.11861281,3.28951
8119,0.002907041199999999,0.533103,0.11861281,3.128706
8120,0.002907941199999999,0.5532035,0.117527383,2.847299
8121,0.002908841199999999,0.5130025,0.11861281,2.4854900000000004
8122,0.0029097411999999996,0.533103,0.119698237,2.043279
8123,0.0029106411999999995,0.5130025,0.120783664,1.6010680000000002
8124,0.0029115411999999993,0.533103,0.11861281,1.4804650000000001
8125,0.002912441199999999,0.533103,0.11861281,1.3598620000000001
8126,0.002913341199999999,0.533103,0.11861281,1.520666
8127,0.002914241199999999,0.533103,0.119698237,1.761872
8128,0.0029151411999999996,0.533103,0.11861281,2.1236810000000004
8129,0.0029160411999999995,0.533103,0.119698237,2.4854900000000004
8130,0.0029169411999999994,0.533103,0.119698237,2.766897
8131,0.002917841199999999,0.533103,0.11861281,3.128706
8132,0.002918741199999999,0.5532035,0.11861281,3.209108
8133,0.002919641199999999,0.533103,0.117527383,3.2493090000000002
8134,0.0029205411999999997,0.533103,0.117527383,3.128706
8135,0.0029214411999999995,0.5532035,0.11861281,2.9277010000000003
8136,0.0029223411999999994,0.5532035,0.119698237,2.646294
8137,0.0029232411999999992,0.533103,0.11861281,2.284485
8138,0.002924141199999999,0.5130025,0.11861281,1.9628770000000002
8139,0.002925041199999999,0.5532035,0.119698237,1.6814700000000002
8140,0.0029259411999999997,0.533103,0.11861281,1.4402640000000002
8141,0.0029268411999999995,0.5532035,0.117527383,1.3598620000000001
8142,0.0029277411999999994,0.533103,0.117527383,1.400063
8143,0.0029286411999999993,0.5130025,0.11861281,1.6010680000000002
8144,0.002929541199999999,0.533103,0.117527383,1.8824750000000001
8145,0.002930441199999999,0.5130025,0.117527383,2.2040830000000002
8146,0.0029313411999999997,0.533103,0.11861281,2.525691
8147,0.0029322411999999996,0.5130025,0.11861281,2.847299
8148,0.0029331411999999994,0.533103,0.117527383,3.128706
8149,0.0029340411999999993,0.573304,0.11861281,3.2493090000000002
8150,0.002934941199999999,0.5130025,0.119698237,3.28951
8151,0.002935841199999999,0.5130025,0.11861281,3.128706
8152,0.0029367411999999997,0.533103,0.11861281,2.766897
8153,0.0029376411999999996,0.5130025,0.11861281,2.405088
8154,0.0029385411999999994,0.533103,0.11861281,2.043279
8155,0.0029394411999999993,0.5532035,0.119698237,1.6814700000000002
8156,0.002940341199999999,0.533103,0.119698237,1.4402640000000002
8157,0.002941241199999999,0.533103,0.117527383,1.400063
8158,0.002942141199999999,0.533103,0.119698237,1.520666
8159,0.0029430411999999996,0.533103,0.11861281,1.8422740000000002
8160,0.0029439411999999995,0.5130025,0.11861281,2.2442840000000004
8161,0.0029448411999999993,0.533103,0.119698237,2.606093
8162,0.002945741199999999,0.5532035,0.11861281,3.0483040000000003
8163,0.002946641199999999,0.5130025,0.119698237,3.2493090000000002
8164,0.002947541199999999,0.5532035,0.119698237,3.209108
8165,0.0029484411999999996,0.5532035,0.119698237,3.008103
8166,0.0029493411999999995,0.533103,0.119698237,2.5658920000000003
8167,0.0029502411999999993,0.533103,0.11861281,2.1236810000000004
8168,0.002951141199999999,0.533103,0.11861281,1.7216710000000002
8169,0.002952041199999999,0.5532035,0.119698237,1.400063
8170,0.002952941199999999,0.5532035,0.11861281,1.3598620000000001
8171,0.0029538411999999997,0.5532035,0.11861281,1.520666
8172,0.0029547411999999995,0.533103,0.11861281,1.8824750000000001
8173,0.0029556411999999994,0.533103,0.119698237,2.284485
8174,0.0029565411999999992,0.5130025,0.11861281,2.726696
8175,0.002957441199999999,0.533103,0.11861281,3.088505
8176,0.002958341199999999,0.5532035,0.11861281,3.2493090000000002
8177,0.0029592411999999997,0.5532035,0.11861281,3.209108
8178,0.0029601411999999995,0.533103,0.11861281,3.008103
8179,0.0029610411999999994,0.533103,0.11861281,2.6864950000000003
8180,0.0029619411999999993,0.533103,0.119698237,2.2442840000000004
8181,0.002962841199999999,0.5532035,0.119698237,1.8824750000000001
8182,0.002963741199999999,0.533103,0.119698237,1.5608670000000002
8183,0.0029646411999999997,0.533103,0.11861281,1.400063
8184,0.0029655411999999996,0.5130025,0.11861281,1.400063
8185,0.0029664411999999994,0.5532035,0.119698237,1.5608670000000002
8186,0.0029673411999999993,0.533103,0.119698237,1.6814700000000002
8187,0.002968241199999999,0.533103,0.119698237,2.043279
8188,0.002969141199999999,0.5532035,0.119698237,2.3648870000000004
8189,0.0029700411999999997,0.533103,0.119698237,2.726696
8190,0.0029709411999999996,0.533103,0.120783664,2.967902
8191,0.0029718411999999994,0.533103,0.119698237,3.1689070000000004
8192,0.0029727411999999993,0.5532035,0.119698237,3.2493090000000002
8193,0.002973641199999999,0.533103,0.120783664,3.2493090000000002
8194,0.002974541199999999,0.5532035,0.119698237,3.088505
8195,0.002975441199999999,0.533103,0.120783664,2.8070980000000003
8196,0.0029763411999999996,0.533103,0.119698237,2.525691
8197,0.0029772411999999995,0.5130025,0.11861281,2.2442840000000004
8198,0.0029781411999999993,0.533103,0.119698237,1.8824750000000001
8199,0.002979041199999999,0.533103,0.11861281,1.6010680000000002
8200,0.002979941199999999,0.533103,0.119698237,1.3598620000000001
8201,0.002980841199999999,0.533103,0.11861281,1.3598620000000001
8202,0.0029817411999999996,0.5532035,0.11861281,1.4402640000000002
8203,0.0029826411999999995,0.5532035,0.119698237,1.641269
8204,0.0029835411999999993,0.533103,0.119698237,1.9628770000000002
8205,0.002984441199999999,0.5532035,0.11861281,2.3648870000000004
8206,0.002985341199999999,0.5130025,0.119698237,2.726696
8207,0.002986241199999999,0.5532035,0.119698237,3.0483040000000003
8208,0.0029871411999999996,0.533103,0.11861281,3.209108
8209,0.0029880411999999995,0.533103,0.119698237,3.2493090000000002
8210,0.0029889411999999994,0.533103,0.120783664,3.088505
8211,0.0029898411999999992,0.5532035,0.11861281,2.847299
8212,0.002990741199999999,0.533103,0.11861281,2.405088
8213,0.002991641199999999,0.5532035,0.116441956,1.9628770000000002
8214,0.0029925411999999997,0.533103,0.119698237,1.6010680000000002
8215,0.0029934411999999995,0.533103,0.11861281,1.4402640000000002
8216,0.0029943411999999994,0.533103,0.11861281,1.4402640000000002
8217,0.0029952411999999993,0.533103,0.119698237,1.641269
8218,0.002996141199999999,0.5532035,0.120783664,2.08348
8219,0.002997041199999999,0.5532035,0.11861281,2.525691
8220,0.0029979411999999997,0.533103,0.11861281,2.9277010000000003
8221,0.0029988411999999996,0.533103,0.119698237,3.1689070000000004
8222,0.0029997411999999994,0.533103,0.11861281,3.2493090000000002
8223,0.0030006411999999993,0.5532035,0.119698237,3.128706
8224,0.003001541199999999,0.5130025,0.120783664,2.726696
8225,0.003002441199999999,0.533103,0.120783664,2.3246860000000003
8226,0.0030033411999999997,0.573304,0.119698237,1.8020730000000003
8227,0.0030042411999999996,0.533103,0.120783664,1.4804650000000001
8228,0.0030051411999999994,0.5532035,0.119698237,1.4402640000000002
8229,0.0030060411999999993,0.533103,0.119698237,1.520666
8230,0.003006941199999999,0.533103,0.119698237,1.7216710000000002
8231,0.003007841199999999,0.573304,0.119698237,2.1236810000000004
8232,0.003008741199999999,0.533103,0.119698237,2.525691
8233,0.0030096411999999996,0.5532035,0.119698237,2.847299
8234,0.0030105411999999995,0.5532035,0.119698237,3.1689070000000004
8235,0.0030114411999999993,0.5532035,0.119698237,3.28951
8236,0.003012341199999999,0.5532035,0.119698237,3.209108
8237,0.003013241199999999,0.5532035,0.11861281,3.0483040000000003
8238,0.003014141199999999,0.533103,0.119698237,2.726696
8239,0.0030150411999999996,0.573304,0.119698237,2.3246860000000003
8240,0.0030159411999999995,0.533103,0.119698237,1.9628770000000002
8241,0.0030168411999999993,0.5532035,0.117527383,1.6814700000000002
8242,0.003017741199999999,0.5532035,0.11861281,1.520666
8243,0.003018641199999999,0.5532035,0.119698237,1.3598620000000001
8244,0.003019541199999999,0.5532035,0.11861281,1.4402640000000002
8245,0.0030204411999999996,0.533103,0.11861281,1.641269
8246,0.0030213411999999995,0.533103,0.117527383,1.8824750000000001
8247,0.0030222411999999994,0.5532035,0.119698237,2.163882
8248,0.0030231411999999992,0.533103,0.119698237,2.405088
8249,0.003024041199999999,0.533103,0.119698237,2.6864950000000003
8250,0.003024941199999999,0.5532035,0.119698237,2.967902
8251,0.0030258411999999997,0.573304,0.119698237,3.1689070000000004
8252,0.0030267411999999995,0.573304,0.120783664,3.2493090000000002
8253,0.0030276411999999994,0.5532035,0.120783664,3.209108
8254,0.0030285411999999992,0.533103,0.120783664,3.0483040000000003
8255,0.003029441199999999,0.533103,0.120783664,2.847299
8256,0.003030341199999999,0.5532035,0.11861281,2.525691
8257,0.0030312411999999997,0.5532035,0.119698237,2.2040830000000002
8258,0.0030321411999999996,0.5532035,0.119698237,1.8422740000000002
8259,0.0030330411999999994,0.5532035,0.120783664,1.5608670000000002
8260,0.0030339411999999993,0.533103,0.119698237,1.4402640000000002
8261,0.003034841199999999,0.5532035,0.120783664,1.400063
8262,0.003035741199999999,0.533103,0.119698237,1.6010680000000002
8263,0.0030366411999999997,0.5532035,0.119698237,1.8824750000000001
8264,0.0030375411999999996,0.5532035,0.119698237,2.284485
8265,0.0030384411999999994,0.5532035,0.120783664,2.6864950000000003
8266,0.0030393411999999993,0.5532035,0.119698237,3.008103
8267,0.003040241199999999,0.5934045,0.119698237,3.2493090000000002
8268,0.003041141199999999,0.5532035,0.119698237,3.2493090000000002
8269,0.003042041199999999,0.573304,0.119698237,3.088505
8270,0.0030429411999999996,0.573304,0.117527383,2.726696
8271,0.0030438411999999995,0.533103,0.119698237,2.3246860000000003
8272,0.0030447411999999993,0.5532035,0.119698237,1.8020730000000003
8273,0.003045641199999999,0.533103,0.119698237,1.520666
8274,0.003046541199999999,0.5532035,0.119698237,1.3598620000000001
8275,0.003047441199999999,0.533103,0.120783664,1.4804650000000001
8276,0.0030483411999999996,0.5934045,0.119698237,1.8020730000000003
8277,0.0030492411999999995,0.573304,0.11861281,2.2442840000000004
8278,0.0030501411999999993,0.5532035,0.119698237,2.726696
8279,0.003051041199999999,0.533103,0.120783664,3.0483040000000003
8280,0.003051941199999999,0.5130025,0.119698237,3.28951
8281,0.003052841199999999,0.5532035,0.11861281,3.209108
8282,0.0030537411999999996,0.5532035,0.119698237,2.967902
8283,0.0030546411999999995,0.533103,0.120783664,2.5658920000000003
8284,0.0030555411999999994,0.533103,0.11861281,2.163882
8285,0.0030564411999999992,0.573304,0.120783664,1.7216710000000002
8286,0.003057341199999999,0.5532035,0.120783664,1.4402640000000002
8287,0.003058241199999999,0.573304,0.120783664,1.4402640000000002
8288,0.0030591411999999997,0.573304,0.120783664,1.520666
8289,0.0030600411999999995,0.5532035,0.119698237,1.761872
8290,0.0030609411999999994,0.573304,0.120783664,2.163882
8291,0.0030618411999999992,0.5532035,0.11861281,2.4854900000000004
8292,0.003062741199999999,0.5532035,0.120783664,2.8070980000000003
8293,0.003063641199999999,0.573304,0.120783664,3.0483040000000003
8294,0.0030645411999999997,0.5532035,0.11861281,3.2493090000000002
8295,0.0030654411999999995,0.5532035,0.119698237,3.329711
8296,0.0030663411999999994,0.5532035,0.119698237,3.1689070000000004
8297,0.0030672411999999993,0.5532035,0.120783664,2.967902
8298,0.003068141199999999,0.5532035,0.11861281,2.766897
8299,0.003069041199999999,0.5532035,0.11861281,2.4854900000000004
8300,0.0030699411999999997,0.573304,0.11861281,2.163882
8301,0.0030708411999999996,0.5532035,0.119698237,1.922676
8302,0.0030717411999999994,0.573304,0.11861281,1.6814700000000002
8303,0.0030726411999999993,0.573304,0.11861281,1.520666
8304,0.003073541199999999,0.5532035,0.119698237,1.400063
8305,0.003074441199999999,0.5934045,0.119698237,1.4402640000000002
8306,0.003075341199999999,0.533103,0.120783664,1.520666
8307,0.0030762411999999996,0.573304,0.119698237,1.7216710000000002
8308,0.0030771411999999995,0.573304,0.120783664,1.9628770000000002
8309,0.0030780411999999993,0.573304,0.117527383,2.3246860000000003
8310,0.003078941199999999,0.5532035,0.119698237,2.5658920000000003
8311,0.003079841199999999,0.5532035,0.119698237,2.847299
8312,0.003080741199999999,0.533103,0.119698237,3.0483040000000003
8313,0.0030816411999999996,0.5532035,0.119698237,3.2493090000000002
8314,0.0030825411999999995,0.5532035,0.120783664,3.2493090000000002
8315,0.0030834411999999993,0.573304,0.11861281,3.128706
8316,0.003084341199999999,0.5532035,0.120783664,2.847299
8317,0.003085241199999999,0.533103,0.119698237,2.5658920000000003
8318,0.003086141199999999,0.5532035,0.120783664,2.2040830000000002
8319,0.0030870411999999996,0.5532035,0.120783664,1.8020730000000003
8320,0.0030879411999999995,0.573304,0.119698237,1.6010680000000002
8321,0.0030888411999999994,0.5532035,0.11861281,1.4402640000000002
8322,0.003089741199999999,0.5532035,0.120783664,1.520666
8323,0.003090641199999999,0.5532035,0.119698237,1.7216710000000002
8324,0.003091541199999999,0.5532035,0.120783664,2.163882
8325,0.0030924411999999997,0.573304,0.119698237,2.606093
8326,0.0030933411999999995,0.573304,0.119698237,3.008103
8327,0.0030942411999999994,0.5532035,0.119698237,3.209108
8328,0.0030951411999999992,0.5532035,0.121869091,3.209108
8329,0.003096041199999999,0.5532035,0.120783664,3.0483040000000003
8330,0.003096941199999999,0.5532035,0.120783664,2.606093
8331,0.0030978411999999997,0.5532035,0.119698237,2.163882
8332,0.0030987411999999995,0.573304,0.11861281,1.8020730000000003
8333,0.0030996411999999994,0.573304,0.120783664,1.520666
8334,0.0031005411999999993,0.573304,0.120783664,1.400063
8335,0.003101441199999999,0.573304,0.119698237,1.520666
8336,0.003102341199999999,0.573304,0.11861281,1.9628770000000002
8337,0.0031032411999999997,0.573304,0.120783664,2.405088
8338,0.0031041411999999996,0.573304,0.120783664,2.766897
8339,0.0031050411999999994,0.5934045,0.120783664,3.088505
8340,0.0031059411999999993,0.573304,0.120783664,3.2493090000000002
8341,0.003106841199999999,0.5532035,0.119698237,3.209108
8342,0.003107741199999999,0.5532035,0.119698237,3.008103
8343,0.003108641199999999,0.5934045,0.119698237,2.6864950000000003
8344,0.0031095411999999996,0.5532035,0.120783664,2.284485
8345,0.0031104411999999994,0.5532035,0.120783664,1.922676
8346,0.0031113411999999993,0.5934045,0.119698237,1.6814700000000002
8347,0.003112241199999999,0.5532035,0.120783664,1.4402640000000002
8348,0.003113141199999999,0.573304,0.121869091,1.4402640000000002
8349,0.003114041199999999,0.5934045,0.119698237,1.4804650000000001
8350,0.0031149411999999996,0.5934045,0.119698237,1.641269
8351,0.0031158411999999995,0.573304,0.121869091,1.8824750000000001
8352,0.0031167411999999993,0.573304,0.121869091,2.163882
8353,0.003117641199999999,0.573304,0.121869091,2.4452890000000003
8354,0.003118541199999999,0.573304,0.119698237,2.766897
8355,0.003119441199999999,0.5532035,0.120783664,2.967902
8356,0.0031203411999999996,0.5934045,0.121869091,3.1689070000000004
8357,0.0031212411999999995,0.5532035,0.121869091,3.2493090000000002
8358,0.0031221411999999994,0.573304,0.120783664,3.2493090000000002
8359,0.003123041199999999,0.5532035,0.120783664,3.1689070000000004
8360,0.003123941199999999,0.5532035,0.120783664,2.967902
8361,0.003124841199999999,0.5532035,0.120783664,2.766897
8362,0.0031257411999999997,0.5532035,0.121869091,2.4452890000000003
8363,0.0031266411999999995,0.5532035,0.120783664,2.2442840000000004
8364,0.0031275411999999994,0.5532035,0.119698237,1.9628770000000002
8365,0.0031284411999999992,0.573304,0.120783664,1.6814700000000002
8366,0.003129341199999999,0.573304,0.120783664,1.520666
8367,0.003130241199999999,0.5532035,0.120783664,1.400063
8368,0.0031311411999999997,0.573304,0.120783664,1.400063
8369,0.0031320411999999995,0.573304,0.11861281,1.6010680000000002
8370,0.0031329411999999994,0.573304,0.121869091,1.8824750000000001
8371,0.0031338411999999993,0.573304,0.121869091,2.2040830000000002
8372,0.003134741199999999,0.5532035,0.119698237,2.606093
8373,0.003135641199999999,0.573304,0.119698237,2.9277010000000003
8374,0.0031365411999999997,0.5532035,0.119698237,3.1689070000000004
8375,0.0031374411999999996,0.573304,0.119698237,3.28951
8376,0.0031383411999999994,0.573304,0.119698237,3.1689070000000004
8377,0.0031392411999999993,0.573304,0.119698237,2.847299
8378,0.003140141199999999,0.573304,0.11861281,2.4452890000000003
8379,0.003141041199999999,0.573304,0.119698237,1.9628770000000002
8380,0.003141941199999999,0.573304,0.119698237,1.6010680000000002
8381,0.0031428411999999996,0.573304,0.119698237,1.400063
8382,0.0031437411999999994,0.5532035,0.121869091,1.4804650000000001
8383,0.0031446411999999993,0.5532035,0.120783664,1.7216710000000002
8384,0.003145541199999999,0.573304,0.119698237,2.163882
8385,0.003146441199999999,0.573304,0.119698237,2.606093
8386,0.003147341199999999,0.573304,0.120783664,3.008103
8387,0.0031482411999999996,0.573304,0.120783664,3.2493090000000002
8388,0.0031491411999999995,0.573304,0.120783664,3.209108
8389,0.0031500411999999993,0.573304,0.120783664,2.9277010000000003
8390,0.003150941199999999,0.573304,0.120783664,2.606093
8391,0.003151841199999999,0.573304,0.119698237,2.163882
8392,0.003152741199999999,0.5934045,0.119698237,1.7216710000000002
8393,0.0031536411999999996,0.5934045,0.120783664,1.4804650000000001
8394,0.0031545411999999995,0.5934045,0.119698237,1.4402640000000002
8395,0.0031554411999999993,0.573304,0.120783664,1.5608670000000002
8396,0.003156341199999999,0.573304,0.11861281,1.8422740000000002
8397,0.003157241199999999,0.573304,0.119698237,2.284485
8398,0.003158141199999999,0.5934045,0.11861281,2.646294
8399,0.0031590411999999997,0.5934045,0.121869091,2.967902
8400,0.0031599411999999995,0.5934045,0.119698237,3.209108
8401,0.0031608411999999994,0.573304,0.119698237,3.28951
8402,0.0031617411999999992,0.5934045,0.120783664,3.1689070000000004
8403,0.003162641199999999,0.5532035,0.119698237,3.008103
8404,0.003163541199999999,0.573304,0.11861281,2.726696
8405,0.0031644411999999997,0.5934045,0.120783664,2.4452890000000003
8406,0.0031653411999999995,0.573304,0.120783664,2.163882
8407,0.0031662411999999994,0.5532035,0.120783664,1.8422740000000002
8408,0.0031671411999999993,0.573304,0.120783664,1.6010680000000002
8409,0.003168041199999999,0.5532035,0.120783664,1.4804650000000001
8410,0.003168941199999999,0.573304,0.121869091,1.4402640000000002
8411,0.0031698411999999997,0.5934045,0.120783664,1.400063
8412,0.0031707411999999996,0.573304,0.120783664,1.520666
8413,0.0031716411999999994,0.5532035,0.121869091,1.761872
8414,0.0031725411999999993,0.533103,0.121869091,2.0030780000000004
8415,0.003173441199999999,0.573304,0.121869091,2.2442840000000004
8416,0.003174341199999999,0.5532035,0.120783664,2.5658920000000003
8417,0.0031752411999999997,0.573304,0.121869091,2.847299
8418,0.0031761411999999996,0.5532035,0.120783664,3.0483040000000003
8419,0.0031770411999999994,0.573304,0.121869091,3.2493090000000002
8420,0.0031779411999999993,0.573304,0.120783664,3.2493090000000002
8421,0.003178841199999999,0.5934045,0.121869091,3.2493090000000002
8422,0.003179741199999999,0.573304,0.120783664,3.0483040000000003
8423,0.003180641199999999,0.613505,0.120783664,2.8070980000000003
8424,0.0031815411999999996,0.573304,0.120783664,2.4452890000000003
8425,0.0031824411999999995,0.573304,0.119698237,2.08348
8426,0.0031833411999999993,0.5532035,0.119698237,1.8020730000000003
8427,0.003184241199999999,0.5532035,0.120783664,1.520666
8428,0.003185141199999999,0.5934045,0.120783664,1.400063
8429,0.003186041199999999,0.573304,0.120783664,1.4402640000000002
8430,0.0031869411999999996,0.573304,0.120783664,1.7216710000000002
8431,0.0031878411999999995,0.5532035,0.120783664,2.08348
8432,0.0031887411999999993,0.573304,0.121869091,2.525691
8433,0.003189641199999999,0.5532035,0.120783664,2.9277010000000003
8434,0.003190541199999999,0.573304,0.120783664,3.1689070000000004
8435,0.003191441199999999,0.573304,0.119698237,3.28951
8436,0.0031923411999999996,0.573304,0.120783664,3.128706
8437,0.0031932411999999995,0.573304,0.120783664,2.8070980000000003
8438,0.0031941411999999994,0.573304,0.119698237,2.3246860000000003
8439,0.0031950411999999992,0.5934045,0.120783664,1.8422740000000002
8440,0.003195941199999999,0.573304,0.119698237,1.520666
8441,0.003196841199999999,0.5934045,0.119698237,1.4402640000000002
8442,0.0031977411999999997,0.5934045,0.120783664,1.520666
8443,0.0031986411999999995,0.5934045,0.120783664,1.922676
8444,0.0031995411999999994,0.5532035,0.119698237,2.3648870000000004
8445,0.0032004411999999993,0.5934045,0.121869091,2.847299
8446,0.003201341199999999,0.573304,0.121869091,3.1689070000000004
8447,0.003202241199999999,0.5934045,0.121869091,3.28951
8448,0.0032031411999999997,0.573304,0.120783664,3.128706
8449,0.0032040411999999996,0.573304,0.120783664,2.8070980000000003
8450,0.0032049411999999994,0.5934045,0.122954518,2.3648870000000004
8451,0.0032058411999999993,0.5934045,0.121869091,1.922676
8452,0.003206741199999999,0.573304,0.120783664,1.5608670000000002
8453,0.003207641199999999,0.5934045,0.120783664,1.400063
8454,0.0032085411999999997,0.5934045,0.120783664,1.4402640000000002
8455,0.0032094411999999996,0.5532035,0.119698237,1.6010680000000002
8456,0.0032103411999999994,0.5934045,0.120783664,1.922676
8457,0.0032112411999999993,0.573304,0.121869091,2.284485
8458,0.003212141199999999,0.573304,0.119698237,2.606093
8459,0.003213041199999999,0.5934045,0.119698237,2.847299
8460,0.003213941199999999,0.5934045,0.120783664,3.128706
8461,0.0032148411999999996,0.573304,0.119698237,3.2493090000000002
8462,0.0032157411999999995,0.573304,0.119698237,3.209108
8463,0.0032166411999999993,0.5934045,0.120783664,3.1689070000000004
8464,0.003217541199999999,0.5934045,0.119698237,3.008103
8465,0.003218441199999999,0.5934045,0.121869091,2.766897
8466,0.003219341199999999,0.5934045,0.120783664,2.606093
8467,0.0032202411999999996,0.573304,0.120783664,2.284485
8468,0.0032211411999999995,0.5934045,0.120783664,2.08348
8469,0.0032220411999999993,0.573304,0.119698237,1.761872
8470,0.003222941199999999,0.573304,0.120783664,1.6010680000000002
8471,0.003223841199999999,0.5934045,0.120783664,1.520666
8472,0.003224741199999999,0.5934045,0.119698237,1.400063
8473,0.0032256411999999996,0.5934045,0.119698237,1.4804650000000001
8474,0.0032265411999999995,0.5934045,0.120783664,1.5608670000000002
8475,0.0032274411999999994,0.5934045,0.121869091,1.761872
8476,0.0032283411999999992,0.5934045,0.120783664,2.08348
8477,0.003229241199999999,0.5934045,0.119698237,2.3648870000000004
8478,0.003230141199999999,0.5934045,0.120783664,2.766897
8479,0.0032310411999999997,0.573304,0.120783664,2.967902
8480,0.0032319411999999995,0.5934045,0.121869091,3.1689070000000004
8481,0.0032328411999999994,0.613505,0.120783664,3.2493090000000002
8482,0.0032337411999999992,0.5934045,0.121869091,3.1689070000000004
8483,0.003234641199999999,0.5934045,0.121869091,2.967902
8484,0.003235541199999999,0.573304,0.120783664,2.606093
8485,0.0032364411999999997,0.573304,0.122954518,2.2040830000000002
8486,0.0032373411999999996,0.573304,0.120783664,1.8020730000000003
8487,0.0032382411999999994,0.5934045,0.121869091,1.520666
8488,0.0032391411999999993,0.573304,0.120783664,1.3598620000000001
8489,0.003240041199999999,0.5934045,0.120783664,1.520666
8490,0.003240941199999999,0.573304,0.121869091,1.9628770000000002
8491,0.0032418411999999997,0.5934045,0.120783664,2.4854900000000004
8492,0.0032427411999999996,0.573304,0.120783664,2.9277010000000003
8493,0.0032436411999999994,0.573304,0.120783664,3.209108
8494,0.0032445411999999993,0.5934045,0.119698237,3.2493090000000002
8495,0.003245441199999999,0.573304,0.121869091,3.088505
8496,0.003246341199999999,0.5934045,0.119698237,2.5658920000000003
8497,0.003247241199999999,0.613505,0.120783664,2.08348
8498,0.0032481411999999996,0.5934045,0.121869091,1.641269
8499,0.0032490411999999995,0.613505,0.119698237,1.4402640000000002
8500,0.0032499411999999993,0.613505,0.120783664,1.4804650000000001
8501,0.003250841199999999,0.613505,0.119698237,1.761872
8502,0.003251741199999999,0.5934045,0.120783664,2.163882
8503,0.003252641199999999,0.5934045,0.119698237,2.646294
8504,0.0032535411999999996,0.5934045,0.119698237,2.967902
8505,0.0032544411999999995,0.573304,0.120783664,3.2493090000000002
8506,0.0032553411999999993,0.5934045,0.119698237,3.2493090000000002
8507,0.003256241199999999,0.5934045,0.121869091,3.0483040000000003
8508,0.003257141199999999,0.5934045,0.121869091,2.766897
8509,0.003258041199999999,0.613505,0.121869091,2.405088
8510,0.0032589411999999996,0.5934045,0.122954518,2.1236810000000004
8511,0.0032598411999999995,0.613505,0.121869091,1.761872
8512,0.0032607411999999994,0.5934045,0.121869091,1.5608670000000002
8513,0.0032616411999999992,0.613505,0.121869091,1.3598620000000001
8514,0.003262541199999999,0.5934045,0.122954518,1.400063
8515,0.003263441199999999,0.613505,0.120783664,1.4804650000000001
8516,0.0032643411999999997,0.613505,0.121869091,1.7216710000000002
8517,0.0032652411999999995,0.5934045,0.121869091,1.9628770000000002
8518,0.0032661411999999994,0.573304,0.120783664,2.2442840000000004
8519,0.0032670411999999992,0.5934045,0.121869091,2.525691
8520,0.003267941199999999,0.5934045,0.120783664,2.766897
8521,0.003268841199999999,0.573304,0.119698237,3.0483040000000003
8522,0.0032697411999999997,0.613505,0.121869091,3.209108
8523,0.0032706411999999995,0.573304,0.122954518,3.2493090000000002
8524,0.0032715411999999994,0.573304,0.121869091,3.329711
8525,0.0032724411999999993,0.573304,0.120783664,3.209108
8526,0.003273341199999999,0.5934045,0.120783664,3.008103
8527,0.003274241199999999,0.5934045,0.120783664,2.847299
8528,0.0032751411999999997,0.573304,0.120783664,2.5658920000000003
8529,0.0032760411999999996,0.5934045,0.120783664,2.284485
8530,0.0032769411999999994,0.5934045,0.120783664,1.922676
8531,0.0032778411999999993,0.613505,0.120783664,1.641269
8532,0.003278741199999999,0.5934045,0.120783664,1.4804650000000001
8533,0.003279641199999999,0.613505,0.120783664,1.400063
8534,0.003280541199999999,0.613505,0.120783664,1.520666
8535,0.0032814411999999996,0.573304,0.121869091,1.761872
8536,0.0032823411999999995,0.613505,0.120783664,2.1236810000000004
8537,0.0032832411999999993,0.573304,0.120783664,2.606093
8538,0.003284141199999999,0.613505,0.119698237,2.9277010000000003
8539,0.003285041199999999,0.5532035,0.120783664,3.209108
8540,0.003285941199999999,0.5934045,0.121869091,3.28951
8541,0.0032868411999999996,0.5934045,0.121869091,3.1689070000000004
8542,0.0032877411999999995,0.5934045,0.119698237,2.726696
8543,0.0032886411999999993,0.613505,0.122954518,2.2442840000000004
8544,0.003289541199999999,0.573304,0.121869091,1.761872
8545,0.003290441199999999,0.573304,0.121869091,1.4804650000000001
8546,0.003291341199999999,0.5934045,0.120783664,1.400063
8547,0.0032922411999999996,0.613505,0.121869091,1.641269
8548,0.0032931411999999995,0.5934045,0.120783664,2.1236810000000004
8549,0.0032940411999999994,0.5934045,0.121869091,2.606093
8550,0.003294941199999999,0.573304,0.121869091,3.008103
8551,0.003295841199999999,0.6336055,0.121869091,3.2493090000000002
8552,0.003296741199999999,0.613505,0.122954518,3.209108
8553,0.0032976411999999997,0.5934045,0.121869091,2.967902
8554,0.0032985411999999995,0.5934045,0.120783664,2.5658920000000003
8555,0.0032994411999999994,0.5934045,0.120783664,2.08348
8556,0.0033003411999999992,0.5934045,0.120783664,1.641269
8557,0.003301241199999999,0.613505,0.120783664,1.4402640000000002
8558,0.003302141199999999,0.573304,0.121869091,1.400063
8559,0.0033030411999999997,0.5934045,0.120783664,1.5608670000000002
8560,0.0033039411999999995,0.613505,0.120783664,1.8824750000000001
8561,0.0033048411999999994,0.5934045,0.120783664,2.284485
8562,0.0033057411999999993,0.5934045,0.120783664,2.646294
8563,0.003306641199999999,0.613505,0.120783664,2.967902
8564,0.003307541199999999,0.6336055,0.120783664,3.1689070000000004
8565,0.0033084411999999997,0.5934045,0.120783664,3.329711
8566,0.0033093411999999996,0.5934045,0.120783664,3.2493090000000002
8567,0.0033102411999999994,0.613505,0.120783664,3.088505
8568,0.0033111411999999993,0.613505,0.119698237,2.8875
8569,0.003312041199999999,0.5934045,0.122954518,2.525691
8570,0.003312941199999999,0.613505,0.120783664,2.3246860000000003
8571,0.003313841199999999,0.5934045,0.121869091,1.922676
8572,0.0033147411999999996,0.613505,0.119698237,1.7216710000000002
8573,0.0033156411999999994,0.613505,0.121869091,1.5608670000000002
8574,0.0033165411999999993,0.613505,0.121869091,1.4402640000000002
8575,0.003317441199999999,0.5934045,0.122954518,1.4402640000000002
8576,0.003318341199999999,0.5934045,0.121869091,1.4402640000000002
8577,0.003319241199999999,0.5934045,0.120783664,1.6814700000000002
8578,0.0033201411999999996,0.573304,0.120783664,1.8824750000000001
8579,0.0033210411999999995,0.573304,0.122954518,2.2040830000000002
8580,0.0033219411999999993,0.613505,0.122954518,2.4854900000000004
8581,0.003322841199999999,0.613505,0.122954518,2.766897
8582,0.003323741199999999,0.613505,0.121869091,3.088505
8583,0.003324641199999999,0.5934045,0.122954518,3.2493090000000002
8584,0.0033255411999999996,0.613505,0.122954518,3.28951
8585,0.0033264411999999995,0.573304,0.121869091,3.2493090000000002
8586,0.0033273411999999994,0.613505,0.121869091,3.0483040000000003
8587,0.003328241199999999,0.5934045,0.121869091,2.6864950000000003
8588,0.003329141199999999,0.613505,0.120783664,2.3246860000000003
8589,0.003330041199999999,0.613505,0.120783664,1.9628770000000002
8590,0.0033309411999999997,0.573304,0.121869091,1.6010680000000002
8591,0.0033318411999999995,0.613505,0.120783664,1.4402640000000002
8592,0.0033327411999999994,0.613505,0.119698237,1.4402640000000002
8593,0.0033336411999999992,0.5934045,0.120783664,1.641269
8594,0.003334541199999999,0.5934045,0.120783664,2.1236810000000004
8595,0.003335441199999999,0.613505,0.121869091,2.606093
8596,0.0033363411999999997,0.5934045,0.121869091,2.967902
8597,0.0033372411999999995,0.613505,0.120783664,3.28951
8598,0.0033381411999999994,0.613505,0.120783664,3.28951
8599,0.0033390411999999993,0.5934045,0.119698237,3.088505
8600,0.003339941199999999,0.5934045,0.121869091,2.6864950000000003
8601,0.003340841199999999,0.613505,0.120783664,2.163882
8602,0.0033417411999999997,0.613505,0.120783664,1.6814700000000002
8603,0.0033426411999999996,0.5934045,0.121869091,1.400063
8604,0.0033435411999999994,0.613505,0.122954518,1.4402640000000002
8605,0.0033444411999999993,0.613505,0.120783664,1.641269
8606,0.003345341199999999,0.613505,0.121869091,2.1236810000000004
8607,0.003346241199999999,0.5934045,0.121869091,2.6864950000000003
8608,0.003347141199999999,0.613505,0.121869091,3.008103
8609,0.0033480411999999996,0.613505,0.121869091,3.2493090000000002
8610,0.0033489411999999994,0.613505,0.120783664,3.2493090000000002
8611,0.0033498411999999993,0.573304,0.121869091,3.088505
8612,0.003350741199999999,0.5934045,0.121869091,2.726696
8613,0.003351641199999999,0.613505,0.122954518,2.3246860000000003
8614,0.003352541199999999,0.613505,0.122954518,1.8824750000000001
8615,0.0033534411999999996,0.6336055,0.120783664,1.641269
8616,0.0033543411999999995,0.5934045,0.121869091,1.4804650000000001
8617,0.0033552411999999993,0.613505,0.121869091,1.4402640000000002
8618,0.003356141199999999,0.5934045,0.121869091,1.5608670000000002
8619,0.003357041199999999,0.573304,0.121869091,1.8020730000000003
8620,0.003357941199999999,0.5934045,0.122954518,2.163882
8621,0.0033588411999999996,0.613505,0.121869091,2.405088
8622,0.0033597411999999995,0.6336055,0.121869091,2.726696
8623,0.0033606411999999993,0.5934045,0.120783664,3.0483040000000003
8624,0.003361541199999999,0.613505,0.120783664,3.1689070000000004
8625,0.003362441199999999,0.613505,0.120783664,3.28951
8626,0.003363341199999999,0.613505,0.120783664,3.28951
8627,0.0033642411999999997,0.5934045,0.121869091,3.209108
8628,0.0033651411999999995,0.5934045,0.121869091,3.008103
8629,0.0033660411999999994,0.613505,0.120783664,2.8070980000000003
8630,0.0033669411999999992,0.613505,0.120783664,2.4854900000000004
8631,0.003367841199999999,0.6336055,0.120783664,2.163882
8632,0.003368741199999999,0.613505,0.120783664,1.8824750000000001
8633,0.0033696411999999997,0.5934045,0.119698237,1.641269
8634,0.0033705411999999995,0.613505,0.121869091,1.520666
8635,0.0033714411999999994,0.613505,0.120783664,1.3598620000000001
8636,0.0033723411999999993,0.5934045,0.121869091,1.4402640000000002
8637,0.003373241199999999,0.613505,0.120783664,1.6814700000000002
8638,0.003374141199999999,0.573304,0.121869091,1.8824750000000001
8639,0.0033750411999999997,0.5934045,0.122954518,2.2040830000000002
8640,0.0033759411999999996,0.6336055,0.121869091,2.606093
8641,0.0033768411999999994,0.613505,0.121869091,2.967902
8642,0.0033777411999999993,0.6336055,0.122954518,3.209108
8643,0.003378641199999999,0.5934045,0.122954518,3.329711
8644,0.003379541199999999,0.613505,0.121869091,3.2493090000000002
8645,0.003380441199999999,0.613505,0.122954518,2.8875
8646,0.0033813411999999996,0.613505,0.124039945,2.4854900000000004
8647,0.0033822411999999994,0.613505,0.122954518,2.08348
8648,0.0033831411999999993,0.613505,0.121869091,1.641269
8649,0.003384041199999999,0.613505,0.122954518,1.4804650000000001
8650,0.003384941199999999,0.613505,0.122954518,1.520666
8651,0.003385841199999999,0.613505,0.121869091,1.7216710000000002
8652,0.0033867411999999996,0.6336055,0.122954518,2.2040830000000002
8653,0.0033876411999999995,0.6336055,0.122954518,2.6864950000000003
8654,0.0033885411999999993,0.5934045,0.121869091,3.0483040000000003
8655,0.003389441199999999,0.5934045,0.121869091,3.2493090000000002
8656,0.003390341199999999,0.6336055,0.120783664,3.2493090000000002
8657,0.003391241199999999,0.6336055,0.121869091,2.967902
8658,0.0033921411999999996,0.5934045,0.121869091,2.4854900000000004
8659,0.0033930411999999995,0.6336055,0.120783664,2.043279
8660,0.0033939411999999993,0.613505,0.122954518,1.6814700000000002
8661,0.003394841199999999,0.613505,0.121869091,1.4804650000000001
8662,0.003395741199999999,0.613505,0.121869091,1.4402640000000002
8663,0.003396641199999999,0.6336055,0.122954518,1.641269
8664,0.0033975411999999997,0.613505,0.122954518,1.922676
8665,0.0033984411999999995,0.6336055,0.122954518,2.405088
8666,0.0033993411999999994,0.5934045,0.120783664,2.726696
8667,0.0034002411999999992,0.613505,0.121869091,3.088505
8668,0.003401141199999999,0.613505,0.121869091,3.2493090000000002
8669,0.003402041199999999,0.613505,0.120783664,3.28951
8670,0.0034029411999999997,0.613505,0.122954518,3.2493090000000002
8671,0.0034038411999999995,0.6336055,0.121869091,3.088505
8672,0.0034047411999999994,0.613505,0.121869091,2.8070980000000003
8673,0.0034056411999999993,0.6336055,0.122954518,2.5658920000000003
8674,0.003406541199999999,0.613505,0.121869091,2.163882
8675,0.003407441199999999,0.613505,0.122954518,1.9628770000000002
8676,0.0034083411999999997,0.613505,0.122954518,1.6814700000000002
8677,0.0034092411999999996,0.613505,0.122954518,1.520666
8678,0.0034101411999999994,0.5934045,0.120783664,1.400063
8679,0.0034110411999999993,0.613505,0.124039945,1.4402640000000002
8680,0.003411941199999999,0.613505,0.122954518,1.4804650000000001
8681,0.003412841199999999,0.653706,0.120783664,1.7216710000000002
8682,0.003413741199999999,0.6336055,0.121869091,2.0030780000000004
8683,0.0034146411999999987,0.613505,0.122954518,2.3246860000000003
8684,0.0034155411999999986,0.613505,0.122954518,2.4854900000000004
8685,0.0034164411999999984,0.5934045,0.122954518,2.9277010000000003
8686,0.0034173412,0.5934045,0.121869091,3.128706
8687,0.0034182412,0.613505,0.122954518,3.28951
8688,0.0034191411999999997,0.613505,0.122954518,3.329711
8689,0.0034200411999999996,0.5934045,0.120783664,3.1689070000000004
8690,0.0034209411999999995,0.5934045,0.120783664,2.847299
8691,0.0034218411999999993,0.6336055,0.120783664,2.5658920000000003
8692,0.003422741199999999,0.613505,0.120783664,2.163882
8693,0.003423641199999999,0.613505,0.120783664,1.8020730000000003
8694,0.003424541199999999,0.5934045,0.121869091,1.520666
8695,0.0034254411999999988,0.6336055,0.121869091,1.400063
8696,0.0034263411999999986,0.613505,0.121869091,1.520666
8697,0.0034272411999999985,0.5934045,0.121869091,1.922676
8698,0.0034281412,0.613505,0.121869091,2.284485
8699,0.0034290412,0.613505,0.121869091,2.726696
8700,0.0034299412,0.6336055,0.122954518,3.1689070000000004
8701,0.0034308411999999996,0.5934045,0.122954518,3.329711
8702,0.0034317411999999995,0.613505,0.121869091,3.2493090000000002
8703,0.0034326411999999994,0.6336055,0.121869091,2.967902
8704,0.0034335411999999992,0.613505,0.122954518,2.5658920000000003
8705,0.003434441199999999,0.6336055,0.122954518,2.1236810000000004
8706,0.003435341199999999,0.6336055,0.122954518,1.6814700000000002
8707,0.003436241199999999,0.613505,0.122954518,1.4804650000000001
8708,0.0034371411999999987,0.613505,0.121869091,1.4804650000000001
8709,0.0034380411999999985,0.613505,0.121869091,1.6814700000000002
8710,0.0034389412,0.653706,0.121869091,2.0030780000000004
8711,0.0034398412,0.6336055,0.125125372,2.405088
8712,0.0034407412,0.613505,0.121869091,2.8070980000000003
8713,0.0034416411999999997,0.613505,0.121869091,3.128706
8714,0.0034425411999999996,0.613505,0.121869091,3.329711
8715,0.0034434411999999994,0.6336055,0.121869091,3.2493090000000002
8716,0.0034443411999999993,0.5934045,0.122954518,3.088505
8717,0.003445241199999999,0.613505,0.122954518,2.766897
8718,0.003446141199999999,0.6336055,0.121869091,2.405088
8719,0.003447041199999999,0.6336055,0.120783664,2.043279
8720,0.0034479411999999987,0.6336055,0.120783664,1.8020730000000003
8721,0.0034488411999999986,0.613505,0.121869091,1.520666
8722,0.0034497411999999984,0.613505,0.120783664,1.4402640000000002
8723,0.0034506412,0.6336055,0.122954518,1.400063
8724,0.0034515412,0.613505,0.121869091,1.5608670000000002
8725,0.0034524411999999997,0.6336055,0.122954518,1.8422740000000002
8726,0.0034533411999999996,0.613505,0.120783664,2.08348
8727,0.0034542411999999995,0.5934045,0.122954518,2.4452890000000003
8728,0.0034551411999999993,0.6336055,0.121869091,2.766897
8729,0.003456041199999999,0.6336055,0.122954518,2.967902
8730,0.003456941199999999,0.6336055,0.121869091,3.1689070000000004
8731,0.003457841199999999,0.613505,0.121869091,3.28951
8732,0.0034587411999999988,0.6336055,0.121869091,3.28951
8733,0.0034596411999999986,0.6336055,0.121869091,3.128706
8734,0.0034605411999999985,0.613505,0.121869091,2.9277010000000003
8735,0.0034614412,0.613505,0.121869091,2.606093
8736,0.0034623412,0.613505,0.121869091,2.2442840000000004
8737,0.0034632412,0.613505,0.121869091,1.922676
8738,0.0034641411999999996,0.6336055,0.122954518,1.7216710000000002
8739,0.0034650411999999995,0.613505,0.124039945,1.4804650000000001
8740,0.0034659411999999994,0.6336055,0.122954518,1.3598620000000001
8741,0.0034668411999999992,0.613505,0.122954518,1.520666
8742,0.003467741199999999,0.613505,0.121869091,1.7216710000000002
8743,0.003468641199999999,0.6336055,0.122954518,2.08348
8744,0.003469541199999999,0.6336055,0.124039945,2.525691
8745,0.0034704411999999987,0.653706,0.122954518,2.9277010000000003
8746,0.0034713411999999985,0.6336055,0.122954518,3.2493090000000002
8747,0.0034722412,0.6336055,0.121869091,3.28951
8748,0.0034731412,0.6336055,0.122954518,3.209108
8749,0.0034740412,0.5934045,0.122954518,2.967902
8750,0.0034749411999999997,0.6336055,0.121869091,2.606093
8751,0.0034758411999999995,0.613505,0.122954518,2.163882
8752,0.0034767411999999994,0.6336055,0.122954518,1.761872
8753,0.0034776411999999993,0.653706,0.124039945,1.4804650000000001
8754,0.003478541199999999,0.613505,0.120783664,1.400063
8755,0.003479441199999999,0.613505,0.122954518,1.6010680000000002
8756,0.003480341199999999,0.6336055,0.121869091,1.922676
8757,0.0034812411999999987,0.613505,0.120783664,2.284485
8758,0.0034821411999999986,0.6336055,0.121869091,2.766897
8759,0.0034830411999999984,0.6336055,0.121869091,3.1689070000000004
8760,0.0034839412,0.653706,0.120783664,3.329711
8761,0.0034848412,0.613505,0.122954518,3.28951
8762,0.0034857411999999997,0.613505,0.122954518,3.008103
8763,0.0034866411999999996,0.6336055,0.121869091,2.6864950000000003
8764,0.0034875411999999995,0.613505,0.122954518,2.284485
8765,0.0034884411999999993,0.6336055,0.122954518,1.8422740000000002
8766,0.003489341199999999,0.613505,0.121869091,1.520666
8767,0.003490241199999999,0.6336055,0.122954518,1.4402640000000002
8768,0.003491141199999999,0.613505,0.122954518,1.520666
8769,0.0034920411999999987,0.6336055,0.122954518,1.6814700000000002
8770,0.0034929411999999986,0.613505,0.121869091,2.043279
8771,0.0034938411999999985,0.6336055,0.121869091,2.405088
8772,0.0034947412,0.6336055,0.122954518,2.8070980000000003
8773,0.0034956412,0.6336055,0.122954518,3.088505
8774,0.0034965411999999998,0.6336055,0.121869091,3.2493090000000002
8775,0.0034974411999999996,0.6336055,0.121869091,3.28951
8776,0.0034983411999999995,0.6336055,0.122954518,3.2493090000000002
8777,0.0034992411999999994,0.6336055,0.124039945,2.967902
8778,0.0035001411999999992,0.6336055,0.122954518,2.726696
8779,0.003501041199999999,0.6336055,0.122954518,2.3648870000000004
8780,0.003501941199999999,0.653706,0.122954518,2.043279
8781,0.003502841199999999,0.613505,0.122954518,1.7216710000000002
8782,0.0035037411999999987,0.6336055,0.121869091,1.4804650000000001
8783,0.0035046411999999985,0.6336055,0.120783664,1.3598620000000001
8784,0.0035055412,0.6336055,0.122954518,1.4402640000000002
8785,0.0035064412,0.653706,0.120783664,1.6010680000000002
8786,0.0035073412,0.6336055,0.121869091,1.8422740000000002
8787,0.0035082411999999997,0.613505,0.121869091,2.1236810000000004
8788,0.0035091411999999995,0.613505,0.122954518,2.525691
8789,0.0035100411999999994,0.613505,0.120783664,2.847299
8790,0.0035109411999999993,0.613505,0.120783664,3.128706
8791,0.003511841199999999,0.613505,0.124039945,3.28951
8792,0.003512741199999999,0.6336055,0.122954518,3.28951
8793,0.003513641199999999,0.613505,0.122954518,3.209108
8794,0.0035145411999999987,0.6336055,0.122954518,2.967902
8795,0.0035154411999999986,0.653706,0.121869091,2.606093
8796,0.0035163411999999984,0.653706,0.120783664,2.08348
8797,0.0035172412,0.613505,0.121869091,1.8422740000000002
8798,0.0035181412,0.613505,0.120783664,1.5608670000000002
8799,0.0035190411999999997,0.6336055,0.122954518,1.4402640000000002
8800,0.0035199411999999996,0.6336055,0.121869091,1.4804650000000001
8801,0.0035208411999999994,0.6336055,0.122954518,1.6814700000000002
8802,0.0035217411999999993,0.6336055,0.124039945,2.08348
8803,0.003522641199999999,0.613505,0.122954518,2.4854900000000004
8804,0.003523541199999999,0.613505,0.124039945,2.967902
8805,0.003524441199999999,0.6336055,0.122954518,3.2493090000000002
8806,0.0035253411999999987,0.653706,0.122954518,3.329711
8807,0.0035262411999999986,0.6336055,0.124039945,3.1689070000000004
8808,0.0035271411999999985,0.6336055,0.122954518,2.9277010000000003
8809,0.0035280412,0.653706,0.122954518,2.4854900000000004
8810,0.0035289412,0.6738065,0.122954518,2.043279
8811,0.0035298411999999998,0.653706,0.122954518,1.641269
8812,0.0035307411999999996,0.653706,0.122954518,1.4402640000000002
8813,0.0035316411999999995,0.653706,0.122954518,1.4402640000000002
8814,0.0035325411999999994,0.613505,0.121869091,1.6814700000000002
8815,0.003533441199999999,0.6336055,0.124039945,2.08348
8816,0.003534341199999999,0.6336055,0.121869091,2.525691
8817,0.003535241199999999,0.6738065,0.121869091,2.967902
8818,0.003536141199999999,0.6336055,0.122954518,3.209108
8819,0.0035370411999999987,0.653706,0.120783664,3.28951
8820,0.0035379411999999985,0.6336055,0.122954518,3.28951
8821,0.0035388412,0.6738065,0.120783664,3.008103
8822,0.0035397412,0.653706,0.122954518,2.5658920000000003
8823,0.0035406412,0.653706,0.121869091,2.2040830000000002
8824,0.0035415411999999997,0.6738065,0.122954518,1.8824750000000001
8825,0.0035424411999999995,0.6336055,0.121869091,1.5608670000000002
8826,0.0035433411999999994,0.653706,0.121869091,1.400063
8827,0.0035442411999999993,0.6738065,0.121869091,1.400063
8828,0.003545141199999999,0.653706,0.122954518,1.641269
8829,0.003546041199999999,0.6336055,0.120783664,1.922676
8830,0.003546941199999999,0.6336055,0.122954518,2.2040830000000002
8831,0.0035478411999999987,0.6336055,0.121869091,2.606093
8832,0.0035487411999999986,0.6336055,0.124039945,2.9277010000000003
8833,0.0035496411999999984,0.6336055,0.124039945,3.128706
8834,0.0035505412,0.613505,0.122954518,3.329711
8835,0.0035514412,0.6336055,0.124039945,3.329711
8836,0.0035523411999999997,0.653706,0.122954518,3.2493090000000002
8837,0.0035532411999999996,0.6336055,0.122954518,3.088505
8838,0.0035541411999999994,0.6738065,0.122954518,2.726696
8839,0.0035550411999999993,0.653706,0.124039945,2.4452890000000003
8840,0.003555941199999999,0.6336055,0.124039945,2.043279
8841,0.003556841199999999,0.6336055,0.122954518,1.761872
8842,0.003557741199999999,0.613505,0.122954518,1.520666
8843,0.0035586411999999987,0.653706,0.122954518,1.3598620000000001
8844,0.0035595411999999986,0.653706,0.122954518,1.4402640000000002
8845,0.0035604411999999985,0.6336055,0.125125372,1.6010680000000002
8846,0.0035613412,0.6336055,0.122954518,1.9628770000000002
8847,0.0035622412,0.6336055,0.121869091,2.3246860000000003
8848,0.0035631411999999998,0.6336055,0.124039945,2.766897
8849,0.0035640411999999996,0.6336055,0.122954518,3.0483040000000003
8850,0.0035649411999999995,0.6336055,0.122954518,3.2493090000000002
8851,0.0035658411999999994,0.6336055,0.122954518,3.28951
8852,0.003566741199999999,0.6336055,0.121869091,3.2493090000000002
8853,0.003567641199999999,0.6336055,0.122954518,2.9277010000000003
8854,0.003568541199999999,0.6336055,0.122954518,2.4854900000000004
8855,0.003569441199999999,0.613505,0.121869091,2.08348
8856,0.0035703411999999986,0.653706,0.122954518,1.7216710000000002
8857,0.0035712411999999985,0.653706,0.121869091,1.4804650000000001
8858,0.0035721412,0.653706,0.122954518,1.400063
8859,0.0035730412,0.6336055,0.122954518,1.6010680000000002
8860,0.0035739412,0.6336055,0.121869091,1.922676
8861,0.0035748411999999997,0.653706,0.122954518,2.4452890000000003
8862,0.0035757411999999995,0.6336055,0.124039945,2.847299
8863,0.0035766411999999994,0.653706,0.122954518,3.1689070000000004
8864,0.0035775411999999993,0.6336055,0.121869091,3.329711
8865,0.003578441199999999,0.6336055,0.121869091,3.2493090000000002
8866,0.003579341199999999,0.653706,0.124039945,2.8875
8867,0.003580241199999999,0.653706,0.122954518,2.4854900000000004
8868,0.0035811411999999987,0.653706,0.124039945,2.043279
8869,0.0035820411999999986,0.6336055,0.124039945,1.6814700000000002
8870,0.0035829411999999984,0.613505,0.124039945,1.4804650000000001
8871,0.0035838412,0.653706,0.122954518,1.3598620000000001
8872,0.0035847412,0.6738065,0.122954518,1.520666
8873,0.0035856411999999997,0.6738065,0.121869091,1.8422740000000002
8874,0.0035865411999999996,0.653706,0.122954518,2.2442840000000004
8875,0.0035874411999999994,0.6738065,0.124039945,2.6864950000000003
8876,0.0035883411999999993,0.6738065,0.122954518,3.0483040000000003
8877,0.003589241199999999,0.653706,0.122954518,3.2493090000000002
8878,0.003590141199999999,0.6336055,0.124039945,3.329711
8879,0.003591041199999999,0.6738065,0.122954518,3.28951
8880,0.0035919411999999987,0.653706,0.122954518,3.0483040000000003
8881,0.0035928411999999986,0.6336055,0.122954518,2.6864950000000003
8882,0.0035937411999999985,0.653706,0.122954518,2.3246860000000003
8883,0.0035946412,0.653706,0.122954518,1.9628770000000002
8884,0.0035955412,0.6336055,0.124039945,1.6010680000000002
8885,0.0035964411999999998,0.653706,0.122954518,1.400063
8886,0.0035973411999999996,0.6336055,0.120783664,1.3598620000000001
8887,0.0035982411999999995,0.6738065,0.120783664,1.4804650000000001
8888,0.0035991411999999993,0.653706,0.124039945,1.7216710000000002
8889,0.003600041199999999,0.653706,0.121869091,1.922676
8890,0.003600941199999999,0.6336055,0.122954518,2.3648870000000004
8891,0.003601841199999999,0.653706,0.121869091,2.726696
8892,0.003602741199999999,0.6336055,0.122954518,3.008103
8893,0.0036036411999999986,0.653706,0.124039945,3.209108
8894,0.0036045411999999985,0.653706,0.122954518,3.28951
8895,0.0036054412,0.6336055,0.121869091,3.28951
8896,0.0036063412,0.653706,0.122954518,3.128706
8897,0.0036072412,0.6738065,0.122954518,2.8070980000000003
8898,0.0036081411999999997,0.653706,0.122954518,2.4452890000000003
8899,0.0036090411999999995,0.653706,0.124039945,2.1236810000000004
8900,0.0036099411999999994,0.6336055,0.122954518,1.761872
8901,0.0036108411999999993,0.653706,0.124039945,1.520666
8902,0.003611741199999999,0.6738065,0.124039945,1.400063
8903,0.003612641199999999,0.653706,0.125125372,1.400063
8904,0.003613541199999999,0.6336055,0.124039945,1.6814700000000002
8905,0.0036144411999999987,0.6738065,0.122954518,1.9628770000000002
8906,0.0036153411999999985,0.653706,0.124039945,2.3246860000000003
8907,0.0036162411999999984,0.6738065,0.124039945,2.8070980000000003
8908,0.0036171412,0.613505,0.124039945,3.128706
8909,0.0036180412,0.653706,0.122954518,3.28951
8910,0.0036189411999999997,0.6738065,0.122954518,3.3699120000000002
8911,0.0036198411999999996,0.6738065,0.124039945,3.209108
8912,0.0036207411999999994,0.653706,0.122954518,2.967902
8913,0.0036216411999999993,0.653706,0.124039945,2.5658920000000003
8914,0.003622541199999999,0.653706,0.122954518,2.1236810000000004
8915,0.003623441199999999,0.653706,0.122954518,1.7216710000000002
8916,0.003624341199999999,0.653706,0.122954518,1.400063
8917,0.0036252411999999987,0.6336055,0.122954518,1.4402640000000002
8918,0.0036261411999999986,0.6738065,0.121869091,1.6010680000000002
8919,0.0036270411999999985,0.653706,0.122954518,1.8422740000000002
8920,0.0036279412,0.653706,0.121869091,2.3648870000000004
8921,0.0036288412,0.6738065,0.122954518,2.766897
8922,0.0036297411999999998,0.653706,0.120783664,3.128706
8923,0.0036306411999999996,0.6336055,0.122954518,3.329711
8924,0.0036315411999999995,0.6738065,0.121869091,3.329711
8925,0.0036324411999999993,0.6738065,0.122954518,3.128706
8926,0.003633341199999999,0.6738065,0.125125372,2.726696
8927,0.003634241199999999,0.653706,0.122954518,2.3246860000000003
8928,0.003635141199999999,0.6336055,0.124039945,1.8020730000000003
8929,0.0036360411999999988,0.6738065,0.125125372,1.5608670000000002
8930,0.0036369411999999986,0.653706,0.122954518,1.400063
8931,0.0036378411999999985,0.653706,0.124039945,1.4402640000000002
8932,0.0036387412,0.6738065,0.125125372,1.6814700000000002
8933,0.0036396412,0.6336055,0.124039945,2.08348
8934,0.0036405412,0.653706,0.124039945,2.4452890000000003
8935,0.0036414411999999997,0.653706,0.122954518,2.8875
8936,0.0036423411999999995,0.6336055,0.124039945,3.209108
8937,0.0036432411999999994,0.653706,0.124039945,3.3699120000000002
8938,0.0036441411999999992,0.653706,0.125125372,3.28951
8939,0.003645041199999999,0.6738065,0.124039945,3.1689070000000004
8940,0.003645941199999999,0.653706,0.122954518,2.8875
8941,0.003646841199999999,0.693907,0.122954518,2.4854900000000004
8942,0.0036477411999999987,0.653706,0.122954518,2.1236810000000004
8943,0.0036486411999999985,0.653706,0.124039945,1.8020730000000003
8944,0.0036495411999999984,0.653706,0.121869091,1.520666
8945,0.0036504412,0.653706,0.122954518,1.400063
8946,0.0036513412,0.6336055,0.122954518,1.4804650000000001
8947,0.0036522411999999997,0.653706,0.122954518,1.520666
8948,0.0036531411999999996,0.6336055,0.122954518,1.8020730000000003
8949,0.0036540411999999994,0.6738065,0.124039945,2.043279
8950,0.0036549411999999993,0.653706,0.124039945,2.284485
8951,0.003655841199999999,0.6738065,0.121869091,2.606093
8952,0.003656741199999999,0.653706,0.122954518,2.9277010000000003
8953,0.003657641199999999,0.653706,0.122954518,3.209108
8954,0.0036585411999999987,0.653706,0.121869091,3.329711
8955,0.0036594411999999986,0.6738065,0.122954518,3.3699120000000002
8956,0.0036603411999999984,0.653706,0.121869091,3.2493090000000002
8957,0.0036612412,0.653706,0.122954518,3.128706
8958,0.0036621412,0.6336055,0.122954518,2.8070980000000003
8959,0.0036630411999999998,0.6738065,0.124039945,2.405088
8960,0.0036639411999999996,0.6738065,0.122954518,2.08348
8961,0.0036648411999999995,0.653706,0.124039945,1.761872
8962,0.0036657411999999993,0.653706,0.124039945,1.4804650000000001
8963,0.003666641199999999,0.653706,0.122954518,1.400063
8964,0.003667541199999999,0.6738065,0.122954518,1.4804650000000001
8965,0.003668441199999999,0.653706,0.124039945,1.6814700000000002
8966,0.0036693411999999988,0.653706,0.125125372,2.043279
8967,0.0036702411999999986,0.693907,0.124039945,2.4452890000000003
8968,0.0036711411999999985,0.6738065,0.125125372,2.847299
8969,0.0036720412,0.6336055,0.124039945,3.209108
8970,0.0036729412,0.653706,0.125125372,3.329711
8971,0.0036738412,0.6738065,0.122954518,3.28951
8972,0.0036747411999999997,0.6738065,0.124039945,3.008103
8973,0.0036756411999999995,0.6738065,0.124039945,2.5658920000000003
8974,0.0036765411999999994,0.653706,0.122954518,2.0030780000000004
8975,0.0036774411999999992,0.6738065,0.122954518,1.6814700000000002
8976,0.003678341199999999,0.6738065,0.124039945,1.400063
8977,0.003679241199999999,0.6738065,0.124039945,1.4804650000000001
8978,0.003680141199999999,0.6336055,0.122954518,1.761872
8979,0.0036810411999999987,0.6738065,0.124039945,2.163882
8980,0.0036819411999999985,0.653706,0.124039945,2.5658920000000003
8981,0.0036828412,0.6336055,0.122954518,3.088505
8982,0.0036837412,0.6738065,0.124039945,3.329711
8983,0.0036846412,0.6738065,0.122954518,3.3699120000000002
8984,0.0036855411999999997,0.653706,0.124039945,3.1689070000000004
8985,0.0036864411999999996,0.6738065,0.124039945,2.8070980000000003
8986,0.0036873411999999994,0.693907,0.124039945,2.405088
8987,0.0036882411999999993,0.653706,0.124039945,1.922676
8988,0.003689141199999999,0.653706,0.122954518,1.6814700000000002
8989,0.003690041199999999,0.653706,0.122954518,1.4402640000000002
8990,0.003690941199999999,0.6738065,0.122954518,1.4402640000000002
8991,0.0036918411999999987,0.6738065,0.122954518,1.520666
8992,0.0036927411999999986,0.6738065,0.122954518,1.8020730000000003
8993,0.0036936411999999984,0.6336055,0.122954518,2.08348
8994,0.0036945412,0.6738065,0.125125372,2.4452890000000003
8995,0.0036954412,0.6738065,0.12621079899999998,2.766897
8996,0.0036963411999999998,0.6738065,0.125125372,3.088505
8997,0.0036972411999999996,0.6738065,0.122954518,3.2493090000000002
8998,0.0036981411999999995,0.653706,0.122954518,3.329711
8999,0.0036990411999999993,0.6738065,0.122954518,3.329711
9000,0.003699941199999999,0.6336055,0.124039945,3.28951
9001,0.003700841199999999,0.653706,0.122954518,3.088505
9002,0.003701741199999999,0.653706,0.124039945,2.847299
9003,0.0037026411999999988,0.653706,0.124039945,2.5658920000000003
9004,0.0037035411999999986,0.6738065,0.125125372,2.284485
9005,0.0037044411999999985,0.6738065,0.125125372,2.0030780000000004
9006,0.0037053412,0.653706,0.124039945,1.7216710000000002
9007,0.0037062412,0.6738065,0.122954518,1.520666
9008,0.0037071412,0.6738065,0.122954518,1.400063
9009,0.0037080411999999997,0.6738065,0.122954518,1.400063
9010,0.0037089411999999995,0.653706,0.125125372,1.520666
9011,0.0037098411999999994,0.653706,0.122954518,1.6814700000000002
9012,0.0037107411999999992,0.6738065,0.122954518,1.922676
9013,0.003711641199999999,0.693907,0.122954518,2.2442840000000004
9014,0.003712541199999999,0.693907,0.122954518,2.646294
9015,0.003713441199999999,0.6738065,0.122954518,3.008103
9016,0.0037143411999999987,0.6738065,0.124039945,3.2493090000000002
9017,0.0037152411999999985,0.6738065,0.122954518,3.329711
9018,0.0037161412,0.6738065,0.122954518,3.329711
9019,0.0037170412,0.6738065,0.122954518,3.008103
9020,0.0037179412,0.6738065,0.122954518,2.646294
9021,0.0037188411999999997,0.6738065,0.122954518,2.163882
9022,0.0037197411999999996,0.653706,0.122954518,1.761872
9023,0.0037206411999999994,0.653706,0.124039945,1.4804650000000001
9024,0.0037215411999999993,0.6738065,0.124039945,1.400063
9025,0.003722441199999999,0.693907,0.122954518,1.641269
9026,0.003723341199999999,0.6738065,0.124039945,2.043279
9027,0.003724241199999999,0.693907,0.122954518,2.606093
9028,0.0037251411999999987,0.653706,0.125125372,3.008103
9029,0.0037260411999999986,0.6738065,0.124039945,3.3699120000000002
9030,0.0037269411999999984,0.653706,0.124039945,3.3699120000000002
9031,0.0037278412,0.653706,0.125125372,3.128706
9032,0.0037287412,0.693907,0.125125372,2.6864950000000003
9033,0.0037296411999999998,0.6738065,0.125125372,2.2040830000000002
9034,0.0037305411999999996,0.6738065,0.124039945,1.8020730000000003
9035,0.0037314411999999995,0.6738065,0.122954518,1.4804650000000001
9036,0.0037323411999999993,0.6738065,0.124039945,1.4402640000000002
9037,0.003733241199999999,0.6738065,0.125125372,1.6010680000000002
9038,0.003734141199999999,0.693907,0.125125372,1.8824750000000001
9039,0.003735041199999999,0.6738065,0.122954518,2.3648870000000004
9040,0.0037359411999999988,0.6738065,0.122954518,2.766897
9041,0.0037368411999999986,0.653706,0.122954518,3.088505
9042,0.0037377411999999985,0.693907,0.122954518,3.28951
9043,0.0037386412,0.653706,0.124039945,3.3699120000000002
9044,0.0037395412,0.653706,0.124039945,3.209108
9045,0.0037404412,0.6738065,0.125125372,2.967902
9046,0.0037413411999999997,0.6738065,0.122954518,2.6864950000000003
9047,0.0037422411999999995,0.653706,0.124039945,2.3246860000000003
9048,0.0037431411999999994,0.6738065,0.122954518,2.0030780000000004
9049,0.0037440411999999992,0.6738065,0.122954518,1.6814700000000002
9050,0.003744941199999999,0.6738065,0.121869091,1.520666
9051,0.003745841199999999,0.6738065,0.122954518,1.4402640000000002
9052,0.003746741199999999,0.6738065,0.122954518,1.3598620000000001
9053,0.0037476411999999987,0.6738065,0.122954518,1.520666
9054,0.0037485411999999985,0.693907,0.124039945,1.641269
9055,0.0037494412,0.6738065,0.125125372,2.0030780000000004
9056,0.0037503412,0.653706,0.122954518,2.2442840000000004
9057,0.0037512412,0.6738065,0.124039945,2.5658920000000003
9058,0.0037521411999999997,0.6738065,0.125125372,2.766897
9059,0.0037530411999999996,0.693907,0.124039945,3.0483040000000003
9060,0.0037539411999999994,0.693907,0.124039945,3.2493090000000002
9061,0.0037548411999999993,0.693907,0.124039945,3.329711
9062,0.003755741199999999,0.6738065,0.125125372,3.329711
9063,0.003756641199999999,0.6738065,0.124039945,3.2493090000000002
9064,0.003757541199999999,0.693907,0.124039945,3.088505
9065,0.0037584411999999987,0.6738065,0.124039945,2.766897
9066,0.0037593411999999986,0.6738065,0.124039945,2.525691
9067,0.0037602411999999984,0.6738065,0.122954518,2.08348
9068,0.0037611412,0.653706,0.124039945,1.761872
9069,0.0037620412,0.693907,0.125125372,1.520666
9070,0.0037629411999999998,0.653706,0.125125372,1.400063
9071,0.0037638411999999996,0.7140074999999999,0.125125372,1.4804650000000001
9072,0.0037647411999999995,0.693907,0.124039945,1.641269
9073,0.0037656411999999993,0.693907,0.124039945,2.043279
9074,0.003766541199999999,0.6738065,0.125125372,2.525691
9075,0.003767441199999999,0.6738065,0.122954518,2.9277010000000003
9076,0.003768341199999999,0.653706,0.122954518,3.209108
9077,0.0037692411999999988,0.693907,0.122954518,3.410113
9078,0.0037701411999999986,0.6738065,0.121869091,3.2493090000000002
9079,0.0037710411999999985,0.6738065,0.122954518,2.9277010000000003
9080,0.0037719412,0.693907,0.122954518,2.4854900000000004
9081,0.0037728412,0.6738065,0.122954518,2.0030780000000004
9082,0.0037737412,0.6738065,0.124039945,1.6010680000000002
9083,0.0037746411999999997,0.6738065,0.122954518,1.3598620000000001
9084,0.0037755411999999995,0.653706,0.125125372,1.4804650000000001
9085,0.0037764411999999994,0.693907,0.122954518,1.761872
9086,0.0037773411999999992,0.6738065,0.122954518,2.2442840000000004
9087,0.003778241199999999,0.693907,0.122954518,2.766897
9088,0.003779141199999999,0.6738065,0.124039945,3.128706
9089,0.003780041199999999,0.693907,0.124039945,3.410113
9090,0.0037809411999999987,0.693907,0.122954518,3.329711
9091,0.0037818411999999985,0.693907,0.124039945,2.967902
9092,0.0037827412,0.6738065,0.124039945,2.646294
9093,0.0037836412,0.693907,0.124039945,2.163882
9094,0.0037845412,0.6738065,0.124039945,1.7216710000000002
9095,0.0037854411999999997,0.693907,0.124039945,1.4804650000000001
9096,0.0037863411999999996,0.6738065,0.122954518,1.400063
9097,0.0037872411999999994,0.693907,0.124039945,1.5608670000000002
9098,0.0037881411999999993,0.6738065,0.122954518,1.8824750000000001
9099,0.003789041199999999,0.6738065,0.124039945,2.2040830000000002
9100,0.003789941199999999,0.6738065,0.124039945,2.525691
9101,0.003790841199999999,0.6738065,0.124039945,2.8875
9102,0.0037917411999999987,0.693907,0.124039945,3.128706
9103,0.0037926411999999986,0.653706,0.124039945,3.410113
9104,0.0037935411999999984,0.6738065,0.122954518,3.410113
9105,0.0037944412,0.6738065,0.122954518,3.410113
9106,0.0037953412,0.693907,0.124039945,3.2493090000000002
9107,0.0037962411999999997,0.6738065,0.125125372,3.088505
9108,0.0037971411999999996,0.693907,0.122954518,2.766897
9109,0.0037980411999999995,0.7140074999999999,0.122954518,2.525691
9110,0.0037989411999999993,0.6738065,0.125125372,2.284485
9111,0.003799841199999999,0.693907,0.125125372,2.0030780000000004
9112,0.003800741199999999,0.6738065,0.124039945,1.7216710000000002
9113,0.003801641199999999,0.653706,0.124039945,1.6010680000000002
9114,0.0038025411999999988,0.6738065,0.124039945,1.4804650000000001
9115,0.0038034411999999986,0.693907,0.122954518,1.400063
9116,0.0038043411999999985,0.693907,0.124039945,1.4402640000000002
9117,0.0038052412,0.6738065,0.124039945,1.6010680000000002
9118,0.0038061412,0.693907,0.124039945,1.761872
9119,0.0038070412,0.6738065,0.122954518,2.08348
9120,0.0038079411999999997,0.693907,0.122954518,2.3246860000000003
9121,0.0038088411999999995,0.653706,0.122954518,2.766897
9122,0.0038097411999999994,0.653706,0.122954518,3.008103
9123,0.0038106411999999992,0.6738065,0.122954518,3.2493090000000002
9124,0.003811541199999999,0.6738065,0.124039945,3.3699120000000002
9125,0.003812441199999999,0.693907,0.125125372,3.28951
9126,0.003813341199999999,0.6738065,0.122954518,3.1689070000000004
9127,0.0038142411999999987,0.693907,0.124039945,2.8070980000000003
9128,0.0038151411999999985,0.6738065,0.124039945,2.405088
9129,0.0038160412,0.693907,0.125125372,1.8824750000000001
9130,0.0038169412,0.7140074999999999,0.125125372,1.6010680000000002
9131,0.0038178412,0.653706,0.122954518,1.4804650000000001
9132,0.0038187411999999997,0.6738065,0.125125372,1.4804650000000001
9133,0.0038196411999999996,0.6738065,0.125125372,1.761872
9134,0.0038205411999999994,0.6738065,0.125125372,2.163882
9135,0.0038214411999999993,0.6738065,0.125125372,2.646294
9136,0.003822341199999999,0.6738065,0.125125372,3.128706
9137,0.003823241199999999,0.693907,0.124039945,3.3699120000000002
9138,0.003824141199999999,0.693907,0.12621079899999998,3.28951
9139,0.0038250411999999987,0.6738065,0.125125372,3.0483040000000003
9140,0.0038259411999999986,0.693907,0.125125372,2.525691
9141,0.0038268411999999984,0.693907,0.124039945,1.9628770000000002
9142,0.0038277412,0.693907,0.122954518,1.5608670000000002
9143,0.0038286412,0.7140074999999999,0.122954518,1.400063
9144,0.0038295411999999997,0.693907,0.122954518,1.520666
9145,0.0038304411999999996,0.7140074999999999,0.124039945,1.8020730000000003
9146,0.0038313411999999995,0.7140074999999999,0.125125372,2.2040830000000002
9147,0.0038322411999999993,0.693907,0.124039945,2.6864950000000003
9148,0.003833141199999999,0.6738065,0.124039945,3.128706
9149,0.003834041199999999,0.693907,0.124039945,3.3699120000000002
9150,0.003834941199999999,0.6738065,0.124039945,3.3699120000000002
9151,0.0038358411999999988,0.6738065,0.122954518,3.28951
9152,0.0038367411999999986,0.693907,0.125125372,3.008103
9153,0.0038376411999999985,0.693907,0.122954518,2.726696
9154,0.0038385412,0.693907,0.122954518,2.405088
9155,0.0038394412,0.693907,0.125125372,2.08348
9156,0.0038403412,0.693907,0.124039945,1.8020730000000003
9157,0.0038412411999999996,0.7140074999999999,0.125125372,1.5608670000000002
9158,0.0038421411999999995,0.693907,0.124039945,1.4402640000000002
9159,0.0038430411999999994,0.7140074999999999,0.125125372,1.400063
9160,0.0038439411999999992,0.693907,0.12621079899999998,1.4402640000000002
9161,0.003844841199999999,0.693907,0.125125372,1.520666
9162,0.003845741199999999,0.693907,0.124039945,1.7216710000000002
9163,0.003846641199999999,0.6738065,0.125125372,1.9628770000000002
9164,0.0038475411999999987,0.6738065,0.122954518,2.2040830000000002
9165,0.0038484411999999985,0.693907,0.12621079899999998,2.4452890000000003
9166,0.0038493412,0.693907,0.124039945,2.726696
9167,0.0038502412,0.693907,0.124039945,3.008103
9168,0.0038511412,0.693907,0.124039945,3.088505
9169,0.0038520411999999997,0.693907,0.124039945,3.28951
9170,0.0038529411999999996,0.6738065,0.124039945,3.3699120000000002
9171,0.0038538411999999994,0.693907,0.122954518,3.410113
9172,0.0038547411999999993,0.693907,0.124039945,3.329711
9173,0.003855641199999999,0.693907,0.124039945,3.088505
9174,0.003856541199999999,0.693907,0.12621079899999998,2.8070980000000003
9175,0.003857441199999999,0.693907,0.124039945,2.5658920000000003
9176,0.0038583411999999987,0.693907,0.125125372,2.163882
9177,0.0038592411999999986,0.693907,0.122954518,1.8422740000000002
9178,0.0038601411999999984,0.693907,0.122954518,1.6010680000000002
9179,0.0038610412,0.693907,0.124039945,1.400063
9180,0.0038619412,0.693907,0.122954518,1.400063
9181,0.0038628411999999997,0.693907,0.122954518,1.6814700000000002
9182,0.0038637411999999996,0.693907,0.124039945,2.043279
9183,0.0038646411999999995,0.693907,0.122954518,2.405088
9184,0.0038655411999999993,0.693907,0.124039945,2.8875
9185,0.003866441199999999,0.693907,0.122954518,3.28951
9186,0.003867341199999999,0.7140074999999999,0.122954518,3.450314
9187,0.003868241199999999,0.693907,0.124039945,3.28951
9188,0.0038691411999999988,0.7140074999999999,0.124039945,2.8875
9189,0.0038700411999999986,0.6738065,0.122954518,2.405088
9190,0.0038709411999999985,0.693907,0.122954518,1.8824750000000001
9191,0.0038718412,0.693907,0.125125372,1.5608670000000002
9192,0.0038727412,0.7140074999999999,0.122954518,1.400063
9193,0.0038736412,0.7140074999999999,0.124039945,1.5608670000000002
9194,0.0038745411999999996,0.7140074999999999,0.124039945,1.8824750000000001
9195,0.0038754411999999995,0.693907,0.125125372,2.3648870000000004
9196,0.0038763411999999994,0.7140074999999999,0.124039945,2.847299
9197,0.0038772411999999992,0.6738065,0.124039945,3.2493090000000002
9198,0.003878141199999999,0.7140074999999999,0.125125372,3.3699120000000002
9199,0.003879041199999999,0.6738065,0.125125372,3.2493090000000002
9200,0.003879941199999999,0.693907,0.125125372,3.128706
9201,0.0038808411999999987,0.6738065,0.125125372,2.6864950000000003
9202,0.0038817411999999985,0.7140074999999999,0.124039945,2.2442840000000004
9203,0.0038826412,0.7140074999999999,0.125125372,1.8824750000000001
9204,0.0038835412,0.7140074999999999,0.125125372,1.6010680000000002
9205,0.0038844412,0.6738065,0.125125372,1.400063
9206,0.0038853411999999997,0.7140074999999999,0.124039945,1.400063
9207,0.0038862411999999995,0.693907,0.124039945,1.5608670000000002
9208,0.0038871411999999994,0.693907,0.122954518,1.761872
9209,0.0038880411999999993,0.693907,0.124039945,2.043279
9210,0.003888941199999999,0.693907,0.124039945,2.4452890000000003
9211,0.003889841199999999,0.693907,0.125125372,2.726696
9212,0.003890741199999999,0.7140074999999999,0.124039945,3.008103
9213,0.0038916411999999987,0.693907,0.124039945,3.209108
9214,0.0038925411999999986,0.693907,0.122954518,3.28951
9215,0.0038934411999999984,0.693907,0.121869091,3.410113
9216,0.0038943412,0.693907,0.124039945,3.3699120000000002
9217,0.0038952412,0.7140074999999999,0.122954518,3.2493090000000002
9218,0.0038961411999999997,0.6738065,0.125125372,3.0483040000000003
9219,0.0038970411999999996,0.693907,0.122954518,2.847299
9220,0.0038979411999999995,0.6738065,0.124039945,2.525691
9221,0.0038988411999999993,0.693907,0.122954518,2.2442840000000004
9222,0.003899741199999999,0.693907,0.124039945,1.922676
9223,0.003900641199999999,0.7140074999999999,0.122954518,1.6814700000000002
9224,0.003901541199999999,0.6738065,0.124039945,1.5608670000000002
9225,0.0039024411999999987,0.693907,0.124039945,1.400063
9226,0.0039033411999999986,0.7140074999999999,0.124039945,1.4402640000000002
9227,0.0039042411999999985,0.7140074999999999,0.124039945,1.520666
9228,0.0039051412,0.693907,0.122954518,1.8020730000000003
9229,0.0039060412,0.6738065,0.124039945,2.08348
9230,0.0039069412,0.693907,0.124039945,2.4854900000000004
9231,0.0039078412,0.693907,0.125125372,2.9277010000000003
9232,0.0039087411999999995,0.693907,0.125125372,3.1689070000000004
9233,0.003909641199999999,0.693907,0.125125372,3.3699120000000002
9234,0.003910541199999999,0.6738065,0.12621079899999998,3.410113
9235,0.003911441199999999,0.693907,0.125125372,3.2493090000000002
9236,0.003912341199999999,0.7140074999999999,0.124039945,2.847299
9237,0.003913241199999999,0.693907,0.12621079899999998,2.4452890000000003
9238,0.003914141199999999,0.653706,0.125125372,1.9628770000000002
9239,0.0039150411999999985,0.7140074999999999,0.125125372,1.6010680000000002
9240,0.0039159412,0.7140074999999999,0.125125372,1.4402640000000002
9241,0.0039168412,0.7140074999999999,0.124039945,1.4804650000000001
9242,0.0039177412,0.693907,0.122954518,1.7216710000000002
9243,0.0039186412,0.693907,0.125125372,2.2040830000000002
9244,0.0039195411999999995,0.7140074999999999,0.124039945,2.726696
9245,0.003920441199999999,0.7140074999999999,0.122954518,3.128706
9246,0.003921341199999999,0.7140074999999999,0.124039945,3.3699120000000002
9247,0.003922241199999999,0.693907,0.122954518,3.410113
9248,0.003923141199999999,0.6738065,0.122954518,3.088505
9249,0.003924041199999999,0.6738065,0.122954518,2.6864950000000003
9250,0.003924941199999999,0.7140074999999999,0.122954518,2.3246860000000003
9251,0.0039258411999999986,0.693907,0.122954518,1.8422740000000002
9252,0.003926741199999998,0.7140074999999999,0.122954518,1.520666
9253,0.0039276412,0.693907,0.124039945,1.400063
9254,0.0039285412,0.693907,0.124039945,1.520666
9255,0.0039294412,0.734108,0.124039945,1.761872
9256,0.0039303412,0.693907,0.122954518,2.2040830000000002
9257,0.0039312411999999994,0.7140074999999999,0.125125372,2.726696
9258,0.003932141199999999,0.7140074999999999,0.124039945,3.088505
9259,0.003933041199999999,0.693907,0.124039945,3.329711
9260,0.003933941199999999,0.734108,0.124039945,3.410113
9261,0.003934841199999999,0.693907,0.12621079899999998,3.329711
9262,0.003935741199999999,0.7140074999999999,0.124039945,3.128706
9263,0.003936641199999999,0.7140074999999999,0.124039945,2.847299
9264,0.0039375411999999985,0.7140074999999999,0.125125372,2.405088
9265,0.0039384412,0.693907,0.122954518,2.1236810000000004
9266,0.0039393412,0.693907,0.12621079899999998,1.761872
9267,0.0039402412,0.7140074999999999,0.125125372,1.6010680000000002
9268,0.0039411412,0.693907,0.125125372,1.400063
9269,0.0039420411999999995,0.7140074999999999,0.124039945,1.4402640000000002
9270,0.003942941199999999,0.7140074999999999,0.125125372,1.520666
9271,0.003943841199999999,0.6738065,0.124039945,1.6814700000000002
9272,0.003944741199999999,0.693907,0.124039945,1.9628770000000002
9273,0.003945641199999999,0.7140074999999999,0.125125372,2.3648870000000004
9274,0.003946541199999999,0.7140074999999999,0.125125372,2.646294
9275,0.003947441199999999,0.734108,0.124039945,2.9277010000000003
9276,0.0039483411999999985,0.734108,0.125125372,3.1689070000000004
9277,0.0039492412,0.693907,0.124039945,3.3699120000000002
9278,0.0039501412,0.7140074999999999,0.124039945,3.3699120000000002
9279,0.0039510412,0.693907,0.124039945,3.3699120000000002
9280,0.0039519412,0.693907,0.124039945,3.128706
9281,0.0039528411999999995,0.7140074999999999,0.124039945,2.847299
9282,0.003953741199999999,0.7140074999999999,0.124039945,2.606093
9283,0.003954641199999999,0.7140074999999999,0.124039945,2.163882
9284,0.003955541199999999,0.734108,0.122954518,1.761872
9285,0.003956441199999999,0.7140074999999999,0.124039945,1.6010680000000002
9286,0.003957341199999999,0.7140074999999999,0.122954518,1.400063
9287,0.003958241199999999,0.7140074999999999,0.124039945,1.4402640000000002
9288,0.0039591411999999986,0.693907,0.122954518,1.6814700000000002
9289,0.003960041199999998,0.693907,0.124039945,1.922676
9290,0.0039609412,0.734108,0.121869091,2.3246860000000003
9291,0.0039618412,0.7140074999999999,0.122954518,2.8070980000000003
9292,0.0039627412,0.7140074999999999,0.124039945,3.1689070000000004
9293,0.0039636412,0.693907,0.122954518,3.3699120000000002
9294,0.0039645411999999994,0.7140074999999999,0.122954518,3.3699120000000002
9295,0.003965441199999999,0.7140074999999999,0.124039945,3.128706
9296,0.003966341199999999,0.693907,0.125125372,2.6864950000000003
9297,0.003967241199999999,0.693907,0.122954518,2.2040830000000002
9298,0.003968141199999999,0.7140074999999999,0.124039945,1.8020730000000003
9299,0.003969041199999999,0.693907,0.125125372,1.4804650000000001
9300,0.003969941199999999,0.7140074999999999,0.124039945,1.4402640000000002
9301,0.0039708411999999985,0.7140074999999999,0.125125372,1.6010680000000002
9302,0.0039717412,0.7140074999999999,0.124039945,1.922676
9303,0.0039726412,0.7140074999999999,0.125125372,2.405088
9304,0.0039735412,0.693907,0.125125372,2.8875
9305,0.0039744412,0.734108,0.125125372,3.3699120000000002
9306,0.0039753411999999995,0.734108,0.125125372,3.410113
9307,0.003976241199999999,0.734108,0.125125372,3.329711
9308,0.003977141199999999,0.693907,0.125125372,2.967902
9309,0.003978041199999999,0.7140074999999999,0.124039945,2.4854900000000004
9310,0.003978941199999999,0.7140074999999999,0.125125372,2.043279
9311,0.003979841199999999,0.693907,0.125125372,1.641269
9312,0.003980741199999999,0.7140074999999999,0.122954518,1.4402640000000002
9313,0.0039816411999999985,0.7140074999999999,0.124039945,1.4402640000000002
9314,0.0039825412,0.7140074999999999,0.124039945,1.641269
9315,0.0039834412,0.693907,0.122954518,1.8824750000000001
9316,0.0039843412,0.7140074999999999,0.122954518,2.3246860000000003
9317,0.0039852412,0.7140074999999999,0.124039945,2.6864950000000003
9318,0.0039861411999999995,0.6738065,0.122954518,3.0483040000000003
9319,0.003987041199999999,0.7140074999999999,0.125125372,3.329711
9320,0.003987941199999999,0.693907,0.124039945,3.410113
9321,0.003988841199999999,0.734108,0.122954518,3.3699120000000002
9322,0.003989741199999999,0.693907,0.122954518,3.28951
9323,0.003990641199999999,0.734108,0.12621079899999998,3.0483040000000003
9324,0.003991541199999999,0.734108,0.125125372,2.847299
9325,0.0039924411999999986,0.7140074999999999,0.125125372,2.4452890000000003
9326,0.003993341199999998,0.7140074999999999,0.125125372,2.2442840000000004
9327,0.0039942412,0.7140074999999999,0.12621079899999998,1.8824750000000001
9328,0.0039951412,0.693907,0.124039945,1.641269
9329,0.0039960412,0.693907,0.125125372,1.4804650000000001
9330,0.0039969412,0.734108,0.125125372,1.4402640000000002
9331,0.0039978411999999994,0.7140074999999999,0.124039945,1.4402640000000002
9332,0.003998741199999999,0.734108,0.125125372,1.641269
9333,0.003999641199999999,0.7140074999999999,0.124039945,1.8020730000000003
9334,0.004000541199999999,0.7140074999999999,0.124039945,2.163882
9335,0.004001441199999999,0.693907,0.12621079899999998,2.4854900000000004
9336,0.004002341199999999,0.693907,0.125125372,2.8875
9337,0.004003241199999999,0.693907,0.125125372,3.128706
9338,0.0040041411999999985,0.7140074999999999,0.124039945,3.3699120000000002
9339,0.0040050412,0.734108,0.12621079899999998,3.450314
9340,0.0040059412,0.7140074999999999,0.122954518,3.329711
9341,0.0040068412,0.693907,0.12621079899999998,3.008103
9342,0.0040077412,0.734108,0.12621079899999998,2.646294
9343,0.0040086411999999995,0.734108,0.12621079899999998,2.2040830000000002
9344,0.004009541199999999,0.734108,0.12621079899999998,1.8020730000000003
9345,0.004010441199999999,0.734108,0.124039945,1.5608670000000002
9346,0.004011341199999999,0.7140074999999999,0.125125372,1.4402640000000002
9347,0.004012241199999999,0.7140074999999999,0.122954518,1.5608670000000002
9348,0.004013141199999999,0.734108,0.125125372,1.9628770000000002
9349,0.004014041199999999,0.7140074999999999,0.125125372,2.4452890000000003
9350,0.0040149411999999985,0.7140074999999999,0.124039945,2.967902
9351,0.0040158412,0.734108,0.124039945,3.329711
9352,0.0040167412,0.7140074999999999,0.125125372,3.450314
9353,0.0040176412,0.734108,0.12621079899999998,3.209108
9354,0.0040185412,0.7140074999999999,0.125125372,2.847299
9355,0.0040194411999999995,0.734108,0.125125372,2.3246860000000003
9356,0.004020341199999999,0.7140074999999999,0.125125372,1.8422740000000002
9357,0.004021241199999999,0.7140074999999999,0.125125372,1.4804650000000001
9358,0.004022141199999999,0.7140074999999999,0.125125372,1.400063
9359,0.004023041199999999,0.734108,0.124039945,1.520666
9360,0.004023941199999999,0.734108,0.125125372,1.8824750000000001
9361,0.004024841199999999,0.734108,0.12621079899999998,2.284485
9362,0.0040257411999999985,0.734108,0.125125372,2.726696
9363,0.004026641199999998,0.734108,0.12621079899999998,3.1689070000000004
9364,0.0040275412,0.734108,0.125125372,3.329711
9365,0.0040284412,0.7140074999999999,0.125125372,3.450314
9366,0.0040293412,0.7542085000000001,0.124039945,3.329711
9367,0.0040302412,0.7140074999999999,0.124039945,3.128706
9368,0.0040311411999999994,0.7140074999999999,0.127296226,2.8070980000000003
9369,0.004032041199999999,0.7140074999999999,0.125125372,2.4854900000000004
9370,0.004032941199999999,0.7140074999999999,0.125125372,2.163882
9371,0.004033841199999999,0.7140074999999999,0.12621079899999998,1.8422740000000002
9372,0.004034741199999999,0.7140074999999999,0.12621079899999998,1.5608670000000002
9373,0.004035641199999999,0.7542085000000001,0.125125372,1.4804650000000001
9374,0.004036541199999999,0.734108,0.12621079899999998,1.400063
9375,0.0040374411999999985,0.734108,0.12621079899999998,1.4804650000000001
9376,0.0040383412,0.734108,0.125125372,1.641269
9377,0.0040392412,0.734108,0.125125372,1.8824750000000001
9378,0.0040401412,0.734108,0.124039945,2.163882
9379,0.0040410412,0.693907,0.125125372,2.5658920000000003
9380,0.0040419411999999995,0.7140074999999999,0.125125372,2.847299
9381,0.004042841199999999,0.734108,0.124039945,3.088505
9382,0.004043741199999999,0.734108,0.125125372,3.28951
9383,0.004044641199999999,0.7542085000000001,0.125125372,3.410113
9384,0.004045541199999999,0.734108,0.124039945,3.3699120000000002
9385,0.004046441199999999,0.734108,0.124039945,3.209108
9386,0.004047341199999999,0.7140074999999999,0.125125372,3.008103
9387,0.0040482411999999985,0.7140074999999999,0.12621079899999998,2.606093
9388,0.0040491412,0.693907,0.124039945,2.284485
9389,0.0040500412,0.734108,0.124039945,1.8824750000000001
9390,0.0040509412,0.734108,0.125125372,1.6010680000000002
9391,0.0040518412,0.7140074999999999,0.124039945,1.3598620000000001
9392,0.0040527411999999995,0.7542085000000001,0.12621079899999998,1.520666
9393,0.004053641199999999,0.7140074999999999,0.125125372,1.6814700000000002
9394,0.004054541199999999,0.693907,0.125125372,2.163882
9395,0.004055441199999999,0.7542085000000001,0.125125372,2.5658920000000003
9396,0.004056341199999999,0.7140074999999999,0.125125372,3.0483040000000003
9397,0.004057241199999999,0.734108,0.12621079899999998,3.3699120000000002
9398,0.004058141199999999,0.734108,0.12621079899999998,3.450314
9399,0.0040590411999999985,0.734108,0.12621079899999998,3.2493090000000002
9400,0.004059941199999998,0.7140074999999999,0.12621079899999998,2.8875
9401,0.0040608412,0.7542085000000001,0.12621079899999998,2.3648870000000004
9402,0.0040617412,0.7140074999999999,0.124039945,1.9628770000000002
9403,0.0040626412,0.7542085000000001,0.12621079899999998,1.641269
9404,0.0040635412,0.7140074999999999,0.125125372,1.4402640000000002
9405,0.0040644411999999994,0.734108,0.12621079899999998,1.520666
9406,0.004065341199999999,0.7542085000000001,0.125125372,1.761872
9407,0.004066241199999999,0.734108,0.124039945,2.163882
9408,0.004067141199999999,0.7542085000000001,0.12621079899999998,2.646294
9409,0.004068041199999999,0.7140074999999999,0.12621079899999998,3.088505
9410,0.004068941199999999,0.734108,0.124039945,3.3699120000000002
9411,0.004069841199999999,0.7140074999999999,0.125125372,3.450314
9412,0.0040707411999999984,0.734108,0.124039945,3.3699120000000002
9413,0.0040716412,0.734108,0.125125372,3.128706
9414,0.0040725412,0.734108,0.125125372,2.766897
9415,0.0040734412,0.7542085000000001,0.125125372,2.3648870000000004
9416,0.0040743412,0.7140074999999999,0.125125372,2.043279
9417,0.0040752411999999995,0.7542085000000001,0.124039945,1.6010680000000002
9418,0.004076141199999999,0.7542085000000001,0.124039945,1.4402640000000002
9419,0.004077041199999999,0.734108,0.124039945,1.4402640000000002
9420,0.004077941199999999,0.7140074999999999,0.125125372,1.4402640000000002
9421,0.004078841199999999,0.7542085000000001,0.125125372,1.641269
9422,0.004079741199999999,0.734108,0.125125372,2.043279
9423,0.004080641199999999,0.734108,0.124039945,2.3246860000000003
9424,0.0040815411999999985,0.734108,0.12621079899999998,2.646294
9425,0.0040824412,0.734108,0.12621079899999998,2.9277010000000003
9426,0.0040833412,0.7140074999999999,0.125125372,3.1689070000000004
9427,0.0040842412,0.7140074999999999,0.12621079899999998,3.410113
9428,0.0040851412,0.734108,0.125125372,3.450314
9429,0.0040860411999999995,0.734108,0.12621079899999998,3.410113
9430,0.004086941199999999,0.734108,0.127296226,3.209108
9431,0.004087841199999999,0.7140074999999999,0.12621079899999998,2.967902
9432,0.004088741199999999,0.7743089999999999,0.12621079899999998,2.6864950000000003
9433,0.004089641199999999,0.734108,0.12621079899999998,2.2442840000000004
9434,0.004090541199999999,0.734108,0.12621079899999998,1.922676
9435,0.004091441199999999,0.734108,0.12621079899999998,1.6814700000000002
9436,0.0040923411999999985,0.734108,0.12621079899999998,1.4402640000000002
9437,0.004093241199999998,0.734108,0.12621079899999998,1.400063
9438,0.0040941412,0.734108,0.12621079899999998,1.5608670000000002
9439,0.0040950412,0.734108,0.125125372,1.8020730000000003
9440,0.0040959412,0.734108,0.127296226,2.2040830000000002
9441,0.0040968412,0.734108,0.125125372,2.606093
9442,0.004097741199999999,0.734108,0.12621079899999998,2.9277010000000003
9443,0.004098641199999999,0.7542085000000001,0.125125372,3.28951
9444,0.004099541199999999,0.734108,0.12621079899999998,3.4905150000000003
9445,0.004100441199999999,0.693907,0.125125372,3.3699120000000002
9446,0.004101341199999999,0.7140074999999999,0.125125372,3.128706
9447,0.004102241199999999,0.734108,0.125125372,2.6864950000000003
9448,0.004103141199999999,0.7140074999999999,0.124039945,2.284485
9449,0.0041040411999999984,0.734108,0.125125372,1.8422740000000002
9450,0.0041049412,0.734108,0.124039945,1.6010680000000002
9451,0.0041058412,0.7140074999999999,0.124039945,1.400063
9452,0.0041067412,0.7542085000000001,0.124039945,1.520666
9453,0.0041076412,0.734108,0.125125372,1.761872
9454,0.0041085411999999995,0.7140074999999999,0.125125372,2.163882
9455,0.004109441199999999,0.7542085000000001,0.125125372,2.6864950000000003
9456,0.004110341199999999,0.7542085000000001,0.122954518,3.0483040000000003
9457,0.004111241199999999,0.7542085000000001,0.125125372,3.410113
9458,0.004112141199999999,0.7140074999999999,0.125125372,3.410113
9459,0.004113041199999999,0.734108,0.12621079899999998,3.329711
9460,0.004113941199999999,0.7140074999999999,0.12621079899999998,3.008103
9461,0.0041148411999999985,0.734108,0.12621079899999998,2.5658920000000003
9462,0.0041157412,0.734108,0.12621079899999998,2.08348
9463,0.0041166412,0.7542085000000001,0.125125372,1.7216710000000002
9464,0.0041175412,0.7542085000000001,0.12621079899999998,1.520666
9465,0.0041184412,0.734108,0.12621079899999998,1.400063
9466,0.0041193411999999995,0.734108,0.12621079899999998,1.520666
9467,0.004120241199999999,0.734108,0.12621079899999998,1.8020730000000003
9468,0.004121141199999999,0.7542085000000001,0.12621079899999998,2.163882
9469,0.004122041199999999,0.734108,0.12621079899999998,2.646294
9470,0.004122941199999999,0.7542085000000001,0.12621079899999998,2.967902
9471,0.004123841199999999,0.7542085000000001,0.125125372,3.28951
9472,0.004124741199999999,0.7743089999999999,0.124039945,3.410113
9473,0.0041256411999999985,0.734108,0.12621079899999998,3.410113
9474,0.004126541199999998,0.7542085000000001,0.125125372,3.2493090000000002
9475,0.0041274412,0.7542085000000001,0.12621079899999998,2.967902
9476,0.0041283412,0.734108,0.125125372,2.606093
9477,0.0041292412,0.734108,0.12621079899999998,2.284485
9478,0.0041301412,0.7542085000000001,0.125125372,1.922676
9479,0.004131041199999999,0.734108,0.12621079899999998,1.5608670000000002
9480,0.004131941199999999,0.7140074999999999,0.124039945,1.4804650000000001
9481,0.004132841199999999,0.7140074999999999,0.125125372,1.400063
9482,0.004133741199999999,0.7140074999999999,0.12621079899999998,1.520666
9483,0.004134641199999999,0.7542085000000001,0.125125372,1.6814700000000002
9484,0.004135541199999999,0.734108,0.125125372,1.922676
9485,0.004136441199999999,0.7140074999999999,0.124039945,2.3246860000000003
9486,0.0041373411999999984,0.734108,0.124039945,2.6864950000000003
9487,0.0041382412,0.734108,0.125125372,3.008103
9488,0.0041391412,0.7140074999999999,0.124039945,3.209108
9489,0.0041400412,0.7140074999999999,0.125125372,3.450314
9490,0.0041409412,0.734108,0.12621079899999998,3.450314
9491,0.0041418411999999995,0.734108,0.125125372,3.28951
9492,0.004142741199999999,0.734108,0.124039945,2.967902
9493,0.004143641199999999,0.734108,0.12621079899999998,2.646294
9494,0.004144541199999999,0.7542085000000001,0.12621079899999998,2.2442840000000004
9495,0.004145441199999999,0.734108,0.124039945,1.8422740000000002
9496,0.004146341199999999,0.7542085000000001,0.12621079899999998,1.6010680000000002
9497,0.004147241199999999,0.734108,0.124039945,1.4402640000000002
9498,0.0041481411999999985,0.7542085000000001,0.12621079899999998,1.4804650000000001
9499,0.0041490412,0.7542085000000001,0.12621079899999998,1.641269
9500,0.0041499412,0.7542085000000001,0.127296226,1.9628770000000002
9501,0.0041508412,0.7542085000000001,0.127296226,2.405088
9502,0.0041517412,0.7140074999999999,0.12621079899999998,2.8070980000000003
9503,0.0041526411999999995,0.734108,0.12621079899999998,3.2493090000000002
9504,0.004153541199999999,0.7743089999999999,0.12621079899999998,3.450314
9505,0.004154441199999999,0.7542085000000001,0.12621079899999998,3.3699120000000002
9506,0.004155341199999999,0.7542085000000001,0.12621079899999998,3.1689070000000004
9507,0.004156241199999999,0.734108,0.125125372,2.766897
9508,0.004157141199999999,0.734108,0.124039945,2.2442840000000004
9509,0.004158041199999999,0.7542085000000001,0.127296226,1.8824750000000001
9510,0.0041589411999999985,0.734108,0.12621079899999998,1.520666
9511,0.004159841199999998,0.7542085000000001,0.124039945,1.400063
9512,0.0041607412,0.7542085000000001,0.125125372,1.6010680000000002
9513,0.0041616412,0.734108,0.124039945,1.922676
9514,0.0041625412,0.7542085000000001,0.125125372,2.3246860000000003
9515,0.0041634411999999996,0.7542085000000001,0.12621079899999998,2.9277010000000003
9516,0.004164341199999999,0.7542085000000001,0.12621079899999998,3.2493090000000002
9517,0.004165241199999999,0.7542085000000001,0.124039945,3.4905150000000003
9518,0.004166141199999999,0.7542085000000001,0.124039945,3.410113
9519,0.004167041199999999,0.7542085000000001,0.127296226,3.1689070000000004
9520,0.004167941199999999,0.7542085000000001,0.12621079899999998,2.766897
9521,0.004168841199999999,0.734108,0.125125372,2.3648870000000004
9522,0.004169741199999999,0.734108,0.125125372,1.9628770000000002
9523,0.0041706411999999984,0.7542085000000001,0.125125372,1.641269
9524,0.0041715412,0.7542085000000001,0.125125372,1.4804650000000001
9525,0.0041724412,0.734108,0.12621079899999998,1.400063
9526,0.0041733412,0.7542085000000001,0.125125372,1.520666
9527,0.0041742412,0.7542085000000001,0.12621079899999998,1.8422740000000002
9528,0.0041751411999999995,0.7542085000000001,0.12621079899999998,2.163882
9529,0.004176041199999999,0.734108,0.12621079899999998,2.606093
9530,0.004176941199999999,0.7542085000000001,0.127296226,2.847299
9531,0.004177841199999999,0.734108,0.12621079899999998,3.209108
9532,0.004178741199999999,0.7542085000000001,0.12621079899999998,3.410113
9533,0.004179641199999999,0.734108,0.12621079899999998,3.450314
9534,0.004180541199999999,0.7542085000000001,0.12621079899999998,3.410113
9535,0.0041814411999999985,0.7743089999999999,0.12621079899999998,3.2493090000000002
9536,0.0041823412,0.7542085000000001,0.12621079899999998,2.9277010000000003
9537,0.0041832412,0.734108,0.12621079899999998,2.525691
9538,0.0041841412,0.734108,0.12621079899999998,2.2442840000000004
9539,0.0041850412,0.734108,0.127296226,1.922676
9540,0.0041859411999999995,0.734108,0.127296226,1.641269
9541,0.004186841199999999,0.7542085000000001,0.127296226,1.400063
9542,0.004187741199999999,0.734108,0.12621079899999998,1.400063
9543,0.004188641199999999,0.734108,0.12621079899999998,1.5608670000000002
9544,0.004189541199999999,0.734108,0.12621079899999998,1.761872
9545,0.004190441199999999,0.7542085000000001,0.125125372,2.1236810000000004
9546,0.004191341199999999,0.7140074999999999,0.12621079899999998,2.4854900000000004
9547,0.0041922411999999985,0.7542085000000001,0.12621079899999998,2.8875
9548,0.004193141199999998,0.7542085000000001,0.12621079899999998,3.1689070000000004
9549,0.0041940412,0.7542085000000001,0.12621079899999998,3.410113
9550,0.0041949412,0.7542085000000001,0.125125372,3.410113
9551,0.0041958412,0.7542085000000001,0.125125372,3.2493090000000002
9552,0.0041967411999999996,0.7542085000000001,0.12621079899999998,2.8875
9553,0.004197641199999999,0.7542085000000001,0.12621079899999998,2.405088
9554,0.004198541199999999,0.734108,0.125125372,1.9628770000000002
9555,0.004199441199999999,0.7743089999999999,0.125125372,1.5608670000000002
9556,0.004200341199999999,0.7542085000000001,0.125125372,1.4402640000000002
9557,0.004201241199999999,0.734108,0.12621079899999998,1.520666
9558,0.004202141199999999,0.7542085000000001,0.125125372,1.8020730000000003
9559,0.004203041199999999,0.7743089999999999,0.127296226,2.284485
9560,0.0042039411999999984,0.7542085000000001,0.12621079899999998,2.8070980000000003
9561,0.0042048412,0.7542085000000001,0.12621079899999998,3.1689070000000004
9562,0.0042057412,0.734108,0.12621079899999998,3.3699120000000002
9563,0.0042066412,0.734108,0.125125372,3.410113
9564,0.0042075412,0.7542085000000001,0.12621079899999998,3.209108
9565,0.0042084411999999995,0.7542085000000001,0.12621079899999998,2.8070980000000003
9566,0.004209341199999999,0.734108,0.12621079899999998,2.3246860000000003
9567,0.004210241199999999,0.7542085000000001,0.12621079899999998,1.8422740000000002
9568,0.004211141199999999,0.7542085000000001,0.125125372,1.5608670000000002
9569,0.004212041199999999,0.7743089999999999,0.124039945,1.4402640000000002
9570,0.004212941199999999,0.7542085000000001,0.127296226,1.4804650000000001
9571,0.004213841199999999,0.7743089999999999,0.12621079899999998,1.7216710000000002
9572,0.0042147411999999985,0.7743089999999999,0.127296226,2.2040830000000002
9573,0.0042156412,0.734108,0.127296226,2.606093
9574,0.0042165412,0.734108,0.125125372,2.967902
9575,0.0042174412,0.7542085000000001,0.125125372,3.28951
9576,0.0042183412,0.7542085000000001,0.12621079899999998,3.410113
9577,0.0042192411999999995,0.734108,0.12621079899999998,3.410113
9578,0.004220141199999999,0.7743089999999999,0.125125372,3.2493090000000002
9579,0.004221041199999999,0.7542085000000001,0.12621079899999998,2.9277010000000003
9580,0.004221941199999999,0.7743089999999999,0.12621079899999998,2.5658920000000003
9581,0.004222841199999999,0.7542085000000001,0.125125372,2.2040830000000002
9582,0.004223741199999999,0.734108,0.125125372,1.8422740000000002
9583,0.004224641199999999,0.7542085000000001,0.124039945,1.5608670000000002
9584,0.0042255411999999985,0.7743089999999999,0.125125372,1.4402640000000002
9585,0.004226441199999998,0.7542085000000001,0.125125372,1.4402640000000002
9586,0.0042273412,0.7542085000000001,0.125125372,1.641269
9587,0.0042282412,0.7743089999999999,0.12621079899999998,1.8824750000000001
9588,0.0042291412,0.7542085000000001,0.12621079899999998,2.2442840000000004
9589,0.0042300411999999996,0.7542085000000001,0.125125372,2.606093
9590,0.004230941199999999,0.734108,0.12621079899999998,2.967902
9591,0.004231841199999999,0.734108,0.125125372,3.2493090000000002
9592,0.004232741199999999,0.7743089999999999,0.125125372,3.3699120000000002
9593,0.004233641199999999,0.7743089999999999,0.125125372,3.3699120000000002
9594,0.004234541199999999,0.7743089999999999,0.12621079899999998,3.2493090000000002
9595,0.004235441199999999,0.7743089999999999,0.12621079899999998,3.0483040000000003
9596,0.004236341199999999,0.734108,0.12621079899999998,2.6864950000000003
9597,0.004237241199999998,0.734108,0.125125372,2.284485
9598,0.0042381412,0.7542085000000001,0.12621079899999998,1.922676
9599,0.0042390412,0.7542085000000001,0.127296226,1.6010680000000002
9600,0.0042399412,0.7542085000000001,0.127296226,1.4804650000000001
9601,0.0042408412,0.7743089999999999,0.127296226,1.4402640000000002
9602,0.0042417411999999995,0.7743089999999999,0.125125372,1.6010680000000002
9603,0.004242641199999999,0.734108,0.12621079899999998,1.922676
9604,0.004243541199999999,0.7542085000000001,0.12621079899999998,2.3246860000000003
9605,0.004244441199999999,0.7542085000000001,0.127296226,2.8070980000000003
9606,0.004245341199999999,0.7542085000000001,0.12621079899999998,3.128706
9607,0.004246241199999999,0.734108,0.12621079899999998,3.410113
9608,0.004247141199999999,0.7542085000000001,0.12621079899999998,3.450314
9609,0.0042480411999999985,0.7542085000000001,0.125125372,3.28951
9610,0.0042489412,0.7542085000000001,0.125125372,2.967902
9611,0.0042498412,0.7542085000000001,0.125125372,2.5658920000000003
9612,0.0042507412,0.7542085000000001,0.125125372,2.1236810000000004
9613,0.0042516412,0.7542085000000001,0.127296226,1.7216710000000002
9614,0.0042525411999999995,0.7542085000000001,0.125125372,1.4804650000000001
9615,0.004253441199999999,0.7542085000000001,0.125125372,1.400063
9616,0.004254341199999999,0.7542085000000001,0.12621079899999998,1.520666
9617,0.004255241199999999,0.7944095,0.125125372,1.922676
9618,0.004256141199999999,0.7743089999999999,0.12621079899999998,2.284485
9619,0.004257041199999999,0.7743089999999999,0.12621079899999998,2.6864950000000003
9620,0.004257941199999999,0.734108,0.12621079899999998,3.088505
9621,0.0042588411999999985,0.7743089999999999,0.127296226,3.410113
9622,0.004259741199999998,0.7743089999999999,0.12621079899999998,3.450314
9623,0.0042606412,0.7542085000000001,0.127296226,3.2493090000000002
9624,0.0042615412,0.7542085000000001,0.125125372,2.8875
9625,0.0042624412,0.7743089999999999,0.12621079899999998,2.4854900000000004
9626,0.0042633411999999996,0.7743089999999999,0.12621079899999998,2.043279
9627,0.004264241199999999,0.7542085000000001,0.12621079899999998,1.6010680000000002
9628,0.004265141199999999,0.734108,0.12621079899999998,1.4804650000000001
9629,0.004266041199999999,0.7542085000000001,0.12621079899999998,1.4804650000000001
9630,0.004266941199999999,0.7542085000000001,0.12621079899999998,1.761872
9631,0.004267841199999999,0.7542085000000001,0.12621079899999998,2.1236810000000004
9632,0.004268741199999999,0.7743089999999999,0.127296226,2.525691
9633,0.004269641199999999,0.7542085000000001,0.12621079899999998,2.967902
9634,0.004270541199999998,0.7944095,0.12621079899999998,3.329711
9635,0.0042714412,0.7743089999999999,0.12621079899999998,3.410113
9636,0.0042723412,0.7944095,0.127296226,3.3699120000000002
9637,0.0042732412,0.7743089999999999,0.125125372,3.1689070000000004
9638,0.0042741412,0.734108,0.12621079899999998,2.847299
9639,0.0042750411999999995,0.7542085000000001,0.12621079899999998,2.4452890000000003
9640,0.004275941199999999,0.7542085000000001,0.125125372,2.08348
9641,0.004276841199999999,0.7542085000000001,0.12621079899999998,1.8422740000000002
9642,0.004277741199999999,0.7944095,0.12621079899999998,1.5608670000000002
9643,0.004278641199999999,0.734108,0.12621079899999998,1.4402640000000002
9644,0.004279541199999999,0.7542085000000001,0.125125372,1.4804650000000001
9645,0.004280441199999999,0.7743089999999999,0.12621079899999998,1.7216710000000002
9646,0.0042813411999999985,0.7743089999999999,0.125125372,1.922676
9647,0.0042822412,0.7743089999999999,0.12621079899999998,2.163882
9648,0.0042831412,0.7743089999999999,0.127296226,2.5658920000000003
9649,0.0042840412,0.7743089999999999,0.12621079899999998,2.8875
9650,0.0042849412,0.7542085000000001,0.125125372,3.1689070000000004
9651,0.0042858411999999995,0.7743089999999999,0.124039945,3.329711
9652,0.004286741199999999,0.7542085000000001,0.12621079899999998,3.410113
9653,0.004287641199999999,0.7542085000000001,0.12621079899999998,3.450314
9654,0.004288541199999999,0.7743089999999999,0.12621079899999998,3.209108
9655,0.004289441199999999,0.7743089999999999,0.127296226,3.0483040000000003
9656,0.004290341199999999,0.7743089999999999,0.12621079899999998,2.726696
9657,0.004291241199999999,0.7542085000000001,0.12838165299999998,2.3246860000000003
9658,0.0042921411999999985,0.7743089999999999,0.127296226,2.0030780000000004
9659,0.004293041199999998,0.7542085000000001,0.127296226,1.6814700000000002
9660,0.0042939412,0.7542085000000001,0.12621079899999998,1.4804650000000001
9661,0.0042948412,0.7743089999999999,0.12621079899999998,1.400063
9662,0.0042957412,0.7743089999999999,0.12621079899999998,1.520666
9663,0.0042966411999999995,0.7542085000000001,0.12946708,1.761872
9664,0.004297541199999999,0.7743089999999999,0.127296226,2.1236810000000004
9665,0.004298441199999999,0.7542085000000001,0.127296226,2.606093
9666,0.004299341199999999,0.734108,0.12621079899999998,3.088505
9667,0.004300241199999999,0.7743089999999999,0.12621079899999998,3.329711
9668,0.004301141199999999,0.7542085000000001,0.12621079899999998,3.410113
9669,0.004302041199999999,0.7944095,0.127296226,3.28951
9670,0.0043029411999999986,0.7542085000000001,0.127296226,3.0483040000000003
9671,0.004303841199999998,0.7743089999999999,0.12621079899999998,2.525691
9672,0.0043047412,0.7944095,0.127296226,1.922676
9673,0.0043056412,0.7743089999999999,0.125125372,1.5608670000000002
9674,0.0043065412,0.7743089999999999,0.127296226,1.400063
9675,0.0043074412,0.7743089999999999,0.125125372,1.5608670000000002
9676,0.0043083411999999995,0.7743089999999999,0.12621079899999998,1.922676
9677,0.004309241199999999,0.7944095,0.125125372,2.4854900000000004
9678,0.004310141199999999,0.7542085000000001,0.124039945,3.008103
9679,0.004311041199999999,0.7542085000000001,0.12621079899999998,3.3699120000000002
9680,0.004311941199999999,0.81451,0.125125372,3.450314
9681,0.004312841199999999,0.7944095,0.12621079899999998,3.28951
9682,0.004313741199999999,0.7743089999999999,0.125125372,2.8875
9683,0.0043146411999999985,0.7542085000000001,0.12621079899999998,2.4854900000000004
9684,0.0043155412,0.7743089999999999,0.127296226,1.9628770000000002
9685,0.0043164412,0.7944095,0.12621079899999998,1.6814700000000002
9686,0.0043173412,0.7944095,0.125125372,1.4402640000000002
9687,0.0043182412,0.7743089999999999,0.12621079899999998,1.4402640000000002
9688,0.0043191411999999995,0.7743089999999999,0.12621079899999998,1.641269
9689,0.004320041199999999,0.7542085000000001,0.12621079899999998,1.922676
9690,0.004320941199999999,0.7944095,0.127296226,2.2442840000000004
9691,0.004321841199999999,0.7743089999999999,0.127296226,2.726696
9692,0.004322741199999999,0.7743089999999999,0.12621079899999998,3.0483040000000003
9693,0.004323641199999999,0.7743089999999999,0.127296226,3.2493090000000002
9694,0.004324541199999999,0.7743089999999999,0.127296226,3.410113
9695,0.0043254411999999985,0.7542085000000001,0.12621079899999998,3.450314
9696,0.004326341199999998,0.7743089999999999,0.12621079899999998,3.3699120000000002
9697,0.0043272412,0.7743089999999999,0.12621079899999998,3.209108
9698,0.0043281412,0.7542085000000001,0.12621079899999998,2.9277010000000003
9699,0.0043290412,0.7743089999999999,0.127296226,2.6864950000000003
9700,0.0043299411999999995,0.7542085000000001,0.127296226,2.4854900000000004
9701,0.004330841199999999,0.7743089999999999,0.12621079899999998,2.1236810000000004
9702,0.004331741199999999,0.734108,0.125125372,1.8422740000000002
9703,0.004332641199999999,0.7542085000000001,0.12621079899999998,1.641269
9704,0.004333541199999999,0.7542085000000001,0.12621079899999998,1.4804650000000001
9705,0.004334441199999999,0.7743089999999999,0.12621079899999998,1.3598620000000001
9706,0.004335341199999999,0.7542085000000001,0.12838165299999998,1.4804650000000001
9707,0.0043362411999999986,0.7944095,0.12621079899999998,1.6010680000000002
9708,0.004337141199999998,0.7743089999999999,0.125125372,1.761872
9709,0.0043380412,0.7944095,0.125125372,2.1236810000000004
9710,0.0043389412,0.7743089999999999,0.12621079899999998,2.4452890000000003
9711,0.0043398412,0.7542085000000001,0.125125372,2.766897
9712,0.0043407412,0.7743089999999999,0.125125372,3.088505
9713,0.0043416411999999995,0.7944095,0.12621079899999998,3.329711
9714,0.004342541199999999,0.7944095,0.125125372,3.450314
9715,0.004343441199999999,0.7743089999999999,0.12621079899999998,3.3699120000000002
9716,0.004344341199999999,0.7944095,0.12621079899999998,3.0483040000000003
9717,0.004345241199999999,0.7542085000000001,0.12621079899999998,2.766897
9718,0.004346141199999999,0.7743089999999999,0.12621079899999998,2.1236810000000004
9719,0.004347041199999999,0.7743089999999999,0.12621079899999998,1.7216710000000002
9720,0.0043479411999999985,0.7542085000000001,0.12621079899999998,1.520666
9721,0.0043488412,0.7542085000000001,0.125125372,1.4402640000000002
9722,0.0043497412,0.7743089999999999,0.125125372,1.6814700000000002
9723,0.0043506412,0.7743089999999999,0.127296226,2.08348
9724,0.0043515412,0.7944095,0.127296226,2.606093
9725,0.0043524411999999995,0.7944095,0.127296226,3.128706
9726,0.004353341199999999,0.7944095,0.12838165299999998,3.450314
9727,0.004354241199999999,0.7944095,0.12621079899999998,3.450314
9728,0.004355141199999999,0.7944095,0.127296226,3.128706
9729,0.004356041199999999,0.7944095,0.127296226,2.606093
9730,0.004356941199999999,0.7743089999999999,0.12621079899999998,2.2040830000000002
9731,0.004357841199999999,0.7743089999999999,0.12621079899999998,1.7216710000000002
9732,0.0043587411999999985,0.7743089999999999,0.12838165299999998,1.4402640000000002
9733,0.004359641199999998,0.7944095,0.127296226,1.4804650000000001
9734,0.0043605412,0.7944095,0.12621079899999998,1.6814700000000002
9735,0.0043614412,0.7944095,0.12621079899999998,2.1236810000000004
9736,0.0043623412,0.7944095,0.12621079899999998,2.606093
9737,0.0043632411999999995,0.7944095,0.12621079899999998,3.0483040000000003
9738,0.004364141199999999,0.7743089999999999,0.12621079899999998,3.3699120000000002
9739,0.004365041199999999,0.7944095,0.127296226,3.450314
9740,0.004365941199999999,0.7743089999999999,0.12621079899999998,3.3699120000000002
9741,0.004366841199999999,0.7944095,0.12838165299999998,3.128706
9742,0.004367741199999999,0.7743089999999999,0.125125372,2.766897
9743,0.004368641199999999,0.7743089999999999,0.12621079899999998,2.4452890000000003
9744,0.0043695411999999986,0.81451,0.125125372,1.9628770000000002
9745,0.004370441199999998,0.7542085000000001,0.125125372,1.6814700000000002
9746,0.0043713412,0.7944095,0.12621079899999998,1.4804650000000001
9747,0.0043722412,0.7542085000000001,0.125125372,1.400063
9748,0.0043731412,0.7944095,0.125125372,1.4804650000000001
9749,0.0043740412,0.7743089999999999,0.125125372,1.641269
9750,0.0043749411999999994,0.7743089999999999,0.127296226,1.8824750000000001
9751,0.004375841199999999,0.7743089999999999,0.127296226,2.1236810000000004
9752,0.004376741199999999,0.7542085000000001,0.125125372,2.4854900000000004
9753,0.004377641199999999,0.7944095,0.127296226,2.766897
9754,0.004378541199999999,0.7743089999999999,0.12621079899999998,3.088505
9755,0.004379441199999999,0.7944095,0.12621079899999998,3.209108
9756,0.004380341199999999,0.7743089999999999,0.12621079899999998,3.410113
9757,0.0043812411999999985,0.7944095,0.12621079899999998,3.410113
9758,0.0043821412,0.7743089999999999,0.12621079899999998,3.410113
9759,0.0043830412,0.7944095,0.12621079899999998,3.2493090000000002
9760,0.0043839412,0.7944095,0.12621079899999998,3.0483040000000003
9761,0.0043848412,0.7743089999999999,0.127296226,2.6864950000000003
9762,0.0043857411999999995,0.7944095,0.12621079899999998,2.405088
9763,0.004386641199999999,0.7542085000000001,0.12621079899999998,2.0030780000000004
9764,0.004387541199999999,0.7944095,0.12621079899999998,1.761872
9765,0.004388441199999999,0.7944095,0.12621079899999998,1.520666
9766,0.004389341199999999,0.7542085000000001,0.12621079899999998,1.4402640000000002
9767,0.004390241199999999,0.7743089999999999,0.127296226,1.520666
9768,0.004391141199999999,0.7944095,0.127296226,1.8020730000000003
9769,0.0043920411999999985,0.7944095,0.127296226,2.2040830000000002
9770,0.0043929412,0.7944095,0.12621079899999998,2.4854900000000004
9771,0.0043938412,0.7944095,0.12621079899999998,2.967902
9772,0.0043947412,0.7944095,0.127296226,3.28951
9773,0.0043956412,0.7944095,0.12621079899999998,3.410113
9774,0.0043965411999999995,0.7944095,0.12621079899999998,3.329711
9775,0.004397441199999999,0.7944095,0.12621079899999998,3.008103
9776,0.004398341199999999,0.7944095,0.12621079899999998,2.525691
