,t,ramp,trans_pd,mzi_pd
0,-0.0053750588,-0.844221,0.189325744,2.73678387
1,-0.0053740587999999995,-0.8643215,0.189325744,2.62341705
2,-0.005373058799999999,-0.8643215,0.19077297999999998,2.43447235
3,-0.005372058799999999,-0.8643215,0.192220216,2.2833165899999996
4,-0.0053710588,-0.8643215,0.19077297999999998,2.0943718899999997
5,-0.0053700588,-0.844221,0.19077297999999998,1.94321613
6,-0.0053690588,-0.844221,0.19077297999999998,1.7920603699999997
7,-0.0053680588,-0.8643215,0.192220216,1.65979908
8,-0.0053670587999999995,-0.844221,0.192220216,1.5842212
9,-0.005366058799999999,-0.884422,0.19077297999999998,1.54643226
10,-0.0053650588,-0.844221,0.192220216,1.5653267299999998
11,-0.0053640588,-0.8241205,0.19511468799999998,1.65979908
12,-0.0053630588,-0.844221,0.192220216,1.7542714299999997
13,-0.0053620588,-0.844221,0.193667452,1.90542719
14,-0.0053610587999999995,-0.8643215,0.193667452,2.1699497699999997
15,-0.005360058799999999,-0.8643215,0.192220216,2.30221106
16,-0.005359058799999999,-0.8643215,0.19077297999999998,2.56673364
17,-0.0053580588,-0.844221,0.193667452,2.69899493
18,-0.0053570588,-0.844221,0.19511468799999998,2.96351751
19,-0.0053560588,-0.8643215,0.192220216,3.03909539
20,-0.0053550588,-0.844221,0.192220216,3.15246221
21,-0.0053540587999999995,-0.8241205,0.193667452,3.22804009
22,-0.005353058799999999,-0.844221,0.192220216,3.26582903
23,-0.0053520588,-0.8241205,0.193667452,3.30361797
24,-0.0053510588,-0.8241205,0.192220216,3.30361797
25,-0.0053500588,-0.844221,0.193667452,3.26582903
26,-0.0053490588,-0.844221,0.193667452,3.30361797
27,-0.0053480587999999996,-0.8643215,0.192220216,3.26582903
28,-0.005347058799999999,-0.8241205,0.192220216,3.2469345599999997
29,-0.005346058799999999,-0.844221,0.193667452,3.2469345599999997
30,-0.0053450588,-0.8643215,0.19077297999999998,3.2469345599999997
31,-0.0053440588,-0.8241205,0.193667452,3.22804009
32,-0.0053430588,-0.8643215,0.192220216,3.19025115
33,-0.0053420588,-0.8643215,0.192220216,3.22804009
34,-0.0053410587999999995,-0.8643215,0.192220216,3.2091456199999997
35,-0.005340058799999999,-0.844221,0.192220216,3.22804009
36,-0.0053390588,-0.8643215,0.192220216,3.2469345599999997
37,-0.0053380588,-0.8241205,0.192220216,3.26582903
38,-0.0053370588,-0.844221,0.19077297999999998,3.26582903
39,-0.0053360588,-0.8643215,0.19511468799999998,3.2469345599999997
40,-0.0053350588,-0.8643215,0.193667452,3.2847235
41,-0.0053340587999999994,-0.844221,0.192220216,3.26582903
42,-0.005333058799999999,-0.844221,0.193667452,3.26582903
43,-0.0053320588,-0.844221,0.192220216,3.2469345599999997
44,-0.0053310588,-0.8241205,0.193667452,3.22804009
45,-0.0053300588,-0.8241205,0.193667452,3.2091456199999997
46,-0.0053290588,-0.8241205,0.193667452,3.1713566799999997
47,-0.0053280587999999995,-0.844221,0.193667452,3.19025115
48,-0.005327058799999999,-0.8241205,0.193667452,3.0957787999999997
49,-0.0053260588,-0.844221,0.192220216,3.0202009199999997
50,-0.0053250588,-0.8643215,0.193667452,2.9824119799999997
51,-0.0053240588,-0.8643215,0.193667452,2.8312562199999998
52,-0.0053230588,-0.8241205,0.19077297999999998,2.7178894
53,-0.0053220588,-0.8643215,0.193667452,2.62341705
54,-0.0053210587999999994,-0.844221,0.192220216,2.45336682
55,-0.005320058799999999,-0.844221,0.19077297999999998,2.30221106
56,-0.0053190588,-0.8643215,0.19077297999999998,2.1510553
57,-0.0053180588,-0.8643215,0.192220216,2.0187940099999997
58,-0.0053170588,-0.8241205,0.193667452,1.92432166
59,-0.0053160588,-0.8241205,0.19077297999999998,1.81095484
60,-0.0053150587999999995,-0.8643215,0.19077297999999998,1.6786935499999998
61,-0.005314058799999999,-0.8643215,0.192220216,1.6409046099999998
62,-0.005313058799999999,-0.844221,0.19077297999999998,1.5842212
63,-0.0053120588,-0.8241205,0.189325744,1.54643226
64,-0.0053110588,-0.844221,0.189325744,1.50864332
65,-0.0053100588,-0.8241205,0.192220216,1.54643226
66,-0.0053090588,-0.844221,0.189325744,1.5275377899999998
67,-0.0053080587999999995,-0.8643215,0.189325744,1.5275377899999998
68,-0.005307058799999999,-0.844221,0.19077297999999998,1.50864332
69,-0.0053060588,-0.844221,0.19077297999999998,1.54643226
70,-0.0053050588,-0.844221,0.19077297999999998,1.50864332
71,-0.0053040588,-0.844221,0.19077297999999998,1.5275377899999998
72,-0.0053030588,-0.8241205,0.19077297999999998,1.5275377899999998
73,-0.0053020587999999995,-0.8241205,0.19077297999999998,1.5842212
74,-0.005301058799999999,-0.844221,0.187878508,1.6031156699999998
75,-0.005300058799999999,-0.80402,0.19077297999999998,1.6409046099999998
76,-0.0052990588,-0.844221,0.192220216,1.7164824899999997
77,-0.0052980588,-0.844221,0.19077297999999998,1.81095484
78,-0.0052970588,-0.8643215,0.192220216,1.9621106
79,-0.0052960588,-0.844221,0.189325744,2.11326636
80,-0.0052950587999999995,-0.8241205,0.192220216,2.26442212
81,-0.005294058799999999,-0.844221,0.19077297999999998,2.39668341
82,-0.0052930588,-0.8241205,0.192220216,2.5289447
83,-0.0052920588,-0.844221,0.192220216,2.7178894
84,-0.0052910588,-0.844221,0.192220216,2.85015069
85,-0.0052900588,-0.844221,0.19077297999999998,2.9446230399999997
86,-0.0052890587999999995,-0.8643215,0.192220216,3.03909539
87,-0.005288058799999999,-0.844221,0.193667452,3.1335677399999997
88,-0.005287058799999999,-0.8241205,0.192220216,3.1713566799999997
89,-0.0052860588,-0.844221,0.193667452,3.19025115
90,-0.0052850588,-0.8241205,0.193667452,3.22804009
91,-0.0052840588,-0.844221,0.19511468799999998,3.2847235
92,-0.0052830588,-0.8241205,0.192220216,3.2469345599999997
93,-0.0052820587999999995,-0.844221,0.192220216,3.2091456199999997
94,-0.005281058799999999,-0.844221,0.19511468799999998,3.22804009
95,-0.0052800588,-0.8241205,0.193667452,3.2091456199999997
96,-0.0052790588,-0.844221,0.192220216,3.19025115
97,-0.0052780588,-0.8241205,0.19077297999999998,3.0957787999999997
98,-0.0052770588,-0.8643215,0.193667452,3.0202009199999997
99,-0.0052760587999999995,-0.80402,0.192220216,2.9824119799999997
100,-0.005275058799999999,-0.844221,0.193667452,2.88793963
101,-0.005274058799999999,-0.8241205,0.19077297999999998,2.81236175
102,-0.0052730588,-0.8241205,0.193667452,2.69899493
103,-0.0052720588,-0.844221,0.192220216,2.60452258
104,-0.0052710588,-0.8241205,0.19077297999999998,2.51005023
105,-0.0052700588,-0.8241205,0.192220216,2.43447235
106,-0.0052690587999999995,-0.8241205,0.19077297999999998,2.35889447
107,-0.005268058799999999,-0.844221,0.19077297999999998,2.2833165899999996
108,-0.0052670588,-0.8241205,0.192220216,2.2455276499999997
109,-0.0052660588,-0.8241205,0.19077297999999998,2.18884424
110,-0.0052650588,-0.844221,0.192220216,2.18884424
111,-0.0052640588,-0.8241205,0.192220216,2.2077387099999997
112,-0.0052630587999999996,-0.80402,0.192220216,2.26442212
113,-0.005262058799999999,-0.844221,0.192220216,2.3211055299999996
114,-0.005261058799999999,-0.844221,0.19077297999999998,2.39668341
115,-0.0052600588,-0.8241205,0.192220216,2.47226129
116,-0.0052590588,-0.7839195,0.19077297999999998,2.66120599
117,-0.0052580588,-0.8241205,0.192220216,2.7934672799999998
118,-0.0052570588,-0.8241205,0.192220216,2.96351751
119,-0.0052560587999999995,-0.844221,0.193667452,3.11467327
120,-0.005255058799999999,-0.8241205,0.192220216,3.2091456199999997
121,-0.0052540588,-0.8241205,0.192220216,3.2847235
122,-0.0052530588,-0.8241205,0.19511468799999998,3.30361797
123,-0.0052520588,-0.8241205,0.193667452,3.2469345599999997
124,-0.0052510588,-0.844221,0.192220216,3.15246221
125,-0.0052500587999999996,-0.8241205,0.193667452,2.9824119799999997
126,-0.005249058799999999,-0.8241205,0.19077297999999998,2.7178894
127,-0.005248058799999999,-0.844221,0.192220216,2.49115576
128,-0.0052470588,-0.844221,0.193667452,2.2455276499999997
129,-0.0052460588,-0.8241205,0.192220216,1.99989954
130,-0.0052450588,-0.80402,0.193667452,1.8298493099999997
131,-0.0052440588,-0.8241205,0.192220216,1.7164824899999997
132,-0.0052430587999999995,-0.8241205,0.192220216,1.62201014
133,-0.005242058799999999,-0.8241205,0.192220216,1.5653267299999998
134,-0.0052410588,-0.8241205,0.193667452,1.50864332
135,-0.0052400588,-0.844221,0.192220216,1.5653267299999998
136,-0.0052390588,-0.8241205,0.19077297999999998,1.5275377899999998
137,-0.0052380588,-0.8241205,0.192220216,1.5842212
138,-0.0052370588,-0.844221,0.19077297999999998,1.5842212
139,-0.0052360587999999994,-0.8643215,0.19077297999999998,1.6031156699999998
140,-0.005235058799999999,-0.8241205,0.192220216,1.5842212
141,-0.0052340588,-0.8241205,0.19077297999999998,1.5842212
142,-0.0052330588,-0.80402,0.192220216,1.5653267299999998
143,-0.0052320588,-0.8241205,0.192220216,1.5653267299999998
144,-0.0052310588,-0.8241205,0.193667452,1.5275377899999998
145,-0.0052300587999999995,-0.8241205,0.193667452,1.5275377899999998
146,-0.005229058799999999,-0.80402,0.192220216,1.5275377899999998
147,-0.005228058799999999,-0.8241205,0.192220216,1.5653267299999998
148,-0.0052270588,-0.8241205,0.192220216,1.5275377899999998
149,-0.0052260588,-0.8241205,0.192220216,1.5653267299999998
150,-0.0052250588,-0.8241205,0.19077297999999998,1.5275377899999998
151,-0.0052240588,-0.844221,0.193667452,1.54643226
152,-0.0052230587999999994,-0.8241205,0.192220216,1.5275377899999998
153,-0.005222058799999999,-0.8241205,0.192220216,1.54643226
154,-0.0052210588,-0.8241205,0.19077297999999998,1.54643226
155,-0.0052200588,-0.844221,0.192220216,1.5275377899999998
156,-0.0052190588,-0.80402,0.193667452,1.5275377899999998
157,-0.0052180588,-0.8241205,0.192220216,1.5653267299999998
158,-0.0052170587999999995,-0.8241205,0.192220216,1.6031156699999998
159,-0.005216058799999999,-0.8241205,0.192220216,1.6786935499999998
160,-0.0052150588,-0.80402,0.19077297999999998,1.8298493099999997
161,-0.0052140588,-0.8241205,0.193667452,2.0187940099999997
162,-0.0052130588,-0.8241205,0.19077297999999998,2.22663318
163,-0.0052120588,-0.8241205,0.19077297999999998,2.51005023
164,-0.0052110588,-0.8241205,0.19077297999999998,2.8312562199999998
165,-0.0052100587999999995,-0.8241205,0.19077297999999998,3.0579898599999997
166,-0.005209058799999999,-0.80402,0.189325744,3.2469345599999997
167,-0.0052080588,-0.7839195,0.189325744,3.3225124399999997
168,-0.0052070588,-0.844221,0.189325744,3.22804009
169,-0.0052060588,-0.8241205,0.187878508,3.03909539
170,-0.0052050588,-0.8241205,0.189325744,2.73678387
171,-0.0052040587999999995,-0.8241205,0.189325744,2.35889447
172,-0.005203058799999999,-0.844221,0.18643127199999998,2.0187940099999997
173,-0.005202058799999999,-0.8241205,0.189325744,1.73537696
174,-0.0052010588,-0.80402,0.187878508,1.5842212
175,-0.0052000588,-0.8241205,0.18643127199999998,1.5275377899999998
176,-0.0051990588,-0.844221,0.187878508,1.62201014
177,-0.0051980588,-0.8241205,0.187878508,1.7542714299999997
178,-0.0051970587999999995,-0.844221,0.189325744,1.9621106
179,-0.005196058799999999,-0.8241205,0.19077297999999998,2.1699497699999997
180,-0.0051950588,-0.8241205,0.19077297999999998,2.37778894
181,-0.0051940588,-0.844221,0.19077297999999998,2.56673364
182,-0.0051930588,-0.8241205,0.19077297999999998,2.73678387
183,-0.0051920588,-0.8241205,0.192220216,2.8690451599999998
184,-0.0051910587999999995,-0.80402,0.19077297999999998,2.9446230399999997
185,-0.005190058799999999,-0.80402,0.19077297999999998,3.03909539
186,-0.005189058799999999,-0.8241205,0.19077297999999998,3.0957787999999997
187,-0.0051880588,-0.80402,0.19077297999999998,3.1335677399999997
188,-0.0051870588,-0.8241205,0.19077297999999998,3.19025115
189,-0.0051860588,-0.80402,0.192220216,3.19025115
190,-0.0051850588,-0.8241205,0.192220216,3.2091456199999997
191,-0.0051840587999999995,-0.8241205,0.189325744,3.22804009
192,-0.005183058799999999,-0.8241205,0.19077297999999998,3.26582903
193,-0.0051820588,-0.8241205,0.192220216,3.30361797
194,-0.0051810588,-0.8241205,0.19077297999999998,3.26582903
195,-0.0051800588,-0.8241205,0.19077297999999998,3.30361797
196,-0.0051790588,-0.8241205,0.19077297999999998,3.3225124399999997
197,-0.0051780587999999995,-0.80402,0.192220216,3.3225124399999997
198,-0.005177058799999999,-0.80402,0.192220216,3.2847235
199,-0.005176058799999999,-0.80402,0.193667452,3.2847235
200,-0.0051750588,-0.8241205,0.192220216,3.22804009
201,-0.0051740588,-0.844221,0.192220216,3.0957787999999997
202,-0.0051730588,-0.8241205,0.192220216,2.9068340999999998
203,-0.0051720588,-0.8241205,0.192220216,2.66120599
204,-0.0051710587999999995,-0.8241205,0.192220216,2.37778894
205,-0.005170058799999999,-0.80402,0.192220216,2.0565829499999997
206,-0.0051690588,-0.844221,0.192220216,1.7542714299999997
207,-0.0051680588,-0.80402,0.192220216,1.5842212
208,-0.0051670588,-0.8241205,0.192220216,1.5842212
209,-0.0051660588,-0.80402,0.193667452,1.73537696
210,-0.0051650587999999996,-0.8241205,0.192220216,2.0565829499999997
211,-0.005164058799999999,-0.80402,0.192220216,2.54783917
212,-0.005163058799999999,-0.8241205,0.192220216,3.00130645
213,-0.0051620588,-0.80402,0.192220216,3.30361797
214,-0.0051610588,-0.8241205,0.19077297999999998,3.2847235
215,-0.0051600588,-0.80402,0.19077297999999998,3.00130645
216,-0.0051590588,-0.8241205,0.19077297999999998,2.5289447
217,-0.0051580587999999995,-0.80402,0.189325744,2.03768848
218,-0.005157058799999999,-0.7839195,0.18643127199999998,1.6786935499999998
219,-0.0051560588,-0.80402,0.187878508,1.54643226
220,-0.0051550588,-0.80402,0.19077297999999998,1.65979908
221,-0.0051540588,-0.80402,0.18643127199999998,1.98100507
222,-0.0051530588,-0.8241205,0.189325744,2.39668341
223,-0.0051520587999999996,-0.8241205,0.187878508,2.77457281
224,-0.005151058799999999,-0.7839195,0.189325744,3.07688433
225,-0.005150058799999999,-0.7839195,0.19077297999999998,3.2847235
226,-0.0051490588,-0.8241205,0.19077297999999998,3.3225124399999997
227,-0.0051480588,-0.80402,0.19077297999999998,3.2091456199999997
228,-0.0051470588,-0.80402,0.192220216,3.03909539
229,-0.0051460588,-0.8241205,0.19077297999999998,2.7934672799999998
230,-0.0051450587999999995,-0.8241205,0.192220216,2.56673364
231,-0.005144058799999999,-0.8241205,0.192220216,2.2833165899999996
232,-0.005143058799999999,-0.8241205,0.19077297999999998,2.0565829499999997
233,-0.0051420588,-0.80402,0.193667452,1.88653272
234,-0.0051410588,-0.80402,0.192220216,1.73537696
235,-0.0051400588,-0.8241205,0.193667452,1.62201014
236,-0.0051390588,-0.8241205,0.193667452,1.50864332
237,-0.0051380587999999994,-0.8241205,0.193667452,1.54643226
238,-0.005137058799999999,-0.80402,0.193667452,1.5842212
239,-0.0051360588,-0.8241205,0.192220216,1.7164824899999997
240,-0.0051350588,-0.80402,0.192220216,1.8298493099999997
241,-0.0051340588,-0.80402,0.193667452,2.0565829499999997
242,-0.0051330588,-0.8241205,0.192220216,2.3211055299999996
243,-0.0051320587999999995,-0.8241205,0.193667452,2.60452258
244,-0.005131058799999999,-0.8241205,0.192220216,2.88793963
245,-0.0051300588,-0.8241205,0.193667452,3.1335677399999997
246,-0.0051290588,-0.80402,0.19077297999999998,3.2847235
247,-0.0051280588,-0.80402,0.19077297999999998,3.2847235
248,-0.0051270588,-0.8241205,0.192220216,3.0957787999999997
249,-0.0051260588,-0.80402,0.19077297999999998,2.64231152
250,-0.0051250587999999994,-0.8241205,0.189325744,2.18884424
251,-0.005124058799999999,-0.8241205,0.19077297999999998,1.7920603699999997
252,-0.0051230588,-0.80402,0.19077297999999998,1.5275377899999998
253,-0.0051220588,-0.8241205,0.189325744,1.6786935499999998
254,-0.0051210588,-0.7839195,0.187878508,2.0943718899999997
255,-0.0051200588,-0.80402,0.187878508,2.66120599
256,-0.0051190587999999995,-0.7839195,0.18643127199999998,3.15246221
257,-0.005118058799999999,-0.7839195,0.189325744,3.30361797
258,-0.005117058799999999,-0.80402,0.189325744,3.0202009199999997
259,-0.0051160588,-0.80402,0.187878508,2.41557788
260,-0.0051150588,-0.80402,0.192220216,1.88653272
261,-0.0051140588,-0.8241205,0.19077297999999998,1.5653267299999998
262,-0.0051130588,-0.7839195,0.192220216,1.6786935499999998
263,-0.0051120587999999995,-0.80402,0.192220216,2.18884424
264,-0.005111058799999999,-0.80402,0.193667452,2.75567834
265,-0.0051100588,-0.7839195,0.192220216,3.2091456199999997
266,-0.0051090588,-0.8241205,0.193667452,3.30361797
267,-0.0051080588,-0.80402,0.192220216,3.03909539
268,-0.0051070588,-0.8241205,0.192220216,2.45336682
269,-0.0051060587999999995,-0.8241205,0.189325744,1.94321613
270,-0.005105058799999999,-0.8241205,0.19077297999999998,1.62201014
271,-0.0051040588,-0.80402,0.19077297999999998,1.54643226
272,-0.0051030588,-0.80402,0.19077297999999998,1.7920603699999997
273,-0.0051020588,-0.80402,0.19077297999999998,2.1699497699999997
274,-0.0051010588,-0.80402,0.189325744,2.62341705
275,-0.0051000588,-0.7839195,0.189325744,3.00130645
276,-0.0050990587999999995,-0.80402,0.189325744,3.22804009
277,-0.005098058799999999,-0.7839195,0.189325744,3.2847235
278,-0.0050970588,-0.80402,0.189325744,3.22804009
279,-0.0050960588,-0.7839195,0.189325744,2.9824119799999997
280,-0.0050950588,-0.8241205,0.189325744,2.64231152
281,-0.0050940588,-0.80402,0.189325744,2.2455276499999997
282,-0.0050930587999999995,-0.8241205,0.19077297999999998,1.9621106
283,-0.005092058799999999,-0.80402,0.187878508,1.65979908
284,-0.005091058799999999,-0.8241205,0.189325744,1.5275377899999998
285,-0.0050900588,-0.80402,0.189325744,1.5653267299999998
286,-0.0050890588,-0.80402,0.192220216,1.73537696
287,-0.0050880588,-0.7839195,0.192220216,2.1321608299999997
288,-0.0050870588,-0.80402,0.192220216,2.54783917
289,-0.0050860587999999995,-0.8241205,0.192220216,2.9824119799999997
290,-0.005085058799999999,-0.8241205,0.192220216,3.2469345599999997
291,-0.0050840588,-0.7839195,0.19077297999999998,3.34140691
292,-0.0050830588,-0.7839195,0.192220216,3.00130645
293,-0.0050820588,-0.80402,0.193667452,2.60452258
294,-0.0050810588,-0.8241205,0.192220216,2.03768848
295,-0.0050800587999999995,-0.80402,0.192220216,1.6031156699999998
296,-0.005079058799999999,-0.80402,0.192220216,1.5653267299999998
297,-0.005078058799999999,-0.7839195,0.192220216,1.98100507
298,-0.0050770588,-0.80402,0.192220216,2.62341705
299,-0.0050760588,-0.80402,0.189325744,3.1713566799999997
300,-0.0050750588,-0.7839195,0.189325744,3.3225124399999997
301,-0.0050740588,-0.7839195,0.189325744,2.85015069
302,-0.0050730587999999995,-0.7839195,0.189325744,2.0943718899999997
303,-0.005072058799999999,-0.80402,0.189325744,1.5842212
304,-0.0050710588,-0.80402,0.189325744,1.65979908
305,-0.0050700588,-0.7839195,0.19077297999999998,2.34
306,-0.0050690588,-0.80402,0.189325744,3.0202009199999997
307,-0.0050680588,-0.8241205,0.19077297999999998,3.3225124399999997
308,-0.0050670587999999996,-0.7839195,0.19077297999999998,2.96351751
309,-0.005066058799999999,-0.80402,0.19077297999999998,2.2833165899999996
310,-0.005065058799999999,-0.80402,0.192220216,1.6786935499999998
311,-0.0050640588,-0.8241205,0.192220216,1.5275377899999998
312,-0.0050630588,-0.7839195,0.19077297999999998,1.94321613
313,-0.0050620588,-0.7839195,0.19077297999999998,2.56673364
314,-0.0050610588,-0.80402,0.19077297999999998,3.1335677399999997
315,-0.0050600587999999995,-0.7839195,0.189325744,3.30361797
316,-0.005059058799999999,-0.7839195,0.19077297999999998,3.1335677399999997
317,-0.005058058799999999,-0.80402,0.189325744,2.66120599
318,-0.0050570588,-0.7839195,0.19077297999999998,2.0943718899999997
319,-0.0050560588,-0.8241205,0.189325744,1.65979908
320,-0.0050550588,-0.80402,0.189325744,1.50864332
321,-0.0050540588,-0.7839195,0.19077297999999998,1.73537696
322,-0.0050530587999999994,-0.7839195,0.189325744,2.1321608299999997
323,-0.005052058799999999,-0.8241205,0.189325744,2.66120599
324,-0.0050510588,-0.80402,0.19077297999999998,3.0957787999999997
325,-0.0050500588,-0.80402,0.192220216,3.30361797
326,-0.0050490588,-0.763819,0.19077297999999998,3.22804009
327,-0.0050480588,-0.80402,0.189325744,2.9446230399999997
328,-0.0050470587999999995,-0.8241205,0.19077297999999998,2.41557788
329,-0.005046058799999999,-0.80402,0.19077297999999998,1.92432166
330,-0.0050450588,-0.80402,0.192220216,1.6031156699999998
331,-0.0050440588,-0.80402,0.19077297999999998,1.5653267299999998
332,-0.0050430588,-0.7839195,0.192220216,1.84874378
333,-0.0050420588,-0.7839195,0.19077297999999998,2.35889447
334,-0.0050410588,-0.80402,0.193667452,2.88793963
335,-0.0050400587999999994,-0.80402,0.192220216,3.26582903
336,-0.005039058799999999,-0.80402,0.19077297999999998,3.2847235
337,-0.0050380588,-0.80402,0.19077297999999998,2.88793963
338,-0.0050370588,-0.80402,0.192220216,2.30221106
339,-0.0050360588,-0.80402,0.189325744,1.69758802
340,-0.0050350588,-0.8241205,0.189325744,1.5653267299999998
341,-0.0050340587999999995,-0.8241205,0.19077297999999998,1.88653272
342,-0.005033058799999999,-0.80402,0.189325744,2.58562811
343,-0.005032058799999999,-0.80402,0.189325744,3.1713566799999997
344,-0.0050310588,-0.8241205,0.189325744,3.30361797
345,-0.0050300588,-0.7839195,0.19077297999999998,2.77457281
346,-0.0050290588,-0.7839195,0.189325744,2.03768848
347,-0.0050280588,-0.763819,0.192220216,1.54643226
348,-0.0050270587999999995,-0.7839195,0.19077297999999998,1.7542714299999997
349,-0.005026058799999999,-0.7839195,0.19077297999999998,2.45336682
350,-0.0050250588,-0.7839195,0.193667452,3.15246221
351,-0.0050240588,-0.7839195,0.19077297999999998,3.26582903
352,-0.0050230588,-0.7839195,0.19077297999999998,2.73678387
353,-0.0050220588,-0.763819,0.19077297999999998,1.9621106
354,-0.0050210587999999995,-0.80402,0.19077297999999998,1.5275377899999998
355,-0.005020058799999999,-0.7839195,0.19077297999999998,1.81095484
356,-0.0050190588,-0.80402,0.189325744,2.47226129
357,-0.0050180588,-0.80402,0.192220216,3.07688433
358,-0.0050170588,-0.80402,0.189325744,3.3225124399999997
359,-0.0050160588,-0.7839195,0.19077297999999998,3.0579898599999997
360,-0.0050150588,-0.7839195,0.19077297999999998,2.41557788
361,-0.0050140587999999995,-0.763819,0.189325744,1.84874378
362,-0.005013058799999999,-0.7839195,0.192220216,1.50864332
363,-0.0050120588,-0.7839195,0.192220216,1.65979908
364,-0.0050110588,-0.8241205,0.192220216,2.1321608299999997
365,-0.0050100588,-0.7839195,0.192220216,2.7178894
366,-0.0050090588,-0.7839195,0.192220216,3.1713566799999997
367,-0.0050080587999999995,-0.7839195,0.192220216,3.3225124399999997
368,-0.005007058799999999,-0.7839195,0.19077297999999998,3.11467327
369,-0.005006058799999999,-0.763819,0.192220216,2.60452258
370,-0.0050050588,-0.80402,0.19077297999999998,2.0565829499999997
371,-0.0050040588,-0.763819,0.19077297999999998,1.69758802
372,-0.0050030588,-0.7839195,0.189325744,1.4897488499999998
373,-0.0050020588,-0.7839195,0.189325744,1.81095484
374,-0.0050010587999999995,-0.80402,0.187878508,2.30221106
375,-0.005000058799999999,-0.7839195,0.19077297999999998,2.8690451599999998
376,-0.0049990588,-0.80402,0.19077297999999998,3.26582903
377,-0.0049980588,-0.7839195,0.189325744,3.26582903
378,-0.0049970588,-0.763819,0.19077297999999998,2.92572857
379,-0.0049960588,-0.80402,0.19077297999999998,2.30221106
380,-0.0049950587999999995,-0.7839195,0.19077297999999998,1.7731659
381,-0.004994058799999999,-0.80402,0.19077297999999998,1.54643226
382,-0.0049930588,-0.763819,0.19077297999999998,1.7920603699999997
383,-0.0049920588,-0.7839195,0.187878508,2.41557788
384,-0.0049910588,-0.7839195,0.19077297999999998,3.0957787999999997
385,-0.0049900588,-0.7839195,0.19077297999999998,3.3225124399999997
386,-0.0049890588,-0.763819,0.19077297999999998,3.03909539
387,-0.0049880587999999995,-0.763819,0.19077297999999998,2.30221106
388,-0.004987058799999999,-0.7839195,0.19077297999999998,1.6786935499999998
389,-0.0049860588,-0.7839195,0.19077297999999998,1.54643226
390,-0.0049850588,-0.763819,0.19077297999999998,2.0943718899999997
391,-0.0049840588,-0.763819,0.189325744,2.88793963
392,-0.0049830588,-0.7839195,0.19077297999999998,3.3225124399999997
393,-0.0049820587999999996,-0.763819,0.19077297999999998,3.0202009199999997
394,-0.004981058799999999,-0.80402,0.19077297999999998,2.2455276499999997
395,-0.004980058799999999,-0.763819,0.192220216,1.6409046099999998
396,-0.0049790588,-0.763819,0.19077297999999998,1.6409046099999998
397,-0.0049780588,-0.763819,0.189325744,2.2833165899999996
398,-0.0049770588,-0.7839195,0.19077297999999998,3.03909539
399,-0.0049760588,-0.7839195,0.19077297999999998,3.34140691
400,-0.0049750587999999995,-0.763819,0.19077297999999998,2.9446230399999997
401,-0.004974058799999999,-0.7839195,0.19077297999999998,2.18884424
402,-0.0049730588,-0.7839195,0.19077297999999998,1.65979908
403,-0.0049720588,-0.763819,0.19077297999999998,1.5653267299999998
404,-0.0049710588,-0.7839195,0.189325744,1.99989954
405,-0.0049700588,-0.7839195,0.189325744,2.68010046
406,-0.0049690587999999996,-0.7839195,0.192220216,3.19025115
407,-0.004968058799999999,-0.7437185000000001,0.189325744,3.3225124399999997
408,-0.004967058799999999,-0.763819,0.192220216,2.96351751
409,-0.0049660588,-0.7839195,0.19077297999999998,2.3211055299999996
410,-0.0049650588,-0.7839195,0.189325744,1.7920603699999997
411,-0.0049640588,-0.763819,0.19077297999999998,1.54643226
412,-0.0049630588,-0.7839195,0.189325744,1.69758802
413,-0.0049620587999999995,-0.763819,0.189325744,2.1699497699999997
414,-0.004961058799999999,-0.763819,0.19077297999999998,2.75567834
415,-0.0049600588,-0.763819,0.19077297999999998,3.22804009
416,-0.0049590588,-0.763819,0.192220216,3.2847235
417,-0.0049580588,-0.7839195,0.19077297999999998,2.96351751
418,-0.0049570588,-0.763819,0.192220216,2.37778894
419,-0.0049560588,-0.7839195,0.19077297999999998,1.81095484
420,-0.0049550587999999994,-0.7839195,0.189325744,1.54643226
421,-0.004954058799999999,-0.763819,0.192220216,1.6786935499999998
422,-0.0049530588,-0.7839195,0.192220216,2.1510553
423,-0.0049520588,-0.7839195,0.19077297999999998,2.81236175
424,-0.0049510588,-0.7839195,0.189325744,3.22804009
425,-0.0049500588,-0.7839195,0.189325744,3.26582903
426,-0.0049490587999999995,-0.763819,0.19077297999999998,2.77457281
427,-0.004948058799999999,-0.7839195,0.19077297999999998,2.0943718899999997
428,-0.004947058799999999,-0.7839195,0.19077297999999998,1.6031156699999998
429,-0.0049460588,-0.763819,0.189325744,1.6031156699999998
430,-0.0049450588,-0.763819,0.19077297999999998,2.1699497699999997
431,-0.0049440588,-0.7839195,0.192220216,2.88793963
432,-0.0049430588,-0.7839195,0.19077297999999998,3.30361797
433,-0.0049420587999999994,-0.80402,0.19077297999999998,3.07688433
434,-0.004941058799999999,-0.763819,0.19077297999999998,2.35889447
435,-0.0049400588,-0.763819,0.189325744,1.6786935499999998
436,-0.0049390588,-0.7839195,0.192220216,1.6031156699999998
437,-0.0049380588,-0.7839195,0.192220216,2.2833165899999996
438,-0.0049370588,-0.7839195,0.19077297999999998,3.0579898599999997
439,-0.0049360587999999995,-0.763819,0.19077297999999998,3.34140691
440,-0.004935058799999999,-0.7839195,0.189325744,2.8312562199999998
441,-0.0049340588,-0.7839195,0.19077297999999998,2.0187940099999997
442,-0.0049330588,-0.763819,0.189325744,1.54643226
443,-0.0049320588,-0.7437185000000001,0.19077297999999998,1.7731659
444,-0.0049310588,-0.763819,0.187878508,2.45336682
445,-0.0049300588,-0.7839195,0.19077297999999998,3.1335677399999997
446,-0.0049290587999999995,-0.7437185000000001,0.189325744,3.30361797
447,-0.004928058799999999,-0.763819,0.192220216,2.8690451599999998
448,-0.0049270588,-0.763819,0.19077297999999998,2.1321608299999997
449,-0.0049260588,-0.80402,0.193667452,1.6031156699999998
450,-0.0049250588,-0.763819,0.19077297999999998,1.6031156699999998
451,-0.0049240588,-0.763819,0.19077297999999998,2.0943718899999997
452,-0.0049230587999999995,-0.763819,0.192220216,2.81236175
453,-0.004922058799999999,-0.763819,0.192220216,3.26582903
454,-0.004921058799999999,-0.7839195,0.19077297999999998,3.2469345599999997
455,-0.0049200588,-0.763819,0.189325744,2.7934672799999998
456,-0.0049190588,-0.763819,0.189325744,2.1510553
457,-0.0049180588,-0.7839195,0.187878508,1.65979908
458,-0.0049170588,-0.7839195,0.189325744,1.5653267299999998
459,-0.0049160587999999995,-0.763819,0.187878508,1.88653272
460,-0.004915058799999999,-0.7839195,0.189325744,2.49115576
461,-0.0049140588,-0.7839195,0.189325744,3.07688433
462,-0.0049130588,-0.763819,0.189325744,3.3225124399999997
463,-0.0049120588,-0.7839195,0.19077297999999998,3.11467327
464,-0.0049110588,-0.763819,0.189325744,2.60452258
465,-0.0049100587999999995,-0.7437185000000001,0.189325744,1.98100507
466,-0.004909058799999999,-0.7839195,0.19077297999999998,1.5653267299999998
467,-0.0049080588,-0.763819,0.192220216,1.6031156699999998
468,-0.0049070588,-0.7437185000000001,0.192220216,2.11326636
469,-0.0049060588,-0.7839195,0.192220216,2.7934672799999998
470,-0.0049050588,-0.763819,0.192220216,3.26582903
471,-0.0049040588,-0.763819,0.192220216,3.22804009
472,-0.0049030587999999995,-0.7839195,0.19077297999999998,2.7178894
473,-0.004902058799999999,-0.7839195,0.19077297999999998,1.99989954
474,-0.0049010588,-0.7437185000000001,0.19077297999999998,1.54643226
475,-0.0049000588,-0.763819,0.192220216,1.7164824899999997
476,-0.0048990588,-0.7839195,0.189325744,2.41557788
477,-0.0048980588,-0.763819,0.189325744,3.15246221
478,-0.0048970587999999995,-0.7839195,0.189325744,3.30361797
479,-0.004896058799999999,-0.763819,0.19077297999999998,2.73678387
480,-0.004895058799999999,-0.763819,0.19077297999999998,1.9621106
481,-0.0048940588,-0.7839195,0.189325744,1.54643226
482,-0.0048930588,-0.763819,0.193667452,1.8676382499999997
483,-0.0048920588,-0.763819,0.193667452,2.68010046
484,-0.0048910588,-0.763819,0.192220216,3.30361797
485,-0.0048900587999999995,-0.7839195,0.192220216,3.1713566799999997
486,-0.004889058799999999,-0.763819,0.192220216,2.43447235
487,-0.0048880588,-0.7839195,0.192220216,1.73537696
488,-0.0048870588,-0.763819,0.19077297999999998,1.5653267299999998
489,-0.0048860588,-0.763819,0.19077297999999998,2.07547742
490,-0.0048850588,-0.763819,0.189325744,2.88793963
491,-0.0048840587999999996,-0.7839195,0.187878508,3.30361797
492,-0.004883058799999999,-0.763819,0.189325744,3.1335677399999997
493,-0.0048820588,-0.763819,0.19077297999999998,2.45336682
494,-0.0048810588,-0.7437185000000001,0.187878508,1.73537696
495,-0.0048800588,-0.723618,0.19077297999999998,1.5842212
496,-0.0048790588,-0.7437185000000001,0.19077297999999998,1.98100507
497,-0.0048780588,-0.7437185000000001,0.192220216,2.68010046
498,-0.0048770587999999995,-0.7437185000000001,0.19077297999999998,3.22804009
499,-0.004876058799999999,-0.7839195,0.19077297999999998,3.2847235
500,-0.0048750588,-0.7437185000000001,0.193667452,2.85015069
501,-0.0048740588,-0.763819,0.193667452,2.1510553
502,-0.0048730588,-0.763819,0.192220216,1.6409046099999998
503,-0.0048720588,-0.7437185000000001,0.193667452,1.54643226
504,-0.0048710587999999996,-0.763819,0.19077297999999998,1.9621106
505,-0.004870058799999999,-0.763819,0.19077297999999998,2.60452258
506,-0.004869058799999999,-0.7437185000000001,0.19077297999999998,3.1713566799999997
507,-0.0048680588,-0.763819,0.189325744,3.3225124399999997
508,-0.0048670588,-0.7437185000000001,0.187878508,2.9824119799999997
509,-0.0048660588,-0.763819,0.189325744,2.41557788
510,-0.0048650588,-0.723618,0.187878508,1.81095484
511,-0.0048640587999999995,-0.763819,0.187878508,1.5275377899999998
512,-0.004863058799999999,-0.7839195,0.189325744,1.7542714299999997
513,-0.004862058799999999,-0.763819,0.19077297999999998,2.35889447
514,-0.0048610588,-0.763819,0.189325744,2.9824119799999997
515,-0.0048600588,-0.7839195,0.192220216,3.34140691
516,-0.0048590588,-0.7839195,0.193667452,3.11467327
517,-0.0048580588,-0.763819,0.192220216,2.43447235
518,-0.0048570587999999994,-0.7437185000000001,0.193667452,1.7920603699999997
519,-0.0048560588,-0.7437185000000001,0.192220216,1.5275377899999998
520,-0.0048550588,-0.7839195,0.192220216,1.9621106
521,-0.0048540588,-0.763819,0.192220216,2.73678387
522,-0.0048530588,-0.763819,0.192220216,3.3225124399999997
523,-0.0048520588,-0.7437185000000001,0.19077297999999998,3.15246221
524,-0.0048510587999999995,-0.763819,0.189325744,2.49115576
525,-0.004850058799999999,-0.763819,0.189325744,1.7731659
526,-0.0048490588,-0.763819,0.189325744,1.5842212
527,-0.0048480588,-0.763819,0.187878508,2.0187940099999997
528,-0.0048470588,-0.763819,0.189325744,2.8312562199999998
529,-0.0048460588,-0.7437185000000001,0.19077297999999998,3.30361797
530,-0.0048450588,-0.763819,0.189325744,3.0579898599999997
531,-0.0048440587999999994,-0.763819,0.19077297999999998,2.34
532,-0.004843058799999999,-0.723618,0.193667452,1.6786935499999998
533,-0.0048420588,-0.723618,0.193667452,1.6031156699999998
534,-0.0048410588,-0.763819,0.192220216,2.18884424
535,-0.0048400588,-0.7437185000000001,0.19077297999999998,3.00130645
536,-0.0048390588,-0.7437185000000001,0.19511468799999998,3.2847235
537,-0.0048380587999999995,-0.763819,0.192220216,3.00130645
538,-0.004837058799999999,-0.7437185000000001,0.19077297999999998,2.22663318
539,-0.004836058799999999,-0.763819,0.189325744,1.65979908
540,-0.0048350588,-0.763819,0.189325744,1.62201014
541,-0.0048340588,-0.763819,0.187878508,2.18884424
542,-0.0048330588,-0.763819,0.189325744,2.92572857
543,-0.0048320588,-0.763819,0.189325744,3.30361797
544,-0.0048310587999999995,-0.7437185000000001,0.19077297999999998,3.15246221
545,-0.004830058799999999,-0.7437185000000001,0.19077297999999998,2.54783917
546,-0.0048290588,-0.763819,0.187878508,1.9621106
547,-0.0048280588,-0.763819,0.192220216,1.5653267299999998
548,-0.0048270588,-0.763819,0.193667452,1.69758802
549,-0.0048260588,-0.7839195,0.193667452,2.18884424
550,-0.0048250587999999995,-0.763819,0.193667452,2.8312562199999998
551,-0.004824058799999999,-0.763819,0.192220216,3.22804009
552,-0.0048230588,-0.763819,0.193667452,3.26582903
553,-0.0048220588,-0.763819,0.192220216,2.8690451599999998
554,-0.0048210588,-0.763819,0.192220216,2.2455276499999997
555,-0.0048200588,-0.763819,0.192220216,1.7164824899999997
556,-0.0048190588,-0.7437185000000001,0.19077297999999998,1.5653267299999998
557,-0.0048180587999999995,-0.7437185000000001,0.189325744,1.8676382499999997
558,-0.004817058799999999,-0.723618,0.187878508,2.45336682
559,-0.0048160588,-0.7437185000000001,0.187878508,3.03909539
560,-0.0048150588,-0.7437185000000001,0.189325744,3.3225124399999997
561,-0.0048140588,-0.763819,0.189325744,3.07688433
562,-0.0048130588,-0.763819,0.19077297999999998,2.47226129
563,-0.0048120587999999995,-0.7437185000000001,0.19077297999999998,1.8298493099999997
564,-0.004811058799999999,-0.7437185000000001,0.19077297999999998,1.5275377899999998
565,-0.004810058799999999,-0.763819,0.19077297999999998,1.81095484
566,-0.0048090588,-0.763819,0.192220216,2.37778894
567,-0.0048080588,-0.763819,0.193667452,3.03909539
568,-0.0048070588,-0.7437185000000001,0.193667452,3.3225124399999997
569,-0.0048060588,-0.723618,0.193667452,2.9824119799999997
570,-0.0048050587999999995,-0.763819,0.193667452,2.3211055299999996
571,-0.004804058799999999,-0.723618,0.192220216,1.73537696
572,-0.004803058799999999,-0.763819,0.19077297999999998,1.5842212
573,-0.0048020588,-0.763819,0.19077297999999998,2.0943718899999997
574,-0.0048010588,-0.7437185000000001,0.19077297999999998,2.77457281
575,-0.0048000588,-0.7437185000000001,0.187878508,3.26582903
576,-0.0047990587999999995,-0.763819,0.187878508,3.1713566799999997
577,-0.004798058799999999,-0.7437185000000001,0.187878508,2.49115576
578,-0.0047970588,-0.7437185000000001,0.19077297999999998,1.8298493099999997
579,-0.0047960588,-0.7437185000000001,0.189325744,1.5842212
580,-0.0047950588,-0.7437185000000001,0.192220216,1.90542719
581,-0.0047940588,-0.7437185000000001,0.19077297999999998,2.62341705
582,-0.0047930588,-0.7437185000000001,0.192220216,3.22804009
583,-0.0047920587999999995,-0.723618,0.192220216,3.2469345599999997
584,-0.004791058799999999,-0.763819,0.192220216,2.73678387
585,-0.0047900588,-0.7437185000000001,0.192220216,2.03768848
586,-0.0047890588,-0.7437185000000001,0.193667452,1.6031156699999998
587,-0.0047880588,-0.7437185000000001,0.192220216,1.69758802
588,-0.0047870588,-0.763819,0.19077297999999998,2.1699497699999997
589,-0.0047860587999999996,-0.7437185000000001,0.19077297999999998,2.8690451599999998
590,-0.004785058799999999,-0.763819,0.19077297999999998,3.2469345599999997
591,-0.004784058799999999,-0.7437185000000001,0.19077297999999998,3.2091456199999997
592,-0.0047830588,-0.7437185000000001,0.189325744,2.73678387
593,-0.0047820588,-0.7035175,0.189325744,2.18884424
594,-0.0047810588,-0.723618,0.189325744,1.7164824899999997
595,-0.0047800588,-0.7437185000000001,0.189325744,1.5842212
596,-0.0047790587999999995,-0.723618,0.189325744,1.8676382499999997
597,-0.004778058799999999,-0.7437185000000001,0.189325744,2.37778894
598,-0.004777058799999999,-0.763819,0.19077297999999998,2.92572857
599,-0.0047760588,-0.7437185000000001,0.192220216,3.26582903
600,-0.0047750588,-0.7437185000000001,0.192220216,3.22804009
601,-0.0047740588,-0.723618,0.19077297999999998,2.8690451599999998
602,-0.0047730588,-0.7437185000000001,0.193667452,2.2833165899999996
603,-0.0047720587999999994,-0.763819,0.193667452,1.7731659
604,-0.0047710588,-0.763819,0.192220216,1.5842212
605,-0.0047700588,-0.763819,0.193667452,1.7731659
606,-0.0047690588,-0.7437185000000001,0.19511468799999998,2.2455276499999997
607,-0.0047680588,-0.7437185000000001,0.192220216,2.81236175
608,-0.0047670588,-0.7437185000000001,0.193667452,3.2091456199999997
609,-0.0047660587999999995,-0.7437185000000001,0.189325744,3.26582903
610,-0.004765058799999999,-0.723618,0.192220216,2.9446230399999997
611,-0.0047640588,-0.7437185000000001,0.189325744,2.39668341
612,-0.0047630588,-0.723618,0.189325744,1.81095484
613,-0.0047620588,-0.763819,0.189325744,1.5653267299999998
614,-0.0047610588,-0.723618,0.189325744,1.7164824899999997
615,-0.0047600588,-0.7437185000000001,0.189325744,2.30221106
616,-0.0047590587999999994,-0.763819,0.189325744,2.88793963
617,-0.004758058799999999,-0.7437185000000001,0.189325744,3.2847235
618,-0.0047570588,-0.7437185000000001,0.192220216,3.19025115
619,-0.0047560588,-0.7437185000000001,0.192220216,2.66120599
620,-0.0047550588,-0.7437185000000001,0.192220216,2.0565829499999997
621,-0.0047540588,-0.7437185000000001,0.192220216,1.6409046099999998
622,-0.0047530587999999995,-0.763819,0.193667452,1.6409046099999998
623,-0.004752058799999999,-0.723618,0.192220216,2.1510553
624,-0.004751058799999999,-0.723618,0.192220216,2.8312562199999998
625,-0.0047500588,-0.763819,0.192220216,3.2469345599999997
626,-0.0047490588,-0.7437185000000001,0.193667452,3.2469345599999997
627,-0.0047480588,-0.7437185000000001,0.19077297999999998,2.69899493
628,-0.0047470588,-0.763819,0.192220216,2.0565829499999997
629,-0.0047460587999999995,-0.7437185000000001,0.187878508,1.6031156699999998
630,-0.0047450588,-0.7437185000000001,0.19077297999999998,1.6786935499999998
631,-0.0047440588,-0.7437185000000001,0.19077297999999998,2.11326636
632,-0.0047430588,-0.7437185000000001,0.189325744,2.73678387
633,-0.0047420588,-0.763819,0.19077297999999998,3.2091456199999997
634,-0.0047410588,-0.723618,0.189325744,3.2847235
635,-0.0047400587999999995,-0.763819,0.189325744,2.92572857
636,-0.004739058799999999,-0.763819,0.189325744,2.34
637,-0.0047380588,-0.723618,0.19077297999999998,1.8298493099999997
638,-0.0047370588,-0.7437185000000001,0.19077297999999998,1.6031156699999998
639,-0.0047360588,-0.723618,0.192220216,1.69758802
640,-0.0047350588,-0.7437185000000001,0.192220216,2.11326636
641,-0.0047340588,-0.723618,0.19077297999999998,2.62341705
642,-0.0047330587999999995,-0.723618,0.193667452,3.03909539
643,-0.004732058799999999,-0.7437185000000001,0.193667452,3.2847235
644,-0.0047310588,-0.7437185000000001,0.192220216,3.19025115
645,-0.0047300588,-0.723618,0.192220216,2.85015069
646,-0.0047290588,-0.7437185000000001,0.193667452,2.37778894
647,-0.0047280588,-0.7437185000000001,0.192220216,1.94321613
648,-0.0047270587999999995,-0.7437185000000001,0.192220216,1.6409046099999998
649,-0.004726058799999999,-0.723618,0.192220216,1.6031156699999998
650,-0.004725058799999999,-0.7839195,0.192220216,1.8298493099999997
651,-0.0047240588,-0.723618,0.19077297999999998,2.26442212
652,-0.0047230588,-0.7437185000000001,0.189325744,2.73678387
653,-0.0047220588,-0.723618,0.189325744,3.11467327
654,-0.0047210588,-0.7437185000000001,0.189325744,3.26582903
655,-0.0047200587999999995,-0.763819,0.19077297999999998,3.2091456199999997
656,-0.004719058799999999,-0.763819,0.19077297999999998,2.8312562199999998
657,-0.0047180588,-0.7437185000000001,0.189325744,2.43447235
658,-0.0047170588,-0.723618,0.19077297999999998,1.90542719
659,-0.0047160588,-0.7437185000000001,0.189325744,1.6409046099999998
660,-0.0047150588,-0.723618,0.19077297999999998,1.62201014
661,-0.0047140587999999995,-0.7437185000000001,0.19077297999999998,1.94321613
662,-0.004713058799999999,-0.7437185000000001,0.193667452,2.43447235
663,-0.0047120588,-0.7035175,0.192220216,2.9446230399999997
664,-0.0047110588,-0.723618,0.192220216,3.2469345599999997
665,-0.0047100588,-0.723618,0.193667452,3.2469345599999997
666,-0.0047090588,-0.723618,0.193667452,2.88793963
667,-0.0047080588,-0.723618,0.193667452,2.35889447
668,-0.0047070587999999995,-0.7437185000000001,0.193667452,1.8298493099999997
669,-0.004706058799999999,-0.723618,0.193667452,1.6031156699999998
670,-0.0047050588,-0.7437185000000001,0.193667452,1.7164824899999997
671,-0.0047040588,-0.7437185000000001,0.192220216,2.1321608299999997
672,-0.0047030588,-0.7437185000000001,0.192220216,2.69899493
673,-0.0047020588,-0.7437185000000001,0.192220216,3.1335677399999997
674,-0.0047010587999999996,-0.723618,0.192220216,3.26582903
675,-0.004700058799999999,-0.7437185000000001,0.189325744,3.0579898599999997
676,-0.004699058799999999,-0.7035175,0.189325744,2.56673364
677,-0.0046980588,-0.7035175,0.189325744,2.03768848
678,-0.0046970588,-0.723618,0.19077297999999998,1.65979908
679,-0.0046960588,-0.7035175,0.19077297999999998,1.6031156699999998
680,-0.0046950588,-0.7437185000000001,0.192220216,1.88653272
681,-0.0046940587999999995,-0.723618,0.189325744,2.39668341
682,-0.004693058799999999,-0.723618,0.189325744,2.8690451599999998
683,-0.004692058799999999,-0.723618,0.192220216,3.22804009
684,-0.0046910588,-0.7437185000000001,0.192220216,3.2847235
685,-0.0046900588,-0.723618,0.192220216,3.07688433
686,-0.0046890588,-0.7437185000000001,0.193667452,2.75567834
687,-0.0046880587999999996,-0.7437185000000001,0.192220216,2.2455276499999997
688,-0.004687058799999999,-0.7437185000000001,0.192220216,1.88653272
689,-0.0046860588,-0.7437185000000001,0.192220216,1.65979908
690,-0.0046850588,-0.723618,0.19077297999999998,1.6031156699999998
691,-0.0046840588,-0.723618,0.192220216,1.73537696
692,-0.0046830588,-0.723618,0.193667452,2.03768848
693,-0.0046820588,-0.723618,0.192220216,2.39668341
694,-0.0046810587999999995,-0.7437185000000001,0.192220216,2.77457281
695,-0.004680058799999999,-0.7437185000000001,0.192220216,3.07688433
696,-0.0046790588,-0.763819,0.192220216,3.26582903
697,-0.0046780588,-0.723618,0.192220216,3.26582903
698,-0.0046770588,-0.723618,0.19077297999999998,3.0957787999999997
699,-0.0046760588,-0.7437185000000001,0.19077297999999998,2.81236175
700,-0.0046750588,-0.723618,0.189325744,2.43447235
701,-0.0046740587999999994,-0.723618,0.189325744,2.0565829499999997
702,-0.004673058799999999,-0.723618,0.189325744,1.7542714299999997
703,-0.0046720588,-0.723618,0.189325744,1.62201014
704,-0.0046710588,-0.723618,0.187878508,1.62201014
705,-0.0046700588,-0.723618,0.187878508,1.8298493099999997
706,-0.0046690588,-0.7437185000000001,0.19077297999999998,2.18884424
707,-0.0046680587999999995,-0.723618,0.189325744,2.62341705
708,-0.004667058799999999,-0.7035175,0.189325744,3.0202009199999997
709,-0.004666058799999999,-0.723618,0.19077297999999998,3.26582903
710,-0.0046650588,-0.7035175,0.192220216,3.2469345599999997
711,-0.0046640588,-0.7437185000000001,0.19077297999999998,3.00130645
712,-0.0046630588,-0.7437185000000001,0.192220216,2.58562811
713,-0.0046620588,-0.723618,0.192220216,2.11326636
714,-0.0046610587999999994,-0.7437185000000001,0.193667452,1.7542714299999997
715,-0.0046600588,-0.723618,0.192220216,1.62201014
716,-0.0046590588,-0.723618,0.192220216,1.7542714299999997
717,-0.0046580588,-0.7035175,0.192220216,2.1699497699999997
718,-0.0046570588,-0.723618,0.19077297999999998,2.66120599
719,-0.0046560588,-0.7437185000000001,0.192220216,3.0957787999999997
720,-0.0046550587999999995,-0.7437185000000001,0.193667452,3.30361797
721,-0.004654058799999999,-0.7035175,0.193667452,3.19025115
722,-0.0046530588,-0.7035175,0.192220216,2.85015069
723,-0.0046520588,-0.723618,0.19077297999999998,2.35889447
724,-0.0046510588,-0.723618,0.192220216,1.92432166
725,-0.0046500588,-0.723618,0.193667452,1.65979908
726,-0.0046490588,-0.7437185000000001,0.192220216,1.62201014
727,-0.0046480587999999995,-0.723618,0.192220216,1.7731659
728,-0.004647058799999999,-0.7035175,0.187878508,2.1510553
729,-0.0046460588,-0.723618,0.189325744,2.5289447
730,-0.0046450588,-0.723618,0.192220216,2.92572857
731,-0.0046440588,-0.7437185000000001,0.19077297999999998,3.2091456199999997
732,-0.0046430588,-0.723618,0.192220216,3.30361797
733,-0.0046420587999999995,-0.723618,0.192220216,3.2091456199999997
734,-0.004641058799999999,-0.7035175,0.19077297999999998,3.03909539
735,-0.004640058799999999,-0.723618,0.19077297999999998,2.77457281
736,-0.0046390588,-0.723618,0.192220216,2.49115576
737,-0.0046380588,-0.723618,0.19077297999999998,2.1510553
738,-0.0046370588,-0.7035175,0.19077297999999998,1.90542719
739,-0.0046360588,-0.7437185000000001,0.192220216,1.69758802
740,-0.0046350587999999995,-0.683417,0.192220216,1.62201014
741,-0.004634058799999999,-0.7035175,0.192220216,1.62201014
742,-0.0046330588,-0.723618,0.192220216,1.69758802
743,-0.0046320588,-0.723618,0.192220216,1.88653272
744,-0.0046310588,-0.723618,0.19511468799999998,2.1321608299999997
745,-0.0046300588,-0.7437185000000001,0.192220216,2.39668341
746,-0.0046290587999999995,-0.7437185000000001,0.19077297999999998,2.69899493
747,-0.004628058799999999,-0.723618,0.193667452,2.9446230399999997
748,-0.0046270588,-0.723618,0.19511468799999998,3.1713566799999997
749,-0.0046260588,-0.7035175,0.193667452,3.2847235
750,-0.0046250588,-0.723618,0.189325744,3.26582903
751,-0.0046240588,-0.723618,0.193667452,3.15246221
752,-0.0046230588,-0.7035175,0.19077297999999998,2.9068340999999998
753,-0.0046220587999999995,-0.723618,0.192220216,2.56673364
754,-0.004621058799999999,-0.723618,0.193667452,2.2077387099999997
755,-0.0046200588,-0.7437185000000001,0.192220216,1.8676382499999997
756,-0.0046190588,-0.723618,0.192220216,1.65979908
757,-0.0046180588,-0.7035175,0.192220216,1.5842212
758,-0.0046170588,-0.723618,0.192220216,1.7542714299999997
759,-0.0046160587999999995,-0.7035175,0.192220216,2.0943718899999997
760,-0.004615058799999999,-0.7035175,0.192220216,2.54783917
761,-0.004614058799999999,-0.723618,0.19077297999999998,2.92572857
762,-0.0046130588,-0.683417,0.192220216,3.2091456199999997
763,-0.0046120588,-0.7035175,0.19077297999999998,3.2847235
764,-0.0046110588,-0.7035175,0.19077297999999998,3.1335677399999997
765,-0.0046100588,-0.7035175,0.19077297999999998,2.81236175
766,-0.0046090587999999995,-0.7035175,0.189325744,2.35889447
767,-0.004608058799999999,-0.723618,0.189325744,1.9621106
768,-0.004607058799999999,-0.723618,0.19077297999999998,1.69758802
769,-0.0046060588,-0.7035175,0.19077297999999998,1.6031156699999998
770,-0.0046050588,-0.7035175,0.193667452,1.7542714299999997
771,-0.0046040588,-0.723618,0.192220216,2.0187940099999997
772,-0.0046030587999999996,-0.723618,0.192220216,2.43447235
773,-0.004602058799999999,-0.723618,0.193667452,2.81236175
774,-0.0046010588,-0.7035175,0.19077297999999998,3.07688433
775,-0.0046000588,-0.7035175,0.193667452,3.2469345599999997
776,-0.0045990588,-0.723618,0.192220216,3.2847235
777,-0.0045980588,-0.723618,0.192220216,3.2091456199999997
778,-0.0045970588,-0.723618,0.192220216,3.0579898599999997
779,-0.0045960587999999995,-0.7035175,0.192220216,2.81236175
780,-0.004595058799999999,-0.723618,0.193667452,2.56673364
781,-0.0045940588,-0.7035175,0.193667452,2.3211055299999996
782,-0.0045930588,-0.723618,0.193667452,2.07547742
783,-0.0045920588,-0.723618,0.19511468799999998,1.88653272
784,-0.0045910588,-0.723618,0.193667452,1.7542714299999997
785,-0.0045900587999999996,-0.723618,0.192220216,1.6409046099999998
786,-0.004589058799999999,-0.723618,0.192220216,1.6031156699999998
787,-0.004588058799999999,-0.723618,0.192220216,1.62201014
788,-0.0045870588,-0.7035175,0.193667452,1.69758802
789,-0.0045860588,-0.7035175,0.192220216,1.7542714299999997
790,-0.0045850588,-0.723618,0.192220216,1.92432166
791,-0.0045840588,-0.723618,0.192220216,2.11326636
792,-0.0045830587999999995,-0.7035175,0.192220216,2.30221106
793,-0.004582058799999999,-0.7035175,0.193667452,2.51005023
794,-0.004581058799999999,-0.683417,0.192220216,2.75567834
795,-0.0045800588,-0.7035175,0.192220216,2.9446230399999997
796,-0.0045790588,-0.683417,0.192220216,3.1335677399999997
797,-0.0045780588,-0.7035175,0.19077297999999998,3.26582903
798,-0.0045770588,-0.683417,0.192220216,3.30361797
799,-0.0045760587999999994,-0.7035175,0.193667452,3.2469345599999997
800,-0.0045750588,-0.7035175,0.19077297999999998,3.0957787999999997
801,-0.0045740588,-0.7035175,0.192220216,2.8312562199999998
802,-0.0045730588,-0.7035175,0.19077297999999998,2.49115576
803,-0.0045720588,-0.7035175,0.19077297999999998,2.1510553
804,-0.0045710588,-0.723618,0.189325744,1.8676382499999997
805,-0.0045700587999999995,-0.7035175,0.19077297999999998,1.6786935499999998
806,-0.004569058799999999,-0.723618,0.19077297999999998,1.62201014
807,-0.0045680588,-0.723618,0.19077297999999998,1.69758802
808,-0.0045670588,-0.723618,0.19077297999999998,1.99989954
809,-0.0045660588,-0.723618,0.192220216,2.34
810,-0.0045650588,-0.7437185000000001,0.19077297999999998,2.64231152
811,-0.0045640588,-0.723618,0.19077297999999998,2.9824119799999997
812,-0.0045630587999999995,-0.7035175,0.19077297999999998,3.22804009
813,-0.004562058799999999,-0.683417,0.192220216,3.26582903
814,-0.0045610588,-0.7035175,0.192220216,3.2091456199999997
815,-0.0045600588,-0.7035175,0.192220216,2.9824119799999997
816,-0.0045590588,-0.683417,0.192220216,2.73678387
817,-0.0045580588,-0.683417,0.192220216,2.41557788
818,-0.0045570587999999995,-0.7035175,0.192220216,2.11326636
819,-0.004556058799999999,-0.7035175,0.192220216,1.8676382499999997
820,-0.004555058799999999,-0.7035175,0.192220216,1.73537696
821,-0.0045540588,-0.7035175,0.192220216,1.5842212
822,-0.0045530588,-0.723618,0.192220216,1.6031156699999998
823,-0.0045520588,-0.723618,0.193667452,1.65979908
824,-0.0045510588,-0.7035175,0.192220216,1.7164824899999997
825,-0.0045500587999999995,-0.683417,0.192220216,1.90542719
826,-0.0045490588,-0.723618,0.192220216,1.99989954
827,-0.0045480588,-0.7035175,0.192220216,2.1699497699999997
828,-0.0045470588,-0.723618,0.193667452,2.3211055299999996
829,-0.0045460588,-0.7035175,0.192220216,2.47226129
830,-0.0045450588,-0.7035175,0.193667452,2.66120599
831,-0.0045440587999999995,-0.723618,0.192220216,2.75567834
832,-0.004543058799999999,-0.7035175,0.193667452,2.88793963
833,-0.0045420588,-0.7035175,0.19077297999999998,3.00130645
834,-0.0045410588,-0.7035175,0.19077297999999998,3.07688433
835,-0.0045400588,-0.7035175,0.192220216,3.15246221
836,-0.0045390588,-0.723618,0.192220216,3.2469345599999997
837,-0.0045380588,-0.7035175,0.192220216,3.26582903
838,-0.0045370587999999995,-0.723618,0.19077297999999998,3.30361797
839,-0.004536058799999999,-0.723618,0.192220216,3.2847235
840,-0.0045350588,-0.7035175,0.192220216,3.22804009
841,-0.0045340588,-0.7035175,0.192220216,3.1713566799999997
842,-0.0045330588,-0.7035175,0.19077297999999998,3.03909539
843,-0.0045320588,-0.7035175,0.192220216,2.8690451599999998
844,-0.0045310587999999995,-0.683417,0.192220216,2.69899493
845,-0.004530058799999999,-0.723618,0.19077297999999998,2.49115576
846,-0.004529058799999999,-0.683417,0.192220216,2.2077387099999997
847,-0.0045280588,-0.683417,0.19077297999999998,1.98100507
848,-0.0045270588,-0.7035175,0.192220216,1.7731659
849,-0.0045260588,-0.7035175,0.19077297999999998,1.6786935499999998
850,-0.0045250588,-0.723618,0.19077297999999998,1.6031156699999998
851,-0.0045240587999999995,-0.723618,0.192220216,1.65979908
852,-0.004523058799999999,-0.7035175,0.192220216,1.8298493099999997
853,-0.0045220588,-0.7035175,0.19077297999999998,2.0565829499999997
854,-0.0045210588,-0.7035175,0.189325744,2.34
855,-0.0045200588,-0.7035175,0.19077297999999998,2.64231152
856,-0.0045190588,-0.723618,0.19077297999999998,2.92572857
857,-0.0045180587999999995,-0.683417,0.192220216,3.1713566799999997
858,-0.004517058799999999,-0.7035175,0.19077297999999998,3.26582903
859,-0.0045160588,-0.683417,0.19077297999999998,3.30361797
860,-0.0045150588,-0.683417,0.192220216,3.22804009
861,-0.0045140588,-0.7035175,0.192220216,3.03909539
862,-0.0045130588,-0.683417,0.192220216,2.8312562199999998
863,-0.0045120588,-0.7035175,0.192220216,2.58562811
864,-0.0045110587999999995,-0.7035175,0.192220216,2.34
865,-0.004510058799999999,-0.7035175,0.192220216,2.1699497699999997
866,-0.0045090588,-0.7035175,0.192220216,1.99989954
867,-0.0045080588,-0.7035175,0.193667452,1.84874378
868,-0.0045070588,-0.683417,0.192220216,1.73537696
869,-0.0045060588,-0.7035175,0.19077297999999998,1.65979908
870,-0.0045050587999999996,-0.7035175,0.19077297999999998,1.6409046099999998
871,-0.004504058799999999,-0.683417,0.192220216,1.62201014
872,-0.004503058799999999,-0.683417,0.192220216,1.62201014
873,-0.0045020588,-0.7035175,0.192220216,1.5842212
874,-0.0045010588,-0.7035175,0.19077297999999998,1.6409046099999998
875,-0.0045000588,-0.7035175,0.192220216,1.6786935499999998
876,-0.0044990588,-0.7035175,0.193667452,1.69758802
877,-0.0044980587999999995,-0.683417,0.192220216,1.73537696
878,-0.004497058799999999,-0.7035175,0.192220216,1.7542714299999997
879,-0.004496058799999999,-0.7035175,0.192220216,1.81095484
880,-0.0044950588,-0.683417,0.193667452,1.88653272
881,-0.0044940588,-0.683417,0.193667452,1.9621106
882,-0.0044930588,-0.723618,0.192220216,1.98100507
883,-0.0044920588,-0.7035175,0.193667452,2.11326636
884,-0.0044910587999999994,-0.7035175,0.192220216,2.1699497699999997
885,-0.0044900588,-0.7035175,0.193667452,2.30221106
886,-0.0044890588,-0.7035175,0.193667452,2.43447235
887,-0.0044880588,-0.683417,0.193667452,2.58562811
888,-0.0044870588,-0.723618,0.192220216,2.68010046
889,-0.0044860588,-0.7035175,0.192220216,2.8690451599999998
890,-0.0044850587999999995,-0.683417,0.192220216,3.0202009199999997
891,-0.004484058799999999,-0.7035175,0.193667452,3.15246221
892,-0.0044830588,-0.683417,0.192220216,3.2091456199999997
893,-0.0044820588,-0.7035175,0.192220216,3.2847235
894,-0.0044810588,-0.683417,0.192220216,3.3225124399999997
895,-0.0044800588,-0.683417,0.193667452,3.22804009
896,-0.0044790588,-0.7035175,0.192220216,3.11467327
897,-0.0044780587999999994,-0.683417,0.193667452,2.9446230399999997
898,-0.004477058799999999,-0.6633165,0.19077297999999998,2.7178894
899,-0.0044760588,-0.7035175,0.192220216,2.49115576
900,-0.0044750588,-0.723618,0.192220216,2.22663318
901,-0.0044740588,-0.723618,0.192220216,1.98100507
902,-0.0044730588,-0.7035175,0.192220216,1.81095484
903,-0.0044720587999999995,-0.683417,0.192220216,1.7164824899999997
904,-0.004471058799999999,-0.7035175,0.19077297999999998,1.6031156699999998
905,-0.004470058799999999,-0.683417,0.192220216,1.6031156699999998
906,-0.0044690588,-0.683417,0.192220216,1.6786935499999998
907,-0.0044680588,-0.683417,0.19077297999999998,1.7920603699999997
908,-0.0044670588,-0.7035175,0.19077297999999998,1.8676382499999997
909,-0.0044660588,-0.683417,0.19077297999999998,2.03768848
910,-0.0044650587999999995,-0.683417,0.192220216,2.18884424
911,-0.0044640588,-0.683417,0.192220216,2.35889447
912,-0.0044630588,-0.683417,0.192220216,2.43447235
913,-0.0044620588,-0.683417,0.192220216,2.58562811
914,-0.0044610588,-0.7035175,0.193667452,2.68010046
915,-0.0044600588,-0.683417,0.192220216,2.77457281
916,-0.0044590587999999995,-0.6633165,0.192220216,2.8312562199999998
917,-0.004458058799999999,-0.683417,0.19077297999999998,2.88793963
918,-0.0044570588,-0.7035175,0.19077297999999998,3.00130645
919,-0.0044560588,-0.683417,0.193667452,3.00130645
920,-0.0044550588,-0.7035175,0.19077297999999998,3.0579898599999997
921,-0.0044540588,-0.7035175,0.192220216,3.07688433
922,-0.0044530588,-0.7035175,0.192220216,3.07688433
923,-0.0044520587999999995,-0.6633165,0.19077297999999998,3.0957787999999997
924,-0.004451058799999999,-0.7035175,0.192220216,3.1335677399999997
925,-0.0044500588,-0.683417,0.192220216,3.15246221
926,-0.0044490588,-0.683417,0.192220216,3.1713566799999997
927,-0.0044480588,-0.7035175,0.19077297999999998,3.19025115
928,-0.0044470588,-0.7035175,0.19077297999999998,3.2091456199999997
929,-0.0044460587999999995,-0.683417,0.19077297999999998,3.2469345599999997
930,-0.004445058799999999,-0.6633165,0.19077297999999998,3.2469345599999997
931,-0.004444058799999999,-0.683417,0.19077297999999998,3.30361797
932,-0.0044430588,-0.683417,0.19077297999999998,3.30361797
933,-0.0044420588,-0.7035175,0.192220216,3.3225124399999997
934,-0.0044410588,-0.6633165,0.19077297999999998,3.26582903
935,-0.0044400588,-0.683417,0.192220216,3.2469345599999997
936,-0.0044390587999999995,-0.7035175,0.192220216,3.19025115
937,-0.004438058799999999,-0.7035175,0.19077297999999998,3.11467327
938,-0.0044370588,-0.683417,0.19077297999999998,2.9824119799999997
939,-0.0044360588,-0.683417,0.192220216,2.81236175
940,-0.0044350588,-0.7035175,0.193667452,2.66120599
941,-0.0044340588,-0.683417,0.19077297999999998,2.43447235
942,-0.0044330587999999995,-0.6633165,0.192220216,2.26442212
943,-0.004432058799999999,-0.6633165,0.192220216,2.0565829499999997
944,-0.0044310588,-0.683417,0.193667452,1.90542719
945,-0.0044300588,-0.683417,0.192220216,1.7542714299999997
946,-0.0044290588,-0.683417,0.192220216,1.6409046099999998
947,-0.0044280588,-0.683417,0.192220216,1.5842212
948,-0.0044270588,-0.6633165,0.192220216,1.6031156699999998
949,-0.0044260587999999995,-0.6633165,0.192220216,1.6409046099999998
950,-0.004425058799999999,-0.6633165,0.192220216,1.7542714299999997
951,-0.0044240588,-0.7035175,0.192220216,1.84874378
952,-0.0044230588,-0.683417,0.192220216,1.9621106
953,-0.0044220588,-0.683417,0.192220216,2.11326636
954,-0.0044210588,-0.683417,0.192220216,2.2077387099999997
955,-0.0044200587999999996,-0.7035175,0.192220216,2.34
956,-0.004419058799999999,-0.683417,0.19077297999999998,2.49115576
957,-0.004418058799999999,-0.683417,0.193667452,2.62341705
958,-0.0044170588,-0.683417,0.193667452,2.66120599
959,-0.0044160588,-0.683417,0.193667452,2.69899493
960,-0.0044150588,-0.683417,0.192220216,2.7934672799999998
961,-0.0044140588,-0.6633165,0.192220216,2.81236175
962,-0.0044130587999999995,-0.683417,0.192220216,2.8312562199999998
963,-0.004412058799999999,-0.683417,0.192220216,2.9068340999999998
964,-0.0044110588,-0.6633165,0.192220216,2.88793963
965,-0.0044100588,-0.7035175,0.193667452,2.92572857
966,-0.0044090588,-0.683417,0.192220216,2.9068340999999998
967,-0.0044080588,-0.683417,0.19077297999999998,2.9446230399999997
968,-0.0044070587999999996,-0.683417,0.192220216,2.9068340999999998
969,-0.004406058799999999,-0.6633165,0.193667452,2.92572857
970,-0.0044050588,-0.6633165,0.192220216,2.96351751
971,-0.0044040588,-0.683417,0.192220216,2.9446230399999997
972,-0.0044030588,-0.7035175,0.193667452,2.96351751
973,-0.0044020588,-0.7035175,0.192220216,2.9824119799999997
974,-0.0044010588,-0.683417,0.193667452,3.03909539
975,-0.0044000587999999995,-0.7035175,0.192220216,3.0579898599999997
976,-0.004399058799999999,-0.683417,0.192220216,3.0957787999999997
977,-0.0043980588,-0.683417,0.193667452,3.1335677399999997
978,-0.0043970588,-0.683417,0.192220216,3.1713566799999997
979,-0.0043960588,-0.683417,0.192220216,3.22804009
980,-0.0043950588,-0.6633165,0.193667452,3.26582903
981,-0.0043940588,-0.683417,0.192220216,3.2847235
982,-0.0043930587999999994,-0.7035175,0.192220216,3.30361797
983,-0.004392058799999999,-0.643216,0.192220216,3.30361797
984,-0.0043910588,-0.6633165,0.192220216,3.2469345599999997
985,-0.0043900588,-0.683417,0.193667452,3.2091456199999997
986,-0.0043890588,-0.6633165,0.193667452,3.0957787999999997
987,-0.0043880588,-0.6633165,0.19077297999999998,2.9446230399999997
988,-0.0043870587999999995,-0.683417,0.192220216,2.7934672799999998
989,-0.0043860588,-0.683417,0.192220216,2.62341705
990,-0.004385058799999999,-0.643216,0.192220216,2.43447235
991,-0.0043840588,-0.683417,0.192220216,2.2455276499999997
992,-0.0043830588,-0.683417,0.193667452,2.0565829499999997
993,-0.0043820588,-0.683417,0.192220216,1.8676382499999997
994,-0.0043810588,-0.6633165,0.192220216,1.7542714299999997
995,-0.0043800587999999994,-0.6633165,0.193667452,1.65979908
996,-0.0043790588,-0.683417,0.193667452,1.62201014
997,-0.004378058799999999,-0.683417,0.192220216,1.5842212
998,-0.0043770588,-0.643216,0.192220216,1.6031156699999998
999,-0.0043760588,-0.683417,0.192220216,1.6409046099999998
1000,-0.0043750588,-0.683417,0.192220216,1.69758802
1001,-0.0043740587999999995,-0.7035175,0.192220216,1.7542714299999997
1002,-0.004373058799999999,-0.643216,0.19077297999999998,1.81095484
1003,-0.0043720588,-0.643216,0.19077297999999998,1.88653272
1004,-0.0043710588,-0.683417,0.192220216,1.94321613
1005,-0.0043700588,-0.683417,0.192220216,1.98100507
1006,-0.0043690588,-0.683417,0.192220216,2.03768848
1007,-0.0043680588,-0.683417,0.192220216,2.0943718899999997
1008,-0.0043670587999999995,-0.7035175,0.192220216,2.0943718899999997
1009,-0.004366058799999999,-0.6633165,0.19077297999999998,2.1321608299999997
1010,-0.0043650588,-0.683417,0.193667452,2.1510553
1011,-0.0043640588,-0.683417,0.192220216,2.1321608299999997
1012,-0.0043630588,-0.683417,0.192220216,2.1699497699999997
1013,-0.0043620588,-0.6633165,0.192220216,2.1699497699999997
1014,-0.0043610587999999995,-0.683417,0.192220216,2.2077387099999997
1015,-0.004360058799999999,-0.6633165,0.192220216,2.2077387099999997
1016,-0.004359058799999999,-0.683417,0.192220216,2.22663318
1017,-0.0043580588,-0.683417,0.192220216,2.2833165899999996
1018,-0.0043570588,-0.683417,0.192220216,2.2833165899999996
1019,-0.0043560588,-0.683417,0.193667452,2.34
1020,-0.0043550588,-0.683417,0.193667452,2.37778894
1021,-0.0043540587999999995,-0.683417,0.193667452,2.45336682
1022,-0.0043530588,-0.6633165,0.192220216,2.5289447
1023,-0.004352058799999999,-0.683417,0.192220216,2.60452258
1024,-0.0043510588,-0.6633165,0.19077297999999998,2.68010046
1025,-0.0043500588,-0.683417,0.19077297999999998,2.69899493
1026,-0.0043490588,-0.683417,0.192220216,2.85015069
1027,-0.0043480587999999995,-0.6633165,0.192220216,2.92572857
1028,-0.004347058799999999,-0.6633165,0.192220216,3.07688433
1029,-0.0043460588,-0.6633165,0.192220216,3.1713566799999997
1030,-0.0043450588,-0.6633165,0.192220216,3.26582903
1031,-0.0043440588,-0.6633165,0.192220216,3.30361797
1032,-0.0043430588,-0.6633165,0.193667452,3.34140691
1033,-0.0043420588,-0.6633165,0.19077297999999998,3.30361797
1034,-0.0043410587999999995,-0.683417,0.192220216,3.2091456199999997
1035,-0.004340058799999999,-0.683417,0.19077297999999998,3.0957787999999997
1036,-0.0043390588,-0.6633165,0.192220216,2.96351751
1037,-0.0043380588,-0.683417,0.192220216,2.75567834
1038,-0.0043370588,-0.6633165,0.192220216,2.56673364
1039,-0.0043360588,-0.6633165,0.192220216,2.34
1040,-0.0043350587999999995,-0.6231155,0.19077297999999998,2.18884424
1041,-0.004334058799999999,-0.6633165,0.192220216,2.0187940099999997
1042,-0.004333058799999999,-0.6633165,0.19077297999999998,1.84874378
1043,-0.0043320588,-0.683417,0.19077297999999998,1.7542714299999997
1044,-0.0043310588,-0.6633165,0.193667452,1.65979908
1045,-0.0043300588,-0.683417,0.19077297999999998,1.6409046099999998
1046,-0.0043290588,-0.6633165,0.193667452,1.5653267299999998
1047,-0.0043280587999999995,-0.683417,0.192220216,1.5842212
1048,-0.0043270588,-0.643216,0.192220216,1.62201014
1049,-0.004326058799999999,-0.6633165,0.193667452,1.65979908
1050,-0.0043250588,-0.6633165,0.192220216,1.69758802
1051,-0.0043240588,-0.6633165,0.193667452,1.7542714299999997
1052,-0.0043230588,-0.643216,0.193667452,1.7920603699999997
1053,-0.0043220587999999996,-0.683417,0.193667452,1.88653272
1054,-0.004321058799999999,-0.6633165,0.192220216,1.88653272
1055,-0.0043200588,-0.6633165,0.192220216,1.94321613
1056,-0.0043190588,-0.683417,0.193667452,1.9621106
1057,-0.0043180588,-0.683417,0.193667452,2.0187940099999997
1058,-0.0043170588,-0.6633165,0.192220216,2.07547742
1059,-0.0043160588,-0.6633165,0.192220216,2.07547742
1060,-0.0043150587999999995,-0.6633165,0.192220216,2.11326636
1061,-0.004314058799999999,-0.6633165,0.192220216,2.1510553
1062,-0.0043130588,-0.6633165,0.192220216,2.2077387099999997
1063,-0.0043120588,-0.643216,0.193667452,2.2455276499999997
1064,-0.0043110588,-0.683417,0.192220216,2.30221106
1065,-0.0043100588,-0.643216,0.192220216,2.35889447
1066,-0.0043090587999999996,-0.6633165,0.192220216,2.43447235
1067,-0.004308058799999999,-0.683417,0.192220216,2.51005023
1068,-0.004307058799999999,-0.6633165,0.193667452,2.58562811
1069,-0.0043060588,-0.643216,0.193667452,2.7178894
1070,-0.0043050588,-0.6633165,0.192220216,2.8312562199999998
1071,-0.0043040588,-0.683417,0.193667452,2.96351751
1072,-0.0043030588,-0.6633165,0.193667452,3.07688433
1073,-0.0043020587999999995,-0.6633165,0.193667452,3.1713566799999997
1074,-0.0043010588,-0.6633165,0.192220216,3.22804009
1075,-0.004300058799999999,-0.643216,0.192220216,3.26582903
1076,-0.0042990588,-0.6633165,0.193667452,3.3225124399999997
1077,-0.0042980588,-0.643216,0.19077297999999998,3.3225124399999997
1078,-0.0042970588,-0.643216,0.193667452,3.22804009
1079,-0.0042960588,-0.6633165,0.192220216,3.1335677399999997
1080,-0.0042950587999999994,-0.6633165,0.193667452,2.9824119799999997
1081,-0.0042940588,-0.6633165,0.19077297999999998,2.77457281
1082,-0.0042930588,-0.6633165,0.192220216,2.5289447
1083,-0.0042920588,-0.6633165,0.192220216,2.30221106
1084,-0.0042910588,-0.6231155,0.192220216,2.07547742
1085,-0.0042900588,-0.6633165,0.192220216,1.88653272
1086,-0.0042890587999999995,-0.643216,0.192220216,1.7542714299999997
1087,-0.004288058799999999,-0.6633165,0.19077297999999998,1.65979908
1088,-0.0042870588,-0.6633165,0.192220216,1.6031156699999998
1089,-0.0042860588,-0.643216,0.192220216,1.6409046099999998
1090,-0.0042850588,-0.643216,0.189325744,1.65979908
1091,-0.0042840588,-0.6231155,0.193667452,1.73537696
1092,-0.0042830588,-0.6633165,0.192220216,1.84874378
1093,-0.0042820587999999995,-0.6633165,0.192220216,1.98100507
1094,-0.004281058799999999,-0.643216,0.19077297999999998,2.11326636
1095,-0.0042800588,-0.643216,0.192220216,2.26442212
1096,-0.0042790588,-0.6633165,0.19077297999999998,2.35889447
1097,-0.0042780588,-0.683417,0.192220216,2.5289447
1098,-0.0042770588,-0.6633165,0.192220216,2.62341705
1099,-0.0042760587999999995,-0.6633165,0.19077297999999998,2.69899493
1100,-0.0042750588,-0.6633165,0.192220216,2.77457281
1101,-0.004274058799999999,-0.6633165,0.19077297999999998,2.8312562199999998
1102,-0.0042730588,-0.6633165,0.192220216,2.9068340999999998
1103,-0.0042720588,-0.643216,0.193667452,2.96351751
1104,-0.0042710588,-0.643216,0.192220216,3.00130645
1105,-0.0042700588,-0.6633165,0.192220216,3.03909539
1106,-0.0042690587999999995,-0.6633165,0.192220216,3.07688433
1107,-0.0042680588,-0.643216,0.192220216,3.11467327
1108,-0.004267058799999999,-0.643216,0.192220216,3.11467327
1109,-0.0042660588,-0.643216,0.192220216,3.1713566799999997
1110,-0.0042650588,-0.643216,0.193667452,3.19025115
1111,-0.0042640588,-0.6633165,0.192220216,3.2091456199999997
1112,-0.0042630587999999995,-0.683417,0.192220216,3.22804009
1113,-0.004262058799999999,-0.643216,0.192220216,3.2847235
1114,-0.0042610588,-0.683417,0.193667452,3.30361797
1115,-0.0042600588,-0.603015,0.193667452,3.34140691
1116,-0.0042590588,-0.683417,0.192220216,3.3225124399999997
1117,-0.0042580588,-0.683417,0.192220216,3.2847235
1118,-0.0042570588,-0.643216,0.193667452,3.2469345599999997
1119,-0.0042560587999999995,-0.643216,0.192220216,3.15246221
1120,-0.004255058799999999,-0.6633165,0.193667452,3.0579898599999997
1121,-0.0042540588,-0.643216,0.193667452,2.8690451599999998
1122,-0.0042530588,-0.6633165,0.192220216,2.7178894
1123,-0.0042520588,-0.6633165,0.192220216,2.5289447
1124,-0.0042510588,-0.643216,0.192220216,2.30221106
1125,-0.0042500587999999995,-0.643216,0.193667452,2.0565829499999997
1126,-0.004249058799999999,-0.643216,0.192220216,1.88653272
1127,-0.004248058799999999,-0.683417,0.193667452,1.7164824899999997
1128,-0.0042470588,-0.6633165,0.193667452,1.6409046099999998
1129,-0.0042460588,-0.643216,0.193667452,1.6031156699999998
1130,-0.0042450588,-0.643216,0.193667452,1.6786935499999998
1131,-0.0042440588,-0.6633165,0.193667452,1.7731659
1132,-0.0042430587999999995,-0.6633165,0.192220216,1.94321613
1133,-0.0042420588,-0.6633165,0.193667452,2.1510553
1134,-0.004241058799999999,-0.643216,0.193667452,2.39668341
1135,-0.0042400588,-0.643216,0.192220216,2.58562811
1136,-0.0042390588,-0.6633165,0.193667452,2.7934672799999998
1137,-0.0042380588,-0.643216,0.192220216,3.0202009199999997
1138,-0.0042370587999999995,-0.643216,0.192220216,3.15246221
1139,-0.004236058799999999,-0.643216,0.193667452,3.2469345599999997
1140,-0.0042350588,-0.6231155,0.192220216,3.30361797
1141,-0.0042340588,-0.6231155,0.193667452,3.30361797
1142,-0.0042330588,-0.643216,0.193667452,3.30361797
1143,-0.0042320588,-0.643216,0.193667452,3.2847235
1144,-0.0042310588,-0.6231155,0.193667452,3.2091456199999997
1145,-0.0042300587999999995,-0.6231155,0.192220216,3.15246221
1146,-0.004229058799999999,-0.6633165,0.193667452,3.0957787999999997
1147,-0.0042280588,-0.643216,0.192220216,3.0202009199999997
1148,-0.0042270588,-0.643216,0.192220216,2.9446230399999997
1149,-0.0042260588,-0.6633165,0.192220216,2.85015069
1150,-0.0042250588,-0.6633165,0.193667452,2.8312562199999998
1151,-0.0042240587999999996,-0.6633165,0.192220216,2.73678387
1152,-0.004223058799999999,-0.6231155,0.192220216,2.68010046
1153,-0.004222058799999999,-0.643216,0.192220216,2.58562811
1154,-0.0042210588,-0.643216,0.192220216,2.54783917
1155,-0.0042200588,-0.6633165,0.192220216,2.37778894
1156,-0.0042190588,-0.6231155,0.192220216,2.34
1157,-0.0042180588,-0.6633165,0.192220216,2.26442212
1158,-0.0042170587999999995,-0.6633165,0.192220216,2.1699497699999997
1159,-0.0042160588,-0.643216,0.193667452,2.03768848
1160,-0.004215058799999999,-0.6231155,0.19077297999999998,1.9621106
1161,-0.0042140588,-0.643216,0.192220216,1.84874378
1162,-0.0042130588,-0.6231155,0.19077297999999998,1.7731659
1163,-0.0042120588,-0.643216,0.19077297999999998,1.6786935499999998
1164,-0.0042110588,-0.6231155,0.192220216,1.6031156699999998
1165,-0.0042100587999999994,-0.643216,0.19077297999999998,1.5842212
1166,-0.0042090588,-0.6633165,0.192220216,1.6031156699999998
1167,-0.0042080588,-0.643216,0.192220216,1.7164824899999997
1168,-0.0042070588,-0.643216,0.192220216,1.8298493099999997
1169,-0.0042060588,-0.643216,0.19077297999999998,2.03768848
1170,-0.0042050588,-0.643216,0.192220216,2.26442212
1171,-0.0042040587999999995,-0.643216,0.192220216,2.5289447
1172,-0.004203058799999999,-0.643216,0.193667452,2.7934672799999998
1173,-0.0042020588,-0.643216,0.192220216,3.03909539
1174,-0.0042010588,-0.643216,0.193667452,3.2469345599999997
1175,-0.0042000588,-0.6231155,0.192220216,3.30361797
1176,-0.0041990588,-0.643216,0.193667452,3.3225124399999997
1177,-0.0041980588,-0.643216,0.193667452,3.19025115
1178,-0.0041970587999999994,-0.643216,0.192220216,3.00130645
1179,-0.004196058799999999,-0.6633165,0.19077297999999998,2.7178894
1180,-0.0041950588,-0.643216,0.192220216,2.43447235
1181,-0.0041940588,-0.643216,0.19511468799999998,2.18884424
1182,-0.0041930588,-0.643216,0.192220216,1.94321613
1183,-0.0041920588,-0.6231155,0.193667452,1.7542714299999997
1184,-0.0041910587999999995,-0.6633165,0.193667452,1.6409046099999998
1185,-0.0041900588,-0.643216,0.193667452,1.6031156699999998
1186,-0.004189058799999999,-0.643216,0.19511468799999998,1.6031156699999998
1187,-0.0041880588,-0.643216,0.193667452,1.69758802
1188,-0.0041870588,-0.643216,0.193667452,1.7731659
1189,-0.0041860588,-0.643216,0.193667452,1.92432166
1190,-0.0041850588,-0.6231155,0.192220216,2.03768848
1191,-0.0041840587999999995,-0.643216,0.193667452,2.18884424
1192,-0.0041830588,-0.643216,0.192220216,2.3211055299999996
1193,-0.004182058799999999,-0.643216,0.193667452,2.47226129
1194,-0.0041810588,-0.643216,0.193667452,2.60452258
1195,-0.0041800588,-0.643216,0.192220216,2.73678387
1196,-0.0041790588,-0.6231155,0.193667452,2.8312562199999998
1197,-0.0041780587999999995,-0.6633165,0.193667452,2.92572857
1198,-0.004177058799999999,-0.643216,0.193667452,3.0202009199999997
1199,-0.0041760588,-0.6231155,0.193667452,3.11467327
1200,-0.0041750588,-0.643216,0.19511468799999998,3.2091456199999997
1201,-0.0041740588,-0.6633165,0.19511468799999998,3.22804009
1202,-0.0041730588,-0.6231155,0.193667452,3.26582903
1203,-0.0041720588,-0.6633165,0.193667452,3.3225124399999997
1204,-0.0041710587999999995,-0.6633165,0.193667452,3.30361797
1205,-0.004170058799999999,-0.6231155,0.193667452,3.30361797
1206,-0.0041690588,-0.6633165,0.193667452,3.26582903
1207,-0.0041680588,-0.643216,0.192220216,3.2091456199999997
1208,-0.0041670588,-0.643216,0.193667452,3.07688433
1209,-0.0041660588,-0.6231155,0.193667452,2.9068340999999998
1210,-0.0041650587999999995,-0.643216,0.193667452,2.7178894
1211,-0.0041640588,-0.643216,0.192220216,2.41557788
1212,-0.004163058799999999,-0.643216,0.193667452,2.2077387099999997
1213,-0.0041620588,-0.6231155,0.192220216,1.98100507
1214,-0.0041610588,-0.643216,0.192220216,1.7542714299999997
1215,-0.0041600588,-0.6231155,0.193667452,1.6031156699999998
1216,-0.0041590588,-0.643216,0.193667452,1.5842212
1217,-0.0041580587999999995,-0.6231155,0.193667452,1.6786935499999998
1218,-0.0041570588,-0.643216,0.19511468799999998,1.84874378
1219,-0.004156058799999999,-0.643216,0.192220216,2.2077387099999997
1220,-0.0041550588,-0.6231155,0.19077297999999998,2.51005023
1221,-0.0041540588,-0.643216,0.192220216,2.8312562199999998
1222,-0.0041530588,-0.6231155,0.19077297999999998,3.11467327
1223,-0.0041520587999999995,-0.603015,0.192220216,3.2847235
1224,-0.004151058799999999,-0.643216,0.193667452,3.3225124399999997
1225,-0.0041500588,-0.6633165,0.192220216,3.2469345599999997
1226,-0.0041490588,-0.6231155,0.192220216,3.0579898599999997
1227,-0.0041480588,-0.6231155,0.192220216,2.81236175
1228,-0.0041470588,-0.6231155,0.192220216,2.51005023
1229,-0.0041460588,-0.643216,0.193667452,2.22663318
1230,-0.0041450587999999995,-0.6231155,0.19077297999999998,1.9621106
1231,-0.004144058799999999,-0.643216,0.19077297999999998,1.7542714299999997
1232,-0.0041430588,-0.6231155,0.192220216,1.6409046099999998
1233,-0.0041420588,-0.6231155,0.192220216,1.62201014
1234,-0.0041410588,-0.643216,0.192220216,1.6031156699999998
1235,-0.0041400588,-0.643216,0.19511468799999998,1.69758802
1236,-0.0041390587999999996,-0.643216,0.192220216,1.7920603699999997
1237,-0.004138058799999999,-0.643216,0.19077297999999998,1.88653272
1238,-0.004137058799999999,-0.643216,0.193667452,2.0565829499999997
1239,-0.0041360588,-0.6633165,0.192220216,2.18884424
1240,-0.0041350588,-0.643216,0.19077297999999998,2.3211055299999996
1241,-0.0041340588,-0.643216,0.193667452,2.49115576
1242,-0.0041330588,-0.643216,0.192220216,2.66120599
1243,-0.0041320587999999995,-0.6633165,0.193667452,2.77457281
1244,-0.0041310588,-0.643216,0.193667452,2.9446230399999997
1245,-0.004130058799999999,-0.6231155,0.192220216,3.0579898599999997
1246,-0.0041290588,-0.643216,0.19511468799999998,3.15246221
1247,-0.0041280588,-0.643216,0.19511468799999998,3.22804009
1248,-0.0041270588,-0.643216,0.193667452,3.3225124399999997
1249,-0.0041260587999999996,-0.643216,0.193667452,3.34140691
1250,-0.004125058799999999,-0.603015,0.193667452,3.34140691
1251,-0.0041240588,-0.643216,0.193667452,3.26582903
1252,-0.0041230588,-0.6231155,0.193667452,3.1713566799999997
1253,-0.0041220588,-0.643216,0.192220216,3.0202009199999997
1254,-0.0041210588,-0.6231155,0.193667452,2.7934672799999998
1255,-0.0041200588,-0.643216,0.192220216,2.51005023
1256,-0.0041190587999999995,-0.643216,0.193667452,2.2455276499999997
1257,-0.004118058799999999,-0.6231155,0.192220216,1.98100507
1258,-0.0041170588,-0.643216,0.192220216,1.7731659
1259,-0.0041160588,-0.6231155,0.192220216,1.6409046099999998
1260,-0.0041150588,-0.643216,0.193667452,1.62201014
1261,-0.0041140588,-0.6231155,0.192220216,1.7542714299999997
1262,-0.0041130588,-0.6231155,0.193667452,2.0187940099999997
1263,-0.0041120587999999994,-0.6231155,0.192220216,2.39668341
1264,-0.004111058799999999,-0.603015,0.192220216,2.73678387
1265,-0.0041100588,-0.643216,0.192220216,3.07688433
1266,-0.0041090588,-0.643216,0.192220216,3.26582903
1267,-0.0041080588,-0.6231155,0.19077297999999998,3.30361797
1268,-0.0041070588,-0.6633165,0.19077297999999998,3.19025115
1269,-0.0041060587999999995,-0.603015,0.192220216,2.9068340999999998
1270,-0.0041050588,-0.6231155,0.192220216,2.54783917
1271,-0.004104058799999999,-0.603015,0.192220216,2.1699497699999997
1272,-0.0041030588,-0.6231155,0.192220216,1.8676382499999997
1273,-0.0041020588,-0.643216,0.193667452,1.65979908
1274,-0.0041010588,-0.603015,0.193667452,1.6031156699999998
1275,-0.0041000588,-0.6231155,0.193667452,1.6409046099999998
1276,-0.0040990587999999994,-0.603015,0.192220216,1.7920603699999997
1277,-0.0040980588,-0.6231155,0.193667452,2.0187940099999997
1278,-0.0040970588,-0.6231155,0.192220216,2.2833165899999996
1279,-0.0040960588,-0.6231155,0.193667452,2.54783917
1280,-0.0040950588,-0.6231155,0.19511468799999998,2.75567834
1281,-0.0040940588,-0.6231155,0.193667452,2.96351751
1282,-0.0040930587999999995,-0.643216,0.192220216,3.1335677399999997
1283,-0.004092058799999999,-0.603015,0.19511468799999998,3.2469345599999997
1284,-0.0040910588,-0.603015,0.19511468799999998,3.3225124399999997
1285,-0.0040900588,-0.6231155,0.19511468799999998,3.34140691
1286,-0.0040890588,-0.6231155,0.19511468799999998,3.30361797
1287,-0.0040880588,-0.643216,0.19511468799999998,3.2847235
1288,-0.0040870588,-0.6231155,0.19511468799999998,3.1713566799999997
1289,-0.0040860587999999995,-0.643216,0.192220216,3.07688433
1290,-0.004085058799999999,-0.6231155,0.19511468799999998,2.9068340999999998
1291,-0.0040840588,-0.6231155,0.193667452,2.7178894
1292,-0.0040830588,-0.6231155,0.193667452,2.54783917
1293,-0.0040820588,-0.6231155,0.19511468799999998,2.3211055299999996
1294,-0.0040810588,-0.643216,0.19511468799999998,2.1510553
1295,-0.0040800587999999995,-0.6231155,0.193667452,1.9621106
1296,-0.0040790588,-0.643216,0.19511468799999998,1.7731659
1297,-0.004078058799999999,-0.603015,0.193667452,1.65979908
1298,-0.0040770588,-0.643216,0.19511468799999998,1.6031156699999998
1299,-0.0040760588,-0.6231155,0.193667452,1.65979908
1300,-0.0040750588,-0.603015,0.192220216,1.81095484
1301,-0.0040740588,-0.643216,0.193667452,2.0187940099999997
1302,-0.0040730587999999995,-0.603015,0.192220216,2.34
1303,-0.0040720588,-0.6231155,0.192220216,2.73678387
1304,-0.004071058799999999,-0.643216,0.192220216,3.03909539
1305,-0.0040700588,-0.643216,0.193667452,3.26582903
1306,-0.0040690588,-0.6231155,0.193667452,3.34140691
1307,-0.0040680588,-0.643216,0.193667452,3.2091456199999997
1308,-0.0040670587999999995,-0.643216,0.19077297999999998,2.88793963
1309,-0.004066058799999999,-0.643216,0.19077297999999998,2.45336682
1310,-0.0040650588,-0.5829145,0.19077297999999998,2.03768848
1311,-0.0040640588,-0.603015,0.192220216,1.69758802
1312,-0.0040630588,-0.6231155,0.19077297999999998,1.6031156699999998
1313,-0.0040620588,-0.6231155,0.193667452,1.69758802
1314,-0.0040610588,-0.603015,0.193667452,1.98100507
1315,-0.0040600587999999995,-0.643216,0.192220216,2.41557788
1316,-0.004059058799999999,-0.603015,0.193667452,2.85015069
1317,-0.0040580588,-0.603015,0.193667452,3.19025115
1318,-0.0040570588,-0.603015,0.193667452,3.30361797
1319,-0.0040560588,-0.603015,0.19511468799999998,3.30361797
1320,-0.0040550588,-0.603015,0.19511468799999998,3.15246221
1321,-0.0040540587999999995,-0.603015,0.19511468799999998,2.81236175
1322,-0.004053058799999999,-0.643216,0.19511468799999998,2.49115576
1323,-0.004052058799999999,-0.643216,0.19511468799999998,2.18884424
1324,-0.0040510588,-0.643216,0.19511468799999998,1.90542719
1325,-0.0040500588,-0.603015,0.196561924,1.69758802
1326,-0.0040490588,-0.603015,0.193667452,1.62201014
1327,-0.0040480588,-0.603015,0.193667452,1.5842212
1328,-0.0040470587999999995,-0.643216,0.192220216,1.65979908
1329,-0.0040460588,-0.6231155,0.193667452,1.7920603699999997
1330,-0.004045058799999999,-0.603015,0.193667452,1.94321613
1331,-0.0040440588,-0.603015,0.192220216,2.1699497699999997
1332,-0.0040430588,-0.6231155,0.193667452,2.39668341
1333,-0.0040420588,-0.603015,0.193667452,2.58562811
1334,-0.0040410587999999996,-0.603015,0.193667452,2.81236175
1335,-0.004040058799999999,-0.6231155,0.19511468799999998,3.03909539
1336,-0.0040390588,-0.6231155,0.193667452,3.1335677399999997
1337,-0.0040380588,-0.603015,0.192220216,3.2469345599999997
1338,-0.0040370588,-0.6231155,0.19511468799999998,3.34140691
1339,-0.0040360588,-0.603015,0.19077297999999998,3.3225124399999997
1340,-0.0040350588,-0.6231155,0.192220216,3.2091456199999997
1341,-0.0040340587999999995,-0.6231155,0.19077297999999998,3.03909539
1342,-0.004033058799999999,-0.603015,0.19077297999999998,2.77457281
1343,-0.0040320588,-0.6231155,0.19077297999999998,2.41557788
1344,-0.0040310588,-0.6231155,0.193667452,2.11326636
1345,-0.0040300588,-0.6231155,0.192220216,1.81095484
1346,-0.0040290588,-0.603015,0.19077297999999998,1.6409046099999998
1347,-0.0040280587999999996,-0.603015,0.193667452,1.6031156699999998
1348,-0.004027058799999999,-0.603015,0.19077297999999998,1.81095484
1349,-0.004026058799999999,-0.6231155,0.192220216,2.1510553
1350,-0.0040250588,-0.6231155,0.192220216,2.56673364
1351,-0.0040240588,-0.603015,0.192220216,3.0202009199999997
1352,-0.0040230588,-0.603015,0.193667452,3.30361797
1353,-0.0040220588,-0.5829145,0.192220216,3.30361797
1354,-0.0040210587999999995,-0.603015,0.193667452,3.00130645
1355,-0.0040200588,-0.5829145,0.19511468799999998,2.56673364
1356,-0.004019058799999999,-0.5829145,0.19511468799999998,2.0943718899999997
1357,-0.0040180588,-0.603015,0.196561924,1.73537696
1358,-0.0040170588,-0.603015,0.19511468799999998,1.62201014
1359,-0.0040160588,-0.603015,0.19511468799999998,1.7731659
1360,-0.0040150588,-0.603015,0.19511468799999998,2.1699497699999997
1361,-0.0040140587999999994,-0.603015,0.193667452,2.66120599
1362,-0.0040130588,-0.6231155,0.19511468799999998,3.0579898599999997
1363,-0.0040120588,-0.643216,0.19511468799999998,3.3225124399999997
1364,-0.0040110588,-0.5829145,0.19511468799999998,3.3225124399999997
1365,-0.0040100588,-0.603015,0.193667452,3.1335677399999997
1366,-0.0040090588,-0.603015,0.193667452,2.7934672799999998
1367,-0.0040080587999999995,-0.6231155,0.192220216,2.41557788
1368,-0.004007058799999999,-0.6231155,0.193667452,2.07547742
1369,-0.0040060588,-0.603015,0.192220216,1.7731659
1370,-0.0040050588,-0.643216,0.192220216,1.65979908
1371,-0.0040040588,-0.603015,0.192220216,1.6031156699999998
1372,-0.0040030588,-0.603015,0.192220216,1.73537696
1373,-0.0040020588,-0.6231155,0.192220216,1.92432166
1374,-0.0040010587999999995,-0.5829145,0.192220216,2.18884424
1375,-0.004000058799999999,-0.6231155,0.192220216,2.45336682
1376,-0.0039990588,-0.603015,0.192220216,2.7178894
1377,-0.0039980588,-0.603015,0.19077297999999998,3.00130645
1378,-0.0039970588,-0.6231155,0.192220216,3.15246221
1379,-0.0039960588,-0.603015,0.19077297999999998,3.2847235
1380,-0.0039950587999999995,-0.603015,0.192220216,3.3225124399999997
1381,-0.0039940588,-0.603015,0.192220216,3.2847235
1382,-0.003993058799999999,-0.603015,0.192220216,3.1713566799999997
1383,-0.0039920588,-0.603015,0.193667452,2.9446230399999997
1384,-0.0039910588,-0.643216,0.19511468799999998,2.66120599
1385,-0.0039900588,-0.6231155,0.193667452,2.3211055299999996
1386,-0.0039890588,-0.6231155,0.193667452,1.99989954
1387,-0.0039880587999999995,-0.6231155,0.193667452,1.73537696
1388,-0.0039870588,-0.603015,0.196561924,1.6031156699999998
1389,-0.003986058799999999,-0.6231155,0.19511468799999998,1.65979908
1390,-0.0039850588,-0.603015,0.196561924,1.88653272
1391,-0.0039840588,-0.603015,0.19511468799999998,2.2833165899999996
1392,-0.0039830588,-0.603015,0.19511468799999998,2.75567834
1393,-0.0039820587999999995,-0.603015,0.19511468799999998,3.1335677399999997
1394,-0.003981058799999999,-0.603015,0.19511468799999998,3.36030138
1395,-0.0039800588,-0.6231155,0.193667452,3.22804009
1396,-0.0039790588,-0.603015,0.19511468799999998,2.8690451599999998
1397,-0.0039780588,-0.603015,0.192220216,2.37778894
1398,-0.0039770588,-0.603015,0.193667452,1.88653272
1399,-0.0039760588,-0.5829145,0.193667452,1.6409046099999998
1400,-0.0039750587999999995,-0.6231155,0.193667452,1.6786935499999998
1401,-0.003974058799999999,-0.603015,0.193667452,2.07547742
1402,-0.0039730588,-0.5829145,0.192220216,2.58562811
1403,-0.0039720588,-0.603015,0.192220216,3.0957787999999997
1404,-0.0039710588,-0.603015,0.193667452,3.34140691
1405,-0.0039700588,-0.603015,0.192220216,3.26582903
1406,-0.0039690587999999995,-0.5829145,0.192220216,2.8690451599999998
1407,-0.0039680588,-0.603015,0.19077297999999998,2.37778894
1408,-0.003967058799999999,-0.5829145,0.19511468799999998,1.90542719
1409,-0.0039660588,-0.603015,0.193667452,1.62201014
1410,-0.0039650588,-0.6231155,0.19511468799999998,1.65979908
1411,-0.0039640588,-0.5829145,0.196561924,1.84874378
1412,-0.0039630588,-0.603015,0.196561924,2.22663318
1413,-0.0039620587999999995,-0.603015,0.19511468799999998,2.66120599
1414,-0.0039610588,-0.603015,0.196561924,3.0202009199999997
1415,-0.003960058799999999,-0.643216,0.19511468799999998,3.26582903
1416,-0.0039590588,-0.6231155,0.196561924,3.36030138
1417,-0.0039580588,-0.603015,0.19511468799999998,3.26582903
1418,-0.0039570588,-0.643216,0.19511468799999998,3.00130645
1419,-0.0039560587999999995,-0.6231155,0.19511468799999998,2.7178894
1420,-0.003955058799999999,-0.562814,0.19511468799999998,2.39668341
1421,-0.0039540588,-0.603015,0.196561924,2.07547742
1422,-0.0039530588,-0.6231155,0.19511468799999998,1.8298493099999997
1423,-0.0039520588,-0.603015,0.19511468799999998,1.6786935499999998
1424,-0.0039510588,-0.603015,0.193667452,1.6031156699999998
1425,-0.0039500588,-0.603015,0.193667452,1.69758802
1426,-0.0039490587999999995,-0.603015,0.19511468799999998,1.88653272
1427,-0.003948058799999999,-0.5829145,0.192220216,2.1699497699999997
1428,-0.0039470588,-0.603015,0.192220216,2.5289447
1429,-0.0039460588,-0.603015,0.19077297999999998,2.8690451599999998
1430,-0.0039450588,-0.6231155,0.192220216,3.1335677399999997
1431,-0.0039440588,-0.5829145,0.19077297999999998,3.30361797
1432,-0.0039430587999999996,-0.603015,0.192220216,3.30361797
1433,-0.003942058799999999,-0.5829145,0.19077297999999998,3.11467327
1434,-0.003941058799999999,-0.6231155,0.192220216,2.77457281
1435,-0.0039400588,-0.603015,0.193667452,2.35889447
1436,-0.0039390588,-0.603015,0.192220216,1.90542719
1437,-0.0039380588,-0.603015,0.193667452,1.65979908
1438,-0.0039370588,-0.603015,0.193667452,1.6409046099999998
1439,-0.0039360587999999995,-0.5829145,0.193667452,1.94321613
1440,-0.0039350588,-0.603015,0.196561924,2.43447235
1441,-0.003934058799999999,-0.5829145,0.196561924,2.9824119799999997
1442,-0.0039330588,-0.603015,0.19511468799999998,3.30361797
1443,-0.0039320588,-0.603015,0.19800916,3.30361797
1444,-0.0039310588,-0.5829145,0.196561924,2.9446230399999997
1445,-0.0039300588,-0.5829145,0.196561924,2.37778894
1446,-0.0039290587999999994,-0.603015,0.19511468799999998,1.84874378
1447,-0.0039280588,-0.603015,0.19511468799999998,1.6031156699999998
1448,-0.0039270588,-0.603015,0.19511468799999998,1.7542714299999997
1449,-0.0039260588,-0.603015,0.19511468799999998,2.2455276499999997
1450,-0.0039250588,-0.603015,0.19511468799999998,2.7934672799999998
1451,-0.0039240588,-0.562814,0.193667452,3.2469345599999997
1452,-0.0039230587999999995,-0.5829145,0.192220216,3.34140691
1453,-0.003922058799999999,-0.5829145,0.192220216,3.0579898599999997
1454,-0.0039210588,-0.603015,0.19077297999999998,2.62341705
1455,-0.0039200588,-0.5829145,0.192220216,2.0565829499999997
1456,-0.0039190588,-0.603015,0.192220216,1.7164824899999997
1457,-0.0039180588,-0.603015,0.19077297999999998,1.6031156699999998
1458,-0.0039170588,-0.5829145,0.19077297999999998,1.7920603699999997
1459,-0.0039160587999999994,-0.5829145,0.192220216,2.11326636
1460,-0.003915058799999999,-0.603015,0.192220216,2.51005023
1461,-0.0039140588,-0.603015,0.193667452,2.9068340999999998
1462,-0.0039130588,-0.603015,0.192220216,3.1713566799999997
1463,-0.0039120588,-0.603015,0.19511468799999998,3.3225124399999997
1464,-0.0039110588,-0.5829145,0.196561924,3.3225124399999997
1465,-0.0039100587999999995,-0.603015,0.193667452,3.15246221
1466,-0.0039090588,-0.5829145,0.196561924,2.88793963
1467,-0.003908058799999999,-0.5829145,0.19511468799999998,2.54783917
1468,-0.0039070588,-0.5829145,0.19511468799999998,2.18884424
1469,-0.0039060588,-0.603015,0.19511468799999998,1.90542719
1470,-0.0039050587999999997,-0.562814,0.196561924,1.69758802
1471,-0.0039040587999999996,-0.603015,0.19800916,1.62201014
1472,-0.0039030587999999995,-0.603015,0.196561924,1.6786935499999998
1473,-0.0039020587999999998,-0.5829145,0.196561924,1.88653272
1474,-0.0039010588,-0.603015,0.19511468799999998,2.18884424
1475,-0.0039000588,-0.603015,0.19511468799999998,2.56673364
1476,-0.0038990588,-0.5829145,0.193667452,2.96351751
1477,-0.0038980587999999997,-0.603015,0.19511468799999998,3.2469345599999997
1478,-0.0038970587999999995,-0.603015,0.19511468799999998,3.34140691
1479,-0.0038960588,-0.562814,0.193667452,3.2091456199999997
1480,-0.0038950587999999997,-0.5829145,0.192220216,2.8312562199999998
1481,-0.0038940588,-0.603015,0.19077297999999998,2.35889447
1482,-0.0038930588,-0.5829145,0.192220216,1.88653272
1483,-0.0038920587999999997,-0.603015,0.192220216,1.6409046099999998
1484,-0.0038910587999999996,-0.603015,0.193667452,1.7164824899999997
1485,-0.0038900587999999995,-0.603015,0.192220216,2.1510553
1486,-0.0038890587999999998,-0.5829145,0.19077297999999998,2.73678387
1487,-0.0038880587999999996,-0.603015,0.193667452,3.2091456199999997
1488,-0.0038870588,-0.5829145,0.192220216,3.3225124399999997
1489,-0.0038860588,-0.5829145,0.193667452,3.0579898599999997
1490,-0.0038850587999999997,-0.5829145,0.192220216,2.51005023
1491,-0.0038840587999999995,-0.562814,0.196561924,1.94321613
1492,-0.0038830588,-0.562814,0.196561924,1.6409046099999998
1493,-0.0038820587999999997,-0.603015,0.19511468799999998,1.7542714299999997
1494,-0.0038810588,-0.5829145,0.19800916,2.18884424
1495,-0.0038800588,-0.562814,0.196561924,2.73678387
1496,-0.0038790587999999997,-0.5829145,0.19800916,3.22804009
1497,-0.0038780587999999996,-0.603015,0.19511468799999998,3.36030138
1498,-0.0038770587999999995,-0.603015,0.193667452,3.1713566799999997
1499,-0.0038760587999999998,-0.562814,0.193667452,2.69899493
1500,-0.0038750587999999996,-0.603015,0.193667452,2.18884424
1501,-0.0038740588,-0.5829145,0.193667452,1.7920603699999997
1502,-0.0038730588,-0.562814,0.192220216,1.62201014
1503,-0.0038720587999999997,-0.562814,0.19077297999999998,1.7164824899999997
1504,-0.0038710587999999995,-0.5829145,0.19077297999999998,1.99989954
1505,-0.0038700588,-0.562814,0.192220216,2.41557788
1506,-0.0038690587999999997,-0.603015,0.193667452,2.8312562199999998
1507,-0.0038680588,-0.5829145,0.192220216,3.2091456199999997
1508,-0.0038670588,-0.5829145,0.192220216,3.30361797
1509,-0.0038660587999999997,-0.603015,0.193667452,3.3225124399999997
1510,-0.0038650587999999996,-0.562814,0.19511468799999998,3.1335677399999997
1511,-0.0038640587999999995,-0.603015,0.192220216,2.81236175
1512,-0.0038630587999999998,-0.5829145,0.193667452,2.41557788
1513,-0.0038620587999999996,-0.562814,0.193667452,2.07547742
1514,-0.0038610588,-0.5829145,0.19511468799999998,1.7920603699999997
1515,-0.0038600588,-0.5829145,0.19511468799999998,1.65979908
1516,-0.0038590587999999997,-0.5829145,0.19511468799999998,1.65979908
1517,-0.0038580587999999996,-0.603015,0.196561924,1.7731659
1518,-0.0038570587999999994,-0.5829145,0.196561924,2.11326636
1519,-0.0038560587999999997,-0.5829145,0.19800916,2.51005023
1520,-0.0038550588,-0.5829145,0.19511468799999998,2.92572857
1521,-0.0038540588,-0.5829145,0.19800916,3.2091456199999997
1522,-0.0038530587999999998,-0.5829145,0.196561924,3.34140691
1523,-0.0038520587999999996,-0.5829145,0.19800916,3.26582903
1524,-0.0038510587999999995,-0.603015,0.196561924,2.9824119799999997
1525,-0.0038500588,-0.5829145,0.19511468799999998,2.54783917
1526,-0.0038490587999999997,-0.5829145,0.193667452,2.0565829499999997
1527,-0.0038480588,-0.5829145,0.192220216,1.7164824899999997
1528,-0.0038470588,-0.5829145,0.193667452,1.62201014
1529,-0.0038460587999999997,-0.5427135,0.193667452,1.84874378
1530,-0.0038450587999999996,-0.5829145,0.19511468799999998,2.34
1531,-0.0038440587999999994,-0.5829145,0.192220216,2.88793963
1532,-0.0038430587999999997,-0.5829145,0.192220216,3.26582903
1533,-0.0038420588,-0.603015,0.192220216,3.34140691
1534,-0.0038410588,-0.603015,0.192220216,3.00130645
1535,-0.0038400587999999998,-0.5829145,0.193667452,2.45336682
1536,-0.0038390587999999996,-0.5829145,0.193667452,1.90542719
1537,-0.0038380587999999995,-0.5829145,0.19511468799999998,1.62201014
1538,-0.0038370588,-0.562814,0.193667452,1.73537696
1539,-0.0038360587999999997,-0.603015,0.19511468799999998,2.2455276499999997
1540,-0.0038350588,-0.562814,0.193667452,2.77457281
1541,-0.0038340588,-0.562814,0.19800916,3.2091456199999997
1542,-0.0038330587999999997,-0.5829145,0.196561924,3.36030138
1543,-0.0038320587999999996,-0.562814,0.196561924,3.07688433
1544,-0.0038310587999999994,-0.562814,0.19800916,2.58562811
1545,-0.0038300587999999997,-0.5829145,0.196561924,2.0565829499999997
1546,-0.0038290588,-0.562814,0.196561924,1.7164824899999997
1547,-0.0038280588,-0.603015,0.19800916,1.62201014
1548,-0.0038270587999999998,-0.5829145,0.19511468799999998,1.7920603699999997
1549,-0.0038260587999999996,-0.5829145,0.196561924,2.18884424
1550,-0.0038250587999999995,-0.5829145,0.19511468799999998,2.66120599
1551,-0.0038240588,-0.5829145,0.193667452,3.03909539
1552,-0.0038230587999999997,-0.603015,0.193667452,3.2847235
1553,-0.0038220588,-0.562814,0.193667452,3.34140691
1554,-0.0038210588,-0.562814,0.19511468799999998,3.2091456199999997
1555,-0.0038200587999999997,-0.562814,0.192220216,2.9068340999999998
1556,-0.0038190587999999996,-0.603015,0.193667452,2.54783917
1557,-0.0038180587999999994,-0.562814,0.192220216,2.1699497699999997
1558,-0.0038170587999999997,-0.5427135,0.19511468799999998,1.8676382499999997
1559,-0.0038160588,-0.5829145,0.192220216,1.65979908
1560,-0.0038150588,-0.562814,0.193667452,1.6409046099999998
1561,-0.0038140588,-0.603015,0.19511468799999998,1.7164824899999997
1562,-0.0038130587999999997,-0.5829145,0.19511468799999998,2.0187940099999997
1563,-0.0038120587999999995,-0.562814,0.193667452,2.35889447
1564,-0.0038110588,-0.562814,0.19511468799999998,2.75567834
1565,-0.0038100587999999997,-0.5829145,0.19511468799999998,3.11467327
1566,-0.0038090588,-0.562814,0.193667452,3.3225124399999997
1567,-0.0038080588,-0.5829145,0.19511468799999998,3.3225124399999997
1568,-0.0038070587999999997,-0.603015,0.19511468799999998,3.15246221
1569,-0.0038060587999999996,-0.562814,0.196561924,2.75567834
1570,-0.0038050587999999995,-0.5829145,0.19945639599999998,2.26442212
1571,-0.0038040587999999998,-0.603015,0.196561924,1.81095484
1572,-0.0038030588,-0.562814,0.196561924,1.62201014
1573,-0.0038020588,-0.5829145,0.19511468799999998,1.73537696
1574,-0.0038010588,-0.562814,0.196561924,2.11326636
1575,-0.0038000587999999997,-0.562814,0.196561924,2.64231152
1576,-0.0037990587999999995,-0.562814,0.19511468799999998,3.15246221
1577,-0.0037980588,-0.5829145,0.193667452,3.36030138
1578,-0.0037970587999999997,-0.562814,0.193667452,3.22804009
1579,-0.0037960588,-0.562814,0.19511468799999998,2.7934672799999998
1580,-0.0037950588,-0.562814,0.193667452,2.22663318
1581,-0.0037940587999999997,-0.562814,0.19077297999999998,1.7542714299999997
1582,-0.0037930587999999996,-0.5427135,0.192220216,1.6409046099999998
1583,-0.0037920587999999995,-0.562814,0.192220216,1.8676382499999997
1584,-0.0037910587999999998,-0.562814,0.193667452,2.35889447
1585,-0.0037900588,-0.562814,0.193667452,2.9068340999999998
1586,-0.0037890588,-0.562814,0.193667452,3.2847235
1587,-0.0037880588,-0.5829145,0.19511468799999998,3.3225124399999997
1588,-0.0037870587999999997,-0.5829145,0.19511468799999998,3.0957787999999997
1589,-0.0037860587999999995,-0.5427135,0.19800916,2.64231152
1590,-0.0037850588,-0.562814,0.19511468799999998,2.1321608299999997
1591,-0.0037840587999999997,-0.562814,0.196561924,1.7731659
1592,-0.0037830588,-0.5829145,0.19800916,1.6031156699999998
1593,-0.0037820588,-0.5829145,0.19511468799999998,1.7542714299999997
1594,-0.0037810587999999997,-0.562814,0.19800916,2.11326636
1595,-0.0037800587999999996,-0.5829145,0.19800916,2.5289447
1596,-0.0037790587999999995,-0.5829145,0.196561924,2.9824119799999997
1597,-0.0037780587999999998,-0.562814,0.196561924,3.2847235
1598,-0.0037770587999999996,-0.562814,0.19511468799999998,3.37919585
1599,-0.0037760588,-0.562814,0.196561924,3.2469345599999997
1600,-0.0037750588,-0.5829145,0.193667452,2.9824119799999997
1601,-0.0037740587999999997,-0.5829145,0.19511468799999998,2.54783917
1602,-0.0037730587999999995,-0.562814,0.193667452,2.1510553
1603,-0.0037720588,-0.562814,0.193667452,1.81095484
1604,-0.0037710587999999997,-0.5829145,0.193667452,1.6409046099999998
1605,-0.0037700588,-0.562814,0.192220216,1.62201014
1606,-0.0037690588,-0.562814,0.193667452,1.8676382499999997
1607,-0.0037680587999999998,-0.562814,0.19511468799999998,2.1699497699999997
1608,-0.0037670587999999996,-0.562814,0.193667452,2.56673364
1609,-0.0037660587999999995,-0.562814,0.192220216,2.9446230399999997
1610,-0.0037650588,-0.562814,0.19511468799999998,3.26582903
1611,-0.0037640587999999997,-0.562814,0.19511468799999998,3.3980903199999997
1612,-0.0037630588,-0.5829145,0.19511468799999998,3.2847235
1613,-0.0037620588,-0.5427135,0.19511468799999998,2.9824119799999997
1614,-0.0037610587999999997,-0.5829145,0.19511468799999998,2.51005023
1615,-0.0037600587999999996,-0.5829145,0.196561924,2.0943718899999997
1616,-0.0037590587999999994,-0.603015,0.19511468799999998,1.7542714299999997
1617,-0.0037580587999999997,-0.562814,0.196561924,1.62201014
1618,-0.0037570588,-0.562814,0.196561924,1.7542714299999997
1619,-0.0037560588,-0.5829145,0.19800916,2.0943718899999997
1620,-0.0037550587999999998,-0.5829145,0.19800916,2.62341705
1621,-0.0037540587999999996,-0.562814,0.19800916,3.07688433
1622,-0.0037530587999999995,-0.5829145,0.19800916,3.34140691
1623,-0.0037520588,-0.562814,0.196561924,3.3225124399999997
1624,-0.0037510587999999997,-0.5829145,0.19800916,3.00130645
1625,-0.0037500588,-0.562814,0.19511468799999998,2.49115576
1626,-0.0037490588,-0.562814,0.193667452,1.9621106
1627,-0.0037480587999999997,-0.5829145,0.19511468799999998,1.65979908
1628,-0.0037470587999999996,-0.5427135,0.19511468799999998,1.65979908
1629,-0.0037460587999999994,-0.5427135,0.193667452,1.99989954
1630,-0.0037450587999999997,-0.522613,0.193667452,2.5289447
1631,-0.0037440588,-0.562814,0.19511468799999998,3.07688433
1632,-0.0037430588,-0.5427135,0.193667452,3.36030138
1633,-0.0037420587999999998,-0.562814,0.19511468799999998,3.30361797
1634,-0.0037410587999999996,-0.562814,0.193667452,2.9824119799999997
1635,-0.0037400587999999995,-0.5427135,0.193667452,2.41557788
1636,-0.0037390588,-0.5829145,0.193667452,1.92432166
1637,-0.0037380587999999997,-0.562814,0.19511468799999998,1.6409046099999998
1638,-0.0037370588,-0.5427135,0.196561924,1.65979908
1639,-0.0037360588,-0.562814,0.196561924,1.9621106
1640,-0.0037350587999999997,-0.5829145,0.196561924,2.39668341
1641,-0.0037340587999999996,-0.5829145,0.19511468799999998,2.85015069
1642,-0.0037330587999999994,-0.562814,0.19800916,3.22804009
1643,-0.0037320587999999997,-0.5427135,0.196561924,3.36030138
1644,-0.0037310588,-0.5427135,0.19800916,3.2847235
1645,-0.0037300588,-0.5427135,0.19511468799999998,3.03909539
1646,-0.0037290587999999998,-0.562814,0.19800916,2.64231152
1647,-0.0037280587999999996,-0.562814,0.19800916,2.2455276499999997
1648,-0.0037270587999999995,-0.5427135,0.19511468799999998,1.8676382499999997
1649,-0.0037260588,-0.562814,0.19800916,1.6786935499999998
1650,-0.0037250587999999997,-0.562814,0.19511468799999998,1.6031156699999998
1651,-0.0037240588,-0.562814,0.19511468799999998,1.7542714299999997
1652,-0.0037230588,-0.5427135,0.196561924,2.03768848
1653,-0.0037220587999999997,-0.562814,0.193667452,2.41557788
1654,-0.0037210587999999996,-0.522613,0.193667452,2.7934672799999998
1655,-0.0037200587999999995,-0.562814,0.193667452,3.1335677399999997
1656,-0.0037190587999999998,-0.5829145,0.193667452,3.34140691
1657,-0.0037180588,-0.562814,0.193667452,3.37919585
1658,-0.0037170588,-0.5427135,0.193667452,3.2091456199999997
1659,-0.0037160588,-0.5427135,0.193667452,2.8690451599999998
1660,-0.0037150587999999997,-0.562814,0.193667452,2.45336682
1661,-0.0037140587999999995,-0.5829145,0.19511468799999998,1.98100507
1662,-0.0037130588,-0.5829145,0.19511468799999998,1.6786935499999998
1663,-0.0037120587999999997,-0.562814,0.196561924,1.62201014
1664,-0.0037110588,-0.562814,0.19511468799999998,1.7542714299999997
1665,-0.0037100588,-0.562814,0.196561924,2.1699497699999997
1666,-0.0037090587999999997,-0.5427135,0.19800916,2.66120599
1667,-0.0037080587999999996,-0.562814,0.196561924,3.0957787999999997
1668,-0.0037070587999999995,-0.5427135,0.196561924,3.36030138
1669,-0.0037060587999999998,-0.562814,0.196561924,3.3225124399999997
1670,-0.0037050588,-0.5427135,0.19800916,2.96351751
1671,-0.0037040588,-0.522613,0.196561924,2.47226129
1672,-0.0037030588,-0.5427135,0.196561924,1.9621106
1673,-0.0037020587999999997,-0.562814,0.19800916,1.65979908
1674,-0.0037010587999999995,-0.562814,0.19800916,1.65979908
1675,-0.0037000588,-0.5427135,0.196561924,1.98100507
1676,-0.0036990587999999997,-0.562814,0.196561924,2.47226129
1677,-0.0036980588,-0.5427135,0.196561924,3.03909539
1678,-0.0036970588,-0.5427135,0.196561924,3.34140691
1679,-0.0036960587999999997,-0.522613,0.196561924,3.37919585
1680,-0.0036950587999999996,-0.562814,0.196561924,3.1335677399999997
1681,-0.0036940587999999995,-0.562814,0.19511468799999998,2.66120599
1682,-0.0036930587999999998,-0.5427135,0.196561924,2.1510553
1683,-0.0036920588,-0.5427135,0.193667452,1.7731659
1684,-0.0036910588,-0.5427135,0.19511468799999998,1.6031156699999998
1685,-0.0036900588,-0.5427135,0.19511468799999998,1.73537696
1686,-0.0036890587999999997,-0.562814,0.19511468799999998,2.07547742
1687,-0.0036880587999999995,-0.562814,0.19511468799999998,2.5289447
1688,-0.0036870588,-0.522613,0.19511468799999998,2.9824119799999997
1689,-0.0036860587999999997,-0.5427135,0.196561924,3.2847235
1690,-0.0036850588,-0.562814,0.19511468799999998,3.37919585
1691,-0.0036840588,-0.562814,0.19800916,3.26582903
1692,-0.0036830587999999997,-0.5427135,0.19800916,2.92572857
1693,-0.0036820587999999996,-0.5427135,0.19800916,2.49115576
1694,-0.0036810587999999995,-0.5427135,0.19800916,2.0943718899999997
1695,-0.0036800587999999998,-0.562814,0.196561924,1.7542714299999997
1696,-0.0036790587999999996,-0.562814,0.19800916,1.6031156699999998
1697,-0.0036780588,-0.5427135,0.196561924,1.65979908
1698,-0.0036770588,-0.5427135,0.196561924,1.92432166
1699,-0.0036760587999999997,-0.562814,0.19800916,2.2833165899999996
1700,-0.0036750587999999995,-0.5427135,0.196561924,2.73678387
1701,-0.0036740588,-0.562814,0.196561924,3.07688433
1702,-0.0036730587999999997,-0.5427135,0.19800916,3.30361797
1703,-0.0036720588,-0.562814,0.196561924,3.3980903199999997
1704,-0.0036710588,-0.5427135,0.196561924,3.26582903
1705,-0.0036700587999999998,-0.562814,0.19511468799999998,2.9824119799999997
1706,-0.0036690587999999996,-0.562814,0.19511468799999998,2.58562811
1707,-0.0036680587999999995,-0.5427135,0.19511468799999998,2.1510553
1708,-0.0036670588,-0.5427135,0.19511468799999998,1.81095484
1709,-0.0036660587999999997,-0.5427135,0.19511468799999998,1.62201014
1710,-0.0036650588,-0.562814,0.19511468799999998,1.62201014
1711,-0.0036640588,-0.562814,0.19511468799999998,1.84874378
1712,-0.0036630587999999997,-0.5427135,0.19511468799999998,2.2455276499999997
1713,-0.0036620587999999996,-0.5427135,0.19511468799999998,2.68010046
1714,-0.0036610587999999994,-0.562814,0.196561924,3.11467327
1715,-0.0036600587999999997,-0.562814,0.196561924,3.36030138
1716,-0.0036590588,-0.562814,0.196561924,3.3980903199999997
1717,-0.0036580588,-0.5427135,0.196561924,3.15246221
1718,-0.0036570587999999998,-0.5025125,0.19511468799999998,2.7178894
1719,-0.0036560587999999996,-0.522613,0.193667452,2.2455276499999997
1720,-0.0036550587999999995,-0.5427135,0.19800916,1.81095484
1721,-0.0036540588,-0.5427135,0.196561924,1.6031156699999998
1722,-0.0036530587999999997,-0.5427135,0.19511468799999998,1.7164824899999997
1723,-0.0036520588,-0.562814,0.196561924,2.0565829499999997
1724,-0.0036510588,-0.5427135,0.196561924,2.51005023
1725,-0.0036500587999999997,-0.5427135,0.19800916,3.03909539
1726,-0.0036490587999999996,-0.5427135,0.19800916,3.34140691
1727,-0.0036480587999999994,-0.5427135,0.19511468799999998,3.36030138
1728,-0.0036470587999999997,-0.5427135,0.196561924,3.11467327
1729,-0.0036460588,-0.562814,0.196561924,2.66120599
1730,-0.0036450588,-0.522613,0.196561924,2.1510553
1731,-0.0036440587999999998,-0.562814,0.196561924,1.7164824899999997
1732,-0.0036430587999999996,-0.5427135,0.196561924,1.5842212
1733,-0.0036420587999999995,-0.562814,0.196561924,1.7164824899999997
1734,-0.0036410588,-0.5427135,0.196561924,2.0943718899999997
1735,-0.0036400587999999997,-0.522613,0.196561924,2.56673364
1736,-0.0036390588,-0.562814,0.196561924,2.96351751
1737,-0.0036380588,-0.562814,0.19511468799999998,3.30361797
1738,-0.0036370587999999997,-0.522613,0.196561924,3.3980903199999997
1739,-0.0036360587999999996,-0.5427135,0.196561924,3.34140691
1740,-0.0036350587999999994,-0.562814,0.196561924,3.0579898599999997
1741,-0.0036340587999999997,-0.5427135,0.196561924,2.69899493
1742,-0.0036330588,-0.522613,0.196561924,2.3211055299999996
1743,-0.0036320588,-0.5427135,0.19800916,1.98100507
1744,-0.0036310587999999998,-0.5427135,0.196561924,1.73537696
1745,-0.0036300587999999996,-0.522613,0.196561924,1.6031156699999998
1746,-0.0036290587999999995,-0.5427135,0.196561924,1.5842212
1747,-0.0036280588,-0.5427135,0.196561924,1.7731659
1748,-0.0036270587999999997,-0.5427135,0.196561924,1.99989954
1749,-0.0036260588,-0.522613,0.19800916,2.34
1750,-0.0036250588,-0.522613,0.19800916,2.69899493
1751,-0.0036240587999999997,-0.5427135,0.19511468799999998,3.03909539
1752,-0.0036230587999999996,-0.5427135,0.19800916,3.30361797
1753,-0.0036220587999999995,-0.522613,0.19800916,3.3980903199999997
1754,-0.0036210587999999998,-0.562814,0.196561924,3.3980903199999997
1755,-0.0036200588,-0.5427135,0.196561924,3.22804009
1756,-0.0036190588,-0.5427135,0.19800916,2.9068340999999998
1757,-0.0036180588,-0.522613,0.196561924,2.49115576
1758,-0.0036170587999999997,-0.562814,0.196561924,2.0943718899999997
1759,-0.0036160587999999995,-0.562814,0.19800916,1.81095484
1760,-0.0036150588,-0.562814,0.19800916,1.6031156699999998
1761,-0.0036140587999999997,-0.5025125,0.196561924,1.62201014
1762,-0.0036130588,-0.522613,0.196561924,1.84874378
1763,-0.0036120588,-0.5427135,0.19800916,2.2833165899999996
1764,-0.0036110587999999997,-0.5427135,0.196561924,2.77457281
1765,-0.0036100587999999996,-0.522613,0.196561924,3.2091456199999997
1766,-0.0036090587999999995,-0.5427135,0.196561924,3.37919585
1767,-0.0036080587999999998,-0.522613,0.196561924,3.34140691
1768,-0.0036070588,-0.522613,0.19511468799999998,2.9824119799999997
1769,-0.0036060588,-0.562814,0.196561924,2.47226129
1770,-0.0036050588,-0.522613,0.19800916,1.98100507
1771,-0.0036040587999999997,-0.5427135,0.196561924,1.6409046099999998
1772,-0.0036030587999999995,-0.5427135,0.196561924,1.6031156699999998
1773,-0.0036020588,-0.5427135,0.196561924,1.84874378
1774,-0.0036010587999999997,-0.5427135,0.196561924,2.2833165899999996
1775,-0.0036000588,-0.5427135,0.19800916,2.73678387
1776,-0.0035990588,-0.522613,0.196561924,3.15246221
1777,-0.0035980587999999997,-0.5427135,0.196561924,3.3980903199999997
1778,-0.0035970587999999996,-0.522613,0.196561924,3.41698479
1779,-0.0035960587999999995,-0.5427135,0.19800916,3.19025115
1780,-0.0035950587999999998,-0.522613,0.19800916,2.7934672799999998
1781,-0.0035940588,-0.5427135,0.196561924,2.37778894
1782,-0.0035930588,-0.5427135,0.196561924,1.99989954
1783,-0.0035920588,-0.5427135,0.19511468799999998,1.7164824899999997
1784,-0.0035910587999999997,-0.5427135,0.19800916,1.5842212
1785,-0.0035900587999999995,-0.562814,0.19800916,1.6409046099999998
1786,-0.0035890588,-0.5427135,0.196561924,1.81095484
1787,-0.0035880587999999997,-0.522613,0.19511468799999998,2.0943718899999997
1788,-0.0035870588,-0.522613,0.196561924,2.37778894
1789,-0.0035860588,-0.5025125,0.19800916,2.73678387
1790,-0.0035850587999999997,-0.5427135,0.19800916,3.03909539
1791,-0.0035840587999999996,-0.522613,0.19511468799999998,3.26582903
1792,-0.0035830587999999995,-0.5427135,0.19800916,3.41698479
1793,-0.0035820587999999998,-0.5427135,0.19800916,3.41698479
1794,-0.0035810587999999996,-0.522613,0.19800916,3.30361797
1795,-0.0035800588,-0.562814,0.196561924,3.1335677399999997
1796,-0.0035790588,-0.5427135,0.19511468799999998,2.9068340999999998
1797,-0.0035780587999999997,-0.5427135,0.19511468799999998,2.58562811
1798,-0.0035770587999999996,-0.5427135,0.19800916,2.2455276499999997
1799,-0.0035760588,-0.5427135,0.19800916,1.94321613
1800,-0.0035750587999999997,-0.5427135,0.196561924,1.7164824899999997
1801,-0.0035740588,-0.5427135,0.19511468799999998,1.5842212
1802,-0.0035730588,-0.5427135,0.196561924,1.62201014
1803,-0.0035720587999999998,-0.5427135,0.196561924,1.7731659
1804,-0.0035710587999999996,-0.5427135,0.19800916,2.0565829499999997
1805,-0.0035700587999999995,-0.562814,0.19511468799999998,2.47226129
1806,-0.0035690588,-0.5025125,0.19800916,2.88793963
1807,-0.0035680587999999997,-0.5025125,0.196561924,3.22804009
1808,-0.0035670588,-0.522613,0.19800916,3.43587926
1809,-0.0035660588,-0.5427135,0.196561924,3.3980903199999997
1810,-0.0035650587999999997,-0.5025125,0.19800916,3.07688433
1811,-0.0035640587999999996,-0.5427135,0.196561924,2.66120599
1812,-0.0035630587999999994,-0.522613,0.196561924,2.22663318
1813,-0.0035620587999999997,-0.5427135,0.196561924,1.81095484
1814,-0.0035610588,-0.522613,0.196561924,1.6031156699999998
1815,-0.0035600588,-0.522613,0.19800916,1.6031156699999998
1816,-0.0035590587999999998,-0.522613,0.19511468799999998,1.90542719
1817,-0.0035580587999999996,-0.522613,0.196561924,2.3211055299999996
1818,-0.0035570587999999995,-0.522613,0.196561924,2.81236175
1819,-0.0035560588,-0.522613,0.19945639599999998,3.19025115
1820,-0.0035550587999999997,-0.5427135,0.196561924,3.41698479
1821,-0.0035540588,-0.5427135,0.196561924,3.3980903199999997
1822,-0.0035530588,-0.522613,0.19800916,3.1713566799999997
1823,-0.0035520587999999997,-0.5025125,0.19511468799999998,2.81236175
1824,-0.0035510587999999996,-0.5025125,0.19511468799999998,2.37778894
1825,-0.0035500587999999994,-0.5427135,0.19800916,1.99989954
1826,-0.0035490587999999997,-0.522613,0.196561924,1.7164824899999997
1827,-0.0035480588,-0.5427135,0.196561924,1.5842212
1828,-0.0035470588,-0.522613,0.19511468799999998,1.62201014
1829,-0.0035460587999999998,-0.5025125,0.19800916,1.7731659
1830,-0.0035450587999999996,-0.5427135,0.19800916,2.07547742
1831,-0.0035440587999999995,-0.5025125,0.196561924,2.41557788
1832,-0.0035430588,-0.522613,0.19800916,2.7178894
1833,-0.0035420587999999997,-0.522613,0.19800916,3.00130645
1834,-0.0035410588,-0.522613,0.19945639599999998,3.2469345599999997
1835,-0.0035400588,-0.5025125,0.196561924,3.3980903199999997
1836,-0.0035390587999999997,-0.522613,0.19800916,3.41698479
1837,-0.0035380587999999996,-0.522613,0.19800916,3.37919585
1838,-0.0035370587999999994,-0.522613,0.19800916,3.26582903
1839,-0.0035360587999999997,-0.522613,0.196561924,3.0579898599999997
1840,-0.0035350588,-0.5427135,0.196561924,2.7934672799999998
1841,-0.0035340588,-0.5025125,0.196561924,2.5289447
1842,-0.0035330588,-0.5025125,0.19800916,2.2455276499999997
1843,-0.0035320587999999997,-0.522613,0.196561924,1.9621106
1844,-0.0035310587999999995,-0.522613,0.196561924,1.7542714299999997
1845,-0.0035300588,-0.5427135,0.196561924,1.62201014
1846,-0.0035290587999999997,-0.522613,0.196561924,1.6031156699999998
1847,-0.0035280588,-0.5025125,0.196561924,1.65979908
1848,-0.0035270588,-0.522613,0.19800916,1.84874378
1849,-0.0035260587999999997,-0.522613,0.196561924,2.1321608299999997
1850,-0.0035250587999999996,-0.5427135,0.196561924,2.47226129
1851,-0.0035240587999999995,-0.522613,0.196561924,2.85015069
1852,-0.0035230587999999998,-0.522613,0.196561924,3.1713566799999997
1853,-0.0035220588,-0.522613,0.196561924,3.37919585
1854,-0.0035210588,-0.5427135,0.19511468799999998,3.43587926
1855,-0.0035200588,-0.5025125,0.196561924,3.30361797
1856,-0.0035190587999999997,-0.522613,0.196561924,3.00130645
1857,-0.0035180587999999995,-0.522613,0.19511468799999998,2.56673364
1858,-0.0035170588,-0.522613,0.196561924,2.1699497699999997
1859,-0.0035160587999999997,-0.5427135,0.196561924,1.7731659
1860,-0.0035150588,-0.522613,0.19800916,1.62201014
1861,-0.0035140588,-0.522613,0.196561924,1.62201014
1862,-0.0035130587999999997,-0.522613,0.196561924,1.88653272
1863,-0.0035120587999999996,-0.5427135,0.19800916,2.2833165899999996
1864,-0.0035110587999999995,-0.522613,0.196561924,2.68010046
1865,-0.0035100587999999998,-0.522613,0.19800916,3.11467327
1866,-0.0035090588,-0.522613,0.196561924,3.37919585
1867,-0.0035080588,-0.522613,0.19800916,3.45477373
1868,-0.0035070588,-0.522613,0.19800916,3.3225124399999997
1869,-0.0035060587999999997,-0.5427135,0.19800916,3.0579898599999997
1870,-0.0035050587999999995,-0.5427135,0.19945639599999998,2.69899493
1871,-0.0035040588,-0.5025125,0.19800916,2.3211055299999996
1872,-0.0035030587999999997,-0.522613,0.196561924,2.0187940099999997
1873,-0.0035020588,-0.5427135,0.196561924,1.7542714299999997
1874,-0.0035010588,-0.522613,0.196561924,1.5842212
1875,-0.0035000587999999997,-0.5025125,0.19511468799999998,1.5653267299999998
1876,-0.0034990587999999996,-0.522613,0.19800916,1.65979908
1877,-0.0034980587999999995,-0.522613,0.196561924,1.88653272
1878,-0.0034970587999999998,-0.5427135,0.196561924,2.07547742
1879,-0.0034960588,-0.5025125,0.196561924,2.35889447
1880,-0.0034950588,-0.522613,0.196561924,2.62341705
1881,-0.0034940588,-0.5025125,0.19800916,2.8690451599999998
1882,-0.0034930587999999997,-0.5025125,0.196561924,3.0957787999999997
1883,-0.0034920587999999995,-0.5427135,0.19511468799999998,3.22804009
1884,-0.0034910588,-0.522613,0.196561924,3.37919585
1885,-0.0034900587999999997,-0.522613,0.196561924,3.43587926
1886,-0.0034890588,-0.5025125,0.196561924,3.41698479
1887,-0.0034880588,-0.522613,0.196561924,3.34140691
1888,-0.0034870587999999998,-0.5025125,0.19800916,3.22804009
1889,-0.0034860587999999996,-0.5427135,0.196561924,3.0202009199999997
1890,-0.0034850587999999995,-0.522613,0.19800916,2.7934672799999998
1891,-0.0034840588,-0.5025125,0.19800916,2.51005023
1892,-0.0034830587999999997,-0.5025125,0.19800916,2.2833165899999996
1893,-0.0034820588,-0.5427135,0.19800916,1.99989954
1894,-0.0034810588,-0.5025125,0.196561924,1.7731659
1895,-0.0034800587999999997,-0.522613,0.19511468799999998,1.6031156699999998
1896,-0.0034790587999999996,-0.5025125,0.19800916,1.5842212
1897,-0.0034780588,-0.522613,0.19800916,1.6786935499999998
1898,-0.0034770587999999997,-0.5025125,0.196561924,1.92432166
1899,-0.0034760588,-0.522613,0.19800916,2.22663318
1900,-0.0034750588,-0.5025125,0.200903632,2.66120599
1901,-0.0034740587999999998,-0.5025125,0.19800916,3.0202009199999997
1902,-0.0034730587999999996,-0.5025125,0.19800916,3.3225124399999997
1903,-0.0034720587999999995,-0.522613,0.19800916,3.45477373
1904,-0.0034710588,-0.522613,0.19800916,3.36030138
1905,-0.0034700587999999997,-0.5025125,0.19800916,3.11467327
1906,-0.0034690588,-0.522613,0.19800916,2.69899493
1907,-0.0034680588,-0.5427135,0.19945639599999998,2.2455276499999997
1908,-0.0034670587999999997,-0.5427135,0.19800916,1.84874378
1909,-0.0034660587999999996,-0.5025125,0.19800916,1.6409046099999998
1910,-0.0034650588,-0.522613,0.19800916,1.5842212
1911,-0.0034640587999999997,-0.522613,0.196561924,1.7164824899999997
1912,-0.0034630588,-0.522613,0.19800916,2.0187940099999997
1913,-0.0034620588,-0.522613,0.196561924,2.37778894
1914,-0.0034610587999999998,-0.522613,0.19800916,2.7934672799999998
1915,-0.0034600587999999996,-0.5025125,0.19800916,3.15246221
1916,-0.0034590587999999995,-0.482412,0.19800916,3.34140691
1917,-0.0034580588,-0.5025125,0.196561924,3.4736681999999997
1918,-0.0034570587999999997,-0.522613,0.196561924,3.45477373
1919,-0.0034560588,-0.482412,0.19800916,3.26582903
1920,-0.0034550588,-0.522613,0.196561924,3.0579898599999997
1921,-0.0034540587999999997,-0.522613,0.19800916,2.7934672799999998
1922,-0.0034530587999999996,-0.522613,0.19800916,2.47226129
1923,-0.0034520587999999994,-0.5025125,0.196561924,2.26442212
1924,-0.0034510587999999997,-0.522613,0.19800916,2.03768848
1925,-0.0034500588,-0.5025125,0.196561924,1.84874378
1926,-0.0034490588,-0.522613,0.196561924,1.69758802
1927,-0.0034480587999999998,-0.5025125,0.19511468799999998,1.5842212
1928,-0.0034470587999999996,-0.5025125,0.19511468799999998,1.54643226
1929,-0.0034460587999999995,-0.5025125,0.19800916,1.5842212
1930,-0.0034450588,-0.522613,0.19800916,1.6409046099999998
1931,-0.0034440587999999997,-0.5025125,0.196561924,1.7731659
1932,-0.0034430588,-0.522613,0.19800916,1.94321613
1933,-0.0034420588,-0.5025125,0.19800916,2.1321608299999997
1934,-0.0034410587999999997,-0.5025125,0.196561924,2.35889447
1935,-0.0034400587999999996,-0.522613,0.19800916,2.62341705
1936,-0.0034390587999999995,-0.522613,0.196561924,2.88793963
1937,-0.0034380587999999998,-0.5025125,0.196561924,3.0957787999999997
1938,-0.0034370588,-0.522613,0.19945639599999998,3.2847235
1939,-0.0034360588,-0.5025125,0.19800916,3.43587926
1940,-0.0034350588,-0.522613,0.19800916,3.43587926
1941,-0.0034340587999999997,-0.5025125,0.19800916,3.36030138
1942,-0.0034330587999999995,-0.522613,0.19800916,3.15246221
1943,-0.0034320588,-0.5025125,0.19800916,2.8690451599999998
1944,-0.0034310587999999997,-0.522613,0.19800916,2.51005023
1945,-0.0034300588,-0.5025125,0.19945639599999998,2.1321608299999997
1946,-0.0034290588,-0.5025125,0.19945639599999998,1.81095484
1947,-0.0034280587999999997,-0.5025125,0.19945639599999998,1.5842212
1948,-0.0034270587999999996,-0.5427135,0.19945639599999998,1.6031156699999998
1949,-0.0034260587999999995,-0.5025125,0.19945639599999998,1.81095484
1950,-0.0034250587999999998,-0.5025125,0.19800916,2.1321608299999997
1951,-0.0034240588,-0.5025125,0.19945639599999998,2.60452258
1952,-0.0034230588,-0.5025125,0.19800916,3.00130645
1953,-0.0034220588,-0.5025125,0.19800916,3.30361797
1954,-0.0034210587999999997,-0.5025125,0.196561924,3.43587926
1955,-0.0034200588,-0.5025125,0.19511468799999998,3.3980903199999997
1956,-0.0034190588,-0.5025125,0.19511468799999998,3.15246221
1957,-0.0034180587999999997,-0.522613,0.19800916,2.77457281
1958,-0.0034170587999999996,-0.522613,0.196561924,2.37778894
1959,-0.0034160588,-0.522613,0.196561924,2.0565829499999997
1960,-0.0034150587999999997,-0.482412,0.19800916,1.7542714299999997
1961,-0.0034140587999999996,-0.5025125,0.19511468799999998,1.62201014
1962,-0.0034130588,-0.522613,0.196561924,1.5842212
1963,-0.0034120587999999998,-0.522613,0.193667452,1.6786935499999998
1964,-0.0034110587999999996,-0.5025125,0.196561924,1.84874378
1965,-0.0034100588,-0.5025125,0.19800916,2.0943718899999997
1966,-0.0034090588,-0.482412,0.196561924,2.35889447
1967,-0.0034080587999999997,-0.5025125,0.19511468799999998,2.60452258
1968,-0.0034070588,-0.522613,0.196561924,2.88793963
1969,-0.0034060588,-0.5025125,0.196561924,3.11467327
1970,-0.0034050587999999997,-0.522613,0.196561924,3.2847235
1971,-0.0034040587999999996,-0.522613,0.19800916,3.36030138
1972,-0.0034030588,-0.5025125,0.19800916,3.43587926
1973,-0.0034020587999999997,-0.5025125,0.19800916,3.45477373
1974,-0.0034010587999999996,-0.5025125,0.19800916,3.43587926
1975,-0.0034000588,-0.5025125,0.196561924,3.36030138
1976,-0.0033990587999999998,-0.522613,0.196561924,3.22804009
1977,-0.0033980587999999996,-0.5025125,0.19800916,3.07688433
1978,-0.0033970588,-0.5427135,0.19800916,2.88793963
1979,-0.0033960588,-0.5025125,0.19945639599999998,2.69899493
1980,-0.0033950587999999997,-0.5025125,0.19800916,2.45336682
1981,-0.0033940587999999995,-0.5025125,0.19945639599999998,2.2455276499999997
1982,-0.0033930588,-0.522613,0.19945639599999998,2.0187940099999997
1983,-0.0033920587999999997,-0.5025125,0.19800916,1.8298493099999997
1984,-0.0033910587999999996,-0.5025125,0.19800916,1.69758802
1985,-0.0033900588,-0.522613,0.19945639599999998,1.5842212
1986,-0.0033890587999999998,-0.5025125,0.200903632,1.6031156699999998
1987,-0.0033880587999999996,-0.5025125,0.19945639599999998,1.69758802
1988,-0.0033870588,-0.5025125,0.19945639599999998,1.94321613
1989,-0.0033860588,-0.5025125,0.200903632,2.26442212
1990,-0.0033850587999999997,-0.5025125,0.19945639599999998,2.66120599
1991,-0.0033840588,-0.522613,0.19800916,3.03909539
1992,-0.0033830588,-0.522613,0.19800916,3.3225124399999997
1993,-0.0033820587999999997,-0.482412,0.196561924,3.45477373
1994,-0.0033810587999999996,-0.5025125,0.196561924,3.41698479
1995,-0.0033800588,-0.5025125,0.196561924,3.1713566799999997
1996,-0.0033790587999999997,-0.5025125,0.196561924,2.7934672799999998
1997,-0.0033780587999999996,-0.5025125,0.196561924,2.35889447
1998,-0.0033770588,-0.5025125,0.196561924,1.9621106
1999,-0.0033760587999999998,-0.482412,0.196561924,1.7164824899999997
2000,-0.0033750587999999996,-0.5025125,0.196561924,1.5653267299999998
2001,-0.0033740588,-0.482412,0.196561924,1.65979908
2002,-0.0033730588,-0.5025125,0.196561924,1.8298493099999997
2003,-0.0033720587999999997,-0.482412,0.196561924,2.18884424
2004,-0.0033710588,-0.522613,0.19511468799999998,2.54783917
2005,-0.0033700588,-0.522613,0.19511468799999998,2.92572857
2006,-0.0033690587999999997,-0.5025125,0.196561924,3.1713566799999997
2007,-0.0033680587999999996,-0.5025125,0.19800916,3.36030138
2008,-0.0033670588,-0.522613,0.19945639599999998,3.43587926
2009,-0.0033660587999999997,-0.522613,0.196561924,3.45477373
2010,-0.0033650587999999996,-0.5025125,0.196561924,3.37919585
2011,-0.0033640588,-0.5025125,0.19800916,3.26582903
2012,-0.0033630587999999998,-0.482412,0.19511468799999998,3.07688433
2013,-0.0033620587999999996,-0.482412,0.19800916,2.88793963
2014,-0.0033610588,-0.5025125,0.19800916,2.73678387
2015,-0.0033600588,-0.5025125,0.19800916,2.51005023
2016,-0.0033590587999999997,-0.522613,0.19800916,2.3211055299999996
2017,-0.0033580588,-0.482412,0.19800916,2.1510553
2018,-0.0033570588,-0.482412,0.19945639599999998,1.99989954
2019,-0.0033560587999999997,-0.482412,0.19945639599999998,1.8676382499999997
2020,-0.0033550587999999996,-0.5025125,0.19945639599999998,1.7920603699999997
2021,-0.0033540588,-0.5025125,0.19945639599999998,1.69758802
2022,-0.0033530587999999997,-0.5025125,0.19945639599999998,1.6409046099999998
2023,-0.0033520587999999996,-0.5025125,0.19800916,1.5653267299999998
2024,-0.0033510588,-0.5025125,0.19945639599999998,1.5653267299999998
2025,-0.0033500587999999998,-0.4623115,0.19945639599999998,1.6031156699999998
2026,-0.0033490587999999996,-0.5025125,0.196561924,1.6786935499999998
2027,-0.0033480588,-0.5025125,0.19945639599999998,1.7920603699999997
2028,-0.0033470588,-0.5025125,0.19945639599999998,1.9621106
2029,-0.0033460587999999997,-0.482412,0.19945639599999998,2.1699497699999997
2030,-0.0033450587999999996,-0.522613,0.19945639599999998,2.41557788
2031,-0.0033440588,-0.482412,0.19945639599999998,2.68010046
2032,-0.0033430587999999997,-0.5025125,0.19945639599999998,2.96351751
2033,-0.0033420587999999996,-0.522613,0.200903632,3.2091456199999997
2034,-0.0033410588,-0.5025125,0.200903632,3.41698479
2035,-0.0033400587999999998,-0.522613,0.200903632,3.45477373
2036,-0.0033390587999999996,-0.5025125,0.19945639599999998,3.41698479
2037,-0.0033380588,-0.482412,0.19945639599999998,3.1713566799999997
2038,-0.0033370588,-0.482412,0.19945639599999998,2.88793963
2039,-0.0033360587999999997,-0.5025125,0.19945639599999998,2.47226129
2040,-0.0033350588,-0.5025125,0.19945639599999998,2.0943718899999997
2041,-0.0033340588,-0.482412,0.19945639599999998,1.7542714299999997
2042,-0.0033330587999999997,-0.5025125,0.19800916,1.5842212
2043,-0.0033320587999999996,-0.5025125,0.19800916,1.6031156699999998
2044,-0.0033310588,-0.482412,0.19800916,1.7920603699999997
2045,-0.0033300587999999997,-0.482412,0.19800916,2.11326636
2046,-0.0033290587999999996,-0.5025125,0.196561924,2.49115576
2047,-0.0033280588,-0.5025125,0.196561924,2.9068340999999998
2048,-0.0033270587999999998,-0.5025125,0.196561924,3.19025115
2049,-0.0033260587999999996,-0.5025125,0.19511468799999998,3.37919585
2050,-0.0033250588,-0.5025125,0.19800916,3.49256267
2051,-0.0033240588,-0.482412,0.196561924,3.43587926
2052,-0.0033230587999999997,-0.482412,0.19511468799999998,3.30361797
2053,-0.0033220588,-0.482412,0.19800916,3.07688433
2054,-0.0033210588,-0.5025125,0.19800916,2.8312562199999998
2055,-0.0033200587999999997,-0.482412,0.196561924,2.60452258
2056,-0.0033190587999999996,-0.482412,0.19800916,2.39668341
2057,-0.0033180588,-0.5025125,0.196561924,2.2077387099999997
2058,-0.0033170587999999997,-0.482412,0.19800916,2.0565829499999997
2059,-0.0033160587999999996,-0.482412,0.19800916,1.8676382499999997
2060,-0.0033150588,-0.482412,0.19800916,1.7920603699999997
2061,-0.0033140587999999998,-0.522613,0.19800916,1.6786935499999998
2062,-0.0033130587999999996,-0.4623115,0.19800916,1.62201014
2063,-0.0033120588,-0.482412,0.19945639599999998,1.5842212
2064,-0.0033110588,-0.522613,0.19800916,1.5653267299999998
2065,-0.0033100587999999997,-0.5025125,0.19800916,1.5842212
2066,-0.0033090588,-0.482412,0.19945639599999998,1.5842212
2067,-0.0033080588,-0.522613,0.19945639599999998,1.6409046099999998
2068,-0.0033070587999999997,-0.4623115,0.19945639599999998,1.69758802
2069,-0.0033060587999999996,-0.5025125,0.19945639599999998,1.7920603699999997
2070,-0.0033050588,-0.482412,0.200903632,1.8676382499999997
2071,-0.0033040587999999997,-0.482412,0.200903632,2.0187940099999997
2072,-0.0033030587999999996,-0.522613,0.19945639599999998,2.2077387099999997
2073,-0.0033020588,-0.482412,0.19800916,2.39668341
2074,-0.0033010587999999998,-0.482412,0.200903632,2.64231152
2075,-0.0033000587999999997,-0.5025125,0.19945639599999998,2.85015069
2076,-0.0032990588,-0.482412,0.200903632,3.1335677399999997
2077,-0.0032980588,-0.482412,0.19945639599999998,3.26582903
2078,-0.0032970587999999997,-0.482412,0.200903632,3.41698479
2079,-0.0032960587999999996,-0.482412,0.200903632,3.49256267
2080,-0.0032950588,-0.482412,0.200903632,3.43587926
2081,-0.0032940587999999997,-0.482412,0.200903632,3.2847235
2082,-0.0032930587999999996,-0.482412,0.200903632,3.00130645
2083,-0.0032920588,-0.4623115,0.19945639599999998,2.68010046
2084,-0.0032910587999999998,-0.5025125,0.200903632,2.3211055299999996
2085,-0.0032900587999999996,-0.5025125,0.200903632,1.98100507
2086,-0.0032890588,-0.482412,0.19945639599999998,1.7164824899999997
2087,-0.0032880588,-0.482412,0.19945639599999998,1.5653267299999998
2088,-0.0032870587999999997,-0.4623115,0.19945639599999998,1.6031156699999998
2089,-0.0032860588,-0.5025125,0.19800916,1.7920603699999997
2090,-0.0032850588,-0.482412,0.196561924,2.0943718899999997
2091,-0.0032840587999999997,-0.482412,0.19800916,2.47226129
2092,-0.0032830587999999996,-0.4623115,0.196561924,2.8690451599999998
2093,-0.0032820588,-0.5025125,0.196561924,3.19025115
2094,-0.0032810587999999997,-0.482412,0.196561924,3.41698479
2095,-0.0032800587999999996,-0.482412,0.196561924,3.45477373
2096,-0.0032790588,-0.482412,0.19800916,3.43587926
2097,-0.0032780587999999998,-0.482412,0.19511468799999998,3.30361797
2098,-0.0032770587999999996,-0.482412,0.19511468799999998,3.07688433
2099,-0.0032760588,-0.482412,0.19800916,2.8312562199999998
2100,-0.0032750588,-0.5025125,0.19511468799999998,2.54783917
2101,-0.0032740587999999997,-0.482412,0.196561924,2.30221106
2102,-0.0032730588,-0.4623115,0.196561924,2.0943718899999997
2103,-0.0032720588,-0.4623115,0.19800916,1.90542719
2104,-0.0032710587999999997,-0.4623115,0.19800916,1.73537696
2105,-0.0032700587999999996,-0.482412,0.196561924,1.65979908
2106,-0.0032690588,-0.482412,0.19800916,1.5842212
2107,-0.0032680587999999997,-0.482412,0.196561924,1.5842212
2108,-0.0032670587999999996,-0.5025125,0.19511468799999998,1.5842212
2109,-0.0032660588,-0.482412,0.19800916,1.62201014
2110,-0.0032650587999999998,-0.5025125,0.19800916,1.69758802
2111,-0.0032640587999999996,-0.482412,0.19800916,1.7731659
2112,-0.0032630588,-0.482412,0.196561924,1.88653272
2113,-0.0032620588,-0.5025125,0.19945639599999998,2.0565829499999997
2114,-0.0032610587999999997,-0.4623115,0.19800916,2.2077387099999997
2115,-0.0032600588,-0.522613,0.19945639599999998,2.41557788
2116,-0.0032590588,-0.482412,0.19800916,2.58562811
2117,-0.0032580587999999997,-0.482412,0.19945639599999998,2.81236175
2118,-0.0032570587999999996,-0.482412,0.19945639599999998,2.96351751
2119,-0.0032560588,-0.522613,0.200903632,3.1713566799999997
2120,-0.0032550587999999997,-0.4623115,0.19945639599999998,3.30361797
2121,-0.0032540587999999996,-0.482412,0.19945639599999998,3.3980903199999997
2122,-0.0032530588,-0.482412,0.19800916,3.4736681999999997
2123,-0.0032520588,-0.442211,0.19945639599999998,3.43587926
2124,-0.0032510587999999997,-0.4623115,0.200903632,3.2847235
2125,-0.0032500588,-0.4623115,0.200903632,3.0579898599999997
2126,-0.0032490588,-0.4623115,0.200903632,2.7934672799999998
2127,-0.0032480587999999997,-0.482412,0.202350868,2.47226129
2128,-0.0032470587999999996,-0.4623115,0.19945639599999998,2.1321608299999997
2129,-0.0032460588,-0.482412,0.202350868,1.8298493099999997
2130,-0.0032450587999999997,-0.482412,0.200903632,1.6031156699999998
2131,-0.0032440587999999996,-0.4623115,0.200903632,1.5842212
2132,-0.0032430588,-0.482412,0.200903632,1.65979908
2133,-0.0032420587999999998,-0.482412,0.200903632,1.84874378
2134,-0.0032410587999999996,-0.482412,0.19945639599999998,2.2455276499999997
2135,-0.0032400588,-0.4623115,0.19800916,2.5289447
2136,-0.0032390588,-0.482412,0.19945639599999998,2.9068340999999998
2137,-0.0032380587999999997,-0.482412,0.19800916,3.2469345599999997
2138,-0.0032370588,-0.4623115,0.200903632,3.41698479
2139,-0.0032360588,-0.4623115,0.196561924,3.4736681999999997
2140,-0.0032350587999999997,-0.482412,0.19800916,3.41698479
2141,-0.0032340587999999996,-0.482412,0.196561924,3.2469345599999997
2142,-0.0032330588,-0.482412,0.19511468799999998,2.92572857
2143,-0.0032320587999999997,-0.5025125,0.196561924,2.66120599
2144,-0.0032310587999999996,-0.482412,0.19511468799999998,2.35889447
2145,-0.0032300588,-0.482412,0.19511468799999998,2.11326636
2146,-0.0032290587999999998,-0.4623115,0.193667452,1.88653272
2147,-0.0032280587999999996,-0.4623115,0.196561924,1.69758802
2148,-0.0032270588,-0.482412,0.196561924,1.62201014
2149,-0.0032260588,-0.4623115,0.19511468799999998,1.5842212
2150,-0.0032250587999999997,-0.442211,0.19511468799999998,1.6031156699999998
2151,-0.0032240588,-0.4623115,0.196561924,1.6409046099999998
2152,-0.0032230588,-0.482412,0.196561924,1.73537696
2153,-0.0032220587999999997,-0.482412,0.19511468799999998,1.8676382499999997
2154,-0.0032210587999999996,-0.482412,0.19800916,2.03768848
2155,-0.0032200588,-0.4623115,0.19800916,2.18884424
2156,-0.0032190587999999997,-0.482412,0.19800916,2.35889447
2157,-0.0032180587999999996,-0.5025125,0.19800916,2.54783917
2158,-0.0032170588,-0.4623115,0.196561924,2.73678387
2159,-0.0032160587999999998,-0.482412,0.19800916,2.9446230399999997
2160,-0.0032150587999999996,-0.482412,0.19800916,3.0957787999999997
2161,-0.0032140588,-0.482412,0.19800916,3.26582903
2162,-0.0032130588,-0.4623115,0.19945639599999998,3.37919585
2163,-0.0032120587999999997,-0.482412,0.19945639599999998,3.4736681999999997
2164,-0.0032110588,-0.4623115,0.19945639599999998,3.4736681999999997
2165,-0.0032100588,-0.482412,0.19945639599999998,3.43587926
2166,-0.0032090587999999997,-0.482412,0.19945639599999998,3.3225124399999997
2167,-0.0032080587999999996,-0.482412,0.19945639599999998,3.0957787999999997
2168,-0.0032070588,-0.482412,0.200903632,2.7934672799999998
2169,-0.0032060587999999998,-0.4623115,0.200903632,2.49115576
2170,-0.0032050587999999996,-0.4623115,0.200903632,2.22663318
2171,-0.0032040588,-0.4623115,0.200903632,1.90542719
2172,-0.0032030588,-0.4623115,0.200903632,1.6786935499999998
2173,-0.0032020587999999997,-0.442211,0.202350868,1.5653267299999998
2174,-0.0032010588,-0.4623115,0.200903632,1.62201014
2175,-0.0032000588,-0.442211,0.200903632,1.7731659
2176,-0.0031990587999999997,-0.4623115,0.19945639599999998,2.03768848
2177,-0.0031980587999999996,-0.482412,0.202350868,2.41557788
2178,-0.0031970588,-0.4623115,0.200903632,2.8312562199999998
2179,-0.0031960587999999997,-0.4623115,0.200903632,3.1713566799999997
2180,-0.0031950587999999996,-0.4623115,0.19945639599999998,3.3980903199999997
2181,-0.0031940588,-0.4623115,0.19945639599999998,3.51145714
2182,-0.0031930587999999998,-0.4623115,0.19945639599999998,3.43587926
2183,-0.0031920587999999996,-0.482412,0.19945639599999998,3.2091456199999997
2184,-0.0031910588,-0.4623115,0.19800916,2.9068340999999998
2185,-0.0031900588,-0.5025125,0.19800916,2.56673364
2186,-0.0031890587999999997,-0.4623115,0.196561924,2.22663318
2187,-0.0031880588,-0.4623115,0.196561924,1.92432166
2188,-0.0031870588,-0.4623115,0.196561924,1.7164824899999997
2189,-0.0031860587999999997,-0.482412,0.196561924,1.5842212
2190,-0.0031850587999999996,-0.442211,0.196561924,1.5842212
2191,-0.0031840588,-0.442211,0.19800916,1.6786935499999998
2192,-0.0031830587999999997,-0.4623115,0.196561924,1.81095484
2193,-0.0031820587999999996,-0.4623115,0.19511468799999998,2.03768848
2194,-0.0031810588,-0.442211,0.196561924,2.2833165899999996
2195,-0.0031800587999999998,-0.4623115,0.19800916,2.51005023
2196,-0.0031790587999999996,-0.4623115,0.19800916,2.73678387
2197,-0.0031780588,-0.442211,0.19800916,2.9446230399999997
2198,-0.0031770588,-0.4623115,0.19800916,3.1713566799999997
2199,-0.0031760587999999997,-0.442211,0.196561924,3.30361797
2200,-0.0031750588,-0.4623115,0.19945639599999998,3.41698479
2201,-0.0031740588,-0.482412,0.19800916,3.45477373
2202,-0.0031730587999999997,-0.442211,0.200903632,3.4736681999999997
2203,-0.0031720587999999996,-0.482412,0.19945639599999998,3.4736681999999997
2204,-0.0031710588,-0.482412,0.19800916,3.3980903199999997
2205,-0.0031700587999999997,-0.4623115,0.19800916,3.26582903
2206,-0.0031690587999999996,-0.4623115,0.19945639599999998,3.03909539
2207,-0.0031680588,-0.4623115,0.200903632,2.9068340999999998
2208,-0.0031670587999999998,-0.4623115,0.19945639599999998,2.66120599
2209,-0.0031660587999999996,-0.4623115,0.19945639599999998,2.39668341
2210,-0.0031650588,-0.442211,0.19945639599999998,2.1510553
2211,-0.0031640588,-0.4623115,0.19945639599999998,1.90542719
2212,-0.0031630587999999997,-0.482412,0.200903632,1.7164824899999997
2213,-0.0031620588,-0.482412,0.202350868,1.6031156699999998
2214,-0.0031610588,-0.4623115,0.200903632,1.5653267299999998
2215,-0.0031600587999999997,-0.442211,0.200903632,1.6409046099999998
2216,-0.0031590587999999996,-0.4623115,0.200903632,1.8676382499999997
2217,-0.0031580588,-0.4623115,0.20379810399999998,2.11326636
2218,-0.0031570587999999998,-0.4623115,0.200903632,2.49115576
2219,-0.0031560587999999996,-0.442211,0.200903632,2.8690451599999998
2220,-0.0031550588,-0.5025125,0.200903632,3.15246221
2221,-0.0031540588,-0.4623115,0.200903632,3.37919585
2222,-0.0031530587999999997,-0.4623115,0.19945639599999998,3.4736681999999997
2223,-0.0031520588,-0.4623115,0.19945639599999998,3.3980903199999997
2224,-0.0031510588,-0.442211,0.19945639599999998,3.1713566799999997
2225,-0.0031500587999999997,-0.442211,0.19945639599999998,2.7934672799999998
2226,-0.0031490587999999996,-0.4623115,0.19945639599999998,2.39668341
2227,-0.0031480588,-0.4623115,0.19945639599999998,2.0187940099999997
2228,-0.0031470587999999997,-0.482412,0.19945639599999998,1.7542714299999997
2229,-0.0031460587999999996,-0.482412,0.19800916,1.5842212
2230,-0.0031450588,-0.442211,0.196561924,1.5842212
2231,-0.0031440587999999998,-0.4623115,0.19511468799999998,1.7920603699999997
2232,-0.0031430587999999996,-0.482412,0.196561924,2.03768848
2233,-0.0031420588,-0.442211,0.19800916,2.35889447
2234,-0.0031410588,-0.4623115,0.19511468799999998,2.7178894
2235,-0.0031400587999999997,-0.4221105,0.19511468799999998,3.0579898599999997
2236,-0.0031390588,-0.482412,0.196561924,3.30361797
2237,-0.0031380588,-0.442211,0.196561924,3.41698479
2238,-0.0031370587999999997,-0.442211,0.196561924,3.45477373
2239,-0.0031360587999999996,-0.442211,0.19800916,3.3980903199999997
2240,-0.0031350588,-0.4623115,0.19800916,3.2469345599999997
2241,-0.0031340587999999997,-0.4623115,0.19800916,3.03909539
2242,-0.0031330587999999996,-0.442211,0.19800916,2.8312562199999998
2243,-0.0031320588,-0.4623115,0.19800916,2.54783917
2244,-0.0031310587999999998,-0.4623115,0.196561924,2.35889447
2245,-0.0031300587999999996,-0.442211,0.19945639599999998,2.07547742
2246,-0.0031290588,-0.482412,0.19800916,1.90542719
2247,-0.0031280588,-0.482412,0.19945639599999998,1.73537696
2248,-0.0031270587999999997,-0.442211,0.200903632,1.62201014
2249,-0.0031260588,-0.442211,0.19945639599999998,1.5653267299999998
2250,-0.0031250588,-0.482412,0.200903632,1.5653267299999998
2251,-0.0031240587999999997,-0.4623115,0.19800916,1.6409046099999998
2252,-0.0031230587999999996,-0.482412,0.200903632,1.73537696
2253,-0.0031220588,-0.482412,0.200903632,1.88653272
2254,-0.0031210587999999997,-0.4623115,0.19800916,2.0943718899999997
2255,-0.0031200587999999996,-0.4623115,0.200903632,2.3211055299999996
2256,-0.0031190588,-0.4623115,0.200903632,2.58562811
2257,-0.0031180587999999998,-0.442211,0.200903632,2.81236175
2258,-0.0031170587999999996,-0.442211,0.202350868,3.0957787999999997
2259,-0.0031160588,-0.442211,0.200903632,3.2847235
2260,-0.0031150588,-0.4221105,0.202350868,3.41698479
2261,-0.0031140587999999997,-0.4623115,0.202350868,3.49256267
2262,-0.0031130588,-0.4623115,0.19945639599999998,3.43587926
2263,-0.0031120588,-0.4623115,0.202350868,3.2091456199999997
2264,-0.0031110587999999997,-0.482412,0.200903632,2.9068340999999998
2265,-0.0031100587999999996,-0.4623115,0.200903632,2.5289447
2266,-0.0031090588,-0.442211,0.19945639599999998,2.18884424
2267,-0.0031080587999999998,-0.4221105,0.19945639599999998,1.8298493099999997
2268,-0.0031070587999999996,-0.4623115,0.19945639599999998,1.62201014
2269,-0.0031060588,-0.4623115,0.200903632,1.5842212
2270,-0.0031050588,-0.442211,0.19800916,1.7164824899999997
2271,-0.0031040587999999997,-0.442211,0.19800916,1.99989954
2272,-0.0031030588,-0.442211,0.19800916,2.37778894
2273,-0.0031020588,-0.442211,0.19800916,2.7934672799999998
2274,-0.0031010587999999997,-0.442211,0.196561924,3.15246221
2275,-0.0031000587999999996,-0.4221105,0.196561924,3.3980903199999997
2276,-0.0030990588,-0.442211,0.196561924,3.4736681999999997
2277,-0.0030980587999999997,-0.442211,0.19945639599999998,3.36030138
2278,-0.0030970587999999996,-0.4623115,0.196561924,3.1713566799999997
2279,-0.0030960588,-0.442211,0.19800916,2.7934672799999998
2280,-0.0030950587999999998,-0.442211,0.196561924,2.41557788
2281,-0.0030940587999999996,-0.442211,0.19800916,2.07547742
2282,-0.0030930588,-0.4623115,0.19800916,1.81095484
2283,-0.0030920588,-0.482412,0.196561924,1.6031156699999998
2284,-0.0030910587999999997,-0.442211,0.19800916,1.5842212
2285,-0.0030900588,-0.4623115,0.19800916,1.62201014
2286,-0.0030890588,-0.4221105,0.19945639599999998,1.7920603699999997
2287,-0.0030880587999999997,-0.442211,0.19945639599999998,1.99989954
2288,-0.0030870587999999996,-0.442211,0.200903632,2.2833165899999996
2289,-0.0030860588,-0.442211,0.19945639599999998,2.54783917
2290,-0.0030850587999999997,-0.4221105,0.202350868,2.81236175
2291,-0.0030840587999999996,-0.442211,0.200903632,3.07688433
2292,-0.0030830588,-0.442211,0.200903632,3.2091456199999997
2293,-0.0030820587999999998,-0.442211,0.200903632,3.37919585
2294,-0.0030810587999999996,-0.4623115,0.200903632,3.43587926
2295,-0.0030800588,-0.442211,0.200903632,3.4736681999999997
2296,-0.0030790588,-0.4221105,0.200903632,3.45477373
2297,-0.0030780587999999997,-0.442211,0.19945639599999998,3.37919585
2298,-0.0030770588,-0.442211,0.202350868,3.2847235
2299,-0.0030760588,-0.4623115,0.200903632,3.11467327
2300,-0.0030750587999999997,-0.442211,0.202350868,2.92572857
2301,-0.0030740587999999996,-0.442211,0.202350868,2.66120599
2302,-0.0030730588,-0.442211,0.200903632,2.41557788
2303,-0.0030720587999999997,-0.4623115,0.200903632,2.1699497699999997
2304,-0.0030710587999999996,-0.4221105,0.200903632,1.9621106
2305,-0.0030700588,-0.4623115,0.200903632,1.7542714299999997
2306,-0.0030690587999999998,-0.442211,0.19945639599999998,1.62201014
2307,-0.0030680587999999996,-0.442211,0.19945639599999998,1.5842212
2308,-0.0030670588,-0.442211,0.19945639599999998,1.6409046099999998
2309,-0.0030660588,-0.4623115,0.19945639599999998,1.81095484
2310,-0.0030650587999999997,-0.442211,0.19945639599999998,2.11326636
2311,-0.0030640588,-0.4623115,0.19945639599999998,2.51005023
2312,-0.0030630588,-0.442211,0.19800916,2.8690451599999998
2313,-0.0030620587999999997,-0.4623115,0.19800916,3.22804009
2314,-0.0030610587999999996,-0.4221105,0.19945639599999998,3.43587926
2315,-0.0030600588,-0.4623115,0.19800916,3.45477373
2316,-0.0030590587999999998,-0.4623115,0.19800916,3.34140691
2317,-0.0030580587999999996,-0.442211,0.196561924,3.0202009199999997
2318,-0.0030570588,-0.4623115,0.19800916,2.56673364
2319,-0.0030560588,-0.4221105,0.196561924,2.1699497699999997
2320,-0.0030550587999999997,-0.4221105,0.196561924,1.81095484
2321,-0.0030540588,-0.442211,0.19800916,1.6031156699999998
2322,-0.0030530588,-0.4623115,0.19800916,1.5842212
2323,-0.0030520587999999997,-0.442211,0.19800916,1.7542714299999997
2324,-0.0030510587999999996,-0.442211,0.196561924,2.0943718899999997
2325,-0.0030500588,-0.4221105,0.19800916,2.49115576
2326,-0.0030490587999999997,-0.442211,0.19945639599999998,2.88793963
2327,-0.0030480587999999996,-0.4623115,0.200903632,3.2469345599999997
2328,-0.0030470588,-0.4623115,0.19945639599999998,3.43587926
2329,-0.0030460587999999998,-0.442211,0.200903632,3.49256267
2330,-0.0030450587999999996,-0.4221105,0.200903632,3.3980903199999997
2331,-0.0030440588,-0.442211,0.200903632,3.1713566799999997
2332,-0.0030430588,-0.4221105,0.202350868,2.9068340999999998
2333,-0.0030420587999999997,-0.442211,0.200903632,2.56673364
2334,-0.0030410588,-0.4221105,0.19945639599999998,2.34
2335,-0.0030400588,-0.4221105,0.202350868,2.0187940099999997
2336,-0.0030390587999999997,-0.442211,0.202350868,1.7920603699999997
2337,-0.0030380587999999996,-0.442211,0.200903632,1.65979908
2338,-0.0030370588,-0.4221105,0.200903632,1.5653267299999998
2339,-0.0030360587999999997,-0.4623115,0.200903632,1.5842212
2340,-0.0030350587999999996,-0.4623115,0.202350868,1.6409046099999998
2341,-0.0030340588,-0.442211,0.19945639599999998,1.7542714299999997
2342,-0.0030330587999999998,-0.4623115,0.200903632,1.94321613
2343,-0.0030320587999999996,-0.442211,0.200903632,2.1321608299999997
2344,-0.0030310588,-0.4623115,0.200903632,2.3211055299999996
2345,-0.0030300588,-0.442211,0.202350868,2.58562811
2346,-0.0030290587999999997,-0.442211,0.19945639599999998,2.8312562199999998
2347,-0.0030280588,-0.4221105,0.19945639599999998,3.07688433
2348,-0.0030270588,-0.4221105,0.19945639599999998,3.2469345599999997
2349,-0.0030260587999999997,-0.442211,0.19800916,3.37919585
2350,-0.0030250587999999996,-0.4221105,0.19945639599999998,3.49256267
2351,-0.0030240588,-0.442211,0.19945639599999998,3.49256267
2352,-0.0030230587999999997,-0.4221105,0.196561924,3.37919585
2353,-0.0030220587999999996,-0.442211,0.19800916,3.1713566799999997
2354,-0.0030210588,-0.442211,0.19800916,2.8690451599999998
2355,-0.0030200587999999998,-0.442211,0.19800916,2.51005023
2356,-0.0030190587999999997,-0.40201,0.19800916,2.1699497699999997
2357,-0.0030180588,-0.442211,0.196561924,1.8298493099999997
2358,-0.0030170588,-0.442211,0.19800916,1.62201014
2359,-0.0030160587999999997,-0.442211,0.19511468799999998,1.5842212
2360,-0.0030150588,-0.4221105,0.19800916,1.73537696
2361,-0.0030140588,-0.442211,0.19800916,2.0943718899999997
2362,-0.0030130587999999997,-0.4221105,0.19800916,2.5289447
2363,-0.0030120587999999996,-0.40201,0.19945639599999998,3.03909539
2364,-0.0030110588,-0.442211,0.196561924,3.34140691
2365,-0.0030100587999999998,-0.4221105,0.200903632,3.4736681999999997
2366,-0.0030090587999999996,-0.4221105,0.19945639599999998,3.36030138
2367,-0.0030080588,-0.4221105,0.200903632,3.07688433
2368,-0.0030070588,-0.4221105,0.200903632,2.62341705
2369,-0.0030060587999999997,-0.4221105,0.19945639599999998,2.1510553
2370,-0.0030050588,-0.442211,0.200903632,1.7920603699999997
2371,-0.0030040588,-0.4623115,0.202350868,1.5842212
2372,-0.0030030587999999997,-0.4623115,0.202350868,1.62201014
2373,-0.0030020587999999996,-0.4221105,0.202350868,1.8298493099999997
2374,-0.0030010588,-0.4221105,0.200903632,2.18884424
2375,-0.0030000587999999997,-0.4221105,0.19945639599999998,2.54783917
2376,-0.0029990587999999996,-0.4221105,0.200903632,2.9068340999999998
2377,-0.0029980588,-0.442211,0.200903632,3.26582903
2378,-0.0029970587999999998,-0.4221105,0.19945639599999998,3.43587926
2379,-0.0029960587999999996,-0.4221105,0.200903632,3.51145714
2380,-0.0029950588,-0.442211,0.19945639599999998,3.3980903199999997
2381,-0.0029940588,-0.4221105,0.19945639599999998,3.22804009
2382,-0.0029930587999999997,-0.442211,0.19945639599999998,3.00130645
2383,-0.0029920588,-0.442211,0.19945639599999998,2.69899493
2384,-0.0029910588,-0.4221105,0.19800916,2.41557788
2385,-0.0029900587999999997,-0.442211,0.19800916,2.1321608299999997
2386,-0.0029890587999999996,-0.442211,0.19945639599999998,1.88653272
2387,-0.0029880588,-0.442211,0.196561924,1.73537696
2388,-0.0029870587999999997,-0.4221105,0.19800916,1.6409046099999998
2389,-0.0029860587999999996,-0.4221105,0.19945639599999998,1.5842212
2390,-0.0029850588,-0.4221105,0.19800916,1.62201014
2391,-0.0029840587999999998,-0.442211,0.19800916,1.7542714299999997
2392,-0.0029830587999999996,-0.4221105,0.19800916,1.92432166
2393,-0.0029820588,-0.4221105,0.19800916,2.1699497699999997
2394,-0.0029810588,-0.4221105,0.19945639599999998,2.45336682
2395,-0.0029800587999999997,-0.40201,0.196561924,2.75567834
2396,-0.0029790588,-0.442211,0.196561924,3.07688433
2397,-0.0029780588,-0.442211,0.19800916,3.36030138
2398,-0.0029770587999999997,-0.442211,0.19945639599999998,3.45477373
2399,-0.0029760587999999996,-0.4221105,0.19800916,3.4736681999999997
2400,-0.0029750588,-0.4221105,0.19945639599999998,3.26582903
2401,-0.0029740587999999997,-0.4221105,0.19945639599999998,2.96351751
2402,-0.0029730587999999996,-0.442211,0.19945639599999998,2.5289447
2403,-0.0029720588,-0.4221105,0.200903632,2.07547742
2404,-0.0029710588,-0.4221105,0.19945639599999998,1.7164824899999997
2405,-0.0029700587999999997,-0.40201,0.200903632,1.54643226
2406,-0.0029690588,-0.4221105,0.200903632,1.6786935499999998
2407,-0.0029680588,-0.4221105,0.200903632,2.0187940099999997
2408,-0.0029670587999999997,-0.4221105,0.202350868,2.51005023
2409,-0.0029660588,-0.442211,0.200903632,3.0202009199999997
2410,-0.0029650588,-0.4221105,0.19945639599999998,3.36030138
2411,-0.0029640587999999997,-0.4221105,0.202350868,3.49256267
2412,-0.0029630587999999996,-0.40201,0.19945639599999998,3.26582903
2413,-0.0029620588,-0.442211,0.200903632,2.92572857
2414,-0.0029610587999999998,-0.4221105,0.200903632,2.47226129
2415,-0.0029600587999999996,-0.4221105,0.19945639599999998,1.98100507
2416,-0.0029590588,-0.40201,0.19945639599999998,1.65979908
2417,-0.0029580588,-0.442211,0.19800916,1.5653267299999998
2418,-0.0029570587999999997,-0.4221105,0.19945639599999998,1.7164824899999997
2419,-0.0029560588,-0.40201,0.19800916,2.07547742
2420,-0.0029550588,-0.40201,0.196561924,2.43447235
2421,-0.0029540587999999997,-0.4221105,0.19800916,2.85015069
2422,-0.0029530588,-0.40201,0.19800916,3.19025115
2423,-0.0029520588,-0.4221105,0.19800916,3.41698479
2424,-0.0029510587999999997,-0.4221105,0.19945639599999998,3.4736681999999997
2425,-0.0029500587999999996,-0.4221105,0.19800916,3.3980903199999997
2426,-0.0029490588,-0.442211,0.19800916,3.2469345599999997
2427,-0.0029480587999999998,-0.4221105,0.19800916,2.9824119799999997
2428,-0.0029470587999999996,-0.4221105,0.19945639599999998,2.68010046
2429,-0.0029460588,-0.4221105,0.200903632,2.34
2430,-0.0029450588,-0.442211,0.19945639599999998,2.07547742
2431,-0.0029440587999999997,-0.4221105,0.19945639599999998,1.8298493099999997
2432,-0.0029430588,-0.4221105,0.19945639599999998,1.6786935499999998
2433,-0.0029420588,-0.40201,0.19945639599999998,1.5842212
2434,-0.0029410587999999997,-0.4221105,0.200903632,1.6031156699999998
2435,-0.0029400587999999996,-0.442211,0.202350868,1.69758802
2436,-0.0029390588,-0.442211,0.200903632,1.90542719
2437,-0.0029380587999999997,-0.4221105,0.200903632,2.1699497699999997
2438,-0.0029370587999999996,-0.442211,0.200903632,2.47226129
2439,-0.0029360588,-0.4221105,0.200903632,2.8312562199999998
2440,-0.0029350587999999998,-0.4221105,0.20379810399999998,3.11467327
2441,-0.0029340587999999996,-0.40201,0.200903632,3.37919585
2442,-0.0029330588,-0.4221105,0.200903632,3.49256267
2443,-0.0029320588,-0.442211,0.200903632,3.43587926
2444,-0.0029310587999999997,-0.4221105,0.202350868,3.22804009
2445,-0.0029300588,-0.442211,0.200903632,2.7934672799999998
2446,-0.0029290588,-0.4221105,0.202350868,2.37778894
2447,-0.0029280587999999997,-0.4221105,0.200903632,1.9621106
2448,-0.0029270587999999996,-0.4221105,0.200903632,1.6409046099999998
2449,-0.0029260588,-0.4221105,0.19800916,1.5842212
2450,-0.0029250587999999998,-0.4221105,0.19945639599999998,1.81095484
2451,-0.0029240587999999996,-0.4221105,0.19945639599999998,2.22663318
2452,-0.0029230588,-0.4221105,0.19800916,2.73678387
2453,-0.0029220588,-0.4221105,0.19945639599999998,3.22804009
2454,-0.0029210587999999997,-0.40201,0.19945639599999998,3.49256267
2455,-0.0029200588,-0.4221105,0.19945639599999998,3.43587926
2456,-0.0029190588,-0.4221105,0.19800916,3.0957787999999997
2457,-0.0029180587999999997,-0.40201,0.19800916,2.58562811
2458,-0.0029170588,-0.4221105,0.19800916,2.0943718899999997
2459,-0.0029160588,-0.4221105,0.196561924,1.73537696
2460,-0.0029150587999999997,-0.40201,0.19945639599999998,1.5653267299999998
2461,-0.0029140587999999996,-0.40201,0.19945639599999998,1.69758802
2462,-0.0029130588,-0.4221105,0.19945639599999998,2.0187940099999997
2463,-0.0029120587999999998,-0.3819095,0.200903632,2.51005023
2464,-0.0029110587999999996,-0.40201,0.19945639599999998,2.9068340999999998
2465,-0.0029100588,-0.40201,0.200903632,3.26582903
2466,-0.0029090588,-0.4221105,0.200903632,3.4736681999999997
2467,-0.0029080587999999997,-0.40201,0.202350868,3.43587926
2468,-0.0029070588,-0.40201,0.202350868,3.2847235
2469,-0.0029060588,-0.4221105,0.200903632,2.9446230399999997
2470,-0.0029050587999999997,-0.4221105,0.202350868,2.58562811
2471,-0.0029040588,-0.4221105,0.200903632,2.22663318
2472,-0.0029030588,-0.40201,0.200903632,1.90542719
2473,-0.0029020587999999997,-0.442211,0.202350868,1.69758802
2474,-0.0029010587999999996,-0.4221105,0.200903632,1.6031156699999998
2475,-0.0029000588,-0.40201,0.200903632,1.5842212
2476,-0.0028990587999999998,-0.40201,0.200903632,1.7164824899999997
2477,-0.0028980587999999996,-0.4221105,0.19945639599999998,1.94321613
2478,-0.0028970588,-0.442211,0.202350868,2.2077387099999997
2479,-0.0028960588,-0.4221105,0.19945639599999998,2.47226129
2480,-0.0028950587999999997,-0.40201,0.19945639599999998,2.81236175
2481,-0.0028940588,-0.442211,0.19945639599999998,3.07688433
2482,-0.0028930588,-0.40201,0.19945639599999998,3.3225124399999997
2483,-0.0028920587999999997,-0.40201,0.19945639599999998,3.43587926
2484,-0.0028910587999999996,-0.4221105,0.19945639599999998,3.45477373
2485,-0.0028900588,-0.40201,0.19800916,3.3980903199999997
2486,-0.0028890587999999997,-0.4221105,0.19945639599999998,3.11467327
2487,-0.0028880587999999996,-0.4221105,0.196561924,2.75567834
2488,-0.0028870588,-0.40201,0.19945639599999998,2.34
2489,-0.0028860587999999998,-0.40201,0.19945639599999998,1.94321613
2490,-0.0028850587999999996,-0.3819095,0.19945639599999998,1.65979908
2491,-0.0028840588,-0.4221105,0.200903632,1.6031156699999998
2492,-0.0028830588,-0.40201,0.19945639599999998,1.7920603699999997
2493,-0.0028820587999999997,-0.3819095,0.19945639599999998,2.1321608299999997
2494,-0.0028810588,-0.40201,0.19945639599999998,2.64231152
2495,-0.0028800588,-0.4221105,0.19945639599999998,3.1335677399999997
2496,-0.0028790587999999997,-0.4221105,0.200903632,3.43587926
2497,-0.0028780587999999996,-0.40201,0.200903632,3.43587926
2498,-0.0028770588,-0.40201,0.200903632,3.19025115
2499,-0.0028760587999999998,-0.4221105,0.200903632,2.73678387
2500,-0.0028750587999999996,-0.4221105,0.200903632,2.18884424
2501,-0.0028740588,-0.40201,0.202350868,1.7731659
2502,-0.0028730588,-0.40201,0.200903632,1.5842212
2503,-0.0028720587999999997,-0.40201,0.200903632,1.7542714299999997
2504,-0.0028710588,-0.40201,0.202350868,2.18884424
2505,-0.0028700588,-0.40201,0.200903632,2.73678387
2506,-0.0028690587999999997,-0.40201,0.19945639599999998,3.1713566799999997
2507,-0.0028680588,-0.40201,0.19945639599999998,3.45477373
2508,-0.0028670588,-0.4221105,0.19945639599999998,3.43587926
2509,-0.0028660587999999997,-0.4221105,0.200903632,3.1335677399999997
2510,-0.0028650587999999996,-0.4221105,0.19945639599999998,2.68010046
2511,-0.0028640588,-0.4221105,0.200903632,2.2077387099999997
2512,-0.0028630587999999998,-0.40201,0.19945639599999998,1.8676382499999997
2513,-0.0028620587999999996,-0.4221105,0.19800916,1.6409046099999998
2514,-0.0028610588,-0.40201,0.19945639599999998,1.62201014
2515,-0.0028600588,-0.40201,0.19945639599999998,1.7542714299999997
2516,-0.0028590587999999997,-0.40201,0.19945639599999998,2.0187940099999997
2517,-0.0028580588,-0.4221105,0.19945639599999998,2.34
2518,-0.0028570588,-0.4221105,0.19945639599999998,2.64231152
2519,-0.0028560587999999997,-0.4221105,0.19945639599999998,2.9446230399999997
2520,-0.0028550588,-0.40201,0.19945639599999998,3.22804009
2521,-0.0028540588,-0.40201,0.19800916,3.37919585
2522,-0.0028530587999999997,-0.40201,0.19945639599999998,3.43587926
2523,-0.0028520587999999996,-0.40201,0.19800916,3.43587926
2524,-0.0028510588,-0.3819095,0.19945639599999998,3.36030138
2525,-0.0028500587999999998,-0.3819095,0.200903632,3.1713566799999997
2526,-0.0028490587999999996,-0.4221105,0.200903632,2.88793963
2527,-0.0028480588,-0.40201,0.202350868,2.58562811
2528,-0.0028470588,-0.40201,0.200903632,2.2833165899999996
2529,-0.0028460587999999997,-0.4221105,0.200903632,1.9621106
2530,-0.0028450588,-0.40201,0.200903632,1.73537696
2531,-0.0028440588,-0.40201,0.202350868,1.62201014
2532,-0.0028430587999999997,-0.40201,0.200903632,1.6031156699999998
2533,-0.0028420587999999996,-0.40201,0.19945639599999998,1.81095484
2534,-0.0028410588,-0.361809,0.19945639599999998,2.11326636
2535,-0.0028400587999999997,-0.4221105,0.200903632,2.47226129
2536,-0.0028390587999999996,-0.442211,0.202350868,2.96351751
2537,-0.0028380588,-0.40201,0.200903632,3.30361797
2538,-0.0028370587999999998,-0.3819095,0.200903632,3.4736681999999997
2539,-0.0028360587999999996,-0.3819095,0.200903632,3.36030138
2540,-0.0028350588,-0.40201,0.202350868,2.92572857
2541,-0.0028340588,-0.40201,0.19800916,2.35889447
2542,-0.0028330587999999997,-0.40201,0.19800916,1.8676382499999997
2543,-0.0028320588,-0.40201,0.200903632,1.6031156699999998
2544,-0.0028310588,-0.4221105,0.19800916,1.7164824899999997
2545,-0.0028300587999999997,-0.3819095,0.200903632,2.1321608299999997
2546,-0.0028290587999999996,-0.3819095,0.19945639599999998,2.75567834
2547,-0.0028280588,-0.40201,0.19800916,3.26582903
2548,-0.0028270587999999998,-0.40201,0.19945639599999998,3.49256267
2549,-0.0028260587999999996,-0.3819095,0.19945639599999998,3.2847235
2550,-0.0028250588,-0.4221105,0.200903632,2.81236175
2551,-0.0028240588,-0.40201,0.200903632,2.2077387099999997
2552,-0.0028230587999999997,-0.3819095,0.200903632,1.7920603699999997
2553,-0.0028220588,-0.40201,0.19945639599999998,1.6031156699999998
2554,-0.0028210588,-0.40201,0.19945639599999998,1.7164824899999997
2555,-0.0028200587999999997,-0.40201,0.200903632,2.11326636
2556,-0.0028190588,-0.40201,0.202350868,2.5289447
2557,-0.0028180588,-0.40201,0.202350868,2.96351751
2558,-0.0028170587999999997,-0.40201,0.200903632,3.26582903
2559,-0.0028160587999999996,-0.3819095,0.19945639599999998,3.45477373
2560,-0.0028150588,-0.4221105,0.19945639599999998,3.4736681999999997
2561,-0.0028140587999999998,-0.40201,0.19945639599999998,3.36030138
2562,-0.0028130587999999996,-0.3819095,0.202350868,3.1713566799999997
2563,-0.0028120588,-0.4221105,0.200903632,2.9446230399999997
2564,-0.0028110588,-0.4221105,0.202350868,2.66120599
2565,-0.0028100587999999997,-0.3819095,0.200903632,2.37778894
2566,-0.0028090588,-0.4221105,0.19945639599999998,2.11326636
2567,-0.0028080588,-0.40201,0.19945639599999998,1.92432166
2568,-0.0028070587999999997,-0.40201,0.200903632,1.7164824899999997
2569,-0.0028060588,-0.40201,0.200903632,1.65979908
2570,-0.0028050588,-0.40201,0.200903632,1.6031156699999998
2571,-0.0028040587999999997,-0.3819095,0.200903632,1.62201014
2572,-0.0028030587999999996,-0.3819095,0.19945639599999998,1.7542714299999997
2573,-0.0028020588,-0.40201,0.200903632,1.94321613
2574,-0.0028010587999999998,-0.40201,0.200903632,2.22663318
2575,-0.0028000587999999996,-0.40201,0.19945639599999998,2.5289447
2576,-0.0027990588,-0.3819095,0.19800916,2.92572857
2577,-0.0027980588,-0.4221105,0.19945639599999998,3.22804009
2578,-0.0027970587999999997,-0.4221105,0.19945639599999998,3.3980903199999997
2579,-0.0027960588,-0.4221105,0.19945639599999998,3.45477373
2580,-0.0027950588,-0.40201,0.19945639599999998,3.2469345599999997
2581,-0.0027940587999999997,-0.4221105,0.19945639599999998,2.88793963
2582,-0.0027930587999999996,-0.40201,0.19945639599999998,2.37778894
2583,-0.0027920588,-0.4221105,0.200903632,1.90542719
2584,-0.0027910587999999997,-0.40201,0.20379810399999998,1.62201014
2585,-0.0027900587999999996,-0.4221105,0.200903632,1.6786935499999998
2586,-0.0027890588,-0.3819095,0.200903632,2.0943718899999997
2587,-0.0027880587999999998,-0.40201,0.202350868,2.69899493
2588,-0.0027870587999999996,-0.3819095,0.202350868,3.2469345599999997
2589,-0.0027860588,-0.40201,0.202350868,3.45477373
2590,-0.0027850588,-0.3819095,0.200903632,3.2469345599999997
2591,-0.0027840587999999997,-0.40201,0.202350868,2.66120599
2592,-0.0027830588,-0.40201,0.202350868,2.0565829499999997
2593,-0.0027820588,-0.3819095,0.200903632,1.6409046099999998
2594,-0.0027810587999999997,-0.40201,0.19945639599999998,1.6786935499999998
2595,-0.0027800587999999996,-0.40201,0.19800916,1.9621106
2596,-0.0027790588,-0.40201,0.19945639599999998,2.49115576
2597,-0.0027780587999999998,-0.3819095,0.200903632,3.00130645
2598,-0.0027770587999999996,-0.40201,0.19945639599999998,3.3225124399999997
2599,-0.0027760588,-0.40201,0.200903632,3.4736681999999997
2600,-0.0027750588,-0.3819095,0.200903632,3.37919585
2601,-0.0027740587999999997,-0.3819095,0.200903632,3.0957787999999997
2602,-0.0027730588,-0.40201,0.202350868,2.73678387
2603,-0.0027720588,-0.40201,0.200903632,2.34
2604,-0.0027710587999999997,-0.40201,0.19945639599999998,2.03768848
2605,-0.0027700588,-0.40201,0.19945639599999998,1.7542714299999997
2606,-0.0027690588,-0.40201,0.19945639599999998,1.6409046099999998
2607,-0.0027680587999999997,-0.361809,0.19945639599999998,1.62201014
2608,-0.0027670587999999996,-0.3819095,0.200903632,1.6786935499999998
2609,-0.0027660588,-0.4221105,0.19945639599999998,1.8298493099999997
2610,-0.0027650587999999998,-0.40201,0.19945639599999998,2.0187940099999997
2611,-0.0027640587999999996,-0.361809,0.200903632,2.2455276499999997
2612,-0.0027630588,-0.40201,0.200903632,2.49115576
2613,-0.0027620588,-0.3819095,0.19945639599999998,2.73678387
2614,-0.0027610587999999997,-0.40201,0.200903632,3.00130645
2615,-0.0027600588,-0.40201,0.200903632,3.22804009
2616,-0.0027590588,-0.3819095,0.202350868,3.34140691
2617,-0.0027580587999999997,-0.361809,0.202350868,3.45477373
2618,-0.0027570588,-0.40201,0.202350868,3.45477373
2619,-0.0027560588,-0.4221105,0.19945639599999998,3.30361797
2620,-0.0027550587999999997,-0.3819095,0.19945639599999998,3.07688433
2621,-0.0027540587999999996,-0.3819095,0.200903632,2.77457281
2622,-0.0027530588,-0.3819095,0.19945639599999998,2.37778894
2623,-0.0027520587999999998,-0.3819095,0.200903632,1.9621106
2624,-0.0027510587999999996,-0.3819095,0.200903632,1.69758802
2625,-0.0027500588,-0.361809,0.19945639599999998,1.62201014
2626,-0.0027490588,-0.361809,0.200903632,1.81095484
2627,-0.0027480587999999997,-0.3819095,0.200903632,2.26442212
2628,-0.0027470588,-0.361809,0.19945639599999998,2.8690451599999998
2629,-0.0027460588,-0.3819095,0.202350868,3.3225124399999997
2630,-0.0027450587999999997,-0.361809,0.202350868,3.45477373
2631,-0.0027440587999999996,-0.3417085,0.19945639599999998,3.2469345599999997
2632,-0.0027430588,-0.361809,0.200903632,2.7178894
2633,-0.0027420587999999997,-0.3819095,0.200903632,2.1321608299999997
2634,-0.0027410587999999996,-0.3819095,0.202350868,1.73537696
2635,-0.0027400588,-0.3819095,0.202350868,1.62201014
2636,-0.0027390588,-0.40201,0.200903632,1.92432166
2637,-0.0027380587999999997,-0.3819095,0.200903632,2.39668341
2638,-0.0027370588,-0.40201,0.200903632,2.96351751
2639,-0.0027360588,-0.3819095,0.200903632,3.36030138
2640,-0.0027350587999999997,-0.3819095,0.20524534,3.43587926
2641,-0.0027340588,-0.3819095,0.200903632,3.2091456199999997
2642,-0.0027330588,-0.40201,0.200903632,2.81236175
2643,-0.0027320587999999997,-0.3819095,0.200903632,2.3211055299999996
2644,-0.0027310587999999996,-0.361809,0.19945639599999998,1.88653272
2645,-0.0027300588,-0.40201,0.200903632,1.6409046099999998
2646,-0.0027290587999999998,-0.361809,0.202350868,1.6409046099999998
2647,-0.0027280587999999996,-0.3819095,0.200903632,1.7731659
2648,-0.0027270588,-0.361809,0.19945639599999998,2.0565829499999997
2649,-0.0027260588,-0.361809,0.200903632,2.41557788
2650,-0.0027250587999999997,-0.361809,0.19945639599999998,2.81236175
2651,-0.0027240588,-0.3819095,0.200903632,3.07688433
2652,-0.0027230588,-0.361809,0.19945639599999998,3.30361797
2653,-0.0027220587999999997,-0.3819095,0.200903632,3.41698479
2654,-0.0027210588,-0.40201,0.19945639599999998,3.45477373
2655,-0.0027200588,-0.3819095,0.19945639599999998,3.34140691
2656,-0.0027190587999999997,-0.3819095,0.19945639599999998,3.19025115
2657,-0.0027180587999999996,-0.3819095,0.200903632,2.9446230399999997
2658,-0.0027170588,-0.3819095,0.200903632,2.66120599
2659,-0.0027160587999999998,-0.40201,0.200903632,2.35889447
2660,-0.0027150587999999996,-0.40201,0.202350868,2.11326636
2661,-0.0027140588,-0.3819095,0.200903632,1.84874378
2662,-0.0027130588,-0.3819095,0.200903632,1.6786935499999998
2663,-0.0027120587999999997,-0.3819095,0.200903632,1.62201014
2664,-0.0027110588,-0.361809,0.200903632,1.6786935499999998
2665,-0.0027100588,-0.361809,0.19945639599999998,1.94321613
2666,-0.0027090587999999997,-0.361809,0.19945639599999998,2.26442212
2667,-0.0027080588,-0.3819095,0.200903632,2.66120599
2668,-0.0027070588,-0.3819095,0.200903632,3.0579898599999997
2669,-0.0027060587999999997,-0.4221105,0.200903632,3.34140691
2670,-0.0027050587999999996,-0.3819095,0.200903632,3.43587926
2671,-0.0027040588,-0.361809,0.202350868,3.3225124399999997
2672,-0.0027030587999999998,-0.3819095,0.19945639599999998,2.96351751
2673,-0.0027020587999999996,-0.40201,0.200903632,2.47226129
2674,-0.0027010588,-0.361809,0.202350868,2.0187940099999997
2675,-0.0027000588,-0.3819095,0.200903632,1.69758802
2676,-0.0026990587999999997,-0.3819095,0.200903632,1.65979908
2677,-0.0026980588,-0.3819095,0.200903632,1.90542719
2678,-0.0026970588,-0.3819095,0.19945639599999998,2.41557788
2679,-0.0026960587999999997,-0.3819095,0.200903632,2.9824119799999997
2680,-0.0026950587999999996,-0.361809,0.200903632,3.43587926
2681,-0.0026940588,-0.3819095,0.200903632,3.43587926
2682,-0.0026930587999999997,-0.3819095,0.19945639599999998,3.1713566799999997
2683,-0.0026920587999999996,-0.3819095,0.19945639599999998,2.64231152
2684,-0.0026910588,-0.361809,0.200903632,2.1321608299999997
2685,-0.0026900588,-0.3819095,0.200903632,1.7164824899999997
2686,-0.0026890587999999997,-0.40201,0.19945639599999998,1.6409046099999998
2687,-0.0026880588,-0.3819095,0.202350868,1.84874378
2688,-0.0026870588,-0.3417085,0.200903632,2.2833165899999996
2689,-0.0026860587999999997,-0.361809,0.200903632,2.81236175
2690,-0.0026850588,-0.361809,0.200903632,3.2091456199999997
2691,-0.0026840588,-0.40201,0.200903632,3.45477373
2692,-0.0026830587999999997,-0.3819095,0.202350868,3.37919585
2693,-0.0026820587999999996,-0.3819095,0.19945639599999998,3.19025115
2694,-0.0026810588,-0.361809,0.202350868,2.77457281
2695,-0.0026800587999999998,-0.3819095,0.200903632,2.37778894
2696,-0.0026790587999999996,-0.361809,0.202350868,2.07547742
2697,-0.0026780588,-0.361809,0.202350868,1.7731659
2698,-0.0026770588,-0.361809,0.202350868,1.6409046099999998
2699,-0.0026760587999999997,-0.3819095,0.202350868,1.62201014
2700,-0.0026750588,-0.3819095,0.202350868,1.73537696
2701,-0.0026740588,-0.3819095,0.202350868,1.94321613
2702,-0.0026730587999999997,-0.3819095,0.200903632,2.1699497699999997
2703,-0.0026720588,-0.3819095,0.200903632,2.51005023
2704,-0.0026710588,-0.3819095,0.200903632,2.75567834
2705,-0.0026700587999999997,-0.361809,0.200903632,3.03909539
2706,-0.0026690587999999996,-0.361809,0.19945639599999998,3.2469345599999997
2707,-0.0026680588,-0.3819095,0.202350868,3.3980903199999997
2708,-0.0026670587999999998,-0.40201,0.200903632,3.43587926
2709,-0.0026660587999999996,-0.40201,0.19945639599999998,3.37919585
2710,-0.0026650588,-0.40201,0.19945639599999998,3.22804009
2711,-0.0026640588,-0.3819095,0.19945639599999998,2.9068340999999998
2712,-0.0026630587999999997,-0.3819095,0.200903632,2.56673364
2713,-0.0026620588,-0.3819095,0.19945639599999998,2.1699497699999997
2714,-0.0026610588,-0.3819095,0.19800916,1.84874378
2715,-0.0026600587999999997,-0.3819095,0.200903632,1.62201014
2716,-0.0026590588,-0.361809,0.19945639599999998,1.65979908
2717,-0.0026580588,-0.361809,0.200903632,1.8676382499999997
2718,-0.0026570587999999997,-0.361809,0.200903632,2.26442212
2719,-0.0026560587999999996,-0.361809,0.200903632,2.73678387
2720,-0.0026550588,-0.361809,0.200903632,3.19025115
2721,-0.0026540587999999998,-0.361809,0.202350868,3.41698479
2722,-0.0026530587999999996,-0.3819095,0.200903632,3.37919585
2723,-0.0026520588,-0.361809,0.20379810399999998,3.07688433
2724,-0.0026510588,-0.3819095,0.202350868,2.56673364
2725,-0.0026500587999999997,-0.3819095,0.20379810399999998,2.03768848
2726,-0.0026490588,-0.3417085,0.202350868,1.7164824899999997
2727,-0.0026480588,-0.361809,0.20379810399999998,1.69758802
2728,-0.0026470587999999997,-0.3819095,0.202350868,1.9621106
2729,-0.0026460587999999996,-0.361809,0.202350868,2.5289447
2730,-0.0026450588,-0.361809,0.200903632,3.0579898599999997
2731,-0.0026440587999999998,-0.361809,0.19945639599999998,3.37919585
2732,-0.0026430587999999996,-0.361809,0.202350868,3.3980903199999997
2733,-0.0026420588,-0.3417085,0.200903632,3.19025115
2734,-0.0026410588,-0.3819095,0.200903632,2.73678387
2735,-0.0026400587999999997,-0.361809,0.200903632,2.26442212
2736,-0.0026390588,-0.361809,0.19945639599999998,1.90542719
2737,-0.0026380588,-0.361809,0.200903632,1.65979908
2738,-0.0026370587999999997,-0.361809,0.19945639599999998,1.6409046099999998
2739,-0.0026360588,-0.361809,0.19945639599999998,1.73537696
2740,-0.0026350588,-0.361809,0.200903632,1.99989954
2741,-0.0026340587999999997,-0.361809,0.200903632,2.3211055299999996
2742,-0.0026330587999999996,-0.3819095,0.200903632,2.66120599
2743,-0.0026320588,-0.3819095,0.200903632,2.96351751
2744,-0.0026310587999999998,-0.361809,0.19800916,3.22804009
2745,-0.0026300587999999996,-0.361809,0.19945639599999998,3.37919585
2746,-0.0026290588,-0.361809,0.202350868,3.43587926
2747,-0.0026280588,-0.361809,0.200903632,3.41698479
2748,-0.0026270587999999997,-0.3819095,0.200903632,3.30361797
2749,-0.0026260588,-0.3819095,0.200903632,3.1335677399999997
2750,-0.0026250588,-0.3819095,0.202350868,2.88793963
2751,-0.0026240587999999997,-0.3819095,0.200903632,2.58562811
2752,-0.0026230588,-0.361809,0.202350868,2.26442212
2753,-0.0026220588,-0.361809,0.202350868,2.0187940099999997
2754,-0.0026210587999999997,-0.361809,0.202350868,1.81095484
2755,-0.0026200587999999996,-0.3417085,0.20379810399999998,1.65979908
2756,-0.0026190588,-0.3819095,0.20379810399999998,1.6409046099999998
2757,-0.0026180587999999998,-0.361809,0.20379810399999998,1.7542714299999997
2758,-0.0026170587999999996,-0.3819095,0.202350868,2.0187940099999997
2759,-0.0026160588,-0.361809,0.202350868,2.35889447
2760,-0.0026150588,-0.3819095,0.20379810399999998,2.75567834
2761,-0.0026140587999999997,-0.361809,0.20379810399999998,3.1335677399999997
2762,-0.0026130588,-0.3417085,0.202350868,3.37919585
2763,-0.0026120588,-0.361809,0.202350868,3.43587926
2764,-0.0026110587999999997,-0.3819095,0.200903632,3.2469345599999997
2765,-0.0026100588,-0.361809,0.200903632,2.81236175
2766,-0.0026090588,-0.3417085,0.200903632,2.3211055299999996
2767,-0.0026080587999999997,-0.361809,0.19945639599999998,1.88653272
2768,-0.0026070587999999996,-0.3819095,0.200903632,1.6409046099999998
2769,-0.0026060588,-0.40201,0.19945639599999998,1.69758802
2770,-0.0026050587999999998,-0.361809,0.200903632,1.99989954
2771,-0.0026040587999999996,-0.361809,0.200903632,2.5289447
2772,-0.0026030588,-0.361809,0.19800916,3.00130645
2773,-0.0026020588,-0.3819095,0.200903632,3.3225124399999997
2774,-0.0026010587999999997,-0.3819095,0.200903632,3.43587926
2775,-0.0026000588,-0.3417085,0.200903632,3.30361797
2776,-0.0025990588,-0.361809,0.19945639599999998,2.9446230399999997
2777,-0.0025980587999999997,-0.361809,0.202350868,2.45336682
2778,-0.0025970587999999996,-0.361809,0.202350868,2.0943718899999997
2779,-0.0025960588,-0.3417085,0.200903632,1.7542714299999997
2780,-0.0025950587999999998,-0.321608,0.200903632,1.6409046099999998
2781,-0.0025940587999999996,-0.361809,0.202350868,1.6409046099999998
2782,-0.0025930588,-0.361809,0.20379810399999998,1.88653272
2783,-0.0025920588,-0.361809,0.202350868,2.1699497699999997
2784,-0.0025910587999999997,-0.361809,0.20379810399999998,2.49115576
2785,-0.0025900588,-0.361809,0.202350868,2.8312562199999998
2786,-0.0025890588,-0.3417085,0.20379810399999998,3.07688433
2787,-0.0025880587999999997,-0.3819095,0.20524534,3.26582903
2788,-0.0025870588,-0.361809,0.202350868,3.3980903199999997
2789,-0.0025860588,-0.3417085,0.20379810399999998,3.43587926
2790,-0.0025850587999999997,-0.361809,0.20379810399999998,3.41698479
2791,-0.0025840587999999996,-0.3417085,0.200903632,3.22804009
2792,-0.0025830588,-0.361809,0.202350868,3.0202009199999997
2793,-0.0025820587999999998,-0.3819095,0.20379810399999998,2.77457281
2794,-0.0025810587999999996,-0.361809,0.20379810399999998,2.49115576
2795,-0.0025800588,-0.3417085,0.200903632,2.2077387099999997
2796,-0.0025790588,-0.361809,0.20379810399999998,1.98100507
2797,-0.0025780587999999997,-0.361809,0.202350868,1.7731659
2798,-0.0025770588,-0.361809,0.200903632,1.6786935499999998
2799,-0.0025760588,-0.361809,0.200903632,1.6409046099999998
2800,-0.0025750587999999997,-0.361809,0.200903632,1.73537696
2801,-0.0025740588,-0.3819095,0.19945639599999998,2.0187940099999997
2802,-0.0025730588,-0.3819095,0.19945639599999998,2.3211055299999996
2803,-0.0025720587999999997,-0.361809,0.19800916,2.73678387
2804,-0.0025710587999999996,-0.3819095,0.19945639599999998,3.0579898599999997
2805,-0.0025700588,-0.361809,0.19945639599999998,3.36030138
2806,-0.0025690587999999998,-0.3417085,0.19945639599999998,3.45477373
2807,-0.0025680587999999996,-0.361809,0.19945639599999998,3.30361797
2808,-0.0025670588,-0.361809,0.19945639599999998,3.0202009199999997
2809,-0.0025660588,-0.3417085,0.19945639599999998,2.58562811
2810,-0.0025650587999999997,-0.3819095,0.19945639599999998,2.1510553
2811,-0.0025640588,-0.361809,0.200903632,1.7920603699999997
2812,-0.0025630588,-0.3417085,0.200903632,1.6409046099999998
2813,-0.0025620587999999997,-0.361809,0.20379810399999998,1.7542714299999997
2814,-0.0025610588,-0.3819095,0.200903632,2.07547742
2815,-0.0025600588,-0.3417085,0.200903632,2.5289447
2816,-0.0025590587999999997,-0.361809,0.200903632,2.96351751
2817,-0.0025580587999999996,-0.361809,0.20379810399999998,3.30361797
2818,-0.0025570588,-0.361809,0.20379810399999998,3.45477373
2819,-0.0025560587999999998,-0.361809,0.20379810399999998,3.37919585
2820,-0.0025550587999999996,-0.321608,0.202350868,3.0957787999999997
2821,-0.0025540588,-0.361809,0.20379810399999998,2.7178894
2822,-0.0025530588,-0.3417085,0.20379810399999998,2.2833165899999996
2823,-0.0025520587999999997,-0.361809,0.200903632,1.92432166
2824,-0.0025510588,-0.361809,0.20379810399999998,1.7164824899999997
2825,-0.0025500588,-0.3417085,0.202350868,1.62201014
2826,-0.0025490587999999997,-0.361809,0.202350868,1.69758802
2827,-0.0025480587999999996,-0.3417085,0.202350868,1.8676382499999997
2828,-0.0025470588,-0.3417085,0.202350868,2.11326636
2829,-0.0025460587999999998,-0.361809,0.20379810399999998,2.43447235
2830,-0.0025450587999999996,-0.321608,0.200903632,2.73678387
2831,-0.0025440588,-0.361809,0.200903632,3.00130645
2832,-0.0025430588,-0.361809,0.202350868,3.22804009
2833,-0.0025420587999999997,-0.3417085,0.200903632,3.41698479
2834,-0.0025410588,-0.361809,0.200903632,3.45477373
2835,-0.0025400588,-0.361809,0.19945639599999998,3.3980903199999997
2836,-0.0025390587999999997,-0.361809,0.202350868,3.2847235
2837,-0.0025380588,-0.3417085,0.19800916,3.07688433
2838,-0.0025370588,-0.3417085,0.19945639599999998,2.7934672799999998
2839,-0.0025360587999999997,-0.3417085,0.19945639599999998,2.47226129
2840,-0.0025350587999999996,-0.361809,0.19945639599999998,2.2455276499999997
2841,-0.0025340588,-0.361809,0.200903632,1.9621106
2842,-0.0025330587999999998,-0.361809,0.200903632,1.7920603699999997
2843,-0.0025320587999999996,-0.361809,0.19945639599999998,1.65979908
2844,-0.0025310588,-0.3417085,0.200903632,1.65979908
2845,-0.0025300588,-0.3417085,0.200903632,1.81095484
2846,-0.0025290587999999997,-0.361809,0.200903632,2.0565829499999997
2847,-0.0025280588,-0.281407,0.200903632,2.37778894
2848,-0.0025270588,-0.3417085,0.202350868,2.77457281
2849,-0.0025260587999999997,-0.361809,0.202350868,3.0957787999999997
2850,-0.0025250588,-0.3417085,0.202350868,3.36030138
2851,-0.0025240588,-0.3417085,0.20379810399999998,3.43587926
2852,-0.0025230587999999997,-0.3819095,0.20524534,3.36030138
2853,-0.0025220587999999996,-0.361809,0.20379810399999998,3.07688433
2854,-0.0025210588,-0.361809,0.202350868,2.7178894
2855,-0.0025200587999999998,-0.361809,0.20379810399999998,2.2455276499999997
2856,-0.0025190587999999996,-0.3417085,0.20524534,1.8676382499999997
2857,-0.0025180588,-0.3417085,0.20379810399999998,1.65979908
2858,-0.0025170588,-0.361809,0.20524534,1.6409046099999998
2859,-0.0025160587999999997,-0.361809,0.20379810399999998,1.84874378
2860,-0.0025150588,-0.361809,0.20524534,2.26442212
2861,-0.0025140588,-0.361809,0.202350868,2.62341705
2862,-0.0025130587999999997,-0.361809,0.202350868,3.0579898599999997
2863,-0.0025120588,-0.3417085,0.202350868,3.3225124399999997
2864,-0.0025110588,-0.3417085,0.20379810399999998,3.43587926
2865,-0.0025100587999999997,-0.361809,0.202350868,3.3980903199999997
2866,-0.0025090587999999996,-0.3417085,0.200903632,3.19025115
2867,-0.0025080588,-0.3417085,0.19945639599999998,2.8312562199999998
2868,-0.0025070587999999998,-0.3417085,0.19945639599999998,2.49115576
2869,-0.0025060587999999996,-0.321608,0.202350868,2.1510553
2870,-0.0025050588,-0.3417085,0.200903632,1.84874378
2871,-0.0025040588,-0.3417085,0.200903632,1.6786935499999998
2872,-0.0025030587999999997,-0.321608,0.200903632,1.6409046099999998
2873,-0.0025020588,-0.3417085,0.19945639599999998,1.73537696
2874,-0.0025010588,-0.321608,0.19945639599999998,1.9621106
2875,-0.0025000587999999997,-0.361809,0.200903632,2.22663318
2876,-0.0024990587999999996,-0.361809,0.200903632,2.58562811
2877,-0.0024980588,-0.3417085,0.202350868,2.88793963
2878,-0.0024970587999999998,-0.3417085,0.19945639599999998,3.1713566799999997
2879,-0.0024960587999999996,-0.3417085,0.19945639599999998,3.36030138
2880,-0.0024950588,-0.361809,0.200903632,3.41698479
2881,-0.0024940588,-0.3417085,0.200903632,3.3980903199999997
2882,-0.0024930587999999997,-0.3417085,0.202350868,3.2847235
2883,-0.0024920588,-0.3417085,0.202350868,3.0202009199999997
2884,-0.0024910588,-0.361809,0.202350868,2.7178894
2885,-0.0024900587999999997,-0.3417085,0.200903632,2.35889447
2886,-0.0024890588,-0.361809,0.202350868,2.07547742
2887,-0.0024880588,-0.281407,0.20379810399999998,1.8298493099999997
2888,-0.0024870587999999997,-0.3417085,0.20379810399999998,1.6786935499999998
2889,-0.0024860587999999996,-0.3417085,0.202350868,1.6409046099999998
2890,-0.0024850588,-0.361809,0.20379810399999998,1.7164824899999997
2891,-0.0024840587999999998,-0.361809,0.20524534,1.90542719
2892,-0.0024830587999999996,-0.361809,0.20524534,2.2077387099999997
2893,-0.0024820588,-0.3417085,0.20379810399999998,2.58562811
2894,-0.0024810588,-0.3417085,0.20524534,2.9068340999999998
2895,-0.0024800587999999997,-0.3417085,0.20524534,3.1713566799999997
2896,-0.0024790588,-0.321608,0.202350868,3.3980903199999997
2897,-0.0024780588,-0.3417085,0.20524534,3.45477373
2898,-0.0024770587999999997,-0.361809,0.202350868,3.2847235
2899,-0.0024760588,-0.3417085,0.20379810399999998,3.03909539
2900,-0.0024750588,-0.361809,0.19945639599999998,2.64231152
2901,-0.0024740587999999997,-0.321608,0.202350868,2.2455276499999997
2902,-0.0024730587999999996,-0.321608,0.202350868,1.88653272
2903,-0.0024720588,-0.3417085,0.200903632,1.7164824899999997
2904,-0.0024710587999999998,-0.321608,0.200903632,1.6409046099999998
2905,-0.0024700587999999996,-0.3417085,0.200903632,1.7164824899999997
2906,-0.0024690588,-0.321608,0.19945639599999998,1.98100507
2907,-0.0024680588,-0.361809,0.200903632,2.3211055299999996
2908,-0.0024670587999999997,-0.3417085,0.19945639599999998,2.68010046
2909,-0.0024660588,-0.3417085,0.19800916,3.07688433
2910,-0.0024650588,-0.321608,0.200903632,3.3225124399999997
2911,-0.0024640587999999997,-0.321608,0.19945639599999998,3.41698479
2912,-0.0024630588,-0.3417085,0.202350868,3.3980903199999997
2913,-0.0024620588,-0.321608,0.19945639599999998,3.22804009
2914,-0.0024610587999999997,-0.361809,0.200903632,2.92572857
2915,-0.0024600587999999996,-0.3417085,0.202350868,2.5289447
2916,-0.0024590588,-0.321608,0.200903632,2.1699497699999997
2917,-0.0024580588,-0.361809,0.20379810399999998,1.8676382499999997
2918,-0.0024570587999999997,-0.321608,0.202350868,1.69758802
2919,-0.0024560588,-0.361809,0.20379810399999998,1.62201014
2920,-0.0024550588,-0.321608,0.20379810399999998,1.7164824899999997
2921,-0.0024540587999999997,-0.361809,0.20524534,1.94321613
2922,-0.0024530588,-0.321608,0.20524534,2.2833165899999996
2923,-0.0024520588,-0.361809,0.20379810399999998,2.60452258
2924,-0.0024510587999999997,-0.321608,0.20524534,2.92572857
2925,-0.0024500587999999996,-0.3417085,0.20524534,3.22804009
2926,-0.0024490588,-0.361809,0.20524534,3.37919585
2927,-0.0024480587999999998,-0.3417085,0.20379810399999998,3.45477373
2928,-0.0024470587999999996,-0.3417085,0.20379810399999998,3.3980903199999997
2929,-0.0024460588,-0.3417085,0.20379810399999998,3.26582903
2930,-0.0024450588,-0.321608,0.20379810399999998,3.03909539
2931,-0.0024440587999999997,-0.3417085,0.20379810399999998,2.69899493
2932,-0.0024430588,-0.321608,0.20379810399999998,2.43447235
2933,-0.0024420588,-0.321608,0.20379810399999998,2.1510553
2934,-0.0024410587999999997,-0.3417085,0.19945639599999998,1.88653272
2935,-0.0024400588,-0.321608,0.202350868,1.69758802
2936,-0.0024390588,-0.321608,0.200903632,1.6409046099999998
2937,-0.0024380587999999997,-0.3417085,0.200903632,1.65979908
2938,-0.0024370587999999996,-0.361809,0.19945639599999998,1.81095484
2939,-0.0024360588,-0.361809,0.19945639599999998,2.03768848
2940,-0.0024350587999999998,-0.3417085,0.200903632,2.35889447
2941,-0.0024340587999999996,-0.321608,0.200903632,2.7178894
2942,-0.0024330588,-0.361809,0.19945639599999998,3.00130645
2943,-0.0024320588,-0.3015075,0.19945639599999998,3.2469345599999997
2944,-0.0024310587999999997,-0.321608,0.200903632,3.3980903199999997
2945,-0.0024300588,-0.3417085,0.19800916,3.45477373
2946,-0.0024290588,-0.3417085,0.200903632,3.34140691
2947,-0.0024280587999999997,-0.321608,0.200903632,3.1335677399999997
2948,-0.0024270588,-0.361809,0.200903632,2.77457281
2949,-0.0024260588,-0.321608,0.200903632,2.43447235
2950,-0.0024250587999999997,-0.3417085,0.19945639599999998,2.11326636
2951,-0.0024240587999999996,-0.321608,0.202350868,1.8298493099999997
2952,-0.0024230588,-0.321608,0.200903632,1.6409046099999998
2953,-0.0024220587999999998,-0.321608,0.200903632,1.6409046099999998
2954,-0.0024210587999999996,-0.321608,0.20379810399999998,1.7920603699999997
2955,-0.0024200588,-0.3417085,0.20379810399999998,2.07547742
2956,-0.0024190588,-0.3417085,0.20379810399999998,2.43447235
2957,-0.0024180587999999997,-0.3417085,0.20379810399999998,2.7934672799999998
2958,-0.0024170588,-0.3015075,0.202350868,3.11467327
2959,-0.0024160588,-0.3417085,0.206692576,3.37919585
2960,-0.0024150587999999997,-0.321608,0.20379810399999998,3.45477373
2961,-0.0024140588,-0.3417085,0.20379810399999998,3.34140691
2962,-0.0024130588,-0.3015075,0.20524534,3.11467327
2963,-0.0024120587999999997,-0.321608,0.202350868,2.75567834
2964,-0.0024110587999999996,-0.321608,0.20524534,2.35889447
2965,-0.0024100588,-0.3417085,0.20379810399999998,1.99989954
2966,-0.0024090588,-0.321608,0.202350868,1.7542714299999997
2967,-0.0024080587999999997,-0.321608,0.20379810399999998,1.6409046099999998
2968,-0.0024070588,-0.3417085,0.20379810399999998,1.7164824899999997
2969,-0.0024060588,-0.3417085,0.202350868,1.88653272
2970,-0.0024050587999999997,-0.321608,0.200903632,2.0943718899999997
2971,-0.0024040588,-0.321608,0.200903632,2.43447235
2972,-0.0024030588,-0.321608,0.200903632,2.81236175
2973,-0.0024020587999999997,-0.361809,0.202350868,3.11467327
2974,-0.0024010587999999996,-0.321608,0.200903632,3.30361797
2975,-0.0024000588,-0.3417085,0.200903632,3.43587926
2976,-0.0023990587999999998,-0.3417085,0.200903632,3.43587926
2977,-0.0023980587999999996,-0.3417085,0.19945639599999998,3.34140691
2978,-0.0023970588,-0.321608,0.200903632,3.0957787999999997
2979,-0.0023960588,-0.3417085,0.19945639599999998,2.8312562199999998
2980,-0.0023950587999999997,-0.321608,0.19945639599999998,2.51005023
2981,-0.0023940588,-0.321608,0.19945639599999998,2.2455276499999997
2982,-0.0023930588,-0.321608,0.19945639599999998,2.03768848
2983,-0.0023920587999999997,-0.321608,0.19945639599999998,1.81095484
2984,-0.0023910588,-0.321608,0.200903632,1.69758802
2985,-0.0023900588,-0.3417085,0.19800916,1.6409046099999998
2986,-0.0023890587999999997,-0.3417085,0.202350868,1.62201014
2987,-0.0023880587999999996,-0.321608,0.202350868,1.7920603699999997
2988,-0.0023870588,-0.321608,0.202350868,1.99989954
2989,-0.0023860587999999998,-0.321608,0.202350868,2.2077387099999997
2990,-0.0023850587999999996,-0.321608,0.200903632,2.49115576
2991,-0.0023840588,-0.3015075,0.202350868,2.7934672799999998
2992,-0.0023830588,-0.321608,0.200903632,3.0579898599999997
2993,-0.0023820587999999997,-0.3417085,0.20379810399999998,3.30361797
2994,-0.0023810588,-0.321608,0.20379810399999998,3.43587926
2995,-0.0023800588,-0.3015075,0.20379810399999998,3.45477373
2996,-0.0023790587999999997,-0.321608,0.20379810399999998,3.3225124399999997
2997,-0.0023780588,-0.3417085,0.20524534,3.15246221
2998,-0.0023770588,-0.3417085,0.20524534,2.81236175
2999,-0.0023760587999999997,-0.321608,0.20524534,2.41557788
3000,-0.0023750587999999996,-0.3417085,0.20524534,2.11326636
3001,-0.0023740588,-0.3015075,0.20524534,1.81095484
3002,-0.0023730587999999998,-0.3417085,0.20379810399999998,1.6409046099999998
3003,-0.0023720587999999996,-0.321608,0.20379810399999998,1.6409046099999998
3004,-0.0023710588,-0.321608,0.20524534,1.8298493099999997
3005,-0.0023700588,-0.3015075,0.202350868,2.1699497699999997
3006,-0.0023690587999999997,-0.3015075,0.20379810399999998,2.54783917
3007,-0.0023680588,-0.321608,0.20379810399999998,2.96351751
3008,-0.0023670588,-0.321608,0.20379810399999998,3.26582903
3009,-0.0023660587999999997,-0.321608,0.200903632,3.41698479
3010,-0.0023650588,-0.3015075,0.200903632,3.3980903199999997
3011,-0.0023640588,-0.3015075,0.200903632,3.2091456199999997
3012,-0.0023630587999999998,-0.3417085,0.19945639599999998,2.9068340999999998
3013,-0.0023620587999999996,-0.361809,0.19945639599999998,2.51005023
3014,-0.0023610588,-0.3417085,0.19945639599999998,2.1321608299999997
3015,-0.0023600588,-0.3417085,0.202350868,1.8298493099999997
3016,-0.0023590587999999997,-0.3417085,0.19945639599999998,1.65979908
3017,-0.0023580588,-0.3417085,0.200903632,1.6409046099999998
3018,-0.0023570588,-0.321608,0.19945639599999998,1.7164824899999997
3019,-0.0023560587999999997,-0.3015075,0.200903632,1.94321613
3020,-0.0023550588,-0.321608,0.19945639599999998,2.2077387099999997
3021,-0.0023540588,-0.3015075,0.19945639599999998,2.49115576
3022,-0.0023530587999999997,-0.321608,0.200903632,2.81236175
3023,-0.0023520587999999996,-0.321608,0.200903632,3.0957787999999997
3024,-0.0023510588,-0.3417085,0.200903632,3.26582903
3025,-0.0023500587999999998,-0.3015075,0.200903632,3.37919585
3026,-0.0023490587999999996,-0.3417085,0.20524534,3.45477373
3027,-0.0023480588,-0.321608,0.20379810399999998,3.43587926
3028,-0.0023470588,-0.321608,0.20379810399999998,3.3225124399999997
3029,-0.0023460587999999997,-0.321608,0.20524534,3.2091456199999997
3030,-0.0023450588,-0.321608,0.20379810399999998,3.0202009199999997
3031,-0.0023440588,-0.3417085,0.202350868,2.81236175
3032,-0.0023430587999999997,-0.321608,0.202350868,2.58562811
3033,-0.0023420588,-0.3015075,0.20379810399999998,2.34
3034,-0.0023410588,-0.3015075,0.20379810399999998,2.07547742
3035,-0.0023400587999999997,-0.321608,0.20379810399999998,1.88653272
3036,-0.0023390587999999996,-0.3417085,0.20379810399999998,1.7542714299999997
3037,-0.0023380588,-0.321608,0.20379810399999998,1.6409046099999998
3038,-0.0023370587999999998,-0.321608,0.20379810399999998,1.6409046099999998
3039,-0.0023360587999999996,-0.321608,0.206692576,1.69758802
3040,-0.0023350588,-0.3015075,0.20524534,1.8298493099999997
3041,-0.0023340588,-0.281407,0.20524534,2.0943718899999997
3042,-0.0023330587999999997,-0.3015075,0.206692576,2.37778894
3043,-0.0023320588,-0.321608,0.20379810399999998,2.7178894
3044,-0.0023310588,-0.321608,0.20379810399999998,3.03909539
3045,-0.0023300587999999997,-0.3015075,0.20524534,3.2469345599999997
3046,-0.0023290588,-0.3015075,0.202350868,3.45477373
3047,-0.0023280588,-0.321608,0.202350868,3.41698479
3048,-0.0023270587999999997,-0.321608,0.20379810399999998,3.22804009
3049,-0.0023260587999999996,-0.3417085,0.202350868,2.9068340999999998
3050,-0.0023250588,-0.3015075,0.20379810399999998,2.49115576
3051,-0.0023240587999999998,-0.321608,0.200903632,2.11326636
3052,-0.0023230587999999996,-0.321608,0.200903632,1.7731659
3053,-0.0023220588,-0.321608,0.19945639599999998,1.62201014
3054,-0.0023210588,-0.281407,0.19945639599999998,1.65979908
3055,-0.0023200587999999997,-0.3015075,0.19945639599999998,1.8676382499999997
3056,-0.0023190588,-0.321608,0.19945639599999998,2.22663318
3057,-0.0023180588,-0.281407,0.200903632,2.62341705
3058,-0.0023170587999999997,-0.321608,0.200903632,3.00130645
3059,-0.0023160588,-0.3015075,0.200903632,3.2847235
3060,-0.0023150588,-0.281407,0.19945639599999998,3.45477373
3061,-0.0023140587999999998,-0.3015075,0.202350868,3.41698479
3062,-0.0023130587999999996,-0.3015075,0.202350868,3.30361797
3063,-0.0023120588,-0.3015075,0.202350868,3.0202009199999997
3064,-0.0023110588,-0.281407,0.200903632,2.69899493
3065,-0.0023100587999999997,-0.3417085,0.202350868,2.37778894
3066,-0.0023090588,-0.321608,0.20379810399999998,2.11326636
3067,-0.0023080588,-0.3015075,0.20524534,1.88653272
3068,-0.0023070587999999997,-0.321608,0.20379810399999998,1.7164824899999997
3069,-0.0023060588,-0.3015075,0.20524534,1.6409046099999998
3070,-0.0023050588,-0.321608,0.20379810399999998,1.62201014
3071,-0.0023040587999999997,-0.3015075,0.20524534,1.69758802
3072,-0.0023030587999999996,-0.321608,0.20524534,1.7920603699999997
3073,-0.0023020588,-0.3015075,0.20524534,1.94321613
3074,-0.0023010587999999998,-0.321608,0.20379810399999998,2.0943718899999997
3075,-0.0023000587999999996,-0.321608,0.20379810399999998,2.2833165899999996
3076,-0.0022990588,-0.321608,0.20524534,2.51005023
3077,-0.0022980588,-0.281407,0.20379810399999998,2.7178894
3078,-0.0022970587999999997,-0.3015075,0.20379810399999998,2.88793963
3079,-0.0022960588,-0.321608,0.20524534,3.07688433
3080,-0.0022950588,-0.321608,0.20524534,3.2847235
3081,-0.0022940587999999997,-0.281407,0.20379810399999998,3.41698479
3082,-0.0022930588,-0.321608,0.20524534,3.43587926
3083,-0.0022920588,-0.3015075,0.20524534,3.4736681999999997
3084,-0.0022910587999999997,-0.3015075,0.20379810399999998,3.36030138
3085,-0.0022900587999999996,-0.321608,0.202350868,3.19025115
3086,-0.0022890588,-0.3015075,0.200903632,2.96351751
3087,-0.0022880587999999998,-0.321608,0.202350868,2.62341705
3088,-0.0022870587999999996,-0.321608,0.200903632,2.30221106
3089,-0.0022860588,-0.281407,0.202350868,1.98100507
3090,-0.0022850588,-0.3015075,0.202350868,1.7542714299999997
3091,-0.0022840587999999997,-0.321608,0.19945639599999998,1.6031156699999998
3092,-0.0022830588,-0.3015075,0.202350868,1.65979908
3093,-0.0022820588,-0.281407,0.202350868,1.90542719
3094,-0.0022810587999999997,-0.3015075,0.200903632,2.2455276499999997
3095,-0.0022800588,-0.321608,0.19945639599999998,2.68010046
3096,-0.0022790588,-0.321608,0.19945639599999998,3.0957787999999997
3097,-0.0022780587999999997,-0.3015075,0.200903632,3.34140691
3098,-0.0022770587999999996,-0.3015075,0.19945639599999998,3.45477373
3099,-0.0022760588,-0.3015075,0.200903632,3.36030138
3100,-0.0022750587999999998,-0.3015075,0.200903632,3.0579898599999997
3101,-0.0022740587999999996,-0.3015075,0.202350868,2.64231152
3102,-0.0022730588,-0.321608,0.200903632,2.2455276499999997
3103,-0.0022720588,-0.3015075,0.202350868,1.90542719
3104,-0.0022710587999999997,-0.3015075,0.202350868,1.6786935499999998
3105,-0.0022700588,-0.3015075,0.202350868,1.62201014
3106,-0.0022690588,-0.281407,0.20379810399999998,1.7164824899999997
3107,-0.0022680587999999997,-0.321608,0.20379810399999998,1.94321613
3108,-0.0022670588,-0.321608,0.20379810399999998,2.26442212
3109,-0.0022660588,-0.3015075,0.20379810399999998,2.56673364
3110,-0.0022650587999999998,-0.321608,0.20379810399999998,2.9068340999999998
3111,-0.0022640587999999996,-0.281407,0.202350868,3.11467327
3112,-0.0022630588,-0.3015075,0.206692576,3.3225124399999997
3113,-0.0022620588,-0.3015075,0.20379810399999998,3.45477373
3114,-0.0022610587999999997,-0.321608,0.20379810399999998,3.45477373
3115,-0.0022600588,-0.3015075,0.20524534,3.3980903199999997
3116,-0.0022590588,-0.281407,0.20379810399999998,3.30361797
3117,-0.0022580587999999997,-0.3015075,0.20379810399999998,3.19025115
3118,-0.0022570588,-0.321608,0.20524534,3.0579898599999997
3119,-0.0022560588,-0.281407,0.20379810399999998,2.8690451599999998
3120,-0.0022550587999999997,-0.321608,0.20379810399999998,2.69899493
3121,-0.0022540588,-0.321608,0.20379810399999998,2.49115576
3122,-0.0022530588,-0.321608,0.20379810399999998,2.30221106
3123,-0.0022520587999999998,-0.321608,0.20379810399999998,2.0943718899999997
3124,-0.0022510587999999996,-0.281407,0.20379810399999998,1.92432166
3125,-0.0022500588,-0.3015075,0.202350868,1.7731659
3126,-0.0022490588,-0.321608,0.20379810399999998,1.6786935499999998
3127,-0.0022480587999999997,-0.3015075,0.20379810399999998,1.5842212
3128,-0.0022470588,-0.3015075,0.202350868,1.65979908
3129,-0.0022460588,-0.3015075,0.202350868,1.7542714299999997
3130,-0.0022450587999999997,-0.321608,0.20379810399999998,1.9621106
3131,-0.0022440588,-0.3015075,0.20379810399999998,2.26442212
3132,-0.0022430588,-0.3417085,0.202350868,2.56673364
3133,-0.0022420587999999997,-0.3015075,0.200903632,2.92572857
3134,-0.0022410587999999996,-0.3015075,0.19945639599999998,3.26582903
3135,-0.0022400588,-0.3015075,0.200903632,3.43587926
3136,-0.0022390587999999998,-0.3015075,0.19945639599999998,3.43587926
3137,-0.0022380587999999996,-0.281407,0.19945639599999998,3.2847235
3138,-0.0022370588,-0.281407,0.19945639599999998,2.92572857
3139,-0.0022360588,-0.3015075,0.19945639599999998,2.54783917
3140,-0.0022350587999999997,-0.281407,0.202350868,2.0943718899999997
3141,-0.0022340588,-0.281407,0.19945639599999998,1.7542714299999997
3142,-0.0022330588,-0.3015075,0.200903632,1.6031156699999998
3143,-0.0022320587999999997,-0.3015075,0.200903632,1.69758802
3144,-0.0022310588,-0.3015075,0.202350868,1.9621106
3145,-0.0022300588,-0.3015075,0.20379810399999998,2.35889447
3146,-0.0022290587999999997,-0.281407,0.20379810399999998,2.81236175
3147,-0.0022280587999999996,-0.321608,0.202350868,3.1713566799999997
3148,-0.0022270588,-0.281407,0.20379810399999998,3.37919585
3149,-0.0022260587999999998,-0.281407,0.202350868,3.45477373
3150,-0.0022250587999999996,-0.3015075,0.20524534,3.3225124399999997
3151,-0.0022240588,-0.281407,0.202350868,3.0957787999999997
3152,-0.0022230588,-0.281407,0.20524534,2.73678387
3153,-0.0022220587999999997,-0.321608,0.20379810399999998,2.43447235
3154,-0.0022210588,-0.281407,0.20379810399999998,2.1510553
3155,-0.0022200588,-0.3015075,0.20524534,1.8676382499999997
3156,-0.0022190587999999997,-0.281407,0.20379810399999998,1.6786935499999998
3157,-0.0022180588,-0.3015075,0.20379810399999998,1.62201014
3158,-0.0022170588,-0.281407,0.20379810399999998,1.65979908
3159,-0.0022160587999999998,-0.2613065,0.202350868,1.7164824899999997
3160,-0.0022150587999999996,-0.3015075,0.20379810399999998,1.8298493099999997
3161,-0.0022140588,-0.281407,0.202350868,2.03768848
3162,-0.0022130588,-0.2613065,0.20379810399999998,2.2077387099999997
3163,-0.0022120587999999997,-0.3015075,0.20379810399999998,2.45336682
3164,-0.0022110588,-0.281407,0.202350868,2.62341705
3165,-0.0022100588,-0.3015075,0.200903632,2.8312562199999998
3166,-0.0022090587999999997,-0.3015075,0.202350868,3.00130645
3167,-0.0022080588,-0.3015075,0.200903632,3.19025115
3168,-0.0022070588,-0.3015075,0.202350868,3.3225124399999997
3169,-0.0022060587999999997,-0.281407,0.200903632,3.41698479
3170,-0.0022050588,-0.3015075,0.200903632,3.43587926
3171,-0.0022040588,-0.3015075,0.200903632,3.3980903199999997
3172,-0.0022030587999999998,-0.3015075,0.200903632,3.3225124399999997
3173,-0.0022020587999999996,-0.3015075,0.200903632,3.1713566799999997
3174,-0.0022010588,-0.3015075,0.19945639599999998,2.92572857
3175,-0.0022000588,-0.3015075,0.19945639599999998,2.60452258
3176,-0.0021990587999999997,-0.321608,0.19945639599999998,2.2455276499999997
3177,-0.0021980588,-0.281407,0.200903632,1.98100507
3178,-0.0021970588,-0.3015075,0.200903632,1.73537696
3179,-0.0021960587999999997,-0.281407,0.200903632,1.6031156699999998
3180,-0.0021950588,-0.281407,0.200903632,1.6786935499999998
3181,-0.0021940588,-0.281407,0.200903632,1.94321613
3182,-0.0021930587999999997,-0.3015075,0.200903632,2.34
3183,-0.0021920587999999996,-0.3015075,0.202350868,2.7934672799999998
3184,-0.0021910588,-0.281407,0.200903632,3.1335677399999997
3185,-0.0021900587999999998,-0.3015075,0.200903632,3.3980903199999997
3186,-0.0021890587999999996,-0.3015075,0.202350868,3.43587926
3187,-0.0021880588,-0.281407,0.20379810399999998,3.26582903
3188,-0.0021870588,-0.2613065,0.20379810399999998,2.92572857
3189,-0.0021860587999999997,-0.3015075,0.20524534,2.41557788
3190,-0.0021850588,-0.3015075,0.20524534,2.03768848
3191,-0.0021840588,-0.281407,0.20379810399999998,1.7164824899999997
3192,-0.0021830587999999997,-0.281407,0.20379810399999998,1.62201014
3193,-0.0021820588,-0.3015075,0.20379810399999998,1.65979908
3194,-0.0021810588,-0.3015075,0.20379810399999998,1.90542719
3195,-0.0021800587999999997,-0.2613065,0.206692576,2.2455276499999997
3196,-0.0021790587999999996,-0.281407,0.20379810399999998,2.56673364
3197,-0.0021780588,-0.281407,0.20524534,2.96351751
3198,-0.0021770588,-0.2613065,0.20379810399999998,3.2469345599999997
3199,-0.0021760587999999997,-0.281407,0.202350868,3.3980903199999997
3200,-0.0021750588,-0.281407,0.20379810399999998,3.45477373
3201,-0.0021740588,-0.3015075,0.20379810399999998,3.41698479
3202,-0.0021730587999999997,-0.281407,0.20379810399999998,3.30361797
3203,-0.0021720588,-0.281407,0.202350868,3.1335677399999997
3204,-0.0021710588,-0.281407,0.202350868,2.96351751
3205,-0.0021700587999999997,-0.3015075,0.200903632,2.75567834
3206,-0.0021690588,-0.281407,0.200903632,2.49115576
3207,-0.0021680588,-0.281407,0.202350868,2.30221106
3208,-0.0021670587999999998,-0.281407,0.200903632,2.1321608299999997
3209,-0.0021660587999999996,-0.2613065,0.200903632,1.98100507
3210,-0.0021650588,-0.281407,0.19945639599999998,1.84874378
3211,-0.0021640588,-0.2613065,0.202350868,1.69758802
3212,-0.0021630587999999997,-0.3015075,0.200903632,1.6409046099999998
3213,-0.0021620588,-0.3015075,0.200903632,1.62201014
3214,-0.0021610588,-0.281407,0.202350868,1.62201014
3215,-0.0021600587999999997,-0.2613065,0.200903632,1.69758802
3216,-0.0021590588,-0.281407,0.200903632,1.88653272
3217,-0.0021580588,-0.2613065,0.19945639599999998,2.0187940099999997
3218,-0.0021570587999999997,-0.3015075,0.20379810399999998,2.34
3219,-0.0021560588,-0.3015075,0.202350868,2.62341705
3220,-0.0021550588,-0.281407,0.200903632,2.92572857
3221,-0.0021540587999999998,-0.281407,0.19945639599999998,3.22804009
3222,-0.0021530587999999996,-0.2613065,0.202350868,3.41698479
3223,-0.0021520588,-0.2613065,0.202350868,3.4736681999999997
3224,-0.0021510588,-0.281407,0.202350868,3.34140691
3225,-0.0021500587999999997,-0.281407,0.20379810399999998,3.0957787999999997
3226,-0.0021490588,-0.281407,0.20379810399999998,2.68010046
3227,-0.0021480588,-0.281407,0.20379810399999998,2.22663318
3228,-0.0021470587999999997,-0.3015075,0.202350868,1.8298493099999997
3229,-0.0021460588,-0.281407,0.20524534,1.6031156699999998
3230,-0.0021450588,-0.281407,0.20379810399999998,1.62201014
3231,-0.0021440587999999997,-0.3015075,0.20379810399999998,1.8676382499999997
3232,-0.0021430587999999996,-0.2613065,0.20379810399999998,2.3211055299999996
3233,-0.0021420588,-0.241206,0.20379810399999998,2.73678387
3234,-0.0021410587999999998,-0.281407,0.20379810399999998,3.19025115
3235,-0.0021400587999999996,-0.2613065,0.20524534,3.41698479
3236,-0.0021390588,-0.281407,0.20379810399999998,3.49256267
3237,-0.0021380588,-0.2613065,0.20379810399999998,3.30361797
3238,-0.0021370587999999997,-0.2613065,0.202350868,2.9446230399999997
3239,-0.0021360588,-0.2613065,0.200903632,2.5289447
3240,-0.0021350588,-0.281407,0.200903632,2.1510553
3241,-0.0021340587999999997,-0.281407,0.202350868,1.8676382499999997
3242,-0.0021330588,-0.2613065,0.202350868,1.6786935499999998
3243,-0.0021320588,-0.281407,0.200903632,1.5842212
3244,-0.0021310587999999997,-0.281407,0.202350868,1.6409046099999998
3245,-0.0021300587999999996,-0.281407,0.200903632,1.7920603699999997
3246,-0.0021290588,-0.281407,0.200903632,1.99989954
3247,-0.0021280588,-0.3015075,0.200903632,2.2455276499999997
3248,-0.0021270587999999997,-0.3015075,0.200903632,2.47226129
3249,-0.0021260588,-0.281407,0.200903632,2.77457281
3250,-0.0021250588,-0.2613065,0.200903632,2.9446230399999997
3251,-0.0021240587999999997,-0.281407,0.202350868,3.15246221
3252,-0.0021230588,-0.281407,0.202350868,3.2847235
3253,-0.0021220588,-0.281407,0.202350868,3.3980903199999997
3254,-0.0021210587999999997,-0.281407,0.202350868,3.45477373
3255,-0.0021200588,-0.2613065,0.200903632,3.45477373
3256,-0.0021190588,-0.2613065,0.200903632,3.43587926
3257,-0.0021180587999999998,-0.2613065,0.202350868,3.3225124399999997
3258,-0.0021170587999999996,-0.3015075,0.200903632,3.2091456199999997
3259,-0.0021160588,-0.281407,0.200903632,3.00130645
3260,-0.0021150588,-0.281407,0.200903632,2.75567834
3261,-0.0021140587999999997,-0.3015075,0.200903632,2.51005023
3262,-0.0021130588,-0.2613065,0.202350868,2.18884424
3263,-0.0021120588,-0.281407,0.202350868,1.9621106
3264,-0.0021110587999999997,-0.281407,0.20379810399999998,1.7164824899999997
3265,-0.0021100588,-0.2613065,0.202350868,1.6031156699999998
3266,-0.0021090588,-0.281407,0.20379810399999998,1.6409046099999998
3267,-0.0021080587999999997,-0.281407,0.20379810399999998,1.7731659
3268,-0.0021070588,-0.281407,0.20524534,2.1321608299999997
3269,-0.0021060588,-0.281407,0.20379810399999998,2.54783917
3270,-0.0021050587999999998,-0.281407,0.20379810399999998,3.0202009199999997
3271,-0.0021040587999999996,-0.281407,0.20379810399999998,3.3225124399999997
3272,-0.0021030588,-0.2613065,0.20379810399999998,3.45477373
3273,-0.0021020588,-0.281407,0.20524534,3.37919585
3274,-0.0021010587999999997,-0.2613065,0.20379810399999998,3.03909539
3275,-0.0021000588,-0.281407,0.20379810399999998,2.54783917
3276,-0.0020990588,-0.2613065,0.20524534,2.07547742
3277,-0.0020980587999999997,-0.3015075,0.202350868,1.73537696
3278,-0.0020970588,-0.281407,0.20379810399999998,1.5842212
3279,-0.0020960588,-0.2613065,0.20379810399999998,1.69758802
3280,-0.0020950587999999997,-0.2613065,0.20379810399999998,2.0187940099999997
3281,-0.0020940587999999996,-0.2613065,0.202350868,2.39668341
3282,-0.0020930588,-0.2613065,0.202350868,2.85015069
3283,-0.0020920587999999998,-0.281407,0.200903632,3.2091456199999997
3284,-0.0020910587999999996,-0.2613065,0.200903632,3.43587926
3285,-0.0020900588,-0.2613065,0.202350868,3.45477373
3286,-0.0020890588,-0.2613065,0.202350868,3.34140691
3287,-0.0020880587999999997,-0.2613065,0.202350868,3.0957787999999997
3288,-0.0020870588,-0.281407,0.202350868,2.7178894
3289,-0.0020860588,-0.281407,0.202350868,2.39668341
3290,-0.0020850587999999997,-0.3015075,0.202350868,2.07547742
3291,-0.0020840588,-0.2613065,0.202350868,1.84874378
3292,-0.0020830588,-0.281407,0.200903632,1.65979908
3293,-0.0020820587999999998,-0.281407,0.202350868,1.6031156699999998
3294,-0.0020810587999999996,-0.241206,0.200903632,1.6031156699999998
3295,-0.0020800588,-0.2613065,0.202350868,1.73537696
3296,-0.0020790588,-0.281407,0.202350868,1.84874378
3297,-0.0020780587999999997,-0.281407,0.200903632,2.03768848
3298,-0.0020770588,-0.2613065,0.20379810399999998,2.26442212
3299,-0.0020760588,-0.2613065,0.20379810399999998,2.5289447
3300,-0.0020750587999999997,-0.241206,0.20379810399999998,2.73678387
3301,-0.0020740588,-0.3015075,0.20379810399999998,2.9446230399999997
3302,-0.0020730588,-0.281407,0.20379810399999998,3.1713566799999997
3303,-0.0020720587999999997,-0.2613065,0.20379810399999998,3.30361797
3304,-0.0020710588,-0.2613065,0.20379810399999998,3.41698479
3305,-0.0020700588,-0.2613065,0.20379810399999998,3.4736681999999997
3306,-0.0020690587999999998,-0.2613065,0.202350868,3.3980903199999997
3307,-0.0020680587999999996,-0.2613065,0.20379810399999998,3.26582903
3308,-0.0020670588,-0.2613065,0.20379810399999998,3.00130645
3309,-0.0020660588,-0.3015075,0.20379810399999998,2.69899493
3310,-0.0020650587999999997,-0.281407,0.202350868,2.3211055299999996
3311,-0.0020640588,-0.281407,0.20379810399999998,1.99989954
3312,-0.0020630588,-0.281407,0.202350868,1.69758802
3313,-0.0020620587999999997,-0.2613065,0.200903632,1.62201014
3314,-0.0020610588,-0.281407,0.202350868,1.65979908
3315,-0.0020600588,-0.2211055,0.20379810399999998,1.92432166
3316,-0.0020590587999999997,-0.2613065,0.200903632,2.35889447
3317,-0.0020580588,-0.281407,0.202350868,2.77457281
3318,-0.0020570588,-0.281407,0.200903632,3.2469345599999997
3319,-0.0020560587999999998,-0.2613065,0.202350868,3.43587926
3320,-0.0020550587999999996,-0.2613065,0.200903632,3.43587926
3321,-0.0020540588,-0.2613065,0.202350868,3.2091456199999997
3322,-0.0020530588,-0.241206,0.200903632,2.77457281
3323,-0.0020520587999999997,-0.2613065,0.202350868,2.34
3324,-0.0020510588,-0.2613065,0.202350868,1.9621106
3325,-0.0020500588,-0.2211055,0.200903632,1.65979908
3326,-0.0020490587999999997,-0.2613065,0.200903632,1.5842212
3327,-0.0020480588,-0.281407,0.20379810399999998,1.73537696
3328,-0.0020470588,-0.2613065,0.20379810399999998,2.03768848
3329,-0.0020460587999999997,-0.2613065,0.20379810399999998,2.43447235
3330,-0.0020450587999999996,-0.281407,0.202350868,2.8690451599999998
3331,-0.0020440588,-0.2613065,0.20379810399999998,3.2091456199999997
3332,-0.0020430587999999998,-0.241206,0.200903632,3.43587926
3333,-0.0020420587999999996,-0.2613065,0.20379810399999998,3.45477373
3334,-0.0020410588,-0.2613065,0.20379810399999998,3.36030138
3335,-0.0020400588,-0.281407,0.20379810399999998,3.1713566799999997
3336,-0.0020390587999999997,-0.2613065,0.20524534,2.8690451599999998
3337,-0.0020380588,-0.241206,0.20379810399999998,2.49115576
3338,-0.0020370588,-0.2613065,0.20379810399999998,2.22663318
3339,-0.0020360587999999997,-0.2613065,0.202350868,1.9621106
3340,-0.0020350588,-0.2613065,0.20379810399999998,1.7542714299999997
3341,-0.0020340588,-0.2613065,0.20379810399999998,1.6031156699999998
3342,-0.0020330587999999998,-0.2613065,0.202350868,1.5842212
3343,-0.0020320587999999996,-0.241206,0.20379810399999998,1.62201014
3344,-0.0020310588,-0.281407,0.20379810399999998,1.7164824899999997
3345,-0.0020300588,-0.2613065,0.20379810399999998,1.88653272
3346,-0.0020290587999999997,-0.2613065,0.20379810399999998,2.0943718899999997
3347,-0.0020280588,-0.241206,0.202350868,2.3211055299999996
3348,-0.0020270588,-0.2613065,0.20379810399999998,2.56673364
3349,-0.0020260587999999997,-0.2613065,0.202350868,2.8690451599999998
3350,-0.0020250588,-0.2613065,0.202350868,3.11467327
3351,-0.0020240588,-0.281407,0.202350868,3.36030138
3352,-0.0020230587999999997,-0.281407,0.202350868,3.45477373
3353,-0.0020220588,-0.2613065,0.202350868,3.45477373
3354,-0.0020210588,-0.2613065,0.202350868,3.34140691
3355,-0.0020200587999999998,-0.281407,0.202350868,3.1335677399999997
3356,-0.0020190587999999996,-0.281407,0.202350868,2.7934672799999998
3357,-0.0020180588,-0.2613065,0.202350868,2.39668341
3358,-0.0020170588,-0.2613065,0.20379810399999998,2.03768848
3359,-0.0020160587999999997,-0.241206,0.202350868,1.7164824899999997
3360,-0.0020150588,-0.2613065,0.200903632,1.5842212
3361,-0.0020140588,-0.2613065,0.200903632,1.6409046099999998
3362,-0.0020130587999999997,-0.2613065,0.202350868,1.94321613
3363,-0.0020120588,-0.281407,0.200903632,2.34
3364,-0.0020110588,-0.2211055,0.200903632,2.75567834
3365,-0.0020100587999999997,-0.2613065,0.20379810399999998,3.2091456199999997
3366,-0.0020090588,-0.2613065,0.20379810399999998,3.41698479
3367,-0.0020080588,-0.2613065,0.200903632,3.43587926
3368,-0.0020070587999999998,-0.2211055,0.20379810399999998,3.2091456199999997
3369,-0.0020060587999999996,-0.2613065,0.202350868,2.81236175
3370,-0.0020050588,-0.281407,0.202350868,2.3211055299999996
3371,-0.0020040588,-0.2613065,0.20379810399999998,1.90542719
3372,-0.0020030587999999997,-0.2211055,0.20379810399999998,1.62201014
3373,-0.0020020588,-0.2613065,0.20379810399999998,1.6031156699999998
3374,-0.0020010588,-0.241206,0.20379810399999998,1.69758802
3375,-0.0020000587999999997,-0.2613065,0.20379810399999998,2.07547742
3376,-0.0019990588,-0.2613065,0.20379810399999998,2.49115576
3377,-0.0019980588,-0.281407,0.202350868,2.92572857
3378,-0.0019970587999999997,-0.241206,0.202350868,3.2469345599999997
3379,-0.0019960587999999996,-0.2613065,0.20379810399999998,3.43587926
3380,-0.0019950588,-0.281407,0.202350868,3.45477373
3381,-0.0019940587999999998,-0.2613065,0.202350868,3.37919585
3382,-0.0019930587999999996,-0.2211055,0.202350868,3.1713566799999997
3383,-0.0019920588,-0.241206,0.20379810399999998,2.85015069
3384,-0.0019910588,-0.2613065,0.202350868,2.49115576
3385,-0.0019900587999999997,-0.2613065,0.20379810399999998,2.1699497699999997
3386,-0.0019890588,-0.241206,0.20379810399999998,1.90542719
3387,-0.0019880588,-0.2613065,0.202350868,1.7164824899999997
3388,-0.0019870587999999997,-0.241206,0.200903632,1.6031156699999998
3389,-0.0019860588,-0.241206,0.200903632,1.6031156699999998
3390,-0.0019850588,-0.2211055,0.202350868,1.6409046099999998
3391,-0.0019840587999999998,-0.241206,0.20379810399999998,1.7731659
3392,-0.0019830587999999996,-0.281407,0.202350868,1.99989954
3393,-0.0019820588,-0.2613065,0.202350868,2.26442212
3394,-0.0019810588,-0.2613065,0.202350868,2.56673364
3395,-0.0019800587999999997,-0.241206,0.20379810399999998,2.8690451599999998
3396,-0.0019790588,-0.2613065,0.200903632,3.1335677399999997
3397,-0.0019780588,-0.2613065,0.202350868,3.3225124399999997
3398,-0.0019770587999999997,-0.2613065,0.20379810399999998,3.45477373
3399,-0.0019760588,-0.241206,0.20379810399999998,3.45477373
3400,-0.0019750588,-0.241206,0.202350868,3.26582903
3401,-0.0019740587999999997,-0.241206,0.20379810399999998,2.9824119799999997
3402,-0.0019730588,-0.281407,0.200903632,2.64231152
3403,-0.0019720588,-0.241206,0.202350868,2.22663318
3404,-0.0019710587999999998,-0.241206,0.202350868,1.8676382499999997
3405,-0.0019700587999999996,-0.241206,0.20379810399999998,1.6409046099999998
3406,-0.0019690588,-0.241206,0.202350868,1.5842212
3407,-0.0019680588,-0.2613065,0.20379810399999998,1.7542714299999997
3408,-0.0019670587999999997,-0.2613065,0.202350868,2.0187940099999997
3409,-0.0019660588,-0.2211055,0.202350868,2.47226129
3410,-0.0019650588,-0.2613065,0.202350868,2.9068340999999998
3411,-0.0019640587999999997,-0.2613065,0.202350868,3.30361797
3412,-0.0019630588,-0.241206,0.202350868,3.45477373
3413,-0.0019620588,-0.2211055,0.202350868,3.41698479
3414,-0.0019610587999999997,-0.2613065,0.20379810399999998,3.11467327
3415,-0.0019600588,-0.241206,0.20379810399999998,2.68010046
3416,-0.0019590588,-0.2613065,0.200903632,2.2077387099999997
3417,-0.0019580587999999998,-0.241206,0.202350868,1.84874378
3418,-0.0019570587999999996,-0.241206,0.200903632,1.6031156699999998
3419,-0.0019560588,-0.2613065,0.202350868,1.6031156699999998
3420,-0.0019550588,-0.2613065,0.202350868,1.84874378
3421,-0.0019540587999999997,-0.241206,0.20524534,2.2833165899999996
3422,-0.0019530588,-0.241206,0.202350868,2.7178894
3423,-0.0019520587999999998,-0.241206,0.202350868,3.1713566799999997
3424,-0.0019510587999999997,-0.2613065,0.202350868,3.41698479
3425,-0.0019500588,-0.241206,0.202350868,3.4736681999999997
3426,-0.0019490587999999999,-0.241206,0.202350868,3.3225124399999997
3427,-0.0019480587999999997,-0.2613065,0.202350868,3.07688433
3428,-0.0019470587999999996,-0.2211055,0.202350868,2.7178894
3429,-0.0019460588,-0.241206,0.20379810399999998,2.2833165899999996
3430,-0.0019450587999999998,-0.2613065,0.202350868,1.92432166
3431,-0.0019440587999999996,-0.241206,0.202350868,1.7164824899999997
3432,-0.0019430588,-0.241206,0.20379810399999998,1.5842212
3433,-0.0019420587999999998,-0.241206,0.20379810399999998,1.6031156699999998
3434,-0.0019410587999999997,-0.2613065,0.20379810399999998,1.73537696
3435,-0.0019400588,-0.241206,0.20379810399999998,1.9621106
3436,-0.0019390587999999999,-0.2613065,0.202350868,2.26442212
3437,-0.0019380587999999997,-0.2613065,0.20379810399999998,2.62341705
3438,-0.0019370588,-0.241206,0.20379810399999998,2.9068340999999998
3439,-0.0019360587999999999,-0.241206,0.202350868,3.2091456199999997
3440,-0.0019350587999999998,-0.241206,0.202350868,3.37919585
3441,-0.0019340587999999996,-0.241206,0.202350868,3.45477373
3442,-0.0019330588,-0.241206,0.20379810399999998,3.45477373
3443,-0.0019320587999999998,-0.241206,0.202350868,3.3225124399999997
3444,-0.0019310587999999997,-0.241206,0.202350868,3.11467327
3445,-0.0019300588,-0.241206,0.202350868,2.7934672799999998
3446,-0.0019290587999999998,-0.241206,0.20379810399999998,2.39668341
3447,-0.0019280587999999997,-0.241206,0.202350868,2.0565829499999997
3448,-0.0019270588,-0.241206,0.19945639599999998,1.7731659
3449,-0.0019260587999999999,-0.2211055,0.202350868,1.6031156699999998
3450,-0.0019250587999999997,-0.241206,0.202350868,1.5653267299999998
3451,-0.0019240588,-0.241206,0.202350868,1.7542714299999997
3452,-0.0019230588,-0.241206,0.20379810399999998,2.0565829499999997
3453,-0.0019220587999999998,-0.2211055,0.202350868,2.49115576
3454,-0.0019210587999999996,-0.2211055,0.200903632,2.92572857
3455,-0.0019200588,-0.241206,0.202350868,3.2847235
3456,-0.0019190587999999998,-0.241206,0.20379810399999998,3.45477373
3457,-0.0019180587999999997,-0.241206,0.202350868,3.43587926
3458,-0.0019170588,-0.2211055,0.202350868,3.1335677399999997
3459,-0.0019160587999999998,-0.241206,0.202350868,2.68010046
3460,-0.0019150587999999997,-0.241206,0.20379810399999998,2.2077387099999997
3461,-0.0019140588,-0.2211055,0.200903632,1.7920603699999997
3462,-0.0019130587999999999,-0.2211055,0.202350868,1.5842212
3463,-0.0019120587999999997,-0.241206,0.20379810399999998,1.62201014
3464,-0.0019110588,-0.2613065,0.202350868,1.94321613
3465,-0.0019100588,-0.241206,0.20379810399999998,2.39668341
3466,-0.0019090587999999998,-0.241206,0.202350868,2.88793963
3467,-0.0019080587999999996,-0.241206,0.20379810399999998,3.30361797
3468,-0.0019070588,-0.241206,0.202350868,3.45477373
3469,-0.0019060587999999998,-0.241206,0.20379810399999998,3.36030138
3470,-0.0019050587999999997,-0.241206,0.20379810399999998,3.1713566799999997
3471,-0.0019040588,-0.2211055,0.20379810399999998,2.73678387
3472,-0.0019030587999999998,-0.2613065,0.202350868,2.2833165899999996
3473,-0.0019020587999999997,-0.241206,0.200903632,1.9621106
3474,-0.0019010588,-0.2613065,0.202350868,1.6786935499999998
3475,-0.0019000587999999999,-0.241206,0.200903632,1.5653267299999998
3476,-0.0018990587999999997,-0.241206,0.200903632,1.6031156699999998
3477,-0.0018980587999999996,-0.2613065,0.202350868,1.73537696
3478,-0.0018970588,-0.241206,0.202350868,2.0187940099999997
3479,-0.0018960587999999998,-0.2613065,0.200903632,2.34
3480,-0.0018950587999999997,-0.2211055,0.202350868,2.66120599
3481,-0.0018940588,-0.241206,0.20379810399999998,2.9446230399999997
3482,-0.0018930587999999998,-0.2211055,0.19945639599999998,3.2091456199999997
3483,-0.0018920587999999997,-0.241206,0.200903632,3.37919585
3484,-0.0018910588,-0.2211055,0.202350868,3.4736681999999997
3485,-0.0018900587999999999,-0.241206,0.200903632,3.4736681999999997
3486,-0.0018890587999999997,-0.241206,0.20379810399999998,3.3225124399999997
3487,-0.0018880588,-0.2613065,0.202350868,3.1335677399999997
3488,-0.0018870587999999999,-0.2211055,0.20379810399999998,2.8690451599999998
3489,-0.0018860587999999998,-0.2613065,0.20379810399999998,2.56673364
3490,-0.0018850587999999996,-0.2613065,0.20379810399999998,2.22663318
3491,-0.0018840588,-0.2211055,0.202350868,1.92432166
3492,-0.0018830587999999998,-0.2613065,0.202350868,1.7164824899999997
3493,-0.0018820587999999997,-0.2211055,0.20379810399999998,1.5653267299999998
3494,-0.0018810588,-0.2211055,0.20379810399999998,1.5653267299999998
3495,-0.0018800587999999998,-0.2211055,0.20524534,1.7731659
3496,-0.0018790587999999997,-0.241206,0.202350868,2.0565829499999997
3497,-0.0018780588,-0.2211055,0.20524534,2.43447235
3498,-0.0018770587999999999,-0.241206,0.20379810399999998,2.9068340999999998
3499,-0.0018760587999999997,-0.241206,0.202350868,3.22804009
3500,-0.0018750588,-0.2613065,0.20379810399999998,3.41698479
3501,-0.0018740588,-0.241206,0.202350868,3.4736681999999997
3502,-0.0018730587999999998,-0.201005,0.202350868,3.2847235
3503,-0.0018720587999999996,-0.2211055,0.20379810399999998,2.88793963
3504,-0.0018710588,-0.201005,0.202350868,2.3211055299999996
3505,-0.0018700587999999998,-0.241206,0.202350868,1.94321613
3506,-0.0018690587999999997,-0.241206,0.200903632,1.62201014
3507,-0.0018680588,-0.2211055,0.202350868,1.5842212
3508,-0.0018670587999999998,-0.2211055,0.200903632,1.8298493099999997
3509,-0.0018660587999999997,-0.241206,0.200903632,2.2833165899999996
3510,-0.0018650588,-0.2211055,0.200903632,2.73678387
3511,-0.0018640587999999999,-0.241206,0.20379810399999998,3.22804009
3512,-0.0018630587999999997,-0.2613065,0.200903632,3.45477373
3513,-0.0018620588,-0.241206,0.200903632,3.4736681999999997
3514,-0.0018610588,-0.241206,0.20379810399999998,3.2469345599999997
3515,-0.0018600587999999998,-0.201005,0.202350868,2.88793963
3516,-0.0018590587999999996,-0.241206,0.202350868,2.41557788
3517,-0.0018580588,-0.201005,0.202350868,2.07547742
3518,-0.0018570587999999998,-0.241206,0.20379810399999998,1.7542714299999997
3519,-0.0018560587999999997,-0.241206,0.20379810399999998,1.6031156699999998
3520,-0.0018550588,-0.2211055,0.20379810399999998,1.5653267299999998
3521,-0.0018540587999999998,-0.241206,0.202350868,1.69758802
3522,-0.0018530587999999997,-0.2211055,0.20379810399999998,1.90542719
3523,-0.0018520588,-0.241206,0.20379810399999998,2.30221106
3524,-0.0018510587999999999,-0.201005,0.20524534,2.66120599
3525,-0.0018500587999999998,-0.201005,0.20379810399999998,2.92572857
3526,-0.0018490587999999996,-0.2211055,0.20524534,3.2091456199999997
3527,-0.0018480588,-0.2211055,0.20524534,3.37919585
3528,-0.0018470587999999998,-0.201005,0.202350868,3.4736681999999997
3529,-0.0018460587999999997,-0.2211055,0.20379810399999998,3.4736681999999997
3530,-0.0018450588,-0.2211055,0.20379810399999998,3.3225124399999997
3531,-0.0018440587999999998,-0.241206,0.20379810399999998,3.1335677399999997
3532,-0.0018430587999999997,-0.241206,0.202350868,2.8312562199999998
3533,-0.0018420588,-0.241206,0.202350868,2.56673364
3534,-0.0018410587999999999,-0.2211055,0.20379810399999998,2.22663318
3535,-0.0018400587999999997,-0.241206,0.20379810399999998,1.92432166
3536,-0.0018390588,-0.241206,0.202350868,1.6786935499999998
3537,-0.0018380588,-0.2211055,0.202350868,1.5653267299999998
3538,-0.0018370587999999998,-0.2211055,0.202350868,1.5842212
3539,-0.0018360587999999996,-0.2211055,0.202350868,1.7920603699999997
3540,-0.0018350588,-0.2211055,0.202350868,2.03768848
3541,-0.0018340587999999998,-0.2211055,0.202350868,2.39668341
3542,-0.0018330587999999997,-0.201005,0.20379810399999998,2.81236175
3543,-0.0018320588,-0.201005,0.202350868,3.1713566799999997
3544,-0.0018310587999999998,-0.2211055,0.202350868,3.41698479
3545,-0.0018300587999999997,-0.241206,0.200903632,3.45477373
3546,-0.0018290588,-0.241206,0.200903632,3.2847235
3547,-0.0018280587999999999,-0.2211055,0.200903632,2.88793963
3548,-0.0018270587999999997,-0.2211055,0.200903632,2.41557788
3549,-0.0018260588,-0.2211055,0.200903632,1.94321613
3550,-0.0018250588,-0.2211055,0.20379810399999998,1.62201014
3551,-0.0018240587999999998,-0.241206,0.202350868,1.54643226
3552,-0.0018230587999999996,-0.2211055,0.202350868,1.73537696
3553,-0.0018220588,-0.2211055,0.200903632,2.2077387099999997
3554,-0.0018210587999999998,-0.241206,0.202350868,2.69899493
3555,-0.0018200587999999997,-0.2211055,0.20379810399999998,3.15246221
3556,-0.0018190588,-0.2211055,0.202350868,3.41698479
3557,-0.0018180587999999998,-0.241206,0.20379810399999998,3.45477373
3558,-0.0018170587999999997,-0.241206,0.20524534,3.2469345599999997
3559,-0.0018160588,-0.2211055,0.20379810399999998,2.92572857
3560,-0.0018150587999999999,-0.201005,0.202350868,2.49115576
3561,-0.0018140587999999997,-0.201005,0.20379810399999998,2.0565829499999997
3562,-0.0018130588,-0.2211055,0.20379810399999998,1.7164824899999997
3563,-0.0018120588,-0.2211055,0.20379810399999998,1.5842212
3564,-0.0018110587999999998,-0.2211055,0.20379810399999998,1.5653267299999998
3565,-0.0018100587999999996,-0.241206,0.20379810399999998,1.7731659
3566,-0.0018090588,-0.241206,0.20379810399999998,2.0943718899999997
3567,-0.0018080587999999998,-0.2211055,0.202350868,2.39668341
3568,-0.0018070587999999997,-0.201005,0.202350868,2.77457281
3569,-0.0018060588,-0.241206,0.202350868,3.0957787999999997
3570,-0.0018050587999999998,-0.201005,0.20379810399999998,3.34140691
3571,-0.0018040587999999997,-0.2211055,0.200903632,3.4736681999999997
3572,-0.0018030588,-0.201005,0.202350868,3.4736681999999997
3573,-0.0018020587999999999,-0.2211055,0.19945639599999998,3.37919585
3574,-0.0018010587999999998,-0.2211055,0.200903632,3.1713566799999997
3575,-0.0018000587999999996,-0.201005,0.20379810399999998,2.8690451599999998
3576,-0.0017990588,-0.241206,0.200903632,2.5289447
3577,-0.0017980587999999998,-0.241206,0.200903632,2.2455276499999997
3578,-0.0017970587999999997,-0.2211055,0.200903632,1.88653272
3579,-0.0017960588,-0.241206,0.200903632,1.6786935499999998
3580,-0.0017950587999999998,-0.2211055,0.202350868,1.54643226
3581,-0.0017940587999999997,-0.241206,0.200903632,1.5653267299999998
3582,-0.0017930588,-0.241206,0.202350868,1.73537696
3583,-0.0017920587999999999,-0.2211055,0.202350868,1.98100507
3584,-0.0017910587999999997,-0.201005,0.200903632,2.37778894
3585,-0.0017900588,-0.2211055,0.20379810399999998,2.81236175
3586,-0.0017890588,-0.2211055,0.202350868,3.1335677399999997
3587,-0.0017880587999999998,-0.2211055,0.202350868,3.43587926
3588,-0.0017870587999999996,-0.201005,0.202350868,3.4736681999999997
3589,-0.0017860588,-0.201005,0.20379810399999998,3.30361797
3590,-0.0017850587999999998,-0.2211055,0.20379810399999998,2.92572857
3591,-0.0017840587999999997,-0.201005,0.20379810399999998,2.43447235
3592,-0.0017830588,-0.2211055,0.20379810399999998,2.0187940099999997
3593,-0.0017820587999999998,-0.201005,0.20379810399999998,1.6786935499999998
3594,-0.0017810587999999997,-0.201005,0.20524534,1.5842212
3595,-0.0017800588,-0.201005,0.202350868,1.6786935499999998
3596,-0.0017790587999999999,-0.241206,0.202350868,2.07547742
3597,-0.0017780587999999997,-0.201005,0.20379810399999998,2.51005023
3598,-0.0017770588,-0.2211055,0.20379810399999998,2.9824119799999997
3599,-0.0017760588,-0.2211055,0.202350868,3.34140691
3600,-0.0017750587999999998,-0.201005,0.202350868,3.49256267
3601,-0.0017740587999999996,-0.201005,0.200903632,3.36030138
3602,-0.0017730588,-0.2211055,0.19945639599999998,3.0957787999999997
3603,-0.0017720587999999998,-0.201005,0.200903632,2.62341705
3604,-0.0017710587999999997,-0.201005,0.200903632,2.1510553
3605,-0.0017700588,-0.2211055,0.200903632,1.7920603699999997
3606,-0.0017690587999999998,-0.201005,0.202350868,1.62201014
3607,-0.0017680587999999997,-0.2211055,0.200903632,1.5653267299999998
3608,-0.0017670588,-0.201005,0.19945639599999998,1.73537696
3609,-0.0017660587999999999,-0.201005,0.200903632,2.07547742
3610,-0.0017650587999999997,-0.201005,0.202350868,2.45336682
3611,-0.0017640588,-0.201005,0.19945639599999998,2.7934672799999998
3612,-0.0017630588,-0.201005,0.202350868,3.19025115
3613,-0.0017620587999999998,-0.201005,0.20379810399999998,3.3980903199999997
3614,-0.0017610587999999996,-0.2211055,0.202350868,3.45477373
3615,-0.0017600588,-0.2211055,0.20379810399999998,3.41698479
3616,-0.0017590587999999998,-0.2211055,0.200903632,3.22804009
3617,-0.0017580587999999997,-0.2211055,0.202350868,2.92572857
3618,-0.0017570588,-0.201005,0.20524534,2.56673364
3619,-0.0017560587999999999,-0.241206,0.202350868,2.26442212
3620,-0.0017550587999999997,-0.2211055,0.20379810399999998,1.92432166
3621,-0.0017540588,-0.201005,0.20379810399999998,1.6409046099999998
3622,-0.0017530587999999999,-0.201005,0.206692576,1.5653267299999998
3623,-0.0017520587999999998,-0.241206,0.20379810399999998,1.6031156699999998
3624,-0.0017510587999999996,-0.2211055,0.20379810399999998,1.7731659
3625,-0.0017500588,-0.2211055,0.20379810399999998,2.03768848
3626,-0.0017490587999999998,-0.201005,0.20379810399999998,2.3211055299999996
3627,-0.0017480587999999997,-0.201005,0.20524534,2.7934672799999998
3628,-0.0017470588,-0.2211055,0.20379810399999998,3.11467327
3629,-0.0017460587999999998,-0.201005,0.202350868,3.3225124399999997
3630,-0.0017450587999999997,-0.2211055,0.20379810399999998,3.45477373
3631,-0.0017440588,-0.1809045,0.20379810399999998,3.41698479
3632,-0.0017430587999999999,-0.2211055,0.20379810399999998,3.22804009
3633,-0.0017420587999999997,-0.2211055,0.202350868,2.85015069
3634,-0.0017410588,-0.2211055,0.202350868,2.39668341
3635,-0.0017400588,-0.201005,0.200903632,1.99989954
3636,-0.0017390587999999998,-0.2211055,0.200903632,1.69758802
3637,-0.0017380587999999996,-0.201005,0.19945639599999998,1.5275377899999998
3638,-0.0017370588,-0.201005,0.200903632,1.62201014
3639,-0.0017360587999999998,-0.201005,0.202350868,1.94321613
3640,-0.0017350587999999997,-0.201005,0.200903632,2.39668341
3641,-0.0017340588,-0.201005,0.200903632,2.8312562199999998
3642,-0.0017330587999999998,-0.2211055,0.200903632,3.1713566799999997
3643,-0.0017320587999999997,-0.201005,0.19945639599999998,3.45477373
3644,-0.0017310588,-0.201005,0.202350868,3.45477373
3645,-0.0017300587999999999,-0.201005,0.200903632,3.19025115
3646,-0.0017290587999999997,-0.201005,0.200903632,2.8312562199999998
3647,-0.0017280588,-0.201005,0.202350868,2.30221106
3648,-0.0017270588,-0.2211055,0.20379810399999998,1.92432166
3649,-0.0017260587999999998,-0.2211055,0.20379810399999998,1.6031156699999998
3650,-0.0017250587999999996,-0.201005,0.20379810399999998,1.54643226
3651,-0.0017240588,-0.2211055,0.20379810399999998,1.7542714299999997
3652,-0.0017230587999999998,-0.201005,0.20524534,2.0943718899999997
3653,-0.0017220587999999997,-0.1809045,0.20379810399999998,2.58562811
3654,-0.0017210588,-0.201005,0.206692576,3.03909539
3655,-0.0017200587999999998,-0.2211055,0.20524534,3.34140691
3656,-0.0017190587999999997,-0.2211055,0.20379810399999998,3.45477373
3657,-0.0017180588,-0.1809045,0.20524534,3.36030138
3658,-0.0017170587999999999,-0.2211055,0.202350868,3.0957787999999997
3659,-0.0017160587999999997,-0.201005,0.20379810399999998,2.64231152
3660,-0.0017150588,-0.201005,0.202350868,2.30221106
3661,-0.0017140588,-0.1809045,0.20379810399999998,1.92432166
3662,-0.0017130587999999998,-0.201005,0.200903632,1.6409046099999998
3663,-0.0017120587999999996,-0.2211055,0.202350868,1.5275377899999998
3664,-0.0017110588,-0.201005,0.202350868,1.6031156699999998
3665,-0.0017100587999999998,-0.2211055,0.202350868,1.7731659
3666,-0.0017090587999999997,-0.201005,0.200903632,1.99989954
3667,-0.0017080588,-0.201005,0.19945639599999998,2.35889447
3668,-0.0017070587999999999,-0.1809045,0.19945639599999998,2.69899493
3669,-0.0017060587999999997,-0.201005,0.200903632,3.0202009199999997
3670,-0.0017050588,-0.2211055,0.200903632,3.2847235
3671,-0.0017040587999999999,-0.1809045,0.20379810399999998,3.45477373
3672,-0.0017030587999999998,-0.201005,0.200903632,3.45477373
3673,-0.0017020587999999996,-0.201005,0.19945639599999998,3.3980903199999997
3674,-0.0017010588,-0.201005,0.19945639599999998,3.2091456199999997
3675,-0.0017000587999999998,-0.201005,0.19800916,2.8690451599999998
3676,-0.0016990587999999997,-0.2211055,0.19945639599999998,2.49115576
3677,-0.0016980588,-0.201005,0.200903632,2.1510553
3678,-0.0016970587999999998,-0.2211055,0.200903632,1.84874378
3679,-0.0016960587999999997,-0.2211055,0.200903632,1.6031156699999998
3680,-0.0016950588,-0.2211055,0.200903632,1.54643226
3681,-0.0016940587999999999,-0.201005,0.202350868,1.6409046099999998
3682,-0.0016930587999999997,-0.2211055,0.20379810399999998,1.94321613
3683,-0.0016920588,-0.201005,0.20379810399999998,2.30221106
3684,-0.0016910588,-0.201005,0.20379810399999998,2.75567834
3685,-0.0016900587999999998,-0.1809045,0.20379810399999998,3.15246221
3686,-0.0016890587999999996,-0.2211055,0.20379810399999998,3.37919585
3687,-0.0016880588,-0.201005,0.20379810399999998,3.4736681999999997
3688,-0.0016870587999999998,-0.201005,0.20379810399999998,3.2469345599999997
3689,-0.0016860587999999997,-0.201005,0.20524534,2.8690451599999998
3690,-0.0016850588,-0.201005,0.20379810399999998,2.3211055299999996
3691,-0.0016840587999999998,-0.2211055,0.20379810399999998,1.88653272
3692,-0.0016830587999999997,-0.201005,0.202350868,1.6031156699999998
3693,-0.0016820588,-0.201005,0.20379810399999998,1.5842212
3694,-0.0016810587999999999,-0.2211055,0.200903632,1.88653272
3695,-0.0016800587999999997,-0.201005,0.202350868,2.35889447
3696,-0.0016790588,-0.2211055,0.200903632,2.9068340999999998
3697,-0.0016780588,-0.201005,0.19945639599999998,3.3225124399999997
3698,-0.0016770587999999998,-0.201005,0.200903632,3.49256267
3699,-0.0016760587999999996,-0.201005,0.200903632,3.30361797
3700,-0.0016750588,-0.2211055,0.200903632,2.9446230399999997
3701,-0.0016740587999999998,-0.201005,0.200903632,2.41557788
3702,-0.0016730587999999997,-0.1809045,0.200903632,1.94321613
3703,-0.0016720588,-0.201005,0.200903632,1.6786935499999998
3704,-0.0016710587999999998,-0.2211055,0.200903632,1.5653267299999998
3705,-0.0016700587999999997,-0.1809045,0.200903632,1.6409046099999998
3706,-0.0016690588,-0.201005,0.202350868,1.8298493099999997
3707,-0.0016680587999999999,-0.201005,0.202350868,2.1699497699999997
3708,-0.0016670587999999997,-0.2211055,0.202350868,2.60452258
3709,-0.0016660588,-0.1809045,0.200903632,2.92572857
3710,-0.0016650588,-0.1809045,0.20379810399999998,3.2469345599999997
3711,-0.0016640587999999998,-0.201005,0.20379810399999998,3.36030138
3712,-0.0016630587999999996,-0.201005,0.20379810399999998,3.4736681999999997
3713,-0.0016620588,-0.2211055,0.20524534,3.41698479
3714,-0.0016610587999999998,-0.2211055,0.20379810399999998,3.3225124399999997
3715,-0.0016600587999999997,-0.1809045,0.20524534,3.1335677399999997
3716,-0.0016590588,-0.201005,0.20524534,2.7934672799999998
3717,-0.0016580587999999999,-0.1809045,0.20524534,2.56673364
3718,-0.0016570587999999997,-0.201005,0.20524534,2.26442212
3719,-0.0016560588,-0.2211055,0.20379810399999998,1.98100507
3720,-0.0016550587999999999,-0.201005,0.20524534,1.7542714299999997
3721,-0.0016540587999999998,-0.201005,0.20379810399999998,1.5842212
3722,-0.0016530587999999996,-0.160804,0.20379810399999998,1.54643226
3723,-0.0016520588,-0.1809045,0.20379810399999998,1.6409046099999998
3724,-0.0016510587999999998,-0.201005,0.202350868,1.8298493099999997
3725,-0.0016500587999999997,-0.201005,0.20379810399999998,2.1699497699999997
3726,-0.0016490588,-0.1809045,0.20379810399999998,2.58562811
3727,-0.0016480587999999998,-0.201005,0.20379810399999998,3.00130645
3728,-0.0016470587999999997,-0.1809045,0.202350868,3.2847235
3729,-0.0016460588,-0.1809045,0.202350868,3.49256267
3730,-0.0016450587999999999,-0.201005,0.200903632,3.36030138
3731,-0.0016440587999999997,-0.201005,0.19945639599999998,3.0202009199999997
3732,-0.0016430588,-0.1809045,0.200903632,2.5289447
3733,-0.0016420588,-0.1809045,0.19800916,1.9621106
3734,-0.0016410587999999998,-0.2211055,0.19945639599999998,1.62201014
3735,-0.0016400587999999996,-0.201005,0.19945639599999998,1.5653267299999998
3736,-0.0016390588,-0.201005,0.19800916,1.88653272
3737,-0.0016380587999999998,-0.1809045,0.200903632,2.37778894
3738,-0.0016370587999999997,-0.201005,0.19945639599999998,2.9824119799999997
3739,-0.0016360588,-0.201005,0.200903632,3.36030138
3740,-0.0016350587999999998,-0.1809045,0.20379810399999998,3.45477373
3741,-0.0016340587999999997,-0.1809045,0.200903632,3.19025115
3742,-0.0016330588,-0.201005,0.202350868,2.7178894
3743,-0.0016320587999999999,-0.201005,0.20379810399999998,2.1321608299999997
3744,-0.0016310587999999997,-0.201005,0.202350868,1.7542714299999997
3745,-0.0016300588,-0.1809045,0.20524534,1.5653267299999998
3746,-0.0016290588,-0.201005,0.20379810399999998,1.6409046099999998
3747,-0.0016280587999999998,-0.160804,0.206692576,1.8676382499999997
3748,-0.0016270587999999996,-0.201005,0.20379810399999998,2.18884424
3749,-0.0016260588,-0.1809045,0.20524534,2.68010046
3750,-0.0016250587999999998,-0.1809045,0.20379810399999998,3.0202009199999997
3751,-0.0016240587999999997,-0.201005,0.20379810399999998,3.2469345599999997
3752,-0.0016230588,-0.1809045,0.202350868,3.43587926
3753,-0.0016220587999999998,-0.201005,0.200903632,3.45477373
3754,-0.0016210587999999997,-0.201005,0.202350868,3.3980903199999997
3755,-0.0016200588,-0.1809045,0.202350868,3.2469345599999997
3756,-0.0016190587999999999,-0.1809045,0.200903632,3.07688433
3757,-0.0016180587999999997,-0.160804,0.200903632,2.85015069
3758,-0.0016170588,-0.1809045,0.19945639599999998,2.62341705
3759,-0.0016160588,-0.201005,0.202350868,2.35889447
3760,-0.0016150587999999998,-0.201005,0.200903632,2.0565829499999997
3761,-0.0016140587999999997,-0.1809045,0.200903632,1.84874378
3762,-0.0016130588,-0.201005,0.200903632,1.69758802
3763,-0.0016120587999999998,-0.2211055,0.19945639599999998,1.5842212
3764,-0.0016110587999999997,-0.201005,0.19945639599999998,1.5275377899999998
3765,-0.0016100588,-0.201005,0.200903632,1.5842212
3766,-0.0016090587999999999,-0.1809045,0.200903632,1.7542714299999997
3767,-0.0016080587999999997,-0.1809045,0.19945639599999998,2.0187940099999997
3768,-0.0016070588,-0.201005,0.200903632,2.3211055299999996
3769,-0.0016060587999999999,-0.201005,0.19945639599999998,2.7178894
3770,-0.0016050587999999998,-0.201005,0.200903632,3.00130645
3771,-0.0016040588,-0.1809045,0.200903632,3.3225124399999997
3772,-0.0016030588,-0.1809045,0.19945639599999998,3.4736681999999997
3773,-0.0016020587999999998,-0.1809045,0.200903632,3.36030138
3774,-0.0016010587999999997,-0.201005,0.202350868,3.03909539
3775,-0.0016000588,-0.1809045,0.202350868,2.5289447
3776,-0.0015990587999999998,-0.1809045,0.202350868,2.07547742
3777,-0.0015980587999999997,-0.160804,0.20379810399999998,1.65979908
3778,-0.0015970588,-0.1809045,0.202350868,1.5653267299999998
3779,-0.0015960587999999999,-0.1809045,0.202350868,1.7731659
3780,-0.0015950587999999997,-0.1809045,0.20379810399999998,2.2455276499999997
3781,-0.0015940588,-0.1809045,0.20379810399999998,2.88793963
3782,-0.0015930588,-0.1809045,0.20379810399999998,3.36030138
3783,-0.0015920587999999998,-0.201005,0.20379810399999998,3.45477373
3784,-0.0015910587999999996,-0.1809045,0.200903632,3.22804009
3785,-0.0015900588,-0.1809045,0.20379810399999998,2.7934672799999998
3786,-0.0015890587999999998,-0.1809045,0.20379810399999998,2.18884424
3787,-0.0015880587999999997,-0.1809045,0.20379810399999998,1.7731659
3788,-0.0015870588,-0.1809045,0.202350868,1.5842212
3789,-0.0015860587999999998,-0.201005,0.200903632,1.5842212
3790,-0.0015850587999999997,-0.1809045,0.19945639599999998,1.81095484
3791,-0.0015840588,-0.1809045,0.200903632,2.1510553
3792,-0.0015830587999999999,-0.1809045,0.200903632,2.5289447
3793,-0.0015820587999999997,-0.1809045,0.19945639599999998,2.88793963
3794,-0.0015810588,-0.1809045,0.19945639599999998,3.15246221
3795,-0.0015800588,-0.1809045,0.202350868,3.36030138
3796,-0.0015790587999999998,-0.201005,0.19945639599999998,3.45477373
3797,-0.0015780587999999996,-0.1809045,0.19945639599999998,3.43587926
3798,-0.0015770588,-0.1809045,0.200903632,3.3225124399999997
3799,-0.0015760587999999998,-0.1809045,0.200903632,3.1335677399999997
3800,-0.0015750587999999997,-0.160804,0.202350868,2.9068340999999998
3801,-0.0015740588,-0.160804,0.200903632,2.58562811
3802,-0.0015730587999999998,-0.1809045,0.20379810399999998,2.37778894
3803,-0.0015720587999999997,-0.201005,0.202350868,2.1510553
3804,-0.0015710588,-0.160804,0.200903632,1.9621106
3805,-0.0015700587999999999,-0.160804,0.202350868,1.7542714299999997
3806,-0.0015690587999999998,-0.1809045,0.20379810399999998,1.62201014
3807,-0.0015680588,-0.1809045,0.20379810399999998,1.54643226
3808,-0.0015670588,-0.1809045,0.20379810399999998,1.5653267299999998
3809,-0.0015660587999999998,-0.1809045,0.20379810399999998,1.69758802
3810,-0.0015650587999999997,-0.1809045,0.20379810399999998,1.88653272
3811,-0.0015640588,-0.201005,0.202350868,2.1510553
3812,-0.0015630587999999998,-0.201005,0.20524534,2.51005023
3813,-0.0015620587999999997,-0.1809045,0.20379810399999998,2.8312562199999998
3814,-0.0015610588,-0.1809045,0.20379810399999998,3.2091456199999997
3815,-0.0015600587999999999,-0.1809045,0.20524534,3.3980903199999997
3816,-0.0015590587999999997,-0.160804,0.206692576,3.41698479
3817,-0.0015580588,-0.160804,0.20379810399999998,3.22804009
3818,-0.0015570588,-0.1809045,0.20524534,2.8312562199999998
3819,-0.0015560587999999998,-0.160804,0.20524534,2.3211055299999996
3820,-0.0015550588,-0.1809045,0.20379810399999998,1.7920603699999997
3821,-0.0015540588,-0.160804,0.20379810399999998,1.5653267299999998
3822,-0.0015530587999999998,-0.1809045,0.202350868,1.62201014
3823,-0.0015520587999999997,-0.201005,0.19945639599999998,2.0565829499999997
3824,-0.0015510588,-0.1809045,0.200903632,2.62341705
3825,-0.0015500587999999998,-0.160804,0.200903632,3.1713566799999997
3826,-0.0015490587999999997,-0.160804,0.200903632,3.43587926
3827,-0.0015480588,-0.160804,0.200903632,3.36030138
3828,-0.0015470587999999999,-0.1407035,0.200903632,3.0202009199999997
3829,-0.0015460587999999997,-0.1809045,0.200903632,2.58562811
3830,-0.0015450588,-0.1407035,0.200903632,2.03768848
3831,-0.0015440588,-0.1809045,0.20379810399999998,1.69758802
3832,-0.0015430587999999998,-0.201005,0.200903632,1.5275377899999998
3833,-0.0015420587999999996,-0.1809045,0.200903632,1.6409046099999998
3834,-0.0015410588,-0.1809045,0.20379810399999998,1.92432166
3835,-0.0015400587999999998,-0.160804,0.20379810399999998,2.34
3836,-0.0015390587999999997,-0.160804,0.20379810399999998,2.81236175
3837,-0.0015380588,-0.160804,0.20379810399999998,3.1335677399999997
3838,-0.0015370587999999998,-0.1809045,0.20379810399999998,3.36030138
3839,-0.0015360587999999997,-0.160804,0.20379810399999998,3.45477373
3840,-0.0015350588,-0.160804,0.20524534,3.3980903199999997
3841,-0.0015340587999999999,-0.160804,0.20379810399999998,3.2469345599999997
3842,-0.0015330587999999997,-0.160804,0.20379810399999998,3.0579898599999997
3843,-0.0015320588,-0.160804,0.20379810399999998,2.75567834
3844,-0.0015310588,-0.1809045,0.20379810399999998,2.45336682
3845,-0.0015300587999999998,-0.201005,0.20524534,2.2455276499999997
3846,-0.0015290587999999996,-0.1809045,0.20379810399999998,1.94321613
3847,-0.0015280588,-0.201005,0.20379810399999998,1.81095484
3848,-0.0015270587999999998,-0.160804,0.20379810399999998,1.6031156699999998
3849,-0.0015260587999999997,-0.201005,0.202350868,1.54643226
3850,-0.0015250588,-0.160804,0.200903632,1.5275377899999998
3851,-0.0015240587999999998,-0.1809045,0.20379810399999998,1.6031156699999998
3852,-0.0015230587999999997,-0.1809045,0.200903632,1.7731659
3853,-0.0015220588,-0.1809045,0.200903632,1.9621106
3854,-0.0015210587999999999,-0.1407035,0.202350868,2.2077387099999997
3855,-0.0015200587999999998,-0.160804,0.20379810399999998,2.56673364
3856,-0.0015190588,-0.160804,0.19945639599999998,2.9446230399999997
3857,-0.0015180588,-0.160804,0.200903632,3.26582903
3858,-0.0015170587999999998,-0.160804,0.19945639599999998,3.41698479
3859,-0.0015160587999999997,-0.1809045,0.202350868,3.41698479
3860,-0.0015150588,-0.160804,0.200903632,3.22804009
3861,-0.0015140587999999998,-0.1809045,0.200903632,2.85015069
3862,-0.0015130587999999997,-0.160804,0.19945639599999998,2.37778894
3863,-0.0015120588,-0.160804,0.19945639599999998,1.88653272
3864,-0.0015110587999999999,-0.160804,0.200903632,1.6031156699999998
3865,-0.0015100587999999997,-0.160804,0.202350868,1.5653267299999998
3866,-0.0015090588,-0.201005,0.200903632,1.81095484
3867,-0.0015080588,-0.160804,0.202350868,2.26442212
3868,-0.0015070587999999998,-0.160804,0.200903632,2.7934672799999998
3869,-0.0015060588,-0.160804,0.200903632,3.2469345599999997
3870,-0.0015050588,-0.160804,0.200903632,3.45477373
3871,-0.0015040587999999998,-0.1809045,0.20379810399999998,3.36030138
3872,-0.0015030587999999997,-0.1809045,0.20379810399999998,3.00130645
3873,-0.0015020588,-0.160804,0.20379810399999998,2.47226129
3874,-0.0015010587999999998,-0.160804,0.20524534,1.98100507
3875,-0.0015000587999999997,-0.160804,0.20379810399999998,1.62201014
3876,-0.0014990588,-0.160804,0.20524534,1.54643226
3877,-0.0014980587999999999,-0.1809045,0.20379810399999998,1.7164824899999997
3878,-0.0014970587999999997,-0.1809045,0.20379810399999998,2.0565829499999997
3879,-0.0014960588,-0.1809045,0.20379810399999998,2.60452258
3880,-0.0014950588,-0.160804,0.200903632,2.96351751
3881,-0.0014940587999999998,-0.1407035,0.202350868,3.2469345599999997
3882,-0.0014930587999999996,-0.1809045,0.202350868,3.43587926
3883,-0.0014920588,-0.201005,0.202350868,3.3980903199999997
3884,-0.0014910587999999998,-0.160804,0.200903632,3.2847235
3885,-0.0014900587999999997,-0.1809045,0.19945639599999998,2.9824119799999997
3886,-0.0014890588,-0.160804,0.200903632,2.7178894
3887,-0.0014880587999999998,-0.160804,0.19945639599999998,2.39668341
3888,-0.0014870587999999997,-0.160804,0.19945639599999998,2.11326636
3889,-0.0014860588,-0.160804,0.200903632,1.8676382499999997
3890,-0.0014850587999999999,-0.1809045,0.19945639599999998,1.65979908
3891,-0.0014840587999999997,-0.160804,0.200903632,1.5653267299999998
3892,-0.0014830588,-0.1809045,0.19945639599999998,1.54643226
3893,-0.0014820588,-0.1809045,0.19945639599999998,1.5653267299999998
3894,-0.0014810587999999998,-0.1809045,0.200903632,1.7164824899999997
3895,-0.0014800587999999996,-0.1809045,0.200903632,1.94321613
3896,-0.0014790588,-0.160804,0.19945639599999998,2.1699497699999997
3897,-0.0014780587999999998,-0.160804,0.200903632,2.49115576
3898,-0.0014770587999999997,-0.160804,0.200903632,2.85015069
3899,-0.0014760588,-0.160804,0.202350868,3.19025115
3900,-0.0014750587999999999,-0.1809045,0.200903632,3.34140691
3901,-0.0014740587999999997,-0.160804,0.19945639599999998,3.43587926
3902,-0.0014730588,-0.160804,0.202350868,3.37919585
3903,-0.0014720587999999999,-0.160804,0.202350868,3.22804009
3904,-0.0014710587999999998,-0.160804,0.20379810399999998,2.85015069
3905,-0.0014700588,-0.160804,0.20379810399999998,2.43447235
3906,-0.0014690588,-0.160804,0.20379810399999998,2.03768848
3907,-0.0014680587999999998,-0.160804,0.20379810399999998,1.7164824899999997
3908,-0.0014670587999999997,-0.120603,0.20379810399999998,1.5275377899999998
3909,-0.0014660587999999995,-0.1809045,0.20379810399999998,1.5842212
3910,-0.0014650588000000003,-0.1809045,0.20524534,1.90542719
3911,-0.0014640588000000001,-0.1407035,0.20379810399999998,2.37778894
3912,-0.0014630588,-0.160804,0.20524534,2.8690451599999998
3913,-0.0014620587999999999,-0.1809045,0.20379810399999998,3.26582903
3914,-0.0014610587999999997,-0.160804,0.202350868,3.43587926
3915,-0.0014600587999999996,-0.160804,0.202350868,3.2847235
3916,-0.0014590587999999995,-0.1809045,0.200903632,2.88793963
3917,-0.0014580588000000002,-0.1809045,0.200903632,2.37778894
3918,-0.0014570588,-0.1407035,0.200903632,1.88653272
3919,-0.0014560588,-0.1809045,0.200903632,1.5653267299999998
3920,-0.0014550587999999998,-0.1407035,0.200903632,1.5653267299999998
3921,-0.0014540587999999997,-0.1407035,0.202350868,1.81095484
3922,-0.0014530587999999995,-0.160804,0.200903632,2.2077387099999997
3923,-0.0014520588000000003,-0.1809045,0.200903632,2.60452258
3924,-0.0014510588000000001,-0.160804,0.202350868,3.0579898599999997
3925,-0.0014500588,-0.160804,0.200903632,3.37919585
3926,-0.0014490587999999999,-0.160804,0.202350868,3.43587926
3927,-0.0014480587999999997,-0.160804,0.202350868,3.34140691
3928,-0.0014470587999999996,-0.1407035,0.200903632,3.0202009199999997
3929,-0.0014460587999999995,-0.160804,0.202350868,2.7178894
3930,-0.0014450588000000002,-0.1407035,0.202350868,2.3211055299999996
3931,-0.0014440588,-0.160804,0.202350868,1.99989954
3932,-0.0014430588,-0.120603,0.20379810399999998,1.73537696
3933,-0.0014420587999999998,-0.1407035,0.20379810399999998,1.6031156699999998
3934,-0.0014410587999999997,-0.160804,0.202350868,1.54643226
3935,-0.0014400587999999995,-0.1809045,0.20379810399999998,1.6031156699999998
3936,-0.0014390588000000003,-0.1407035,0.20379810399999998,1.73537696
3937,-0.0014380588000000001,-0.160804,0.202350868,1.88653272
3938,-0.0014370588,-0.160804,0.202350868,2.1321608299999997
3939,-0.0014360587999999999,-0.160804,0.20379810399999998,2.37778894
3940,-0.0014350587999999997,-0.1407035,0.20524534,2.60452258
3941,-0.0014340587999999996,-0.1809045,0.20524534,2.9068340999999998
3942,-0.0014330587999999995,-0.1407035,0.202350868,3.1335677399999997
3943,-0.0014320588000000002,-0.1407035,0.20379810399999998,3.34140691
3944,-0.0014310588,-0.1407035,0.20379810399999998,3.41698479
3945,-0.0014300588,-0.160804,0.202350868,3.43587926
3946,-0.0014290587999999998,-0.1407035,0.20524534,3.30361797
3947,-0.0014280587999999997,-0.1809045,0.20379810399999998,3.0957787999999997
3948,-0.0014270587999999996,-0.1407035,0.202350868,2.73678387
3949,-0.0014260587999999994,-0.1407035,0.200903632,2.35889447
3950,-0.0014250588000000002,-0.160804,0.20379810399999998,1.98100507
3951,-0.0014240588,-0.1407035,0.202350868,1.69758802
3952,-0.0014230587999999999,-0.160804,0.200903632,1.5653267299999998
3953,-0.0014220587999999998,-0.160804,0.200903632,1.6031156699999998
3954,-0.0014210587999999996,-0.1407035,0.202350868,1.88653272
3955,-0.0014200587999999995,-0.1407035,0.200903632,2.30221106
3956,-0.0014190588000000002,-0.160804,0.19945639599999998,2.81236175
3957,-0.0014180588,-0.120603,0.200903632,3.22804009
3958,-0.0014170588,-0.1407035,0.19945639599999998,3.45477373
3959,-0.0014160587999999998,-0.1407035,0.200903632,3.37919585
3960,-0.0014150587999999997,-0.1407035,0.200903632,3.03909539
3961,-0.0014140587999999996,-0.1407035,0.202350868,2.58562811
3962,-0.0014130587999999994,-0.160804,0.202350868,2.03768848
3963,-0.0014120588000000002,-0.160804,0.202350868,1.6786935499999998
3964,-0.0014110588,-0.1407035,0.202350868,1.54643226
3965,-0.0014100588,-0.1407035,0.200903632,1.7164824899999997
3966,-0.0014090587999999998,-0.1407035,0.202350868,2.11326636
3967,-0.0014080587999999996,-0.1407035,0.202350868,2.58562811
3968,-0.0014070587999999995,-0.120603,0.20524534,3.0579898599999997
3969,-0.0014060588000000002,-0.1407035,0.20379810399999998,3.34140691
3970,-0.0014050588,-0.1407035,0.20524534,3.4736681999999997
3971,-0.0014040588,-0.1407035,0.20379810399999998,3.3225124399999997
3972,-0.0014030587999999998,-0.160804,0.202350868,3.0579898599999997
3973,-0.0014020587999999997,-0.120603,0.20524534,2.66120599
3974,-0.0014010587999999996,-0.1407035,0.202350868,2.2833165899999996
3975,-0.0014000587999999994,-0.160804,0.202350868,1.9621106
3976,-0.0013990588000000002,-0.120603,0.20524534,1.73537696
3977,-0.0013980588,-0.1407035,0.20379810399999998,1.5842212
3978,-0.0013970588,-0.1407035,0.20379810399999998,1.5275377899999998
3979,-0.0013960587999999998,-0.1407035,0.20379810399999998,1.5842212
3980,-0.0013950587999999996,-0.160804,0.200903632,1.69758802
3981,-0.0013940587999999995,-0.1407035,0.200903632,1.88653272
3982,-0.0013930588000000002,-0.1407035,0.200903632,2.11326636
3983,-0.0013920588000000001,-0.1407035,0.200903632,2.35889447
3984,-0.0013910588,-0.1407035,0.202350868,2.62341705
3985,-0.0013900587999999998,-0.1407035,0.200903632,2.9068340999999998
3986,-0.0013890587999999997,-0.1407035,0.202350868,3.11467327
3987,-0.0013880587999999996,-0.160804,0.200903632,3.30361797
3988,-0.0013870587999999994,-0.1407035,0.200903632,3.41698479
3989,-0.0013860588000000002,-0.120603,0.200903632,3.45477373
3990,-0.0013850588,-0.1407035,0.200903632,3.34140691
3991,-0.0013840588,-0.120603,0.202350868,3.1713566799999997
3992,-0.0013830587999999998,-0.160804,0.202350868,2.85015069
3993,-0.0013820587999999997,-0.1407035,0.19945639599999998,2.47226129
3994,-0.0013810587999999995,-0.160804,0.202350868,2.11326636
3995,-0.0013800588000000003,-0.1407035,0.202350868,1.8298493099999997
3996,-0.0013790588000000001,-0.1809045,0.200903632,1.6031156699999998
3997,-0.0013780588,-0.1407035,0.202350868,1.5275377899999998
3998,-0.0013770587999999999,-0.1407035,0.200903632,1.69758802
3999,-0.0013760587999999997,-0.120603,0.200903632,2.0187940099999997
4000,-0.0013750587999999996,-0.1407035,0.202350868,2.47226129
4001,-0.0013740587999999995,-0.1407035,0.202350868,2.92572857
4002,-0.0013730588000000002,-0.1407035,0.20379810399999998,3.30361797
4003,-0.0013720588,-0.1407035,0.202350868,3.43587926
4004,-0.0013710588,-0.1407035,0.202350868,3.2847235
4005,-0.0013700587999999998,-0.1407035,0.202350868,2.9068340999999998
4006,-0.0013690587999999997,-0.160804,0.20379810399999998,2.37778894
4007,-0.0013680587999999995,-0.1407035,0.200903632,1.8676382499999997
4008,-0.0013670588000000003,-0.120603,0.20379810399999998,1.5653267299999998
4009,-0.0013660588000000001,-0.1407035,0.20379810399999998,1.5653267299999998
4010,-0.0013650588,-0.120603,0.202350868,1.88653272
4011,-0.0013640587999999999,-0.160804,0.20379810399999998,2.37778894
4012,-0.0013630587999999997,-0.1407035,0.202350868,2.85015069
4013,-0.0013620587999999996,-0.120603,0.202350868,3.22804009
4014,-0.0013610587999999995,-0.1407035,0.200903632,3.41698479
4015,-0.0013600588000000002,-0.160804,0.200903632,3.3980903199999997
4016,-0.0013590588,-0.120603,0.202350868,3.19025115
4017,-0.0013580588,-0.1407035,0.200903632,2.8312562199999998
4018,-0.0013570587999999998,-0.120603,0.202350868,2.45336682
4019,-0.0013560587999999997,-0.120603,0.202350868,2.1321608299999997
4020,-0.0013550587999999995,-0.120603,0.200903632,1.7920603699999997
4021,-0.0013540588000000003,-0.1407035,0.20379810399999998,1.62201014
4022,-0.0013530588000000001,-0.120603,0.200903632,1.54643226
4023,-0.0013520588,-0.1407035,0.200903632,1.5653267299999998
4024,-0.0013510587999999999,-0.1809045,0.200903632,1.7542714299999997
4025,-0.0013500587999999997,-0.1407035,0.19945639599999998,1.92432166
4026,-0.0013490587999999996,-0.160804,0.200903632,2.18884424
4027,-0.0013480587999999995,-0.1407035,0.202350868,2.45336682
4028,-0.0013470588000000002,-0.120603,0.200903632,2.75567834
4029,-0.0013460588,-0.1407035,0.202350868,3.00130645
4030,-0.0013450588,-0.1407035,0.200903632,3.22804009
4031,-0.0013440587999999998,-0.120603,0.20379810399999998,3.36030138
4032,-0.0013430587999999997,-0.120603,0.202350868,3.43587926
4033,-0.0013420587999999995,-0.1407035,0.20379810399999998,3.41698479
4034,-0.0013410588000000003,-0.1407035,0.20379810399999998,3.30361797
4035,-0.0013400588000000001,-0.1407035,0.20379810399999998,3.1335677399999997
4036,-0.0013390588,-0.1407035,0.20379810399999998,2.8690451599999998
4037,-0.0013380587999999999,-0.1407035,0.202350868,2.5289447
4038,-0.0013370587999999997,-0.120603,0.202350868,2.18884424
4039,-0.0013360587999999996,-0.1407035,0.202350868,1.8676382499999997
4040,-0.0013350587999999995,-0.1407035,0.202350868,1.62201014
4041,-0.0013340588000000002,-0.1407035,0.202350868,1.50864332
4042,-0.0013330588,-0.120603,0.202350868,1.6031156699999998
4043,-0.0013320588,-0.120603,0.20379810399999998,1.84874378
4044,-0.0013310587999999998,-0.160804,0.202350868,2.2077387099999997
4045,-0.0013300587999999997,-0.120603,0.202350868,2.68010046
4046,-0.0013290587999999996,-0.120603,0.20379810399999998,3.0957787999999997
4047,-0.0013280587999999994,-0.160804,0.202350868,3.3980903199999997
4048,-0.0013270588000000002,-0.120603,0.200903632,3.41698479
4049,-0.0013260588,-0.120603,0.202350868,3.19025115
4050,-0.0013250587999999999,-0.120603,0.200903632,2.7934672799999998
4051,-0.0013240587999999998,-0.160804,0.202350868,2.26442212
4052,-0.0013230587999999996,-0.1407035,0.200903632,1.8298493099999997
4053,-0.0013220587999999995,-0.120603,0.202350868,1.5653267299999998
4054,-0.0013210588000000002,-0.120603,0.200903632,1.5653267299999998
4055,-0.0013200588,-0.120603,0.202350868,1.8298493099999997
4056,-0.0013190588,-0.1407035,0.202350868,2.2455276499999997
4057,-0.0013180587999999998,-0.120603,0.202350868,2.7178894
4058,-0.0013170587999999997,-0.120603,0.200903632,3.11467327
4059,-0.0013160587999999996,-0.1407035,0.202350868,3.37919585
4060,-0.0013150587999999994,-0.1407035,0.202350868,3.43587926
4061,-0.0013140588000000002,-0.1005025,0.202350868,3.3225124399999997
4062,-0.0013130588,-0.1407035,0.202350868,3.0202009199999997
4063,-0.0013120588,-0.120603,0.202350868,2.62341705
4064,-0.0013110587999999998,-0.1407035,0.202350868,2.30221106
4065,-0.0013100587999999996,-0.120603,0.202350868,1.94321613
4066,-0.0013090587999999995,-0.120603,0.20379810399999998,1.69758802
4067,-0.0013080588000000002,-0.120603,0.20379810399999998,1.54643226
4068,-0.0013070588,-0.120603,0.202350868,1.54643226
4069,-0.0013060588,-0.120603,0.20379810399999998,1.65979908
4070,-0.0013050587999999998,-0.1407035,0.200903632,1.7920603699999997
4071,-0.0013040587999999997,-0.1407035,0.20379810399999998,2.0943718899999997
4072,-0.0013030587999999996,-0.1407035,0.202350868,2.34
4073,-0.0013020587999999994,-0.120603,0.200903632,2.66120599
4074,-0.0013010588000000002,-0.120603,0.202350868,2.9446230399999997
4075,-0.0013000588,-0.1005025,0.202350868,3.1335677399999997
4076,-0.0012990588,-0.120603,0.200903632,3.3225124399999997
4077,-0.0012980587999999998,-0.120603,0.200903632,3.43587926
4078,-0.0012970587999999996,-0.1005025,0.202350868,3.43587926
4079,-0.0012960587999999995,-0.1407035,0.202350868,3.3225124399999997
4080,-0.0012950588000000002,-0.1407035,0.202350868,3.0957787999999997
4081,-0.0012940588000000001,-0.120603,0.200903632,2.8312562199999998
4082,-0.0012930588,-0.1407035,0.200903632,2.51005023
4083,-0.0012920587999999998,-0.120603,0.202350868,2.11326636
4084,-0.0012910587999999997,-0.120603,0.202350868,1.81095484
4085,-0.0012900587999999996,-0.120603,0.202350868,1.6031156699999998
4086,-0.0012890587999999994,-0.1005025,0.202350868,1.54643226
4087,-0.0012880588000000002,-0.1407035,0.202350868,1.6409046099999998
4088,-0.0012870588,-0.1407035,0.200903632,1.88653272
4089,-0.0012860588,-0.120603,0.202350868,2.26442212
4090,-0.0012850587999999998,-0.160804,0.200903632,2.68010046
4091,-0.0012840587999999997,-0.120603,0.19945639599999998,3.0957787999999997
4092,-0.0012830587999999995,-0.1407035,0.202350868,3.36030138
4093,-0.0012820588000000003,-0.120603,0.202350868,3.3980903199999997
4094,-0.0012810588000000001,-0.1005025,0.202350868,3.22804009
4095,-0.0012800588,-0.1005025,0.20379810399999998,2.9068340999999998
4096,-0.0012790587999999999,-0.120603,0.200903632,2.41557788
4097,-0.0012780587999999997,-0.1005025,0.202350868,1.99989954
4098,-0.0012770587999999996,-0.120603,0.202350868,1.65979908
4099,-0.0012760587999999995,-0.120603,0.202350868,1.5275377899999998
4100,-0.0012750588000000002,-0.1005025,0.200903632,1.6409046099999998
4101,-0.0012740588,-0.1005025,0.202350868,1.94321613
4102,-0.0012730588,-0.1407035,0.202350868,2.37778894
4103,-0.0012720587999999998,-0.120603,0.20379810399999998,2.81236175
4104,-0.0012710587999999997,-0.1005025,0.202350868,3.2091456199999997
4105,-0.0012700587999999995,-0.1407035,0.20379810399999998,3.3980903199999997
4106,-0.0012690588000000003,-0.120603,0.202350868,3.41698479
4107,-0.0012680588000000001,-0.1407035,0.202350868,3.2469345599999997
4108,-0.0012670588,-0.1005025,0.20379810399999998,2.9446230399999997
4109,-0.0012660587999999999,-0.080402,0.202350868,2.58562811
4110,-0.0012650587999999997,-0.1005025,0.202350868,2.22663318
4111,-0.0012640587999999996,-0.120603,0.202350868,1.88653272
4112,-0.0012630587999999995,-0.1407035,0.200903632,1.65979908
4113,-0.0012620588000000002,-0.120603,0.202350868,1.5275377899999998
4114,-0.0012610588,-0.120603,0.20379810399999998,1.5275377899999998
4115,-0.0012600588,-0.1407035,0.202350868,1.69758802
4116,-0.0012590587999999998,-0.1407035,0.202350868,1.90542719
4117,-0.0012580587999999997,-0.120603,0.202350868,2.2077387099999997
4118,-0.0012570587999999995,-0.1407035,0.200903632,2.51005023
4119,-0.0012560588000000003,-0.120603,0.200903632,2.85015069
4120,-0.0012550588000000001,-0.1407035,0.200903632,3.0957787999999997
4121,-0.0012540588,-0.120603,0.202350868,3.30361797
4122,-0.0012530587999999999,-0.1005025,0.202350868,3.3980903199999997
4123,-0.0012520587999999997,-0.120603,0.200903632,3.43587926
4124,-0.0012510587999999996,-0.1005025,0.200903632,3.2847235
4125,-0.0012500587999999995,-0.120603,0.20379810399999998,3.07688433
4126,-0.0012490588000000002,-0.120603,0.202350868,2.77457281
4127,-0.0012480588,-0.120603,0.202350868,2.39668341
4128,-0.0012470588,-0.120603,0.202350868,2.0943718899999997
4129,-0.0012460587999999998,-0.1005025,0.200903632,1.7542714299999997
4130,-0.0012450587999999997,-0.120603,0.202350868,1.5842212
4131,-0.0012440587999999995,-0.1407035,0.202350868,1.50864332
4132,-0.0012430588000000003,-0.1407035,0.202350868,1.6409046099999998
4133,-0.0012420588000000002,-0.120603,0.20379810399999998,1.90542719
4134,-0.0012410588,-0.1005025,0.202350868,2.2833165899999996
4135,-0.0012400587999999999,-0.120603,0.200903632,2.64231152
4136,-0.0012390587999999998,-0.1407035,0.202350868,3.03909539
4137,-0.0012380587999999996,-0.1005025,0.202350868,3.3225124399999997
4138,-0.0012370587999999995,-0.1407035,0.202350868,3.41698479
4139,-0.0012360588000000002,-0.1005025,0.20379810399999998,3.34140691
4140,-0.0012350588,-0.1407035,0.200903632,3.03909539
4141,-0.0012340588,-0.1005025,0.200903632,2.68010046
4142,-0.0012330587999999998,-0.1005025,0.200903632,2.1699497699999997
4143,-0.0012320587999999997,-0.120603,0.19945639599999998,1.7731659
4144,-0.0012310587999999996,-0.120603,0.202350868,1.54643226
4145,-0.0012300588000000003,-0.1005025,0.200903632,1.54643226
4146,-0.0012290588000000002,-0.1005025,0.202350868,1.7731659
4147,-0.0012280588,-0.1407035,0.20379810399999998,2.0943718899999997
4148,-0.0012270588,-0.120603,0.202350868,2.54783917
4149,-0.0012260587999999998,-0.080402,0.202350868,2.96351751
4150,-0.0012250587999999996,-0.080402,0.202350868,3.2847235
4151,-0.0012240587999999995,-0.120603,0.202350868,3.3980903199999997
4152,-0.0012230588000000002,-0.120603,0.202350868,3.3980903199999997
4153,-0.0012220588,-0.1005025,0.202350868,3.1713566799999997
4154,-0.0012210588,-0.1005025,0.202350868,2.85015069
4155,-0.0012200587999999998,-0.1005025,0.202350868,2.47226129
4156,-0.0012190587999999997,-0.1407035,0.20379810399999998,2.07547742
4157,-0.0012180587999999996,-0.1005025,0.202350868,1.7542714299999997
4158,-0.0012170587999999994,-0.120603,0.200903632,1.5842212
4159,-0.0012160588000000002,-0.1005025,0.20379810399999998,1.50864332
4160,-0.0012150588,-0.1005025,0.20379810399999998,1.6409046099999998
4161,-0.0012140588,-0.120603,0.202350868,1.8676382499999997
4162,-0.0012130587999999998,-0.1005025,0.202350868,2.1699497699999997
4163,-0.0012120587999999996,-0.1407035,0.202350868,2.47226129
4164,-0.0012110587999999995,-0.1407035,0.202350868,2.88793963
4165,-0.0012100588000000002,-0.120603,0.202350868,3.15246221
4166,-0.0012090588,-0.120603,0.202350868,3.34140691
4167,-0.0012080588,-0.120603,0.202350868,3.41698479
4168,-0.0012070587999999998,-0.1005025,0.202350868,3.36030138
4169,-0.0012060587999999997,-0.120603,0.200903632,3.22804009
4170,-0.0012050587999999996,-0.1005025,0.202350868,2.9446230399999997
4171,-0.0012040587999999994,-0.120603,0.200903632,2.64231152
4172,-0.0012030588000000002,-0.120603,0.200903632,2.3211055299999996
4173,-0.0012020588,-0.1407035,0.19800916,1.99989954
4174,-0.0012010588,-0.120603,0.202350868,1.7542714299999997
4175,-0.0012000587999999998,-0.120603,0.202350868,1.5842212
4176,-0.0011990587999999996,-0.120603,0.200903632,1.5275377899999998
4177,-0.0011980587999999995,-0.120603,0.200903632,1.62201014
4178,-0.0011970588000000002,-0.1407035,0.200903632,1.8298493099999997
4179,-0.0011960588000000001,-0.120603,0.200903632,2.1510553
4180,-0.0011950588,-0.120603,0.200903632,2.51005023
4181,-0.0011940587999999999,-0.120603,0.202350868,2.88793963
4182,-0.0011930587999999997,-0.1005025,0.202350868,3.22804009
4183,-0.0011920587999999996,-0.120603,0.200903632,3.37919585
4184,-0.0011910587999999995,-0.1005025,0.202350868,3.41698479
4185,-0.0011900588000000002,-0.1005025,0.20379810399999998,3.2469345599999997
4186,-0.0011890588,-0.1005025,0.200903632,2.9446230399999997
4187,-0.0011880588,-0.120603,0.200903632,2.5289447
4188,-0.0011870587999999998,-0.120603,0.202350868,2.1321608299999997
4189,-0.0011860587999999997,-0.120603,0.202350868,1.7920603699999997
4190,-0.0011850587999999995,-0.1005025,0.200903632,1.5842212
4191,-0.0011840588000000003,-0.120603,0.20379810399999998,1.54643226
4192,-0.0011830588000000001,-0.1005025,0.20379810399999998,1.65979908
4193,-0.0011820588,-0.120603,0.202350868,1.98100507
4194,-0.0011810587999999999,-0.1005025,0.202350868,2.35889447
4195,-0.0011800587999999997,-0.120603,0.200903632,2.75567834
4196,-0.0011790587999999996,-0.1005025,0.202350868,3.1335677399999997
4197,-0.0011780587999999995,-0.120603,0.20379810399999998,3.36030138
4198,-0.0011770588000000002,-0.1005025,0.20379810399999998,3.3980903199999997
4199,-0.0011760588,-0.120603,0.202350868,3.30361797
4200,-0.0011750588,-0.1005025,0.20379810399999998,3.03909539
4201,-0.0011740587999999998,-0.080402,0.20379810399999998,2.64231152
4202,-0.0011730587999999997,-0.120603,0.200903632,2.2455276499999997
4203,-0.0011720587999999995,-0.1407035,0.202350868,1.90542719
4204,-0.0011710588000000003,-0.1005025,0.19945639599999998,1.6409046099999998
4205,-0.0011700588000000001,-0.120603,0.200903632,1.54643226
4206,-0.0011690588,-0.080402,0.200903632,1.5653267299999998
4207,-0.0011680587999999999,-0.080402,0.200903632,1.73537696
4208,-0.0011670587999999997,-0.1005025,0.202350868,2.0187940099999997
4209,-0.0011660587999999996,-0.1005025,0.200903632,2.34
4210,-0.0011650587999999995,-0.1005025,0.200903632,2.7178894
4211,-0.0011640588000000002,-0.1005025,0.202350868,3.0202009199999997
4212,-0.0011630588,-0.1005025,0.202350868,3.22804009
4213,-0.0011620588,-0.120603,0.200903632,3.37919585
4214,-0.0011610587999999998,-0.080402,0.200903632,3.43587926
4215,-0.0011600587999999997,-0.1005025,0.200903632,3.34140691
4216,-0.0011590587999999995,-0.120603,0.200903632,3.15246221
4217,-0.0011580588000000003,-0.1005025,0.202350868,2.9068340999999998
4218,-0.0011570588000000001,-0.1005025,0.20379810399999998,2.56673364
4219,-0.0011560588,-0.120603,0.200903632,2.2833165899999996
4220,-0.0011550587999999999,-0.1005025,0.200903632,1.98100507
4221,-0.0011540587999999997,-0.1005025,0.200903632,1.73537696
4222,-0.0011530587999999996,-0.120603,0.200903632,1.5653267299999998
4223,-0.0011520587999999995,-0.1005025,0.202350868,1.5275377899999998
4224,-0.0011510588000000002,-0.1005025,0.19945639599999998,1.6031156699999998
4225,-0.0011500588,-0.1407035,0.202350868,1.7542714299999997
4226,-0.0011490588,-0.080402,0.202350868,2.0187940099999997
4227,-0.0011480587999999998,-0.1005025,0.202350868,2.35889447
4228,-0.0011470587999999997,-0.120603,0.202350868,2.7178894
4229,-0.0011460587999999996,-0.120603,0.200903632,3.03909539
4230,-0.0011450588000000003,-0.080402,0.200903632,3.3225124399999997
4231,-0.0011440588000000002,-0.1005025,0.202350868,3.41698479
4232,-0.0011430588,-0.120603,0.20379810399999998,3.37919585
4233,-0.0011420587999999999,-0.1005025,0.20379810399999998,3.2091456199999997
4234,-0.0011410587999999998,-0.080402,0.202350868,2.8690451599999998
4235,-0.0011400587999999996,-0.080402,0.200903632,2.51005023
4236,-0.0011390587999999995,-0.1005025,0.200903632,2.1510553
4237,-0.0011380588000000002,-0.1005025,0.202350868,1.81095484
4238,-0.0011370588,-0.080402,0.202350868,1.5842212
4239,-0.0011360588,-0.080402,0.202350868,1.50864332
4240,-0.0011350587999999998,-0.1005025,0.200903632,1.62201014
4241,-0.0011340587999999997,-0.120603,0.200903632,1.92432166
4242,-0.0011330587999999996,-0.1005025,0.202350868,2.26442212
4243,-0.0011320588000000003,-0.080402,0.200903632,2.68010046
4244,-0.0011310588000000002,-0.080402,0.200903632,3.03909539
4245,-0.0011300588,-0.080402,0.200903632,3.30361797
4246,-0.0011290588,-0.080402,0.200903632,3.41698479
4247,-0.0011280587999999998,-0.1005025,0.200903632,3.37919585
4248,-0.0011270587999999996,-0.1005025,0.200903632,3.15246221
4249,-0.0011260587999999995,-0.1005025,0.200903632,2.85015069
4250,-0.0011250588000000002,-0.120603,0.200903632,2.47226129
4251,-0.0011240588,-0.1005025,0.19945639599999998,2.1321608299999997
4252,-0.0011230588,-0.080402,0.19800916,1.84874378
4253,-0.0011220587999999998,-0.1005025,0.19945639599999998,1.6409046099999998
4254,-0.0011210587999999997,-0.080402,0.200903632,1.5275377899999998
4255,-0.0011200587999999996,-0.1005025,0.19945639599999998,1.54643226
4256,-0.0011190587999999994,-0.1005025,0.20379810399999998,1.6786935499999998
4257,-0.0011180588000000002,-0.080402,0.202350868,1.8298493099999997
4258,-0.0011170588,-0.1005025,0.202350868,2.1321608299999997
4259,-0.0011160588,-0.1005025,0.202350868,2.41557788
4260,-0.0011150587999999998,-0.120603,0.202350868,2.68010046
4261,-0.0011140587999999996,-0.1005025,0.20379810399999998,2.96351751
4262,-0.0011130587999999995,-0.1005025,0.202350868,3.19025115
4263,-0.0011120588000000002,-0.080402,0.202350868,3.30361797
4264,-0.0011110588000000001,-0.080402,0.20379810399999998,3.37919585
4265,-0.0011100588,-0.1005025,0.20379810399999998,3.41698479
4266,-0.0011090587999999998,-0.1005025,0.202350868,3.2847235
4267,-0.0011080587999999997,-0.1407035,0.20379810399999998,3.11467327
4268,-0.0011070587999999996,-0.1005025,0.202350868,2.85015069
4269,-0.0011060587999999994,-0.080402,0.202350868,2.54783917
4270,-0.0011050588000000002,-0.080402,0.202350868,2.2455276499999997
4271,-0.0011040588,-0.120603,0.202350868,1.94321613
4272,-0.0011030588,-0.1005025,0.202350868,1.69758802
4273,-0.0011020587999999998,-0.120603,0.202350868,1.5653267299999998
4274,-0.0011010587999999997,-0.080402,0.200903632,1.5275377899999998
4275,-0.0011000587999999995,-0.1005025,0.202350868,1.62201014
4276,-0.0010990588000000003,-0.120603,0.200903632,1.8298493099999997
4277,-0.0010980588000000001,-0.080402,0.202350868,2.1699497699999997
4278,-0.0010970588,-0.1005025,0.202350868,2.54783917
4279,-0.0010960587999999999,-0.1005025,0.200903632,2.9068340999999998
4280,-0.0010950587999999997,-0.1005025,0.200903632,3.19025115
4281,-0.0010940587999999996,-0.1005025,0.200903632,3.37919585
4282,-0.0010930587999999995,-0.1005025,0.19945639599999998,3.37919585
4283,-0.0010920588000000002,-0.1005025,0.19945639599999998,3.2469345599999997
4284,-0.0010910588,-0.1005025,0.200903632,2.96351751
4285,-0.0010900588,-0.1005025,0.19945639599999998,2.5289447
4286,-0.0010890587999999998,-0.080402,0.200903632,2.1510553
4287,-0.0010880587999999997,-0.080402,0.200903632,1.7920603699999997
4288,-0.0010870587999999995,-0.1005025,0.202350868,1.5653267299999998
4289,-0.0010860588000000003,-0.1005025,0.200903632,1.5275377899999998
4290,-0.0010850588000000001,-0.1005025,0.200903632,1.65979908
4291,-0.0010840588,-0.1005025,0.200903632,1.98100507
4292,-0.0010830587999999999,-0.1005025,0.202350868,2.35889447
4293,-0.0010820587999999997,-0.080402,0.200903632,2.75567834
4294,-0.0010810587999999996,-0.1005025,0.202350868,3.0579898599999997
4295,-0.0010800587999999995,-0.080402,0.202350868,3.30361797
4296,-0.0010790588000000002,-0.1005025,0.202350868,3.41698479
4297,-0.0010780588,-0.080402,0.202350868,3.34140691
4298,-0.0010770588,-0.1005025,0.202350868,3.19025115
4299,-0.0010760587999999998,-0.080402,0.202350868,2.9446230399999997
4300,-0.0010750587999999997,-0.1005025,0.202350868,2.66120599
4301,-0.0010740587999999995,-0.080402,0.20379810399999998,2.35889447
4302,-0.0010730588000000003,-0.120603,0.202350868,2.03768848
4303,-0.0010720588000000001,-0.120603,0.202350868,1.8298493099999997
4304,-0.0010710588,-0.1005025,0.200903632,1.6409046099999998
4305,-0.0010700587999999999,-0.080402,0.202350868,1.5275377899999998
4306,-0.0010690587999999997,-0.080402,0.20524534,1.50864332
4307,-0.0010680587999999996,-0.080402,0.202350868,1.5842212
4308,-0.0010670587999999995,-0.080402,0.202350868,1.7164824899999997
4309,-0.0010660588000000002,-0.080402,0.202350868,1.92432166
4310,-0.0010650588,-0.080402,0.20379810399999998,2.1321608299999997
4311,-0.0010640588,-0.080402,0.20379810399999998,2.43447235
4312,-0.0010630587999999998,-0.080402,0.202350868,2.73678387
4313,-0.0010620587999999997,-0.120603,0.202350868,3.00130645
4314,-0.0010610587999999995,-0.1005025,0.200903632,3.1713566799999997
4315,-0.0010600588000000003,-0.080402,0.200903632,3.36030138
4316,-0.0010590588000000001,-0.1005025,0.200903632,3.41698479
4317,-0.0010580588,-0.1005025,0.200903632,3.37919585
4318,-0.0010570587999999999,-0.080402,0.200903632,3.2091456199999997
4319,-0.0010560587999999997,-0.120603,0.200903632,2.9824119799999997
4320,-0.0010550587999999996,-0.080402,0.202350868,2.58562811
4321,-0.0010540587999999995,-0.080402,0.200903632,2.22663318
4322,-0.0010530588000000002,-0.080402,0.200903632,1.88653272
4323,-0.0010520588,-0.1005025,0.19945639599999998,1.62201014
4324,-0.0010510588,-0.0603015,0.200903632,1.5275377899999998
4325,-0.0010500587999999998,-0.080402,0.202350868,1.6031156699999998
4326,-0.0010490587999999997,-0.1005025,0.19945639599999998,1.81095484
4327,-0.0010480587999999996,-0.080402,0.200903632,2.1699497699999997
4328,-0.0010470588000000003,-0.080402,0.202350868,2.62341705
4329,-0.0010460588000000002,-0.1005025,0.202350868,3.03909539
4330,-0.0010450588,-0.080402,0.202350868,3.34140691
4331,-0.0010440587999999999,-0.080402,0.202350868,3.3980903199999997
4332,-0.0010430587999999998,-0.0603015,0.202350868,3.26582903
4333,-0.0010420587999999996,-0.080402,0.202350868,2.9824119799999997
4334,-0.0010410587999999995,-0.1005025,0.202350868,2.56673364
4335,-0.0010400588000000002,-0.080402,0.202350868,2.1321608299999997
4336,-0.0010390588,-0.080402,0.202350868,1.7542714299999997
4337,-0.0010380588,-0.080402,0.20379810399999998,1.54643226
4338,-0.0010370587999999998,-0.1005025,0.202350868,1.5275377899999998
4339,-0.0010360587999999997,-0.0603015,0.20379810399999998,1.69758802
4340,-0.0010350587999999996,-0.1005025,0.202350868,1.99989954
4341,-0.0010340588000000003,-0.080402,0.202350868,2.37778894
4342,-0.0010330588000000002,-0.080402,0.20379810399999998,2.73678387
4343,-0.0010320588,-0.120603,0.20524534,3.03909539
4344,-0.0010310588,-0.080402,0.202350868,3.30361797
4345,-0.0010300587999999998,-0.1005025,0.20379810399999998,3.3980903199999997
4346,-0.0010290587999999996,-0.1005025,0.200903632,3.3980903199999997
4347,-0.0010280587999999995,-0.080402,0.202350868,3.26582903
4348,-0.0010270588000000002,-0.080402,0.19945639599999998,3.0579898599999997
4349,-0.0010260588,-0.1005025,0.202350868,2.7934672799999998
4350,-0.0010250588,-0.0603015,0.200903632,2.51005023
4351,-0.0010240587999999998,-0.1005025,0.200903632,2.2455276499999997
4352,-0.0010230587999999997,-0.080402,0.200903632,1.99989954
4353,-0.0010220587999999996,-0.1005025,0.200903632,1.7920603699999997
4354,-0.0010210587999999994,-0.0603015,0.202350868,1.6409046099999998
4355,-0.0010200588000000002,-0.080402,0.19945639599999998,1.54643226
4356,-0.0010190588,-0.080402,0.19945639599999998,1.50864332
4357,-0.0010180588,-0.080402,0.200903632,1.5653267299999998
4358,-0.0010170587999999998,-0.080402,0.200903632,1.7164824899999997
4359,-0.0010160587999999996,-0.1005025,0.200903632,1.90542719
4360,-0.0010150587999999995,-0.0603015,0.19945639599999998,2.2077387099999997
4361,-0.0010140588000000002,-0.1005025,0.19945639599999998,2.49115576
4362,-0.0010130588000000001,-0.1005025,0.19800916,2.7934672799999998
4363,-0.0010120588,-0.080402,0.200903632,3.11467327
4364,-0.0010110587999999998,-0.0603015,0.19945639599999998,3.26582903
4365,-0.0010100587999999997,-0.080402,0.202350868,3.37919585
4366,-0.0010090587999999996,-0.080402,0.202350868,3.37919585
4367,-0.0010080587999999994,-0.0603015,0.200903632,3.19025115
4368,-0.0010070588000000002,-0.080402,0.200903632,2.88793963
4369,-0.0010060588,-0.0603015,0.202350868,2.49115576
4370,-0.0010050588,-0.080402,0.19945639599999998,2.0943718899999997
4371,-0.0010040587999999998,-0.0603015,0.20379810399999998,1.7542714299999997
4372,-0.0010030587999999997,-0.0603015,0.202350868,1.54643226
4373,-0.0010020587999999995,-0.080402,0.202350868,1.54643226
4374,-0.0010010588000000003,-0.080402,0.200903632,1.7542714299999997
4375,-0.0010000588000000001,-0.080402,0.20379810399999998,2.1699497699999997
4376,-0.0009990588,-0.080402,0.202350868,2.66120599
4377,-0.0009980587999999999,-0.0603015,0.202350868,3.0579898599999997
4378,-0.0009970587999999997,-0.0603015,0.202350868,3.3225124399999997
4379,-0.0009960587999999996,-0.0603015,0.20379810399999998,3.37919585
4380,-0.0009950587999999995,-0.1005025,0.200903632,3.22804009
4381,-0.0009940588000000002,-0.0603015,0.200903632,2.8690451599999998
4382,-0.0009930588,-0.1005025,0.202350868,2.39668341
4383,-0.0009920588,-0.0603015,0.200903632,1.99989954
4384,-0.0009910587999999998,-0.0603015,0.200903632,1.6786935499999998
4385,-0.0009900587999999997,-0.080402,0.19945639599999998,1.5275377899999998
4386,-0.0009890587999999995,-0.080402,0.19945639599999998,1.5653267299999998
4387,-0.0009880588000000003,-0.1005025,0.19945639599999998,1.7731659
4388,-0.0009870588000000001,-0.0603015,0.200903632,2.0943718899999997
4389,-0.0009860588,-0.1005025,0.200903632,2.45336682
4390,-0.0009850587999999999,-0.0603015,0.200903632,2.81236175
4391,-0.0009840587999999997,-0.1005025,0.200903632,3.07688433
4392,-0.0009830587999999996,-0.0603015,0.19945639599999998,3.2847235
4393,-0.0009820587999999995,-0.1005025,0.200903632,3.36030138
4394,-0.0009810588000000002,-0.1005025,0.19945639599999998,3.3980903199999997
4395,-0.0009800588,-0.0603015,0.19945639599999998,3.3225124399999997
4396,-0.0009790588,-0.080402,0.19945639599999998,3.2091456199999997
4397,-0.0009780587999999998,-0.080402,0.19800916,3.00130645
4398,-0.0009770587999999997,-0.080402,0.200903632,2.77457281
4399,-0.0009760587999999995,-0.0603015,0.200903632,2.54783917
4400,-0.0009750588000000003,-0.080402,0.200903632,2.2833165899999996
4401,-0.0009740588000000001,-0.080402,0.200903632,2.0565829499999997
4402,-0.0009730588,-0.040201,0.200903632,1.84874378
4403,-0.0009720587999999999,-0.080402,0.202350868,1.6786935499999998
4404,-0.0009710587999999997,-0.080402,0.202350868,1.5653267299999998
4405,-0.0009700587999999996,-0.1005025,0.20524534,1.5275377899999998
4406,-0.0009690587999999995,-0.080402,0.202350868,1.54643226
4407,-0.0009680588000000002,-0.0603015,0.202350868,1.65979908
4408,-0.0009670588000000001,-0.0603015,0.202350868,1.8298493099999997
4409,-0.0009660588,-0.080402,0.202350868,2.0943718899999997
4410,-0.0009650587999999998,-0.080402,0.202350868,2.43447235
4411,-0.0009640587999999997,-0.0603015,0.202350868,2.81236175
4412,-0.0009630587999999995,-0.0603015,0.20379810399999998,3.0957787999999997
4413,-0.0009620588000000003,-0.080402,0.20379810399999998,3.3225124399999997
4414,-0.0009610588000000002,-0.080402,0.20379810399999998,3.37919585
4415,-0.0009600588,-0.080402,0.20379810399999998,3.30361797
4416,-0.0009590587999999999,-0.040201,0.20379810399999998,3.00130645
4417,-0.0009580587999999998,-0.0603015,0.202350868,2.60452258
4418,-0.0009570587999999996,-0.080402,0.20379810399999998,2.11326636
4419,-0.0009560587999999995,-0.080402,0.202350868,1.7164824899999997
4420,-0.0009550588000000002,-0.0603015,0.202350868,1.5275377899999998
4421,-0.0009540588000000001,-0.080402,0.19945639599999998,1.5653267299999998
4422,-0.0009530588,-0.0603015,0.200903632,1.8298493099999997
4423,-0.0009520587999999998,-0.080402,0.200903632,2.26442212
4424,-0.0009510587999999997,-0.040201,0.200903632,2.75567834
4425,-0.0009500587999999996,-0.0603015,0.19945639599999998,3.15246221
4426,-0.0009490588000000003,-0.080402,0.19945639599999998,3.34140691
4427,-0.0009480588000000002,-0.040201,0.19800916,3.36030138
4428,-0.0009470588,-0.080402,0.19945639599999998,3.1713566799999997
4429,-0.0009460587999999999,-0.040201,0.19945639599999998,2.7934672799999998
4430,-0.0009450587999999998,-0.040201,0.19945639599999998,2.35889447
4431,-0.0009440587999999996,-0.040201,0.200903632,1.98100507
4432,-0.0009430587999999995,-0.0603015,0.19945639599999998,1.6409046099999998
4433,-0.0009420588000000002,-0.080402,0.19945639599999998,1.5275377899999998
4434,-0.0009410588000000001,-0.080402,0.200903632,1.54643226
4435,-0.0009400588,-0.0603015,0.200903632,1.69758802
4436,-0.0009390587999999998,-0.040201,0.202350868,1.94321613
4437,-0.0009380587999999997,-0.080402,0.202350868,2.26442212
4438,-0.0009370587999999996,-0.080402,0.20379810399999998,2.51005023
4439,-0.0009360588000000003,-0.0603015,0.202350868,2.77457281
4440,-0.0009350588000000002,-0.080402,0.20379810399999998,3.0202009199999997
4441,-0.0009340588,-0.0603015,0.20379810399999998,3.19025115
4442,-0.0009330587999999999,-0.0603015,0.200903632,3.3225124399999997
4443,-0.0009320587999999998,-0.0201005,0.20379810399999998,3.37919585
4444,-0.0009310587999999996,-0.0603015,0.20379810399999998,3.3980903199999997
4445,-0.0009300587999999995,-0.080402,0.20379810399999998,3.36030138
4446,-0.0009290588000000002,-0.080402,0.202350868,3.26582903
4447,-0.0009280588000000001,-0.1005025,0.20379810399999998,3.11467327
4448,-0.0009270588,-0.0603015,0.202350868,2.92572857
4449,-0.0009260587999999998,-0.080402,0.202350868,2.7178894
4450,-0.0009250587999999997,-0.040201,0.20379810399999998,2.49115576
4451,-0.0009240587999999996,-0.0603015,0.202350868,2.22663318
4452,-0.0009230587999999994,-0.0603015,0.20379810399999998,1.99989954
4453,-0.0009220588000000002,-0.080402,0.20379810399999998,1.7542714299999997
4454,-0.0009210588,-0.0603015,0.20379810399999998,1.6031156699999998
4455,-0.0009200587999999999,-0.080402,0.202350868,1.50864332
4456,-0.0009190587999999998,-0.080402,0.202350868,1.54643226
4457,-0.0009180587999999996,-0.040201,0.202350868,1.7164824899999997
4458,-0.0009170587999999995,-0.040201,0.200903632,2.0187940099999997
4459,-0.0009160588000000002,-0.080402,0.200903632,2.37778894
4460,-0.0009150588000000001,-0.1005025,0.202350868,2.77457281
4461,-0.0009140588,-0.0603015,0.19945639599999998,3.15246221
4462,-0.0009130587999999999,-0.0603015,0.200903632,3.34140691
4463,-0.0009120587999999997,-0.1005025,0.200903632,3.36030138
4464,-0.0009110587999999996,-0.1005025,0.19945639599999998,3.15246221
4465,-0.0009100587999999995,-0.040201,0.19800916,2.77457281
4466,-0.0009090588000000002,-0.0603015,0.19800916,2.2833165899999996
4467,-0.0009080588000000001,-0.0603015,0.19800916,1.84874378
4468,-0.0009070587999999999,-0.080402,0.202350868,1.5653267299999998
4469,-0.0009060587999999998,-0.0201005,0.19800916,1.5275377899999998
4470,-0.0009050587999999997,-0.040201,0.19945639599999998,1.7164824899999997
4471,-0.0009040587999999995,-0.0603015,0.19945639599999998,2.0943718899999997
4472,-0.0009030588000000003,-0.0603015,0.19945639599999998,2.56673364
4473,-0.0009020588000000001,-0.040201,0.19945639599999998,2.9824119799999997
4474,-0.0009010588,-0.0201005,0.200903632,3.30361797
4475,-0.0009000587999999999,-0.0603015,0.202350868,3.3980903199999997
4476,-0.0008990587999999997,-0.0603015,0.20379810399999998,3.30361797
4477,-0.0008980587999999996,-0.080402,0.20379810399999998,3.03909539
4478,-0.0008970587999999995,-0.0603015,0.202350868,2.68010046
4479,-0.0008960588000000002,-0.040201,0.20379810399999998,2.35889447
4480,-0.0008950588000000001,-0.0603015,0.202350868,1.98100507
4481,-0.0008940587999999999,-0.040201,0.20379810399999998,1.73537696
4482,-0.0008930587999999998,-0.0603015,0.20379810399999998,1.5653267299999998
4483,-0.0008920587999999997,-0.0603015,0.20379810399999998,1.50864332
4484,-0.0008910587999999995,-0.1005025,0.202350868,1.54643226
4485,-0.0008900588000000003,-0.0603015,0.202350868,1.6409046099999998
4486,-0.0008890588000000001,-0.0603015,0.202350868,1.7731659
4487,-0.0008880588,-0.0201005,0.20379810399999998,1.98100507
4488,-0.0008870587999999999,-0.040201,0.202350868,2.18884424
4489,-0.0008860587999999997,-0.080402,0.19945639599999998,2.35889447
4490,-0.0008850587999999996,-0.0603015,0.202350868,2.56673364
4491,-0.0008840587999999995,-0.0603015,0.202350868,2.77457281
4492,-0.0008830588000000002,-0.0603015,0.200903632,2.92572857
4493,-0.0008820588000000001,-0.0603015,0.202350868,3.0957787999999997
4494,-0.0008810587999999999,-0.0603015,0.200903632,3.2469345599999997
4495,-0.0008800587999999998,-0.080402,0.200903632,3.36030138
4496,-0.0008790587999999997,-0.040201,0.200903632,3.3980903199999997
4497,-0.0008780587999999995,-0.040201,0.200903632,3.3980903199999997
4498,-0.0008770588000000003,-0.040201,0.19945639599999998,3.26582903
4499,-0.0008760588000000001,-0.0603015,0.19945639599999998,3.07688433
4500,-0.0008750588,-0.0603015,0.19945639599999998,2.8312562199999998
4501,-0.0008740587999999999,-0.0603015,0.19800916,2.51005023
4502,-0.0008730587999999997,-0.080402,0.19945639599999998,2.18884424
4503,-0.0008720587999999996,-0.040201,0.19945639599999998,1.8676382499999997
4504,-0.0008710587999999995,-0.0603015,0.19800916,1.6031156699999998
4505,-0.0008700588000000002,-0.0603015,0.196561924,1.50864332
4506,-0.0008690588000000001,-0.080402,0.19945639599999998,1.5842212
4507,-0.0008680588,-0.040201,0.19800916,1.84874378
4508,-0.0008670587999999998,-0.0603015,0.19800916,2.2455276499999997
4509,-0.0008660587999999997,-0.080402,0.200903632,2.66120599
4510,-0.0008650587999999996,-0.040201,0.19945639599999998,3.07688433
4511,-0.0008640588000000003,-0.040201,0.19945639599999998,3.34140691
4512,-0.0008630588000000002,-0.0603015,0.202350868,3.37919585
4513,-0.0008620588,-0.040201,0.200903632,3.1713566799999997
4514,-0.0008610587999999999,-0.040201,0.202350868,2.7934672799999998
4515,-0.0008600587999999998,-0.040201,0.19945639599999998,2.35889447
4516,-0.0008590587999999996,-0.0603015,0.200903632,1.90542719
4517,-0.0008580587999999995,-0.0603015,0.202350868,1.5842212
4518,-0.0008570588000000002,-0.040201,0.20524534,1.50864332
4519,-0.0008560588000000001,-0.0603015,0.20524534,1.6031156699999998
4520,-0.0008550588,-0.0603015,0.20379810399999998,1.88653272
4521,-0.0008540587999999998,-0.0603015,0.202350868,2.30221106
4522,-0.0008530587999999997,-0.040201,0.202350868,2.7178894
4523,-0.0008520587999999996,-0.0603015,0.202350868,3.03909539
4524,-0.0008510588000000003,-0.040201,0.20379810399999998,3.2847235
4525,-0.0008500588000000002,-0.040201,0.202350868,3.3980903199999997
4526,-0.0008490588,-0.080402,0.200903632,3.3980903199999997
4527,-0.0008480587999999999,-0.0603015,0.200903632,3.26582903
4528,-0.0008470587999999998,-0.0603015,0.202350868,3.0957787999999997
4529,-0.0008460587999999996,-0.0603015,0.20379810399999998,2.8690451599999998
4530,-0.0008450587999999995,-0.0603015,0.200903632,2.58562811
4531,-0.0008440588000000002,-0.0603015,0.202350868,2.34
4532,-0.0008430588000000001,-0.0603015,0.19945639599999998,2.1321608299999997
4533,-0.0008420588,-0.040201,0.19945639599999998,1.94321613
4534,-0.0008410587999999998,-0.0603015,0.19945639599999998,1.7731659
4535,-0.0008400587999999997,-0.040201,0.202350868,1.6409046099999998
4536,-0.0008390587999999996,-0.0603015,0.200903632,1.54643226
4537,-0.0008380588000000003,-0.080402,0.19945639599999998,1.50864332
4538,-0.0008370588000000002,-0.040201,0.19945639599999998,1.50864332
4539,-0.0008360588,-0.080402,0.19945639599999998,1.6031156699999998
4540,-0.0008350587999999999,-0.040201,0.19800916,1.73537696
4541,-0.0008340587999999998,-0.040201,0.19945639599999998,1.90542719
4542,-0.0008330587999999996,-0.0603015,0.19800916,2.1321608299999997
4543,-0.0008320587999999995,-0.040201,0.19800916,2.39668341
4544,-0.0008310588000000002,-0.040201,0.19945639599999998,2.7178894
4545,-0.0008300588000000001,-0.0603015,0.19800916,3.0202009199999997
4546,-0.0008290588,-0.0603015,0.19945639599999998,3.2469345599999997
4547,-0.0008280587999999998,-0.0603015,0.19945639599999998,3.37919585
4548,-0.0008270587999999997,-0.0201005,0.200903632,3.36030138
4549,-0.0008260587999999996,-0.040201,0.200903632,3.2469345599999997
4550,-0.0008250587999999994,-0.040201,0.200903632,2.96351751
4551,-0.0008240588000000002,-0.040201,0.19945639599999998,2.56673364
4552,-0.0008230588,-0.040201,0.19945639599999998,2.1510553
4553,-0.0008220587999999999,-0.0603015,0.202350868,1.7920603699999997
4554,-0.0008210587999999998,-0.0201005,0.202350868,1.54643226
4555,-0.0008200587999999997,-0.0603015,0.202350868,1.50864332
4556,-0.0008190587999999995,-0.040201,0.202350868,1.7164824899999997
4557,-0.0008180588000000003,-0.0603015,0.20379810399999998,2.07547742
4558,-0.0008170588000000001,-0.0603015,0.20379810399999998,2.51005023
4559,-0.0008160588,-0.040201,0.202350868,2.96351751
4560,-0.0008150587999999999,-0.040201,0.20379810399999998,3.26582903
4561,-0.0008140587999999997,-0.0201005,0.202350868,3.3980903199999997
4562,-0.0008130587999999996,-0.040201,0.202350868,3.30361797
4563,-0.0008120587999999995,-0.0603015,0.20379810399999998,2.9824119799999997
4564,-0.0008110588000000002,-0.0201005,0.202350868,2.58562811
4565,-0.0008100588000000001,-0.0603015,0.200903632,2.1321608299999997
4566,-0.0008090587999999999,-0.0201005,0.202350868,1.7920603699999997
4567,-0.0008080587999999998,-0.0603015,0.202350868,1.5653267299999998
4568,-0.0008070587999999997,-0.0603015,0.19945639599999998,1.50864332
4569,-0.0008060587999999995,-0.040201,0.200903632,1.5842212
4570,-0.0008050588000000003,-0.040201,0.19800916,1.8298493099999997
4571,-0.0008040588000000001,-0.0201005,0.19945639599999998,2.1321608299999997
4572,-0.0008030588,-0.040201,0.19945639599999998,2.45336682
4573,-0.0008020587999999999,-0.0603015,0.19945639599999998,2.7934672799999998
4574,-0.0008010587999999997,-0.0201005,0.19800916,3.03909539
4575,-0.0008000587999999996,-0.080402,0.19945639599999998,3.22804009
4576,-0.0007990587999999995,-0.040201,0.19945639599999998,3.34140691
4577,-0.0007980588000000002,-0.040201,0.200903632,3.37919585
4578,-0.0007970588000000001,-0.0603015,0.19945639599999998,3.36030138
4579,-0.0007960587999999999,-0.040201,0.19800916,3.26582903
4580,-0.0007950587999999998,-0.0603015,0.19800916,3.15246221
4581,-0.0007940587999999997,-0.080402,0.19945639599999998,2.96351751
4582,-0.0007930587999999995,-0.0603015,0.19945639599999998,2.68010046
4583,-0.0007920588000000003,-0.040201,0.200903632,2.43447235
4584,-0.0007910588000000001,-0.0603015,0.19945639599999998,2.1510553
4585,-0.0007900588,-0.040201,0.19945639599999998,1.92432166
4586,-0.0007890587999999999,-0.040201,0.19945639599999998,1.7164824899999997
4587,-0.0007880587999999997,-0.040201,0.202350868,1.5842212
4588,-0.0007870587999999996,-0.040201,0.200903632,1.50864332
4589,-0.0007860587999999995,-0.040201,0.20379810399999998,1.5275377899999998
4590,-0.0007850588000000002,-0.040201,0.200903632,1.7164824899999997
4591,-0.0007840588000000001,-0.0603015,0.200903632,1.94321613
4592,-0.0007830587999999999,-0.040201,0.202350868,2.2833165899999996
4593,-0.0007820587999999998,-0.0603015,0.202350868,2.66120599
4594,-0.0007810587999999997,-0.0603015,0.20524534,3.03909539
4595,-0.0007800587999999995,-0.0603015,0.20379810399999998,3.30361797
4596,-0.0007790588000000003,-0.0201005,0.20379810399999998,3.3980903199999997
4597,-0.0007780588000000001,-0.0603015,0.20379810399999998,3.26582903
4598,-0.0007770588,-0.0603015,0.20379810399999998,2.96351751
4599,-0.0007760587999999999,-0.0201005,0.20379810399999998,2.54783917
4600,-0.0007750587999999997,-0.040201,0.20379810399999998,2.0943718899999997
4601,-0.0007740587999999996,-0.040201,0.20379810399999998,1.7164824899999997
4602,-0.0007730587999999995,-0.0603015,0.20379810399999998,1.5275377899999998
4603,-0.0007720588000000002,-0.0201005,0.200903632,1.5275377899999998
4604,-0.0007710588000000001,-0.0201005,0.202350868,1.7920603699999997
4605,-0.0007700588,-0.040201,0.200903632,2.22663318
4606,-0.0007690587999999998,-0.0201005,0.202350868,2.7178894
4607,-0.0007680587999999997,-0.0603015,0.200903632,3.0957787999999997
4608,-0.0007670587999999996,-0.0201005,0.19800916,3.34140691
4609,-0.0007660588000000003,-0.0201005,0.19800916,3.37919585
4610,-0.0007650588000000002,-0.0201005,0.19945639599999998,3.19025115
4611,-0.0007640588,-0.040201,0.19800916,2.81236175
4612,-0.0007630587999999999,-0.0201005,0.19800916,2.43447235
4613,-0.0007620587999999998,-0.0603015,0.19945639599999998,2.0187940099999997
4614,-0.0007610587999999996,-0.040201,0.19800916,1.69758802
4615,-0.0007600587999999995,-0.0603015,0.19945639599999998,1.54643226
4616,-0.0007590588000000002,-0.0603015,0.19945639599999998,1.5275377899999998
4617,-0.0007580588000000001,-0.040201,0.19800916,1.62201014
4618,-0.0007570588,-0.0603015,0.19945639599999998,1.81095484
4619,-0.0007560587999999998,-0.0201005,0.200903632,2.07547742
4620,-0.0007550587999999997,-0.0201005,0.200903632,2.35889447
4621,-0.0007540587999999996,-0.0603015,0.202350868,2.66120599
4622,-0.0007530588000000003,-0.040201,0.200903632,2.9446230399999997
4623,-0.0007520588000000002,-0.040201,0.200903632,3.1713566799999997
4624,-0.0007510588,-0.0603015,0.202350868,3.30361797
4625,-0.0007500587999999999,-0.0201005,0.202350868,3.37919585
4626,-0.0007490587999999998,-0.040201,0.20379810399999998,3.36030138
4627,-0.0007480587999999996,-0.040201,0.202350868,3.26582903
4628,-0.0007470587999999995,-0.0603015,0.202350868,3.0579898599999997
4629,-0.0007460588000000002,-0.040201,0.202350868,2.81236175
4630,-0.0007450588000000001,-0.040201,0.200903632,2.54783917
4631,-0.0007440588,-0.040201,0.20379810399999998,2.26442212
4632,-0.0007430587999999998,-0.0201005,0.20379810399999998,1.94321613
4633,-0.0007420587999999997,-0.040201,0.202350868,1.69758802
4634,-0.0007410587999999996,-0.0201005,0.20379810399999998,1.54643226
4635,-0.0007400588000000003,-0.040201,0.202350868,1.50864332
4636,-0.0007390588000000002,-0.040201,0.20379810399999998,1.62201014
4637,-0.0007380588,-0.0603015,0.202350868,1.8676382499999997
4638,-0.0007370587999999999,-0.0201005,0.202350868,2.2455276499999997
4639,-0.0007360587999999998,0.0,0.202350868,2.66120599
4640,-0.0007350587999999996,-0.040201,0.202350868,3.0202009199999997
4641,-0.0007340587999999995,-0.040201,0.202350868,3.3225124399999997
4642,-0.0007330588000000002,-0.040201,0.200903632,3.37919585
4643,-0.0007320588000000001,-0.0201005,0.19945639599999998,3.22804009
4644,-0.0007310588,-0.0201005,0.19800916,2.9446230399999997
4645,-0.0007300587999999998,-0.040201,0.19945639599999998,2.5289447
4646,-0.0007290587999999997,-0.0201005,0.19945639599999998,2.03768848
4647,-0.0007280587999999996,-0.0603015,0.19945639599999998,1.69758802
4648,-0.0007270587999999994,-0.0201005,0.19800916,1.50864332
4649,-0.0007260588000000002,-0.0603015,0.19800916,1.5842212
4650,-0.0007250588,-0.040201,0.200903632,1.88653272
4651,-0.0007240587999999999,-0.0201005,0.19945639599999998,2.2833165899999996
4652,-0.0007230587999999998,-0.0201005,0.19800916,2.7934672799999998
4653,-0.0007220587999999997,-0.040201,0.19945639599999998,3.15246221
4654,-0.0007210587999999995,-0.040201,0.19945639599999998,3.34140691
4655,-0.0007200588000000003,-0.040201,0.200903632,3.36030138
4656,-0.0007190588000000001,0.0,0.202350868,3.1713566799999997
4657,-0.0007180588,-0.0201005,0.20379810399999998,2.85015069
4658,-0.0007170587999999999,-0.0201005,0.202350868,2.45336682
4659,-0.0007160587999999997,-0.0201005,0.200903632,2.07547742
4660,-0.0007150587999999996,-0.0201005,0.20379810399999998,1.7731659
4661,-0.0007140587999999995,-0.040201,0.202350868,1.5842212
4662,-0.0007130588000000002,-0.040201,0.202350868,1.50864332
4663,-0.0007120588000000001,-0.0201005,0.20379810399999998,1.5653267299999998
4664,-0.0007110587999999999,-0.0603015,0.200903632,1.7731659
4665,-0.0007100587999999998,-0.040201,0.20379810399999998,2.0187940099999997
4666,-0.0007090587999999997,-0.040201,0.200903632,2.34
4667,-0.0007080587999999995,-0.040201,0.202350868,2.62341705
4668,-0.0007070588000000003,-0.0603015,0.202350868,2.9068340999999998
4669,-0.0007060588000000001,-0.040201,0.200903632,3.11467327
4670,-0.0007050588,-0.0201005,0.200903632,3.2847235
4671,-0.0007040587999999999,-0.0603015,0.200903632,3.36030138
4672,-0.0007030587999999997,0.0,0.19945639599999998,3.36030138
4673,-0.0007020587999999996,-0.0603015,0.202350868,3.2847235
4674,-0.0007010587999999995,-0.0201005,0.200903632,3.07688433
4675,-0.0007000588000000002,-0.0201005,0.200903632,2.8690451599999998
4676,-0.0006990588000000001,-0.0201005,0.200903632,2.51005023
4677,-0.0006980587999999999,-0.0201005,0.200903632,2.2455276499999997
4678,-0.0006970587999999998,-0.040201,0.200903632,1.94321613
4679,-0.0006960587999999997,-0.0201005,0.19945639599999998,1.69758802
4680,-0.0006950587999999995,-0.0201005,0.19945639599999998,1.5275377899999998
4681,-0.0006940588000000003,-0.040201,0.19945639599999998,1.50864332
4682,-0.0006930588000000001,-0.0201005,0.19945639599999998,1.6409046099999998
4683,-0.0006920588,-0.0201005,0.19945639599999998,1.88653272
4684,-0.0006910587999999999,-0.040201,0.19800916,2.2455276499999997
4685,-0.0006900587999999997,-0.0201005,0.19945639599999998,2.68010046
4686,-0.0006890587999999996,-0.040201,0.19800916,3.03909539
4687,-0.0006880587999999995,-0.040201,0.19800916,3.30361797
4688,-0.0006870588000000002,-0.040201,0.19945639599999998,3.37919585
4689,-0.0006860588000000001,-0.0201005,0.200903632,3.2469345599999997
4690,-0.0006850588,-0.0201005,0.19945639599999998,2.9446230399999997
4691,-0.0006840587999999998,-0.040201,0.202350868,2.45336682
4692,-0.0006830587999999997,-0.0201005,0.202350868,2.0187940099999997
4693,-0.0006820587999999995,0.0,0.202350868,1.6409046099999998
4694,-0.0006810588000000003,-0.0201005,0.202350868,1.50864332
4695,-0.0006800588000000002,-0.0201005,0.202350868,1.6031156699999998
4696,-0.0006790588,-0.0201005,0.202350868,1.92432166
4697,-0.0006780587999999999,0.0,0.202350868,2.34
4698,-0.0006770587999999998,0.0,0.202350868,2.81236175
4699,-0.0006760587999999996,-0.0201005,0.202350868,3.1713566799999997
4700,-0.0006750587999999995,-0.040201,0.202350868,3.36030138
4701,-0.0006740588000000002,0.0201005,0.202350868,3.36030138
4702,-0.0006730588000000001,-0.040201,0.202350868,3.15246221
4703,-0.0006720588,-0.0201005,0.200903632,2.81236175
4704,-0.0006710587999999998,0.0,0.200903632,2.41557788
4705,-0.0006700587999999997,-0.0603015,0.200903632,2.03768848
4706,-0.0006690587999999996,-0.0201005,0.200903632,1.7542714299999997
4707,-0.0006680588000000003,-0.0201005,0.200903632,1.6031156699999998
4708,-0.0006670588000000002,0.0,0.200903632,1.4897488499999998
4709,-0.0006660588,-0.040201,0.19945639599999998,1.5653267299999998
4710,-0.0006650587999999999,-0.040201,0.19945639599999998,1.7164824899999997
4711,-0.0006640587999999998,-0.0201005,0.19945639599999998,1.92432166
4712,-0.0006630587999999996,-0.0201005,0.19945639599999998,2.18884424
4713,-0.0006620587999999995,-0.040201,0.19945639599999998,2.47226129
4714,-0.0006610588000000002,-0.0201005,0.19945639599999998,2.75567834
4715,-0.0006600588000000001,0.0,0.19945639599999998,2.96351751
4716,-0.0006590588,-0.0201005,0.19945639599999998,3.19025115
4717,-0.0006580587999999998,-0.0201005,0.19945639599999998,3.30361797
4718,-0.0006570587999999997,-0.0201005,0.19945639599999998,3.37919585
4719,-0.0006560587999999996,-0.0201005,0.19945639599999998,3.34140691
4720,-0.0006550588000000003,0.0,0.19945639599999998,3.22804009
4721,-0.0006540588000000002,-0.0201005,0.200903632,3.0579898599999997
4722,-0.0006530588,-0.0201005,0.19945639599999998,2.81236175
4723,-0.0006520587999999999,0.0,0.200903632,2.47226129
4724,-0.0006510587999999998,0.0,0.19945639599999998,2.1699497699999997
4725,-0.0006500587999999996,0.0,0.202350868,1.8676382499999997
4726,-0.0006490587999999995,-0.0201005,0.19945639599999998,1.62201014
4727,-0.0006480588000000002,-0.0603015,0.200903632,1.5275377899999998
4728,-0.0006470588000000001,-0.0201005,0.202350868,1.5275377899999998
4729,-0.0006460588,-0.0201005,0.202350868,1.7164824899999997
4730,-0.0006450587999999998,-0.0201005,0.202350868,2.0565829499999997
4731,-0.0006440587999999997,-0.040201,0.200903632,2.41557788
4732,-0.0006430587999999996,-0.0201005,0.202350868,2.8690451599999998
4733,-0.0006420588000000003,-0.0201005,0.200903632,3.2091456199999997
4734,-0.0006410588000000002,0.0,0.200903632,3.37919585
4735,-0.0006400588,-0.0201005,0.202350868,3.3225124399999997
4736,-0.0006390587999999999,-0.0201005,0.20379810399999998,3.03909539
4737,-0.0006380587999999998,-0.0201005,0.202350868,2.58562811
4738,-0.0006370587999999996,-0.0201005,0.200903632,2.1510553
4739,-0.0006360587999999995,-0.0201005,0.202350868,1.73537696
4740,-0.0006350588000000002,-0.0201005,0.200903632,1.50864332
4741,-0.0006340588000000001,0.0,0.200903632,1.54643226
4742,-0.0006330588,-0.0201005,0.200903632,1.7920603699999997
4743,-0.0006320587999999999,-0.0201005,0.19945639599999998,2.26442212
4744,-0.0006310587999999997,0.0,0.19945639599999998,2.7178894
4745,-0.0006300587999999996,-0.0201005,0.19945639599999998,3.0957787999999997
4746,-0.0006290587999999995,-0.0201005,0.19945639599999998,3.34140691
4747,-0.0006280588000000002,-0.0201005,0.19945639599999998,3.37919585
4748,-0.0006270588000000001,-0.0201005,0.19800916,3.1713566799999997
4749,-0.0006260587999999999,0.0,0.19945639599999998,2.8690451599999998
4750,-0.0006250587999999998,0.0201005,0.19800916,2.43447235
4751,-0.0006240587999999997,0.0,0.19945639599999998,2.0943718899999997
4752,-0.0006230587999999995,-0.0201005,0.202350868,1.7920603699999997
4753,-0.0006220588000000003,-0.0201005,0.19945639599999998,1.5653267299999998
4754,-0.0006210588000000001,-0.0201005,0.19800916,1.4897488499999998
4755,-0.0006200588,0.0,0.19945639599999998,1.54643226
4756,-0.0006190587999999999,0.0,0.200903632,1.69758802
4757,-0.0006180587999999997,-0.0201005,0.202350868,1.92432166
4758,-0.0006170587999999996,0.0,0.200903632,2.2077387099999997
4759,-0.0006160587999999995,-0.0201005,0.19945639599999998,2.49115576
4760,-0.0006150588000000002,0.0,0.200903632,2.7934672799999998
4761,-0.0006140588000000001,-0.040201,0.20379810399999998,3.0579898599999997
4762,-0.0006130587999999999,-0.0201005,0.202350868,3.2469345599999997
4763,-0.0006120587999999998,-0.0201005,0.202350868,3.36030138
4764,-0.0006110587999999997,0.0201005,0.202350868,3.36030138
4765,-0.0006100587999999995,-0.0201005,0.20379810399999998,3.30361797
4766,-0.0006090588000000003,-0.0201005,0.202350868,3.15246221
4767,-0.0006080588000000001,-0.0201005,0.202350868,2.8690451599999998
4768,-0.0006070588,0.0,0.202350868,2.54783917
4769,-0.0006060587999999999,-0.0201005,0.200903632,2.2455276499999997
4770,-0.0006050587999999997,0.0,0.202350868,1.92432166
4771,-0.0006040587999999996,-0.0201005,0.202350868,1.6409046099999998
4772,-0.0006030587999999995,0.0,0.202350868,1.5275377899999998
4773,-0.0006020588000000002,-0.0201005,0.202350868,1.5275377899999998
4774,-0.0006010588000000001,-0.040201,0.19945639599999998,1.65979908
4775,-0.0006000587999999999,-0.040201,0.19945639599999998,1.92432166
4776,-0.0005990587999999998,-0.0201005,0.200903632,2.2833165899999996
4777,-0.0005980587999999997,0.0,0.19945639599999998,2.68010046
4778,-0.0005970587999999995,-0.0201005,0.200903632,3.0957787999999997
4779,-0.0005960588000000003,0.0,0.19945639599999998,3.36030138
4780,-0.0005950588000000001,-0.0201005,0.19945639599999998,3.34140691
4781,-0.0005940588,-0.040201,0.19945639599999998,3.15246221
4782,-0.0005930587999999999,0.0,0.19945639599999998,2.75567834
4783,-0.0005920587999999997,0.0,0.200903632,2.2833165899999996
4784,-0.0005910587999999996,-0.0201005,0.19945639599999998,1.8676382499999997
4785,-0.0005900587999999995,-0.0201005,0.19945639599999998,1.5275377899999998
4786,-0.0005890588000000002,0.0201005,0.19945639599999998,1.50864332
4787,-0.0005880588000000001,0.0,0.19945639599999998,1.69758802
4788,-0.0005870588,0.0,0.200903632,2.11326636
4789,-0.0005860587999999998,-0.0201005,0.19945639599999998,2.56673364
4790,-0.0005850587999999997,0.0,0.19945639599999998,2.9824119799999997
4791,-0.0005840587999999996,0.0,0.200903632,3.26582903
4792,-0.0005830588000000003,0.0,0.200903632,3.36030138
4793,-0.0005820588000000002,0.0,0.200903632,3.2469345599999997
4794,-0.0005810588,-0.0201005,0.200903632,3.0202009199999997
4795,-0.0005800587999999999,-0.040201,0.200903632,2.64231152
4796,-0.0005790587999999998,-0.0201005,0.202350868,2.22663318
4797,-0.0005780587999999996,0.0,0.202350868,1.90542719
4798,-0.0005770587999999995,0.0,0.202350868,1.6786935499999998
4799,-0.0005760588000000002,0.0,0.200903632,1.5275377899999998
4800,-0.0005750588000000001,0.0,0.202350868,1.50864332
4801,-0.0005740588,0.0201005,0.200903632,1.65979908
4802,-0.0005730587999999998,0.040201,0.202350868,1.8676382499999997
4803,-0.0005720587999999997,0.0,0.19945639599999998,2.18884424
4804,-0.0005710587999999996,0.0201005,0.200903632,2.49115576
4805,-0.0005700588000000003,-0.0201005,0.202350868,2.77457281
4806,-0.0005690588000000002,-0.0201005,0.202350868,3.03909539
4807,-0.0005680588,-0.0201005,0.202350868,3.2469345599999997
4808,-0.0005670587999999999,0.0,0.202350868,3.36030138
4809,-0.0005660587999999998,0.0201005,0.200903632,3.36030138
4810,-0.0005650587999999996,0.0,0.202350868,3.2469345599999997
4811,-0.0005640587999999995,0.0,0.200903632,3.07688433
4812,-0.0005630588000000002,0.0,0.200903632,2.81236175
4813,-0.0005620588000000001,0.0,0.200903632,2.56673364
4814,-0.0005610588,0.0201005,0.200903632,2.22663318
4815,-0.0005600587999999998,0.0,0.200903632,1.92432166
4816,-0.0005590587999999997,0.0,0.19945639599999998,1.6786935499999998
4817,-0.0005580587999999996,0.0,0.200903632,1.5275377899999998
4818,-0.0005570588000000003,0.0,0.19945639599999998,1.4897488499999998
4819,-0.0005560588000000002,-0.0201005,0.19800916,1.6031156699999998
4820,-0.0005550588,0.0,0.200903632,1.88653272
4821,-0.0005540587999999999,-0.0201005,0.19945639599999998,2.2077387099999997
4822,-0.0005530587999999998,-0.0201005,0.19945639599999998,2.60452258
4823,-0.0005520587999999996,-0.0201005,0.19945639599999998,3.00130645
4824,-0.0005510587999999995,0.0,0.19945639599999998,3.30361797
4825,-0.0005500588000000002,-0.0201005,0.200903632,3.36030138
4826,-0.0005490588000000001,0.0,0.19945639599999998,3.2091456199999997
4827,-0.0005480588,0.0,0.202350868,2.88793963
4828,-0.0005470587999999998,0.0201005,0.200903632,2.41557788
4829,-0.0005460587999999997,0.0201005,0.200903632,1.98100507
4830,-0.0005450587999999996,-0.0201005,0.202350868,1.62201014
4831,-0.0005440588000000003,0.0,0.202350868,1.5275377899999998
4832,-0.0005430588000000002,0.0,0.200903632,1.5842212
4833,-0.0005420588,0.0201005,0.202350868,1.94321613
4834,-0.0005410587999999999,-0.0201005,0.202350868,2.39668341
4835,-0.0005400587999999998,-0.0201005,0.202350868,2.88793963
4836,-0.0005390587999999997,0.0201005,0.200903632,3.19025115
4837,-0.0005380587999999995,-0.0201005,0.202350868,3.34140691
4838,-0.0005370588000000003,0.0,0.200903632,3.26582903
4839,-0.0005360588000000001,0.0,0.200903632,2.9824119799999997
4840,-0.0005350588,0.0,0.200903632,2.64231152
4841,-0.0005340587999999999,0.0201005,0.19945639599999998,2.1699497699999997
4842,-0.0005330587999999997,0.0201005,0.200903632,1.8298493099999997
4843,-0.0005320587999999996,0.0,0.202350868,1.5653267299999998
4844,-0.0005310588000000003,0.0,0.19945639599999998,1.47085438
4845,-0.0005300588000000002,0.0,0.19945639599999998,1.5842212
4846,-0.0005290588000000001,0.0201005,0.200903632,1.81095484
4847,-0.0005280587999999999,-0.0201005,0.200903632,2.1321608299999997
4848,-0.0005270587999999998,0.0,0.200903632,2.51005023
4849,-0.0005260587999999997,-0.0201005,0.19945639599999998,2.81236175
4850,-0.0005250587999999995,0.0,0.200903632,3.11467327
4851,-0.0005240588000000003,0.0,0.200903632,3.30361797
4852,-0.0005230588000000001,0.0,0.19945639599999998,3.36030138
4853,-0.0005220588,0.0,0.19945639599999998,3.30361797
4854,-0.0005210587999999999,0.0,0.200903632,3.1713566799999997
4855,-0.0005200587999999997,0.0,0.200903632,2.88793963
4856,-0.0005190587999999996,0.0,0.202350868,2.54783917
4857,-0.0005180587999999995,0.0,0.200903632,2.2455276499999997
4858,-0.0005170588000000002,0.0201005,0.19945639599999998,1.92432166
4859,-0.0005160588000000001,0.0201005,0.202350868,1.69758802
4860,-0.0005150587999999999,0.0,0.200903632,1.5653267299999998
4861,-0.0005140587999999998,0.0201005,0.200903632,1.4897488499999998
4862,-0.0005130587999999997,0.0,0.19945639599999998,1.6031156699999998
4863,-0.0005120587999999995,0.0201005,0.200903632,1.7920603699999997
4864,-0.0005110588000000003,0.0,0.19945639599999998,2.0943718899999997
4865,-0.0005100588000000001,0.0201005,0.202350868,2.49115576
4866,-0.0005090588,0.0,0.19945639599999998,2.8690451599999998
4867,-0.0005080587999999999,0.0,0.200903632,3.1713566799999997
4868,-0.0005070587999999997,0.0,0.200903632,3.36030138
4869,-0.0005060587999999996,0.0,0.200903632,3.3225124399999997
4870,-0.0005050587999999995,-0.0201005,0.200903632,3.15246221
4871,-0.0005040588000000002,0.0,0.202350868,2.7934672799999998
4872,-0.0005030588000000001,0.0201005,0.202350868,2.34
4873,-0.0005020587999999999,0.0201005,0.19800916,1.90542719
4874,-0.0005010587999999998,0.0,0.19945639599999998,1.6031156699999998
4875,-0.0005000587999999997,-0.0201005,0.19800916,1.47085438
4876,-0.0004990587999999995,0.0201005,0.19945639599999998,1.62201014
4877,-0.0004980588000000003,0.0201005,0.200903632,1.9621106
4878,-0.0004970588000000001,0.0201005,0.19945639599999998,2.43447235
4879,-0.0004960588,0.0,0.19945639599999998,2.88793963
4880,-0.0004950587999999999,0.0201005,0.200903632,3.2469345599999997
4881,-0.0004940587999999997,0.0201005,0.19945639599999998,3.37919585
4882,-0.0004930587999999996,0.0,0.19945639599999998,3.22804009
4883,-0.0004920587999999995,0.0,0.19800916,2.88793963
4884,-0.0004910588000000002,0.0,0.200903632,2.43447235
4885,-0.0004900588000000001,0.0201005,0.200903632,2.03768848
4886,-0.0004890588,0.0,0.200903632,1.6786935499999998
4887,-0.0004880587999999998,0.0201005,0.19945639599999998,1.47085438
4888,-0.0004870587999999997,0.040201,0.19945639599999998,1.54643226
4889,-0.00048605879999999956,0.0,0.19945639599999998,1.84874378
4890,-0.0004850588000000003,0.040201,0.19945639599999998,2.26442212
4891,-0.00048405880000000016,0.0201005,0.200903632,2.69899493
4892,-0.0004830588,0.0201005,0.202350868,3.03909539
4893,-0.0004820587999999999,0.0,0.200903632,3.2847235
4894,-0.00048105879999999976,0.0,0.200903632,3.36030138
4895,-0.0004800587999999996,0.0,0.200903632,3.30361797
4896,-0.0004790587999999995,0.0,0.19945639599999998,3.07688433
4897,-0.00047805880000000023,0.0201005,0.200903632,2.75567834
4898,-0.0004770588000000001,0.0,0.200903632,2.35889447
4899,-0.00047605879999999996,0.0,0.200903632,1.99989954
4900,-0.00047505879999999983,0.0201005,0.200903632,1.7164824899999997
4901,-0.0004740587999999997,0.0201005,0.200903632,1.5275377899999998
4902,-0.00047305879999999956,0.0,0.200903632,1.50864332
4903,-0.0004720588000000003,0.0201005,0.200903632,1.6031156699999998
4904,-0.00047105880000000017,0.0201005,0.200903632,1.7731659
4905,-0.00047005880000000003,0.0,0.19945639599999998,2.03768848
4906,-0.0004690587999999999,0.0201005,0.200903632,2.39668341
4907,-0.00046805879999999977,0.0,0.200903632,2.73678387
4908,-0.00046705879999999964,0.0,0.19945639599999998,3.0579898599999997
4909,-0.0004660587999999995,0.0,0.19945639599999998,3.2469345599999997
4910,-0.00046505880000000024,0.0,0.200903632,3.36030138
4911,-0.0004640588000000001,0.0201005,0.200903632,3.3225124399999997
4912,-0.00046305879999999997,0.0201005,0.202350868,3.1335677399999997
4913,-0.00046205879999999984,0.040201,0.200903632,2.81236175
4914,-0.0004610587999999997,0.0201005,0.19945639599999998,2.41557788
4915,-0.0004600587999999996,0.0201005,0.19945639599999998,2.0187940099999997
4916,-0.0004590588000000003,0.0201005,0.19945639599999998,1.6786935499999998
4917,-0.0004580588000000002,0.0201005,0.200903632,1.5275377899999998
4918,-0.00045705880000000004,0.040201,0.200903632,1.50864332
4919,-0.0004560587999999999,0.0,0.202350868,1.73537696
4920,-0.0004550587999999998,0.0,0.200903632,2.18884424
4921,-0.00045405879999999964,0.0201005,0.202350868,2.60452258
4922,-0.0004530587999999995,0.0201005,0.200903632,3.0579898599999997
4923,-0.00045205880000000025,0.040201,0.19945639599999998,3.3225124399999997
4924,-0.0004510588000000001,0.040201,0.19945639599999998,3.36030138
4925,-0.0004500588,0.0201005,0.200903632,3.15246221
4926,-0.00044905879999999985,0.0,0.19945639599999998,2.75567834
4927,-0.0004480587999999997,0.0201005,0.19945639599999998,2.2833165899999996
4928,-0.0004470587999999996,0.040201,0.19945639599999998,1.8298493099999997
4929,-0.0004460588000000003,0.040201,0.200903632,1.54643226
4930,-0.0004450588000000002,0.0201005,0.19945639599999998,1.4897488499999998
4931,-0.00044405880000000005,0.0201005,0.200903632,1.7164824899999997
4932,-0.0004430587999999999,0.0,0.200903632,2.11326636
4933,-0.0004420587999999998,0.0201005,0.200903632,2.56673364
4934,-0.00044105879999999965,0.0201005,0.202350868,3.03909539
4935,-0.0004400587999999995,0.0201005,0.19945639599999998,3.2847235
4936,-0.00043905880000000026,0.0,0.19945639599999998,3.36030138
4937,-0.0004380588000000001,0.0201005,0.19945639599999998,3.2091456199999997
4938,-0.0004370588,0.0,0.19945639599999998,2.92572857
4939,-0.00043605879999999986,0.0201005,0.19945639599999998,2.51005023
4940,-0.0004350587999999997,0.0201005,0.19945639599999998,2.1510553
4941,-0.0004340587999999996,0.0201005,0.200903632,1.7920603699999997
4942,-0.0004330588000000003,0.040201,0.200903632,1.5842212
4943,-0.0004320588000000002,0.0,0.200903632,1.4897488499999998
4944,-0.00043105880000000006,0.0,0.19945639599999998,1.5275377899999998
4945,-0.00043005879999999993,0.0201005,0.200903632,1.7164824899999997
4946,-0.0004290587999999998,0.0,0.202350868,1.9621106
4947,-0.00042805879999999966,0.0201005,0.200903632,2.26442212
4948,-0.00042705879999999953,0.0201005,0.19800916,2.56673364
4949,-0.00042605880000000027,0.0201005,0.202350868,2.88793963
4950,-0.00042505880000000013,0.0201005,0.19945639599999998,3.11467327
4951,-0.0004240588,0.0201005,0.19945639599999998,3.3225124399999997
4952,-0.00042305879999999987,0.0,0.200903632,3.36030138
4953,-0.00042205879999999973,0.0201005,0.200903632,3.30361797
4954,-0.0004210587999999996,0.0,0.200903632,3.1335677399999997
4955,-0.00042005879999999947,0.0201005,0.200903632,2.85015069
4956,-0.0004190588000000002,0.0201005,0.19945639599999998,2.51005023
4957,-0.00041805880000000007,0.0201005,0.19945639599999998,2.18884424
4958,-0.00041705879999999994,0.0201005,0.200903632,1.8298493099999997
4959,-0.0004160587999999998,0.0201005,0.200903632,1.62201014
4960,-0.00041505879999999967,0.0,0.19800916,1.4897488499999998
4961,-0.00041405879999999954,0.0,0.200903632,1.54643226
4962,-0.0004130588000000003,0.0201005,0.19945639599999998,1.7542714299999997
4963,-0.00041205880000000014,-0.0201005,0.202350868,2.1321608299999997
4964,-0.0004110588,0.0201005,0.19945639599999998,2.51005023
4965,-0.0004100587999999999,0.040201,0.19945639599999998,2.92572857
4966,-0.00040905879999999974,0.0201005,0.19800916,3.22804009
4967,-0.0004080587999999996,0.0201005,0.19945639599999998,3.34140691
4968,-0.0004070587999999995,0.0603015,0.202350868,3.2469345599999997
4969,-0.0004060588000000002,0.040201,0.19945639599999998,2.96351751
4970,-0.0004050588000000001,0.0201005,0.200903632,2.5289447
4971,-0.00040405879999999995,0.0201005,0.200903632,1.99989954
4972,-0.0004030587999999998,0.0201005,0.202350868,1.6409046099999998
4973,-0.0004020587999999997,0.0201005,0.19945639599999998,1.50864332
4974,-0.00040105879999999955,0.040201,0.200903632,1.6031156699999998
4975,-0.0004000588000000003,0.040201,0.19945639599999998,1.92432166
4976,-0.00039905880000000015,0.0201005,0.200903632,2.37778894
4977,-0.0003980588,0.040201,0.202350868,2.8690451599999998
4978,-0.0003970587999999999,0.0201005,0.202350868,3.19025115
4979,-0.00039605879999999975,0.0201005,0.200903632,3.36030138
4980,-0.0003950587999999996,0.040201,0.202350868,3.30361797
4981,-0.0003940587999999995,0.0201005,0.200903632,3.0957787999999997
4982,-0.0003930588000000002,0.0201005,0.19945639599999998,2.69899493
4983,-0.0003920588000000001,0.0201005,0.202350868,2.30221106
4984,-0.00039105879999999996,0.0201005,0.200903632,1.9621106
4985,-0.0003900587999999998,0.0201005,0.200903632,1.6786935499999998
4986,-0.0003890587999999997,0.0201005,0.200903632,1.5275377899999998
4987,-0.00038805879999999956,0.0201005,0.19945639599999998,1.50864332
4988,-0.0003870588000000003,0.0201005,0.200903632,1.6031156699999998
4989,-0.00038605880000000016,0.0201005,0.202350868,1.7920603699999997
4990,-0.00038505880000000003,0.0201005,0.19945639599999998,2.0943718899999997
4991,-0.0003840587999999999,0.0201005,0.19945639599999998,2.37778894
4992,-0.00038305879999999976,0.0201005,0.19945639599999998,2.73678387
4993,-0.00038205879999999963,0.0201005,0.19945639599999998,3.0202009199999997
4994,-0.0003810587999999995,0.0,0.19945639599999998,3.2091456199999997
4995,-0.00038005880000000023,0.040201,0.200903632,3.34140691
4996,-0.0003790588000000001,0.0201005,0.200903632,3.37919585
4997,-0.00037805879999999997,0.040201,0.200903632,3.2469345599999997
4998,-0.00037705879999999983,0.0201005,0.200903632,3.0957787999999997
4999,-0.0003760587999999997,0.0201005,0.19945639599999998,2.85015069
5000,-0.00037505879999999957,0.0201005,0.19800916,2.51005023
5001,-0.0003740588000000003,0.0201005,0.19945639599999998,2.18884424
5002,-0.00037305880000000017,0.0201005,0.19800916,1.8676382499999997
5003,-0.00037205880000000004,0.0201005,0.19945639599999998,1.65979908
5004,-0.0003710587999999999,0.040201,0.200903632,1.50864332
5005,-0.00037005879999999977,0.040201,0.19945639599999998,1.4897488499999998
5006,-0.00036905879999999964,0.040201,0.200903632,1.65979908
5007,-0.0003680587999999995,0.040201,0.19945639599999998,1.98100507
5008,-0.00036705880000000024,0.0201005,0.19945639599999998,2.35889447
5009,-0.0003660588000000001,0.0603015,0.19945639599999998,2.7934672799999998
5010,-0.0003650588,0.0201005,0.19945639599999998,3.15246221
5011,-0.00036405879999999984,0.040201,0.200903632,3.34140691
5012,-0.0003630587999999997,0.080402,0.200903632,3.3225124399999997
5013,-0.0003620587999999996,0.0201005,0.200903632,3.07688433
5014,-0.0003610588000000003,0.040201,0.200903632,2.64231152
5015,-0.0003600588000000002,0.0603015,0.20379810399999998,2.1321608299999997
5016,-0.00035905880000000005,0.040201,0.200903632,1.7164824899999997
5017,-0.0003580587999999999,0.0201005,0.200903632,1.5275377899999998
5018,-0.0003570587999999998,0.040201,0.200903632,1.5275377899999998
5019,-0.00035605879999999965,0.040201,0.200903632,1.7920603699999997
5020,-0.0003550587999999995,0.0201005,0.200903632,2.2077387099999997
5021,-0.00035405880000000025,0.0603015,0.19945639599999998,2.69899493
5022,-0.0003530588000000001,0.040201,0.19945639599999998,3.07688433
5023,-0.0003520588,0.0,0.19945639599999998,3.34140691
5024,-0.00035105879999999985,0.040201,0.19945639599999998,3.36030138
5025,-0.0003500587999999997,0.0201005,0.19800916,3.2091456199999997
5026,-0.0003490587999999996,0.040201,0.19945639599999998,2.88793963
5027,-0.0003480588000000003,0.040201,0.19945639599999998,2.47226129
5028,-0.0003470588000000002,0.0201005,0.19945639599999998,2.11326636
5029,-0.00034605880000000006,0.040201,0.19945639599999998,1.7920603699999997
5030,-0.0003450587999999999,0.040201,0.19800916,1.5842212
5031,-0.0003440587999999998,0.040201,0.19945639599999998,1.4897488499999998
5032,-0.00034305879999999966,0.040201,0.19800916,1.5275377899999998
5033,-0.0003420587999999995,0.0603015,0.19945639599999998,1.6409046099999998
5034,-0.00034105880000000026,0.040201,0.200903632,1.8676382499999997
5035,-0.0003400588000000001,0.040201,0.200903632,2.1510553
5036,-0.0003390588,0.0201005,0.200903632,2.45336682
5037,-0.00033805879999999986,0.0201005,0.19945639599999998,2.69899493
5038,-0.00033705879999999973,0.040201,0.19945639599999998,2.9824119799999997
5039,-0.0003360587999999996,0.0,0.200903632,3.19025115
5040,-0.00033505880000000033,0.040201,0.19945639599999998,3.3225124399999997
5041,-0.0003340588000000002,0.040201,0.200903632,3.36030138
5042,-0.00033305880000000006,0.040201,0.200903632,3.30361797
5043,-0.00033205879999999993,0.040201,0.202350868,3.15246221
5044,-0.0003310587999999998,0.040201,0.200903632,2.92572857
5045,-0.00033005879999999967,0.0201005,0.19945639599999998,2.62341705
5046,-0.00032905879999999953,0.0201005,0.200903632,2.30221106
5047,-0.00032805880000000027,0.0201005,0.202350868,1.9621106
5048,-0.00032705880000000014,0.0201005,0.200903632,1.69758802
5049,-0.0003260588,0.0603015,0.200903632,1.50864332
5050,-0.00032505879999999987,0.040201,0.200903632,1.5275377899999998
5051,-0.00032405879999999974,0.0,0.200903632,1.65979908
5052,-0.0003230587999999996,0.040201,0.202350868,2.03768848
5053,-0.00032205879999999947,0.040201,0.200903632,2.49115576
5054,-0.0003210588000000002,0.0,0.200903632,2.92572857
5055,-0.0003200588000000001,0.0201005,0.202350868,3.26582903
5056,-0.00031905879999999994,0.0201005,0.200903632,3.36030138
5057,-0.0003180587999999998,0.040201,0.19945639599999998,3.19025115
5058,-0.0003170587999999997,0.0603015,0.19945639599999998,2.81236175
5059,-0.00031605879999999954,0.040201,0.19945639599999998,2.34
5060,-0.0003150588000000003,0.0201005,0.19945639599999998,1.81095484
5061,-0.00031405880000000014,0.040201,0.19945639599999998,1.54643226
5062,-0.0003130588,0.0603015,0.196561924,1.4897488499999998
5063,-0.0003120587999999999,0.0201005,0.19945639599999998,1.7542714299999997
5064,-0.00031105879999999975,0.040201,0.19800916,2.2077387099999997
5065,-0.0003100587999999996,0.040201,0.19945639599999998,2.7178894
5066,-0.0003090587999999995,0.040201,0.19945639599999998,3.1335677399999997
5067,-0.0003080588000000002,0.0201005,0.200903632,3.34140691
5068,-0.0003070588000000001,0.0201005,0.19945639599999998,3.3225124399999997
5069,-0.00030605879999999995,0.040201,0.19945639599999998,3.0957787999999997
5070,-0.0003050587999999998,0.040201,0.19945639599999998,2.75567834
5071,-0.0003040587999999997,0.0603015,0.19945639599999998,2.30221106
5072,-0.00030305879999999955,0.040201,0.202350868,1.94321613
5073,-0.0003020588000000003,0.0201005,0.202350868,1.65979908
5074,-0.00030105880000000015,0.040201,0.200903632,1.5275377899999998
5075,-0.0003000588,0.0201005,0.200903632,1.4897488499999998
5076,-0.0002990587999999999,0.0201005,0.202350868,1.6031156699999998
5077,-0.00029805879999999976,0.0201005,0.200903632,1.7731659
5078,-0.0002970587999999996,0.0201005,0.200903632,1.99989954
5079,-0.0002960587999999995,0.040201,0.200903632,2.30221106
5080,-0.0002950588000000002,0.0603015,0.200903632,2.56673364
5081,-0.0002940588000000001,0.040201,0.200903632,2.85015069
5082,-0.00029305879999999996,0.040201,0.200903632,3.03909539
5083,-0.0002920587999999998,0.0201005,0.202350868,3.22804009
5084,-0.0002910587999999997,0.0201005,0.200903632,3.3225124399999997
5085,-0.00029005879999999956,0.0603015,0.202350868,3.36030138
5086,-0.0002890588000000003,0.040201,0.200903632,3.30361797
5087,-0.00028805880000000016,0.040201,0.19945639599999998,3.11467327
5088,-0.00028705880000000003,0.0201005,0.200903632,2.9068340999999998
5089,-0.0002860587999999999,0.040201,0.202350868,2.60452258
5090,-0.00028505879999999977,0.040201,0.19945639599999998,2.2833165899999996
5091,-0.00028405879999999963,0.0603015,0.19945639599999998,1.98100507
5092,-0.0002830587999999995,0.0603015,0.19945639599999998,1.6786935499999998
5093,-0.00028205880000000023,0.0603015,0.19945639599999998,1.5275377899999998
5094,-0.0002810588000000001,0.0603015,0.200903632,1.4897488499999998
5095,-0.00028005879999999997,0.0603015,0.19945639599999998,1.62201014
5096,-0.00027905879999999984,0.0201005,0.200903632,1.92432166
5097,-0.0002780587999999997,0.040201,0.19945639599999998,2.34
5098,-0.00027705879999999957,0.0603015,0.19945639599999998,2.81236175
5099,-0.0002760588000000003,0.040201,0.19800916,3.1713566799999997
5100,-0.00027505880000000017,0.040201,0.19800916,3.36030138
5101,-0.00027405880000000004,0.040201,0.19800916,3.26582903
5102,-0.0002730587999999999,0.040201,0.19945639599999998,2.92572857
5103,-0.0002720587999999998,0.0603015,0.19800916,2.43447235
5104,-0.00027105879999999964,0.040201,0.19945639599999998,1.92432166
5105,-0.0002700587999999995,0.040201,0.19945639599999998,1.5842212
5106,-0.00026905880000000024,0.040201,0.19945639599999998,1.50864332
5107,-0.0002680588000000001,0.040201,0.19945639599999998,1.7542714299999997
5108,-0.0002670588,0.040201,0.200903632,2.18884424
5109,-0.00026605879999999985,0.040201,0.200903632,2.69899493
5110,-0.0002650587999999997,0.040201,0.202350868,3.11467327
5111,-0.0002640587999999996,0.040201,0.202350868,3.37919585
5112,-0.0002630588000000003,0.0603015,0.200903632,3.30361797
5113,-0.0002620588000000002,0.0603015,0.200903632,3.0202009199999997
5114,-0.00026105880000000005,0.040201,0.19945639599999998,2.66120599
5115,-0.0002600587999999999,0.040201,0.19945639599999998,2.22663318
5116,-0.0002590587999999998,0.040201,0.200903632,1.8298493099999997
5117,-0.00025805879999999965,0.040201,0.19945639599999998,1.62201014
5118,-0.0002570587999999995,0.040201,0.19945639599999998,1.47085438
5119,-0.00025605880000000025,0.040201,0.19800916,1.5275377899999998
5120,-0.0002550588000000001,0.040201,0.19800916,1.7164824899999997
5121,-0.0002540588,0.040201,0.19945639599999998,1.98100507
5122,-0.00025305879999999985,0.0201005,0.19800916,2.2833165899999996
5123,-0.0002520587999999997,0.0603015,0.19800916,2.56673364
5124,-0.0002510587999999996,0.0603015,0.19800916,2.85015069
5125,-0.0002500588000000003,0.0603015,0.196561924,3.07688433
5126,-0.0002490588000000002,0.080402,0.19800916,3.26582903
5127,-0.00024805880000000006,0.040201,0.196561924,3.34140691
5128,-0.0002470587999999999,0.0603015,0.196561924,3.36030138
5129,-0.0002460587999999998,0.0603015,0.19800916,3.2847235
5130,-0.00024505879999999966,0.040201,0.196561924,3.19025115
5131,-0.00024405879999999953,0.040201,0.19511468799999998,3.00130645
5132,-0.00024305880000000026,0.0603015,0.19511468799999998,2.77457281
5133,-0.00024205880000000013,0.0603015,0.19511468799999998,2.49115576
5134,-0.0002410588,0.040201,0.19511468799999998,2.1699497699999997
5135,-0.00024005879999999986,0.040201,0.19511468799999998,1.88653272
5136,-0.00023905879999999973,0.0603015,0.19511468799999998,1.6786935499999998
5137,-0.0002380587999999996,0.0603015,0.19511468799999998,1.50864332
5138,-0.00023705880000000033,0.0603015,0.19511468799999998,1.50864332
5139,-0.0002360588000000002,0.0201005,0.196561924,1.62201014
5140,-0.00023505880000000007,0.040201,0.196561924,1.92432166
5141,-0.00023405879999999993,0.040201,0.19800916,2.3211055299999996
5142,-0.0002330587999999998,0.0201005,0.196561924,2.7934672799999998
5143,-0.00023205879999999967,0.0603015,0.196561924,3.15246221
5144,-0.00023105879999999954,0.0603015,0.19800916,3.34140691
5145,-0.00023005880000000027,0.040201,0.19945639599999998,3.26582903
5146,-0.00022905880000000014,0.0603015,0.19800916,2.96351751
5147,-0.0002280588,0.040201,0.19800916,2.47226129
5148,-0.00022705879999999987,0.0603015,0.19945639599999998,1.99989954
5149,-0.00022605879999999974,0.080402,0.19945639599999998,1.62201014
5150,-0.0002250587999999996,0.080402,0.19800916,1.4897488499999998
5151,-0.00022405879999999948,0.040201,0.19800916,1.62201014
5152,-0.0002230588000000002,0.0603015,0.19800916,2.07547742
5153,-0.00022205880000000008,0.040201,0.196561924,2.58562811
5154,-0.00022105879999999994,0.0603015,0.196561924,3.07688433
5155,-0.0002200587999999998,0.0603015,0.196561924,3.34140691
5156,-0.00021905879999999968,0.040201,0.196561924,3.34140691
5157,-0.00021805879999999955,0.0603015,0.196561924,3.07688433
5158,-0.00021705880000000028,0.0603015,0.196561924,2.62341705
5159,-0.00021605880000000015,0.040201,0.19511468799999998,2.18884424
5160,-0.00021505880000000002,0.0603015,0.19511468799999998,1.81095484
5161,-0.00021405879999999988,0.040201,0.19511468799999998,1.5653267299999998
5162,-0.00021305879999999975,0.040201,0.19511468799999998,1.4897488499999998
5163,-0.00021205879999999962,0.0603015,0.19511468799999998,1.62201014
5164,-0.00021105879999999948,0.0603015,0.196561924,1.84874378
5165,-0.00021005880000000022,0.040201,0.19511468799999998,2.1699497699999997
5166,-0.00020905880000000009,0.040201,0.196561924,2.49115576
5167,-0.00020805879999999995,0.080402,0.196561924,2.8312562199999998
5168,-0.00020705879999999982,0.0603015,0.19800916,3.0579898599999997
5169,-0.0002060587999999997,0.040201,0.19800916,3.26582903
5170,-0.00020505879999999956,0.040201,0.19800916,3.3225124399999997
5171,-0.0002040588000000003,0.0603015,0.196561924,3.34140691
5172,-0.00020305880000000016,0.080402,0.196561924,3.2847235
5173,-0.00020205880000000002,0.080402,0.196561924,3.19025115
5174,-0.0002010587999999999,0.080402,0.196561924,3.00130645
5175,-0.00020005879999999976,0.0603015,0.19945639599999998,2.75567834
5176,-0.00019905879999999963,0.0603015,0.19800916,2.54783917
5177,-0.0001980587999999995,0.0603015,0.19945639599999998,2.2833165899999996
5178,-0.00019705880000000023,0.040201,0.19945639599999998,1.99989954
5179,-0.0001960588000000001,0.0603015,0.19945639599999998,1.81095484
5180,-0.00019505879999999996,0.0603015,0.19945639599999998,1.6031156699999998
5181,-0.00019405879999999983,0.080402,0.200903632,1.4897488499999998
5182,-0.0001930587999999997,0.0603015,0.19945639599999998,1.50864332
5183,-0.00019205879999999956,0.040201,0.19800916,1.6409046099999998
5184,-0.0001910588000000003,0.040201,0.19945639599999998,1.92432166
5185,-0.00019005880000000017,0.0603015,0.19945639599999998,2.26442212
5186,-0.00018905880000000003,0.0603015,0.196561924,2.68010046
5187,-0.0001880587999999999,0.0603015,0.19945639599999998,3.07688433
5188,-0.00018705879999999977,0.080402,0.19800916,3.30361797
5189,-0.00018605879999999964,0.040201,0.196561924,3.34140691
5190,-0.0001850587999999995,0.0603015,0.19511468799999998,3.19025115
5191,-0.00018405880000000024,0.0603015,0.196561924,2.81236175
5192,-0.0001830588000000001,0.0603015,0.193667452,2.3211055299999996
5193,-0.00018205879999999997,0.040201,0.19511468799999998,1.8676382499999997
5194,-0.00018105879999999984,0.0603015,0.19511468799999998,1.54643226
5195,-0.0001800587999999997,0.0603015,0.19511468799999998,1.5275377899999998
5196,-0.00017905879999999957,0.0603015,0.19511468799999998,1.7542714299999997
5197,-0.0001780588000000003,0.0603015,0.193667452,2.18884424
5198,-0.00017705880000000018,0.080402,0.19511468799999998,2.69899493
5199,-0.00017605880000000004,0.0603015,0.19511468799999998,3.1335677399999997
5200,-0.0001750587999999999,0.040201,0.196561924,3.36030138
5201,-0.00017405879999999978,0.0603015,0.196561924,3.2847235
5202,-0.00017305879999999964,0.0603015,0.19800916,3.0202009199999997
5203,-0.0001720587999999995,0.080402,0.19800916,2.56673364
5204,-0.00017105880000000025,0.080402,0.19945639599999998,2.1321608299999997
5205,-0.00017005880000000011,0.040201,0.19800916,1.73537696
5206,-0.00016905879999999998,0.0603015,0.200903632,1.5275377899999998
5207,-0.00016805879999999985,0.080402,0.19800916,1.4897488499999998
5208,-0.00016705879999999972,0.080402,0.19800916,1.65979908
5209,-0.00016605879999999958,0.080402,0.19800916,1.98100507
5210,-0.00016505880000000032,0.1005025,0.19945639599999998,2.30221106
5211,-0.00016405880000000019,0.0603015,0.19945639599999998,2.64231152
5212,-0.00016305880000000005,0.040201,0.19945639599999998,2.92572857
5213,-0.00016205879999999992,0.0603015,0.19945639599999998,3.1713566799999997
5214,-0.0001610587999999998,0.0603015,0.196561924,3.3225124399999997
5215,-0.00016005879999999965,0.0603015,0.19945639599999998,3.34140691
5216,-0.00015905879999999952,0.080402,0.19800916,3.3225124399999997
5217,-0.00015805880000000026,0.080402,0.19800916,3.2469345599999997
5218,-0.00015705880000000012,0.0603015,0.196561924,3.03909539
5219,-0.0001560588,0.0603015,0.19800916,2.8312562199999998
5220,-0.00015505879999999986,0.040201,0.19511468799999998,2.60452258
5221,-0.00015405879999999973,0.0603015,0.19511468799999998,2.35889447
5222,-0.0001530587999999996,0.0603015,0.196561924,2.11326636
5223,-0.00015205880000000033,0.040201,0.19511468799999998,1.90542719
5224,-0.0001510588000000002,0.0603015,0.193667452,1.69758802
5225,-0.00015005880000000006,0.080402,0.193667452,1.5275377899999998
5226,-0.00014905879999999993,0.080402,0.19511468799999998,1.47085438
5227,-0.0001480587999999998,0.080402,0.193667452,1.50864332
5228,-0.00014705879999999966,0.0603015,0.193667452,1.65979908
5229,-0.00014605879999999953,0.040201,0.192220216,1.88653272
5230,-0.00014505880000000027,0.0603015,0.19511468799999998,2.18884424
5231,-0.00014405880000000013,0.080402,0.193667452,2.56673364
5232,-0.0001430588,0.080402,0.193667452,2.9446230399999997
5233,-0.00014205879999999987,0.0603015,0.19077297999999998,3.2091456199999997
5234,-0.00014105879999999973,0.1005025,0.192220216,3.34140691
5235,-0.0001400587999999996,0.0603015,0.192220216,3.30361797
5236,-0.00013905880000000034,0.0603015,0.193667452,3.07688433
5237,-0.0001380588000000002,0.040201,0.192220216,2.66120599
5238,-0.00013705880000000007,0.0603015,0.192220216,2.1321608299999997
5239,-0.00013605879999999994,0.080402,0.192220216,1.7164824899999997
5240,-0.0001350587999999998,0.0603015,0.193667452,1.50864332
5241,-0.00013405879999999967,0.0603015,0.192220216,1.54643226
5242,-0.00013305879999999954,0.0603015,0.193667452,1.8298493099999997
5243,-0.00013205880000000027,0.0603015,0.19511468799999998,2.26442212
5244,-0.00013105880000000014,0.080402,0.193667452,2.75567834
5245,-0.0001300588,0.040201,0.19511468799999998,3.15246221
5246,-0.00012905879999999988,0.0603015,0.19511468799999998,3.3225124399999997
5247,-0.00012805879999999974,0.040201,0.192220216,3.30361797
5248,-0.0001270587999999996,0.080402,0.192220216,3.03909539
5249,-0.00012605879999999948,0.080402,0.192220216,2.62341705
5250,-0.0001250588000000002,0.080402,0.19077297999999998,2.1699497699999997
5251,-0.00012405880000000008,0.080402,0.189325744,1.7920603699999997
5252,-0.00012305879999999995,0.1005025,0.189325744,1.54643226
5253,-0.00012205879999999981,0.0603015,0.189325744,1.4897488499999998
5254,-0.00012105879999999968,0.1005025,0.189325744,1.6031156699999998
5255,-0.00012005879999999955,0.080402,0.189325744,1.7920603699999997
5256,-0.00011905880000000028,0.080402,0.187878508,2.0943718899999997
5257,-0.00011805880000000015,0.080402,0.184984036,2.43447235
5258,-0.00011705880000000002,0.040201,0.18643127199999998,2.7178894
5259,-0.00011605879999999989,0.0603015,0.184984036,2.9824119799999997
5260,-0.00011505879999999975,0.0603015,0.184984036,3.1713566799999997
5261,-0.00011405879999999962,0.0603015,0.184984036,3.3225124399999997
5262,-0.00011305879999999949,0.080402,0.18208956399999998,3.36030138
5263,-0.00011205880000000022,0.080402,0.180642328,3.36030138
5264,-0.00011105880000000009,0.080402,0.179195092,3.2469345599999997
5265,-0.00011005879999999996,0.0603015,0.17630062,3.0957787999999997
5266,-0.00010905879999999982,0.080402,0.174853384,2.92572857
5267,-0.00010805879999999969,0.080402,0.171958912,2.66120599
5268,-0.00010705879999999956,0.080402,0.171958912,2.41557788
5269,-0.00010605880000000029,0.080402,0.170511676,2.1699497699999997
5270,-0.00010505880000000016,0.0603015,0.170511676,1.94321613
5271,-0.00010405880000000003,0.0603015,0.16906443999999998,1.7164824899999997
5272,-0.0001030587999999999,0.0603015,0.171958912,1.54643226
5273,-0.00010205879999999976,0.080402,0.170511676,1.4897488499999998
5274,-0.00010105879999999963,0.0603015,0.170511676,1.5275377899999998
5275,-0.0001000587999999995,0.080402,0.171958912,1.6786935499999998
5276,-9.905880000000023e-05,0.080402,0.171958912,1.94321613
5277,-9.80588000000001e-05,0.1005025,0.17340614799999998,2.2455276499999997
5278,-9.705879999999997e-05,0.0603015,0.17340614799999998,2.62341705
5279,-9.605879999999983e-05,0.120603,0.17340614799999998,3.00130645
5280,-9.50587999999997e-05,0.080402,0.17340614799999998,3.2469345599999997
5281,-9.405879999999957e-05,0.080402,0.17340614799999998,3.36030138
5282,-9.30588000000003e-05,0.080402,0.174853384,3.2847235
5283,-9.205880000000017e-05,0.1005025,0.17340614799999998,2.96351751
5284,-9.105880000000004e-05,0.080402,0.174853384,2.56673364
5285,-9.00587999999999e-05,0.080402,0.174853384,2.11326636
5286,-8.905879999999977e-05,0.1005025,0.174853384,1.7164824899999997
5287,-8.805879999999964e-05,0.080402,0.174853384,1.5275377899999998
5288,-8.70587999999995e-05,0.0603015,0.174853384,1.5275377899999998
5289,-8.605880000000024e-05,0.080402,0.174853384,1.7731659
5290,-8.505880000000011e-05,0.080402,0.17340614799999998,2.2077387099999997
5291,-8.405879999999998e-05,0.080402,0.17340614799999998,2.64231152
5292,-8.305879999999984e-05,0.0603015,0.174853384,3.07688433
5293,-8.205879999999971e-05,0.0603015,0.17340614799999998,3.2847235
5294,-8.105879999999958e-05,0.1005025,0.171958912,3.36030138
5295,-8.005880000000031e-05,0.080402,0.171958912,3.19025115
5296,-7.905880000000018e-05,0.080402,0.17340614799999998,2.85015069
5297,-7.805880000000005e-05,0.080402,0.171958912,2.43447235
5298,-7.705879999999991e-05,0.080402,0.17340614799999998,2.07547742
5299,-7.605879999999978e-05,0.1005025,0.171958912,1.69758802
5300,-7.505879999999965e-05,0.080402,0.170511676,1.54643226
5301,-7.405879999999952e-05,0.080402,0.170511676,1.4897488499999998
5302,-7.305880000000025e-05,0.080402,0.171958912,1.5842212
5303,-7.205880000000012e-05,0.1005025,0.171958912,1.7542714299999997
5304,-7.105879999999998e-05,0.080402,0.171958912,1.98100507
5305,-7.005879999999985e-05,0.1005025,0.170511676,2.2833165899999996
5306,-6.905879999999972e-05,0.080402,0.17340614799999998,2.5289447
5307,-6.805879999999959e-05,0.080402,0.170511676,2.81236175
5308,-6.705880000000032e-05,0.1005025,0.171958912,3.03909539
5309,-6.605880000000019e-05,0.080402,0.171958912,3.22804009
5310,-6.505880000000006e-05,0.080402,0.170511676,3.34140691
5311,-6.405879999999992e-05,0.080402,0.171958912,3.36030138
5312,-6.305879999999979e-05,0.0603015,0.170511676,3.3225124399999997
5313,-6.205879999999966e-05,0.080402,0.170511676,3.22804009
5314,-6.105879999999952e-05,0.1005025,0.171958912,3.03909539
5315,-6.005880000000026e-05,0.080402,0.16906443999999998,2.8312562199999998
5316,-5.9058800000000126e-05,0.080402,0.170511676,2.54783917
5317,-5.8058799999999994e-05,0.1005025,0.170511676,2.26442212
5318,-5.705879999999986e-05,0.080402,0.170511676,1.98100507
5319,-5.605879999999973e-05,0.1005025,0.171958912,1.73537696
5320,-5.5058799999999596e-05,0.080402,0.16906443999999998,1.54643226
5321,-5.405880000000033e-05,0.080402,0.170511676,1.47085438
5322,-5.30588000000002e-05,0.080402,0.170511676,1.5653267299999998
5323,-5.2058800000000065e-05,0.1005025,0.170511676,1.7164824899999997
5324,-5.105879999999993e-05,0.080402,0.16906443999999998,2.0565829499999997
5325,-5.00587999999998e-05,0.080402,0.16906443999999998,2.49115576
5326,-4.9058799999999667e-05,0.0603015,0.16906443999999998,2.9068340999999998
5327,-4.8058799999999534e-05,0.080402,0.170511676,3.2091456199999997
5328,-4.705880000000027e-05,0.1005025,0.17340614799999998,3.34140691
5329,-4.6058800000000136e-05,0.1005025,0.17340614799999998,3.2847235
5330,-4.50588e-05,0.1005025,0.17340614799999998,3.03909539
5331,-4.405879999999987e-05,0.080402,0.17630062,2.62341705
5332,-4.305879999999974e-05,0.1005025,0.17630062,2.18884424
5333,-4.2058799999999605e-05,0.0603015,0.174853384,1.7731659
5334,-4.105880000000034e-05,0.1005025,0.17630062,1.5275377899999998
5335,-4.005880000000021e-05,0.1005025,0.174853384,1.4897488499999998
5336,-3.9058800000000074e-05,0.080402,0.174853384,1.7164824899999997
5337,-3.805879999999994e-05,0.1005025,0.17630062,2.07547742
5338,-3.705879999999981e-05,0.1005025,0.174853384,2.51005023
5339,-3.6058799999999676e-05,0.1005025,0.174853384,2.9446230399999997
5340,-3.505879999999954e-05,0.1005025,0.17340614799999998,3.2469345599999997
5341,-3.405880000000028e-05,0.080402,0.171958912,3.36030138
5342,-3.3058800000000145e-05,0.0603015,0.171958912,3.26582903
5343,-3.205880000000001e-05,0.1005025,0.171958912,3.00130645
5344,-3.105879999999988e-05,0.1005025,0.171958912,2.7178894
5345,-3.0058799999999747e-05,0.1005025,0.170511676,2.3211055299999996
5346,-2.9058799999999614e-05,0.1005025,0.170511676,1.98100507
5347,-2.805879999999948e-05,0.080402,0.170511676,1.73537696
5348,-2.7058800000000216e-05,0.080402,0.167617204,1.54643226
5349,-2.6058800000000083e-05,0.080402,0.170511676,1.4897488499999998
5350,-2.505879999999995e-05,0.080402,0.16906443999999998,1.54643226
5351,-2.4058799999999818e-05,0.1005025,0.166169968,1.69758802
5352,-2.3058799999999685e-05,0.080402,0.16472273199999998,1.8676382499999997
5353,-2.2058799999999552e-05,0.0603015,0.16182826,2.11326636
5354,-2.1058800000000287e-05,0.080402,0.16038102399999998,2.37778894
5355,-2.0058800000000154e-05,0.1005025,0.16038102399999998,2.66120599
5356,-1.905880000000002e-05,0.1005025,0.157486552,2.9068340999999998
5357,-1.805879999999989e-05,0.080402,0.15459208,3.11467327
5358,-1.7058799999999756e-05,0.1005025,0.15459208,3.26582903
5359,-1.6058799999999623e-05,0.080402,0.15169760799999998,3.3225124399999997
5360,-1.505879999999949e-05,0.080402,0.148803136,3.34140691
5361,-1.4058800000000225e-05,0.080402,0.148803136,3.22804009
5362,-1.3058800000000093e-05,0.080402,0.145908664,3.03909539
5363,-1.205879999999996e-05,0.1005025,0.144461428,2.75567834
5364,-1.1058799999999827e-05,0.0603015,0.141566956,2.45336682
5365,-1.0058799999999694e-05,0.1005025,0.14011972,2.0943718899999997
5366,-9.058799999999562e-06,0.120603,0.13867248399999998,1.7920603699999997
5367,-8.058800000000296e-06,0.080402,0.13433077599999999,1.5653267299999998
5368,-7.0588000000001636e-06,0.080402,0.135778012,1.4897488499999998
5369,-6.058800000000031e-06,0.1005025,0.13433077599999999,1.5275377899999998
5370,-5.058799999999898e-06,0.1005025,0.131436304,1.7731659
5371,-4.058799999999765e-06,0.1005025,0.12998906799999999,2.11326636
5372,-3.0587999999996326e-06,0.1005025,0.127094596,2.5289447
5373,-2.0587999999995e-06,0.1005025,0.12564735999999999,2.92572857
5374,-1.0588000000002346e-06,0.080402,0.124200124,3.26582903
5375,-5.8800000000101826e-08,0.1005025,0.124200124,3.36030138
5376,9.412000000000309e-07,0.120603,0.12275288799999999,3.2847235
5377,1.9412000000001636e-06,0.1005025,0.121305652,2.9824119799999997
5378,2.9412000000002964e-06,0.1005025,0.121305652,2.60452258
5379,3.941200000000429e-06,0.1005025,0.11841117999999999,2.1699497699999997
5380,4.9411999999996944e-06,0.1005025,0.11841117999999999,1.81095484
5381,5.941199999999827e-06,0.080402,0.116963944,1.5653267299999998
5382,6.94119999999996e-06,0.1005025,0.11406947199999999,1.50864332
5383,7.941200000000093e-06,0.1005025,0.115516708,1.65979908
5384,8.941200000000225e-06,0.1005025,0.11406947199999999,1.99989954
5385,9.941200000000358e-06,0.080402,0.112622236,2.41557788
5386,1.094120000000049e-05,0.1005025,0.112622236,2.7934672799999998
5387,1.1941199999999756e-05,0.1005025,0.10972776399999999,3.15246221
5388,1.2941199999999889e-05,0.1005025,0.10972776399999999,3.3225124399999997
5389,1.3941200000000022e-05,0.1005025,0.10972776399999999,3.34140691
5390,1.4941200000000154e-05,0.080402,0.108280528,3.2091456199999997
5391,1.5941200000000287e-05,0.1005025,0.106833292,2.96351751
5392,1.694120000000042e-05,0.080402,0.106833292,2.64231152
5393,1.7941199999999685e-05,0.1005025,0.108280528,2.3211055299999996
5394,1.8941199999999818e-05,0.1005025,0.106833292,1.99989954
5395,1.994119999999995e-05,0.080402,0.106833292,1.69758802
5396,2.0941200000000083e-05,0.080402,0.10972776399999999,1.5653267299999998
5397,2.1941200000000216e-05,0.1005025,0.106833292,1.47085438
5398,2.294120000000035e-05,0.1005025,0.112622236,1.5275377899999998
5399,2.394120000000048e-05,0.120603,0.112622236,1.69758802
5400,2.4941199999999747e-05,0.1005025,0.10972776399999999,1.92432166
5401,2.594119999999988e-05,0.080402,0.112622236,2.2077387099999997
5402,2.6941200000000012e-05,0.080402,0.112622236,2.47226129
5403,2.7941200000000145e-05,0.1005025,0.112622236,2.75567834
5404,2.8941200000000278e-05,0.1005025,0.112622236,3.0202009199999997
5405,2.994120000000041e-05,0.080402,0.112622236,3.19025115
5406,3.0941199999999676e-05,0.080402,0.111175,3.34140691
5407,3.194119999999981e-05,0.120603,0.112622236,3.34140691
5408,3.294119999999994e-05,0.1005025,0.111175,3.2847235
5409,3.3941200000000074e-05,0.080402,0.111175,3.1335677399999997
5410,3.494120000000021e-05,0.1005025,0.112622236,2.88793963
5411,3.594120000000034e-05,0.1005025,0.11406947199999999,2.54783917
5412,3.694120000000047e-05,0.080402,0.111175,2.22663318
5413,3.794119999999974e-05,0.1005025,0.11406947199999999,1.92432166
5414,3.894119999999987e-05,0.120603,0.111175,1.62201014
5415,3.99412e-05,0.1005025,0.112622236,1.4897488499999998
5416,4.0941200000000136e-05,0.1005025,0.112622236,1.5275377899999998
5417,4.194120000000027e-05,0.1005025,0.115516708,1.69758802
5418,4.29412000000004e-05,0.120603,0.11406947199999999,2.0187940099999997
5419,4.394119999999967e-05,0.1005025,0.112622236,2.41557788
5420,4.49411999999998e-05,0.1005025,0.11406947199999999,2.81236175
5421,4.594119999999993e-05,0.1005025,0.11406947199999999,3.1713566799999997
5422,4.6941200000000065e-05,0.1005025,0.11406947199999999,3.36030138
5423,4.79412000000002e-05,0.1005025,0.112622236,3.36030138
5424,4.894120000000033e-05,0.120603,0.115516708,3.1335677399999997
5425,4.994120000000046e-05,0.080402,0.112622236,2.75567834
5426,5.094119999999973e-05,0.1005025,0.112622236,2.34
5427,5.194119999999986e-05,0.1005025,0.11406947199999999,1.92432166
5428,5.2941199999999994e-05,0.1005025,0.111175,1.62201014
5429,5.3941200000000127e-05,0.1005025,0.112622236,1.4897488499999998
5430,5.494120000000026e-05,0.1005025,0.112622236,1.54643226
5431,5.594120000000039e-05,0.1005025,0.112622236,1.7920603699999997
5432,5.694119999999966e-05,0.1005025,0.111175,2.1699497699999997
5433,5.794119999999979e-05,0.1005025,0.11406947199999999,2.58562811
5434,5.894119999999992e-05,0.1005025,0.112622236,2.9824119799999997
5435,5.9941200000000056e-05,0.1005025,0.112622236,3.22804009
5436,6.094120000000019e-05,0.120603,0.111175,3.37919585
5437,6.194120000000032e-05,0.120603,0.111175,3.34140691
5438,6.294120000000045e-05,0.1005025,0.11406947199999999,3.1713566799999997
5439,6.394119999999972e-05,0.080402,0.112622236,2.88793963
5440,6.494119999999985e-05,0.1005025,0.112622236,2.60452258
5441,6.594119999999998e-05,0.1005025,0.11406947199999999,2.26442212
5442,6.694120000000012e-05,0.1005025,0.112622236,1.9621106
5443,6.794120000000025e-05,0.1407035,0.11406947199999999,1.7542714299999997
5444,6.894120000000038e-05,0.1005025,0.11406947199999999,1.5653267299999998
5445,6.994120000000052e-05,0.1005025,0.11406947199999999,1.50864332
5446,7.094119999999978e-05,0.1005025,0.112622236,1.50864332
5447,7.194119999999991e-05,0.080402,0.11406947199999999,1.6409046099999998
5448,7.294120000000005e-05,0.120603,0.112622236,1.84874378
5449,7.394120000000018e-05,0.1005025,0.11406947199999999,2.0943718899999997
5450,7.494120000000031e-05,0.1005025,0.11406947199999999,2.37778894
5451,7.594120000000044e-05,0.120603,0.115516708,2.66120599
5452,7.694119999999971e-05,0.120603,0.11406947199999999,2.9446230399999997
5453,7.794119999999984e-05,0.120603,0.115516708,3.1335677399999997
5454,7.894119999999998e-05,0.120603,0.11406947199999999,3.3225124399999997
5455,7.994120000000011e-05,0.1005025,0.115516708,3.37919585
5456,8.094120000000024e-05,0.1005025,0.11406947199999999,3.3225124399999997
5457,8.194120000000037e-05,0.1005025,0.115516708,3.15246221
5458,8.29412000000005e-05,0.1005025,0.11406947199999999,2.9068340999999998
5459,8.394119999999977e-05,0.1005025,0.112622236,2.54783917
5460,8.49411999999999e-05,0.1005025,0.11406947199999999,2.18884424
5461,8.594120000000004e-05,0.1407035,0.11406947199999999,1.8676382499999997
5462,8.694120000000017e-05,0.120603,0.11406947199999999,1.6409046099999998
5463,8.79412000000003e-05,0.1005025,0.11406947199999999,1.4897488499999998
5464,8.894120000000044e-05,0.120603,0.112622236,1.5275377899999998
5465,8.99411999999997e-05,0.080402,0.111175,1.7542714299999997
5466,9.094119999999983e-05,0.120603,0.111175,2.07547742
5467,9.194119999999997e-05,0.120603,0.10972776399999999,2.51005023
5468,9.29412000000001e-05,0.120603,0.111175,2.9068340999999998
5469,9.394120000000023e-05,0.120603,0.111175,3.22804009
5470,9.494120000000036e-05,0.120603,0.111175,3.37919585
5471,9.59412000000005e-05,0.1005025,0.111175,3.30361797
5472,9.694119999999976e-05,0.1005025,0.111175,3.0579898599999997
5473,9.79411999999999e-05,0.120603,0.111175,2.66120599
5474,9.894120000000003e-05,0.120603,0.112622236,2.2455276499999997
5475,9.994120000000016e-05,0.120603,0.112622236,1.84874378
5476,0.00010094120000000029,0.1005025,0.112622236,1.6031156699999998
5477,0.00010194120000000043,0.1005025,0.111175,1.47085438
5478,0.00010294119999999969,0.1005025,0.11406947199999999,1.5842212
5479,0.00010394119999999982,0.1005025,0.11406947199999999,1.8298493099999997
5480,0.00010494119999999996,0.120603,0.11406947199999999,2.2077387099999997
5481,0.00010594120000000009,0.120603,0.115516708,2.58562811
5482,0.00010694120000000022,0.1005025,0.115516708,2.92572857
5483,0.00010794120000000035,0.120603,0.115516708,3.22804009
5484,0.00010894120000000049,0.120603,0.115516708,3.34140691
5485,0.00010994119999999975,0.1005025,0.115516708,3.3225124399999997
5486,0.00011094119999999989,0.1005025,0.115516708,3.1713566799999997
5487,0.00011194120000000002,0.1005025,0.115516708,2.96351751
5488,0.00011294120000000015,0.120603,0.116963944,2.64231152
5489,0.00011394120000000028,0.120603,0.11841117999999999,2.30221106
5490,0.00011494120000000042,0.1005025,0.11841117999999999,2.0187940099999997
5491,0.00011594119999999968,0.1407035,0.121305652,1.7920603699999997
5492,0.00011694119999999981,0.120603,0.121305652,1.5842212
5493,0.00011794119999999995,0.1005025,0.12275288799999999,1.4897488499999998
5494,0.00011894120000000008,0.1005025,0.124200124,1.50864332
5495,0.00011994120000000021,0.080402,0.124200124,1.6031156699999998
5496,0.00012094120000000035,0.1005025,0.12564735999999999,1.7542714299999997
5497,0.00012194120000000048,0.1005025,0.127094596,2.0187940099999997
5498,0.00012294119999999974,0.120603,0.128541832,2.30221106
5499,0.00012394119999999988,0.080402,0.12998906799999999,2.56673364
5500,0.0001249412,0.120603,0.12998906799999999,2.8690451599999998
5501,0.00012594120000000014,0.1407035,0.12998906799999999,3.0957787999999997
5502,0.00012694120000000027,0.120603,0.13288354,3.2469345599999997
5503,0.0001279412000000004,0.1005025,0.13288354,3.36030138
5504,0.00012894119999999967,0.120603,0.13433077599999999,3.36030138
5505,0.0001299411999999998,0.120603,0.135778012,3.19025115
5506,0.00013094119999999994,0.120603,0.137225248,2.96351751
5507,0.00013194120000000007,0.120603,0.13867248399999998,2.64231152
5508,0.0001329412000000002,0.120603,0.137225248,2.2455276499999997
5509,0.00013394120000000034,0.120603,0.14011972,1.92432166
5510,0.00013494120000000047,0.1005025,0.14011972,1.65979908
5511,0.00013594119999999973,0.1005025,0.14301419199999998,1.50864332
5512,0.00013694119999999987,0.120603,0.145908664,1.5275377899999998
5513,0.0001379412,0.120603,0.14735589999999998,1.6786935499999998
5514,0.00013894120000000013,0.120603,0.145908664,2.0187940099999997
5515,0.00013994120000000027,0.120603,0.150250372,2.41557788
5516,0.0001409412000000004,0.1005025,0.148803136,2.85015069
5517,0.00014194119999999966,0.1005025,0.150250372,3.19025115
5518,0.0001429411999999998,0.120603,0.153144844,3.34140691
5519,0.00014394119999999993,0.1407035,0.15459208,3.34140691
5520,0.00014494120000000006,0.120603,0.15459208,3.11467327
5521,0.0001459412000000002,0.1407035,0.157486552,2.73678387
5522,0.00014694120000000033,0.1407035,0.16038102399999998,2.34
5523,0.00014794120000000046,0.120603,0.16182826,1.92432166
5524,0.00014894119999999973,0.120603,0.163275496,1.6031156699999998
5525,0.00014994119999999986,0.120603,0.167617204,1.5275377899999998
5526,0.0001509412,0.120603,0.170511676,1.54643226
5527,0.00015194120000000012,0.1005025,0.17340614799999998,1.8298493099999997
5528,0.00015294120000000026,0.1407035,0.17630062,2.1321608299999997
5529,0.0001539412000000004,0.1407035,0.180642328,2.49115576
5530,0.00015494119999999965,0.1005025,0.180642328,2.8690451599999998
5531,0.0001559411999999998,0.120603,0.180642328,3.15246221
5532,0.00015694119999999992,0.120603,0.18208956399999998,3.3225124399999997
5533,0.00015794120000000005,0.1005025,0.184984036,3.36030138
5534,0.00015894120000000019,0.1407035,0.1835368,3.2847235
5535,0.00015994120000000032,0.1005025,0.18208956399999998,3.0957787999999997
5536,0.00016094120000000045,0.1407035,0.1835368,2.8690451599999998
5537,0.00016194119999999972,0.120603,0.1835368,2.54783917
5538,0.00016294119999999985,0.120603,0.1835368,2.2455276499999997
5539,0.00016394119999999998,0.160804,0.18208956399999998,1.98100507
5540,0.00016494120000000011,0.1407035,0.18208956399999998,1.7542714299999997
5541,0.00016594120000000025,0.120603,0.18208956399999998,1.6031156699999998
5542,0.00016694120000000038,0.120603,0.18208956399999998,1.4897488499999998
5543,0.00016794119999999964,0.120603,0.1835368,1.50864332
5544,0.00016894119999999978,0.1407035,0.18208956399999998,1.5842212
5545,0.0001699411999999999,0.120603,0.1835368,1.73537696
5546,0.00017094120000000004,0.1005025,0.18208956399999998,1.94321613
5547,0.00017194120000000018,0.1407035,0.18208956399999998,2.2455276499999997
5548,0.0001729412000000003,0.1005025,0.180642328,2.56673364
5549,0.00017394120000000044,0.120603,0.179195092,2.85015069
5550,0.0001749411999999997,0.120603,0.180642328,3.0957787999999997
5551,0.00017594119999999984,0.1407035,0.180642328,3.26582903
5552,0.00017694119999999997,0.080402,0.179195092,3.36030138
5553,0.0001779412000000001,0.1407035,0.180642328,3.3225124399999997
5554,0.00017894120000000024,0.120603,0.180642328,3.1713566799999997
5555,0.00017994120000000037,0.120603,0.180642328,2.9068340999999998
5556,0.0001809412000000005,0.1005025,0.180642328,2.51005023
5557,0.00018194119999999977,0.1407035,0.180642328,2.11326636
5558,0.0001829411999999999,0.120603,0.180642328,1.7731659
5559,0.00018394120000000003,0.120603,0.18208956399999998,1.5842212
5560,0.00018494120000000017,0.1407035,0.18208956399999998,1.4897488499999998
5561,0.0001859412000000003,0.120603,0.179195092,1.6031156699999998
5562,0.00018694120000000043,0.120603,0.180642328,1.90542719
5563,0.0001879411999999997,0.120603,0.18208956399999998,2.34
5564,0.00018894119999999983,0.120603,0.18208956399999998,2.75567834
5565,0.00018994119999999996,0.1407035,0.18208956399999998,3.0957787999999997
5566,0.0001909412000000001,0.120603,0.180642328,3.30361797
5567,0.00019194120000000023,0.120603,0.1835368,3.34140691
5568,0.00019294120000000036,0.1407035,0.18208956399999998,3.15246221
5569,0.0001939412000000005,0.120603,0.1835368,2.85015069
5570,0.00019494119999999976,0.1407035,0.18208956399999998,2.37778894
5571,0.0001959411999999999,0.1407035,0.18208956399999998,2.0187940099999997
5572,0.00019694120000000002,0.1407035,0.1835368,1.6786935499999998
5573,0.00019794120000000016,0.120603,0.1835368,1.5275377899999998
5574,0.0001989412000000003,0.1407035,0.1835368,1.50864332
5575,0.00019994120000000042,0.120603,0.1835368,1.6786935499999998
5576,0.0002009411999999997,0.120603,0.1835368,1.92432166
5577,0.00020194119999999982,0.120603,0.1835368,2.2455276499999997
5578,0.00020294119999999995,0.160804,0.1835368,2.62341705
5579,0.00020394120000000009,0.120603,0.184984036,2.92572857
5580,0.00020494120000000022,0.1005025,0.1835368,3.15246221
5581,0.00020594120000000035,0.160804,0.184984036,3.3225124399999997
5582,0.00020694120000000048,0.120603,0.1835368,3.37919585
5583,0.00020794119999999975,0.1407035,0.18208956399999998,3.30361797
5584,0.00020894119999999988,0.1407035,0.18208956399999998,3.2091456199999997
5585,0.00020994120000000002,0.120603,0.184984036,3.00130645
5586,0.00021094120000000015,0.120603,0.1835368,2.77457281
5587,0.00021194120000000028,0.1005025,0.184984036,2.47226129
5588,0.0002129412000000004,0.1407035,0.184984036,2.22663318
5589,0.00021394119999999968,0.120603,0.1835368,1.92432166
5590,0.0002149411999999998,0.1005025,0.184984036,1.73537696
5591,0.00021594119999999994,0.120603,0.1835368,1.5842212
5592,0.00021694120000000008,0.1407035,0.1835368,1.5275377899999998
5593,0.0002179412000000002,0.120603,0.180642328,1.50864332
5594,0.00021894120000000034,0.1407035,0.180642328,1.6031156699999998
5595,0.00021994120000000048,0.1407035,0.179195092,1.7731659
5596,0.00022094119999999974,0.1407035,0.17774785599999998,2.03768848
5597,0.00022194119999999987,0.120603,0.179195092,2.37778894
5598,0.0002229412,0.1407035,0.17774785599999998,2.69899493
5599,0.00022394120000000014,0.1407035,0.17630062,3.0202009199999997
5600,0.00022494120000000027,0.120603,0.17774785599999998,3.2091456199999997
5601,0.0002259412000000004,0.120603,0.179195092,3.36030138
5602,0.00022694119999999967,0.120603,0.179195092,3.34140691
5603,0.0002279411999999998,0.1407035,0.179195092,3.15246221
5604,0.00022894119999999994,0.120603,0.18208956399999998,2.7934672799999998
5605,0.00022994120000000007,0.120603,0.180642328,2.39668341
5606,0.0002309412000000002,0.1407035,0.18208956399999998,1.99989954
5607,0.00023194120000000033,0.1407035,0.18208956399999998,1.6786935499999998
5608,0.00023294120000000047,0.1407035,0.18208956399999998,1.50864332
5609,0.00023394119999999973,0.1407035,0.1835368,1.54643226
5610,0.00023494119999999986,0.1407035,0.18208956399999998,1.7542714299999997
5611,0.0002359412,0.1407035,0.1835368,2.1321608299999997
5612,0.00023694120000000013,0.1407035,0.1835368,2.60452258
5613,0.00023794120000000026,0.1407035,0.1835368,3.03909539
5614,0.0002389412000000004,0.1809045,0.184984036,3.2847235
5615,0.00023994119999999966,0.1407035,0.18643127199999998,3.36030138
5616,0.0002409411999999998,0.1407035,0.18643127199999998,3.22804009
5617,0.00024194119999999993,0.120603,0.18643127199999998,2.9446230399999997
5618,0.00024294120000000006,0.160804,0.184984036,2.51005023
5619,0.0002439412000000002,0.120603,0.18643127199999998,2.0943718899999997
5620,0.0002449412000000003,0.1407035,0.187878508,1.73537696
5621,0.00024594120000000046,0.120603,0.18643127199999998,1.5275377899999998
5622,0.0002469411999999997,0.120603,0.187878508,1.4897488499999998
5623,0.00024794119999999985,0.120603,0.187878508,1.5842212
5624,0.0002489412,0.1407035,0.189325744,1.81095484
5625,0.0002499412000000001,0.120603,0.189325744,2.0943718899999997
5626,0.00025094120000000025,0.1407035,0.19077297999999998,2.39668341
5627,0.0002519412000000004,0.1407035,0.19077297999999998,2.7178894
5628,0.00025294119999999965,0.1407035,0.19077297999999998,2.9824119799999997
5629,0.0002539411999999998,0.120603,0.19077297999999998,3.22804009
5630,0.0002549411999999999,0.1407035,0.19077297999999998,3.30361797
5631,0.00025594120000000005,0.120603,0.19077297999999998,3.36030138
5632,0.0002569412000000002,0.1407035,0.192220216,3.30361797
5633,0.0002579412000000003,0.160804,0.19077297999999998,3.19025115
5634,0.00025894120000000045,0.1407035,0.192220216,3.03909539
5635,0.0002599411999999997,0.120603,0.192220216,2.75567834
5636,0.00026094119999999985,0.160804,0.192220216,2.51005023
5637,0.0002619412,0.1407035,0.193667452,2.2077387099999997
5638,0.0002629412000000001,0.160804,0.19077297999999998,1.9621106
5639,0.00026394120000000024,0.120603,0.192220216,1.73537696
5640,0.0002649412000000004,0.1407035,0.19077297999999998,1.54643226
5641,0.00026594119999999964,0.1407035,0.19077297999999998,1.4897488499999998
5642,0.0002669411999999998,0.1407035,0.19077297999999998,1.54643226
5643,0.0002679411999999999,0.120603,0.193667452,1.65979908
5644,0.00026894120000000004,0.120603,0.192220216,1.92432166
5645,0.00026994120000000017,0.1407035,0.192220216,2.2077387099999997
5646,0.0002709412000000003,0.120603,0.193667452,2.56673364
5647,0.00027194120000000044,0.120603,0.192220216,2.9446230399999997
5648,0.0002729411999999997,0.1407035,0.192220216,3.2091456199999997
5649,0.00027394119999999984,0.120603,0.193667452,3.36030138
5650,0.00027494119999999997,0.1407035,0.192220216,3.30361797
5651,0.0002759412000000001,0.160804,0.193667452,3.1335677399999997
5652,0.00027694120000000023,0.160804,0.193667452,2.75567834
5653,0.00027794120000000037,0.1407035,0.192220216,2.30221106
5654,0.0002789412000000005,0.1809045,0.193667452,1.90542719
5655,0.00027994119999999977,0.1407035,0.19511468799999998,1.5653267299999998
5656,0.0002809411999999999,0.1407035,0.19511468799999998,1.4897488499999998
5657,0.00028194120000000003,0.1407035,0.19511468799999998,1.65979908
5658,0.00028294120000000016,0.160804,0.193667452,1.99989954
5659,0.0002839412000000003,0.160804,0.19511468799999998,2.43447235
5660,0.00028494120000000043,0.1407035,0.19511468799999998,2.9068340999999998
5661,0.0002859411999999997,0.1407035,0.196561924,3.2091456199999997
5662,0.0002869411999999998,0.160804,0.19800916,3.37919585
5663,0.00028794119999999996,0.120603,0.19800916,3.2847235
5664,0.0002889412000000001,0.1407035,0.196561924,3.0202009199999997
5665,0.0002899412000000002,0.1407035,0.196561924,2.64231152
5666,0.00029094120000000036,0.120603,0.19800916,2.2077387099999997
5667,0.0002919412000000005,0.1809045,0.196561924,1.88653272
5668,0.00029294119999999976,0.1407035,0.19511468799999998,1.6031156699999998
5669,0.0002939411999999999,0.160804,0.196561924,1.4897488499999998
5670,0.0002949412,0.120603,0.19800916,1.5275377899999998
5671,0.00029594120000000015,0.1407035,0.196561924,1.65979908
5672,0.0002969412000000003,0.1407035,0.19800916,1.94321613
5673,0.0002979412000000004,0.120603,0.19945639599999998,2.2077387099999997
5674,0.0002989411999999997,0.1407035,0.196561924,2.51005023
5675,0.0002999411999999998,0.1407035,0.19800916,2.85015069
5676,0.00030094119999999995,0.1407035,0.19945639599999998,3.0957787999999997
5677,0.0003019412000000001,0.120603,0.19945639599999998,3.26582903
5678,0.0003029412000000002,0.1407035,0.19800916,3.34140691
5679,0.00030394120000000035,0.160804,0.196561924,3.36030138
5680,0.0003049412000000005,0.1407035,0.196561924,3.2847235
5681,0.00030594119999999975,0.120603,0.19511468799999998,3.15246221
5682,0.0003069411999999999,0.1407035,0.19511468799999998,2.96351751
5683,0.0003079412,0.120603,0.19800916,2.66120599
5684,0.00030894120000000014,0.1407035,0.196561924,2.39668341
5685,0.0003099412000000003,0.120603,0.196561924,2.11326636
5686,0.0003109412000000004,0.1407035,0.19800916,1.84874378
5687,0.0003119411999999997,0.160804,0.19800916,1.6409046099999998
5688,0.0003129411999999998,0.1407035,0.196561924,1.5275377899999998
5689,0.00031394119999999994,0.160804,0.19800916,1.47085438
5690,0.0003149412000000001,0.120603,0.19800916,1.6031156699999998
5691,0.0003159412000000002,0.1407035,0.19511468799999998,1.7920603699999997
5692,0.00031694120000000034,0.1407035,0.19511468799999998,2.1321608299999997
5693,0.00031794120000000047,0.160804,0.196561924,2.56673364
5694,0.00031894119999999974,0.160804,0.196561924,2.92572857
5695,0.00031994119999999987,0.160804,0.19511468799999998,3.2469345599999997
5696,0.0003209412,0.1407035,0.196561924,3.37919585
5697,0.00032194120000000014,0.1407035,0.196561924,3.30361797
5698,0.00032294120000000027,0.160804,0.19800916,3.03909539
5699,0.0003239412000000004,0.1407035,0.196561924,2.62341705
5700,0.00032494119999999967,0.1407035,0.196561924,2.1321608299999997
5701,0.0003259411999999998,0.1809045,0.19800916,1.73537696
5702,0.00032694119999999993,0.160804,0.19800916,1.50864332
5703,0.00032794120000000006,0.160804,0.19800916,1.5275377899999998
5704,0.0003289412000000002,0.1407035,0.19800916,1.7920603699999997
5705,0.00032994120000000033,0.160804,0.196561924,2.22663318
5706,0.00033094120000000046,0.1809045,0.196561924,2.66120599
5707,0.00033194119999999973,0.120603,0.19511468799999998,3.07688433
5708,0.00033294119999999986,0.120603,0.196561924,3.30361797
5709,0.0003339412,0.1407035,0.19800916,3.36030138
5710,0.0003349412000000001,0.160804,0.196561924,3.2091456199999997
5711,0.00033594120000000026,0.160804,0.19800916,2.85015069
5712,0.0003369412000000004,0.160804,0.196561924,2.47226129
5713,0.00033794119999999966,0.160804,0.196561924,2.1321608299999997
5714,0.0003389411999999998,0.160804,0.19800916,1.7920603699999997
5715,0.0003399411999999999,0.1407035,0.19800916,1.54643226
5716,0.00034094120000000006,0.160804,0.196561924,1.50864332
5717,0.0003419412000000002,0.1407035,0.19945639599999998,1.54643226
5718,0.0003429412000000003,0.160804,0.19800916,1.7164824899999997
5719,0.00034394120000000045,0.1407035,0.19800916,1.92432166
5720,0.0003449411999999997,0.1407035,0.19800916,2.1699497699999997
5721,0.00034594119999999985,0.1407035,0.196561924,2.43447235
5722,0.0003469412,0.1407035,0.19800916,2.69899493
5723,0.0003479412000000001,0.160804,0.19800916,2.92572857
5724,0.00034894120000000025,0.160804,0.19800916,3.15246221
5725,0.0003499412000000004,0.160804,0.196561924,3.30361797
5726,0.00035094119999999965,0.1407035,0.196561924,3.36030138
5727,0.0003519411999999998,0.1809045,0.19511468799999998,3.34140691
5728,0.0003529411999999999,0.160804,0.19800916,3.26582903
5729,0.00035394120000000005,0.160804,0.19800916,3.15246221
5730,0.0003549412000000002,0.160804,0.196561924,2.92572857
5731,0.0003559412000000003,0.160804,0.19800916,2.66120599
5732,0.00035694120000000044,0.160804,0.19800916,2.41557788
5733,0.0003579411999999997,0.160804,0.196561924,2.0943718899999997
5734,0.00035894119999999984,0.160804,0.19511468799999998,1.8298493099999997
5735,0.0003599412,0.1407035,0.196561924,1.62201014
5736,0.0003609412000000001,0.160804,0.196561924,1.4897488499999998
5737,0.00036194120000000024,0.160804,0.196561924,1.50864332
5738,0.0003629412000000004,0.160804,0.196561924,1.7164824899999997
5739,0.00036394119999999964,0.160804,0.196561924,2.0187940099999997
5740,0.00036494119999999977,0.160804,0.19800916,2.41557788
5741,0.0003659411999999999,0.1809045,0.196561924,2.81236175
5742,0.00036694120000000004,0.1407035,0.196561924,3.1713566799999997
5743,0.00036794120000000017,0.1407035,0.196561924,3.34140691
5744,0.0003689412000000003,0.160804,0.196561924,3.2847235
5745,0.00036994120000000043,0.1407035,0.196561924,3.03909539
5746,0.0003709411999999997,0.160804,0.196561924,2.60452258
5747,0.00037194119999999983,0.160804,0.19800916,2.1699497699999997
5748,0.00037294119999999997,0.160804,0.19800916,1.7164824899999997
5749,0.0003739412000000001,0.1407035,0.19800916,1.4897488499999998
5750,0.00037494120000000023,0.160804,0.19800916,1.54643226
5751,0.00037594120000000036,0.1809045,0.19800916,1.81095484
5752,0.0003769412000000005,0.1407035,0.19800916,2.2455276499999997
5753,0.00037794119999999976,0.1407035,0.196561924,2.68010046
5754,0.0003789411999999999,0.160804,0.19945639599999998,3.07688433
5755,0.00037994120000000003,0.1407035,0.19945639599999998,3.3225124399999997
5756,0.00038094120000000016,0.1809045,0.19945639599999998,3.36030138
5757,0.0003819412000000003,0.1809045,0.19945639599999998,3.2091456199999997
5758,0.0003829412000000004,0.160804,0.19945639599999998,2.92572857
5759,0.0003839411999999997,0.160804,0.19800916,2.58562811
5760,0.0003849411999999998,0.1407035,0.19800916,2.2455276499999997
5761,0.00038594119999999996,0.1809045,0.19945639599999998,1.88653272
5762,0.0003869412000000001,0.1809045,0.19800916,1.65979908
5763,0.0003879412000000002,0.160804,0.19800916,1.5275377899999998
5764,0.00038894120000000035,0.160804,0.19945639599999998,1.4897488499999998
5765,0.0003899412000000005,0.160804,0.19945639599999998,1.5653267299999998
5766,0.00039094119999999975,0.160804,0.19945639599999998,1.69758802
5767,0.0003919411999999999,0.1407035,0.19800916,1.90542719
5768,0.0003929412,0.160804,0.19945639599999998,2.1321608299999997
5769,0.00039394120000000015,0.1407035,0.19945639599999998,2.35889447
5770,0.0003949412000000003,0.1809045,0.19945639599999998,2.64231152
5771,0.0003959412000000004,0.160804,0.19945639599999998,2.88793963
5772,0.0003969411999999997,0.1407035,0.19800916,3.07688433
5773,0.0003979411999999998,0.160804,0.19945639599999998,3.22804009
5774,0.00039894119999999995,0.160804,0.19945639599999998,3.34140691
5775,0.0003999412000000001,0.160804,0.19945639599999998,3.36030138
5776,0.0004009412000000002,0.1407035,0.19945639599999998,3.30361797
5777,0.00040194120000000035,0.160804,0.19945639599999998,3.1713566799999997
5778,0.0004029412000000005,0.201005,0.19800916,2.92572857
5779,0.00040394119999999974,0.160804,0.19945639599999998,2.64231152
5780,0.0004049411999999999,0.160804,0.200903632,2.3211055299999996
5781,0.0004059412,0.160804,0.19800916,1.94321613
5782,0.00040694120000000014,0.1809045,0.19800916,1.65979908
5783,0.0004079412000000003,0.1407035,0.19800916,1.50864332
5784,0.0004089412000000004,0.1407035,0.19945639599999998,1.5275377899999998
5785,0.00040994119999999967,0.160804,0.19945639599999998,1.6786935499999998
5786,0.0004109411999999998,0.160804,0.19945639599999998,2.07547742
5787,0.00041194119999999994,0.160804,0.200903632,2.5289447
5788,0.00041294120000000007,0.160804,0.202350868,2.92572857
5789,0.0004139412000000002,0.201005,0.202350868,3.2469345599999997
5790,0.00041494120000000034,0.160804,0.19945639599999998,3.36030138
5791,0.00041594120000000047,0.160804,0.202350868,3.22804009
5792,0.00041694119999999973,0.1809045,0.200903632,2.8690451599999998
5793,0.00041794119999999987,0.1809045,0.20379810399999998,2.37778894
5794,0.0004189412,0.1809045,0.202350868,1.88653272
5795,0.00041994120000000013,0.1809045,0.200903632,1.6031156699999998
5796,0.00042094120000000027,0.160804,0.200903632,1.4897488499999998
5797,0.0004219412000000004,0.160804,0.200903632,1.65979908
5798,0.00042294119999999966,0.1809045,0.200903632,2.0187940099999997
5799,0.0004239411999999998,0.160804,0.19945639599999998,2.54783917
5800,0.00042494119999999993,0.160804,0.200903632,2.9824119799999997
5801,0.00042594120000000006,0.1809045,0.200903632,3.2469345599999997
5802,0.0004269412000000002,0.1809045,0.19800916,3.36030138
5803,0.0004279412000000003,0.1809045,0.19945639599999998,3.26582903
5804,0.00042894120000000046,0.160804,0.19945639599999998,3.0957787999999997
5805,0.0004299411999999997,0.160804,0.200903632,2.77457281
5806,0.00043094119999999986,0.1809045,0.19945639599999998,2.43447235
5807,0.0004319412,0.1809045,0.19945639599999998,2.07547742
5808,0.0004329412000000001,0.1809045,0.19945639599999998,1.81095484
5809,0.00043394120000000026,0.1809045,0.19945639599999998,1.62201014
5810,0.0004349412000000004,0.160804,0.200903632,1.4897488499999998
5811,0.00043594119999999965,0.160804,0.19945639599999998,1.4897488499999998
5812,0.0004369411999999998,0.201005,0.200903632,1.5842212
5813,0.0004379411999999999,0.160804,0.19945639599999998,1.7164824899999997
5814,0.00043894120000000005,0.1809045,0.200903632,1.92432166
5815,0.0004399412000000002,0.160804,0.19945639599999998,2.1699497699999997
5816,0.0004409412000000003,0.1809045,0.200903632,2.41557788
5817,0.00044194120000000045,0.201005,0.202350868,2.64231152
5818,0.0004429411999999997,0.1809045,0.200903632,2.88793963
5819,0.00044394119999999985,0.1809045,0.202350868,3.0957787999999997
5820,0.0004449412,0.160804,0.202350868,3.2847235
5821,0.0004459412000000001,0.1809045,0.202350868,3.34140691
5822,0.00044694120000000025,0.160804,0.200903632,3.36030138
5823,0.0004479412000000004,0.160804,0.202350868,3.2469345599999997
5824,0.00044894119999999964,0.1809045,0.200903632,3.07688433
5825,0.0004499411999999998,0.1809045,0.200903632,2.8312562199999998
5826,0.0004509411999999999,0.201005,0.200903632,2.45336682
5827,0.00045194120000000004,0.1809045,0.202350868,2.11326636
5828,0.0004529412000000002,0.160804,0.200903632,1.7542714299999997
5829,0.0004539412000000003,0.201005,0.200903632,1.5653267299999998
5830,0.00045494120000000044,0.160804,0.200903632,1.47085438
5831,0.0004559411999999997,0.1809045,0.20379810399999998,1.6409046099999998
5832,0.00045694119999999984,0.1809045,0.202350868,1.9621106
5833,0.00045794119999999997,0.1809045,0.200903632,2.39668341
5834,0.0004589412000000001,0.201005,0.200903632,2.8690451599999998
5835,0.00045994120000000024,0.160804,0.202350868,3.22804009
5836,0.00046094120000000037,0.201005,0.200903632,3.37919585
5837,0.00046194119999999964,0.160804,0.200903632,3.2469345599999997
5838,0.00046294119999999977,0.201005,0.200903632,2.92572857
5839,0.0004639411999999999,0.1809045,0.19945639599999998,2.37778894
5840,0.00046494120000000003,0.1809045,0.200903632,1.94321613
5841,0.00046594120000000017,0.201005,0.19945639599999998,1.6031156699999998
5842,0.0004669412000000003,0.160804,0.19945639599999998,1.47085438
5843,0.00046794120000000043,0.1809045,0.200903632,1.6031156699999998
5844,0.0004689411999999997,0.1809045,0.19945639599999998,1.9621106
5845,0.00046994119999999983,0.160804,0.19945639599999998,2.41557788
5846,0.00047094119999999996,0.160804,0.19945639599999998,2.8312562199999998
5847,0.0004719412000000001,0.1809045,0.19945639599999998,3.1713566799999997
5848,0.00047294120000000023,0.1809045,0.19945639599999998,3.37919585
5849,0.00047394120000000036,0.1809045,0.200903632,3.34140691
5850,0.0004749412000000005,0.1407035,0.200903632,3.19025115
5851,0.00047594119999999976,0.1809045,0.202350868,2.85015069
5852,0.0004769411999999999,0.1809045,0.202350868,2.56673364
5853,0.0004779412,0.1809045,0.202350868,2.22663318
5854,0.00047894120000000016,0.201005,0.20379810399999998,1.92432166
5855,0.0004799412000000003,0.160804,0.202350868,1.7164824899999997
5856,0.0004809412000000004,0.160804,0.202350868,1.54643226
5857,0.0004819411999999997,0.1809045,0.202350868,1.50864332
5858,0.0004829411999999998,0.201005,0.200903632,1.5275377899999998
5859,0.00048394119999999995,0.201005,0.20379810399999998,1.6409046099999998
5860,0.0004849412000000001,0.160804,0.202350868,1.7920603699999997
5861,0.0004859412000000002,0.1809045,0.20379810399999998,1.98100507
5862,0.00048694120000000035,0.160804,0.202350868,2.26442212
5863,0.0004879412000000005,0.1809045,0.202350868,2.49115576
5864,0.0004889411999999997,0.1809045,0.202350868,2.77457281
5865,0.0004899411999999999,0.1809045,0.20379810399999998,3.00130645
5866,0.0004909412,0.1809045,0.200903632,3.19025115
5867,0.0004919412000000001,0.1407035,0.202350868,3.34140691
5868,0.0004929412000000003,0.201005,0.20379810399999998,3.36030138
5869,0.0004939412000000004,0.1809045,0.19945639599999998,3.3225124399999997
5870,0.0004949411999999997,0.201005,0.202350868,3.15246221
5871,0.0004959411999999998,0.160804,0.200903632,2.85015069
5872,0.0004969411999999999,0.1809045,0.200903632,2.54783917
5873,0.0004979412000000001,0.1407035,0.19945639599999998,2.1699497699999997
5874,0.0004989412000000002,0.201005,0.19945639599999998,1.81095484
5875,0.0004999412000000003,0.201005,0.200903632,1.5653267299999998
5876,0.0005009412000000005,0.160804,0.200903632,1.4897488499999998
5877,0.0005019411999999997,0.160804,0.200903632,1.62201014
5878,0.0005029411999999999,0.201005,0.200903632,1.94321613
5879,0.0005039412,0.1809045,0.19945639599999998,2.35889447
5880,0.0005049412000000001,0.1809045,0.200903632,2.85015069
5881,0.0005059412000000003,0.160804,0.19945639599999998,3.2091456199999997
5882,0.0005069412000000004,0.1809045,0.200903632,3.36030138
5883,0.0005079411999999997,0.160804,0.19945639599999998,3.2469345599999997
5884,0.0005089411999999998,0.201005,0.19945639599999998,2.92572857
5885,0.0005099411999999999,0.201005,0.200903632,2.41557788
5886,0.0005109412000000001,0.1809045,0.202350868,1.92432166
5887,0.0005119412000000002,0.201005,0.202350868,1.6031156699999998
5888,0.0005129412000000003,0.201005,0.20379810399999998,1.4897488499999998
5889,0.0005139412000000005,0.1809045,0.20379810399999998,1.62201014
5890,0.0005149411999999997,0.1809045,0.20524534,1.90542719
5891,0.0005159411999999999,0.2211055,0.202350868,2.34
5892,0.0005169412,0.201005,0.20524534,2.73678387
5893,0.0005179412000000001,0.160804,0.20379810399999998,3.0957787999999997
5894,0.0005189412000000003,0.1809045,0.20379810399999998,3.30361797
5895,0.0005199412000000004,0.1809045,0.20524534,3.36030138
5896,0.0005209411999999997,0.201005,0.20379810399999998,3.30361797
5897,0.0005219411999999998,0.201005,0.20379810399999998,3.0579898599999997
5898,0.0005229411999999999,0.1809045,0.20379810399999998,2.73678387
5899,0.0005239412000000001,0.1809045,0.20379810399999998,2.41557788
5900,0.0005249412000000002,0.201005,0.20379810399999998,2.11326636
5901,0.0005259412000000003,0.1809045,0.202350868,1.81095484
5902,0.0005269412000000005,0.2211055,0.202350868,1.6409046099999998
5903,0.0005279411999999997,0.1809045,0.202350868,1.5275377899999998
5904,0.0005289411999999999,0.1809045,0.202350868,1.47085438
5905,0.0005299412,0.1809045,0.202350868,1.5275377899999998
5906,0.0005309412000000001,0.1809045,0.202350868,1.6786935499999998
5907,0.0005319412000000003,0.201005,0.202350868,1.88653272
5908,0.0005329412000000004,0.160804,0.202350868,2.07547742
5909,0.0005339411999999997,0.201005,0.202350868,2.37778894
5910,0.0005349411999999998,0.201005,0.200903632,2.66120599
5911,0.0005359411999999999,0.201005,0.202350868,2.9446230399999997
5912,0.0005369412,0.201005,0.19945639599999998,3.1713566799999997
5913,0.0005379412000000002,0.201005,0.200903632,3.3225124399999997
5914,0.0005389412000000003,0.201005,0.200903632,3.34140691
5915,0.0005399412000000004,0.1809045,0.200903632,3.2847235
5916,0.0005409411999999997,0.201005,0.19945639599999998,3.07688433
5917,0.0005419411999999998,0.1809045,0.202350868,2.75567834
5918,0.0005429412,0.1809045,0.200903632,2.41557788
5919,0.0005439412000000001,0.201005,0.19945639599999998,2.03768848
5920,0.0005449412000000002,0.1809045,0.202350868,1.7164824899999997
5921,0.0005459412000000004,0.160804,0.20379810399999998,1.50864332
5922,0.0005469411999999996,0.201005,0.20379810399999998,1.54643226
5923,0.0005479411999999998,0.1809045,0.20379810399999998,1.73537696
5924,0.0005489411999999999,0.160804,0.202350868,2.18884424
5925,0.0005499412,0.1809045,0.20524534,2.68010046
5926,0.0005509412000000002,0.201005,0.20524534,3.11467327
5927,0.0005519412000000003,0.1809045,0.20524534,3.34140691
5928,0.0005529412000000004,0.1809045,0.20379810399999998,3.34140691
5929,0.0005539411999999997,0.1809045,0.20379810399999998,3.07688433
5930,0.0005549411999999998,0.160804,0.20524534,2.66120599
5931,0.0005559412,0.201005,0.20524534,2.18884424
5932,0.0005569412000000001,0.201005,0.20524534,1.7731659
5933,0.0005579412000000002,0.201005,0.20524534,1.54643226
5934,0.0005589412000000004,0.1809045,0.20524534,1.50864332
5935,0.0005599411999999996,0.201005,0.20379810399999998,1.7164824899999997
5936,0.0005609411999999998,0.1809045,0.202350868,2.11326636
5937,0.0005619411999999999,0.241206,0.202350868,2.58562811
5938,0.0005629412,0.201005,0.202350868,2.96351751
5939,0.0005639412000000002,0.201005,0.200903632,3.2469345599999997
5940,0.0005649412000000003,0.1809045,0.202350868,3.37919585
5941,0.0005659412000000004,0.201005,0.202350868,3.3225124399999997
5942,0.0005669411999999997,0.1809045,0.200903632,3.11467327
5943,0.0005679411999999998,0.201005,0.200903632,2.8312562199999998
5944,0.0005689412,0.1809045,0.202350868,2.51005023
5945,0.0005699412000000001,0.1809045,0.200903632,2.18884424
5946,0.0005709412000000002,0.201005,0.200903632,1.90542719
5947,0.0005719412000000004,0.201005,0.200903632,1.65979908
5948,0.0005729412000000005,0.201005,0.200903632,1.5275377899999998
5949,0.0005739411999999998,0.1809045,0.200903632,1.47085438
5950,0.0005749411999999999,0.201005,0.200903632,1.54643226
5951,0.0005759412,0.160804,0.200903632,1.69758802
5952,0.0005769412000000002,0.1809045,0.202350868,1.90542719
5953,0.0005779412000000003,0.1809045,0.20379810399999998,2.1699497699999997
5954,0.0005789412000000004,0.201005,0.20379810399999998,2.45336682
5955,0.0005799411999999997,0.2211055,0.200903632,2.77457281
5956,0.0005809411999999998,0.201005,0.20379810399999998,3.0202009199999997
5957,0.0005819412,0.2211055,0.200903632,3.2469345599999997
5958,0.0005829412000000001,0.201005,0.20524534,3.34140691
5959,0.0005839412000000002,0.2211055,0.20379810399999998,3.36030138
5960,0.0005849412000000003,0.1809045,0.20379810399999998,3.2469345599999997
5961,0.0005859412000000005,0.201005,0.206692576,3.03909539
5962,0.0005869411999999997,0.201005,0.20524534,2.7178894
5963,0.0005879411999999999,0.2211055,0.20524534,2.26442212
5964,0.0005889412,0.1809045,0.20524534,1.94321613
5965,0.0005899412000000001,0.201005,0.206692576,1.6409046099999998
5966,0.0005909412000000003,0.201005,0.20524534,1.4897488499999998
5967,0.0005919412000000004,0.2211055,0.206692576,1.5653267299999998
5968,0.0005929411999999997,0.1809045,0.20379810399999998,1.8298493099999997
5969,0.0005939411999999998,0.201005,0.20379810399999998,2.22663318
5970,0.0005949411999999999,0.2211055,0.20379810399999998,2.68010046
5971,0.0005959412000000001,0.1809045,0.20379810399999998,3.0957787999999997
5972,0.0005969412000000002,0.2211055,0.20379810399999998,3.34140691
5973,0.0005979412000000003,0.1809045,0.20379810399999998,3.34140691
5974,0.0005989412000000005,0.201005,0.20379810399999998,3.11467327
5975,0.0005999411999999997,0.2211055,0.202350868,2.68010046
5976,0.0006009411999999999,0.2211055,0.200903632,2.2077387099999997
5977,0.0006019412,0.1809045,0.202350868,1.84874378
5978,0.0006029412000000001,0.1809045,0.202350868,1.5653267299999998
5979,0.0006039412000000003,0.2211055,0.20379810399999998,1.50864332
5980,0.0006049412000000004,0.1809045,0.202350868,1.65979908
5981,0.0006059411999999997,0.201005,0.202350868,2.0187940099999997
5982,0.0006069411999999998,0.201005,0.20379810399999998,2.45336682
5983,0.0006079411999999999,0.1809045,0.202350868,2.8690451599999998
5984,0.0006089412000000001,0.201005,0.20379810399999998,3.19025115
5985,0.0006099412000000002,0.2211055,0.20379810399999998,3.37919585
5986,0.0006109412000000003,0.2211055,0.202350868,3.34140691
5987,0.0006119412000000005,0.201005,0.202350868,3.2091456199999997
5988,0.0006129411999999997,0.201005,0.206692576,2.96351751
5989,0.0006139411999999999,0.2211055,0.20379810399999998,2.68010046
5990,0.0006149412,0.201005,0.206692576,2.34
5991,0.0006159412000000001,0.2211055,0.20524534,1.99989954
5992,0.0006169412000000003,0.241206,0.20379810399999998,1.7731659
5993,0.0006179412000000004,0.201005,0.20524534,1.6031156699999998
5994,0.0006189411999999997,0.201005,0.206692576,1.4897488499999998
5995,0.0006199411999999998,0.201005,0.206692576,1.5275377899999998
5996,0.0006209411999999999,0.201005,0.206692576,1.6409046099999998
5997,0.0006219412000000001,0.241206,0.206692576,1.7920603699999997
5998,0.0006229412000000002,0.160804,0.206692576,2.0565829499999997
5999,0.0006239412000000003,0.201005,0.206692576,2.35889447
6000,0.0006249412000000005,0.2211055,0.20524534,2.64231152
6001,0.0006259411999999997,0.201005,0.20524534,2.9068340999999998
6002,0.0006269411999999999,0.201005,0.20379810399999998,3.1713566799999997
6003,0.0006279412,0.201005,0.20524534,3.3225124399999997
6004,0.0006289412000000001,0.1809045,0.20379810399999998,3.36030138
6005,0.0006299412000000002,0.201005,0.20524534,3.2847235
6006,0.0006309412000000004,0.201005,0.20379810399999998,3.03909539
6007,0.0006319411999999996,0.1809045,0.20379810399999998,2.77457281
6008,0.0006329411999999998,0.201005,0.20379810399999998,2.41557788
6009,0.0006339411999999999,0.201005,0.20379810399999998,2.0187940099999997
6010,0.0006349412,0.1809045,0.20379810399999998,1.7164824899999997
6011,0.0006359412000000002,0.1809045,0.20379810399999998,1.50864332
6012,0.0006369412000000003,0.201005,0.20379810399999998,1.50864332
6013,0.0006379412000000004,0.2211055,0.200903632,1.69758802
6014,0.0006389411999999997,0.201005,0.202350868,2.0565829499999997
6015,0.0006399411999999998,0.241206,0.200903632,2.47226129
6016,0.0006409412,0.201005,0.202350868,2.9068340999999998
6017,0.0006419412000000001,0.241206,0.200903632,3.26582903
6018,0.0006429412000000002,0.201005,0.202350868,3.37919585
6019,0.0006439412000000004,0.241206,0.202350868,3.2847235
6020,0.0006449411999999996,0.2211055,0.202350868,2.96351751
6021,0.0006459411999999998,0.201005,0.202350868,2.51005023
6022,0.0006469411999999999,0.2211055,0.202350868,2.0943718899999997
6023,0.0006479412,0.2211055,0.20379810399999998,1.7164824899999997
6024,0.0006489412000000002,0.1809045,0.20379810399999998,1.5275377899999998
6025,0.0006499412000000003,0.2211055,0.20524534,1.54643226
6026,0.0006509412000000004,0.2211055,0.20524534,1.73537696
6027,0.0006519411999999997,0.2211055,0.20524534,2.1321608299999997
6028,0.0006529411999999998,0.2211055,0.206692576,2.54783917
6029,0.0006539412,0.2211055,0.20813981199999998,2.9446230399999997
6030,0.0006549412000000001,0.201005,0.20524534,3.22804009
6031,0.0006559412000000002,0.2211055,0.206692576,3.3980903199999997
6032,0.0006569412000000004,0.1809045,0.206692576,3.36030138
6033,0.0006579411999999996,0.201005,0.206692576,3.19025115
6034,0.0006589411999999998,0.2211055,0.20524534,2.88793963
6035,0.0006599411999999999,0.2211055,0.20524534,2.60452258
6036,0.0006609412,0.2211055,0.20524534,2.22663318
6037,0.0006619412000000002,0.201005,0.206692576,1.9621106
6038,0.0006629412000000003,0.2211055,0.20379810399999998,1.69758802
6039,0.0006639412000000004,0.1809045,0.20379810399999998,1.54643226
6040,0.0006649411999999997,0.201005,0.20524534,1.4897488499999998
6041,0.0006659411999999998,0.2211055,0.20379810399999998,1.54643226
6042,0.0006669412,0.2211055,0.20524534,1.65979908
6043,0.0006679412000000001,0.2211055,0.20379810399999998,1.84874378
6044,0.0006689412000000002,0.2211055,0.20379810399999998,2.1321608299999997
6045,0.0006699412000000004,0.1809045,0.20379810399999998,2.35889447
6046,0.0006709412000000005,0.2211055,0.202350868,2.68010046
6047,0.0006719411999999998,0.2211055,0.200903632,2.9824119799999997
6048,0.0006729411999999999,0.241206,0.20379810399999998,3.2091456199999997
6049,0.0006739412,0.2211055,0.20379810399999998,3.3225124399999997
6050,0.0006749412000000002,0.241206,0.202350868,3.3980903199999997
6051,0.0006759412000000003,0.2211055,0.20379810399999998,3.30361797
6052,0.0006769412000000004,0.201005,0.202350868,3.11467327
6053,0.0006779411999999997,0.201005,0.202350868,2.81236175
6054,0.0006789411999999998,0.201005,0.20524534,2.41557788
6055,0.0006799412,0.2211055,0.20379810399999998,2.0565829499999997
6056,0.0006809412000000001,0.2211055,0.202350868,1.73537696
6057,0.0006819412000000002,0.2211055,0.202350868,1.5275377899999998
6058,0.0006829412000000003,0.201005,0.20379810399999998,1.5275377899999998
6059,0.0006839412000000005,0.201005,0.20524534,1.65979908
6060,0.0006849411999999997,0.2211055,0.20379810399999998,1.99989954
6061,0.0006859411999999999,0.201005,0.20524534,2.43447235
6062,0.0006869412,0.201005,0.206692576,2.88793963
6063,0.0006879412000000001,0.201005,0.206692576,3.2469345599999997
6064,0.0006889412000000003,0.201005,0.206692576,3.3980903199999997
6065,0.0006899412000000004,0.2211055,0.206692576,3.2847235
6066,0.0006909411999999997,0.2211055,0.206692576,2.9824119799999997
6067,0.0006919411999999998,0.2211055,0.20524534,2.58562811
6068,0.0006929411999999999,0.2211055,0.206692576,2.07547742
6069,0.0006939412000000001,0.2211055,0.206692576,1.73537696
6070,0.0006949412000000002,0.2211055,0.206692576,1.50864332
6071,0.0006959412000000003,0.2613065,0.20524534,1.50864332
6072,0.0006969412000000005,0.2211055,0.206692576,1.7542714299999997
6073,0.0006979411999999997,0.241206,0.20524534,2.1321608299999997
6074,0.0006989411999999999,0.241206,0.20379810399999998,2.54783917
6075,0.0006999412,0.201005,0.20379810399999998,2.92572857
6076,0.0007009412000000001,0.241206,0.20379810399999998,3.22804009
6077,0.0007019412000000003,0.241206,0.202350868,3.37919585
6078,0.0007029412000000004,0.2211055,0.202350868,3.34140691
6079,0.0007039411999999997,0.2211055,0.20524534,3.15246221
6080,0.0007049411999999998,0.241206,0.20379810399999998,2.85015069
6081,0.0007059411999999999,0.2211055,0.202350868,2.51005023
6082,0.0007069412000000001,0.2211055,0.20379810399999998,2.11326636
6083,0.0007079412000000002,0.2211055,0.202350868,1.8298493099999997
6084,0.0007089412000000003,0.201005,0.20524534,1.6031156699999998
6085,0.0007099412000000005,0.241206,0.202350868,1.50864332
6086,0.0007109411999999997,0.2211055,0.20379810399999998,1.50864332
6087,0.0007119411999999999,0.2211055,0.202350868,1.6031156699999998
6088,0.0007129412,0.2211055,0.20379810399999998,1.81095484
6089,0.0007139412000000001,0.241206,0.20524534,2.0565829499999997
6090,0.0007149412000000003,0.241206,0.20379810399999998,2.35889447
6091,0.0007159412000000004,0.241206,0.20379810399999998,2.64231152
6092,0.0007169411999999997,0.241206,0.20379810399999998,2.9446230399999997
6093,0.0007179411999999998,0.201005,0.20524534,3.19025115
6094,0.0007189411999999999,0.241206,0.20379810399999998,3.3225124399999997
6095,0.0007199412,0.2211055,0.206692576,3.37919585
6096,0.0007209412000000002,0.2211055,0.20379810399999998,3.3225124399999997
6097,0.0007219412000000003,0.2211055,0.20524534,3.15246221
6098,0.0007229412000000005,0.2211055,0.206692576,2.88793963
6099,0.0007239411999999997,0.2211055,0.206692576,2.5289447
6100,0.0007249411999999998,0.201005,0.20524534,2.1699497699999997
6101,0.0007259412,0.2211055,0.20813981199999998,1.84874378
6102,0.0007269412000000001,0.201005,0.206692576,1.5842212
6103,0.0007279412000000002,0.201005,0.20813981199999998,1.50864332
6104,0.0007289412000000004,0.2211055,0.20813981199999998,1.5653267299999998
6105,0.0007299411999999996,0.241206,0.20813981199999998,1.84874378
6106,0.0007309411999999998,0.241206,0.20379810399999998,2.2077387099999997
6107,0.0007319411999999999,0.2211055,0.206692576,2.60452258
6108,0.0007329412,0.2211055,0.206692576,3.0202009199999997
6109,0.0007339412000000002,0.241206,0.206692576,3.30361797
6110,0.0007349412000000003,0.2211055,0.206692576,3.3980903199999997
6111,0.0007359412000000004,0.201005,0.20524534,3.22804009
6112,0.0007369411999999997,0.2211055,0.20524534,2.88793963
6113,0.0007379411999999998,0.241206,0.202350868,2.41557788
6114,0.0007389412,0.2211055,0.20524534,1.99989954
6115,0.0007399412000000001,0.2211055,0.20524534,1.65979908
6116,0.0007409412000000002,0.2211055,0.20379810399999998,1.50864332
6117,0.0007419412000000004,0.241206,0.202350868,1.5653267299999998
6118,0.0007429411999999996,0.2211055,0.20379810399999998,1.8676382499999997
6119,0.0007439411999999998,0.201005,0.202350868,2.2833165899999996
6120,0.0007449411999999999,0.241206,0.20379810399999998,2.68010046
6121,0.0007459412,0.2211055,0.20379810399999998,3.0579898599999997
6122,0.0007469412000000002,0.2211055,0.20379810399999998,3.3225124399999997
6123,0.0007479412000000003,0.241206,0.20379810399999998,3.36030138
6124,0.0007489412000000004,0.2211055,0.20524534,3.26582903
6125,0.0007499411999999997,0.241206,0.20524534,2.9824119799999997
6126,0.0007509411999999998,0.2211055,0.20379810399999998,2.68010046
6127,0.0007519412,0.2211055,0.20524534,2.35889447
6128,0.0007529412000000001,0.2211055,0.20524534,1.9621106
6129,0.0007539412000000002,0.241206,0.206692576,1.7164824899999997
6130,0.0007549412000000004,0.2211055,0.20524534,1.54643226
6131,0.0007559411999999996,0.241206,0.206692576,1.4897488499999998
6132,0.0007569411999999998,0.2211055,0.206692576,1.5275377899999998
6133,0.0007579411999999999,0.2211055,0.20524534,1.69758802
6134,0.0007589412,0.2211055,0.20813981199999998,1.88653272
6135,0.0007599412000000002,0.2211055,0.206692576,2.1510553
6136,0.0007609412000000003,0.241206,0.20813981199999998,2.43447235
6137,0.0007619412000000004,0.241206,0.20813981199999998,2.7178894
6138,0.0007629411999999997,0.201005,0.20813981199999998,3.00130645
6139,0.0007639411999999998,0.2211055,0.20524534,3.2091456199999997
6140,0.0007649412,0.2613065,0.206692576,3.3225124399999997
6141,0.0007659412000000001,0.2211055,0.20813981199999998,3.37919585
6142,0.0007669412000000002,0.2211055,0.20813981199999998,3.3225124399999997
6143,0.0007679412000000004,0.241206,0.206692576,3.1713566799999997
6144,0.0007689412000000005,0.2211055,0.206692576,2.9068340999999998
6145,0.0007699411999999997,0.241206,0.206692576,2.51005023
6146,0.0007709411999999999,0.241206,0.20524534,2.1699497699999997
6147,0.0007719412,0.241206,0.20524534,1.90542719
6148,0.0007729412000000001,0.241206,0.20524534,1.6409046099999998
6149,0.0007739412000000003,0.2211055,0.20524534,1.50864332
6150,0.0007749412000000004,0.241206,0.20379810399999998,1.54643226
6151,0.0007759411999999997,0.2211055,0.20379810399999998,1.73537696
6152,0.0007769411999999998,0.2613065,0.202350868,2.0565829499999997
6153,0.0007779411999999999,0.241206,0.20379810399999998,2.45336682
6154,0.0007789412000000001,0.241206,0.202350868,2.92572857
6155,0.0007799412000000002,0.2613065,0.20379810399999998,3.22804009
6156,0.0007809412000000003,0.241206,0.20379810399999998,3.36030138
6157,0.0007819412000000005,0.241206,0.202350868,3.3225124399999997
6158,0.0007829411999999997,0.2211055,0.202350868,3.07688433
6159,0.0007839411999999999,0.2211055,0.20524534,2.66120599
6160,0.0007849412,0.241206,0.20379810399999998,2.18884424
6161,0.0007859412000000001,0.241206,0.20524534,1.81095484
6162,0.0007869412000000003,0.2613065,0.206692576,1.5275377899999998
6163,0.0007879412000000004,0.2211055,0.20524534,1.5275377899999998
6164,0.0007889411999999997,0.241206,0.206692576,1.69758802
6165,0.0007899411999999998,0.2613065,0.206692576,2.07547742
6166,0.0007909411999999999,0.2613065,0.20813981199999998,2.51005023
6167,0.0007919412000000001,0.2613065,0.206692576,2.9068340999999998
6168,0.0007929412000000002,0.241206,0.20813981199999998,3.2469345599999997
6169,0.0007939412000000003,0.241206,0.20813981199999998,3.3980903199999997
6170,0.0007949412000000005,0.241206,0.20813981199999998,3.36030138
6171,0.0007959411999999997,0.241206,0.20813981199999998,3.15246221
6172,0.0007969411999999999,0.241206,0.20813981199999998,2.8312562199999998
6173,0.0007979412,0.2211055,0.206692576,2.49115576
6174,0.0007989412000000001,0.241206,0.206692576,2.1321608299999997
6175,0.0007999412000000003,0.241206,0.206692576,1.8298493099999997
6176,0.0008009412000000004,0.2211055,0.206692576,1.6409046099999998
6177,0.0008019411999999997,0.241206,0.20524534,1.4897488499999998
6178,0.0008029411999999998,0.2211055,0.206692576,1.50864332
6179,0.0008039411999999999,0.2211055,0.206692576,1.6031156699999998
6180,0.0008049412000000001,0.2211055,0.206692576,1.7920603699999997
6181,0.0008059412000000002,0.2613065,0.206692576,2.03768848
6182,0.0008069412000000003,0.2211055,0.20524534,2.34
6183,0.0008079412000000005,0.2613065,0.20524534,2.64231152
6184,0.0008089411999999997,0.241206,0.20524534,2.9068340999999998
6185,0.0008099411999999999,0.241206,0.20379810399999998,3.1713566799999997
6186,0.0008109412,0.241206,0.20379810399999998,3.30361797
6187,0.0008119412000000001,0.2613065,0.202350868,3.3980903199999997
6188,0.0008129412000000003,0.241206,0.20379810399999998,3.36030138
6189,0.0008139412000000004,0.241206,0.20379810399999998,3.26582903
6190,0.0008149411999999997,0.281407,0.20379810399999998,3.0579898599999997
6191,0.0008159411999999998,0.2211055,0.202350868,2.69899493
6192,0.0008169411999999999,0.2613065,0.20379810399999998,2.39668341
6193,0.0008179412,0.241206,0.20524534,2.03768848
6194,0.0008189412000000002,0.2613065,0.20524534,1.7542714299999997
6195,0.0008199412000000003,0.241206,0.20524534,1.54643226
6196,0.0008209412000000004,0.2211055,0.20379810399999998,1.50864332
6197,0.0008219411999999997,0.241206,0.20379810399999998,1.62201014
6198,0.0008229411999999998,0.241206,0.20524534,1.88653272
6199,0.0008239412,0.2211055,0.20524534,2.2455276499999997
6200,0.0008249412000000001,0.2613065,0.206692576,2.68010046
6201,0.0008259412000000002,0.2613065,0.20524534,3.07688433
6202,0.0008269412000000004,0.2613065,0.206692576,3.3225124399999997
6203,0.0008279411999999996,0.241206,0.20813981199999998,3.36030138
6204,0.0008289411999999998,0.2211055,0.20813981199999998,3.22804009
6205,0.0008299411999999999,0.2211055,0.20813981199999998,2.8312562199999998
6206,0.0008309412,0.241206,0.206692576,2.39668341
6207,0.0008319412000000002,0.241206,0.209587048,1.9621106
6208,0.0008329412000000003,0.241206,0.20813981199999998,1.6031156699999998
6209,0.0008339412000000004,0.2613065,0.20813981199999998,1.47085438
6210,0.0008349411999999997,0.241206,0.206692576,1.62201014
6211,0.0008359411999999998,0.241206,0.20813981199999998,1.99989954
6212,0.0008369412,0.2613065,0.206692576,2.41557788
6213,0.0008379412000000001,0.241206,0.206692576,2.85015069
6214,0.0008389412000000002,0.2613065,0.206692576,3.1713566799999997
6215,0.0008399412000000004,0.2613065,0.206692576,3.37919585
6216,0.0008409411999999996,0.241206,0.20524534,3.37919585
6217,0.0008419411999999998,0.241206,0.206692576,3.2091456199999997
6218,0.0008429411999999999,0.2211055,0.20379810399999998,2.9068340999999998
6219,0.0008439412,0.241206,0.20524534,2.5289447
6220,0.0008449412000000002,0.2211055,0.20379810399999998,2.1510553
6221,0.0008459412000000003,0.241206,0.20379810399999998,1.8298493099999997
6222,0.0008469412000000004,0.241206,0.20524534,1.62201014
6223,0.0008479411999999997,0.2613065,0.20379810399999998,1.50864332
6224,0.0008489411999999998,0.2613065,0.20379810399999998,1.5275377899999998
6225,0.0008499412,0.2613065,0.202350868,1.62201014
6226,0.0008509412000000001,0.241206,0.20379810399999998,1.8676382499999997
6227,0.0008519412000000002,0.241206,0.20524534,2.0943718899999997
6228,0.0008529412000000004,0.2613065,0.20379810399999998,2.37778894
6229,0.0008539411999999996,0.241206,0.20524534,2.69899493
6230,0.0008549411999999998,0.241206,0.20524534,2.9446230399999997
6231,0.0008559411999999999,0.241206,0.20379810399999998,3.19025115
6232,0.0008569412,0.241206,0.206692576,3.3225124399999997
6233,0.0008579412000000002,0.241206,0.206692576,3.37919585
6234,0.0008589412000000003,0.2613065,0.206692576,3.34140691
6235,0.0008599412000000004,0.2613065,0.20813981199999998,3.2091456199999997
6236,0.0008609411999999997,0.2211055,0.206692576,2.9824119799999997
6237,0.0008619411999999998,0.2613065,0.206692576,2.64231152
6238,0.0008629412,0.241206,0.20813981199999998,2.26442212
6239,0.0008639412000000001,0.2613065,0.206692576,1.92432166
6240,0.0008649412000000002,0.241206,0.206692576,1.65979908
6241,0.0008659412000000003,0.241206,0.206692576,1.5275377899999998
6242,0.0008669411999999996,0.2613065,0.20813981199999998,1.5275377899999998
6243,0.0008679411999999997,0.241206,0.209587048,1.7164824899999997
6244,0.0008689411999999999,0.2613065,0.20813981199999998,2.03768848
6245,0.0008699412,0.2613065,0.206692576,2.45336682
6246,0.0008709412000000001,0.2613065,0.20813981199999998,2.8690451599999998
6247,0.0008719412000000003,0.2613065,0.20813981199999998,3.22804009
6248,0.0008729412000000004,0.241206,0.20813981199999998,3.37919585
6249,0.0008739411999999997,0.241206,0.206692576,3.34140691
6250,0.0008749411999999998,0.2613065,0.20813981199999998,3.0579898599999997
6251,0.0008759411999999999,0.281407,0.206692576,2.68010046
6252,0.0008769412000000001,0.241206,0.20524534,2.1699497699999997
6253,0.0008779412000000002,0.241206,0.20524534,1.7731659
6254,0.0008789412000000003,0.241206,0.206692576,1.5653267299999998
6255,0.0008799412000000005,0.281407,0.20524534,1.50864332
6256,0.0008809411999999997,0.2613065,0.20524534,1.7731659
6257,0.0008819411999999999,0.2613065,0.20379810399999998,2.1510553
6258,0.0008829412,0.2613065,0.206692576,2.56673364
6259,0.0008839412000000001,0.2613065,0.206692576,2.96351751
6260,0.0008849412000000003,0.2613065,0.20524534,3.26582903
6261,0.0008859412000000004,0.2613065,0.20524534,3.37919585
6262,0.0008869411999999997,0.281407,0.20524534,3.3225124399999997
6263,0.0008879411999999998,0.2613065,0.20524534,3.1335677399999997
6264,0.0008889411999999999,0.241206,0.20524534,2.8312562199999998
6265,0.0008899412000000001,0.2613065,0.206692576,2.51005023
6266,0.0008909412000000002,0.281407,0.20524534,2.1510553
6267,0.0008919412000000003,0.281407,0.206692576,1.8676382499999997
6268,0.0008929412000000005,0.241206,0.206692576,1.6409046099999998
6269,0.0008939411999999997,0.281407,0.20813981199999998,1.50864332
6270,0.0008949411999999999,0.2613065,0.206692576,1.50864332
6271,0.0008959412,0.241206,0.20813981199999998,1.6031156699999998
6272,0.0008969412000000001,0.2613065,0.209587048,1.7542714299999997
6273,0.0008979412000000003,0.2613065,0.20813981199999998,2.0187940099999997
6274,0.0008989412000000004,0.2613065,0.20813981199999998,2.2833165899999996
6275,0.0008999411999999997,0.241206,0.20813981199999998,2.56673364
6276,0.0009009411999999998,0.2613065,0.20813981199999998,2.85015069
6277,0.0009019411999999999,0.2613065,0.209587048,3.07688433
6278,0.0009029412000000001,0.2211055,0.20813981199999998,3.30361797
6279,0.0009039412000000002,0.241206,0.206692576,3.37919585
6280,0.0009049412000000003,0.241206,0.209587048,3.37919585
6281,0.0009059412000000005,0.2613065,0.20813981199999998,3.26582903
6282,0.0009069411999999997,0.2613065,0.206692576,3.03909539
6283,0.0009079411999999999,0.241206,0.206692576,2.77457281
6284,0.0009089412,0.241206,0.206692576,2.45336682
6285,0.0009099412000000001,0.241206,0.20524534,2.0943718899999997
6286,0.0009109412000000002,0.2613065,0.20524534,1.7920603699999997
6287,0.0009119412000000004,0.2613065,0.206692576,1.54643226
6288,0.0009129411999999996,0.281407,0.20524534,1.50864332
6289,0.0009139411999999998,0.241206,0.206692576,1.62201014
6290,0.0009149411999999999,0.281407,0.206692576,1.90542719
6291,0.0009159412,0.241206,0.206692576,2.30221106
6292,0.0009169412000000002,0.2613065,0.206692576,2.77457281
6293,0.0009179412000000003,0.241206,0.206692576,3.1335677399999997
6294,0.0009189412000000004,0.2613065,0.20524534,3.34140691
6295,0.0009199411999999997,0.2613065,0.20379810399999998,3.36030138
6296,0.0009209411999999998,0.2613065,0.206692576,3.1335677399999997
6297,0.0009219412,0.2613065,0.20524534,2.75567834
6298,0.0009229412000000001,0.281407,0.20524534,2.30221106
6299,0.0009239412000000002,0.2613065,0.20524534,1.88653272
6300,0.0009249412000000004,0.241206,0.20524534,1.5842212
6301,0.0009259411999999996,0.2613065,0.206692576,1.4897488499999998
6302,0.0009269411999999998,0.281407,0.206692576,1.6031156699999998
6303,0.0009279411999999999,0.241206,0.20813981199999998,1.88653272
6304,0.0009289412,0.2613065,0.209587048,2.2833165899999996
6305,0.0009299412000000002,0.2613065,0.20813981199999998,2.7178894
6306,0.0009309412000000003,0.281407,0.20813981199999998,3.0579898599999997
6307,0.0009319412000000004,0.281407,0.20813981199999998,3.26582903
6308,0.0009329411999999997,0.281407,0.209587048,3.3980903199999997
6309,0.0009339411999999998,0.2613065,0.209587048,3.34140691
6310,0.0009349412,0.2613065,0.20813981199999998,3.19025115
6311,0.0009359412000000001,0.2613065,0.209587048,2.88793963
6312,0.0009369412000000002,0.281407,0.206692576,2.60452258
6313,0.0009379412000000004,0.2613065,0.20813981199999998,2.26442212
6314,0.0009389411999999996,0.281407,0.206692576,1.98100507
6315,0.0009399411999999998,0.281407,0.209587048,1.73537696
6316,0.0009409411999999999,0.241206,0.20813981199999998,1.5842212
6317,0.0009419412,0.281407,0.20813981199999998,1.4897488499999998
6318,0.0009429412000000002,0.2613065,0.209587048,1.47085438
6319,0.0009439412000000003,0.281407,0.20813981199999998,1.6031156699999998
6320,0.0009449412000000004,0.281407,0.20813981199999998,1.73537696
6321,0.0009459411999999997,0.281407,0.20813981199999998,1.9621106
6322,0.0009469411999999998,0.2613065,0.20813981199999998,2.2455276499999997
6323,0.0009479412,0.2613065,0.20813981199999998,2.5289447
6324,0.0009489412000000001,0.281407,0.20813981199999998,2.7934672799999998
6325,0.0009499412000000002,0.2613065,0.20813981199999998,3.0579898599999997
6326,0.0009509412000000004,0.2613065,0.206692576,3.26582903
6327,0.0009519411999999996,0.2613065,0.206692576,3.37919585
6328,0.0009529411999999998,0.2613065,0.206692576,3.36030138
6329,0.0009539411999999999,0.2613065,0.20524534,3.26582903
6330,0.0009549412,0.2613065,0.206692576,3.0202009199999997
6331,0.0009559412000000002,0.281407,0.206692576,2.64231152
6332,0.0009569412000000003,0.281407,0.206692576,2.26442212
6333,0.0009579412000000004,0.2613065,0.206692576,1.90542719
6334,0.0009589411999999997,0.241206,0.20379810399999998,1.6409046099999998
6335,0.0009599411999999998,0.281407,0.206692576,1.50864332
6336,0.0009609412,0.241206,0.206692576,1.6031156699999998
6337,0.0009619412000000001,0.281407,0.206692576,1.90542719
6338,0.0009629412000000002,0.2613065,0.206692576,2.34
6339,0.0009639412000000003,0.2613065,0.206692576,2.8312562199999998
6340,0.0009649411999999996,0.281407,0.206692576,3.2091456199999997
6341,0.0009659411999999997,0.281407,0.20813981199999998,3.3980903199999997
6342,0.0009669411999999999,0.241206,0.209587048,3.34140691
6343,0.0009679412,0.2613065,0.20813981199999998,3.03909539
6344,0.0009689412000000001,0.281407,0.20813981199999998,2.62341705
6345,0.0009699412000000003,0.2613065,0.209587048,2.1699497699999997
6346,0.0009709412000000004,0.281407,0.206692576,1.7731659
6347,0.0009719411999999997,0.281407,0.206692576,1.54643226
6348,0.0009729411999999998,0.2613065,0.20813981199999998,1.50864332
6349,0.0009739411999999999,0.241206,0.206692576,1.65979908
6350,0.0009749412000000001,0.2613065,0.209587048,1.94321613
6351,0.0009759412000000002,0.3015075,0.206692576,2.34
6352,0.0009769412000000003,0.2613065,0.209587048,2.69899493
6353,0.0009779412000000005,0.2613065,0.206692576,2.9824119799999997
6354,0.0009789411999999997,0.281407,0.206692576,3.2469345599999997
6355,0.0009799411999999999,0.281407,0.206692576,3.37919585
6356,0.0009809412,0.3015075,0.20813981199999998,3.41698479
6357,0.0009819412000000001,0.2613065,0.206692576,3.3225124399999997
6358,0.0009829412000000003,0.281407,0.206692576,3.1713566799999997
6359,0.0009839412000000004,0.281407,0.206692576,2.96351751
6360,0.0009849411999999997,0.281407,0.206692576,2.73678387
6361,0.0009859411999999998,0.2613065,0.206692576,2.39668341
6362,0.0009869412,0.281407,0.206692576,2.1699497699999997
6363,0.0009879412,0.281407,0.206692576,1.8676382499999997
6364,0.0009889412000000002,0.2613065,0.206692576,1.7542714299999997
6365,0.0009899412000000003,0.2613065,0.206692576,1.62201014
6366,0.0009909412000000005,0.281407,0.206692576,1.50864332
6367,0.0009919411999999997,0.2613065,0.206692576,1.4897488499999998
6368,0.0009929411999999999,0.281407,0.20524534,1.5653267299999998
6369,0.0009939412,0.2613065,0.206692576,1.73537696
6370,0.0009949412000000001,0.281407,0.20524534,1.90542719
6371,0.0009959412000000003,0.281407,0.206692576,2.1699497699999997
6372,0.0009969412000000004,0.281407,0.20524534,2.51005023
6373,0.0009979411999999997,0.281407,0.20379810399999998,2.8312562199999998
6374,0.0009989411999999998,0.2613065,0.20813981199999998,3.1335677399999997
6375,0.0009999412,0.2613065,0.20813981199999998,3.30361797
6376,0.0010009412,0.281407,0.206692576,3.37919585
6377,0.0010019412000000002,0.2613065,0.20813981199999998,3.34140691
6378,0.0010029412000000003,0.3015075,0.209587048,3.03909539
6379,0.0010039412000000004,0.281407,0.20813981199999998,2.66120599
6380,0.0010049411999999997,0.281407,0.209587048,2.18884424
6381,0.0010059411999999998,0.3015075,0.206692576,1.7731659
6382,0.0010069412,0.2613065,0.206692576,1.54643226
6383,0.0010079412000000001,0.3015075,0.20813981199999998,1.50864332
6384,0.0010089412000000002,0.2613065,0.211034284,1.7731659
6385,0.0010099412000000004,0.281407,0.209587048,2.22663318
6386,0.0010109411999999996,0.281407,0.20813981199999998,2.66120599
6387,0.0010119411999999998,0.281407,0.209587048,3.11467327
6388,0.0010129412,0.281407,0.206692576,3.36030138
6389,0.0010139412,0.281407,0.206692576,3.37919585
6390,0.0010149412000000002,0.281407,0.206692576,3.1713566799999997
6391,0.0010159412000000003,0.281407,0.206692576,2.81236175
6392,0.0010169412000000004,0.2613065,0.20813981199999998,2.35889447
6393,0.0010179411999999997,0.281407,0.206692576,1.90542719
6394,0.0010189411999999998,0.3015075,0.20813981199999998,1.6409046099999998
6395,0.0010199412,0.3015075,0.206692576,1.5275377899999998
6396,0.0010209412,0.281407,0.206692576,1.54643226
6397,0.0010219412000000002,0.2613065,0.206692576,1.7164824899999997
6398,0.0010229412000000004,0.3015075,0.206692576,2.0187940099999997
6399,0.0010239411999999996,0.2613065,0.20813981199999998,2.3211055299999996
6400,0.0010249411999999998,0.281407,0.20813981199999998,2.64231152
6401,0.0010259412,0.2613065,0.206692576,2.92572857
6402,0.0010269412,0.2613065,0.206692576,3.1713566799999997
6403,0.0010279412000000002,0.281407,0.20813981199999998,3.2847235
6404,0.0010289412000000003,0.2613065,0.20524534,3.37919585
6405,0.0010299412000000004,0.281407,0.206692576,3.3980903199999997
6406,0.0010309411999999997,0.281407,0.20813981199999998,3.34140691
6407,0.0010319411999999998,0.281407,0.206692576,3.22804009
6408,0.0010329412,0.281407,0.206692576,3.0202009199999997
6409,0.0010339412,0.281407,0.20813981199999998,2.77457281
6410,0.0010349412000000002,0.2613065,0.206692576,2.60452258
6411,0.0010359412000000004,0.3015075,0.206692576,2.37778894
6412,0.0010369411999999996,0.281407,0.20813981199999998,2.1321608299999997
6413,0.0010379411999999998,0.3015075,0.211034284,1.92432166
6414,0.0010389411999999999,0.281407,0.206692576,1.6786935499999998
6415,0.0010399412,0.281407,0.206692576,1.5653267299999998
6416,0.0010409412000000002,0.2613065,0.20813981199999998,1.4897488499999998
6417,0.0010419412000000003,0.281407,0.20813981199999998,1.50864332
6418,0.0010429412000000004,0.2613065,0.20813981199999998,1.6786935499999998
6419,0.0010439411999999997,0.3015075,0.20813981199999998,1.94321613
6420,0.0010449411999999998,0.281407,0.209587048,2.30221106
6421,0.0010459412,0.281407,0.20813981199999998,2.62341705
6422,0.0010469412,0.281407,0.20813981199999998,3.00130645
6423,0.0010479412000000002,0.281407,0.20813981199999998,3.3225124399999997
6424,0.0010489412000000004,0.281407,0.206692576,3.3980903199999997
6425,0.0010499411999999996,0.2613065,0.20813981199999998,3.2847235
6426,0.0010509411999999997,0.3015075,0.20813981199999998,2.9824119799999997
6427,0.0010519411999999999,0.281407,0.209587048,2.5289447
6428,0.0010529412,0.3015075,0.20813981199999998,2.0565829499999997
6429,0.0010539412000000001,0.281407,0.20813981199999998,1.7164824899999997
6430,0.0010549412000000003,0.2613065,0.20813981199999998,1.4897488499999998
6431,0.0010559412000000004,0.281407,0.20813981199999998,1.54643226
6432,0.0010569411999999997,0.2613065,0.206692576,1.90542719
6433,0.0010579411999999998,0.281407,0.20813981199999998,2.2833165899999996
6434,0.0010589412,0.2613065,0.206692576,2.75567834
6435,0.0010599412,0.281407,0.20813981199999998,3.1335677399999997
6436,0.0010609412000000002,0.2613065,0.20813981199999998,3.36030138
6437,0.0010619412000000003,0.281407,0.20813981199999998,3.36030138
6438,0.0010629411999999996,0.281407,0.20524534,3.22804009
6439,0.0010639411999999997,0.281407,0.206692576,2.8690451599999998
6440,0.0010649411999999999,0.3015075,0.20813981199999998,2.45336682
6441,0.0010659412,0.3015075,0.20813981199999998,2.0565829499999997
6442,0.0010669412000000001,0.281407,0.20524534,1.7920603699999997
6443,0.0010679412000000003,0.281407,0.20813981199999998,1.5842212
6444,0.0010689412000000004,0.3015075,0.20813981199999998,1.4897488499999998
6445,0.0010699411999999997,0.281407,0.20813981199999998,1.54643226
6446,0.0010709411999999998,0.281407,0.20813981199999998,1.6786935499999998
6447,0.0010719412,0.3015075,0.20813981199999998,1.84874378
6448,0.0010729412,0.3015075,0.209587048,2.07547742
6449,0.0010739412000000002,0.281407,0.206692576,2.41557788
6450,0.0010749412000000003,0.281407,0.20813981199999998,2.64231152
6451,0.0010759412000000005,0.281407,0.206692576,2.88793963
6452,0.0010769411999999997,0.3015075,0.206692576,3.0957787999999997
6453,0.0010779411999999999,0.281407,0.20813981199999998,3.2469345599999997
6454,0.0010789412,0.281407,0.206692576,3.36030138
6455,0.0010799412000000001,0.321608,0.209587048,3.41698479
6456,0.0010809412000000003,0.281407,0.20813981199999998,3.37919585
6457,0.0010819412000000004,0.3015075,0.206692576,3.2847235
6458,0.0010829411999999997,0.281407,0.20813981199999998,3.2091456199999997
6459,0.0010839411999999998,0.281407,0.20813981199999998,2.9446230399999997
6460,0.0010849412,0.281407,0.20813981199999998,2.73678387
6461,0.0010859412,0.3015075,0.209587048,2.41557788
6462,0.0010869412000000002,0.321608,0.20813981199999998,2.1321608299999997
6463,0.0010879412000000003,0.2613065,0.20813981199999998,1.8298493099999997
6464,0.0010889412000000005,0.281407,0.206692576,1.6031156699999998
6465,0.0010899411999999997,0.3015075,0.20813981199999998,1.50864332
6466,0.0010909411999999999,0.3015075,0.206692576,1.5653267299999998
6467,0.0010919412,0.281407,0.206692576,1.7164824899999997
6468,0.0010929412000000001,0.281407,0.209587048,2.07547742
6469,0.0010939412000000003,0.281407,0.20813981199999998,2.51005023
6470,0.0010949412000000004,0.3015075,0.20813981199999998,2.9446230399999997
6471,0.0010959411999999997,0.281407,0.20813981199999998,3.26582903
6472,0.0010969411999999998,0.281407,0.20813981199999998,3.3980903199999997
6473,0.0010979412,0.281407,0.206692576,3.30361797
6474,0.0010989412,0.281407,0.20813981199999998,2.96351751
6475,0.0010999412000000002,0.3015075,0.20813981199999998,2.49115576
6476,0.0011009412000000003,0.281407,0.209587048,2.0187940099999997
6477,0.0011019412000000004,0.3015075,0.209587048,1.6409046099999998
6478,0.0011029411999999997,0.3015075,0.209587048,1.50864332
6479,0.0011039411999999998,0.2613065,0.20813981199999998,1.62201014
6480,0.0011049412,0.3015075,0.209587048,1.90542719
6481,0.0011059412000000001,0.3015075,0.20813981199999998,2.35889447
6482,0.0011069412000000002,0.3015075,0.20813981199999998,2.81236175
6483,0.0011079412000000004,0.281407,0.20813981199999998,3.19025115
6484,0.0011089411999999996,0.321608,0.20813981199999998,3.36030138
6485,0.0011099411999999998,0.3015075,0.209587048,3.37919585
6486,0.0011109412,0.3015075,0.20813981199999998,3.2469345599999997
6487,0.0011119412,0.3015075,0.20813981199999998,2.9824119799999997
6488,0.0011129412000000002,0.3015075,0.209587048,2.66120599
6489,0.0011139412000000003,0.281407,0.209587048,2.34
6490,0.0011149412000000004,0.321608,0.209587048,2.0187940099999997
6491,0.0011159411999999997,0.3015075,0.206692576,1.7731659
6492,0.0011169411999999998,0.3015075,0.20813981199999998,1.62201014
6493,0.0011179412,0.3015075,0.20813981199999998,1.5275377899999998
6494,0.0011189412,0.3015075,0.20813981199999998,1.5275377899999998
6495,0.0011199412000000002,0.3015075,0.20813981199999998,1.5653267299999998
6496,0.0011209412000000004,0.321608,0.206692576,1.7164824899999997
6497,0.0011219411999999996,0.281407,0.206692576,1.90542719
6498,0.0011229411999999998,0.3015075,0.206692576,2.1321608299999997
6499,0.0011239412,0.3015075,0.20813981199999998,2.34
6500,0.0011249412,0.281407,0.20813981199999998,2.62341705
6501,0.0011259412000000002,0.281407,0.20813981199999998,2.85015069
6502,0.0011269412000000003,0.321608,0.20813981199999998,3.07688433
6503,0.0011279412000000004,0.281407,0.20813981199999998,3.2469345599999997
6504,0.0011289411999999997,0.3015075,0.20813981199999998,3.36030138
6505,0.0011299411999999998,0.281407,0.209587048,3.43587926
6506,0.0011309412,0.281407,0.209587048,3.34140691
6507,0.0011319412,0.3015075,0.209587048,3.19025115
6508,0.0011329412000000002,0.3015075,0.209587048,2.9446230399999997
6509,0.0011339412000000004,0.3015075,0.209587048,2.64231152
6510,0.0011349411999999996,0.281407,0.20813981199999998,2.26442212
6511,0.0011359411999999998,0.281407,0.209587048,1.94321613
6512,0.0011369411999999999,0.3015075,0.209587048,1.69758802
6513,0.0011379412,0.3015075,0.20813981199999998,1.47085438
6514,0.0011389412000000002,0.321608,0.209587048,1.5653267299999998
6515,0.0011399412000000003,0.3015075,0.209587048,1.81095484
6516,0.0011409412000000004,0.3015075,0.209587048,2.22663318
6517,0.0011419411999999997,0.3015075,0.209587048,2.68010046
6518,0.0011429411999999998,0.281407,0.20813981199999998,3.1335677399999997
6519,0.0011439412,0.3015075,0.20813981199999998,3.36030138
6520,0.0011449412,0.3015075,0.20813981199999998,3.36030138
6521,0.0011459412000000002,0.3015075,0.206692576,3.1335677399999997
6522,0.0011469412000000003,0.281407,0.206692576,2.7178894
6523,0.0011479411999999996,0.3015075,0.206692576,2.22663318
6524,0.0011489411999999997,0.3015075,0.20813981199999998,1.81095484
6525,0.0011499411999999999,0.3015075,0.209587048,1.5653267299999998
6526,0.0011509412,0.281407,0.20813981199999998,1.50864332
6527,0.0011519412000000001,0.321608,0.20813981199999998,1.7164824899999997
6528,0.0011529412000000003,0.3015075,0.20813981199999998,2.07547742
6529,0.0011539412000000004,0.3015075,0.20813981199999998,2.51005023
6530,0.0011549411999999997,0.321608,0.20813981199999998,2.88793963
6531,0.0011559411999999998,0.3015075,0.20813981199999998,3.2091456199999997
6532,0.0011569412,0.3015075,0.209587048,3.37919585
6533,0.0011579412,0.321608,0.20813981199999998,3.3980903199999997
6534,0.0011589412000000002,0.3015075,0.20813981199999998,3.26582903
6535,0.0011599412000000003,0.321608,0.209587048,3.0202009199999997
6536,0.0011609411999999996,0.3015075,0.209587048,2.75567834
6537,0.0011619411999999997,0.3015075,0.209587048,2.43447235
6538,0.0011629411999999999,0.3015075,0.206692576,2.1699497699999997
6539,0.0011639412,0.281407,0.211034284,1.84874378
6540,0.0011649412000000001,0.321608,0.209587048,1.65979908
6541,0.0011659412000000003,0.3015075,0.211034284,1.54643226
6542,0.0011669412000000004,0.3015075,0.209587048,1.50864332
6543,0.0011679411999999997,0.321608,0.211034284,1.5275377899999998
6544,0.0011689411999999998,0.321608,0.209587048,1.6031156699999998
6545,0.0011699412,0.321608,0.20813981199999998,1.7731659
6546,0.0011709412,0.3015075,0.209587048,1.9621106
6547,0.0011719412000000002,0.3015075,0.209587048,2.1510553
6548,0.0011729412000000003,0.321608,0.209587048,2.43447235
6549,0.0011739412000000005,0.3015075,0.211034284,2.69899493
6550,0.0011749411999999997,0.3015075,0.20813981199999998,2.9446230399999997
6551,0.0011759411999999999,0.321608,0.209587048,3.19025115
6552,0.0011769412,0.3015075,0.209587048,3.34140691
6553,0.0011779412000000001,0.3015075,0.209587048,3.37919585
6554,0.0011789412000000003,0.281407,0.209587048,3.34140691
6555,0.0011799412000000004,0.3015075,0.209587048,3.19025115
6556,0.0011809411999999997,0.321608,0.209587048,2.9446230399999997
6557,0.0011819411999999998,0.3015075,0.20813981199999998,2.60452258
6558,0.0011829412,0.321608,0.20813981199999998,2.1699497699999997
6559,0.0011839412,0.3015075,0.209587048,1.81095484
6560,0.0011849412000000002,0.3015075,0.206692576,1.5842212
6561,0.0011859412000000003,0.3015075,0.209587048,1.50864332
6562,0.0011869412000000005,0.281407,0.20813981199999998,1.65979908
6563,0.0011879411999999997,0.281407,0.20813981199999998,1.98100507
6564,0.0011889411999999999,0.3015075,0.20813981199999998,2.37778894
6565,0.0011899412,0.3015075,0.20813981199999998,2.88793963
6566,0.0011909412000000001,0.3015075,0.206692576,3.26582903
6567,0.0011919412000000002,0.281407,0.20813981199999998,3.3980903199999997
6568,0.0011929412000000004,0.321608,0.209587048,3.36030138
6569,0.0011939411999999996,0.3015075,0.20813981199999998,3.03909539
6570,0.0011949411999999998,0.3015075,0.20813981199999998,2.60452258
6571,0.0011959412,0.321608,0.209587048,2.1699497699999997
6572,0.0011969412,0.321608,0.211034284,1.7542714299999997
6573,0.0011979412000000002,0.321608,0.20813981199999998,1.54643226
6574,0.0011989412000000003,0.321608,0.209587048,1.50864332
6575,0.0011999412000000004,0.3015075,0.209587048,1.65979908
6576,0.0012009411999999997,0.3015075,0.20813981199999998,1.92432166
6577,0.0012019411999999998,0.3015075,0.209587048,2.3211055299999996
6578,0.0012029412,0.3015075,0.209587048,2.69899493
6579,0.0012039412,0.3015075,0.211034284,3.0202009199999997
6580,0.0012049412000000002,0.3015075,0.209587048,3.22804009
6581,0.0012059412000000004,0.321608,0.211034284,3.41698479
6582,0.0012069411999999996,0.3015075,0.211034284,3.3980903199999997
6583,0.0012079411999999998,0.3417085,0.20813981199999998,3.30361797
6584,0.0012089412,0.3015075,0.209587048,3.15246221
6585,0.0012099412,0.321608,0.211034284,2.88793963
6586,0.0012109412000000002,0.3015075,0.20813981199999998,2.66120599
6587,0.0012119412000000003,0.321608,0.209587048,2.39668341
6588,0.0012129412000000004,0.3417085,0.209587048,2.0943718899999997
6589,0.0012139411999999997,0.3015075,0.20813981199999998,1.88653272
6590,0.0012149411999999998,0.321608,0.20813981199999998,1.65979908
6591,0.0012159412,0.3015075,0.20813981199999998,1.5653267299999998
6592,0.0012169412,0.3015075,0.20813981199999998,1.4897488499999998
6593,0.0012179412000000002,0.3015075,0.20813981199999998,1.50864332
6594,0.0012189412000000004,0.321608,0.209587048,1.6409046099999998
6595,0.0012199411999999996,0.3015075,0.206692576,1.7920603699999997
6596,0.0012209411999999998,0.321608,0.20813981199999998,2.0187940099999997
6597,0.0012219412,0.3015075,0.20813981199999998,2.26442212
6598,0.0012229412,0.281407,0.20813981199999998,2.60452258
6599,0.0012239412000000002,0.321608,0.206692576,2.92572857
6600,0.0012249412000000003,0.321608,0.20813981199999998,3.19025115
6601,0.0012259412000000004,0.281407,0.20813981199999998,3.37919585
6602,0.0012269411999999997,0.321608,0.20813981199999998,3.41698479
6603,0.0012279411999999998,0.3015075,0.20813981199999998,3.3225124399999997
6604,0.0012289412,0.321608,0.20813981199999998,3.07688433
6605,0.0012299412,0.321608,0.20813981199999998,2.69899493
6606,0.0012309412000000002,0.321608,0.209587048,2.26442212
6607,0.0012319412000000004,0.3015075,0.20813981199999998,1.84874378
6608,0.0012329411999999996,0.321608,0.209587048,1.62201014
6609,0.0012339411999999998,0.321608,0.209587048,1.4897488499999998
6610,0.0012349411999999999,0.321608,0.20813981199999998,1.6409046099999998
6611,0.0012359412,0.3417085,0.209587048,1.9621106
6612,0.0012369412000000002,0.321608,0.211034284,2.41557788
6613,0.0012379412000000003,0.321608,0.209587048,2.88793963
6614,0.0012389412000000004,0.3015075,0.21248151999999998,3.22804009
6615,0.0012399411999999997,0.3015075,0.21248151999999998,3.41698479
6616,0.0012409411999999998,0.321608,0.211034284,3.34140691
6617,0.0012419412,0.321608,0.211034284,3.1335677399999997
6618,0.0012429412,0.321608,0.211034284,2.77457281
6619,0.0012439412000000002,0.321608,0.209587048,2.35889447
6620,0.0012449412000000003,0.321608,0.21248151999999998,1.9621106
6621,0.0012459411999999996,0.3015075,0.209587048,1.69758802
6622,0.0012469411999999997,0.321608,0.209587048,1.5275377899999998
6623,0.0012479411999999999,0.321608,0.209587048,1.50864332
6624,0.0012489412,0.3417085,0.20813981199999998,1.6031156699999998
6625,0.0012499412000000001,0.3015075,0.209587048,1.84874378
6626,0.0012509412000000003,0.321608,0.209587048,2.1699497699999997
6627,0.0012519412000000004,0.321608,0.206692576,2.51005023
6628,0.0012529411999999997,0.321608,0.20813981199999998,2.7934672799999998
6629,0.0012539411999999998,0.3015075,0.20813981199999998,3.07688433
6630,0.0012549412,0.321608,0.206692576,3.2847235
6631,0.0012559412,0.3015075,0.20813981199999998,3.37919585
6632,0.0012569412000000002,0.321608,0.20813981199999998,3.3980903199999997
6633,0.0012579412000000003,0.3015075,0.206692576,3.34140691
6634,0.0012589411999999996,0.321608,0.20813981199999998,3.19025115
6635,0.0012599411999999997,0.3417085,0.20813981199999998,2.96351751
6636,0.0012609411999999999,0.321608,0.20813981199999998,2.68010046
6637,0.0012619412,0.321608,0.209587048,2.41557788
6638,0.0012629412000000001,0.3015075,0.20813981199999998,2.1321608299999997
6639,0.0012639412000000003,0.3015075,0.209587048,1.84874378
6640,0.0012649412000000004,0.321608,0.206692576,1.65979908
6641,0.0012659411999999997,0.321608,0.209587048,1.54643226
6642,0.0012669411999999998,0.321608,0.209587048,1.4897488499999998
6643,0.0012679412,0.3015075,0.20813981199999998,1.5842212
6644,0.0012689412,0.361809,0.209587048,1.7164824899999997
6645,0.0012699412000000002,0.3015075,0.211034284,1.98100507
6646,0.0012709412000000003,0.3015075,0.209587048,2.30221106
6647,0.0012719412000000005,0.321608,0.211034284,2.68010046
6648,0.0012729411999999997,0.321608,0.211034284,3.0579898599999997
6649,0.0012739411999999999,0.321608,0.211034284,3.30361797
6650,0.0012749412,0.321608,0.209587048,3.3980903199999997
6651,0.0012759412000000001,0.321608,0.211034284,3.37919585
6652,0.0012769412000000003,0.321608,0.209587048,3.0957787999999997
6653,0.0012779412000000004,0.321608,0.211034284,2.73678387
6654,0.0012789411999999997,0.321608,0.211034284,2.30221106
6655,0.0012799411999999998,0.321608,0.209587048,1.8676382499999997
6656,0.0012809412,0.3015075,0.21248151999999998,1.6031156699999998
6657,0.0012819412,0.321608,0.211034284,1.4897488499999998
6658,0.0012829412000000002,0.3417085,0.209587048,1.6409046099999998
6659,0.0012839412000000003,0.321608,0.209587048,1.94321613
6660,0.0012849412000000004,0.321608,0.211034284,2.35889447
6661,0.0012859411999999997,0.321608,0.211034284,2.77457281
6662,0.0012869411999999998,0.3015075,0.209587048,3.1335677399999997
6663,0.0012879412,0.3417085,0.209587048,3.36030138
6664,0.0012889412000000001,0.3417085,0.20813981199999998,3.3980903199999997
6665,0.0012899412000000002,0.321608,0.209587048,3.34140691
6666,0.0012909412000000004,0.321608,0.20813981199999998,3.03909539
6667,0.0012919411999999996,0.321608,0.20813981199999998,2.7178894
6668,0.0012929411999999998,0.3417085,0.20813981199999998,2.30221106
6669,0.0012939412,0.3417085,0.20813981199999998,1.9621106
6670,0.0012949412,0.3417085,0.206692576,1.69758802
6671,0.0012959412000000002,0.321608,0.20813981199999998,1.5275377899999998
6672,0.0012969412000000003,0.321608,0.20813981199999998,1.50864332
6673,0.0012979412000000004,0.321608,0.20813981199999998,1.6031156699999998
6674,0.0012989411999999997,0.321608,0.20813981199999998,1.7920603699999997
6675,0.0012999411999999998,0.3417085,0.20813981199999998,2.0943718899999997
6676,0.0013009412,0.3417085,0.21248151999999998,2.35889447
6677,0.0013019412,0.321608,0.209587048,2.68010046
6678,0.0013029412000000002,0.3417085,0.209587048,2.96351751
6679,0.0013039412000000004,0.3417085,0.209587048,3.2091456199999997
6680,0.0013049411999999996,0.321608,0.209587048,3.34140691
6681,0.0013059411999999998,0.321608,0.211034284,3.3980903199999997
6682,0.0013069412,0.321608,0.21248151999999998,3.37919585
6683,0.0013079412,0.3417085,0.209587048,3.26582903
6684,0.0013089412000000002,0.3417085,0.209587048,3.11467327
6685,0.0013099412000000003,0.361809,0.211034284,2.8312562199999998
6686,0.0013109412000000004,0.3417085,0.21248151999999998,2.54783917
6687,0.0013119411999999997,0.321608,0.211034284,2.2077387099999997
6688,0.0013129411999999998,0.3417085,0.211034284,1.88653272
6689,0.0013139412,0.3417085,0.211034284,1.65979908
6690,0.0013149412,0.3417085,0.211034284,1.50864332
6691,0.0013159412000000002,0.321608,0.211034284,1.50864332
6692,0.0013169412000000004,0.3417085,0.21248151999999998,1.7164824899999997
6693,0.0013179411999999996,0.321608,0.21248151999999998,1.9621106
6694,0.0013189411999999998,0.3417085,0.211034284,2.3211055299999996
6695,0.0013199411999999999,0.321608,0.209587048,2.7178894
6696,0.0013209412,0.321608,0.209587048,3.07688433
6697,0.0013219412000000002,0.321608,0.209587048,3.34140691
6698,0.0013229412000000003,0.321608,0.206692576,3.43587926
6699,0.0013239412000000004,0.321608,0.209587048,3.30361797
6700,0.0013249411999999997,0.321608,0.209587048,3.00130645
6701,0.0013259411999999998,0.321608,0.209587048,2.64231152
6702,0.0013269412,0.321608,0.20813981199999998,2.22663318
6703,0.0013279412,0.3417085,0.20813981199999998,1.8676382499999997
6704,0.0013289412000000002,0.3015075,0.206692576,1.5842212
6705,0.0013299412000000004,0.3417085,0.206692576,1.50864332
6706,0.0013309411999999996,0.3015075,0.20813981199999998,1.6031156699999998
6707,0.0013319411999999997,0.3417085,0.20813981199999998,1.90542719
6708,0.0013329411999999999,0.361809,0.209587048,2.26442212
6709,0.0013339412,0.321608,0.209587048,2.66120599
6710,0.0013349412000000001,0.321608,0.20813981199999998,3.0579898599999997
6711,0.0013359412000000003,0.3015075,0.209587048,3.3225124399999997
6712,0.0013369412000000004,0.321608,0.20813981199999998,3.41698479
6713,0.0013379411999999997,0.321608,0.209587048,3.36030138
6714,0.0013389411999999998,0.321608,0.211034284,3.1713566799999997
6715,0.0013399412,0.321608,0.211034284,2.88793963
6716,0.0013409412,0.3417085,0.211034284,2.49115576
6717,0.0013419412000000002,0.3417085,0.213928756,2.18884424
6718,0.0013429412000000003,0.361809,0.211034284,1.8676382499999997
6719,0.0013439411999999996,0.321608,0.21248151999999998,1.6786935499999998
6720,0.0013449411999999997,0.321608,0.21248151999999998,1.50864332
6721,0.0013459411999999999,0.3417085,0.213928756,1.50864332
6722,0.0013469412,0.321608,0.21248151999999998,1.65979908
6723,0.0013479412000000001,0.321608,0.21248151999999998,1.84874378
6724,0.0013489412000000003,0.3417085,0.211034284,2.11326636
6725,0.0013499412000000004,0.3417085,0.211034284,2.47226129
6726,0.0013509411999999997,0.3417085,0.211034284,2.8312562199999998
6727,0.0013519411999999998,0.321608,0.211034284,3.07688433
6728,0.0013529412,0.3417085,0.211034284,3.30361797
6729,0.0013539412,0.3417085,0.209587048,3.37919585
6730,0.0013549412000000002,0.3417085,0.21248151999999998,3.41698479
6731,0.0013559412000000003,0.361809,0.211034284,3.2847235
6732,0.0013569411999999996,0.3417085,0.209587048,3.0579898599999997
6733,0.0013579411999999997,0.321608,0.209587048,2.77457281
6734,0.0013589411999999999,0.321608,0.209587048,2.39668341
6735,0.0013599412,0.321608,0.209587048,2.03768848
6736,0.0013609412000000001,0.3417085,0.206692576,1.7542714299999997
6737,0.0013619412000000003,0.321608,0.20813981199999998,1.5842212
6738,0.0013629412000000004,0.3015075,0.20813981199999998,1.50864332
6739,0.0013639411999999997,0.3417085,0.20813981199999998,1.62201014
6740,0.0013649411999999998,0.3417085,0.20813981199999998,1.84874378
6741,0.0013659412,0.321608,0.20813981199999998,2.1699497699999997
6742,0.0013669412,0.3417085,0.20813981199999998,2.5289447
6743,0.0013679412000000002,0.3417085,0.206692576,2.92572857
6744,0.0013689412000000003,0.361809,0.211034284,3.22804009
6745,0.0013699412000000005,0.3417085,0.20813981199999998,3.3980903199999997
6746,0.0013709411999999997,0.321608,0.20813981199999998,3.3980903199999997
6747,0.0013719411999999999,0.3417085,0.20813981199999998,3.26582903
6748,0.0013729412,0.3417085,0.20813981199999998,2.92572857
6749,0.0013739412000000001,0.361809,0.211034284,2.5289447
6750,0.0013749412000000003,0.3417085,0.211034284,2.1510553
6751,0.0013759412000000004,0.3417085,0.211034284,1.81095484
6752,0.0013769411999999997,0.3417085,0.211034284,1.5653267299999998
6753,0.0013779411999999998,0.3417085,0.211034284,1.5275377899999998
6754,0.0013789412,0.321608,0.21248151999999998,1.6031156699999998
6755,0.0013799412,0.3417085,0.21248151999999998,1.90542719
6756,0.0013809412000000002,0.321608,0.211034284,2.2833165899999996
6757,0.0013819412000000003,0.361809,0.21248151999999998,2.66120599
6758,0.0013829412000000004,0.3417085,0.211034284,3.03909539
6759,0.0013839411999999997,0.361809,0.21248151999999998,3.3225124399999997
6760,0.0013849411999999998,0.3417085,0.21248151999999998,3.41698479
6761,0.0013859412,0.3819095,0.211034284,3.34140691
6762,0.0013869412000000001,0.3417085,0.211034284,3.15246221
6763,0.0013879412000000002,0.3417085,0.209587048,2.9068340999999998
6764,0.0013889412000000004,0.3417085,0.211034284,2.54783917
6765,0.0013899411999999996,0.3417085,0.209587048,2.1510553
6766,0.0013909411999999998,0.361809,0.209587048,1.84874378
6767,0.0013919412,0.3417085,0.209587048,1.62201014
6768,0.0013929412,0.3417085,0.209587048,1.50864332
6769,0.0013939412000000002,0.3417085,0.209587048,1.50864332
6770,0.0013949412000000003,0.361809,0.20813981199999998,1.62201014
6771,0.0013959412000000004,0.321608,0.209587048,1.8676382499999997
6772,0.0013969411999999997,0.3417085,0.209587048,2.1699497699999997
6773,0.0013979411999999998,0.361809,0.20813981199999998,2.51005023
6774,0.0013989412,0.3417085,0.206692576,2.85015069
6775,0.0013999412,0.3417085,0.20813981199999998,3.1335677399999997
6776,0.0014009412000000002,0.3417085,0.209587048,3.36030138
6777,0.0014019412000000004,0.361809,0.20813981199999998,3.41698479
6778,0.0014029411999999996,0.3417085,0.209587048,3.3980903199999997
6779,0.0014039411999999998,0.3417085,0.206692576,3.22804009
6780,0.0014049412,0.3417085,0.209587048,2.9824119799999997
6781,0.0014059412,0.3417085,0.209587048,2.64231152
6782,0.0014069412000000002,0.3417085,0.20813981199999998,2.26442212
6783,0.0014079412000000003,0.361809,0.20813981199999998,1.9621106
6784,0.0014089412000000004,0.3417085,0.209587048,1.73537696
6785,0.0014099411999999997,0.3417085,0.211034284,1.5275377899999998
6786,0.0014109411999999998,0.3417085,0.209587048,1.5275377899999998
6787,0.0014119412,0.3417085,0.211034284,1.62201014
6788,0.0014129412,0.3417085,0.211034284,1.90542719
6789,0.0014139412000000002,0.3417085,0.211034284,2.2077387099999997
6790,0.0014149412000000004,0.3819095,0.21248151999999998,2.60452258
6791,0.0014159411999999996,0.3417085,0.211034284,3.00130645
6792,0.0014169411999999998,0.3417085,0.21248151999999998,3.2847235
6793,0.0014179411999999999,0.3417085,0.21248151999999998,3.41698479
6794,0.0014189412,0.361809,0.21248151999999998,3.37919585
6795,0.0014199412000000002,0.361809,0.21248151999999998,3.19025115
6796,0.0014209412000000003,0.3417085,0.213928756,2.8690451599999998
6797,0.0014219412000000004,0.361809,0.21248151999999998,2.45336682
6798,0.0014229411999999997,0.3417085,0.21248151999999998,2.03768848
6799,0.0014239411999999998,0.361809,0.21248151999999998,1.69758802
6800,0.0014249412,0.3417085,0.21248151999999998,1.54643226
6801,0.0014259412,0.3417085,0.209587048,1.54643226
6802,0.0014269412000000002,0.361809,0.211034284,1.69758802
6803,0.0014279412000000003,0.361809,0.209587048,2.0187940099999997
6804,0.0014289411999999996,0.3417085,0.209587048,2.41557788
6805,0.0014299411999999997,0.361809,0.209587048,2.7934672799999998
6806,0.0014309411999999999,0.321608,0.209587048,3.1713566799999997
6807,0.0014319412,0.3819095,0.20813981199999998,3.37919585
6808,0.0014329412000000001,0.361809,0.209587048,3.41698479
6809,0.0014339412000000003,0.3819095,0.206692576,3.34140691
6810,0.0014349412000000004,0.3417085,0.20813981199999998,3.11467327
6811,0.0014359411999999997,0.361809,0.20813981199999998,2.81236175
6812,0.0014369411999999998,0.361809,0.20813981199999998,2.34
6813,0.0014379412,0.3417085,0.20813981199999998,2.0187940099999997
6814,0.0014389412,0.3819095,0.209587048,1.7164824899999997
6815,0.0014399412000000002,0.361809,0.20813981199999998,1.5653267299999998
6816,0.0014409412000000003,0.361809,0.209587048,1.4897488499999998
6817,0.0014419411999999996,0.361809,0.209587048,1.62201014
6818,0.0014429411999999997,0.3417085,0.211034284,1.81095484
6819,0.0014439411999999999,0.361809,0.211034284,2.0943718899999997
6820,0.0014449412,0.361809,0.21248151999999998,2.47226129
6821,0.0014459412000000001,0.361809,0.211034284,2.81236175
6822,0.0014469412000000003,0.3417085,0.211034284,3.07688433
6823,0.0014479412000000004,0.361809,0.211034284,3.3225124399999997
6824,0.0014489411999999997,0.361809,0.21248151999999998,3.43587926
6825,0.0014499411999999998,0.361809,0.211034284,3.41698479
6826,0.0014509412,0.3417085,0.21248151999999998,3.2847235
6827,0.0014519412,0.3819095,0.211034284,3.0957787999999997
6828,0.0014529412000000002,0.3417085,0.21248151999999998,2.7934672799999998
6829,0.0014539412000000003,0.361809,0.21248151999999998,2.47226129
6830,0.0014549411999999996,0.3417085,0.21248151999999998,2.1321608299999997
6831,0.0014559411999999997,0.361809,0.21248151999999998,1.88653272
6832,0.0014569411999999999,0.3417085,0.211034284,1.62201014
6833,0.0014579412,0.361809,0.21248151999999998,1.50864332
6834,0.0014589412000000001,0.3819095,0.211034284,1.54643226
6835,0.0014599412000000003,0.3417085,0.21248151999999998,1.73537696
6836,0.0014609412000000004,0.361809,0.211034284,2.0187940099999997
6837,0.0014619411999999997,0.3417085,0.211034284,2.37778894
6838,0.0014629411999999998,0.321608,0.21248151999999998,2.81236175
6839,0.0014639412,0.361809,0.209587048,3.1713566799999997
6840,0.0014649412,0.3819095,0.211034284,3.36030138
6841,0.0014659412000000002,0.361809,0.209587048,3.43587926
6842,0.0014669412000000003,0.361809,0.20813981199999998,3.3225124399999997
6843,0.0014679411999999996,0.361809,0.209587048,3.0579898599999997
6844,0.0014689411999999997,0.361809,0.20813981199999998,2.64231152
6845,0.0014699411999999999,0.3417085,0.20813981199999998,2.2077387099999997
6846,0.0014709412,0.361809,0.20813981199999998,1.8676382499999997
6847,0.0014719412000000001,0.321608,0.209587048,1.6031156699999998
6848,0.0014729412000000002,0.3417085,0.20813981199999998,1.50864332
6849,0.0014739412000000004,0.3417085,0.209587048,1.5842212
6850,0.0014749411999999996,0.361809,0.209587048,1.90542719
6851,0.0014759411999999998,0.3819095,0.211034284,2.34
6852,0.0014769412,0.361809,0.211034284,2.73678387
6853,0.0014779412,0.361809,0.211034284,3.0957787999999997
6854,0.0014789412000000002,0.3819095,0.21248151999999998,3.37919585
6855,0.0014799412000000003,0.3417085,0.21248151999999998,3.3980903199999997
6856,0.0014809412000000004,0.321608,0.211034284,3.26582903
6857,0.0014819411999999997,0.361809,0.213928756,3.0202009199999997
6858,0.0014829411999999998,0.361809,0.213928756,2.64231152
6859,0.0014839412,0.3417085,0.21248151999999998,2.2833165899999996
6860,0.0014849412,0.3417085,0.21248151999999998,1.8676382499999997
6861,0.0014859412000000002,0.3819095,0.213928756,1.6786935499999998
6862,0.0014869412000000004,0.3819095,0.213928756,1.5275377899999998
6863,0.0014879411999999996,0.3819095,0.213928756,1.5275377899999998
6864,0.0014889411999999998,0.361809,0.213928756,1.6409046099999998
6865,0.0014899412,0.3417085,0.21248151999999998,1.88653272
6866,0.0014909412,0.3417085,0.21248151999999998,2.18884424
6867,0.0014919412000000002,0.361809,0.211034284,2.45336682
6868,0.0014929412000000003,0.3819095,0.21248151999999998,2.75567834
6869,0.0014939412000000004,0.361809,0.211034284,3.0579898599999997
6870,0.0014949411999999997,0.321608,0.21248151999999998,3.26582903
6871,0.0014959411999999998,0.361809,0.211034284,3.37919585
6872,0.0014969412,0.361809,0.209587048,3.45477373
6873,0.0014979412,0.3417085,0.211034284,3.36030138
6874,0.0014989412000000002,0.361809,0.211034284,3.15246221
6875,0.0014999412000000004,0.361809,0.211034284,2.9068340999999998
6876,0.0015009411999999996,0.361809,0.209587048,2.56673364
6877,0.0015019411999999998,0.3417085,0.209587048,2.2455276499999997
6878,0.0015029412,0.361809,0.20813981199999998,1.94321613
6879,0.0015039412,0.361809,0.20813981199999998,1.69758802
6880,0.0015049412000000002,0.361809,0.20813981199999998,1.54643226
6881,0.0015059412000000003,0.361809,0.209587048,1.5275377899999998
6882,0.0015069412000000004,0.3417085,0.209587048,1.6786935499999998
6883,0.0015079411999999997,0.361809,0.209587048,1.94321613
6884,0.0015089411999999998,0.361809,0.20813981199999998,2.26442212
6885,0.0015099412,0.3819095,0.209587048,2.69899493
6886,0.0015109412,0.361809,0.209587048,3.07688433
6887,0.0015119412000000002,0.3417085,0.209587048,3.3225124399999997
6888,0.0015129412000000004,0.3819095,0.211034284,3.43587926
6889,0.0015139411999999996,0.3417085,0.211034284,3.37919585
6890,0.0015149411999999998,0.361809,0.209587048,3.0957787999999997
6891,0.0015159411999999999,0.361809,0.211034284,2.66120599
6892,0.0015169412,0.361809,0.213928756,2.22663318
6893,0.0015179412000000002,0.3819095,0.21248151999999998,1.8298493099999997
6894,0.0015189412000000003,0.361809,0.213928756,1.5653267299999998
6895,0.0015199412000000004,0.3819095,0.21248151999999998,1.5275377899999998
6896,0.0015209411999999997,0.361809,0.21248151999999998,1.7164824899999997
6897,0.0015219411999999998,0.361809,0.213928756,2.07547742
6898,0.0015229412,0.361809,0.213928756,2.49115576
6899,0.0015239412,0.361809,0.213928756,2.96351751
6900,0.0015249412000000002,0.361809,0.21248151999999998,3.2469345599999997
6901,0.0015259412000000003,0.361809,0.213928756,3.3980903199999997
6902,0.0015269411999999996,0.40201,0.21248151999999998,3.41698479
6903,0.0015279411999999997,0.361809,0.211034284,3.2469345599999997
6904,0.0015289411999999999,0.3819095,0.211034284,2.92572857
6905,0.0015299412,0.361809,0.211034284,2.62341705
6906,0.0015309412000000001,0.361809,0.211034284,2.30221106
6907,0.0015319412000000003,0.361809,0.211034284,1.98100507
6908,0.0015329412000000004,0.3819095,0.20813981199999998,1.73537696
6909,0.0015339411999999997,0.3819095,0.20813981199999998,1.5653267299999998
6910,0.0015349411999999998,0.361809,0.209587048,1.5275377899999998
6911,0.0015359412,0.361809,0.206692576,1.54643226
6912,0.0015369412,0.3417085,0.20813981199999998,1.73537696
6913,0.0015379412000000002,0.361809,0.20813981199999998,1.98100507
6914,0.0015389412000000003,0.3819095,0.20813981199999998,2.2455276499999997
6915,0.0015399411999999996,0.3819095,0.206692576,2.5289447
6916,0.0015409411999999997,0.3819095,0.209587048,2.8312562199999998
6917,0.0015419411999999999,0.3819095,0.20813981199999998,3.07688433
6918,0.0015429412,0.361809,0.20813981199999998,3.30361797
6919,0.0015439412000000001,0.361809,0.209587048,3.41698479
6920,0.0015449412000000003,0.361809,0.209587048,3.43587926
6921,0.0015459412000000004,0.3417085,0.211034284,3.36030138
6922,0.0015469411999999997,0.361809,0.209587048,3.22804009
6923,0.0015479411999999998,0.361809,0.211034284,2.9446230399999997
6924,0.0015489412,0.361809,0.211034284,2.62341705
6925,0.0015499412,0.361809,0.211034284,2.26442212
6926,0.0015509412000000002,0.361809,0.211034284,1.9621106
6927,0.0015519412000000003,0.3819095,0.21248151999999998,1.69758802
6928,0.0015529411999999996,0.361809,0.21248151999999998,1.5275377899999998
6929,0.0015539411999999997,0.361809,0.213928756,1.5275377899999998
6930,0.0015549411999999999,0.3819095,0.211034284,1.69758802
6931,0.0015559412,0.361809,0.213928756,2.03768848
6932,0.0015569412000000001,0.3819095,0.211034284,2.41557788
6933,0.0015579412000000003,0.3819095,0.213928756,2.8690451599999998
6934,0.0015589412000000004,0.3819095,0.213928756,3.2469345599999997
6935,0.0015599411999999997,0.3819095,0.213928756,3.3980903199999997
6936,0.0015609411999999998,0.3819095,0.21248151999999998,3.37919585
6937,0.0015619412,0.361809,0.21248151999999998,3.11467327
6938,0.0015629412,0.40201,0.21248151999999998,2.69899493
6939,0.0015639412000000002,0.361809,0.21248151999999998,2.22663318
6940,0.0015649412000000003,0.361809,0.211034284,1.7542714299999997
6941,0.0015659411999999996,0.40201,0.209587048,1.5653267299999998
6942,0.0015669411999999997,0.361809,0.209587048,1.5653267299999998
6943,0.0015679411999999998,0.3819095,0.211034284,1.81095484
6944,0.0015689412,0.3819095,0.209587048,2.18884424
6945,0.0015699412000000001,0.3819095,0.20813981199999998,2.68010046
6946,0.0015709412000000002,0.3819095,0.20813981199999998,3.03909539
6947,0.0015719412000000004,0.361809,0.20813981199999998,3.34140691
6948,0.0015729411999999996,0.361809,0.211034284,3.43587926
6949,0.0015739411999999998,0.361809,0.209587048,3.3980903199999997
6950,0.0015749412,0.361809,0.211034284,3.1713566799999997
6951,0.0015759412,0.3819095,0.20813981199999998,2.8312562199999998
6952,0.0015769412000000002,0.3819095,0.209587048,2.47226129
6953,0.0015779412000000003,0.3819095,0.21248151999999998,2.1510553
6954,0.0015789412000000004,0.361809,0.211034284,1.88653272
6955,0.0015799411999999997,0.361809,0.211034284,1.65979908
6956,0.0015809411999999998,0.3417085,0.209587048,1.5275377899999998
6957,0.0015819412,0.3819095,0.211034284,1.5275377899999998
6958,0.0015829412,0.3819095,0.21248151999999998,1.6031156699999998
6959,0.0015839412000000002,0.3819095,0.21248151999999998,1.7164824899999997
6960,0.0015849412000000004,0.361809,0.211034284,1.92432166
6961,0.0015859411999999996,0.3819095,0.213928756,2.1699497699999997
6962,0.0015869411999999998,0.3819095,0.213928756,2.43447235
6963,0.0015879412,0.3819095,0.21248151999999998,2.68010046
6964,0.0015889412,0.3819095,0.213928756,2.96351751
6965,0.0015899412000000002,0.3819095,0.21248151999999998,3.19025115
6966,0.0015909412000000003,0.361809,0.213928756,3.36030138
6967,0.0015919412000000004,0.361809,0.21248151999999998,3.41698479
6968,0.0015929411999999997,0.40201,0.213928756,3.43587926
6969,0.0015939411999999998,0.3819095,0.213928756,3.3225124399999997
6970,0.0015949412,0.361809,0.21248151999999998,3.11467327
6971,0.0015959412,0.3819095,0.21248151999999998,2.8690451599999998
6972,0.0015969412000000002,0.4221105,0.213928756,2.49115576
6973,0.0015979412000000004,0.3819095,0.213928756,2.0943718899999997
6974,0.0015989411999999996,0.40201,0.213928756,1.73537696
6975,0.0015999411999999998,0.3819095,0.21248151999999998,1.54643226
6976,0.0016009411999999999,0.40201,0.21248151999999998,1.50864332
6977,0.0016019412,0.3819095,0.21248151999999998,1.7164824899999997
6978,0.0016029412000000002,0.3819095,0.213928756,2.07547742
6979,0.0016039412000000003,0.3819095,0.211034284,2.54783917
6980,0.0016049412000000004,0.3819095,0.211034284,3.0202009199999997
6981,0.0016059411999999997,0.3819095,0.211034284,3.34140691
6982,0.0016069411999999998,0.361809,0.209587048,3.4736681999999997
6983,0.0016079412,0.361809,0.209587048,3.26582903
6984,0.0016089412,0.40201,0.209587048,2.8690451599999998
6985,0.0016099412000000002,0.40201,0.209587048,2.35889447
6986,0.0016109412000000004,0.40201,0.211034284,1.8676382499999997
6987,0.0016119411999999996,0.3819095,0.211034284,1.5653267299999998
6988,0.0016129411999999997,0.3819095,0.211034284,1.4897488499999998
6989,0.0016139411999999999,0.3819095,0.211034284,1.7164824899999997
6990,0.0016149412,0.3819095,0.21248151999999998,2.11326636
6991,0.0016159412000000001,0.361809,0.21248151999999998,2.56673364
6992,0.0016169412000000003,0.40201,0.21248151999999998,3.0202009199999997
6993,0.0016179412000000004,0.40201,0.21248151999999998,3.2847235
6994,0.0016189411999999997,0.361809,0.211034284,3.41698479
6995,0.0016199411999999998,0.3417085,0.21248151999999998,3.41698479
6996,0.0016209412,0.3819095,0.21248151999999998,3.2091456199999997
6997,0.0016219412,0.40201,0.21248151999999998,2.88793963
6998,0.0016229412000000002,0.3819095,0.215375992,2.54783917
6999,0.0016239412000000003,0.3819095,0.21248151999999998,2.22663318
7000,0.0016249411999999996,0.40201,0.213928756,1.94321613
7001,0.0016259411999999997,0.40201,0.213928756,1.6786935499999998
7002,0.0016269411999999999,0.40201,0.215375992,1.5842212
7003,0.0016279412,0.3417085,0.213928756,1.50864332
7004,0.0016289412000000001,0.3819095,0.213928756,1.54643226
7005,0.0016299412000000003,0.40201,0.213928756,1.6409046099999998
7006,0.0016309412000000004,0.3819095,0.213928756,1.7920603699999997
7007,0.0016319411999999997,0.3819095,0.21248151999999998,2.0187940099999997
7008,0.0016329411999999998,0.3819095,0.211034284,2.26442212
7009,0.0016339412,0.3819095,0.21248151999999998,2.51005023
7010,0.0016349412,0.40201,0.21248151999999998,2.7934672799999998
7011,0.0016359412000000002,0.3819095,0.21248151999999998,3.0579898599999997
7012,0.0016369412000000003,0.40201,0.211034284,3.22804009
7013,0.0016379411999999996,0.40201,0.211034284,3.37919585
7014,0.0016389411999999997,0.3819095,0.21248151999999998,3.43587926
7015,0.0016399411999999999,0.3819095,0.209587048,3.37919585
7016,0.0016409412,0.40201,0.21248151999999998,3.22804009
7017,0.0016419412000000001,0.3819095,0.21248151999999998,2.9446230399999997
7018,0.0016429412000000003,0.3819095,0.211034284,2.56673364
7019,0.0016439412000000004,0.40201,0.211034284,2.1699497699999997
7020,0.0016449411999999997,0.3819095,0.211034284,1.8298493099999997
7021,0.0016459411999999998,0.3819095,0.209587048,1.5842212
7022,0.0016469412,0.40201,0.211034284,1.5275377899999998
7023,0.0016479412,0.40201,0.20813981199999998,1.69758802
7024,0.0016489412000000002,0.40201,0.211034284,2.11326636
7025,0.0016499412000000003,0.40201,0.211034284,2.60452258
7026,0.0016509411999999996,0.40201,0.211034284,3.11467327
7027,0.0016519411999999997,0.3819095,0.209587048,3.3980903199999997
7028,0.0016529411999999999,0.3819095,0.21248151999999998,3.43587926
7029,0.0016539412,0.3819095,0.21248151999999998,3.19025115
7030,0.0016549412000000001,0.40201,0.21248151999999998,2.7178894
7031,0.0016559412000000003,0.361809,0.213928756,2.1699497699999997
7032,0.0016569412000000004,0.3819095,0.21248151999999998,1.73537696
7033,0.0016579411999999996,0.3819095,0.215375992,1.54643226
7034,0.0016589411999999998,0.40201,0.213928756,1.54643226
7035,0.0016599412,0.3819095,0.213928756,1.8298493099999997
7036,0.0016609412,0.40201,0.215375992,2.26442212
7037,0.0016619412000000002,0.40201,0.213928756,2.68010046
7038,0.0016629412000000003,0.3819095,0.213928756,3.0957787999999997
7039,0.0016639411999999996,0.361809,0.213928756,3.34140691
7040,0.0016649411999999997,0.3819095,0.21248151999999998,3.43587926
7041,0.0016659411999999998,0.3819095,0.213928756,3.37919585
7042,0.0016669412,0.3819095,0.21248151999999998,3.19025115
7043,0.0016679412000000001,0.3819095,0.21248151999999998,2.92572857
7044,0.0016689412000000002,0.40201,0.211034284,2.64231152
7045,0.0016699412000000004,0.3819095,0.21248151999999998,2.34
7046,0.0016709411999999996,0.40201,0.209587048,2.0565829499999997
7047,0.0016719411999999998,0.3819095,0.21248151999999998,1.81095484
7048,0.0016729412,0.3819095,0.211034284,1.6409046099999998
7049,0.0016739412,0.3819095,0.21248151999999998,1.54643226
7050,0.0016749412000000002,0.3819095,0.21248151999999998,1.5275377899999998
7051,0.0016759412000000003,0.40201,0.211034284,1.5842212
7052,0.0016769412000000004,0.40201,0.209587048,1.6786935499999998
7053,0.0016779411999999997,0.3819095,0.211034284,1.8298493099999997
7054,0.0016789411999999998,0.3819095,0.20813981199999998,2.11326636
7055,0.0016799412,0.40201,0.209587048,2.34
7056,0.0016809412,0.40201,0.211034284,2.58562811
7057,0.0016819412000000002,0.3819095,0.209587048,2.9068340999999998
7058,0.0016829412000000004,0.40201,0.211034284,3.15246221
7059,0.0016839411999999996,0.40201,0.211034284,3.37919585
7060,0.0016849411999999998,0.40201,0.209587048,3.45477373
7061,0.0016859412,0.40201,0.21248151999999998,3.41698479
7062,0.0016869412,0.40201,0.211034284,3.2847235
7063,0.0016879412000000002,0.3819095,0.211034284,2.9824119799999997
7064,0.0016889412000000003,0.361809,0.209587048,2.60452258
7065,0.0016899412000000004,0.3819095,0.211034284,2.1699497699999997
7066,0.0016909411999999997,0.40201,0.209587048,1.8298493099999997
7067,0.0016919411999999998,0.3819095,0.21248151999999998,1.5653267299999998
7068,0.0016929412,0.40201,0.211034284,1.5275377899999998
7069,0.0016939412,0.40201,0.213928756,1.73537696
7070,0.0016949412000000002,0.40201,0.21248151999999998,2.1510553
7071,0.0016959412000000004,0.40201,0.213928756,2.66120599
7072,0.0016969411999999996,0.40201,0.215375992,3.1335677399999997
7073,0.0016979411999999998,0.40201,0.213928756,3.43587926
7074,0.0016989411999999999,0.3819095,0.213928756,3.41698479
7075,0.0016999412,0.40201,0.21248151999999998,3.1335677399999997
7076,0.0017009412000000002,0.361809,0.21248151999999998,2.66120599
7077,0.0017019412000000003,0.40201,0.213928756,2.18884424
7078,0.0017029412000000004,0.3819095,0.21248151999999998,1.7542714299999997
7079,0.0017039411999999997,0.40201,0.21248151999999998,1.54643226
7080,0.0017049411999999998,0.361809,0.21248151999999998,1.5653267299999998
7081,0.0017059412,0.3819095,0.21248151999999998,1.81095484
7082,0.0017069412,0.40201,0.21248151999999998,2.18884424
7083,0.0017079412000000002,0.4221105,0.211034284,2.60452258
7084,0.0017089412000000003,0.4221105,0.21248151999999998,3.00130645
7085,0.0017099411999999996,0.3819095,0.209587048,3.2847235
7086,0.0017109411999999997,0.40201,0.209587048,3.3980903199999997
7087,0.0017119411999999999,0.40201,0.21248151999999998,3.45477373
7088,0.0017129412,0.3819095,0.211034284,3.30361797
7089,0.0017139412000000001,0.3819095,0.209587048,3.15246221
7090,0.0017149412000000003,0.40201,0.211034284,2.8690451599999998
7091,0.0017159412000000004,0.361809,0.211034284,2.56673364
7092,0.0017169411999999997,0.40201,0.209587048,2.3211055299999996
7093,0.0017179411999999998,0.40201,0.21248151999999998,2.03768848
7094,0.0017189412,0.40201,0.21248151999999998,1.8298493099999997
7095,0.0017199412,0.4221105,0.211034284,1.6409046099999998
7096,0.0017209412000000002,0.40201,0.211034284,1.5653267299999998
7097,0.0017219412000000003,0.3819095,0.211034284,1.50864332
7098,0.0017229411999999996,0.3819095,0.211034284,1.54643226
7099,0.0017239411999999997,0.3819095,0.213928756,1.65979908
7100,0.0017249411999999999,0.3819095,0.211034284,1.84874378
7101,0.0017259412,0.40201,0.21248151999999998,2.11326636
7102,0.0017269412000000001,0.3819095,0.211034284,2.37778894
7103,0.0017279412000000003,0.3819095,0.21248151999999998,2.69899493
7104,0.0017289412000000004,0.40201,0.215375992,3.00130645
7105,0.0017299411999999997,0.40201,0.213928756,3.30361797
7106,0.0017309411999999998,0.3819095,0.213928756,3.41698479
7107,0.0017319412,0.40201,0.213928756,3.45477373
7108,0.0017329412,0.40201,0.21248151999999998,3.34140691
7109,0.0017339412000000002,0.3819095,0.215375992,3.0579898599999997
7110,0.0017349412000000003,0.40201,0.21248151999999998,2.66120599
7111,0.0017359411999999996,0.3819095,0.21248151999999998,2.22663318
7112,0.0017369411999999997,0.40201,0.213928756,1.81095484
7113,0.0017379411999999999,0.40201,0.213928756,1.5653267299999998
7114,0.0017389412,0.40201,0.21248151999999998,1.54643226
7115,0.0017399412000000001,0.40201,0.213928756,1.7731659
7116,0.0017409412000000003,0.40201,0.21248151999999998,2.26442212
7117,0.0017419412000000004,0.40201,0.211034284,2.75567834
7118,0.0017429411999999997,0.4221105,0.21248151999999998,3.22804009
7119,0.0017439411999999998,0.4221105,0.211034284,3.41698479
7120,0.0017449412,0.40201,0.21248151999999998,3.43587926
7121,0.0017459412,0.4221105,0.211034284,3.11467327
7122,0.0017469412000000002,0.40201,0.21248151999999998,2.66120599
7123,0.0017479412000000003,0.3819095,0.211034284,2.1510553
7124,0.0017489411999999996,0.40201,0.211034284,1.7731659
7125,0.0017499411999999997,0.3819095,0.211034284,1.5653267299999998
7126,0.0017509411999999999,0.4221105,0.20813981199999998,1.5275377899999998
7127,0.0017519412,0.4221105,0.21248151999999998,1.69758802
7128,0.0017529412000000001,0.4221105,0.211034284,2.0187940099999997
7129,0.0017539412000000002,0.40201,0.21248151999999998,2.37778894
7130,0.0017549412000000004,0.3819095,0.21248151999999998,2.75567834
7131,0.0017559411999999996,0.4221105,0.21248151999999998,3.11467327
7132,0.0017569411999999998,0.40201,0.21248151999999998,3.3225124399999997
7133,0.0017579412,0.4221105,0.21248151999999998,3.45477373
7134,0.0017589412,0.40201,0.21248151999999998,3.45477373
7135,0.0017599412000000002,0.4221105,0.213928756,3.36030138
7136,0.0017609412000000003,0.40201,0.213928756,3.1335677399999997
7137,0.0017619411999999996,0.40201,0.213928756,2.88793963
7138,0.0017629411999999997,0.4221105,0.21248151999999998,2.62341705
7139,0.0017639411999999998,0.40201,0.213928756,2.3211055299999996
7140,0.0017649412,0.40201,0.213928756,2.07547742
7141,0.0017659412,0.4221105,0.213928756,1.84874378
7142,0.0017669412000000002,0.4221105,0.213928756,1.6786935499999998
7143,0.0017679412000000004,0.40201,0.213928756,1.5653267299999998
7144,0.0017689411999999996,0.40201,0.21248151999999998,1.5275377899999998
7145,0.0017699411999999998,0.40201,0.21248151999999998,1.54643226
7146,0.0017709412,0.40201,0.213928756,1.6409046099999998
7147,0.0017719412,0.3819095,0.213928756,1.8298493099999997
7148,0.0017729412000000002,0.40201,0.21248151999999998,2.0943718899999997
7149,0.0017739412000000003,0.40201,0.21248151999999998,2.35889447
7150,0.0017749412000000004,0.40201,0.21248151999999998,2.66120599
7151,0.0017759411999999997,0.40201,0.213928756,3.03909539
7152,0.0017769411999999998,0.4221105,0.215375992,3.2847235
7153,0.0017779412,0.40201,0.21248151999999998,3.43587926
7154,0.0017789412,0.4221105,0.213928756,3.41698479
7155,0.0017799412000000002,0.442211,0.213928756,3.2091456199999997
7156,0.0017809412000000004,0.4221105,0.21248151999999998,2.8690451599999998
7157,0.0017819411999999996,0.40201,0.21248151999999998,2.39668341
7158,0.0017829411999999998,0.4221105,0.213928756,1.94321613
7159,0.0017839412,0.4221105,0.21248151999999998,1.6031156699999998
7160,0.0017849412,0.4221105,0.21248151999999998,1.50864332
7161,0.0017859412000000002,0.4221105,0.211034284,1.69758802
7162,0.0017869412000000003,0.4221105,0.209587048,2.07547742
7163,0.0017879412000000004,0.40201,0.21248151999999998,2.56673364
7164,0.0017889411999999997,0.3819095,0.21248151999999998,3.07688433
7165,0.0017899411999999998,0.4221105,0.21248151999999998,3.37919585
7166,0.0017909412,0.40201,0.213928756,3.45477373
7167,0.0017919412,0.40201,0.215375992,3.3225124399999997
7168,0.0017929412000000002,0.40201,0.211034284,3.00130645
7169,0.0017939412000000004,0.4221105,0.213928756,2.5289447
7170,0.0017949411999999996,0.442211,0.215375992,2.1510553
7171,0.0017959411999999998,0.4221105,0.213928756,1.81095484
7172,0.0017969411999999999,0.442211,0.213928756,1.5653267299999998
7173,0.0017979412,0.4221105,0.213928756,1.54643226
7174,0.0017989412000000001,0.40201,0.21248151999999998,1.65979908
7175,0.0017999412000000003,0.4221105,0.215375992,1.8676382499999997
7176,0.0018009412000000004,0.40201,0.213928756,2.18884424
7177,0.0018019411999999997,0.40201,0.215375992,2.51005023
7178,0.0018029411999999998,0.4221105,0.215375992,2.8690451599999998
7179,0.0018039412,0.4221105,0.213928756,3.15246221
7180,0.0018049412,0.442211,0.21248151999999998,3.3225124399999997
7181,0.0018059412000000002,0.40201,0.215375992,3.41698479
7182,0.0018069412000000003,0.4221105,0.213928756,3.4736681999999997
7183,0.0018079411999999996,0.4221105,0.21248151999999998,3.3980903199999997
7184,0.0018089411999999997,0.40201,0.21248151999999998,3.26582903
7185,0.0018099411999999999,0.4221105,0.213928756,3.07688433
7186,0.0018109412,0.40201,0.21248151999999998,2.81236175
7187,0.0018119412000000001,0.40201,0.213928756,2.56673364
7188,0.0018129412000000003,0.40201,0.21248151999999998,2.34
7189,0.0018139412000000004,0.4221105,0.21248151999999998,2.03768848
7190,0.0018149411999999997,0.40201,0.21248151999999998,1.8298493099999997
7191,0.0018159411999999998,0.40201,0.213928756,1.6409046099999998
7192,0.0018169412,0.40201,0.21248151999999998,1.5275377899999998
7193,0.0018179412,0.4221105,0.21248151999999998,1.54643226
7194,0.0018189412000000002,0.442211,0.21248151999999998,1.62201014
7195,0.0018199412000000003,0.4221105,0.21248151999999998,1.7731659
7196,0.0018209411999999996,0.4221105,0.21248151999999998,2.0943718899999997
7197,0.0018219411999999997,0.4221105,0.21248151999999998,2.47226129
7198,0.0018229411999999999,0.40201,0.213928756,2.8690451599999998
7199,0.0018239412,0.40201,0.21248151999999998,3.19025115
7200,0.0018249412000000001,0.40201,0.21248151999999998,3.3980903199999997
7201,0.0018259412000000003,0.3819095,0.21248151999999998,3.45477373
7202,0.0018269412000000004,0.40201,0.213928756,3.2469345599999997
7203,0.0018279411999999997,0.4221105,0.21248151999999998,2.88793963
7204,0.0018289411999999998,0.40201,0.213928756,2.47226129
7205,0.0018299412,0.442211,0.213928756,1.99989954
7206,0.0018309412,0.442211,0.213928756,1.6786935499999998
7207,0.0018319412000000002,0.4221105,0.21248151999999998,1.5275377899999998
7208,0.0018329412000000003,0.4221105,0.213928756,1.5842212
7209,0.0018339411999999996,0.442211,0.21248151999999998,1.92432166
7210,0.0018349411999999997,0.442211,0.213928756,2.30221106
7211,0.0018359411999999999,0.442211,0.213928756,2.7934672799999998
7212,0.0018369412,0.4221105,0.213928756,3.1335677399999997
7213,0.0018379412000000001,0.4221105,0.215375992,3.3980903199999997
7214,0.0018389412000000003,0.40201,0.21248151999999998,3.45477373
7215,0.0018399412000000004,0.4221105,0.213928756,3.3225124399999997
7216,0.0018409411999999997,0.4221105,0.213928756,3.00130645
7217,0.0018419411999999998,0.4221105,0.21248151999999998,2.64231152
7218,0.0018429412,0.4623115,0.215375992,2.22663318
7219,0.0018439412,0.442211,0.215375992,1.94321613
7220,0.0018449412000000002,0.442211,0.211034284,1.65979908
7221,0.0018459412000000003,0.4221105,0.213928756,1.54643226
7222,0.0018469411999999996,0.4221105,0.213928756,1.5275377899999998
7223,0.0018479411999999997,0.442211,0.213928756,1.65979908
7224,0.0018489411999999998,0.442211,0.215375992,1.84874378
7225,0.0018499412,0.4221105,0.213928756,2.1510553
7226,0.0018509412000000001,0.442211,0.215375992,2.39668341
7227,0.0018519412000000002,0.4221105,0.21248151999999998,2.7178894
7228,0.0018529412000000004,0.40201,0.21248151999999998,2.9824119799999997
7229,0.0018539411999999996,0.442211,0.213928756,3.19025115
7230,0.0018549411999999998,0.442211,0.213928756,3.37919585
7231,0.0018559412,0.442211,0.213928756,3.43587926
7232,0.0018569412,0.4221105,0.213928756,3.4736681999999997
7233,0.0018579412000000002,0.4221105,0.213928756,3.3980903199999997
7234,0.0018589412000000003,0.40201,0.21248151999999998,3.22804009
7235,0.0018599411999999996,0.4221105,0.213928756,3.0579898599999997
7236,0.0018609411999999997,0.4221105,0.213928756,2.7934672799999998
7237,0.0018619411999999998,0.4221105,0.213928756,2.43447235
7238,0.0018629412,0.4221105,0.21248151999999998,2.1510553
7239,0.0018639412,0.4221105,0.21248151999999998,1.84874378
7240,0.0018649412000000002,0.442211,0.213928756,1.62201014
7241,0.0018659412000000004,0.40201,0.21248151999999998,1.54643226
7242,0.0018669411999999996,0.442211,0.21248151999999998,1.5653267299999998
7243,0.0018679411999999998,0.442211,0.213928756,1.7731659
7244,0.0018689412,0.40201,0.213928756,2.11326636
7245,0.0018699412,0.442211,0.213928756,2.54783917
7246,0.0018709412000000002,0.4221105,0.213928756,2.9824119799999997
7247,0.0018719412000000003,0.4221105,0.213928756,3.30361797
7248,0.0018729412000000004,0.4221105,0.213928756,3.4736681999999997
7249,0.0018739411999999997,0.4623115,0.213928756,3.41698479
7250,0.0018749411999999998,0.40201,0.213928756,3.1713566799999997
7251,0.0018759412,0.442211,0.213928756,2.75567834
7252,0.0018769412,0.40201,0.213928756,2.26442212
7253,0.0018779412000000002,0.4221105,0.213928756,1.8676382499999997
7254,0.0018789412000000004,0.442211,0.21248151999999998,1.6031156699999998
7255,0.0018799411999999996,0.4623115,0.21248151999999998,1.54643226
7256,0.0018809411999999998,0.4623115,0.21248151999999998,1.65979908
7257,0.0018819411999999999,0.4221105,0.213928756,1.99989954
7258,0.0018829412,0.4221105,0.213928756,2.37778894
7259,0.0018839412000000002,0.4221105,0.213928756,2.81236175
7260,0.0018849412000000003,0.4221105,0.213928756,3.19025115
7261,0.0018859412000000004,0.442211,0.215375992,3.3980903199999997
7262,0.0018869411999999997,0.442211,0.215375992,3.41698479
7263,0.0018879411999999998,0.442211,0.213928756,3.3225124399999997
7264,0.0018889412,0.442211,0.21248151999999998,3.07688433
7265,0.0018899412,0.4221105,0.21248151999999998,2.68010046
7266,0.0018909412000000002,0.442211,0.213928756,2.3211055299999996
7267,0.0018919412000000004,0.4221105,0.213928756,2.0187940099999997
7268,0.0018929411999999996,0.442211,0.21248151999999998,1.7542714299999997
7269,0.0018939411999999997,0.4221105,0.213928756,1.5842212
7270,0.0018949411999999999,0.4221105,0.21248151999999998,1.5275377899999998
7271,0.0018959412,0.4623115,0.213928756,1.5842212
7272,0.0018969412000000001,0.442211,0.213928756,1.7164824899999997
7273,0.0018979412000000003,0.442211,0.215375992,1.94321613
7274,0.0018989412000000004,0.442211,0.213928756,2.26442212
7275,0.0018999411999999997,0.4623115,0.213928756,2.54783917
7276,0.0019009411999999998,0.4221105,0.21248151999999998,2.85015069
7277,0.0019019412,0.4221105,0.213928756,3.11467327
7278,0.0019029412,0.442211,0.213928756,3.30361797
7279,0.0019039412000000002,0.442211,0.213928756,3.45477373
7280,0.0019049412000000003,0.442211,0.213928756,3.4736681999999997
7281,0.0019059411999999996,0.442211,0.215375992,3.36030138
7282,0.0019069411999999997,0.442211,0.211034284,3.1335677399999997
7283,0.0019079411999999999,0.4221105,0.213928756,2.7934672799999998
7284,0.0019089412,0.442211,0.213928756,2.43447235
7285,0.0019099412000000001,0.4623115,0.213928756,2.0943718899999997
7286,0.0019109412000000003,0.4221105,0.213928756,1.8298493099999997
7287,0.0019119412000000004,0.442211,0.21248151999999998,1.6031156699999998
7288,0.0019129411999999997,0.4221105,0.213928756,1.50864332
7289,0.0019139411999999998,0.442211,0.215375992,1.5842212
7290,0.0019149412,0.4221105,0.213928756,1.8298493099999997
7291,0.0019159412,0.442211,0.215375992,2.2077387099999997
7292,0.0019169412000000002,0.442211,0.21248151999999998,2.62341705
7293,0.0019179412000000003,0.4623115,0.213928756,3.03909539
7294,0.0019189411999999996,0.442211,0.213928756,3.2847235
7295,0.0019199411999999997,0.442211,0.21248151999999998,3.45477373
7296,0.0019209411999999999,0.4221105,0.213928756,3.43587926
7297,0.0019219412,0.4623115,0.213928756,3.22804009
7298,0.0019229412000000001,0.442211,0.213928756,2.8312562199999998
7299,0.0019239412000000003,0.4221105,0.21248151999999998,2.35889447
7300,0.0019249412000000004,0.4623115,0.215375992,1.98100507
7301,0.0019259411999999997,0.442211,0.213928756,1.65979908
7302,0.0019269411999999998,0.442211,0.21248151999999998,1.4897488499999998
7303,0.0019279412,0.442211,0.215375992,1.6031156699999998
7304,0.0019289412,0.4623115,0.213928756,1.7920603699999997
7305,0.0019299412000000002,0.442211,0.213928756,2.1699497699999997
7306,0.0019309412000000003,0.442211,0.21248151999999998,2.56673364
7307,0.0019319411999999996,0.442211,0.213928756,3.00130645
7308,0.0019329411999999997,0.442211,0.213928756,3.2847235
7309,0.0019339411999999999,0.40201,0.215375992,3.43587926
7310,0.0019349412,0.4623115,0.215375992,3.45477373
7311,0.0019359412000000001,0.442211,0.213928756,3.36030138
7312,0.0019369412000000003,0.442211,0.213928756,3.11467327
7313,0.0019379412000000004,0.442211,0.213928756,2.7934672799999998
7314,0.0019389411999999996,0.442211,0.213928756,2.43447235
7315,0.0019399411999999998,0.4623115,0.21248151999999998,2.07547742
7316,0.0019409412,0.442211,0.213928756,1.7731659
7317,0.0019419412,0.442211,0.213928756,1.5842212
7318,0.0019429412000000002,0.442211,0.213928756,1.5275377899999998
7319,0.0019439412000000003,0.4221105,0.213928756,1.5653267299999998
7320,0.0019449411999999996,0.442211,0.213928756,1.7164824899999997
7321,0.0019459411999999997,0.442211,0.21248151999999998,1.99989954
7322,0.0019469411999999998,0.442211,0.21248151999999998,2.2833165899999996
7323,0.0019479412,0.4623115,0.21248151999999998,2.58562811
7324,0.0019489412000000001,0.442211,0.215375992,2.9446230399999997
7325,0.0019499412000000002,0.442211,0.21248151999999998,3.19025115
7326,0.0019509412000000004,0.442211,0.21248151999999998,3.3980903199999997
7327,0.0019519411999999996,0.4221105,0.213928756,3.45477373
7328,0.0019529411999999998,0.4221105,0.211034284,3.41698479
7329,0.0019539412,0.4623115,0.213928756,3.26582903
7330,0.0019549412,0.4623115,0.213928756,3.00130645
7331,0.0019559412,0.442211,0.21248151999999998,2.68010046
7332,0.0019569412000000003,0.4623115,0.21248151999999998,2.3211055299999996
7333,0.0019579411999999996,0.442211,0.21248151999999998,1.9621106
7334,0.0019589411999999997,0.442211,0.21248151999999998,1.6786935499999998
7335,0.0019599412,0.4623115,0.21248151999999998,1.5653267299999998
7336,0.0019609412,0.4623115,0.213928756,1.5653267299999998
7337,0.0019619412,0.4221105,0.213928756,1.69758802
7338,0.0019629412000000002,0.442211,0.213928756,1.94321613
7339,0.0019639412000000004,0.442211,0.213928756,2.2833165899999996
7340,0.0019649411999999996,0.4623115,0.215375992,2.68010046
7341,0.0019659411999999998,0.442211,0.215375992,3.07688433
7342,0.0019669412,0.442211,0.215375992,3.36030138
7343,0.0019679412,0.442211,0.215375992,3.45477373
7344,0.0019689412,0.442211,0.213928756,3.41698479
7345,0.0019699412000000003,0.442211,0.215375992,3.2091456199999997
7346,0.0019709412000000004,0.4623115,0.215375992,2.85015069
7347,0.0019719411999999997,0.4623115,0.215375992,2.37778894
7348,0.0019729412,0.4623115,0.213928756,1.99989954
7349,0.0019739412,0.4221105,0.213928756,1.69758802
7350,0.0019749412,0.442211,0.213928756,1.54643226
7351,0.0019759412000000002,0.442211,0.213928756,1.5275377899999998
7352,0.0019769412000000004,0.442211,0.215375992,1.73537696
7353,0.0019779411999999996,0.4623115,0.21248151999999998,2.0565829499999997
7354,0.0019789411999999998,0.482412,0.213928756,2.37778894
7355,0.0019799412,0.442211,0.213928756,2.75567834
7356,0.0019809412,0.4623115,0.21248151999999998,3.1335677399999997
7357,0.0019819412,0.4623115,0.211034284,3.37919585
7358,0.0019829412000000003,0.442211,0.213928756,3.4736681999999997
7359,0.0019839412000000004,0.442211,0.21248151999999998,3.41698479
7360,0.0019849411999999997,0.442211,0.213928756,3.2469345599999997
7361,0.0019859412,0.4623115,0.213928756,2.9446230399999997
7362,0.0019869412,0.4623115,0.21248151999999998,2.62341705
7363,0.0019879412,0.442211,0.21248151999999998,2.26442212
7364,0.0019889412,0.4623115,0.21248151999999998,1.92432166
7365,0.0019899412000000003,0.482412,0.215375992,1.6786935499999998
7366,0.0019909411999999996,0.442211,0.213928756,1.54643226
7367,0.0019919411999999997,0.442211,0.213928756,1.5275377899999998
7368,0.0019929412,0.4221105,0.21248151999999998,1.65979908
7369,0.0019939412,0.4623115,0.213928756,1.8676382499999997
7370,0.0019949412,0.442211,0.213928756,2.1321608299999997
7371,0.0019959412000000003,0.442211,0.215375992,2.47226129
7372,0.0019969412000000004,0.4623115,0.215375992,2.81236175
7373,0.0019979411999999997,0.442211,0.213928756,3.0957787999999997
7374,0.0019989412,0.4623115,0.213928756,3.36030138
7375,0.0019999412,0.4623115,0.21682322799999998,3.4736681999999997
7376,0.0020009412,0.4623115,0.215375992,3.45477373
7377,0.0020019412,0.4221105,0.213928756,3.30361797
7378,0.0020029412000000003,0.442211,0.213928756,3.11467327
7379,0.0020039411999999996,0.442211,0.215375992,2.7934672799999998
7380,0.0020049411999999997,0.4623115,0.215375992,2.47226129
7381,0.0020059412,0.442211,0.215375992,2.11326636
7382,0.0020069412,0.442211,0.215375992,1.8298493099999997
7383,0.0020079412,0.442211,0.215375992,1.6031156699999998
7384,0.0020089412000000003,0.4623115,0.213928756,1.5275377899999998
7385,0.0020099412000000004,0.4623115,0.213928756,1.5842212
7386,0.0020109411999999997,0.482412,0.213928756,1.7731659
7387,0.0020119412,0.4623115,0.213928756,2.1321608299999997
7388,0.0020129412,0.482412,0.213928756,2.5289447
7389,0.0020139412,0.482412,0.213928756,2.9068340999999998
7390,0.0020149412,0.4623115,0.213928756,3.19025115
7391,0.0020159412000000003,0.482412,0.21248151999999998,3.41698479
7392,0.0020169411999999996,0.442211,0.213928756,3.45477373
7393,0.0020179411999999997,0.4623115,0.213928756,3.36030138
7394,0.0020189412,0.4623115,0.213928756,3.0957787999999997
7395,0.0020199412,0.4623115,0.21248151999999998,2.68010046
7396,0.0020209412,0.4623115,0.21248151999999998,2.30221106
7397,0.0020219412000000003,0.4623115,0.213928756,1.94321613
7398,0.0020229412000000004,0.482412,0.21248151999999998,1.65979908
7399,0.0020239411999999997,0.4623115,0.21248151999999998,1.5275377899999998
7400,0.0020249412,0.4623115,0.213928756,1.5653267299999998
7401,0.0020259412,0.4623115,0.213928756,1.73537696
7402,0.0020269412,0.4623115,0.213928756,1.99989954
7403,0.0020279412,0.4623115,0.213928756,2.39668341
7404,0.0020289412000000003,0.4623115,0.213928756,2.77457281
7405,0.0020299411999999996,0.4623115,0.215375992,3.1713566799999997
7406,0.0020309411999999997,0.4623115,0.215375992,3.36030138
7407,0.0020319412,0.4623115,0.213928756,3.4736681999999997
7408,0.0020329412,0.4623115,0.215375992,3.41698479
7409,0.0020339412,0.4623115,0.215375992,3.22804009
7410,0.0020349412000000002,0.4623115,0.215375992,2.9068340999999998
7411,0.0020359412000000004,0.4623115,0.215375992,2.54783917
7412,0.0020369411999999996,0.4623115,0.21682322799999998,2.18884424
7413,0.0020379411999999998,0.442211,0.21682322799999998,1.88653272
7414,0.0020389412,0.4623115,0.215375992,1.62201014
7415,0.0020399412,0.482412,0.21682322799999998,1.5275377899999998
7416,0.0020409412,0.4623115,0.215375992,1.5275377899999998
7417,0.0020419412000000003,0.4623115,0.21682322799999998,1.69758802
7418,0.0020429411999999996,0.442211,0.21682322799999998,1.94321613
7419,0.0020439411999999997,0.4623115,0.215375992,2.22663318
7420,0.0020449412,0.482412,0.213928756,2.5289447
7421,0.0020459412,0.4623115,0.215375992,2.88793963
7422,0.0020469412,0.4623115,0.215375992,3.1713566799999997
7423,0.0020479412000000002,0.442211,0.215375992,3.36030138
7424,0.0020489412000000004,0.4623115,0.215375992,3.4736681999999997
7425,0.0020499411999999996,0.482412,0.215375992,3.43587926
7426,0.0020509411999999998,0.4623115,0.215375992,3.30361797
7427,0.0020519412,0.5025125,0.215375992,3.0579898599999997
7428,0.0020529412,0.482412,0.213928756,2.69899493
7429,0.0020539412,0.442211,0.213928756,2.34
7430,0.0020549412000000003,0.4623115,0.213928756,1.99989954
7431,0.0020559411999999996,0.442211,0.213928756,1.73537696
7432,0.0020569411999999997,0.482412,0.21248151999999998,1.5275377899999998
7433,0.0020579412,0.4623115,0.21248151999999998,1.54643226
7434,0.0020589412,0.5025125,0.213928756,1.7164824899999997
7435,0.0020599412,0.4623115,0.21248151999999998,1.99989954
7436,0.0020609412000000002,0.5025125,0.213928756,2.37778894
7437,0.0020619412000000004,0.482412,0.21248151999999998,2.75567834
7438,0.0020629411999999996,0.482412,0.21248151999999998,3.11467327
7439,0.0020639411999999998,0.4623115,0.213928756,3.3980903199999997
7440,0.0020649412,0.482412,0.21248151999999998,3.49256267
7441,0.0020659412,0.442211,0.213928756,3.37919585
7442,0.0020669412,0.4623115,0.21248151999999998,3.1335677399999997
7443,0.0020679412000000003,0.4623115,0.213928756,2.75567834
7444,0.0020689412000000004,0.4623115,0.215375992,2.35889447
7445,0.0020699411999999997,0.482412,0.215375992,1.9621106
7446,0.0020709412,0.482412,0.215375992,1.69758802
7447,0.0020719412,0.4623115,0.21682322799999998,1.54643226
7448,0.0020729412,0.4623115,0.213928756,1.6031156699999998
7449,0.0020739412000000002,0.482412,0.215375992,1.7920603699999997
7450,0.0020749412000000004,0.4623115,0.215375992,2.1321608299999997
7451,0.0020759411999999996,0.482412,0.218270464,2.54783917
7452,0.0020769411999999998,0.4623115,0.215375992,2.92572857
7453,0.0020779412,0.5025125,0.21682322799999998,3.2091456199999997
7454,0.0020789412,0.4623115,0.21682322799999998,3.41698479
7455,0.0020799412,0.442211,0.215375992,3.45477373
7456,0.0020809412000000003,0.4623115,0.215375992,3.41698479
7457,0.0020819412000000004,0.482412,0.215375992,3.2469345599999997
7458,0.0020829411999999997,0.4623115,0.21682322799999998,3.00130645
7459,0.0020839412,0.4623115,0.215375992,2.68010046
7460,0.0020849412,0.4623115,0.215375992,2.35889447
7461,0.0020859412,0.4623115,0.213928756,2.07547742
7462,0.0020869412,0.482412,0.213928756,1.81095484
7463,0.0020879412000000003,0.4623115,0.213928756,1.6031156699999998
7464,0.0020889411999999996,0.4623115,0.215375992,1.50864332
7465,0.0020899411999999997,0.4623115,0.213928756,1.54643226
7466,0.0020909412,0.482412,0.213928756,1.65979908
7467,0.0020919412,0.4623115,0.215375992,1.8676382499999997
7468,0.0020929412,0.442211,0.211034284,2.1699497699999997
7469,0.0020939412000000003,0.4623115,0.21248151999999998,2.43447235
7470,0.0020949412000000004,0.4623115,0.213928756,2.7934672799999998
7471,0.0020959411999999997,0.442211,0.21248151999999998,3.07688433
7472,0.0020969412,0.4623115,0.213928756,3.3225124399999997
7473,0.0020979412,0.4623115,0.21248151999999998,3.4736681999999997
7474,0.0020989412,0.4623115,0.213928756,3.4736681999999997
7475,0.0020999412,0.482412,0.21248151999999998,3.34140691
7476,0.0021009412000000003,0.5025125,0.21248151999999998,3.0579898599999997
7477,0.0021019411999999996,0.482412,0.213928756,2.7178894
7478,0.0021029411999999997,0.4623115,0.213928756,2.35889447
7479,0.0021039412,0.482412,0.21248151999999998,1.9621106
7480,0.0021049412,0.482412,0.21682322799999998,1.65979908
7481,0.0021059412,0.4623115,0.215375992,1.54643226
7482,0.0021069412000000003,0.5025125,0.215375992,1.54643226
7483,0.0021079412000000004,0.482412,0.215375992,1.73537696
7484,0.0021089411999999997,0.5025125,0.21682322799999998,2.07547742
7485,0.0021099412,0.442211,0.21682322799999998,2.51005023
7486,0.0021109412,0.4623115,0.21682322799999998,2.92572857
7487,0.0021119412,0.482412,0.215375992,3.2847235
7488,0.0021129412,0.482412,0.21682322799999998,3.45477373
7489,0.0021139412000000003,0.4623115,0.215375992,3.45477373
7490,0.0021149411999999996,0.4623115,0.21682322799999998,3.2469345599999997
7491,0.0021159411999999997,0.4623115,0.21682322799999998,2.88793963
7492,0.0021169412,0.4623115,0.21682322799999998,2.45336682
7493,0.0021179412,0.482412,0.21682322799999998,1.99989954
7494,0.0021189412,0.5025125,0.215375992,1.7164824899999997
7495,0.0021199412000000003,0.482412,0.215375992,1.54643226
7496,0.0021209412000000004,0.482412,0.215375992,1.54643226
7497,0.0021219411999999997,0.482412,0.215375992,1.7164824899999997
7498,0.0021229412,0.482412,0.215375992,1.98100507
7499,0.0021239412,0.4623115,0.215375992,2.2833165899999996
7500,0.0021249412,0.5025125,0.213928756,2.69899493
7501,0.0021259412,0.482412,0.213928756,3.00130645
7502,0.0021269412000000003,0.482412,0.21248151999999998,3.2469345599999997
7503,0.0021279411999999996,0.5025125,0.213928756,3.41698479
7504,0.0021289411999999997,0.482412,0.21248151999999998,3.4736681999999997
7505,0.0021299412,0.482412,0.21248151999999998,3.45477373
7506,0.0021309412,0.4623115,0.213928756,3.34140691
7507,0.0021319412,0.4623115,0.21248151999999998,3.1335677399999997
7508,0.0021329412000000002,0.4623115,0.213928756,2.8690451599999998
7509,0.0021339412000000004,0.4623115,0.21248151999999998,2.62341705
7510,0.0021349411999999996,0.482412,0.211034284,2.2833165899999996
7511,0.0021359411999999998,0.482412,0.213928756,2.0187940099999997
7512,0.0021369412,0.4623115,0.213928756,1.7920603699999997
7513,0.0021379412,0.4623115,0.213928756,1.62201014
7514,0.0021389412,0.482412,0.213928756,1.5275377899999998
7515,0.0021399412000000003,0.482412,0.213928756,1.54643226
7516,0.0021409411999999996,0.482412,0.215375992,1.65979908
7517,0.0021419411999999997,0.4623115,0.213928756,1.84874378
7518,0.0021429412,0.482412,0.215375992,2.18884424
7519,0.0021439412,0.482412,0.215375992,2.5289447
7520,0.0021449412,0.5025125,0.21682322799999998,2.8690451599999998
7521,0.0021459412000000002,0.5025125,0.218270464,3.2091456199999997
7522,0.0021469412000000004,0.4623115,0.21682322799999998,3.41698479
7523,0.0021479411999999996,0.482412,0.21682322799999998,3.4736681999999997
7524,0.0021489411999999998,0.482412,0.21682322799999998,3.37919585
7525,0.0021499412,0.482412,0.21682322799999998,3.15246221
7526,0.0021509412,0.482412,0.21682322799999998,2.7934672799999998
7527,0.0021519412,0.4623115,0.215375992,2.35889447
7528,0.0021529412000000003,0.522613,0.21682322799999998,1.98100507
7529,0.0021539411999999996,0.482412,0.215375992,1.69758802
7530,0.0021549411999999997,0.482412,0.218270464,1.5275377899999998
7531,0.0021559412,0.482412,0.21682322799999998,1.6031156699999998
7532,0.0021569412,0.482412,0.21682322799999998,1.88653272
7533,0.0021579412,0.482412,0.215375992,2.30221106
7534,0.0021589412000000002,0.482412,0.213928756,2.75567834
7535,0.0021599412000000004,0.482412,0.213928756,3.19025115
7536,0.0021609411999999996,0.5025125,0.215375992,3.45477373
7537,0.0021619411999999998,0.482412,0.213928756,3.45477373
7538,0.0021629412,0.5025125,0.213928756,3.2847235
7539,0.0021639412,0.4623115,0.21248151999999998,2.96351751
7540,0.0021649412,0.482412,0.213928756,2.5289447
7541,0.0021659412000000003,0.5025125,0.21248151999999998,2.11326636
7542,0.0021669411999999996,0.482412,0.211034284,1.81095484
7543,0.0021679411999999997,0.5025125,0.213928756,1.6031156699999998
7544,0.0021689412,0.4623115,0.21248151999999998,1.5275377899999998
7545,0.0021699412,0.5025125,0.213928756,1.5842212
7546,0.0021709412,0.4623115,0.21248151999999998,1.7542714299999997
7547,0.0021719412000000002,0.482412,0.213928756,1.98100507
7548,0.0021729412000000004,0.522613,0.21248151999999998,2.26442212
7549,0.0021739411999999996,0.522613,0.213928756,2.58562811
7550,0.0021749411999999997,0.482412,0.215375992,2.8690451599999998
7551,0.0021759412,0.4623115,0.215375992,3.1335677399999997
7552,0.0021769412,0.482412,0.215375992,3.30361797
7553,0.0021779412,0.482412,0.213928756,3.43587926
7554,0.0021789412000000003,0.482412,0.215375992,3.49256267
7555,0.0021799412000000004,0.482412,0.215375992,3.45477373
7556,0.0021809411999999997,0.5025125,0.21682322799999998,3.36030138
7557,0.0021819412,0.4623115,0.21682322799999998,3.15246221
7558,0.0021829412,0.5025125,0.21682322799999998,2.85015069
7559,0.0021839412,0.4623115,0.21682322799999998,2.58562811
7560,0.0021849412,0.5025125,0.218270464,2.30221106
7561,0.0021859412000000003,0.4623115,0.218270464,2.0187940099999997
7562,0.0021869411999999996,0.482412,0.21682322799999998,1.7731659
7563,0.0021879411999999997,0.482412,0.215375992,1.6031156699999998
7564,0.0021889412,0.5025125,0.21682322799999998,1.54643226
7565,0.0021899412,0.5025125,0.215375992,1.6031156699999998
7566,0.0021909412,0.482412,0.218270464,1.81095484
7567,0.0021919412000000003,0.5025125,0.215375992,2.0943718899999997
7568,0.0021929412000000004,0.5025125,0.21682322799999998,2.47226129
7569,0.0021939411999999997,0.482412,0.215375992,2.9068340999999998
7570,0.0021949412,0.5025125,0.21682322799999998,3.26582903
7571,0.0021959412,0.5025125,0.21682322799999998,3.45477373
7572,0.0021969412,0.5025125,0.215375992,3.45477373
7573,0.0021979412,0.482412,0.213928756,3.26582903
7574,0.0021989412000000003,0.482412,0.213928756,2.9068340999999998
7575,0.0021999411999999996,0.482412,0.213928756,2.37778894
7576,0.0022009411999999997,0.5025125,0.213928756,1.9621106
7577,0.0022019412,0.5025125,0.21248151999999998,1.6409046099999998
7578,0.0022029412,0.5025125,0.213928756,1.54643226
7579,0.0022039412,0.482412,0.213928756,1.73537696
7580,0.0022049412000000003,0.4623115,0.213928756,2.11326636
7581,0.0022059412000000004,0.482412,0.21248151999999998,2.60452258
7582,0.0022069411999999997,0.5025125,0.213928756,3.03909539
7583,0.0022079412,0.5025125,0.21248151999999998,3.36030138
7584,0.0022089412,0.482412,0.213928756,3.49256267
7585,0.0022099412,0.482412,0.215375992,3.41698479
7586,0.0022109412,0.482412,0.213928756,3.1335677399999997
7587,0.0022119412000000003,0.4623115,0.215375992,2.77457281
7588,0.0022129411999999996,0.5025125,0.215375992,2.39668341
7589,0.0022139411999999997,0.522613,0.21682322799999998,2.0187940099999997
7590,0.0022149412,0.5025125,0.218270464,1.7920603699999997
7591,0.0022159412,0.5025125,0.21682322799999998,1.62201014
7592,0.0022169412,0.482412,0.215375992,1.50864332
7593,0.0022179412000000003,0.482412,0.21682322799999998,1.5842212
7594,0.0022189412000000004,0.522613,0.21682322799999998,1.73537696
7595,0.0022199411999999996,0.482412,0.218270464,1.9621106
7596,0.0022209411999999998,0.5025125,0.218270464,2.1510553
7597,0.0022219412,0.482412,0.218270464,2.45336682
7598,0.0022229412,0.482412,0.21682322799999998,2.7178894
7599,0.0022239412,0.5025125,0.218270464,2.9446230399999997
7600,0.0022249412000000003,0.482412,0.218270464,3.15246221
7601,0.0022259411999999996,0.522613,0.218270464,3.34140691
7602,0.0022269411999999997,0.482412,0.21682322799999998,3.45477373
7603,0.0022279412,0.482412,0.215375992,3.51145714
7604,0.0022289412,0.5025125,0.21682322799999998,3.45477373
7605,0.0022299412,0.522613,0.21682322799999998,3.3225124399999997
7606,0.0022309412000000002,0.5025125,0.21682322799999998,3.1335677399999997
7607,0.0022319412000000004,0.482412,0.215375992,2.9068340999999998
7608,0.0022329411999999996,0.5025125,0.215375992,2.60452258
7609,0.0022339411999999998,0.482412,0.213928756,2.2455276499999997
7610,0.0022349412,0.482412,0.215375992,1.92432166
7611,0.0022359412,0.482412,0.213928756,1.6409046099999998
7612,0.0022369412,0.5025125,0.213928756,1.5653267299999998
7613,0.0022379412000000003,0.482412,0.215375992,1.54643226
7614,0.0022389411999999996,0.5025125,0.21248151999999998,1.7542714299999997
7615,0.0022399411999999997,0.482412,0.213928756,2.07547742
7616,0.0022409412,0.482412,0.21248151999999998,2.54783917
7617,0.0022419412,0.482412,0.21248151999999998,3.00130645
7618,0.0022429412,0.5025125,0.211034284,3.30361797
7619,0.0022439412000000002,0.5025125,0.21248151999999998,3.4736681999999997
7620,0.0022449412000000004,0.482412,0.21248151999999998,3.3980903199999997
7621,0.0022459411999999996,0.5025125,0.21248151999999998,3.07688433
7622,0.0022469411999999998,0.5025125,0.21248151999999998,2.62341705
7623,0.0022479412,0.5025125,0.213928756,2.07547742
7624,0.0022489412,0.482412,0.21248151999999998,1.69758802
7625,0.0022499412,0.5025125,0.21682322799999998,1.50864332
7626,0.0022509412000000003,0.482412,0.215375992,1.6409046099999998
7627,0.0022519411999999996,0.5025125,0.21682322799999998,1.98100507
7628,0.0022529411999999997,0.5025125,0.2197177,2.41557788
7629,0.0022539412,0.5025125,0.218270464,2.9068340999999998
7630,0.0022549412,0.482412,0.21682322799999998,3.2847235
7631,0.0022559412,0.482412,0.21682322799999998,3.49256267
7632,0.0022569412000000002,0.522613,0.218270464,3.45477373
7633,0.0022579412000000004,0.5025125,0.218270464,3.2847235
7634,0.0022589411999999996,0.5025125,0.21682322799999998,3.0202009199999997
7635,0.0022599411999999998,0.482412,0.215375992,2.66120599
7636,0.0022609412,0.5025125,0.218270464,2.30221106
7637,0.0022619412,0.5025125,0.215375992,2.0187940099999997
7638,0.0022629412,0.522613,0.21682322799999998,1.73537696
7639,0.0022639412000000003,0.5025125,0.21682322799999998,1.62201014
7640,0.0022649411999999996,0.482412,0.21682322799999998,1.54643226
7641,0.0022659411999999997,0.482412,0.215375992,1.5653267299999998
7642,0.0022669412,0.522613,0.215375992,1.6031156699999998
7643,0.0022679412,0.482412,0.215375992,1.7542714299999997
7644,0.0022689412,0.5025125,0.215375992,1.92432166
7645,0.0022699412,0.5025125,0.213928756,2.1321608299999997
7646,0.0022709412000000003,0.5025125,0.215375992,2.3211055299999996
7647,0.0022719411999999996,0.482412,0.21248151999999998,2.62341705
7648,0.0022729411999999997,0.5025125,0.213928756,2.8690451599999998
7649,0.0022739412,0.5025125,0.21248151999999998,3.07688433
7650,0.0022749412,0.5025125,0.213928756,3.26582903
7651,0.0022759412,0.482412,0.213928756,3.43587926
7652,0.0022769412000000003,0.5025125,0.21248151999999998,3.49256267
7653,0.0022779412000000004,0.5025125,0.211034284,3.45477373
7654,0.0022789411999999997,0.5025125,0.211034284,3.34140691
7655,0.0022799412,0.5025125,0.213928756,3.0579898599999997
7656,0.0022809412,0.5025125,0.213928756,2.68010046
7657,0.0022819412,0.522613,0.21248151999999998,2.30221106
7658,0.0022829412,0.482412,0.213928756,1.90542719
7659,0.0022839412000000003,0.522613,0.215375992,1.6409046099999998
7660,0.0022849411999999996,0.5025125,0.213928756,1.5275377899999998
7661,0.0022859411999999997,0.522613,0.213928756,1.6031156699999998
7662,0.0022869412,0.5025125,0.21682322799999998,1.90542719
7663,0.0022879412,0.522613,0.21682322799999998,2.35889447
7664,0.0022889412,0.5025125,0.21682322799999998,2.85015069
7665,0.0022899412000000003,0.522613,0.21682322799999998,3.30361797
7666,0.0022909412000000004,0.522613,0.218270464,3.49256267
7667,0.0022919411999999997,0.5025125,0.218270464,3.3980903199999997
7668,0.0022929412,0.5025125,0.218270464,3.1335677399999997
7669,0.0022939412,0.522613,0.218270464,2.62341705
7670,0.0022949412,0.522613,0.21682322799999998,2.0565829499999997
7671,0.0022959412,0.5025125,0.218270464,1.65979908
7672,0.0022969412000000003,0.5025125,0.215375992,1.5275377899999998
7673,0.0022979411999999996,0.522613,0.21682322799999998,1.62201014
7674,0.0022989411999999997,0.5025125,0.21682322799999998,1.9621106
7675,0.0022999412,0.5025125,0.213928756,2.35889447
7676,0.0023009412,0.5025125,0.21682322799999998,2.81236175
7677,0.0023019412,0.5025125,0.213928756,3.19025115
7678,0.0023029412000000003,0.522613,0.215375992,3.3980903199999997
7679,0.0023039412000000004,0.522613,0.21248151999999998,3.49256267
7680,0.0023049411999999997,0.5025125,0.213928756,3.45477373
7681,0.0023059412,0.5025125,0.213928756,3.30361797
7682,0.0023069412,0.5025125,0.213928756,3.11467327
7683,0.0023079412,0.5025125,0.213928756,2.8312562199999998
7684,0.0023089412,0.5427135,0.213928756,2.5289447
7685,0.0023099412000000003,0.5025125,0.211034284,2.2455276499999997
7686,0.0023109411999999996,0.5025125,0.213928756,2.0565829499999997
7687,0.0023119411999999997,0.522613,0.213928756,1.8298493099999997
7688,0.0023129412,0.5025125,0.21248151999999998,1.65979908
7689,0.0023139412,0.522613,0.213928756,1.54643226
7690,0.0023149412,0.5025125,0.213928756,1.5275377899999998
7691,0.0023159412000000002,0.5025125,0.213928756,1.5275377899999998
7692,0.0023169412000000004,0.5025125,0.215375992,1.62201014
7693,0.0023179411999999996,0.5025125,0.213928756,1.7542714299999997
7694,0.0023189411999999998,0.5025125,0.21682322799999998,1.94321613
7695,0.0023199412,0.522613,0.213928756,2.1699497699999997
7696,0.0023209412,0.5025125,0.215375992,2.47226129
7697,0.0023219412,0.522613,0.21682322799999998,2.77457281
7698,0.0023229412000000003,0.5025125,0.215375992,3.03909539
7699,0.0023239411999999996,0.5025125,0.218270464,3.26582903
7700,0.0023249411999999997,0.522613,0.21682322799999998,3.41698479
7701,0.0023259412,0.522613,0.21682322799999998,3.49256267
7702,0.0023269412,0.522613,0.218270464,3.37919585
7703,0.0023279412,0.5025125,0.21682322799999998,3.1335677399999997
7704,0.0023289412000000002,0.522613,0.21682322799999998,2.73678387
7705,0.0023299412000000004,0.5427135,0.21682322799999998,2.34
7706,0.0023309411999999996,0.522613,0.218270464,1.90542719
7707,0.0023319411999999998,0.5025125,0.21682322799999998,1.62201014
7708,0.0023329412,0.5025125,0.218270464,1.5653267299999998
7709,0.0023339412,0.5025125,0.21682322799999998,1.7542714299999997
7710,0.0023349412,0.5025125,0.21682322799999998,2.1321608299999997
7711,0.0023359412000000003,0.522613,0.215375992,2.62341705
7712,0.0023369411999999996,0.5025125,0.213928756,3.11467327
7713,0.0023379411999999997,0.5025125,0.215375992,3.3980903199999997
7714,0.0023389412,0.5025125,0.215375992,3.4736681999999997
7715,0.0023399412,0.522613,0.213928756,3.22804009
7716,0.0023409412,0.5025125,0.213928756,2.73678387
7717,0.0023419412000000002,0.522613,0.21248151999999998,2.2455276499999997
7718,0.0023429412000000004,0.522613,0.21248151999999998,1.81095484
7719,0.0023439411999999996,0.5025125,0.21248151999999998,1.5653267299999998
7720,0.0023449411999999998,0.5025125,0.211034284,1.54643226
7721,0.0023459412,0.5427135,0.21248151999999998,1.73537696
7722,0.0023469412,0.522613,0.215375992,2.0943718899999997
7723,0.0023479412,0.482412,0.213928756,2.45336682
7724,0.0023489412000000003,0.5025125,0.21248151999999998,2.85015069
7725,0.0023499411999999996,0.522613,0.215375992,3.15246221
7726,0.0023509411999999997,0.5025125,0.213928756,3.37919585
7727,0.0023519412,0.5427135,0.213928756,3.49256267
7728,0.0023529412,0.5025125,0.215375992,3.4736681999999997
7729,0.0023539412,0.5025125,0.215375992,3.3980903199999997
7730,0.0023549412000000002,0.5025125,0.21682322799999998,3.2469345599999997
7731,0.0023559412000000004,0.562814,0.21682322799999998,3.0202009199999997
7732,0.0023569411999999996,0.522613,0.21682322799999998,2.81236175
7733,0.0023579411999999998,0.5025125,0.218270464,2.56673364
7734,0.0023589412,0.522613,0.21682322799999998,2.30221106
7735,0.0023599412,0.5025125,0.21682322799999998,2.07547742
7736,0.0023609412,0.522613,0.218270464,1.8676382499999997
7737,0.0023619412000000003,0.5427135,0.21682322799999998,1.69758802
7738,0.0023629411999999995,0.5427135,0.218270464,1.5842212
7739,0.0023639411999999997,0.5427135,0.218270464,1.5275377899999998
7740,0.0023649412,0.5427135,0.218270464,1.50864332
7741,0.0023659412,0.522613,0.218270464,1.62201014
7742,0.0023669412,0.5025125,0.21682322799999998,1.81095484
7743,0.0023679412,0.5025125,0.218270464,2.0565829499999997
7744,0.0023689412000000003,0.5427135,0.215375992,2.39668341
7745,0.0023699411999999996,0.5427135,0.21682322799999998,2.73678387
7746,0.0023709411999999997,0.5025125,0.215375992,3.0579898599999997
7747,0.0023719412,0.522613,0.218270464,3.34140691
7748,0.0023729412,0.522613,0.215375992,3.4736681999999997
7749,0.0023739412,0.522613,0.215375992,3.45477373
7750,0.0023749412000000003,0.5427135,0.213928756,3.2847235
7751,0.0023759412000000004,0.5427135,0.215375992,2.88793963
7752,0.0023769411999999997,0.522613,0.213928756,2.39668341
7753,0.0023779412,0.522613,0.213928756,1.94321613
7754,0.0023789412,0.522613,0.21248151999999998,1.62201014
7755,0.0023799412,0.522613,0.213928756,1.5275377899999998
7756,0.0023809412,0.5025125,0.21248151999999998,1.69758802
7757,0.0023819412000000003,0.522613,0.21248151999999998,2.1321608299999997
7758,0.0023829411999999996,0.5025125,0.21248151999999998,2.68010046
7759,0.0023839411999999997,0.522613,0.215375992,3.1335677399999997
7760,0.0023849412,0.482412,0.213928756,3.43587926
7761,0.0023859412,0.522613,0.213928756,3.4736681999999997
7762,0.0023869412,0.522613,0.215375992,3.2091456199999997
7763,0.0023879412000000003,0.522613,0.21682322799999998,2.73678387
7764,0.0023889412000000004,0.562814,0.213928756,2.30221106
7765,0.0023899411999999997,0.522613,0.215375992,1.8676382499999997
7766,0.0023909412,0.5427135,0.21682322799999998,1.62201014
7767,0.0023919412,0.522613,0.218270464,1.5275377899999998
7768,0.0023929412,0.5427135,0.21682322799999998,1.6031156699999998
7769,0.0023939412,0.5427135,0.21682322799999998,1.81095484
7770,0.0023949412000000003,0.5427135,0.218270464,2.1321608299999997
7771,0.0023959411999999996,0.5427135,0.218270464,2.49115576
7772,0.0023969411999999997,0.5427135,0.21682322799999998,2.77457281
7773,0.0023979412,0.5025125,0.21682322799999998,3.07688433
7774,0.0023989412,0.5427135,0.218270464,3.2847235
7775,0.0023999412,0.522613,0.21682322799999998,3.43587926
7776,0.0024009412000000003,0.522613,0.218270464,3.49256267
7777,0.0024019412000000004,0.562814,0.218270464,3.49256267
7778,0.0024029411999999997,0.5025125,0.21682322799999998,3.37919585
7779,0.0024039412,0.522613,0.215375992,3.2847235
7780,0.0024049412,0.5427135,0.215375992,3.0957787999999997
7781,0.0024059412,0.522613,0.21682322799999998,2.81236175
7782,0.0024069412,0.5427135,0.21682322799999998,2.56673364
7783,0.0024079412000000003,0.522613,0.213928756,2.30221106
7784,0.0024089411999999996,0.522613,0.21682322799999998,2.03768848
7785,0.0024099411999999997,0.5427135,0.215375992,1.81095484
7786,0.0024109412,0.522613,0.215375992,1.6409046099999998
7787,0.0024119412,0.5427135,0.215375992,1.54643226
7788,0.0024129412,0.5427135,0.213928756,1.54643226
7789,0.0024139412000000002,0.5427135,0.213928756,1.6409046099999998
7790,0.0024149412000000004,0.522613,0.213928756,1.8676382499999997
7791,0.0024159411999999996,0.5427135,0.213928756,2.2077387099999997
7792,0.0024169411999999998,0.5427135,0.213928756,2.56673364
7793,0.0024179412,0.5025125,0.213928756,3.00130645
7794,0.0024189412,0.522613,0.21248151999999998,3.30361797
7795,0.0024199412,0.5427135,0.21248151999999998,3.49256267
7796,0.0024209412000000003,0.5427135,0.213928756,3.45477373
7797,0.0024219411999999996,0.5427135,0.213928756,3.2091456199999997
7798,0.0024229411999999997,0.5025125,0.215375992,2.75567834
7799,0.0024239412,0.5427135,0.215375992,2.22663318
7800,0.0024249412,0.522613,0.213928756,1.7920603699999997
7801,0.0024259412,0.522613,0.215375992,1.5275377899999998
7802,0.0024269412000000002,0.5427135,0.213928756,1.62201014
7803,0.0024279412000000004,0.5025125,0.215375992,1.94321613
7804,0.0024289411999999996,0.5427135,0.215375992,2.43447235
7805,0.0024299411999999998,0.522613,0.21682322799999998,2.96351751
7806,0.0024309412,0.5427135,0.218270464,3.3225124399999997
7807,0.0024319412,0.5427135,0.21682322799999998,3.51145714
7808,0.0024329412,0.5427135,0.218270464,3.41698479
7809,0.0024339412000000003,0.5025125,0.218270464,3.0579898599999997
7810,0.0024349411999999996,0.5427135,0.218270464,2.66120599
7811,0.0024359411999999997,0.5427135,0.218270464,2.1699497699999997
7812,0.0024369412,0.522613,0.215375992,1.81095484
7813,0.002437941200000001,0.522613,0.218270464,1.6031156699999998
7814,0.0024389412,0.5427135,0.21682322799999998,1.5653267299999998
7815,0.0024399411999999994,0.522613,0.213928756,1.62201014
7816,0.0024409412000000004,0.522613,0.213928756,1.8298493099999997
7817,0.0024419411999999996,0.5427135,0.215375992,2.0943718899999997
7818,0.0024429412000000006,0.5427135,0.215375992,2.37778894
7819,0.0024439412,0.5427135,0.213928756,2.69899493
7820,0.002444941199999999,0.5427135,0.215375992,2.9824119799999997
7821,0.0024459412,0.522613,0.213928756,3.22804009
7822,0.0024469411999999994,0.5427135,0.213928756,3.37919585
7823,0.0024479412000000004,0.522613,0.213928756,3.4736681999999997
7824,0.0024489411999999997,0.562814,0.21248151999999998,3.45477373
7825,0.0024499412000000007,0.5427135,0.21248151999999998,3.41698479
7826,0.0024509412,0.562814,0.213928756,3.2847235
7827,0.0024519411999999992,0.522613,0.21248151999999998,3.07688433
7828,0.0024529412000000002,0.5427135,0.213928756,2.85015069
7829,0.0024539411999999995,0.522613,0.213928756,2.56673364
7830,0.0024549412000000005,0.522613,0.215375992,2.2455276499999997
7831,0.0024559411999999997,0.5427135,0.213928756,2.03768848
7832,0.0024569412000000007,0.5427135,0.215375992,1.7542714299999997
7833,0.0024579412,0.5427135,0.215375992,1.6031156699999998
7834,0.0024589411999999993,0.522613,0.213928756,1.4897488499999998
7835,0.0024599412000000003,0.5427135,0.215375992,1.6031156699999998
7836,0.0024609411999999995,0.522613,0.21682322799999998,1.7731659
7837,0.0024619412000000005,0.5427135,0.215375992,2.0943718899999997
7838,0.0024629412,0.522613,0.21682322799999998,2.43447235
7839,0.002463941200000001,0.5025125,0.21682322799999998,2.88793963
7840,0.0024649412,0.5427135,0.215375992,3.26582903
7841,0.0024659411999999993,0.522613,0.21682322799999998,3.4736681999999997
7842,0.0024669412000000003,0.562814,0.218270464,3.45477373
7843,0.0024679411999999996,0.562814,0.218270464,3.2091456199999997
7844,0.0024689412000000006,0.5427135,0.218270464,2.69899493
7845,0.0024699412,0.522613,0.218270464,2.1699497699999997
7846,0.002470941199999999,0.5427135,0.218270464,1.7542714299999997
7847,0.0024719412,0.5427135,0.21682322799999998,1.5275377899999998
7848,0.0024729411999999994,0.5427135,0.21682322799999998,1.6031156699999998
7849,0.0024739412000000004,0.5427135,0.215375992,1.98100507
7850,0.0024749411999999997,0.5427135,0.21682322799999998,2.47226129
7851,0.0024759412000000007,0.562814,0.215375992,2.92572857
7852,0.0024769412,0.562814,0.215375992,3.3225124399999997
7853,0.002477941199999999,0.5427135,0.213928756,3.49256267
7854,0.0024789412,0.5427135,0.213928756,3.43587926
7855,0.0024799411999999995,0.5427135,0.215375992,3.1713566799999997
7856,0.0024809412000000005,0.562814,0.21248151999999998,2.7934672799999998
7857,0.0024819411999999997,0.5427135,0.21248151999999998,2.3211055299999996
7858,0.0024829412000000007,0.562814,0.213928756,1.92432166
7859,0.0024839412,0.5427135,0.213928756,1.6786935499999998
7860,0.0024849411999999993,0.5427135,0.213928756,1.54643226
7861,0.0024859412000000003,0.5427135,0.21248151999999998,1.5275377899999998
7862,0.0024869411999999995,0.522613,0.213928756,1.65979908
7863,0.0024879412000000005,0.522613,0.213928756,1.8298493099999997
7864,0.0024889412,0.522613,0.215375992,2.1321608299999997
7865,0.002489941200000001,0.5427135,0.213928756,2.43447235
7866,0.0024909412,0.5427135,0.213928756,2.77457281
7867,0.0024919411999999993,0.562814,0.215375992,3.0202009199999997
7868,0.0024929412000000003,0.5427135,0.21682322799999998,3.2469345599999997
7869,0.0024939411999999996,0.5427135,0.215375992,3.3980903199999997
7870,0.0024949412000000006,0.5427135,0.21682322799999998,3.4736681999999997
7871,0.0024959412,0.5427135,0.21682322799999998,3.49256267
7872,0.002496941199999999,0.5427135,0.21682322799999998,3.43587926
7873,0.0024979412,0.562814,0.21682322799999998,3.30361797
7874,0.0024989411999999994,0.562814,0.21682322799999998,3.0579898599999997
7875,0.0024999412000000004,0.5427135,0.218270464,2.81236175
7876,0.0025009411999999996,0.5427135,0.21682322799999998,2.49115576
7877,0.0025019412000000006,0.522613,0.21682322799999998,2.1321608299999997
7878,0.0025029412,0.5427135,0.21682322799999998,1.88653272
7879,0.002503941199999999,0.5427135,0.21682322799999998,1.65979908
7880,0.0025049412,0.5427135,0.21682322799999998,1.5275377899999998
7881,0.0025059411999999994,0.5427135,0.218270464,1.5653267299999998
7882,0.0025069412000000004,0.562814,0.215375992,1.7542714299999997
7883,0.0025079411999999997,0.562814,0.21682322799999998,2.11326636
7884,0.0025089412000000007,0.522613,0.215375992,2.5289447
7885,0.0025099412,0.5427135,0.215375992,2.96351751
7886,0.0025109411999999992,0.562814,0.21682322799999998,3.30361797
7887,0.0025119412000000002,0.522613,0.215375992,3.49256267
7888,0.0025129411999999995,0.5427135,0.215375992,3.43587926
7889,0.0025139412000000005,0.5427135,0.215375992,3.15246221
7890,0.0025149411999999998,0.522613,0.213928756,2.68010046
7891,0.0025159412000000008,0.562814,0.215375992,2.1699497699999997
7892,0.0025169412,0.5427135,0.21248151999999998,1.7731659
7893,0.0025179411999999993,0.5427135,0.213928756,1.4897488499999998
7894,0.0025189412000000003,0.522613,0.215375992,1.5842212
7895,0.0025199411999999996,0.5427135,0.215375992,1.8676382499999997
7896,0.0025209412000000006,0.562814,0.215375992,2.2833165899999996
7897,0.0025219412,0.562814,0.215375992,2.73678387
7898,0.002522941200000001,0.522613,0.213928756,3.15246221
7899,0.0025239412,0.5427135,0.215375992,3.43587926
7900,0.0025249411999999994,0.522613,0.21682322799999998,3.49256267
7901,0.0025259412000000004,0.562814,0.215375992,3.37919585
7902,0.0025269411999999996,0.562814,0.215375992,3.07688433
7903,0.0025279412000000006,0.562814,0.215375992,2.73678387
7904,0.0025289412,0.522613,0.21682322799999998,2.35889447
7905,0.002529941199999999,0.522613,0.218270464,1.98100507
7906,0.0025309412,0.522613,0.21682322799999998,1.7164824899999997
7907,0.0025319411999999994,0.5427135,0.218270464,1.5275377899999998
7908,0.0025329412000000004,0.562814,0.21682322799999998,1.5275377899999998
7909,0.0025339411999999997,0.562814,0.21682322799999998,1.62201014
7910,0.0025349412000000007,0.522613,0.21682322799999998,1.8298493099999997
7911,0.0025359412,0.5829145,0.218270464,2.0943718899999997
7912,0.0025369411999999992,0.522613,0.215375992,2.34
7913,0.0025379412000000002,0.5427135,0.21682322799999998,2.64231152
7914,0.0025389411999999995,0.5427135,0.218270464,2.96351751
7915,0.0025399412000000005,0.5829145,0.218270464,3.2091456199999997
7916,0.0025409411999999998,0.522613,0.21682322799999998,3.37919585
7917,0.0025419412000000008,0.5829145,0.21682322799999998,3.49256267
7918,0.0025429412,0.562814,0.21682322799999998,3.49256267
7919,0.0025439411999999993,0.522613,0.215375992,3.37919585
7920,0.0025449412000000003,0.562814,0.218270464,3.19025115
7921,0.0025459411999999996,0.5427135,0.21682322799999998,2.92572857
7922,0.0025469412000000006,0.562814,0.215375992,2.56673364
7923,0.0025479412,0.562814,0.215375992,2.18884424
7924,0.002548941200000001,0.562814,0.213928756,1.8676382499999997
7925,0.0025499412,0.522613,0.213928756,1.6786935499999998
7926,0.0025509411999999993,0.522613,0.215375992,1.5275377899999998
7927,0.0025519412000000003,0.5427135,0.215375992,1.54643226
7928,0.0025529411999999996,0.562814,0.213928756,1.73537696
7929,0.0025539412000000006,0.5427135,0.215375992,2.0565829499999997
7930,0.0025549412,0.5427135,0.213928756,2.45336682
7931,0.002555941199999999,0.562814,0.213928756,2.9068340999999998
7932,0.0025569412,0.5427135,0.213928756,3.2847235
7933,0.0025579411999999994,0.5427135,0.215375992,3.49256267
7934,0.0025589412000000004,0.5829145,0.215375992,3.4736681999999997
7935,0.0025599411999999997,0.5829145,0.215375992,3.2469345599999997
7936,0.0025609412000000007,0.5427135,0.215375992,2.88793963
7937,0.0025619412,0.5427135,0.213928756,2.30221106
7938,0.002562941199999999,0.562814,0.215375992,1.9621106
7939,0.0025639412,0.5427135,0.215375992,1.6031156699999998
7940,0.0025649411999999995,0.562814,0.21682322799999998,1.54643226
7941,0.0025659412000000005,0.5829145,0.215375992,1.65979908
7942,0.0025669411999999997,0.5427135,0.213928756,1.94321613
7943,0.0025679412000000007,0.5427135,0.21682322799999998,2.37778894
7944,0.0025689412,0.5427135,0.21682322799999998,2.7934672799999998
7945,0.0025699411999999993,0.5427135,0.21682322799999998,3.1713566799999997
7946,0.0025709412000000003,0.562814,0.215375992,3.41698479
7947,0.0025719411999999995,0.5427135,0.21682322799999998,3.51145714
7948,0.0025729412000000005,0.5427135,0.215375992,3.43587926
7949,0.0025739412,0.562814,0.215375992,3.19025115
7950,0.002574941200000001,0.5427135,0.21682322799999998,2.8690451599999998
7951,0.0025759412,0.5427135,0.21682322799999998,2.45336682
7952,0.0025769411999999993,0.562814,0.215375992,2.11326636
7953,0.0025779412000000003,0.5829145,0.21682322799999998,1.84874378
7954,0.0025789411999999996,0.562814,0.21682322799999998,1.62201014
7955,0.0025799412000000006,0.5427135,0.21682322799999998,1.5275377899999998
7956,0.0025809412,0.5829145,0.213928756,1.54643226
7957,0.002581941199999999,0.562814,0.213928756,1.73537696
7958,0.0025829412,0.5829145,0.215375992,1.92432166
7959,0.0025839411999999994,0.562814,0.213928756,2.2077387099999997
7960,0.0025849412000000004,0.5427135,0.215375992,2.5289447
7961,0.0025859411999999997,0.603015,0.213928756,2.85015069
7962,0.0025869412000000007,0.5427135,0.213928756,3.1335677399999997
7963,0.0025879412,0.5829145,0.215375992,3.36030138
7964,0.002588941199999999,0.5829145,0.215375992,3.4736681999999997
7965,0.0025899412,0.562814,0.215375992,3.51145714
7966,0.0025909411999999995,0.562814,0.215375992,3.45477373
7967,0.0025919412000000005,0.5427135,0.215375992,3.2469345599999997
7968,0.0025929411999999997,0.562814,0.215375992,2.96351751
7969,0.0025939412000000007,0.562814,0.215375992,2.62341705
7970,0.0025949412,0.5427135,0.215375992,2.22663318
7971,0.0025959411999999992,0.5427135,0.215375992,1.92432166
7972,0.0025969412000000002,0.562814,0.215375992,1.65979908
7973,0.0025979411999999995,0.562814,0.21682322799999998,1.5275377899999998
7974,0.0025989412000000005,0.562814,0.215375992,1.5653267299999998
7975,0.0025999411999999998,0.5829145,0.215375992,1.7542714299999997
7976,0.0026009412000000008,0.5829145,0.21682322799999998,2.0943718899999997
7977,0.0026019412,0.562814,0.21682322799999998,2.51005023
7978,0.0026029411999999993,0.562814,0.21682322799999998,2.92572857
7979,0.0026039412000000003,0.5829145,0.218270464,3.2847235
7980,0.0026049411999999996,0.5427135,0.21682322799999998,3.45477373
7981,0.0026059412000000006,0.5427135,0.215375992,3.4736681999999997
7982,0.0026069412,0.562814,0.21682322799999998,3.2469345599999997
7983,0.002607941199999999,0.562814,0.215375992,2.8312562199999998
7984,0.0026089412,0.562814,0.21682322799999998,2.39668341
7985,0.0026099411999999994,0.562814,0.21682322799999998,1.9621106
7986,0.0026109412000000004,0.5829145,0.215375992,1.6786935499999998
7987,0.0026119411999999996,0.5829145,0.21682322799999998,1.5275377899999998
7988,0.0026129412000000006,0.603015,0.21682322799999998,1.6031156699999998
7989,0.0026139412,0.5427135,0.215375992,1.84874378
7990,0.002614941199999999,0.5427135,0.215375992,2.2077387099999997
7991,0.0026159412,0.562814,0.215375992,2.66120599
7992,0.0026169411999999994,0.5829145,0.215375992,3.07688433
7993,0.0026179412000000004,0.562814,0.215375992,3.36030138
7994,0.0026189411999999997,0.562814,0.215375992,3.51145714
7995,0.0026199412000000007,0.5427135,0.21682322799999998,3.45477373
7996,0.0026209412,0.5427135,0.213928756,3.2091456199999997
7997,0.0026219411999999992,0.562814,0.21682322799999998,2.9446230399999997
7998,0.0026229412000000002,0.562814,0.215375992,2.5289447
7999,0.0026239411999999995,0.5829145,0.21682322799999998,2.22663318
8000,0.0026249412000000005,0.562814,0.21682322799999998,1.8676382499999997
8001,0.0026259411999999998,0.5829145,0.215375992,1.6409046099999998
8002,0.0026269412000000008,0.5829145,0.215375992,1.5653267299999998
8003,0.0026279412,0.5829145,0.215375992,1.5653267299999998
8004,0.0026289411999999993,0.562814,0.215375992,1.73537696
8005,0.0026299412000000003,0.562814,0.215375992,1.98100507
8006,0.0026309411999999996,0.603015,0.215375992,2.3211055299999996
8007,0.0026319412000000006,0.562814,0.213928756,2.60452258
8008,0.0026329412,0.5829145,0.21682322799999998,2.9068340999999998
8009,0.002633941200000001,0.562814,0.21682322799999998,3.19025115
8010,0.0026349412,0.5427135,0.21682322799999998,3.3980903199999997
8011,0.0026359411999999994,0.562814,0.21682322799999998,3.49256267
8012,0.0026369412000000004,0.562814,0.218270464,3.49256267
8013,0.0026379411999999996,0.562814,0.215375992,3.26582903
8014,0.0026389412000000006,0.5829145,0.215375992,3.0579898599999997
8015,0.0026399412,0.562814,0.21682322799999998,2.68010046
8016,0.002640941199999999,0.562814,0.21682322799999998,2.3211055299999996
8017,0.0026419412,0.5829145,0.21682322799999998,1.9621106
8018,0.0026429411999999994,0.562814,0.21682322799999998,1.6409046099999998
8019,0.0026439412000000004,0.562814,0.215375992,1.5275377899999998
8020,0.0026449411999999997,0.5829145,0.21682322799999998,1.6031156699999998
8021,0.0026459412000000007,0.5829145,0.215375992,1.7731659
8022,0.0026469412,0.5829145,0.21682322799999998,2.0943718899999997
8023,0.002647941199999999,0.562814,0.215375992,2.49115576
8024,0.0026489412,0.5427135,0.215375992,2.92572857
8025,0.0026499411999999995,0.5427135,0.215375992,3.2847235
8026,0.0026509412000000005,0.562814,0.215375992,3.45477373
8027,0.0026519411999999997,0.5427135,0.215375992,3.4736681999999997
8028,0.0026529412000000007,0.562814,0.213928756,3.34140691
8029,0.0026539412,0.5829145,0.215375992,2.9446230399999997
8030,0.0026549411999999993,0.5427135,0.215375992,2.62341705
8031,0.0026559412000000003,0.562814,0.215375992,2.1510553
8032,0.0026569411999999995,0.5829145,0.215375992,1.7920603699999997
8033,0.0026579412000000005,0.5829145,0.215375992,1.5653267299999998
8034,0.0026589412,0.5829145,0.215375992,1.54643226
8035,0.002659941200000001,0.5829145,0.215375992,1.73537696
8036,0.0026609412,0.562814,0.213928756,2.0943718899999997
8037,0.0026619411999999993,0.5829145,0.215375992,2.5289447
8038,0.0026629412000000003,0.5427135,0.21682322799999998,2.9824119799999997
8039,0.0026639411999999996,0.603015,0.215375992,3.2847235
8040,0.0026649412000000006,0.5427135,0.215375992,3.4736681999999997
8041,0.0026659412,0.562814,0.213928756,3.4736681999999997
8042,0.002666941199999999,0.562814,0.213928756,3.19025115
8043,0.0026679412,0.5829145,0.215375992,2.9068340999999998
8044,0.0026689411999999994,0.5829145,0.215375992,2.51005023
8045,0.0026699412000000004,0.5427135,0.215375992,2.1510553
8046,0.0026709411999999997,0.603015,0.215375992,1.8298493099999997
8047,0.0026719412000000007,0.562814,0.213928756,1.6031156699999998
8048,0.0026729412,0.5829145,0.21682322799999998,1.54643226
8049,0.002673941199999999,0.5829145,0.215375992,1.6409046099999998
8050,0.0026749412,0.562814,0.21682322799999998,1.88653272
8051,0.0026759411999999995,0.562814,0.21682322799999998,2.2455276499999997
8052,0.0026769412000000005,0.5829145,0.21682322799999998,2.62341705
8053,0.0026779411999999997,0.5829145,0.215375992,3.00130645
8054,0.0026789412000000007,0.5829145,0.21682322799999998,3.26582903
8055,0.0026799412,0.5829145,0.215375992,3.43587926
8056,0.0026809411999999993,0.562814,0.21682322799999998,3.49256267
8057,0.0026819412000000003,0.603015,0.215375992,3.43587926
8058,0.0026829411999999995,0.562814,0.215375992,3.22804009
8059,0.0026839412000000005,0.603015,0.21682322799999998,2.9446230399999997
8060,0.0026849412,0.5427135,0.215375992,2.54783917
8061,0.002685941200000001,0.5829145,0.21682322799999998,2.2833165899999996
8062,0.0026869412,0.5427135,0.215375992,1.94321613
8063,0.0026879411999999993,0.5829145,0.215375992,1.6786935499999998
8064,0.0026889412000000003,0.5829145,0.215375992,1.54643226
8065,0.0026899411999999996,0.562814,0.215375992,1.5275377899999998
8066,0.0026909412000000006,0.562814,0.215375992,1.69758802
8067,0.0026919412,0.5829145,0.215375992,1.98100507
8068,0.002692941199999999,0.5829145,0.215375992,2.34
8069,0.0026939412,0.5829145,0.215375992,2.73678387
8070,0.0026949411999999994,0.5829145,0.215375992,3.0957787999999997
8071,0.0026959412000000004,0.5829145,0.215375992,3.37919585
8072,0.0026969411999999996,0.5829145,0.213928756,3.49256267
8073,0.0026979412000000006,0.5829145,0.21682322799999998,3.43587926
8074,0.0026989412,0.5829145,0.215375992,3.2469345599999997
8075,0.002699941199999999,0.5829145,0.213928756,2.8312562199999998
8076,0.0027009412,0.5829145,0.215375992,2.41557788
8077,0.0027019411999999994,0.562814,0.21682322799999998,2.0565829499999997
8078,0.0027029412000000004,0.5829145,0.215375992,1.7164824899999997
8079,0.0027039411999999997,0.5829145,0.21682322799999998,1.54643226
8080,0.0027049412000000007,0.5829145,0.215375992,1.6031156699999998
8081,0.0027059412,0.5829145,0.213928756,1.84874378
8082,0.0027069411999999992,0.603015,0.21682322799999998,2.1699497699999997
8083,0.0027079412000000002,0.562814,0.215375992,2.68010046
8084,0.0027089411999999995,0.5829145,0.213928756,3.1335677399999997
8085,0.0027099412000000005,0.603015,0.215375992,3.41698479
8086,0.0027109411999999998,0.5829145,0.218270464,3.51145714
8087,0.0027119412000000008,0.603015,0.215375992,3.36030138
8088,0.0027129412,0.562814,0.213928756,3.07688433
8089,0.0027139411999999993,0.603015,0.215375992,2.68010046
8090,0.0027149412000000003,0.603015,0.215375992,2.22663318
8091,0.0027159411999999996,0.5829145,0.215375992,1.81095484
8092,0.0027169412000000006,0.562814,0.21682322799999998,1.62201014
8093,0.0027179412,0.5829145,0.215375992,1.50864332
8094,0.002718941200000001,0.603015,0.215375992,1.62201014
8095,0.0027199412,0.5829145,0.215375992,1.88653272
8096,0.0027209411999999994,0.5829145,0.215375992,2.2077387099999997
8097,0.0027219412000000004,0.5829145,0.215375992,2.60452258
8098,0.0027229411999999996,0.5829145,0.215375992,3.00130645
8099,0.0027239412000000006,0.5829145,0.215375992,3.26582903
8100,0.0027249412,0.603015,0.215375992,3.43587926
8101,0.002725941199999999,0.5829145,0.215375992,3.53035161
8102,0.0027269412,0.5829145,0.215375992,3.43587926
8103,0.0027279411999999994,0.5829145,0.21682322799999998,3.26582903
8104,0.0027289412000000004,0.562814,0.215375992,2.9824119799999997
8105,0.0027299411999999997,0.5829145,0.21682322799999998,2.7178894
8106,0.0027309412000000007,0.603015,0.215375992,2.39668341
8107,0.0027319412,0.603015,0.215375992,2.0565829499999997
8108,0.0027329411999999992,0.603015,0.215375992,1.7920603699999997
8109,0.0027339412000000002,0.562814,0.215375992,1.6031156699999998
8110,0.0027349411999999995,0.603015,0.21682322799999998,1.5275377899999998
8111,0.0027359412000000005,0.603015,0.215375992,1.5842212
8112,0.0027369411999999997,0.5829145,0.215375992,1.7542714299999997
8113,0.0027379412000000007,0.5829145,0.215375992,2.0187940099999997
8114,0.0027389412,0.5829145,0.215375992,2.35889447
8115,0.0027399411999999993,0.5829145,0.21682322799999998,2.7178894
8116,0.0027409412000000003,0.5829145,0.215375992,3.1335677399999997
8117,0.0027419411999999995,0.603015,0.213928756,3.3980903199999997
8118,0.0027429412000000005,0.603015,0.215375992,3.4736681999999997
8119,0.0027439412,0.603015,0.213928756,3.43587926
8120,0.002744941200000001,0.5829145,0.215375992,3.19025115
8121,0.0027459412,0.5829145,0.215375992,2.8312562199999998
8122,0.0027469411999999993,0.5829145,0.215375992,2.3211055299999996
8123,0.0027479412000000003,0.5829145,0.215375992,1.90542719
8124,0.0027489411999999996,0.603015,0.215375992,1.62201014
8125,0.0027499412000000006,0.5829145,0.215375992,1.5275377899999998
8126,0.0027509412,0.603015,0.215375992,1.65979908
8127,0.002751941199999999,0.5829145,0.215375992,2.0187940099999997
8128,0.0027529412,0.5829145,0.215375992,2.49115576
8129,0.0027539411999999994,0.603015,0.21682322799999998,2.96351751
8130,0.0027549412000000004,0.5829145,0.215375992,3.30361797
8131,0.0027559411999999997,0.603015,0.215375992,3.4736681999999997
8132,0.0027569412000000007,0.5829145,0.21682322799999998,3.43587926
8133,0.0027579412,0.562814,0.21682322799999998,3.11467327
8134,0.002758941199999999,0.603015,0.215375992,2.66120599
8135,0.0027599412,0.5829145,0.21682322799999998,2.2077387099999997
8136,0.0027609411999999995,0.562814,0.21682322799999998,1.84874378
8137,0.0027619412000000005,0.5829145,0.21682322799999998,1.6031156699999998
8138,0.0027629411999999997,0.603015,0.21682322799999998,1.5275377899999998
8139,0.0027639412000000007,0.5829145,0.21682322799999998,1.6409046099999998
8140,0.0027649412,0.5829145,0.215375992,1.84874378
8141,0.0027659411999999993,0.5829145,0.215375992,2.1699497699999997
8142,0.0027669412000000003,0.5829145,0.215375992,2.5289447
8143,0.0027679411999999995,0.5829145,0.213928756,2.88793963
8144,0.0027689412000000005,0.603015,0.213928756,3.1713566799999997
8145,0.0027699412,0.5829145,0.21682322799999998,3.37919585
8146,0.002770941200000001,0.5829145,0.215375992,3.49256267
8147,0.0027719412,0.5829145,0.215375992,3.4736681999999997
8148,0.0027729411999999993,0.603015,0.215375992,3.3980903199999997
8149,0.0027739412000000003,0.5829145,0.215375992,3.1713566799999997
8150,0.0027749411999999996,0.5829145,0.215375992,2.9446230399999997
8151,0.0027759412000000006,0.5829145,0.21682322799999998,2.58562811
8152,0.0027769412,0.603015,0.215375992,2.34
8153,0.002777941199999999,0.562814,0.215375992,2.03768848
8154,0.0027789412,0.603015,0.213928756,1.7920603699999997
8155,0.0027799411999999994,0.5829145,0.213928756,1.6031156699999998
8156,0.0027809412000000004,0.603015,0.21682322799999998,1.5275377899999998
8157,0.0027819411999999996,0.603015,0.215375992,1.5842212
8158,0.0027829412000000006,0.5829145,0.213928756,1.73537696
8159,0.0027839412,0.5829145,0.21682322799999998,2.0187940099999997
8160,0.002784941199999999,0.603015,0.215375992,2.35889447
8161,0.0027859412,0.6231155,0.215375992,2.7178894
8162,0.0027869411999999994,0.5829145,0.218270464,3.0957787999999997
8163,0.0027879412000000004,0.5829145,0.21682322799999998,3.36030138
8164,0.0027889411999999997,0.603015,0.21682322799999998,3.51145714
8165,0.0027899412000000007,0.603015,0.21682322799999998,3.45477373
8166,0.0027909412,0.5829145,0.215375992,3.2091456199999997
8167,0.0027919411999999992,0.603015,0.21682322799999998,2.8312562199999998
8168,0.0027929412000000002,0.603015,0.215375992,2.34
8169,0.0027939411999999995,0.603015,0.218270464,1.90542719
8170,0.0027949412000000005,0.603015,0.21682322799999998,1.5842212
8171,0.0027959411999999998,0.603015,0.21682322799999998,1.54643226
8172,0.0027969412000000008,0.6231155,0.21682322799999998,1.73537696
8173,0.0027979412,0.562814,0.21682322799999998,2.11326636
8174,0.0027989411999999993,0.603015,0.21682322799999998,2.64231152
8175,0.0027999412000000003,0.5829145,0.215375992,3.11467327
8176,0.0028009411999999996,0.603015,0.21682322799999998,3.3980903199999997
8177,0.0028019412000000006,0.603015,0.213928756,3.49256267
8178,0.0028029412,0.603015,0.215375992,3.3225124399999997
8179,0.002803941199999999,0.603015,0.215375992,3.0202009199999997
8180,0.0028049412,0.603015,0.213928756,2.58562811
8181,0.0028059411999999994,0.6231155,0.213928756,2.1510553
8182,0.0028069412000000004,0.5829145,0.213928756,1.73537696
8183,0.0028079411999999996,0.603015,0.213928756,1.5653267299999998
8184,0.0028089412000000006,0.603015,0.215375992,1.5275377899999998
8185,0.0028099412,0.603015,0.215375992,1.6786935499999998
8186,0.002810941199999999,0.603015,0.213928756,1.90542719
8187,0.0028119412,0.603015,0.213928756,2.22663318
8188,0.0028129411999999994,0.5829145,0.215375992,2.60452258
8189,0.0028139412000000004,0.5829145,0.215375992,2.9446230399999997
8190,0.0028149411999999997,0.5829145,0.213928756,3.22804009
8191,0.0028159412000000007,0.562814,0.215375992,3.41698479
8192,0.0028169412,0.5829145,0.215375992,3.51145714
8193,0.0028179411999999992,0.5829145,0.215375992,3.49256267
8194,0.0028189412000000002,0.603015,0.21682322799999998,3.3980903199999997
8195,0.0028199411999999995,0.603015,0.213928756,3.2091456199999997
8196,0.0028209412000000005,0.603015,0.215375992,3.0202009199999997
8197,0.0028219411999999998,0.5829145,0.21682322799999998,2.69899493
8198,0.0028229412000000008,0.5829145,0.21682322799999998,2.37778894
8199,0.0028239412,0.5829145,0.215375992,2.11326636
8200,0.0028249411999999993,0.5829145,0.21682322799999998,1.8676382499999997
8201,0.0028259412000000003,0.5829145,0.215375992,1.6409046099999998
8202,0.0028269411999999996,0.603015,0.215375992,1.5842212
8203,0.0028279412000000006,0.603015,0.215375992,1.5275377899999998
8204,0.0028289412,0.603015,0.215375992,1.6409046099999998
8205,0.002829941200000001,0.603015,0.21682322799999998,1.90542719
8206,0.0028309412,0.6231155,0.21682322799999998,2.26442212
8207,0.0028319411999999993,0.603015,0.215375992,2.64231152
8208,0.0028329412000000003,0.5829145,0.213928756,3.00130645
8209,0.0028339411999999996,0.603015,0.21682322799999998,3.2847235
8210,0.0028349412000000006,0.603015,0.215375992,3.4736681999999997
8211,0.0028359412,0.603015,0.215375992,3.43587926
8212,0.002836941199999999,0.603015,0.215375992,3.2469345599999997
8213,0.0028379412,0.603015,0.215375992,2.7934672799999998
8214,0.0028389411999999994,0.6231155,0.215375992,2.30221106
8215,0.0028399412000000004,0.603015,0.215375992,1.8676382499999997
8216,0.0028409411999999997,0.603015,0.215375992,1.5842212
8217,0.0028419412000000007,0.603015,0.213928756,1.54643226
8218,0.0028429412,0.603015,0.213928756,1.8298493099999997
8219,0.002843941199999999,0.603015,0.213928756,2.2833165899999996
8220,0.0028449412,0.603015,0.21682322799999998,2.77457281
8221,0.0028459411999999995,0.603015,0.215375992,3.2091456199999997
8222,0.0028469412000000005,0.643216,0.213928756,3.45477373
8223,0.0028479411999999997,0.603015,0.213928756,3.51145714
8224,0.0028489412000000007,0.6231155,0.215375992,3.2469345599999997
8225,0.0028499412,0.603015,0.21682322799999998,2.88793963
8226,0.0028509411999999993,0.6231155,0.215375992,2.41557788
8227,0.0028519412000000003,0.6231155,0.215375992,2.0565829499999997
8228,0.0028529411999999995,0.6231155,0.21682322799999998,1.7731659
8229,0.0028539412000000005,0.603015,0.21682322799999998,1.5653267299999998
8230,0.0028549412,0.6231155,0.21682322799999998,1.5275377899999998
8231,0.002855941200000001,0.643216,0.21682322799999998,1.65979908
8232,0.0028569412,0.603015,0.215375992,1.84874378
8233,0.0028579411999999993,0.6231155,0.21682322799999998,2.1321608299999997
8234,0.0028589412000000003,0.5829145,0.21682322799999998,2.43447235
8235,0.0028599411999999996,0.643216,0.21682322799999998,2.73678387
8236,0.0028609412000000006,0.603015,0.21682322799999998,3.0202009199999997
8237,0.0028619412,0.5829145,0.21682322799999998,3.19025115
8238,0.002862941199999999,0.6231155,0.21682322799999998,3.36030138
8239,0.0028639412,0.6231155,0.215375992,3.4736681999999997
8240,0.0028649411999999994,0.6231155,0.21682322799999998,3.49256267
8241,0.0028659412000000004,0.5829145,0.218270464,3.41698479
8242,0.0028669411999999997,0.6231155,0.218270464,3.26582903
8243,0.0028679412000000007,0.603015,0.215375992,3.07688433
8244,0.0028689412,0.603015,0.215375992,2.81236175
8245,0.002869941199999999,0.603015,0.21682322799999998,2.54783917
8246,0.0028709412,0.603015,0.215375992,2.2833165899999996
8247,0.0028719411999999995,0.603015,0.21682322799999998,1.99989954
8248,0.0028729412000000005,0.6231155,0.215375992,1.7542714299999997
8249,0.0028739411999999997,0.603015,0.215375992,1.6031156699999998
8250,0.0028749412000000007,0.6231155,0.213928756,1.5275377899999998
8251,0.0028759412,0.6231155,0.215375992,1.6031156699999998
8252,0.0028769411999999992,0.6231155,0.213928756,1.81095484
8253,0.0028779412000000002,0.6231155,0.213928756,2.1510553
8254,0.0028789411999999995,0.603015,0.213928756,2.54783917
8255,0.0028799412000000005,0.643216,0.213928756,2.96351751
8256,0.0028809411999999998,0.6231155,0.215375992,3.37919585
8257,0.0028819412000000008,0.603015,0.213928756,3.49256267
8258,0.0028829412,0.603015,0.215375992,3.3980903199999997
8259,0.0028839411999999993,0.6231155,0.215375992,3.07688433
8260,0.0028849412000000003,0.6231155,0.213928756,2.58562811
8261,0.0028859411999999996,0.6231155,0.213928756,2.1321608299999997
8262,0.0028869412000000006,0.603015,0.21682322799999998,1.7164824899999997
8263,0.0028879412,0.603015,0.215375992,1.5275377899999998
8264,0.002888941199999999,0.6231155,0.21682322799999998,1.6409046099999998
8265,0.0028899412,0.603015,0.21682322799999998,2.0187940099999997
8266,0.0028909411999999994,0.603015,0.215375992,2.49115576
8267,0.0028919412000000004,0.603015,0.21682322799999998,2.9824119799999997
8268,0.0028929411999999996,0.603015,0.218270464,3.3225124399999997
8269,0.0028939412000000006,0.603015,0.21682322799999998,3.49256267
8270,0.0028949412,0.6231155,0.21682322799999998,3.43587926
8271,0.002895941199999999,0.6231155,0.21682322799999998,3.1713566799999997
8272,0.0028969412,0.643216,0.21682322799999998,2.8312562199999998
8273,0.0028979411999999994,0.6231155,0.218270464,2.34
8274,0.0028989412000000004,0.6231155,0.215375992,2.0187940099999997
8275,0.0028999411999999997,0.643216,0.21682322799999998,1.7164824899999997
8276,0.0029009412000000007,0.603015,0.215375992,1.54643226
8277,0.0029019412,0.6231155,0.21682322799999998,1.54643226
8278,0.0029029411999999992,0.6231155,0.215375992,1.62201014
8279,0.0029039412000000002,0.603015,0.21682322799999998,1.84874378
8280,0.0029049411999999995,0.603015,0.213928756,2.0187940099999997
8281,0.0029059412000000005,0.603015,0.21248151999999998,2.3211055299999996
8282,0.0029069411999999998,0.6231155,0.213928756,2.60452258
8283,0.0029079412000000008,0.603015,0.213928756,2.85015069
8284,0.0029089412,0.6231155,0.215375992,3.0957787999999997
8285,0.0029099411999999993,0.603015,0.213928756,3.30361797
8286,0.0029109412000000003,0.643216,0.211034284,3.41698479
8287,0.0029119411999999996,0.643216,0.213928756,3.51145714
8288,0.0029129412000000006,0.603015,0.213928756,3.49256267
8289,0.0029139412,0.6231155,0.213928756,3.37919585
8290,0.002914941199999999,0.643216,0.213928756,3.2469345599999997
8291,0.0029159412,0.603015,0.213928756,3.00130645
8292,0.0029169411999999994,0.6231155,0.213928756,2.75567834
8293,0.0029179412000000004,0.6231155,0.215375992,2.41557788
8294,0.0029189411999999996,0.603015,0.215375992,2.1321608299999997
8295,0.0029199412000000006,0.6231155,0.215375992,1.8298493099999997
8296,0.0029209412,0.603015,0.213928756,1.62201014
8297,0.002921941199999999,0.6231155,0.213928756,1.50864332
8298,0.0029229412,0.6231155,0.215375992,1.6409046099999998
8299,0.0029239411999999994,0.603015,0.215375992,1.92432166
8300,0.0029249412000000004,0.603015,0.21682322799999998,2.3211055299999996
8301,0.0029259411999999997,0.6231155,0.21682322799999998,2.73678387
8302,0.0029269412000000007,0.643216,0.215375992,3.19025115
8303,0.0029279412,0.603015,0.21682322799999998,3.43587926
8304,0.002928941199999999,0.643216,0.218270464,3.45477373
8305,0.0029299412,0.6231155,0.218270464,3.22804009
8306,0.0029309411999999995,0.6231155,0.218270464,2.81236175
8307,0.0029319412000000005,0.643216,0.218270464,2.30221106
8308,0.0029329411999999997,0.603015,0.215375992,1.8298493099999997
8309,0.0029339412000000007,0.6231155,0.218270464,1.5653267299999998
8310,0.0029349412,0.603015,0.215375992,1.5653267299999998
8311,0.0029359411999999993,0.6231155,0.215375992,1.8676382499999997
8312,0.0029369412000000003,0.643216,0.215375992,2.2833165899999996
8313,0.0029379411999999995,0.6231155,0.215375992,2.7934672799999998
8314,0.0029389412000000005,0.6231155,0.213928756,3.2469345599999997
8315,0.0029399412,0.6231155,0.213928756,3.4736681999999997
8316,0.002940941200000001,0.603015,0.213928756,3.49256267
8317,0.0029419412,0.6231155,0.215375992,3.30361797
8318,0.0029429411999999993,0.6231155,0.213928756,3.03909539
8319,0.0029439412000000003,0.6231155,0.213928756,2.58562811
8320,0.0029449411999999996,0.6231155,0.215375992,2.22663318
8321,0.0029459412000000006,0.643216,0.213928756,1.92432166
8322,0.0029469412,0.6231155,0.213928756,1.69758802
8323,0.002947941199999999,0.603015,0.215375992,1.54643226
8324,0.0029489412,0.643216,0.213928756,1.5275377899999998
8325,0.0029499411999999994,0.6231155,0.213928756,1.6409046099999998
8326,0.0029509412000000004,0.6231155,0.213928756,1.84874378
8327,0.0029519411999999997,0.603015,0.213928756,2.11326636
8328,0.0029529412000000007,0.6231155,0.215375992,2.37778894
8329,0.0029539412,0.6231155,0.215375992,2.69899493
8330,0.002954941199999999,0.6231155,0.215375992,3.00130645
8331,0.0029559412,0.643216,0.21682322799999998,3.2091456199999997
8332,0.0029569411999999995,0.643216,0.215375992,3.37919585
8333,0.0029579412000000005,0.6231155,0.21682322799999998,3.53035161
8334,0.0029589411999999997,0.603015,0.215375992,3.51145714
8335,0.0029599412000000007,0.603015,0.218270464,3.45477373
8336,0.0029609412,0.6231155,0.21682322799999998,3.26582903
8337,0.0029619411999999993,0.643216,0.215375992,3.03909539
8338,0.0029629412000000003,0.643216,0.21682322799999998,2.7178894
8339,0.0029639411999999995,0.643216,0.21682322799999998,2.35889447
8340,0.0029649412000000005,0.643216,0.218270464,2.0187940099999997
8341,0.0029659412,0.603015,0.21682322799999998,1.73537696
8342,0.002966941200000001,0.6231155,0.218270464,1.5653267299999998
8343,0.0029679412,0.6231155,0.21682322799999998,1.54643226
8344,0.0029689411999999993,0.6231155,0.215375992,1.69758802
8345,0.0029699412000000003,0.6231155,0.21682322799999998,2.0187940099999997
8346,0.0029709411999999996,0.643216,0.21682322799999998,2.43447235
8347,0.0029719412000000006,0.643216,0.21682322799999998,2.92572857
8348,0.0029729412,0.643216,0.215375992,3.30361797
8349,0.002973941199999999,0.6231155,0.213928756,3.51145714
8350,0.0029749412,0.603015,0.215375992,3.43587926
8351,0.0029759411999999994,0.6231155,0.213928756,3.1335677399999997
8352,0.0029769412000000004,0.6231155,0.215375992,2.60452258
8353,0.0029779411999999996,0.6231155,0.213928756,2.0943718899999997
8354,0.0029789412000000006,0.6231155,0.21248151999999998,1.7164824899999997
8355,0.0029799412,0.6231155,0.21248151999999998,1.5275377899999998
8356,0.002980941199999999,0.643216,0.21248151999999998,1.6409046099999998
8357,0.0029819412,0.683417,0.21248151999999998,1.98100507
8358,0.0029829411999999994,0.6633165,0.213928756,2.45336682
8359,0.0029839412000000004,0.643216,0.213928756,2.92572857
8360,0.0029849411999999997,0.643216,0.213928756,3.2847235
8361,0.0029859412000000007,0.6231155,0.213928756,3.49256267
8362,0.0029869412,0.643216,0.215375992,3.45477373
8363,0.0029879411999999992,0.643216,0.215375992,3.2847235
8364,0.0029889412000000002,0.6231155,0.215375992,2.9446230399999997
8365,0.0029899411999999995,0.6231155,0.215375992,2.58562811
8366,0.0029909412000000005,0.643216,0.21682322799999998,2.18884424
8367,0.0029919411999999998,0.643216,0.218270464,1.8298493099999997
8368,0.0029929412000000008,0.643216,0.21682322799999998,1.6409046099999998
8369,0.0029939412,0.643216,0.21682322799999998,1.5275377899999998
8370,0.0029949411999999993,0.6231155,0.218270464,1.54643226
8371,0.0029959412000000003,0.643216,0.218270464,1.69758802
8372,0.0029969411999999996,0.6231155,0.218270464,1.88653272
8373,0.0029979412000000006,0.643216,0.21682322799999998,2.1699497699999997
8374,0.0029989412,0.6231155,0.218270464,2.47226129
8375,0.002999941199999999,0.643216,0.215375992,2.77457281
8376,0.0030009412,0.643216,0.218270464,3.03909539
8377,0.0030019411999999994,0.6231155,0.21682322799999998,3.2469345599999997
8378,0.0030029412000000004,0.643216,0.21682322799999998,3.3980903199999997
8379,0.0030039411999999996,0.643216,0.215375992,3.49256267
8380,0.0030049412000000006,0.6231155,0.215375992,3.4736681999999997
8381,0.0030059412,0.6231155,0.218270464,3.41698479
8382,0.003006941199999999,0.643216,0.21682322799999998,3.1713566799999997
8383,0.0030079412,0.6231155,0.215375992,2.9446230399999997
8384,0.0030089411999999994,0.6231155,0.213928756,2.58562811
8385,0.0030099412000000004,0.643216,0.213928756,2.2077387099999997
8386,0.0030109411999999997,0.643216,0.213928756,1.92432166
8387,0.0030119412000000007,0.643216,0.213928756,1.6786935499999998
8388,0.0030129412,0.643216,0.213928756,1.50864332
8389,0.003013941199999999,0.643216,0.213928756,1.6031156699999998
8390,0.0030149412,0.643216,0.213928756,1.84874378
8391,0.0030159411999999995,0.6231155,0.21248151999999998,2.2077387099999997
8392,0.0030169412000000005,0.6231155,0.21248151999999998,2.68010046
8393,0.0030179411999999997,0.643216,0.213928756,3.15246221
8394,0.0030189412000000007,0.643216,0.213928756,3.41698479
8395,0.0030199412,0.6231155,0.213928756,3.4736681999999997
8396,0.0030209411999999993,0.643216,0.21248151999999998,3.2847235
8397,0.0030219412000000003,0.6633165,0.215375992,2.92572857
8398,0.0030229411999999995,0.6231155,0.215375992,2.39668341
8399,0.0030239412000000005,0.643216,0.215375992,1.92432166
8400,0.0030249412,0.6633165,0.215375992,1.6031156699999998
8401,0.003025941200000001,0.643216,0.218270464,1.54643226
8402,0.0030269412,0.643216,0.218270464,1.69758802
8403,0.0030279411999999993,0.6633165,0.218270464,2.0943718899999997
8404,0.0030289412000000003,0.6633165,0.218270464,2.5289447
8405,0.0030299411999999996,0.6231155,0.21682322799999998,2.9446230399999997
8406,0.0030309412000000006,0.643216,0.218270464,3.34140691
8407,0.0030319412,0.643216,0.21682322799999998,3.4736681999999997
8408,0.003032941199999999,0.6633165,0.218270464,3.43587926
8409,0.0030339412,0.643216,0.218270464,3.2469345599999997
8410,0.0030349411999999994,0.6231155,0.218270464,2.8690451599999998
8411,0.0030359412000000004,0.643216,0.21682322799999998,2.47226129
8412,0.0030369411999999997,0.643216,0.21682322799999998,2.0943718899999997
8413,0.0030379412000000007,0.643216,0.215375992,1.7731659
8414,0.0030389412,0.643216,0.215375992,1.5653267299999998
8415,0.003039941199999999,0.6633165,0.213928756,1.5275377899999998
8416,0.0030409412,0.643216,0.215375992,1.5842212
8417,0.0030419411999999995,0.643216,0.213928756,1.7542714299999997
8418,0.0030429412000000005,0.643216,0.21248151999999998,2.0187940099999997
8419,0.0030439411999999997,0.6231155,0.213928756,2.3211055299999996
8420,0.0030449412000000007,0.6633165,0.21248151999999998,2.56673364
8421,0.0030459412,0.643216,0.213928756,2.85015069
8422,0.0030469411999999993,0.6633165,0.21248151999999998,3.15246221
8423,0.0030479412000000003,0.643216,0.21248151999999998,3.34140691
8424,0.0030489411999999995,0.643216,0.213928756,3.45477373
8425,0.0030499412000000005,0.643216,0.213928756,3.51145714
8426,0.0030509412,0.6231155,0.213928756,3.43587926
8427,0.003051941200000001,0.643216,0.213928756,3.2847235
8428,0.0030529412,0.643216,0.215375992,3.03909539
8429,0.0030539411999999993,0.643216,0.21248151999999998,2.7178894
8430,0.0030549412000000003,0.643216,0.21248151999999998,2.39668341
8431,0.0030559411999999996,0.643216,0.213928756,2.03768848
8432,0.0030569412000000006,0.6633165,0.213928756,1.7731659
8433,0.0030579412,0.643216,0.21248151999999998,1.5653267299999998
8434,0.003058941199999999,0.643216,0.213928756,1.54643226
8435,0.0030599412,0.643216,0.21682322799999998,1.6786935499999998
8436,0.0030609411999999994,0.643216,0.21682322799999998,1.99989954
8437,0.0030619412000000004,0.6231155,0.218270464,2.47226129
8438,0.0030629411999999996,0.6633165,0.21682322799999998,2.96351751
8439,0.0030639412000000006,0.643216,0.21682322799999998,3.30361797
8440,0.0030649412,0.643216,0.218270464,3.51145714
8441,0.003065941199999999,0.643216,0.218270464,3.41698479
8442,0.0030669412,0.643216,0.218270464,3.1335677399999997
8443,0.0030679411999999994,0.643216,0.2197177,2.66120599
8444,0.0030689412000000004,0.6231155,0.218270464,2.2077387099999997
8445,0.0030699411999999997,0.643216,0.218270464,1.7731659
8446,0.0030709412000000007,0.643216,0.21682322799999998,1.5653267299999998
8447,0.0030719412,0.6633165,0.215375992,1.5653267299999998
8448,0.0030729411999999992,0.6633165,0.215375992,1.7920603699999997
8449,0.0030739412000000002,0.6633165,0.215375992,2.26442212
8450,0.0030749411999999995,0.643216,0.215375992,2.73678387
8451,0.0030759412000000005,0.643216,0.215375992,3.19025115
8452,0.0030769411999999998,0.643216,0.213928756,3.43587926
8453,0.0030779412000000008,0.683417,0.213928756,3.4736681999999997
8454,0.0030789412,0.643216,0.215375992,3.34140691
8455,0.0030799411999999993,0.643216,0.21248151999999998,2.9824119799999997
8456,0.0030809412000000003,0.6633165,0.215375992,2.56673364
8457,0.0030819411999999996,0.643216,0.213928756,2.1699497699999997
8458,0.0030829412000000006,0.6633165,0.213928756,1.8298493099999997
8459,0.0030839412,0.6231155,0.213928756,1.62201014
8460,0.003084941199999999,0.643216,0.213928756,1.54643226
8461,0.0030859412,0.643216,0.213928756,1.5842212
8462,0.0030869411999999994,0.6633165,0.213928756,1.7164824899999997
8463,0.0030879412000000004,0.643216,0.215375992,1.98100507
8464,0.0030889411999999996,0.643216,0.213928756,2.26442212
8465,0.0030899412000000006,0.643216,0.215375992,2.5289447
8466,0.0030909412,0.643216,0.215375992,2.85015069
8467,0.003091941199999999,0.6231155,0.21682322799999998,3.0957787999999997
8468,0.0030929412,0.6231155,0.215375992,3.3225124399999997
8469,0.0030939411999999994,0.6633165,0.218270464,3.45477373
8470,0.0030949412000000004,0.643216,0.218270464,3.49256267
8471,0.0030959411999999997,0.6633165,0.218270464,3.4736681999999997
8472,0.0030969412000000007,0.6633165,0.21682322799999998,3.36030138
8473,0.0030979412,0.6633165,0.218270464,3.03909539
8474,0.0030989411999999992,0.643216,0.218270464,2.73678387
8475,0.0030999412000000002,0.6633165,0.21682322799999998,2.37778894
8476,0.0031009411999999995,0.643216,0.21682322799999998,2.11326636
8477,0.0031019412000000005,0.643216,0.218270464,1.7731659
8478,0.0031029411999999998,0.643216,0.21682322799999998,1.6031156699999998
8479,0.0031039412000000008,0.643216,0.218270464,1.50864332
8480,0.0031049412,0.6633165,0.218270464,1.6409046099999998
8481,0.0031059411999999993,0.643216,0.215375992,1.88653272
8482,0.0031069412000000003,0.643216,0.21682322799999998,2.22663318
8483,0.0031079411999999996,0.6633165,0.21682322799999998,2.69899493
8484,0.0031089412000000006,0.6231155,0.215375992,3.1335677399999997
8485,0.0031099412,0.6633165,0.213928756,3.3980903199999997
8486,0.003110941199999999,0.6633165,0.213928756,3.53035161
8487,0.0031119412,0.6633165,0.213928756,3.41698479
8488,0.0031129411999999993,0.643216,0.213928756,3.07688433
8489,0.0031139412000000003,0.6633165,0.215375992,2.58562811
8490,0.0031149411999999996,0.683417,0.213928756,2.0943718899999997
8491,0.0031159412000000006,0.6633165,0.21248151999999998,1.73537696
8492,0.0031169412,0.643216,0.213928756,1.54643226
8493,0.003117941199999999,0.683417,0.21248151999999998,1.5842212
8494,0.0031189412,0.643216,0.21248151999999998,1.90542719
8495,0.0031199411999999994,0.643216,0.215375992,2.35889447
8496,0.0031209412000000004,0.643216,0.213928756,2.8690451599999998
8497,0.0031219411999999997,0.643216,0.215375992,3.26582903
8498,0.0031229412000000007,0.6633165,0.215375992,3.49256267
8499,0.0031239412,0.6633165,0.215375992,3.49256267
8500,0.003124941199999999,0.643216,0.215375992,3.26582903
8501,0.0031259412,0.643216,0.21682322799999998,2.88793963
8502,0.0031269411999999995,0.6633165,0.21682322799999998,2.51005023
8503,0.0031279412000000005,0.6633165,0.215375992,2.11326636
8504,0.0031289411999999997,0.6633165,0.21682322799999998,1.7920603699999997
8505,0.0031299412000000007,0.643216,0.218270464,1.6031156699999998
8506,0.0031309412,0.6633165,0.21682322799999998,1.50864332
8507,0.0031319411999999993,0.6633165,0.218270464,1.6031156699999998
8508,0.0031329412000000003,0.6633165,0.21682322799999998,1.7542714299999997
8509,0.0031339411999999995,0.683417,0.218270464,1.99989954
8510,0.0031349412000000005,0.643216,0.218270464,2.2833165899999996
8511,0.0031359412,0.6633165,0.21682322799999998,2.60452258
8512,0.003136941200000001,0.6633165,0.218270464,2.88793963
8513,0.0031379412,0.643216,0.21682322799999998,3.1713566799999997
8514,0.0031389411999999993,0.6633165,0.21682322799999998,3.36030138
8515,0.0031399412000000003,0.6633165,0.21682322799999998,3.4736681999999997
8516,0.0031409411999999996,0.643216,0.21682322799999998,3.53035161
8517,0.0031419412000000006,0.6633165,0.215375992,3.3980903199999997
8518,0.0031429412,0.643216,0.215375992,3.26582903
8519,0.003143941199999999,0.6633165,0.213928756,3.00130645
8520,0.0031449412,0.643216,0.215375992,2.69899493
8521,0.0031459411999999994,0.6633165,0.215375992,2.39668341
8522,0.0031469412000000004,0.643216,0.213928756,2.07547742
8523,0.0031479411999999997,0.6633165,0.21248151999999998,1.7920603699999997
8524,0.0031489412000000007,0.6633165,0.215375992,1.5842212
8525,0.0031499412,0.643216,0.213928756,1.50864332
8526,0.003150941199999999,0.6633165,0.213928756,1.6031156699999998
8527,0.0031519412,0.643216,0.21248151999999998,1.8676382499999997
8528,0.0031529411999999995,0.6633165,0.213928756,2.2455276499999997
8529,0.0031539412000000005,0.6633165,0.213928756,2.66120599
8530,0.0031549411999999997,0.6633165,0.21248151999999998,3.0579898599999997
8531,0.0031559412000000007,0.643216,0.21248151999999998,3.3980903199999997
8532,0.0031569412,0.683417,0.213928756,3.49256267
8533,0.0031579411999999992,0.6633165,0.213928756,3.3980903199999997
8534,0.0031589412000000002,0.643216,0.213928756,3.0579898599999997
8535,0.0031599411999999995,0.6633165,0.21682322799999998,2.58562811
8536,0.0031609412000000005,0.683417,0.21682322799999998,2.07547742
8537,0.0031619411999999998,0.6633165,0.21682322799999998,1.69758802
8538,0.0031629412000000008,0.6633165,0.218270464,1.5275377899999998
8539,0.0031639412,0.6633165,0.21682322799999998,1.5842212
8540,0.0031649411999999993,0.6633165,0.215375992,1.90542719
8541,0.0031659412000000003,0.6633165,0.21682322799999998,2.34
8542,0.0031669411999999996,0.6633165,0.218270464,2.8690451599999998
8543,0.0031679412000000006,0.6633165,0.218270464,3.22804009
8544,0.0031689412,0.6633165,0.21682322799999998,3.45477373
8545,0.003169941199999999,0.6231155,0.21682322799999998,3.4736681999999997
8546,0.0031709412,0.643216,0.215375992,3.2847235
8547,0.0031719411999999994,0.6633165,0.21682322799999998,2.9824119799999997
8548,0.0031729412000000004,0.6633165,0.21682322799999998,2.56673364
8549,0.0031739411999999996,0.6633165,0.215375992,2.11326636
8550,0.0031749412000000006,0.6633165,0.215375992,1.8298493099999997
8551,0.0031759412,0.643216,0.215375992,1.62201014
8552,0.003176941199999999,0.6633165,0.215375992,1.5275377899999998
8553,0.0031779412,0.6633165,0.213928756,1.5653267299999998
8554,0.0031789411999999994,0.6633165,0.21248151999999998,1.69758802
8555,0.0031799412000000004,0.6633165,0.213928756,1.9621106
8556,0.0031809411999999997,0.6633165,0.213928756,2.26442212
8557,0.0031819412000000007,0.683417,0.213928756,2.5289447
8558,0.0031829412,0.683417,0.21248151999999998,2.81236175
8559,0.0031839411999999992,0.683417,0.21248151999999998,3.0957787999999997
8560,0.0031849412000000002,0.683417,0.21248151999999998,3.30361797
8561,0.0031859411999999995,0.683417,0.21248151999999998,3.45477373
8562,0.0031869412000000005,0.6633165,0.215375992,3.51145714
8563,0.0031879411999999998,0.683417,0.21248151999999998,3.45477373
8564,0.0031889412000000008,0.683417,0.21248151999999998,3.34140691
8565,0.0031899412,0.683417,0.213928756,3.15246221
8566,0.0031909411999999993,0.683417,0.213928756,2.8312562199999998
8567,0.0031919412000000003,0.6633165,0.21682322799999998,2.45336682
8568,0.0031929411999999996,0.6633165,0.215375992,2.18884424
8569,0.0031939412000000006,0.6633165,0.215375992,1.84874378
8570,0.0031949412,0.6633165,0.215375992,1.6409046099999998
8571,0.003195941199999999,0.643216,0.215375992,1.5653267299999998
8572,0.0031969412,0.643216,0.215375992,1.6031156699999998
8573,0.0031979411999999994,0.6633165,0.21682322799999998,1.8676382499999997
8574,0.0031989412000000004,0.643216,0.215375992,2.2833165899999996
8575,0.0031999411999999996,0.6633165,0.215375992,2.7178894
8576,0.0032009412000000006,0.683417,0.21682322799999998,3.15246221
8577,0.0032019412,0.6633165,0.218270464,3.43587926
8578,0.003202941199999999,0.643216,0.218270464,3.51145714
8579,0.0032039412,0.683417,0.218270464,3.30361797
8580,0.0032049411999999994,0.643216,0.2197177,2.96351751
8581,0.0032059412000000004,0.6633165,0.21682322799999998,2.43447235
8582,0.0032069411999999997,0.6633165,0.21682322799999998,1.98100507
8583,0.0032079412000000007,0.683417,0.21682322799999998,1.65979908
8584,0.0032089412,0.683417,0.21682322799999998,1.54643226
8585,0.003209941199999999,0.683417,0.215375992,1.73537696
8586,0.0032109412,0.683417,0.215375992,2.1321608299999997
8587,0.0032119411999999995,0.683417,0.213928756,2.62341705
8588,0.0032129412000000005,0.683417,0.213928756,3.11467327
8589,0.0032139411999999997,0.7035175,0.213928756,3.41698479
8590,0.0032149412000000007,0.683417,0.213928756,3.4736681999999997
8591,0.0032159412,0.683417,0.213928756,3.36030138
8592,0.0032169411999999993,0.683417,0.215375992,3.0579898599999997
8593,0.0032179412000000003,0.6633165,0.21248151999999998,2.64231152
8594,0.0032189411999999995,0.643216,0.21248151999999998,2.2455276499999997
8595,0.0032199412000000005,0.6633165,0.21248151999999998,1.90542719
8596,0.0032209412,0.6633165,0.213928756,1.65979908
8597,0.003221941200000001,0.6633165,0.215375992,1.5275377899999998
8598,0.0032229412,0.7035175,0.215375992,1.5275377899999998
8599,0.0032239411999999993,0.6633165,0.213928756,1.65979908
8600,0.0032249412000000003,0.6633165,0.213928756,1.84874378
8601,0.0032259411999999996,0.683417,0.213928756,2.07547742
8602,0.0032269412000000006,0.6633165,0.215375992,2.39668341
8603,0.0032279412,0.643216,0.215375992,2.73678387
8604,0.003228941199999999,0.6633165,0.215375992,2.96351751
8605,0.0032299412,0.683417,0.215375992,3.2469345599999997
8606,0.0032309411999999994,0.643216,0.215375992,3.3980903199999997
8607,0.0032319412000000004,0.6633165,0.215375992,3.4736681999999997
8608,0.0032329411999999997,0.6633165,0.21682322799999998,3.49256267
8609,0.0032339412000000007,0.683417,0.218270464,3.3980903199999997
8610,0.0032349412,0.683417,0.21682322799999998,3.15246221
8611,0.003235941199999999,0.683417,0.21682322799999998,2.9068340999999998
8612,0.0032369412,0.683417,0.218270464,2.56673364
8613,0.0032379411999999995,0.6633165,0.21682322799999998,2.22663318
8614,0.0032389412000000005,0.683417,0.21682322799999998,1.84874378
8615,0.0032399411999999997,0.6633165,0.21682322799999998,1.6409046099999998
8616,0.0032409412000000007,0.683417,0.21682322799999998,1.5275377899999998
8617,0.0032419412,0.6633165,0.215375992,1.5842212
8618,0.0032429411999999993,0.683417,0.21682322799999998,1.81095484
8619,0.0032439412000000003,0.7035175,0.215375992,2.1699497699999997
8620,0.0032449411999999995,0.683417,0.215375992,2.66120599
8621,0.0032459412000000005,0.683417,0.215375992,3.0579898599999997
8622,0.0032469412,0.6633165,0.213928756,3.3980903199999997
8623,0.003247941200000001,0.683417,0.215375992,3.51145714
8624,0.0032489412,0.683417,0.21248151999999998,3.37919585
8625,0.0032499411999999993,0.683417,0.213928756,3.0579898599999997
8626,0.0032509412000000003,0.683417,0.215375992,2.58562811
8627,0.0032519411999999996,0.683417,0.213928756,2.07547742
8628,0.0032529412000000006,0.683417,0.21248151999999998,1.69758802
8629,0.0032539412,0.723618,0.21248151999999998,1.50864332
8630,0.003254941199999999,0.7035175,0.213928756,1.65979908
8631,0.0032559412,0.6633165,0.21248151999999998,2.03768848
8632,0.0032569411999999994,0.6633165,0.213928756,2.49115576
8633,0.0032579412000000004,0.683417,0.215375992,2.9824119799999997
8634,0.0032589411999999996,0.683417,0.215375992,3.34140691
8635,0.0032599412000000006,0.683417,0.215375992,3.49256267
8636,0.0032609412,0.683417,0.215375992,3.43587926
8637,0.003261941199999999,0.6633165,0.21682322799999998,3.2091456199999997
8638,0.0032629412,0.683417,0.21682322799999998,2.92572857
8639,0.0032639411999999994,0.683417,0.21682322799999998,2.5289447
8640,0.0032649412000000004,0.6633165,0.215375992,2.11326636
8641,0.0032659411999999997,0.7035175,0.21682322799999998,1.8298493099999997
8642,0.0032669412000000007,0.683417,0.215375992,1.62201014
8643,0.0032679412,0.683417,0.21682322799999998,1.50864332
8644,0.0032689411999999992,0.7035175,0.21682322799999998,1.5653267299999998
8645,0.0032699412000000002,0.683417,0.21682322799999998,1.73537696
8646,0.0032709411999999995,0.683417,0.21682322799999998,1.94321613
8647,0.0032719412000000005,0.7035175,0.215375992,2.18884424
8648,0.0032729411999999998,0.6633165,0.215375992,2.51005023
8649,0.0032739412000000008,0.6633165,0.21682322799999998,2.7934672799999998
8650,0.0032749412,0.6633165,0.21682322799999998,3.0957787999999997
8651,0.0032759411999999993,0.6633165,0.215375992,3.30361797
8652,0.0032769412000000003,0.683417,0.21682322799999998,3.45477373
8653,0.0032779411999999996,0.683417,0.215375992,3.53035161
8654,0.0032789412000000006,0.6633165,0.215375992,3.45477373
8655,0.0032799412,0.7035175,0.21248151999999998,3.30361797
8656,0.003280941199999999,0.6633165,0.213928756,3.03909539
8657,0.0032819412,0.683417,0.213928756,2.73678387
8658,0.0032829411999999994,0.7035175,0.213928756,2.41557788
8659,0.0032839412000000004,0.683417,0.213928756,1.98100507
8660,0.0032849411999999996,0.683417,0.213928756,1.69758802
8661,0.0032859412000000006,0.7035175,0.213928756,1.50864332
8662,0.0032869412,0.6633165,0.211034284,1.54643226
8663,0.003287941199999999,0.683417,0.213928756,1.6786935499999998
8664,0.0032889412,0.683417,0.21248151999999998,1.99989954
8665,0.0032899411999999994,0.7035175,0.213928756,2.34
8666,0.0032909412000000004,0.6633165,0.213928756,2.81236175
8667,0.0032919411999999997,0.6633165,0.213928756,3.22804009
8668,0.0032929412000000007,0.683417,0.21248151999999998,3.4736681999999997
8669,0.0032939412,0.7035175,0.213928756,3.4736681999999997
8670,0.003294941199999999,0.683417,0.215375992,3.2469345599999997
8671,0.0032959412,0.683417,0.215375992,2.7934672799999998
8672,0.0032969411999999995,0.683417,0.215375992,2.2833165899999996
8673,0.0032979412000000005,0.683417,0.21682322799999998,1.81095484
8674,0.0032989411999999997,0.683417,0.215375992,1.5653267299999998
8675,0.0032999412000000007,0.683417,0.21682322799999998,1.5275377899999998
8676,0.0033009412,0.683417,0.215375992,1.8298493099999997
8677,0.0033019411999999993,0.683417,0.21682322799999998,2.22663318
8678,0.0033029412000000003,0.683417,0.215375992,2.69899493
8679,0.0033039411999999995,0.7035175,0.215375992,3.11467327
8680,0.0033049412000000005,0.7035175,0.215375992,3.3980903199999997
8681,0.0033059412,0.683417,0.21682322799999998,3.51145714
8682,0.003306941199999999,0.683417,0.21682322799999998,3.43587926
8683,0.0033079412,0.683417,0.215375992,3.2091456199999997
8684,0.0033089411999999993,0.7035175,0.215375992,2.81236175
8685,0.0033099412000000003,0.683417,0.215375992,2.43447235
8686,0.0033109411999999996,0.683417,0.215375992,2.07547742
8687,0.0033119412000000006,0.7035175,0.213928756,1.7542714299999997
8688,0.0033129412,0.683417,0.213928756,1.6031156699999998
8689,0.003313941199999999,0.683417,0.213928756,1.50864332
8690,0.0033149412,0.7035175,0.213928756,1.6031156699999998
8691,0.0033159411999999994,0.7035175,0.213928756,1.7731659
8692,0.0033169412000000004,0.683417,0.213928756,2.0187940099999997
8693,0.0033179411999999997,0.7035175,0.213928756,2.37778894
8694,0.0033189412000000007,0.723618,0.21248151999999998,2.69899493
8695,0.0033199412,0.7035175,0.213928756,3.00130645
8696,0.003320941199999999,0.683417,0.21248151999999998,3.26582903
8697,0.0033219412,0.683417,0.213928756,3.41698479
8698,0.0033229411999999995,0.6633165,0.21248151999999998,3.49256267
8699,0.0033239412000000005,0.683417,0.213928756,3.4736681999999997
8700,0.0033249411999999997,0.7035175,0.215375992,3.36030138
8701,0.0033259412000000007,0.683417,0.213928756,3.11467327
8702,0.0033269412,0.683417,0.213928756,2.81236175
8703,0.0033279411999999993,0.7035175,0.215375992,2.41557788
8704,0.0033289412000000003,0.683417,0.21248151999999998,2.1321608299999997
8705,0.0033299411999999995,0.683417,0.213928756,1.7731659
8706,0.0033309412000000005,0.683417,0.215375992,1.5653267299999998
8707,0.0033319412,0.723618,0.215375992,1.5275377899999998
8708,0.003332941200000001,0.7035175,0.215375992,1.6409046099999998
8709,0.0033339412,0.683417,0.215375992,1.9621106
8710,0.0033349411999999993,0.6633165,0.213928756,2.39668341
8711,0.0033359412000000003,0.683417,0.21682322799999998,2.88793963
8712,0.0033369411999999996,0.683417,0.215375992,3.2847235
8713,0.0033379412000000006,0.7035175,0.215375992,3.4736681999999997
8714,0.0033389412,0.7035175,0.215375992,3.45477373
8715,0.003339941199999999,0.7035175,0.21682322799999998,3.19025115
8716,0.0033409412,0.683417,0.215375992,2.75567834
8717,0.0033419411999999994,0.683417,0.215375992,2.26442212
8718,0.0033429412000000004,0.7035175,0.213928756,1.8298493099999997
8719,0.0033439411999999996,0.683417,0.215375992,1.5653267299999998
8720,0.0033449412000000006,0.7035175,0.215375992,1.54643226
8721,0.0033459412,0.7035175,0.213928756,1.7731659
8722,0.003346941199999999,0.7035175,0.215375992,2.11326636
8723,0.0033479412,0.683417,0.21248151999999998,2.54783917
8724,0.0033489411999999994,0.683417,0.21682322799999998,2.9824119799999997
8725,0.0033499412000000004,0.7035175,0.213928756,3.3225124399999997
8726,0.0033509411999999997,0.7035175,0.215375992,3.49256267
8727,0.0033519412000000007,0.7035175,0.213928756,3.45477373
8728,0.0033529412,0.683417,0.213928756,3.2469345599999997
8729,0.0033539411999999992,0.7035175,0.215375992,2.9068340999999998
8730,0.0033549412000000002,0.7035175,0.211034284,2.49115576
8731,0.0033559411999999995,0.7035175,0.21248151999999998,2.07547742
8732,0.0033569412000000005,0.7035175,0.213928756,1.7920603699999997
8733,0.0033579411999999998,0.7035175,0.215375992,1.54643226
8734,0.0033589412000000008,0.7035175,0.213928756,1.5653267299999998
8735,0.0033599412,0.683417,0.213928756,1.6409046099999998
8736,0.0033609411999999993,0.7035175,0.213928756,1.8676382499999997
8737,0.0033619412000000003,0.7035175,0.215375992,2.1510553
8738,0.0033629411999999996,0.7035175,0.215375992,2.54783917
8739,0.0033639412000000006,0.683417,0.215375992,2.8690451599999998
8740,0.0033649412,0.6633165,0.213928756,3.1713566799999997
8741,0.003365941199999999,0.7035175,0.215375992,3.3980903199999997
8742,0.0033669412,0.683417,0.215375992,3.49256267
8743,0.0033679411999999994,0.723618,0.215375992,3.45477373
8744,0.0033689412000000004,0.683417,0.21682322799999998,3.30361797
8745,0.0033699411999999996,0.7035175,0.215375992,3.0202009199999997
8746,0.0033709412000000006,0.683417,0.213928756,2.68010046
8747,0.0033719412,0.7035175,0.21248151999999998,2.3211055299999996
8748,0.003372941199999999,0.683417,0.215375992,1.9621106
8749,0.0033739412,0.723618,0.213928756,1.62201014
8750,0.0033749411999999994,0.7035175,0.213928756,1.50864332
8751,0.0033759412000000004,0.683417,0.215375992,1.6031156699999998
8752,0.0033769411999999997,0.7035175,0.215375992,1.81095484
8753,0.0033779412000000007,0.723618,0.213928756,2.2077387099999997
8754,0.0033789412,0.7035175,0.21248151999999998,2.66120599
8755,0.0033799411999999992,0.723618,0.215375992,3.07688433
8756,0.0033809412000000002,0.683417,0.213928756,3.37919585
8757,0.0033819411999999995,0.723618,0.215375992,3.49256267
8758,0.0033829412000000005,0.7035175,0.213928756,3.41698479
8759,0.0033839411999999998,0.723618,0.21248151999999998,3.0957787999999997
8760,0.0033849412000000008,0.7035175,0.213928756,2.68010046
8761,0.0033859412,0.7035175,0.213928756,2.18884424
8762,0.0033869411999999993,0.7035175,0.213928756,1.7920603699999997
8763,0.0033879412000000003,0.7035175,0.21248151999999998,1.54643226
8764,0.0033889411999999995,0.7035175,0.213928756,1.54643226
8765,0.0033899412000000005,0.723618,0.213928756,1.7731659
8766,0.0033909412,0.7035175,0.213928756,2.1699497699999997
8767,0.003391941199999999,0.7035175,0.215375992,2.60452258
8768,0.0033929412,0.7035175,0.215375992,3.0202009199999997
8769,0.0033939411999999993,0.7035175,0.215375992,3.37919585
8770,0.0033949412000000003,0.723618,0.213928756,3.51145714
8771,0.0033959411999999996,0.7035175,0.213928756,3.43587926
8772,0.0033969412000000006,0.7035175,0.215375992,3.19025115
8773,0.0033979412,0.7035175,0.215375992,2.81236175
8774,0.003398941199999999,0.7035175,0.215375992,2.37778894
8775,0.0033999412,0.7437185000000001,0.213928756,1.98100507
8776,0.0034009411999999994,0.7035175,0.215375992,1.73537696
8777,0.0034019412000000004,0.683417,0.215375992,1.54643226
8778,0.0034029411999999997,0.723618,0.215375992,1.5842212
8779,0.0034039412000000007,0.7035175,0.213928756,1.69758802
8780,0.0034049412,0.723618,0.215375992,1.98100507
8781,0.003405941199999999,0.723618,0.215375992,2.30221106
8782,0.0034069412,0.723618,0.215375992,2.69899493
8783,0.0034079411999999995,0.723618,0.213928756,3.07688433
8784,0.0034089412000000005,0.7035175,0.215375992,3.3225124399999997
8785,0.0034099411999999997,0.7035175,0.215375992,3.4736681999999997
8786,0.0034109412000000007,0.7035175,0.213928756,3.49256267
8787,0.0034119412,0.683417,0.215375992,3.34140691
8788,0.0034129411999999993,0.7437185000000001,0.213928756,3.11467327
8789,0.0034139412000000003,0.683417,0.213928756,2.77457281
8790,0.0034149411999999995,0.7035175,0.213928756,2.41557788
8791,0.0034159412000000005,0.7035175,0.213928756,2.0565829499999997
8792,0.0034169412,0.7035175,0.213928756,1.7542714299999997
8793,0.003417941200000001,0.683417,0.213928756,1.5842212
8794,0.0034189412,0.683417,0.215375992,1.5275377899999998
8795,0.0034199411999999993,0.7035175,0.215375992,1.6031156699999998
8796,0.0034209412000000003,0.7035175,0.213928756,1.8298493099999997
8797,0.0034219411999999996,0.7035175,0.21248151999999998,2.1321608299999997
8798,0.0034229412000000006,0.723618,0.215375992,2.56673364
8799,0.0034239412,0.7035175,0.213928756,2.96351751
8800,0.003424941199999999,0.7035175,0.213928756,3.3225124399999997
8801,0.0034259412,0.7035175,0.215375992,3.49256267
8802,0.0034269411999999994,0.7035175,0.215375992,3.4736681999999997
8803,0.0034279412000000004,0.7035175,0.215375992,3.2847235
8804,0.0034289411999999997,0.7035175,0.215375992,2.9068340999999998
8805,0.0034299412000000007,0.723618,0.215375992,2.39668341
8806,0.0034309412,0.7035175,0.213928756,1.9621106
8807,0.003431941199999999,0.7035175,0.213928756,1.6031156699999998
8808,0.0034329412,0.723618,0.213928756,1.54643226
8809,0.0034339411999999995,0.7035175,0.21682322799999998,1.6031156699999998
8810,0.0034349412000000005,0.7437185000000001,0.213928756,1.88653272
8811,0.0034359411999999997,0.723618,0.21682322799999998,2.3211055299999996
8812,0.0034369412000000007,0.723618,0.215375992,2.77457281
8813,0.0034379412,0.683417,0.213928756,3.1713566799999997
8814,0.0034389411999999992,0.7035175,0.21248151999999998,3.43587926
8815,0.0034399412000000002,0.683417,0.213928756,3.51145714
8816,0.0034409411999999995,0.723618,0.213928756,3.34140691
8817,0.0034419412000000005,0.723618,0.213928756,3.00130645
8818,0.0034429411999999998,0.7035175,0.213928756,2.62341705
8819,0.0034439412000000008,0.7035175,0.213928756,2.18884424
8820,0.0034449412,0.7035175,0.213928756,1.81095484
8821,0.0034459411999999993,0.7035175,0.213928756,1.6031156699999998
8822,0.0034469412000000003,0.7035175,0.213928756,1.50864332
8823,0.0034479411999999996,0.7437185000000001,0.215375992,1.69758802
8824,0.0034489412000000006,0.7035175,0.213928756,2.0187940099999997
8825,0.0034499412,0.723618,0.213928756,2.37778894
8826,0.003450941199999999,0.723618,0.215375992,2.81236175
8827,0.0034519412,0.723618,0.215375992,3.19025115
8828,0.0034529411999999994,0.7035175,0.213928756,3.41698479
8829,0.0034539412000000004,0.7035175,0.215375992,3.51145714
8830,0.0034549411999999996,0.723618,0.215375992,3.43587926
8831,0.0034559412000000006,0.7035175,0.213928756,3.26582903
8832,0.0034569412,0.7035175,0.215375992,2.9824119799999997
8833,0.003457941199999999,0.7437185000000001,0.213928756,2.64231152
8834,0.0034589412,0.7437185000000001,0.213928756,2.3211055299999996
8835,0.0034599411999999994,0.723618,0.213928756,1.99989954
8836,0.0034609412000000004,0.7035175,0.215375992,1.73537696
8837,0.0034619411999999997,0.683417,0.213928756,1.5653267299999998
8838,0.0034629412000000007,0.7035175,0.213928756,1.5275377899999998
8839,0.0034639412,0.7035175,0.215375992,1.6031156699999998
8840,0.0034649411999999992,0.723618,0.213928756,1.7731659
8841,0.0034659412000000002,0.723618,0.215375992,2.11326636
8842,0.0034669411999999995,0.723618,0.215375992,2.51005023
8843,0.0034679412000000005,0.7035175,0.213928756,2.8690451599999998
8844,0.0034689411999999998,0.683417,0.215375992,3.22804009
8845,0.0034699412000000008,0.7035175,0.21248151999999998,3.41698479
8846,0.0034709412,0.723618,0.213928756,3.49256267
8847,0.0034719411999999993,0.723618,0.213928756,3.3980903199999997
8848,0.0034729412000000003,0.7035175,0.213928756,3.1335677399999997
8849,0.0034739411999999996,0.723618,0.213928756,2.7178894
8850,0.0034749412000000006,0.7035175,0.213928756,2.2833165899999996
8851,0.0034759412,0.723618,0.213928756,1.90542719
8852,0.003476941199999999,0.7035175,0.21248151999999998,1.62201014
8853,0.0034779412,0.723618,0.21248151999999998,1.50864332
8854,0.0034789411999999994,0.723618,0.215375992,1.6786935499999998
8855,0.0034799412000000004,0.723618,0.213928756,2.0187940099999997
8856,0.0034809411999999996,0.723618,0.213928756,2.45336682
8857,0.0034819412000000006,0.723618,0.215375992,2.9068340999999998
8858,0.0034829412,0.723618,0.213928756,3.30361797
8859,0.003483941199999999,0.723618,0.213928756,3.49256267
8860,0.0034849412,0.7035175,0.215375992,3.41698479
8861,0.0034859411999999994,0.723618,0.213928756,3.11467327
8862,0.0034869412000000004,0.763819,0.215375992,2.64231152
8863,0.0034879411999999997,0.723618,0.213928756,2.1699497699999997
8864,0.0034889412000000007,0.723618,0.21682322799999998,1.73537696
8865,0.0034899412,0.7437185000000001,0.213928756,1.5653267299999998
8866,0.003490941199999999,0.7437185000000001,0.213928756,1.5653267299999998
8867,0.0034919412,0.7437185000000001,0.215375992,1.7542714299999997
8868,0.0034929411999999995,0.723618,0.213928756,2.1321608299999997
8869,0.0034939412000000005,0.7035175,0.213928756,2.56673364
8870,0.0034949411999999997,0.7035175,0.213928756,2.9446230399999997
8871,0.0034959412000000007,0.723618,0.21248151999999998,3.26582903
8872,0.0034969412,0.723618,0.21248151999999998,3.41698479
8873,0.0034979411999999993,0.7035175,0.215375992,3.49256267
8874,0.0034989412000000003,0.723618,0.213928756,3.41698479
8875,0.0034999411999999995,0.7035175,0.21248151999999998,3.19025115
8876,0.0035009412000000005,0.7437185000000001,0.213928756,2.9068340999999998
8877,0.0035019412,0.7035175,0.21248151999999998,2.58562811
8878,0.003502941199999999,0.723618,0.21248151999999998,2.2455276499999997
8879,0.0035039412,0.7035175,0.213928756,1.94321613
8880,0.0035049411999999993,0.7437185000000001,0.213928756,1.69758802
8881,0.0035059412000000003,0.7437185000000001,0.213928756,1.5842212
8882,0.0035069411999999996,0.7437185000000001,0.21248151999999998,1.4897488499999998
8883,0.0035079412000000006,0.7437185000000001,0.213928756,1.6031156699999998
8884,0.0035089412,0.723618,0.213928756,1.7731659
8885,0.003509941199999999,0.723618,0.213928756,2.0565829499999997
8886,0.0035109412,0.723618,0.21248151999999998,2.37778894
8887,0.0035119411999999994,0.723618,0.215375992,2.69899493
8888,0.0035129412000000004,0.723618,0.215375992,3.0202009199999997
8889,0.0035139411999999997,0.763819,0.213928756,3.26582903
8890,0.0035149412000000007,0.7437185000000001,0.21682322799999998,3.45477373
8891,0.0035159412,0.723618,0.213928756,3.49256267
8892,0.003516941199999999,0.7437185000000001,0.215375992,3.34140691
8893,0.0035179412,0.723618,0.215375992,3.07688433
8894,0.0035189411999999995,0.723618,0.215375992,2.68010046
8895,0.0035199412000000005,0.7437185000000001,0.215375992,2.2077387099999997
8896,0.0035209411999999997,0.723618,0.215375992,1.84874378
8897,0.0035219412000000007,0.723618,0.215375992,1.54643226
8898,0.0035229412,0.7437185000000001,0.215375992,1.5275377899999998
8899,0.0035239411999999993,0.723618,0.215375992,1.73537696
8900,0.0035249412000000003,0.7437185000000001,0.213928756,2.1699497699999997
8901,0.0035259411999999995,0.7437185000000001,0.213928756,2.68010046
8902,0.0035269412000000005,0.723618,0.213928756,3.15246221
8903,0.0035279412,0.7437185000000001,0.213928756,3.4736681999999997
8904,0.003528941200000001,0.7437185000000001,0.213928756,3.45477373
8905,0.0035299412,0.723618,0.215375992,3.19025115
8906,0.0035309411999999993,0.7437185000000001,0.215375992,2.68010046
8907,0.0035319412000000003,0.7437185000000001,0.215375992,2.1699497699999997
8908,0.0035329411999999996,0.7437185000000001,0.21248151999999998,1.73537696
8909,0.0035339412000000006,0.7437185000000001,0.21248151999999998,1.50864332
8910,0.0035349412,0.7437185000000001,0.21248151999999998,1.6031156699999998
8911,0.003535941199999999,0.723618,0.215375992,1.8676382499999997
8912,0.0035369412,0.7437185000000001,0.213928756,2.30221106
8913,0.0035379411999999994,0.723618,0.213928756,2.73678387
8914,0.0035389412000000004,0.7035175,0.213928756,3.11467327
8915,0.0035399411999999996,0.723618,0.213928756,3.37919585
8916,0.0035409412000000006,0.7437185000000001,0.215375992,3.4736681999999997
8917,0.0035419412,0.7035175,0.213928756,3.43587926
8918,0.003542941199999999,0.7437185000000001,0.213928756,3.26582903
8919,0.0035439412,0.7437185000000001,0.215375992,2.9824119799999997
8920,0.0035449411999999994,0.7437185000000001,0.215375992,2.60452258
8921,0.0035459412000000004,0.7437185000000001,0.215375992,2.2833165899999996
8922,0.0035469411999999997,0.7437185000000001,0.215375992,2.0187940099999997
8923,0.0035479412000000007,0.7437185000000001,0.21682322799999998,1.7731659
8924,0.0035489412,0.723618,0.215375992,1.5842212
8925,0.0035499411999999992,0.7437185000000001,0.213928756,1.5275377899999998
8926,0.0035509412000000002,0.7437185000000001,0.21682322799999998,1.54643226
8927,0.0035519411999999995,0.7437185000000001,0.215375992,1.6409046099999998
8928,0.0035529412000000005,0.7437185000000001,0.215375992,1.81095484
8929,0.0035539411999999998,0.723618,0.21682322799999998,2.03768848
8930,0.0035549412000000008,0.763819,0.215375992,2.34
8931,0.0035559412,0.7437185000000001,0.215375992,2.62341705
8932,0.0035569411999999993,0.723618,0.215375992,2.96351751
8933,0.0035579412000000003,0.7437185000000001,0.215375992,3.2469345599999997
8934,0.0035589411999999996,0.723618,0.215375992,3.41698479
8935,0.0035599412000000006,0.723618,0.213928756,3.49256267
8936,0.0035609412,0.723618,0.213928756,3.43587926
8937,0.003561941199999999,0.723618,0.215375992,3.2469345599999997
8938,0.0035629412,0.7437185000000001,0.21248151999999998,2.9068340999999998
8939,0.0035639411999999994,0.723618,0.213928756,2.51005023
8940,0.0035649412000000004,0.723618,0.21248151999999998,2.0565829499999997
8941,0.0035659411999999996,0.7437185000000001,0.213928756,1.7164824899999997
8942,0.0035669412000000006,0.763819,0.213928756,1.5653267299999998
8943,0.0035679412,0.723618,0.213928756,1.6031156699999998
8944,0.003568941199999999,0.7437185000000001,0.21248151999999998,1.92432166
8945,0.0035699412,0.7437185000000001,0.21248151999999998,2.37778894
8946,0.0035709411999999994,0.7437185000000001,0.21248151999999998,2.88793963
8947,0.0035719412000000004,0.7437185000000001,0.21248151999999998,3.30361797
8948,0.0035729411999999997,0.7437185000000001,0.213928756,3.49256267
8949,0.0035739412000000007,0.7437185000000001,0.213928756,3.37919585
8950,0.0035749412,0.763819,0.213928756,2.9446230399999997
8951,0.003575941199999999,0.7035175,0.213928756,2.43447235
8952,0.0035769412,0.723618,0.213928756,1.90542719
8953,0.0035779411999999995,0.723618,0.213928756,1.5653267299999998
8954,0.0035789412000000005,0.7437185000000001,0.215375992,1.5275377899999998
8955,0.0035799411999999997,0.7437185000000001,0.213928756,1.7542714299999997
8956,0.0035809412000000007,0.763819,0.215375992,2.1510553
8957,0.0035819412,0.763819,0.213928756,2.64231152
8958,0.0035829411999999993,0.763819,0.21682322799999998,3.0579898599999997
8959,0.0035839412000000003,0.7437185000000001,0.21682322799999998,3.37919585
8960,0.0035849411999999995,0.763819,0.215375992,3.49256267
8961,0.0035859412000000005,0.723618,0.213928756,3.45477373
8962,0.0035869412,0.723618,0.215375992,3.2847235
8963,0.003587941199999999,0.7437185000000001,0.215375992,3.00130645
8964,0.0035889412,0.723618,0.213928756,2.64231152
8965,0.0035899411999999993,0.7437185000000001,0.215375992,2.2833165899999996
8966,0.0035909412000000003,0.7437185000000001,0.213928756,2.0187940099999997
8967,0.0035919411999999996,0.7437185000000001,0.213928756,1.7920603699999997
8968,0.0035929412000000006,0.723618,0.213928756,1.62201014
8969,0.0035939412,0.7437185000000001,0.21248151999999998,1.5275377899999998
8970,0.003594941199999999,0.7437185000000001,0.21248151999999998,1.5275377899999998
8971,0.0035959412,0.763819,0.213928756,1.65979908
8972,0.0035969411999999994,0.7437185000000001,0.211034284,1.7731659
8973,0.0035979412000000004,0.7437185000000001,0.21248151999999998,1.99989954
8974,0.0035989411999999997,0.7437185000000001,0.21248151999999998,2.2833165899999996
8975,0.0035999412000000007,0.7437185000000001,0.21248151999999998,2.56673364
8976,0.0036009412,0.723618,0.21248151999999998,2.88793963
8977,0.003601941199999999,0.723618,0.21248151999999998,3.19025115
8978,0.0036029412,0.7437185000000001,0.21248151999999998,3.37919585
8979,0.0036039411999999995,0.7437185000000001,0.21248151999999998,3.49256267
8980,0.0036049412000000005,0.7437185000000001,0.215375992,3.49256267
8981,0.0036059411999999997,0.763819,0.21248151999999998,3.34140691
8982,0.0036069412000000007,0.7437185000000001,0.211034284,3.00130645
8983,0.0036079412,0.7437185000000001,0.213928756,2.62341705
8984,0.0036089411999999993,0.7437185000000001,0.21248151999999998,2.2077387099999997
8985,0.0036099412000000003,0.7437185000000001,0.21248151999999998,1.8298493099999997
8986,0.0036109411999999995,0.763819,0.21248151999999998,1.5653267299999998
8987,0.0036119412000000005,0.7437185000000001,0.21248151999999998,1.54643226
8988,0.0036129412,0.723618,0.21248151999999998,1.81095484
8989,0.003613941199999999,0.723618,0.213928756,2.22663318
8990,0.0036149412,0.723618,0.215375992,2.77457281
8991,0.0036159411999999993,0.723618,0.213928756,3.22804009
8992,0.0036169412000000003,0.763819,0.215375992,3.4736681999999997
8993,0.0036179411999999996,0.763819,0.215375992,3.43587926
8994,0.0036189412000000006,0.763819,0.215375992,3.07688433
8995,0.0036199412,0.7437185000000001,0.215375992,2.56673364
8996,0.003620941199999999,0.723618,0.215375992,2.0187940099999997
8997,0.0036219412,0.7437185000000001,0.213928756,1.62201014
8998,0.0036229411999999994,0.7437185000000001,0.213928756,1.50864332
8999,0.0036239412000000004,0.7437185000000001,0.215375992,1.69758802
9000,0.0036249411999999996,0.7437185000000001,0.215375992,2.0565829499999997
9001,0.0036259412000000006,0.7437185000000001,0.213928756,2.51005023
9002,0.0036269412,0.7437185000000001,0.213928756,2.9446230399999997
9003,0.003627941199999999,0.7437185000000001,0.21248151999999998,3.2847235
9004,0.0036289412,0.763819,0.211034284,3.49256267
9005,0.0036299411999999994,0.7437185000000001,0.211034284,3.45477373
9006,0.0036309412000000004,0.763819,0.211034284,3.30361797
9007,0.0036319411999999997,0.763819,0.21248151999999998,3.00130645
9008,0.0036329412000000007,0.723618,0.21248151999999998,2.68010046
9009,0.0036339412,0.763819,0.21248151999999998,2.30221106
9010,0.0036349411999999992,0.7437185000000001,0.21248151999999998,1.9621106
9011,0.0036359412000000002,0.723618,0.211034284,1.73537696
9012,0.0036369411999999995,0.7437185000000001,0.21248151999999998,1.5653267299999998
9013,0.0036379412000000005,0.7437185000000001,0.21248151999999998,1.4897488499999998
9014,0.0036389411999999998,0.7437185000000001,0.21248151999999998,1.54643226
9015,0.0036399412000000008,0.763819,0.21248151999999998,1.6786935499999998
9016,0.0036409412,0.763819,0.21248151999999998,1.88653272
9017,0.0036419411999999993,0.7437185000000001,0.213928756,2.1321608299999997
9018,0.0036429412000000003,0.7437185000000001,0.21248151999999998,2.49115576
9019,0.0036439411999999996,0.723618,0.213928756,2.77457281
9020,0.0036449412000000006,0.763819,0.213928756,3.0579898599999997
9021,0.0036459412,0.763819,0.213928756,3.2847235
9022,0.003646941199999999,0.763819,0.21248151999999998,3.4736681999999997
9023,0.0036479412,0.723618,0.213928756,3.4736681999999997
9024,0.0036489411999999994,0.763819,0.215375992,3.3980903199999997
9025,0.0036499412000000004,0.763819,0.21682322799999998,3.19025115
9026,0.0036509411999999996,0.7437185000000001,0.215375992,2.7934672799999998
9027,0.0036519412000000006,0.723618,0.213928756,2.39668341
9028,0.0036529412,0.7437185000000001,0.215375992,1.98100507
9029,0.003653941199999999,0.763819,0.215375992,1.69758802
9030,0.0036549412,0.723618,0.213928756,1.5275377899999998
9031,0.0036559411999999994,0.7437185000000001,0.215375992,1.5842212
9032,0.0036569412000000004,0.763819,0.213928756,1.8676382499999997
9033,0.0036579411999999997,0.7437185000000001,0.215375992,2.37778894
9034,0.0036589412000000007,0.763819,0.213928756,2.9068340999999998
9035,0.0036599412,0.7437185000000001,0.213928756,3.30361797
9036,0.0036609411999999992,0.7437185000000001,0.213928756,3.49256267
9037,0.0036619412000000002,0.7437185000000001,0.213928756,3.34140691
9038,0.0036629411999999995,0.763819,0.213928756,2.9446230399999997
9039,0.0036639412000000005,0.763819,0.21248151999999998,2.43447235
9040,0.0036649411999999998,0.7437185000000001,0.21248151999999998,1.9621106
9041,0.0036659412000000008,0.763819,0.21248151999999998,1.62201014
9042,0.0036669412,0.763819,0.211034284,1.50864332
9043,0.0036679411999999993,0.7437185000000001,0.21248151999999998,1.69758802
9044,0.0036689412000000003,0.7437185000000001,0.21248151999999998,2.11326636
9045,0.0036699411999999995,0.763819,0.21248151999999998,2.56673364
9046,0.0036709412000000005,0.763819,0.213928756,3.03909539
9047,0.0036719412,0.7437185000000001,0.21248151999999998,3.36030138
9048,0.003672941199999999,0.7437185000000001,0.211034284,3.51145714
9049,0.0036739412,0.763819,0.21248151999999998,3.41698479
9050,0.0036749411999999993,0.7437185000000001,0.215375992,3.15246221
9051,0.0036759412000000003,0.7437185000000001,0.213928756,2.81236175
9052,0.0036769411999999996,0.763819,0.215375992,2.37778894
9053,0.0036779412000000006,0.763819,0.215375992,2.0565829499999997
9054,0.0036789412,0.763819,0.215375992,1.73537696
9055,0.003679941199999999,0.7437185000000001,0.215375992,1.54643226
9056,0.0036809412,0.763819,0.21682322799999998,1.5275377899999998
9057,0.0036819411999999994,0.763819,0.215375992,1.5842212
9058,0.0036829412000000004,0.7437185000000001,0.21682322799999998,1.7542714299999997
9059,0.0036839411999999997,0.7437185000000001,0.215375992,1.98100507
9060,0.0036849412000000007,0.7437185000000001,0.218270464,2.2833165899999996
9061,0.0036859412,0.763819,0.21682322799999998,2.60452258
9062,0.003686941199999999,0.763819,0.215375992,2.9068340999999998
9063,0.0036879412,0.763819,0.215375992,3.15246221
9064,0.0036889411999999995,0.763819,0.213928756,3.3980903199999997
9065,0.0036899412000000005,0.7437185000000001,0.213928756,3.45477373
9066,0.0036909411999999997,0.763819,0.213928756,3.4736681999999997
9067,0.0036919412000000007,0.763819,0.213928756,3.37919585
9068,0.0036929412,0.7839195,0.213928756,3.19025115
9069,0.0036939411999999993,0.763819,0.21248151999999998,2.8312562199999998
9070,0.0036949412000000003,0.763819,0.213928756,2.47226129
9071,0.0036959411999999995,0.7437185000000001,0.21248151999999998,2.11326636
9072,0.0036969412000000005,0.763819,0.21248151999999998,1.7920603699999997
9073,0.0036979412,0.7437185000000001,0.213928756,1.5653267299999998
9074,0.003698941199999999,0.7839195,0.21248151999999998,1.5275377899999998
9075,0.0036999412,0.763819,0.21248151999999998,1.73537696
9076,0.0037009411999999993,0.763819,0.21248151999999998,2.0943718899999997
9077,0.0037019412000000003,0.7839195,0.211034284,2.54783917
9078,0.0037029411999999996,0.7437185000000001,0.21248151999999998,3.0202009199999997
9079,0.0037039412000000006,0.763819,0.213928756,3.36030138
9080,0.0037049412,0.763819,0.209587048,3.49256267
9081,0.003705941199999999,0.763819,0.213928756,3.3980903199999997
9082,0.0037069412,0.7437185000000001,0.21248151999999998,3.00130645
9083,0.0037079411999999994,0.7437185000000001,0.213928756,2.56673364
9084,0.0037089412000000004,0.7437185000000001,0.21248151999999998,2.07547742
9085,0.0037099411999999997,0.763819,0.213928756,1.69758802
9086,0.0037109412000000007,0.763819,0.213928756,1.5275377899999998
9087,0.0037119412,0.763819,0.215375992,1.6031156699999998
9088,0.003712941199999999,0.763819,0.215375992,1.90542719
9089,0.0037139412,0.7839195,0.215375992,2.3211055299999996
9090,0.0037149411999999995,0.763819,0.215375992,2.8312562199999998
9091,0.0037159412000000005,0.7839195,0.21682322799999998,3.2091456199999997
9092,0.0037169411999999997,0.763819,0.21682322799999998,3.45477373
9093,0.0037179412000000007,0.763819,0.215375992,3.49256267
9094,0.0037189412,0.7839195,0.215375992,3.2847235
9095,0.0037199411999999992,0.763819,0.215375992,2.9824119799999997
9096,0.0037209412000000002,0.7437185000000001,0.215375992,2.56673364
9097,0.0037219411999999995,0.763819,0.213928756,2.18884424
9098,0.0037229412000000005,0.763819,0.213928756,1.84874378
9099,0.0037239411999999998,0.7839195,0.21248151999999998,1.62201014
9100,0.0037249412000000008,0.7437185000000001,0.213928756,1.4897488499999998
9101,0.0037259412,0.763819,0.213928756,1.5653267299999998
9102,0.0037269411999999993,0.763819,0.21248151999999998,1.7164824899999997
9103,0.0037279412000000003,0.763819,0.21248151999999998,1.99989954
9104,0.0037289411999999996,0.763819,0.21248151999999998,2.26442212
9105,0.0037299412000000006,0.7437185000000001,0.21248151999999998,2.64231152
9106,0.0037309412,0.763819,0.213928756,2.92572857
9107,0.003731941199999999,0.7839195,0.21248151999999998,3.2091456199999997
9108,0.0037329412,0.7839195,0.21248151999999998,3.41698479
9109,0.0037339411999999994,0.763819,0.211034284,3.4736681999999997
9110,0.0037349412000000004,0.7437185000000001,0.21248151999999998,3.4736681999999997
9111,0.0037359411999999996,0.7437185000000001,0.211034284,3.34140691
9112,0.0037369412000000006,0.763819,0.21248151999999998,3.0957787999999997
9113,0.0037379412,0.763819,0.209587048,2.73678387
9114,0.003738941199999999,0.763819,0.211034284,2.41557788
9115,0.0037399412,0.763819,0.21248151999999998,2.03768848
9116,0.0037409411999999994,0.763819,0.21248151999999998,1.73537696
9117,0.0037419412000000004,0.7839195,0.213928756,1.54643226
9118,0.0037429411999999997,0.7437185000000001,0.21248151999999998,1.5275377899999998
9119,0.0037439412000000007,0.763819,0.215375992,1.6786935499999998
9120,0.0037449412,0.763819,0.21248151999999998,2.0187940099999997
9121,0.0037459411999999992,0.763819,0.21248151999999998,2.41557788
9122,0.0037469412000000002,0.7437185000000001,0.213928756,2.81236175
9123,0.0037479411999999995,0.763819,0.215375992,3.22804009
9124,0.0037489412000000005,0.7839195,0.215375992,3.45477373
9125,0.0037499411999999998,0.7839195,0.215375992,3.43587926
9126,0.0037509412000000008,0.763819,0.21682322799999998,3.2469345599999997
9127,0.0037519412,0.7839195,0.215375992,2.81236175
9128,0.0037529411999999993,0.7839195,0.213928756,2.34
9129,0.0037539412000000003,0.763819,0.215375992,1.92432166
9130,0.0037549411999999996,0.80402,0.215375992,1.5842212
9131,0.0037559412000000006,0.7839195,0.213928756,1.5275377899999998
9132,0.0037569412,0.763819,0.215375992,1.7164824899999997
9133,0.003757941199999999,0.763819,0.215375992,2.07547742
9134,0.0037589412,0.763819,0.213928756,2.54783917
9135,0.0037599411999999994,0.7839195,0.21248151999999998,3.0202009199999997
9136,0.0037609412000000004,0.7839195,0.209587048,3.37919585
9137,0.0037619411999999996,0.763819,0.21248151999999998,3.4736681999999997
9138,0.0037629412000000006,0.763819,0.211034284,3.36030138
9139,0.0037639412,0.763819,0.211034284,3.11467327
9140,0.003764941199999999,0.763819,0.211034284,2.66120599
9141,0.0037659412,0.763819,0.209587048,2.22663318
9142,0.0037669411999999994,0.7839195,0.211034284,1.84874378
9143,0.0037679412000000004,0.7839195,0.209587048,1.5842212
9144,0.0037689411999999997,0.763819,0.209587048,1.5275377899999998
9145,0.0037699412000000007,0.7839195,0.211034284,1.62201014
9146,0.0037709412,0.763819,0.211034284,1.84874378
9147,0.003771941199999999,0.7437185000000001,0.21248151999999998,2.1699497699999997
9148,0.0037729412,0.7839195,0.21248151999999998,2.51005023
9149,0.0037739411999999995,0.763819,0.21248151999999998,2.85015069
9150,0.0037749412000000005,0.7437185000000001,0.21248151999999998,3.15246221
9151,0.0037759411999999997,0.7839195,0.213928756,3.34140691
9152,0.0037769412000000007,0.7839195,0.213928756,3.49256267
9153,0.0037779412,0.7839195,0.215375992,3.4736681999999997
9154,0.0037789411999999993,0.763819,0.213928756,3.41698479
9155,0.0037799412000000003,0.7437185000000001,0.215375992,3.2091456199999997
9156,0.0037809411999999995,0.7839195,0.215375992,2.92572857
9157,0.0037819412000000005,0.763819,0.21682322799999998,2.60452258
9158,0.0037829412,0.7839195,0.213928756,2.2833165899999996
9159,0.003783941199999999,0.7839195,0.213928756,1.99989954
9160,0.0037849412,0.7839195,0.215375992,1.7164824899999997
9161,0.0037859411999999993,0.763819,0.21682322799999998,1.54643226
9162,0.0037869412000000003,0.763819,0.213928756,1.54643226
9163,0.0037879411999999996,0.763819,0.21682322799999998,1.6786935499999998
9164,0.0037889412000000006,0.7839195,0.215375992,1.92432166
9165,0.0037899412,0.7839195,0.215375992,2.26442212
9166,0.003790941199999999,0.7839195,0.215375992,2.73678387
9167,0.0037919412,0.763819,0.21682322799999998,3.0957787999999997
9168,0.0037929411999999994,0.763819,0.213928756,3.41698479
9169,0.0037939412000000004,0.7839195,0.211034284,3.51145714
9170,0.0037949411999999997,0.7839195,0.213928756,3.36030138
9171,0.0037959412000000007,0.7839195,0.21248151999999998,3.0579898599999997
9172,0.0037969412,0.7839195,0.21248151999999998,2.54783917
9173,0.003797941199999999,0.7839195,0.209587048,2.0565829499999997
9174,0.0037989412,0.7839195,0.211034284,1.6786935499999998
9175,0.0037999411999999995,0.7839195,0.209587048,1.5275377899999998
9176,0.0038009412000000005,0.763819,0.211034284,1.62201014
9177,0.0038019411999999997,0.763819,0.211034284,1.94321613
9178,0.0038029412000000007,0.7839195,0.209587048,2.47226129
9179,0.0038039412,0.7839195,0.209587048,2.9824119799999997
9180,0.0038049411999999993,0.763819,0.211034284,3.34140691
9181,0.0038059412000000003,0.763819,0.21248151999999998,3.49256267
9182,0.0038069411999999995,0.763819,0.21248151999999998,3.37919585
9183,0.0038079412000000005,0.763819,0.21248151999999998,2.96351751
9184,0.0038089412,0.7437185000000001,0.21248151999999998,2.5289447
9185,0.003809941199999999,0.7839195,0.213928756,2.0943718899999997
9186,0.0038109412,0.763819,0.213928756,1.73537696
9187,0.0038119411999999993,0.7839195,0.213928756,1.5275377899999998
9188,0.0038129412000000003,0.7839195,0.213928756,1.54643226
9189,0.0038139411999999996,0.7839195,0.215375992,1.7542714299999997
9190,0.0038149412000000006,0.7839195,0.215375992,2.03768848
9191,0.0038159412,0.7839195,0.215375992,2.41557788
9192,0.003816941199999999,0.763819,0.215375992,2.7178894
9193,0.0038179412,0.7839195,0.215375992,3.0957787999999997
9194,0.0038189411999999994,0.763819,0.21682322799999998,3.30361797
9195,0.0038199412000000004,0.7839195,0.215375992,3.45477373
9196,0.0038209411999999996,0.7839195,0.215375992,3.49256267
9197,0.0038219412000000006,0.7839195,0.215375992,3.4736681999999997
9198,0.0038229412,0.7839195,0.215375992,3.30361797
9199,0.003823941199999999,0.7839195,0.213928756,3.0957787999999997
9200,0.0038249412,0.7839195,0.213928756,2.8312562199999998
9201,0.0038259411999999994,0.7839195,0.21248151999999998,2.5289447
9202,0.0038269412000000004,0.7839195,0.21248151999999998,2.26442212
9203,0.0038279411999999997,0.7839195,0.21248151999999998,1.90542719
9204,0.0038289412000000007,0.80402,0.213928756,1.69758802
9205,0.0038299412,0.763819,0.21248151999999998,1.6031156699999998
9206,0.0038309411999999992,0.80402,0.211034284,1.50864332
9207,0.0038319412000000002,0.7839195,0.21248151999999998,1.6031156699999998
9208,0.0038329411999999995,0.7839195,0.211034284,1.81095484
9209,0.0038339412000000005,0.7839195,0.211034284,2.1699497699999997
9210,0.0038349411999999998,0.7839195,0.209587048,2.5289447
9211,0.0038359412000000008,0.7839195,0.211034284,2.9446230399999997
9212,0.0038369412,0.7839195,0.209587048,3.2847235
9213,0.0038379411999999993,0.7839195,0.209587048,3.4736681999999997
9214,0.0038389412000000003,0.80402,0.209587048,3.45477373
9215,0.0038399411999999996,0.763819,0.211034284,3.2091456199999997
9216,0.0038409412000000006,0.763819,0.211034284,2.8312562199999998
9217,0.0038419412,0.7839195,0.211034284,2.34
9218,0.003842941199999999,0.763819,0.211034284,1.8676382499999997
9219,0.0038439412,0.7839195,0.215375992,1.5653267299999998
9220,0.0038449411999999994,0.7839195,0.21248151999999998,1.54643226
9221,0.0038459412000000004,0.7839195,0.213928756,1.8298493099999997
9222,0.0038469411999999996,0.763819,0.213928756,2.26442212
9223,0.0038479412000000006,0.7839195,0.215375992,2.8312562199999998
9224,0.0038489412,0.7839195,0.215375992,3.2847235
9225,0.003849941199999999,0.80402,0.215375992,3.51145714
9226,0.0038509412,0.7839195,0.215375992,3.3980903199999997
9227,0.0038519411999999994,0.7839195,0.21682322799999998,3.0202009199999997
9228,0.0038529412000000004,0.763819,0.215375992,2.49115576
9229,0.0038539411999999997,0.7839195,0.215375992,2.0187940099999997
9230,0.0038549412000000007,0.763819,0.21248151999999998,1.6786935499999998
9231,0.0038559412,0.763819,0.213928756,1.5275377899999998
9232,0.003856941199999999,0.7839195,0.21248151999999998,1.54643226
9233,0.0038579412,0.7839195,0.213928756,1.7731659
9234,0.0038589411999999995,0.80402,0.213928756,2.11326636
9235,0.0038599412000000005,0.7839195,0.211034284,2.49115576
9236,0.0038609411999999997,0.80402,0.211034284,2.85015069
9237,0.0038619412000000007,0.7839195,0.21248151999999998,3.15246221
9238,0.0038629412,0.763819,0.21248151999999998,3.37919585
9239,0.0038639411999999993,0.7839195,0.211034284,3.49256267
9240,0.0038649412000000003,0.7839195,0.211034284,3.4736681999999997
9241,0.0038659411999999995,0.80402,0.209587048,3.41698479
9242,0.0038669412000000005,0.80402,0.209587048,3.2469345599999997
9243,0.0038679412,0.7839195,0.21248151999999998,3.0202009199999997
9244,0.003868941199999999,0.7839195,0.211034284,2.73678387
9245,0.0038699412,0.80402,0.209587048,2.43447235
9246,0.0038709411999999993,0.763819,0.21248151999999998,2.2077387099999997
9247,0.0038719412000000003,0.80402,0.211034284,1.9621106
9248,0.0038729411999999996,0.7839195,0.211034284,1.73537696
9249,0.0038739412000000006,0.7839195,0.21248151999999998,1.6031156699999998
9250,0.0038749412,0.80402,0.211034284,1.50864332
9251,0.003875941199999999,0.7839195,0.211034284,1.5653267299999998
9252,0.0038769412,0.80402,0.211034284,1.69758802
9253,0.0038779411999999994,0.80402,0.211034284,1.98100507
9254,0.0038789412000000004,0.7839195,0.21248151999999998,2.35889447
9255,0.0038799411999999997,0.7839195,0.21248151999999998,2.73678387
9256,0.0038809412000000007,0.80402,0.213928756,3.07688433
9257,0.0038819412,0.80402,0.215375992,3.36030138
9258,0.003882941199999999,0.7839195,0.215375992,3.49256267
9259,0.0038839412,0.763819,0.213928756,3.41698479
9260,0.0038849411999999995,0.80402,0.215375992,3.1713566799999997
9261,0.0038859412000000005,0.7839195,0.213928756,2.69899493
9262,0.0038869411999999997,0.80402,0.215375992,2.18884424
9263,0.0038879412000000007,0.7839195,0.215375992,1.7542714299999997
9264,0.0038889412,0.7839195,0.21682322799999998,1.50864332
9265,0.0038899411999999993,0.7839195,0.213928756,1.5653267299999998
9266,0.0038909412000000003,0.80402,0.215375992,1.90542719
9267,0.0038919411999999995,0.7839195,0.213928756,2.43447235
9268,0.0038929412000000005,0.7839195,0.213928756,3.00130645
9269,0.0038939412,0.80402,0.213928756,3.36030138
9270,0.003894941199999999,0.7839195,0.21248151999999998,3.51145714
9271,0.0038959412,0.7839195,0.211034284,3.3225124399999997
9272,0.0038969411999999993,0.8241205,0.211034284,2.9446230399999997
9273,0.0038979412000000003,0.80402,0.20813981199999998,2.43447235
9274,0.0038989411999999996,0.7839195,0.209587048,1.9621106
9275,0.0038999412000000006,0.80402,0.211034284,1.62201014
9276,0.0039009412,0.7839195,0.209587048,1.5275377899999998
9277,0.003901941199999999,0.7839195,0.209587048,1.5842212
9278,0.0039029412,0.7839195,0.211034284,1.84874378
9279,0.0039039411999999994,0.80402,0.211034284,2.1699497699999997
9280,0.0039049412000000004,0.80402,0.21248151999999998,2.54783917
9281,0.0039059411999999996,0.7839195,0.21248151999999998,2.88793963
9282,0.003906941200000001,0.763819,0.213928756,3.2091456199999997
9283,0.0039079412,0.7839195,0.213928756,3.36030138
9284,0.003908941199999999,0.7839195,0.213928756,3.4736681999999997
9285,0.0039099412,0.7839195,0.21248151999999998,3.45477373
9286,0.0039109411999999994,0.80402,0.213928756,3.3980903199999997
9287,0.0039119412000000004,0.80402,0.215375992,3.2469345599999997
9288,0.0039129412,0.8241205,0.213928756,3.0202009199999997
9289,0.003913941200000001,0.80402,0.215375992,2.77457281
9290,0.0039149412,0.80402,0.213928756,2.47226129
9291,0.003915941199999999,0.80402,0.215375992,2.2455276499999997
9292,0.0039169412,0.8241205,0.215375992,1.98100507
9293,0.0039179411999999995,0.7839195,0.213928756,1.7731659
9294,0.0039189412000000005,0.8241205,0.213928756,1.5653267299999998
9295,0.0039199412,0.7839195,0.215375992,1.5275377899999998
9296,0.003920941200000001,0.80402,0.215375992,1.5275377899999998
9297,0.0039219412,0.7839195,0.215375992,1.6786935499999998
9298,0.003922941199999999,0.7839195,0.213928756,1.92432166
9299,0.0039239412,0.80402,0.213928756,2.2077387099999997
9300,0.0039249412,0.7839195,0.213928756,2.60452258
9301,0.003925941200000001,0.7839195,0.213928756,3.00130645
9302,0.0039269412,0.763819,0.215375992,3.30361797
9303,0.003927941199999999,0.80402,0.213928756,3.4736681999999997
9304,0.0039289412,0.7839195,0.213928756,3.45477373
9305,0.003929941199999999,0.80402,0.21248151999999998,3.22804009
9306,0.0039309412,0.8241205,0.211034284,2.77457281
9307,0.0039319412,0.80402,0.21248151999999998,2.30221106
9308,0.003932941200000001,0.8241205,0.211034284,1.8676382499999997
9309,0.0039339412,0.80402,0.211034284,1.5653267299999998
9310,0.003934941199999999,0.80402,0.209587048,1.54643226
9311,0.0039359412,0.80402,0.211034284,1.84874378
9312,0.003936941199999999,0.80402,0.211034284,2.3211055299999996
9313,0.0039379412,0.80402,0.209587048,2.85015069
9314,0.0039389412,0.80402,0.21248151999999998,3.30361797
9315,0.003939941200000001,0.80402,0.21248151999999998,3.49256267
9316,0.0039409412,0.8241205,0.211034284,3.3980903199999997
9317,0.003941941199999999,0.7839195,0.215375992,3.0579898599999997
9318,0.0039429412,0.80402,0.213928756,2.58562811
9319,0.0039439411999999995,0.80402,0.21248151999999998,2.11326636
9320,0.0039449412000000005,0.80402,0.213928756,1.7542714299999997
9321,0.0039459412,0.80402,0.213928756,1.54643226
9322,0.003946941200000001,0.8241205,0.215375992,1.54643226
9323,0.0039479412,0.80402,0.215375992,1.73537696
9324,0.003948941199999999,0.80402,0.215375992,1.98100507
9325,0.0039499412,0.80402,0.21682322799999998,2.3211055299999996
9326,0.0039509411999999995,0.7839195,0.215375992,2.7178894
9327,0.0039519412000000005,0.80402,0.213928756,3.0202009199999997
9328,0.0039529412,0.8241205,0.213928756,3.2847235
9329,0.003953941199999999,0.8241205,0.21248151999999998,3.45477373
9330,0.0039549412,0.80402,0.215375992,3.4736681999999997
9331,0.003955941199999999,0.80402,0.213928756,3.45477373
9332,0.0039569412,0.80402,0.21248151999999998,3.30361797
9333,0.0039579412,0.80402,0.213928756,3.11467327
9334,0.003958941200000001,0.80402,0.21248151999999998,2.8690451599999998
9335,0.0039599412,0.80402,0.21248151999999998,2.56673364
9336,0.003960941199999999,0.80402,0.211034284,2.3211055299999996
9337,0.0039619412,0.8241205,0.21248151999999998,2.0187940099999997
9338,0.003962941199999999,0.80402,0.211034284,1.7920603699999997
9339,0.0039639412,0.7839195,0.209587048,1.62201014
9340,0.0039649412,0.80402,0.209587048,1.50864332
9341,0.003965941200000001,0.7839195,0.211034284,1.54643226
9342,0.0039669412,0.80402,0.209587048,1.6786935499999998
9343,0.003967941199999999,0.7839195,0.209587048,1.88653272
9344,0.0039689412,0.80402,0.209587048,2.2455276499999997
9345,0.0039699411999999995,0.80402,0.211034284,2.64231152
9346,0.0039709412000000005,0.8241205,0.211034284,3.00130645
9347,0.0039719412,0.8241205,0.211034284,3.3225124399999997
9348,0.003972941200000001,0.7839195,0.211034284,3.49256267
9349,0.0039739412,0.80402,0.211034284,3.49256267
9350,0.003974941199999999,0.80402,0.21248151999999998,3.22804009
9351,0.0039759412,0.8241205,0.211034284,2.85015069
9352,0.0039769411999999995,0.8241205,0.21248151999999998,2.37778894
9353,0.0039779412000000005,0.80402,0.21248151999999998,1.92432166
9354,0.0039789412,0.7839195,0.213928756,1.6031156699999998
9355,0.003979941199999999,0.80402,0.213928756,1.5275377899999998
9356,0.0039809412,0.80402,0.213928756,1.7164824899999997
9357,0.003981941199999999,0.8241205,0.21682322799999998,2.1510553
9358,0.0039829412,0.8241205,0.215375992,2.68010046
9359,0.0039839412,0.8241205,0.213928756,3.11467327
9360,0.003984941200000001,0.7839195,0.215375992,3.43587926
9361,0.0039859412,0.7839195,0.213928756,3.49256267
9362,0.003986941199999999,0.80402,0.213928756,3.30361797
9363,0.0039879412,0.8241205,0.213928756,2.92572857
9364,0.003988941199999999,0.8241205,0.211034284,2.45336682
9365,0.0039899412,0.80402,0.21248151999999998,2.03768848
9366,0.0039909412,0.8241205,0.21248151999999998,1.7164824899999997
9367,0.003991941200000001,0.8241205,0.211034284,1.5275377899999998
9368,0.0039929412,0.80402,0.21248151999999998,1.54643226
9369,0.003993941199999999,0.8241205,0.211034284,1.7542714299999997
9370,0.0039949412,0.844221,0.211034284,2.0565829499999997
9371,0.0039959411999999995,0.80402,0.209587048,2.37778894
9372,0.0039969412000000005,0.80402,0.211034284,2.73678387
9373,0.0039979412,0.8241205,0.211034284,3.0957787999999997
9374,0.003998941200000001,0.80402,0.209587048,3.3225124399999997
9375,0.0039999412,0.8241205,0.211034284,3.4736681999999997
9376,0.004000941199999999,0.8241205,0.209587048,3.49256267
9377,0.0040019412,0.8241205,0.211034284,3.3980903199999997
9378,0.0040029411999999995,0.8241205,0.209587048,3.22804009
9379,0.0040039412000000005,0.80402,0.211034284,2.96351751
9380,0.0040049412,0.80402,0.211034284,2.69899493
9381,0.004005941199999999,0.80402,0.211034284,2.35889447
9382,0.0040069412,0.8241205,0.21248151999999998,2.0943718899999997
9383,0.004007941199999999,0.80402,0.21248151999999998,1.84874378
9384,0.0040089412,0.8241205,0.21248151999999998,1.6409046099999998
9385,0.0040099412,0.7839195,0.21248151999999998,1.50864332
9386,0.004010941200000001,0.8241205,0.21248151999999998,1.5275377899999998
9387,0.0040119412,0.80402,0.21248151999999998,1.65979908
9388,0.004012941199999999,0.8241205,0.21248151999999998,1.8676382499999997
9389,0.0040139412,0.8241205,0.215375992,2.1699497699999997
9390,0.004014941199999999,0.8241205,0.21248151999999998,2.5289447
9391,0.0040159412,0.8241205,0.213928756,2.9068340999999998
9392,0.0040169412,0.8241205,0.21248151999999998,3.2469345599999997
9393,0.004017941200000001,0.80402,0.213928756,3.45477373
9394,0.0040189412,0.8241205,0.21248151999999998,3.4736681999999997
9395,0.004019941199999999,0.80402,0.213928756,3.30361797
9396,0.0040209412,0.8241205,0.213928756,2.9824119799999997
9397,0.004021941199999999,0.8241205,0.213928756,2.5289447
9398,0.0040229412,0.8241205,0.213928756,2.0565829499999997
9399,0.0040239412,0.8241205,0.213928756,1.7164824899999997
9400,0.004024941200000001,0.8241205,0.213928756,1.50864332
9401,0.0040259412,0.7839195,0.213928756,1.5653267299999998
9402,0.004026941199999999,0.80402,0.21248151999999998,1.88653272
9403,0.0040279412,0.80402,0.21248151999999998,2.30221106
9404,0.0040289411999999995,0.8241205,0.211034284,2.81236175
9405,0.0040299412000000005,0.844221,0.213928756,3.2469345599999997
9406,0.0040309412,0.80402,0.211034284,3.43587926
9407,0.004031941200000001,0.8241205,0.211034284,3.4736681999999997
9408,0.0040329412,0.8241205,0.21248151999999998,3.26582903
9409,0.004033941199999999,0.844221,0.211034284,2.8690451599999998
9410,0.0040349412,0.80402,0.211034284,2.45336682
9411,0.0040359411999999996,0.8241205,0.21248151999999998,1.98100507
9412,0.0040369412000000006,0.80402,0.211034284,1.6786935499999998
9413,0.0040379412,0.8241205,0.211034284,1.50864332
9414,0.004038941199999999,0.8241205,0.211034284,1.54643226
9415,0.0040399412,0.80402,0.213928756,1.73537696
9416,0.004040941199999999,0.8241205,0.21248151999999998,2.0565829499999997
9417,0.0040419412,0.8241205,0.213928756,2.41557788
9418,0.0040429412,0.80402,0.21248151999999998,2.8312562199999998
9419,0.004043941200000001,0.8241205,0.21248151999999998,3.15246221
9420,0.0040449412,0.8241205,0.211034284,3.3980903199999997
9421,0.004045941199999999,0.8241205,0.213928756,3.4736681999999997
9422,0.0040469412,0.80402,0.21248151999999998,3.4736681999999997
9423,0.004047941199999999,0.844221,0.213928756,3.3225124399999997
9424,0.0040489412,0.8241205,0.21248151999999998,3.0957787999999997
9425,0.0040499412,0.8241205,0.213928756,2.75567834
9426,0.004050941200000001,0.844221,0.21248151999999998,2.45336682
9427,0.0040519412,0.8241205,0.213928756,2.1321608299999997
9428,0.004052941199999999,0.80402,0.213928756,1.84874378
9429,0.0040539412,0.80402,0.21248151999999998,1.6409046099999998
9430,0.0040549411999999995,0.8241205,0.215375992,1.5275377899999998
9431,0.0040559412000000005,0.8241205,0.213928756,1.54643226
9432,0.0040569412,0.844221,0.213928756,1.65979908
9433,0.004057941200000001,0.8241205,0.21248151999999998,1.92432166
9434,0.0040589412,0.8241205,0.21248151999999998,2.26442212
9435,0.004059941199999999,0.8241205,0.213928756,2.66120599
9436,0.0040609412,0.8241205,0.213928756,3.0202009199999997
9437,0.0040619411999999995,0.80402,0.21248151999999998,3.2847235
9438,0.0040629412000000005,0.8241205,0.21248151999999998,3.45477373
9439,0.0040639412,0.80402,0.21248151999999998,3.45477373
9440,0.004064941199999999,0.8241205,0.213928756,3.2847235
9441,0.0040659412,0.844221,0.211034284,2.96351751
9442,0.004066941199999999,0.80402,0.21248151999999998,2.47226129
9443,0.0040679412,0.8241205,0.211034284,2.0187940099999997
9444,0.0040689412,0.80402,0.211034284,1.6786935499999998
9445,0.004069941200000001,0.80402,0.211034284,1.5275377899999998
9446,0.0040709412,0.8241205,0.21248151999999998,1.6031156699999998
9447,0.004071941199999999,0.8241205,0.211034284,1.8298493099999997
9448,0.0040729412,0.80402,0.211034284,2.2455276499999997
9449,0.004073941199999999,0.8241205,0.21248151999999998,2.73678387
9450,0.0040749412,0.8241205,0.211034284,3.15246221
9451,0.0040759412,0.844221,0.21248151999999998,3.43587926
9452,0.004076941200000001,0.8241205,0.213928756,3.49256267
9453,0.0040779412,0.8241205,0.211034284,3.34140691
9454,0.004078941199999999,0.844221,0.211034284,2.9824119799999997
9455,0.0040799412,0.8241205,0.21248151999999998,2.49115576
9456,0.0040809411999999995,0.8241205,0.21248151999999998,2.0565829499999997
9457,0.0040819412000000005,0.8241205,0.21248151999999998,1.69758802
9458,0.0040829412,0.80402,0.213928756,1.5275377899999998
9459,0.004083941200000001,0.844221,0.215375992,1.54643226
9460,0.0040849412,0.8241205,0.213928756,1.7731659
9461,0.004085941199999999,0.80402,0.213928756,2.1321608299999997
9462,0.0040869412,0.8241205,0.215375992,2.51005023
9463,0.0040879411999999995,0.844221,0.21248151999999998,2.8690451599999998
9464,0.0040889412000000005,0.8241205,0.213928756,3.2469345599999997
9465,0.0040899412,0.8241205,0.211034284,3.41698479
9466,0.004090941199999999,0.844221,0.213928756,3.49256267
9467,0.0040919412,0.8241205,0.21248151999999998,3.3980903199999997
9468,0.004092941199999999,0.8241205,0.213928756,3.19025115
9469,0.0040939412,0.844221,0.211034284,2.8690451599999998
9470,0.0040949412,0.8241205,0.213928756,2.47226129
9471,0.004095941200000001,0.8241205,0.211034284,2.1510553
9472,0.0040969412,0.8241205,0.21248151999999998,1.8298493099999997
9473,0.004097941199999999,0.8241205,0.21248151999999998,1.6031156699999998
9474,0.0040989412,0.844221,0.211034284,1.5275377899999998
9475,0.004099941199999999,0.844221,0.211034284,1.5275377899999998
9476,0.0041009412,0.8241205,0.209587048,1.7164824899999997
9477,0.0041019412,0.844221,0.211034284,1.9621106
9478,0.004102941200000001,0.844221,0.209587048,2.3211055299999996
9479,0.0041039412,0.8241205,0.211034284,2.68010046
9480,0.004104941199999999,0.8241205,0.211034284,3.0202009199999997
9481,0.0041059412,0.80402,0.21248151999999998,3.3225124399999997
9482,0.0041069411999999994,0.844221,0.21248151999999998,3.45477373
9483,0.0041079412000000004,0.8241205,0.21248151999999998,3.4736681999999997
9484,0.0041089412,0.80402,0.211034284,3.3225124399999997
9485,0.004109941200000001,0.8241205,0.21248151999999998,3.03909539
9486,0.0041109412,0.8241205,0.211034284,2.64231152
9487,0.004111941199999999,0.844221,0.21248151999999998,2.26442212
9488,0.0041129412,0.844221,0.21248151999999998,1.84874378
9489,0.0041139411999999995,0.8241205,0.211034284,1.6031156699999998
9490,0.0041149412000000005,0.8241205,0.213928756,1.50864332
9491,0.0041159412,0.844221,0.21248151999999998,1.6409046099999998
9492,0.004116941200000001,0.844221,0.21248151999999998,1.92432166
9493,0.0041179412,0.844221,0.21248151999999998,2.35889447
9494,0.004118941199999999,0.844221,0.213928756,2.85015069
9495,0.0041199412,0.8241205,0.21248151999999998,3.2469345599999997
9496,0.0041209411999999996,0.844221,0.211034284,3.49256267
9497,0.0041219412000000006,0.844221,0.213928756,3.49256267
9498,0.0041229412,0.844221,0.213928756,3.2469345599999997
9499,0.004123941199999999,0.8241205,0.21248151999999998,2.8312562199999998
9500,0.0041249412,0.844221,0.21248151999999998,2.37778894
9501,0.004125941199999999,0.844221,0.21248151999999998,1.90542719
9502,0.0041269412,0.844221,0.21248151999999998,1.6031156699999998
9503,0.0041279412,0.844221,0.21248151999999998,1.5275377899999998
9504,0.004128941200000001,0.844221,0.21248151999999998,1.65979908
9505,0.0041299412,0.844221,0.211034284,1.98100507
9506,0.004130941199999999,0.844221,0.21248151999999998,2.41557788
9507,0.0041319412,0.844221,0.211034284,2.85015069
9508,0.004132941199999999,0.844221,0.21248151999999998,3.22804009
9509,0.0041339412,0.844221,0.211034284,3.45477373
9510,0.0041349412,0.8241205,0.211034284,3.4736681999999997
9511,0.004135941200000001,0.844221,0.21248151999999998,3.36030138
9512,0.0041369412,0.844221,0.21248151999999998,3.07688433
9513,0.004137941199999999,0.844221,0.21248151999999998,2.73678387
9514,0.0041389412,0.844221,0.21248151999999998,2.34
9515,0.0041399411999999995,0.844221,0.21248151999999998,1.99989954
9516,0.0041409412000000005,0.8241205,0.213928756,1.73537696
9517,0.0041419412,0.8241205,0.21248151999999998,1.54643226
9518,0.004142941200000001,0.8241205,0.211034284,1.50864332
9519,0.0041439412,0.844221,0.21248151999999998,1.5842212
9520,0.004144941199999999,0.844221,0.21248151999999998,1.7542714299999997
9521,0.0041459412,0.844221,0.213928756,2.07547742
9522,0.0041469411999999995,0.8241205,0.21248151999999998,2.35889447
9523,0.0041479412000000005,0.8643215,0.21248151999999998,2.7178894
9524,0.0041489412,0.8643215,0.213928756,3.03909539
9525,0.004149941199999999,0.8241205,0.211034284,3.2847235
9526,0.0041509412,0.8241205,0.211034284,3.45477373
9527,0.004151941199999999,0.844221,0.21248151999999998,3.51145714
9528,0.0041529412,0.844221,0.211034284,3.34140691
9529,0.0041539412,0.844221,0.21248151999999998,3.15246221
9530,0.004154941200000001,0.8643215,0.21248151999999998,2.81236175
9531,0.0041559412,0.8241205,0.21248151999999998,2.39668341
9532,0.004156941199999999,0.884422,0.211034284,2.0565829499999997
9533,0.0041579412,0.844221,0.21248151999999998,1.73537696
9534,0.004158941199999999,0.844221,0.213928756,1.54643226
9535,0.0041599412,0.844221,0.211034284,1.5275377899999998
9536,0.0041609412,0.8241205,0.213928756,1.7542714299999997
9537,0.004161941200000001,0.844221,0.21248151999999998,2.0943718899999997
9538,0.0041629412,0.8241205,0.21248151999999998,2.56673364
9539,0.004163941199999999,0.844221,0.21248151999999998,2.9824119799999997
9540,0.0041649412,0.8241205,0.211034284,3.34140691
9541,0.0041659411999999995,0.8241205,0.211034284,3.45477373
9542,0.0041669412000000005,0.844221,0.21248151999999998,3.3980903199999997
9543,0.0041679412,0.8643215,0.211034284,3.11467327
9544,0.004168941200000001,0.844221,0.21248151999999998,2.69899493
9545,0.0041699412,0.844221,0.21248151999999998,2.22663318
9546,0.004170941199999999,0.844221,0.211034284,1.81095484
9547,0.0041719412,0.844221,0.21248151999999998,1.5653267299999998
9548,0.0041729411999999995,0.844221,0.21248151999999998,1.54643226
9549,0.0041739412000000005,0.844221,0.211034284,1.7731659
9550,0.0041749412,0.8643215,0.21248151999999998,2.11326636
9551,0.004175941199999999,0.8643215,0.211034284,2.54783917
9552,0.0041769412,0.844221,0.211034284,3.0202009199999997
9553,0.004177941199999999,0.8643215,0.21248151999999998,3.3225124399999997
9554,0.0041789412,0.844221,0.211034284,3.49256267
9555,0.0041799412,0.844221,0.21248151999999998,3.4736681999999997
9556,0.004180941200000001,0.8643215,0.211034284,3.26582903
9557,0.0041819412,0.844221,0.211034284,2.9824119799999997
9558,0.004182941199999999,0.8241205,0.211034284,2.62341705
9559,0.0041839412,0.8643215,0.21248151999999998,2.2455276499999997
9560,0.004184941199999999,0.8241205,0.215375992,1.92432166
9561,0.0041859412,0.844221,0.211034284,1.69758802
9562,0.0041869412,0.8241205,0.211034284,1.54643226
9563,0.004187941200000001,0.844221,0.211034284,1.5275377899999998
9564,0.0041889412,0.844221,0.213928756,1.5842212
9565,0.004189941199999999,0.8643215,0.211034284,1.7542714299999997
9566,0.0041909412,0.844221,0.213928756,2.0187940099999997
9567,0.0041919411999999994,0.844221,0.21248151999999998,2.2833165899999996
9568,0.0041929412000000004,0.8643215,0.211034284,2.64231152
9569,0.0041939412,0.844221,0.21248151999999998,2.92572857
9570,0.004194941200000001,0.844221,0.21248151999999998,3.19025115
9571,0.0041959412,0.844221,0.211034284,3.37919585
9572,0.004196941199999999,0.8643215,0.21248151999999998,3.45477373
9573,0.0041979412,0.8643215,0.21248151999999998,3.45477373
9574,0.0041989411999999995,0.844221,0.211034284,3.3225124399999997
9575,0.0041999412000000005,0.844221,0.21248151999999998,3.0579898599999997
9576,0.0042009412,0.844221,0.211034284,2.73678387
9577,0.004201941199999999,0.844221,0.211034284,2.3211055299999996
9578,0.0042029412,0.844221,0.21248151999999998,1.9621106
9579,0.004203941199999999,0.8643215,0.211034284,1.6786935499999998
9580,0.0042049412,0.8643215,0.213928756,1.50864332
9581,0.0042059412,0.8643215,0.21248151999999998,1.5275377899999998
9582,0.004206941200000001,0.844221,0.21248151999999998,1.73537696
9583,0.0042079412,0.8643215,0.211034284,2.11326636
9584,0.004208941199999999,0.8643215,0.211034284,2.60452258
9585,0.0042099412,0.884422,0.21248151999999998,3.03909539
9586,0.004210941199999999,0.844221,0.21248151999999998,3.37919585
9587,0.0042119412,0.844221,0.211034284,3.49256267
9588,0.0042129412,0.844221,0.21248151999999998,3.36030138
9589,0.004213941200000001,0.844221,0.21248151999999998,3.0202009199999997
9590,0.0042149412,0.8643215,0.211034284,2.5289447
9591,0.004215941199999999,0.8643215,0.21248151999999998,2.0565829499999997
9592,0.0042169412,0.844221,0.209587048,1.6786935499999998
9593,0.004217941199999999,0.844221,0.211034284,1.50864332
9594,0.0042189412,0.8241205,0.211034284,1.6409046099999998
9595,0.0042199412,0.844221,0.21248151999999998,1.94321613
9596,0.004220941200000001,0.8643215,0.211034284,2.37778894
9597,0.0042219412,0.844221,0.211034284,2.8312562199999998
9598,0.004222941199999999,0.8643215,0.211034284,3.2091456199999997
9599,0.0042239412,0.844221,0.21248151999999998,3.43587926
9600,0.0042249411999999995,0.844221,0.21248151999999998,3.51145714
9601,0.0042259412000000005,0.844221,0.213928756,3.37919585
9602,0.0042269412,0.844221,0.213928756,3.11467327
9603,0.004227941200000001,0.8643215,0.21248151999999998,2.7934672799999998
9604,0.0042289412,0.8643215,0.21248151999999998,2.37778894
9605,0.004229941199999999,0.884422,0.211034284,2.03768848
9606,0.0042309412,0.884422,0.21248151999999998,1.7920603699999997
9607,0.0042319411999999995,0.8643215,0.213928756,1.5842212
9608,0.0042329412000000005,0.8643215,0.213928756,1.50864332
9609,0.0042339412,0.844221,0.21248151999999998,1.54643226
9610,0.004234941199999999,0.844221,0.21248151999999998,1.6786935499999998
9611,0.0042359412,0.8643215,0.21248151999999998,1.8676382499999997
9612,0.004236941199999999,0.8643215,0.211034284,2.1699497699999997
9613,0.0042379412,0.844221,0.21248151999999998,2.47226129
9614,0.0042389412,0.80402,0.21248151999999998,2.81236175
9615,0.004239941200000001,0.844221,0.21248151999999998,3.0579898599999997
9616,0.0042409412,0.844221,0.211034284,3.30361797
9617,0.004241941199999999,0.8643215,0.211034284,3.43587926
9618,0.0042429412,0.844221,0.211034284,3.49256267
9619,0.004243941199999999,0.844221,0.21248151999999998,3.43587926
9620,0.0042449412,0.844221,0.21248151999999998,3.2847235
9621,0.0042459412,0.844221,0.211034284,3.00130645
9622,0.004246941200000001,0.884422,0.21248151999999998,2.66120599
9623,0.0042479412,0.8643215,0.213928756,2.2455276499999997
9624,0.004248941199999999,0.884422,0.211034284,1.8676382499999997
9625,0.0042499412,0.844221,0.211034284,1.62201014
9626,0.0042509411999999995,0.844221,0.211034284,1.50864332
9627,0.0042519412000000005,0.8643215,0.211034284,1.62201014
9628,0.0042529412,0.844221,0.211034284,1.92432166
9629,0.004253941200000001,0.844221,0.21248151999999998,2.37778894
9630,0.0042549412,0.884422,0.21248151999999998,2.81236175
9631,0.004255941199999999,0.8643215,0.211034284,3.2469345599999997
9632,0.0042569412,0.8643215,0.21248151999999998,3.4736681999999997
9633,0.0042579411999999995,0.8643215,0.211034284,3.43587926
9634,0.0042589412000000005,0.844221,0.21248151999999998,3.1335677399999997
9635,0.0042599412,0.844221,0.213928756,2.66120599
9636,0.004260941199999999,0.8643215,0.211034284,2.0943718899999997
9637,0.0042619412,0.8643215,0.211034284,1.7164824899999997
9638,0.004262941199999999,0.844221,0.213928756,1.50864332
9639,0.0042639412,0.844221,0.213928756,1.5842212
9640,0.0042649412,0.844221,0.21248151999999998,1.92432166
9641,0.004265941200000001,0.884422,0.21248151999999998,2.35889447
9642,0.0042669412,0.8643215,0.21248151999999998,2.81236175
9643,0.004267941199999999,0.844221,0.21248151999999998,3.22804009
9644,0.0042689412,0.8643215,0.211034284,3.43587926
9645,0.004269941199999999,0.8643215,0.21248151999999998,3.49256267
9646,0.0042709412,0.8643215,0.211034284,3.3225124399999997
9647,0.0042719412,0.8643215,0.211034284,3.0202009199999997
9648,0.004272941200000001,0.844221,0.21248151999999998,2.66120599
9649,0.0042739412,0.8643215,0.209587048,2.30221106
9650,0.004274941199999999,0.844221,0.211034284,1.92432166
9651,0.0042759412,0.884422,0.211034284,1.65979908
9652,0.0042769411999999995,0.884422,0.209587048,1.54643226
9653,0.0042779412000000005,0.8643215,0.211034284,1.5275377899999998
9654,0.0042789412,0.8643215,0.211034284,1.6409046099999998
9655,0.004279941200000001,0.8643215,0.211034284,1.81095484
9656,0.0042809412,0.8643215,0.211034284,2.11326636
9657,0.004281941199999999,0.8643215,0.209587048,2.39668341
9658,0.0042829412,0.884422,0.209587048,2.68010046
9659,0.0042839411999999995,0.8643215,0.21248151999999998,2.9824119799999997
9660,0.0042849412000000005,0.8643215,0.211034284,3.22804009
9661,0.0042859412,0.8643215,0.209587048,3.41698479
9662,0.004286941199999999,0.844221,0.211034284,3.51145714
9663,0.0042879412,0.884422,0.211034284,3.4736681999999997
9664,0.004288941199999999,0.884422,0.211034284,3.3225124399999997
9665,0.0042899412,0.8643215,0.211034284,3.07688433
9666,0.0042909412,0.884422,0.21248151999999998,2.69899493
9667,0.004291941200000001,0.884422,0.211034284,2.35889447
9668,0.0042929412,0.8643215,0.211034284,1.9621106
9669,0.004293941199999999,0.8643215,0.21248151999999998,1.6786935499999998
9670,0.0042949412,0.844221,0.213928756,1.5275377899999998
9671,0.004295941199999999,0.8643215,0.213928756,1.5653267299999998
9672,0.0042969412,0.8643215,0.21248151999999998,1.8298493099999997
9673,0.0042979412,0.884422,0.21248151999999998,2.22663318
9674,0.004298941200000001,0.884422,0.213928756,2.7178894
9675,0.0042999412,0.8643215,0.21248151999999998,3.1335677399999997
9676,0.004300941199999999,0.8643215,0.21248151999999998,3.41698479
9677,0.0043019412,0.844221,0.213928756,3.49256267
9678,0.004302941199999999,0.8643215,0.213928756,3.2847235
9679,0.0043039412,0.884422,0.21248151999999998,2.85015069
9680,0.0043049412,0.8643215,0.213928756,2.34
9681,0.004305941200000001,0.884422,0.213928756,1.88653272
9682,0.0043069412,0.8643215,0.21248151999999998,1.5842212
9683,0.004307941199999999,0.884422,0.21248151999999998,1.5275377899999998
9684,0.0043089412,0.884422,0.209587048,1.7920603699999997
9685,0.0043099411999999995,0.8643215,0.211034284,2.18884424
9686,0.0043109412000000005,0.884422,0.211034284,2.66120599
9687,0.0043119412,0.8643215,0.211034284,3.1335677399999997
9688,0.004312941199999999,0.8643215,0.209587048,3.43587926
9689,0.0043139412,0.884422,0.20813981199999998,3.49256267
9690,0.004314941199999999,0.844221,0.211034284,3.36030138
9691,0.0043159412,0.884422,0.211034284,3.0579898599999997
9692,0.0043169411999999996,0.844221,0.211034284,2.7178894
9693,0.0043179412000000006,0.8643215,0.211034284,2.2833165899999996
9694,0.0043189412,0.884422,0.211034284,1.92432166
9695,0.004319941199999999,0.8643215,0.21248151999999998,1.65979908
9696,0.0043209412,0.8643215,0.211034284,1.5275377899999998
9697,0.004321941199999999,0.8643215,0.211034284,1.5275377899999998
9698,0.0043229412,0.8643215,0.211034284,1.65979908
9699,0.0043239412,0.844221,0.21248151999999998,1.8676382499999997
9700,0.004324941200000001,0.884422,0.21248151999999998,2.1699497699999997
9701,0.0043259412,0.8643215,0.21248151999999998,2.47226129
9702,0.004326941199999999,0.844221,0.21248151999999998,2.8312562199999998
9703,0.0043279412,0.884422,0.213928756,3.11467327
9704,0.004328941199999999,0.884422,0.21248151999999998,3.3225124399999997
9705,0.0043299412,0.8643215,0.21248151999999998,3.4736681999999997
9706,0.0043309412,0.8643215,0.213928756,3.49256267
9707,0.004331941200000001,0.844221,0.21248151999999998,3.45477373
9708,0.0043329412,0.8643215,0.21248151999999998,3.2469345599999997
9709,0.004333941199999999,0.8643215,0.213928756,3.0202009199999997
9710,0.0043349412,0.884422,0.21248151999999998,2.64231152
9711,0.0043359411999999995,0.8643215,0.213928756,2.30221106
9712,0.0043369412000000005,0.8643215,0.21248151999999998,1.94321613
9713,0.0043379412,0.8643215,0.21248151999999998,1.65979908
9714,0.004338941200000001,0.884422,0.211034284,1.5275377899999998
9715,0.0043399412,0.8643215,0.21248151999999998,1.54643226
9716,0.004340941199999999,0.844221,0.21248151999999998,1.7920603699999997
9717,0.0043419412,0.884422,0.211034284,2.1321608299999997
9718,0.0043429411999999995,0.884422,0.211034284,2.58562811
9719,0.0043439412000000005,0.8643215,0.209587048,3.0202009199999997
9720,0.0043449412,0.884422,0.211034284,3.37919585
9721,0.004345941199999999,0.884422,0.211034284,3.51145714
9722,0.0043469412,0.8643215,0.209587048,3.37919585
9723,0.004347941199999999,0.8643215,0.209587048,3.07688433
9724,0.0043489412,0.884422,0.209587048,2.51005023
9725,0.0043499412,0.884422,0.211034284,2.03768848
9726,0.004350941200000001,0.884422,0.20813981199999998,1.65979908
9727,0.0043519412,0.8643215,0.209587048,1.5275377899999998
9728,0.004352941199999999,0.884422,0.211034284,1.6409046099999998
9729,0.0043539412,0.8643215,0.21248151999999998,2.0187940099999997
9730,0.004354941199999999,0.844221,0.21248151999999998,2.5289447
9731,0.0043559412,0.884422,0.213928756,3.00130645
9732,0.0043569412,0.8643215,0.213928756,3.36030138
9733,0.004357941200000001,0.8643215,0.21248151999999998,3.51145714
9734,0.0043589412,0.8643215,0.213928756,3.3980903199999997
9735,0.004359941199999999,0.884422,0.213928756,3.11467327
9736,0.0043609412,0.884422,0.21248151999999998,2.69899493
9737,0.0043619411999999995,0.8643215,0.21248151999999998,2.2455276499999997
9738,0.0043629412000000005,0.8643215,0.215375992,1.88653272
9739,0.0043639412,0.884422,0.21248151999999998,1.6409046099999998
9740,0.004364941200000001,0.884422,0.213928756,1.5275377899999998
9741,0.0043659412,0.8643215,0.21248151999999998,1.54643226
9742,0.004366941199999999,0.8643215,0.211034284,1.73537696
9743,0.0043679412,0.8643215,0.213928756,2.03768848
9744,0.0043689411999999995,0.884422,0.21248151999999998,2.39668341
9745,0.0043699412000000005,0.884422,0.211034284,2.75567834
9746,0.0043709412,0.9045225,0.21248151999999998,3.0579898599999997
9747,0.004371941199999999,0.884422,0.211034284,3.30361797
9748,0.0043729412,0.884422,0.211034284,3.4736681999999997
9749,0.004373941199999999,0.884422,0.209587048,3.4736681999999997
9750,0.0043749412,0.8643215,0.21248151999999998,3.41698479
9751,0.0043759412,0.9045225,0.209587048,3.2469345599999997
9752,0.004376941200000001,0.9045225,0.20813981199999998,3.00130645
9753,0.0043779412,0.884422,0.209587048,2.68010046
9754,0.004378941199999999,0.884422,0.209587048,2.34
9755,0.0043799412,0.884422,0.209587048,2.0187940099999997
9756,0.004380941199999999,0.884422,0.209587048,1.73537696
9757,0.0043819412,0.9045225,0.211034284,1.5653267299999998
9758,0.0043829412,0.884422,0.211034284,1.4897488499999998
9759,0.004383941200000001,0.8643215,0.211034284,1.62201014
9760,0.0043849412,0.8643215,0.211034284,1.90542719
9761,0.004385941199999999,0.884422,0.209587048,2.30221106
9762,0.0043869412,0.884422,0.211034284,2.7178894
9763,0.0043879411999999994,0.8643215,0.211034284,3.1335677399999997
9764,0.0043889412000000004,0.884422,0.21248151999999998,3.43587926
9765,0.0043899412,0.884422,0.21248151999999998,3.49256267
9766,0.004390941200000001,0.8643215,0.213928756,3.30361797
9767,0.0043919412,0.884422,0.21248151999999998,2.92572857
9768,0.004392941199999999,0.8643215,0.213928756,2.45336682
9769,0.0043939412,0.844221,0.21248151999999998,1.98100507
9770,0.0043949411999999995,0.884422,0.21248151999999998,1.62201014
9771,0.0043959412000000005,0.884422,0.213928756,1.50864332
9772,0.0043969412,0.884422,0.213928756,1.65979908
9773,0.004397941199999999,0.8643215,0.213928756,2.07547742
9774,0.0043989412,0.9045225,0.213928756,2.5289447
9775,0.004399941199999999,0.884422,0.211034284,3.03909539
9776,0.0044009412,0.884422,0.21248151999999998,3.37919585
9777,0.0044019411999999996,0.884422,0.21248151999999998,3.49256267
9778,0.0044029412000000006,0.8643215,0.211034284,3.36030138
9779,0.0044039412,0.9045225,0.209587048,2.9824119799999997
9780,0.004404941199999999,0.884422,0.211034284,2.51005023
9781,0.0044059412,0.8643215,0.209587048,2.07547742
9782,0.004406941199999999,0.9045225,0.20813981199999998,1.69758802
9783,0.0044079412,0.9045225,0.209587048,1.50864332
9784,0.0044089412,0.924623,0.20813981199999998,1.5653267299999998
9785,0.004409941200000001,0.9045225,0.209587048,1.7542714299999997
9786,0.0044109412,0.884422,0.20813981199999998,2.0187940099999997
9787,0.004411941199999999,0.884422,0.211034284,2.43447235
9788,0.0044129412,0.9045225,0.209587048,2.7934672799999998
9789,0.004413941199999999,0.884422,0.209587048,3.15246221
9790,0.0044149412,0.884422,0.209587048,3.37919585
9791,0.0044159412,0.884422,0.209587048,3.4736681999999997
9792,0.004416941200000001,0.9045225,0.211034284,3.45477373
9793,0.0044179412,0.884422,0.21248151999999998,3.36030138
9794,0.004418941199999999,0.8643215,0.211034284,3.1713566799999997
9795,0.0044199412,0.884422,0.211034284,2.8690451599999998
9796,0.0044209411999999995,0.9045225,0.21248151999999998,2.51005023
9797,0.0044219412000000005,0.9045225,0.213928756,2.1699497699999997
9798,0.0044229412,0.884422,0.21248151999999998,1.88653272
9799,0.004423941200000001,0.884422,0.213928756,1.62201014
9800,0.0044249412,0.9045225,0.213928756,1.54643226
9801,0.004425941199999999,0.884422,0.21248151999999998,1.5275377899999998
9802,0.0044269412,0.9045225,0.213928756,1.65979908
9803,0.0044279411999999995,0.884422,0.213928756,1.94321613
9804,0.0044289412000000005,0.8643215,0.21248151999999998,2.26442212
9805,0.0044299412,0.9045225,0.213928756,2.64231152
9806,0.004430941199999999,0.884422,0.213928756,3.03909539
9807,0.0044319412,0.884422,0.21248151999999998,3.34140691
9808,0.004432941199999999,0.884422,0.213928756,3.4736681999999997
9809,0.0044339412,0.9045225,0.213928756,3.45477373
9810,0.0044349412,0.9045225,0.211034284,3.22804009
9811,0.004435941200000001,0.9045225,0.21248151999999998,2.8312562199999998
9812,0.0044369412,0.884422,0.209587048,2.34
9813,0.004437941199999999,0.9045225,0.211034284,1.90542719
9814,0.0044389412,0.884422,0.211034284,1.6031156699999998
9815,0.004439941199999999,0.9045225,0.209587048,1.5275377899999998
9816,0.0044409412,0.884422,0.209587048,1.6786935499999998
9817,0.0044419412,0.9045225,0.20813981199999998,2.0565829499999997
9818,0.004442941200000001,0.884422,0.209587048,2.54783917
9819,0.0044439412,0.884422,0.20813981199999998,3.03909539
9820,0.004444941199999999,0.9045225,0.209587048,3.37919585
9821,0.0044459412,0.884422,0.209587048,3.49256267
9822,0.0044469411999999995,0.884422,0.211034284,3.34140691
9823,0.0044479412000000005,0.884422,0.209587048,3.00130645
9824,0.0044489412,0.884422,0.209587048,2.5289447
9825,0.004449941200000001,0.9045225,0.211034284,2.0943718899999997
9826,0.0044509412,0.924623,0.21248151999999998,1.7164824899999997
9827,0.004451941199999999,0.9045225,0.211034284,1.50864332
9828,0.0044529412,0.9045225,0.21248151999999998,1.5653267299999998
9829,0.0044539411999999995,0.9045225,0.213928756,1.7731659
9830,0.0044549412000000005,0.9045225,0.211034284,2.1321608299999997
9831,0.0044559412,0.9045225,0.21248151999999998,2.51005023
9832,0.004456941199999999,0.9045225,0.21248151999999998,2.88793963
9833,0.0044579412,0.9045225,0.213928756,3.19025115
9834,0.004458941199999999,0.9045225,0.213928756,3.41698479
9835,0.0044599412,0.9045225,0.213928756,3.49256267
9836,0.0044609412,0.9045225,0.213928756,3.41698479
9837,0.004461941200000001,0.9045225,0.213928756,3.22804009
9838,0.0044629412,0.9045225,0.21248151999999998,2.9824119799999997
9839,0.004463941199999999,0.884422,0.21248151999999998,2.66120599
9840,0.0044649412,0.884422,0.21248151999999998,2.35889447
9841,0.004465941199999999,0.8643215,0.21248151999999998,2.07547742
9842,0.0044669412,0.884422,0.21248151999999998,1.7542714299999997
9843,0.0044679412,0.9045225,0.211034284,1.5842212
9844,0.004468941200000001,0.884422,0.209587048,1.50864332
9845,0.0044699412,0.9045225,0.211034284,1.54643226
9846,0.004470941199999999,0.9045225,0.209587048,1.69758802
9847,0.0044719412,0.9045225,0.20813981199999998,1.98100507
9848,0.0044729411999999994,0.8643215,0.209587048,2.30221106
9849,0.0044739412000000004,0.884422,0.209587048,2.66120599
9850,0.0044749412,0.884422,0.209587048,3.03909539
9851,0.004475941200000001,0.884422,0.209587048,3.2847235
9852,0.0044769412,0.9045225,0.20813981199999998,3.4736681999999997
9853,0.004477941199999999,0.884422,0.209587048,3.4736681999999997
9854,0.0044789412,0.9045225,0.209587048,3.30361797
9855,0.0044799411999999995,0.9045225,0.209587048,2.96351751
9856,0.0044809412000000005,0.9045225,0.211034284,2.5289447
9857,0.0044819412,0.9045225,0.211034284,2.07547742
9858,0.004482941199999999,0.9045225,0.209587048,1.6786935499999998
9859,0.0044839412,0.924623,0.211034284,1.5275377899999998
9860,0.004484941199999999,0.9045225,0.211034284,1.6031156699999998
9861,0.0044859412,0.9045225,0.21248151999999998,1.8676382499999997
9862,0.0044869412,0.9045225,0.21248151999999998,2.2833165899999996
9863,0.004487941200000001,0.9045225,0.21248151999999998,2.8312562199999998
9864,0.0044889412,0.8643215,0.213928756,3.26582903
9865,0.004489941199999999,0.9045225,0.213928756,3.49256267
9866,0.0044909412,0.8643215,0.21248151999999998,3.45477373
9867,0.004491941199999999,0.9045225,0.213928756,3.15246221
9868,0.0044929412,0.9045225,0.213928756,2.66120599
9869,0.0044939412,0.9045225,0.213928756,2.18884424
9870,0.004494941200000001,0.884422,0.213928756,1.7920603699999997
9871,0.0044959412,0.9045225,0.21248151999999998,1.5653267299999998
9872,0.004496941199999999,0.924623,0.211034284,1.5275377899999998
9873,0.0044979412,0.884422,0.21248151999999998,1.73537696
9874,0.004498941199999999,0.9045225,0.211034284,2.0943718899999997
9875,0.0044999412,0.884422,0.209587048,2.51005023
9876,0.0045009412,0.924623,0.211034284,2.88793963
9877,0.004501941200000001,0.884422,0.209587048,3.26582903
9878,0.0045029412,0.884422,0.209587048,3.43587926
9879,0.004503941199999999,0.9045225,0.209587048,3.4736681999999997
9880,0.0045049412,0.9045225,0.20813981199999998,3.43587926
9881,0.0045059411999999995,0.9045225,0.209587048,3.22804009
9882,0.0045069412000000005,0.9045225,0.20813981199999998,2.9068340999999998
9883,0.0045079412,0.9045225,0.209587048,2.60452258
9884,0.004508941199999999,0.884422,0.20813981199999998,2.30221106
9885,0.0045099412,0.884422,0.209587048,1.9621106
9886,0.004510941199999999,0.884422,0.20813981199999998,1.69758802
9887,0.0045119412,0.9045225,0.209587048,1.5653267299999998
9888,0.0045129411999999995,0.8643215,0.209587048,1.5275377899999998
9889,0.0045139412000000005,0.884422,0.209587048,1.6031156699999998
9890,0.0045149412,0.9045225,0.211034284,1.73537696
9891,0.004515941199999999,0.9045225,0.211034284,2.0187940099999997
9892,0.0045169412,0.884422,0.209587048,2.3211055299999996
9893,0.004517941199999999,0.9045225,0.211034284,2.68010046
9894,0.0045189412,0.9045225,0.213928756,3.03909539
9895,0.0045199412,0.884422,0.21248151999999998,3.30361797
9896,0.004520941200000001,0.884422,0.21248151999999998,3.4736681999999997
9897,0.0045219412,0.884422,0.21248151999999998,3.49256267
9898,0.004522941199999999,0.9045225,0.213928756,3.3225124399999997
9899,0.0045239412,0.884422,0.213928756,2.9824119799999997
9900,0.004524941199999999,0.9045225,0.215375992,2.58562811
9901,0.0045259412,0.924623,0.213928756,2.11326636
9902,0.0045269412,0.9045225,0.215375992,1.7542714299999997
9903,0.004527941200000001,0.884422,0.215375992,1.5653267299999998
9904,0.0045289412,0.9045225,0.213928756,1.54643226
9905,0.004529941199999999,0.9045225,0.213928756,1.73537696
9906,0.0045309412,0.9045225,0.21248151999999998,2.1699497699999997
9907,0.0045319411999999995,0.9045225,0.211034284,2.66120599
9908,0.0045329412000000005,0.9045225,0.211034284,3.1335677399999997
9909,0.0045339412,0.884422,0.209587048,3.41698479
9910,0.004534941200000001,0.9045225,0.209587048,3.49256267
9911,0.0045359412,0.9045225,0.20813981199999998,3.3225124399999997
9912,0.004536941199999999,0.9045225,0.209587048,2.92572857
9913,0.0045379412,0.884422,0.209587048,2.45336682
9914,0.0045389411999999995,0.8643215,0.209587048,1.99989954
9915,0.0045399412000000005,0.884422,0.209587048,1.65979908
9916,0.0045409412,0.884422,0.20813981199999998,1.50864332
9917,0.004541941199999999,0.9045225,0.20813981199999998,1.6031156699999998
9918,0.0045429412,0.884422,0.20813981199999998,1.7920603699999997
9919,0.004543941199999999,0.884422,0.209587048,2.1699497699999997
9920,0.0045449412,0.884422,0.211034284,2.56673364
9921,0.0045459412,0.884422,0.209587048,2.9446230399999997
9922,0.004546941200000001,0.8643215,0.211034284,3.2469345599999997
9923,0.0045479412,0.9045225,0.211034284,3.45477373
9924,0.004548941199999999,0.884422,0.211034284,3.51145714
9925,0.0045499412,0.8643215,0.21248151999999998,3.43587926
9926,0.004550941199999999,0.884422,0.211034284,3.3225124399999997
9927,0.0045519412,0.884422,0.21248151999999998,3.03909539
9928,0.0045529412,0.884422,0.21248151999999998,2.69899493
9929,0.004553941200000001,0.9045225,0.21248151999999998,2.41557788
9930,0.0045549412,0.884422,0.21248151999999998,2.1321608299999997
9931,0.004555941199999999,0.884422,0.211034284,1.8676382499999997
9932,0.0045569412,0.8643215,0.213928756,1.6786935499999998
9933,0.0045579411999999995,0.884422,0.21248151999999998,1.5275377899999998
9934,0.0045589412000000005,0.9045225,0.21248151999999998,1.5275377899999998
9935,0.0045599412,0.9045225,0.213928756,1.62201014
9936,0.004560941200000001,0.924623,0.213928756,1.81095484
9937,0.0045619412,0.9045225,0.213928756,2.0565829499999997
9938,0.004562941199999999,0.9045225,0.21248151999999998,2.41557788
9939,0.0045639412,0.884422,0.211034284,2.73678387
9940,0.0045649411999999995,0.924623,0.211034284,3.0202009199999997
9941,0.0045659412000000005,0.884422,0.209587048,3.2847235
9942,0.0045669412,0.884422,0.213928756,3.45477373
9943,0.004567941199999999,0.9045225,0.211034284,3.49256267
9944,0.0045689412,0.884422,0.211034284,3.3980903199999997
9945,0.004569941199999999,0.884422,0.211034284,3.11467327
9946,0.0045709412,0.9045225,0.211034284,2.7934672799999998
9947,0.0045719412,0.884422,0.20813981199999998,2.37778894
9948,0.004572941200000001,0.9045225,0.209587048,1.98100507
9949,0.0045739412,0.884422,0.211034284,1.69758802
9950,0.004574941199999999,0.9045225,0.209587048,1.54643226
9951,0.0045759412,0.8643215,0.209587048,1.5653267299999998
9952,0.004576941199999999,0.8643215,0.209587048,1.69758802
9953,0.0045779412,0.884422,0.206692576,2.0187940099999997
9954,0.0045789412,0.884422,0.209587048,2.39668341
9955,0.004579941200000001,0.884422,0.209587048,2.7934672799999998
9956,0.0045809412,0.8643215,0.209587048,3.11467327
9957,0.004581941199999999,0.8643215,0.20813981199999998,3.37919585
9958,0.0045829412,0.9045225,0.211034284,3.49256267
9959,0.004583941199999999,0.884422,0.209587048,3.4736681999999997
9960,0.0045849412,0.884422,0.211034284,3.30361797
9961,0.0045859412,0.884422,0.209587048,3.11467327
9962,0.004586941200000001,0.884422,0.211034284,2.77457281
9963,0.0045879412,0.884422,0.213928756,2.43447235
9964,0.004588941199999999,0.884422,0.211034284,2.18884424
9965,0.0045899412,0.9045225,0.213928756,1.92432166
9966,0.0045909411999999995,0.884422,0.21248151999999998,1.69758802
9967,0.0045919412000000005,0.9045225,0.21248151999999998,1.5653267299999998
9968,0.0045929412,0.8643215,0.213928756,1.50864332
9969,0.004593941199999999,0.9045225,0.213928756,1.5275377899999998
9970,0.0045949412,0.8643215,0.213928756,1.6031156699999998
9971,0.004595941199999999,0.8643215,0.213928756,1.7542714299999997
9972,0.0045969412,0.884422,0.21248151999999998,1.90542719
9973,0.0045979411999999996,0.8643215,0.213928756,2.07547742
9974,0.0045989412000000006,0.9045225,0.213928756,2.3211055299999996
9975,0.0045999412,0.884422,0.213928756,2.49115576
9976,0.004600941199999999,0.884422,0.213928756,2.7178894
9977,0.0046019412,0.8643215,0.213928756,2.9446230399999997
9978,0.004602941199999999,0.884422,0.21248151999999998,3.0957787999999997
9979,0.0046039412,0.8643215,0.213928756,3.2469345599999997
9980,0.0046049412,0.8643215,0.213928756,3.3980903199999997
9981,0.004605941200000001,0.884422,0.21248151999999998,3.4736681999999997
9982,0.0046069412,0.884422,0.213928756,3.49256267
9983,0.004607941199999999,0.8643215,0.21248151999999998,3.51145714
9984,0.0046089412,0.844221,0.21248151999999998,3.3980903199999997
9985,0.004609941199999999,0.884422,0.213928756,3.26582903
9986,0.0046109412,0.844221,0.213928756,3.03909539
9987,0.0046119412,0.9045225,0.211034284,2.8690451599999998
9988,0.004612941200000001,0.9045225,0.21248151999999998,2.56673364
9989,0.0046139412,0.8643215,0.21248151999999998,2.2833165899999996
9990,0.004614941199999999,0.8643215,0.211034284,2.0565829499999997
9991,0.0046159412,0.884422,0.211034284,1.8676382499999997
9992,0.0046169411999999995,0.884422,0.209587048,1.69758802
9993,0.0046179412000000005,0.884422,0.21248151999999998,1.5842212
9994,0.0046189412,0.884422,0.211034284,1.5275377899999998
9995,0.004619941200000001,0.884422,0.211034284,1.5275377899999998
9996,0.0046209412,0.884422,0.211034284,1.62201014
9997,0.004621941199999999,0.8643215,0.20813981199999998,1.73537696
9998,0.0046229412,0.884422,0.209587048,1.90542719
9999,0.0046239411999999995,0.8643215,0.209587048,2.07547742
