,t,ramp,trans_pd,mzi_pd
0,-0.0055350588,-1.1761305,1.1275502510000002,5.258039999999999
1,-0.0055340988,-1.15603,1.1275502510000002,5.097236
2,-0.0055331388,-1.1761305,1.135590452,4.05201
3,-0.0055321788,-1.1761305,1.1275502510000002,2.363568
4,-0.0055312188,-1.196231,1.135590452,0.876131
5,-0.0055302588,-1.1761305,1.1275502510000002,0.1525129999999999
6,-0.0055292988000000005,-1.1761305,1.135590452,0.5545229999999997
7,-0.0055283388,-1.1761305,1.135590452,1.921357
8,-0.0055273788,-1.1761305,1.135590452,3.6097989999999998
9,-0.0055264188,-1.1761305,1.135590452,5.057035
10,-0.0055254588,-1.1761305,1.1195100500000001,5.298241
11,-0.0055244988,-1.196231,1.135590452,4.45402
12,-0.0055235388,-1.15603,1.1275502510000002,2.8861809999999997
13,-0.0055225788000000005,-1.15603,1.1275502510000002,1.1977389999999999
14,-0.0055216188,-1.2163315,1.135590452,0.23291499999999976
15,-0.0055206588,-1.196231,1.1275502510000002,0.4339200000000001
16,-0.0055196988,-1.1761305,1.1275502510000002,1.7605529999999998
17,-0.0055187388,-1.1761305,1.135590452,3.65
18,-0.0055177788,-1.1761305,1.1275502510000002,5.016834
19,-0.0055168188,-1.196231,1.135590452,5.258039999999999
20,-0.0055158588000000005,-1.1761305,1.135590452,4.333417
21,-0.0055148988,-1.196231,1.1275502510000002,2.564573
22,-0.0055139388,-1.15603,1.1275502510000002,0.876131
23,-0.0055129788,-1.15603,1.1275502510000002,0.19271400000000005
24,-0.0055120188,-1.196231,1.135590452,0.7957289999999997
25,-0.0055110588,-1.15603,1.143630653,2.323367
26,-0.0055100988,-1.1761305,1.143630653,4.172613
27,-0.0055091388000000005,-1.196231,1.1195100500000001,5.217839
28,-0.0055081788,-1.1761305,1.135590452,5.097236
29,-0.0055072188,-1.1761305,1.135590452,3.7304019999999998
30,-0.0055062588,-1.1761305,1.1195100500000001,1.8811559999999998
31,-0.0055052988,-1.1761305,1.1275502510000002,0.4741209999999998
32,-0.0055043388,-1.15603,1.1275502510000002,0.2731159999999999
33,-0.0055033788,-1.196231,1.1195100500000001,1.3987439999999998
34,-0.0055024188000000005,-1.1761305,1.1195100500000001,3.167588
35,-0.0055014588,-1.1761305,1.1195100500000001,4.775628
36,-0.0055004988,-1.1761305,1.1275502510000002,5.298241
37,-0.0054995388,-1.1761305,1.1275502510000002,4.534422
38,-0.0054985788,-1.15603,1.1275502510000002,2.84598
39,-0.0054976188,-1.1761305,1.1275502510000002,0.996734
40,-0.0054966588,-1.1761305,1.135590452,0.11231199999999975
41,-0.0054956988000000005,-1.15603,1.135590452,0.7153269999999998
42,-0.0054947388,-1.15603,1.1195100500000001,2.44397
43,-0.0054937788,-1.196231,1.1275502510000002,4.2530149999999995
44,-0.0054928188,-1.196231,1.1275502510000002,5.338442
45,-0.0054918588,-1.15603,1.1275502510000002,4.815829
46,-0.0054908988,-1.196231,1.1275502510000002,3.087186
47,-0.0054899388,-1.1761305,1.135590452,1.1977389999999999
48,-0.0054889788000000005,-1.15603,1.1275502510000002,0.19271400000000005
49,-0.0054880188,-1.1761305,1.1195100500000001,0.8359299999999998
50,-0.0054870588,-1.1761305,1.1275502510000002,2.564573
51,-0.0054860988,-1.1761305,1.1195100500000001,4.614824
52,-0.0054851388,-1.1761305,1.1275502510000002,5.298241
53,-0.0054841788,-1.1761305,1.1275502510000002,4.333417
54,-0.0054832188,-1.1761305,1.1195100500000001,2.2831659999999996
55,-0.0054822588,-1.1761305,1.1114698490000001,0.634925
56,-0.0054812988,-1.1359295,1.1195100500000001,0.2731159999999999
57,-0.0054803388,-1.15603,1.1195100500000001,1.5193469999999998
58,-0.0054793788,-1.1761305,1.1275502510000002,3.690201
59,-0.0054784188,-1.15603,1.1275502510000002,5.177638
60,-0.0054774588,-1.15603,1.1275502510000002,5.016834
61,-0.0054764988,-1.1761305,1.143630653,3.207789
62,-0.0054755388,-1.15603,1.1275502510000002,1.1977389999999999
63,-0.0054745788,-1.196231,1.135590452,0.23291499999999976
64,-0.0054736188,-1.15603,1.1275502510000002,1.117337
65,-0.0054726588,-1.15603,1.1275502510000002,3.167588
66,-0.0054716988,-1.1761305,1.1275502510000002,4.976633
67,-0.0054707388000000004,-1.15603,1.1195100500000001,5.177638
68,-0.0054697788,-1.15603,1.1275502510000002,3.6097989999999998
69,-0.0054688188,-1.1761305,1.1195100500000001,1.479146
70,-0.0054678588,-1.1761305,1.1275502510000002,0.1525129999999999
71,-0.0054668988,-1.1359295,1.1275502510000002,0.9163319999999997
72,-0.0054659388,-1.1761305,1.1195100500000001,3.0067839999999997
73,-0.0054649788,-1.1761305,1.1114698490000001,4.85603
74,-0.0054640188000000004,-1.1761305,1.1195100500000001,5.217839
75,-0.0054630588,-1.1761305,1.1275502510000002,3.851005
76,-0.0054620988,-1.1761305,1.1275502510000002,1.559548
77,-0.0054611388,-1.15603,1.1275502510000002,0.19271400000000005
78,-0.0054601788,-1.1761305,1.1195100500000001,0.755528
79,-0.0054592188,-1.15603,1.1195100500000001,2.8861809999999997
80,-0.0054582588,-1.1359295,1.1195100500000001,4.815829
81,-0.0054572988000000005,-1.1761305,1.1195100500000001,5.258039999999999
82,-0.0054563388,-1.15603,1.1275502510000002,3.770603
83,-0.0054553788,-1.15603,1.1195100500000001,1.6399499999999998
84,-0.0054544188,-1.1761305,1.1195100500000001,0.2731159999999999
85,-0.0054534588,-1.15603,1.1195100500000001,0.7957289999999997
86,-0.0054524988,-1.15603,1.1275502510000002,2.8861809999999997
87,-0.0054515388,-1.1761305,1.1195100500000001,4.85603
88,-0.0054505788000000005,-1.1761305,1.1275502510000002,5.217839
89,-0.0054496188,-1.1761305,1.135590452,3.65
90,-0.0054486588,-1.196231,1.1275502510000002,1.3987439999999998
91,-0.0054476988,-1.15603,1.1275502510000002,0.23291499999999976
92,-0.0054467388,-1.1761305,1.1275502510000002,0.9565329999999999
93,-0.0054457788,-1.1761305,1.1275502510000002,3.087186
94,-0.0054448188,-1.15603,1.1275502510000002,4.936432
95,-0.0054438588000000005,-1.1359295,1.1275502510000002,5.097236
96,-0.0054428988,-1.15603,1.1195100500000001,3.408794
97,-0.0054419388,-1.15603,1.1114698490000001,1.117337
98,-0.0054409788,-1.15603,1.1195100500000001,0.23291499999999976
99,-0.0054400188,-1.15603,1.1114698490000001,1.318342
100,-0.0054390588,-1.15603,1.1114698490000001,3.529397
101,-0.0054380988,-1.1761305,1.1195100500000001,5.217839
102,-0.0054371388000000005,-1.15603,1.1195100500000001,4.85603
103,-0.0054361788,-1.1761305,1.1114698490000001,2.685176
104,-0.0054352188,-1.1359295,1.1275502510000002,0.634925
105,-0.0054342588,-1.1359295,1.1275502510000002,0.3535179999999998
106,-0.0054332988,-1.15603,1.1275502510000002,2.1625629999999996
107,-0.0054323388,-1.1359295,1.1275502510000002,4.494221
108,-0.0054313788,-1.1761305,1.1195100500000001,5.298241
109,-0.0054304188000000005,-1.1761305,1.1195100500000001,3.891206
110,-0.0054294588,-1.15603,1.1195100500000001,1.559548
111,-0.0054284988,-1.1761305,1.1275502510000002,0.2731159999999999
112,-0.0054275388,-1.1761305,1.1114698490000001,1.0369349999999997
113,-0.0054265788,-1.1359295,1.1195100500000001,3.4891959999999997
114,-0.0054256188,-1.1761305,1.1114698490000001,5.177638
115,-0.0054246588,-1.15603,1.1195100500000001,4.775628
116,-0.0054236988000000005,-1.15603,1.1195100500000001,2.484171
117,-0.0054227388,-1.15603,1.1275502510000002,0.4741209999999998
118,-0.0054217788,-1.1761305,1.1275502510000002,0.4339200000000001
119,-0.0054208188,-1.15603,1.1275502510000002,2.4037689999999996
120,-0.0054198588,-1.1359295,1.1195100500000001,4.655025
121,-0.0054188988,-1.15603,1.1275502510000002,5.217839
122,-0.0054179388,-1.15603,1.1195100500000001,3.4891959999999997
123,-0.0054169788000000005,-1.15603,1.1275502510000002,1.117337
124,-0.0054160188,-1.1359295,1.1275502510000002,0.19271400000000005
125,-0.0054150588,-1.1761305,1.1114698490000001,1.358543
126,-0.0054140988,-1.15603,1.1195100500000001,3.931407
127,-0.0054131388,-1.1359295,1.1114698490000001,5.298241
128,-0.0054121788,-1.15603,1.1195100500000001,4.413819
129,-0.0054112188,-1.15603,1.1114698490000001,2.202764
130,-0.0054102588,-1.15603,1.1195100500000001,0.39371899999999993
131,-0.0054092988,-1.15603,1.1114698490000001,0.5947239999999998
132,-0.0054083388,-1.15603,1.1275502510000002,2.685176
133,-0.0054073788,-1.15603,1.1195100500000001,4.896231
134,-0.0054064188,-1.15603,1.1114698490000001,5.137437
135,-0.0054054588,-1.15603,1.1195100500000001,3.328392
136,-0.0054044988,-1.1359295,1.1275502510000002,1.0369349999999997
137,-0.0054035388,-1.15603,1.1275502510000002,0.19271400000000005
138,-0.0054025788,-1.15603,1.1114698490000001,1.599749
139,-0.0054016188,-1.15603,1.1195100500000001,4.0118089999999995
140,-0.0054006588,-1.15603,1.1195100500000001,5.298241
141,-0.0053996988,-1.1359295,1.1114698490000001,4.333417
142,-0.0053987388,-1.1359295,1.1195100500000001,1.840955
143,-0.0053977788,-1.15603,1.1114698490000001,0.23291499999999976
144,-0.0053968188,-1.1761305,1.1195100500000001,0.9565329999999999
145,-0.0053958588,-1.15603,1.1195100500000001,3.2479899999999997
146,-0.0053948988,-1.1359295,1.1195100500000001,5.097236
147,-0.0053939388,-1.15603,1.1275502510000002,4.815829
148,-0.0053929788,-1.15603,1.1275502510000002,2.6449749999999996
149,-0.0053920188,-1.1359295,1.1275502510000002,0.514322
150,-0.0053910588,-1.1359295,1.135590452,0.4339200000000001
151,-0.0053900988,-1.15603,1.1275502510000002,2.5243719999999996
152,-0.0053891388,-1.15603,1.1195100500000001,4.735427
153,-0.0053881788,-1.115829,1.1114698490000001,5.217839
154,-0.0053872188,-1.15603,1.1195100500000001,3.288191
155,-0.0053862588,-1.1359295,1.1195100500000001,0.9163319999999997
156,-0.0053852988000000004,-1.15603,1.1195100500000001,0.2731159999999999
157,-0.0053843388,-1.1359295,1.1195100500000001,1.921357
158,-0.0053833788,-1.1359295,1.1195100500000001,4.373618
159,-0.0053824188,-1.1359295,1.1114698490000001,5.298241
160,-0.0053814588,-1.1359295,1.1195100500000001,3.7304019999999998
161,-0.0053804988,-1.1359295,1.1114698490000001,1.358543
162,-0.0053795388,-1.15603,1.1275502510000002,0.1525129999999999
163,-0.0053785788000000005,-1.15603,1.1195100500000001,1.3987439999999998
164,-0.0053776188,-1.15603,1.1195100500000001,3.931407
165,-0.0053766588,-1.1359295,1.1195100500000001,5.258039999999999
166,-0.0053756988,-1.1761305,1.1114698490000001,4.293216
167,-0.0053747388,-1.115829,1.1114698490000001,1.961558
168,-0.0053737788,-1.15603,1.1114698490000001,0.2731159999999999
169,-0.0053728188,-1.15603,1.1195100500000001,0.9163319999999997
170,-0.0053718588000000005,-1.15603,1.1114698490000001,3.3685929999999997
171,-0.0053708988,-1.15603,1.1114698490000001,5.177638
172,-0.0053699388,-1.1359295,1.1195100500000001,4.735427
173,-0.0053689788,-1.15603,1.1114698490000001,2.363568
174,-0.0053680188,-1.15603,1.1275502510000002,0.3535179999999998
175,-0.0053670588,-1.15603,1.1195100500000001,0.6751259999999997
176,-0.0053660988,-1.1761305,1.1275502510000002,2.966583
177,-0.0053651388000000005,-1.15603,1.1195100500000001,4.976633
178,-0.0053641788,-1.15603,1.1275502510000002,4.815829
179,-0.0053632188,-1.1359295,1.1275502510000002,2.6449749999999996
180,-0.0053622588,-1.15603,1.1195100500000001,0.5545229999999997
181,-0.0053612988,-1.1359295,1.1195100500000001,0.514322
182,-0.0053603388,-1.1359295,1.1195100500000001,2.805779
183,-0.0053593788,-1.1359295,1.1114698490000001,4.936432
184,-0.0053584188000000005,-1.115829,1.1114698490000001,5.016834
185,-0.0053574588,-1.1359295,1.1114698490000001,2.926382
186,-0.0053564988,-1.15603,1.1195100500000001,0.634925
187,-0.0053555388,-1.15603,1.1195100500000001,0.4741209999999998
188,-0.0053545788,-1.1359295,1.1195100500000001,2.44397
189,-0.0053536188,-1.1359295,1.1275502510000002,4.775628
190,-0.0053526588,-1.15603,1.1195100500000001,5.137437
191,-0.0053516988000000005,-1.15603,1.1114698490000001,3.207789
192,-0.0053507388,-1.15603,1.1114698490000001,0.7957289999999997
193,-0.0053497788,-1.1359295,1.1195100500000001,0.2731159999999999
194,-0.0053488188,-1.1359295,1.103429648,2.001759
195,-0.0053478588,-1.1359295,1.103429648,4.45402
196,-0.0053468988,-1.1359295,1.1195100500000001,5.258039999999999
197,-0.0053459388,-1.1359295,1.1195100500000001,3.690201
198,-0.0053449788000000005,-1.1359295,1.1114698490000001,1.2781409999999997
199,-0.0053440188,-1.1359295,1.1195100500000001,0.2731159999999999
200,-0.0053430588,-1.1359295,1.1114698490000001,1.358543
201,-0.0053420988,-1.1359295,1.1195100500000001,3.891206
202,-0.0053411388,-1.1359295,1.1275502510000002,5.298241
203,-0.0053401788,-1.1359295,1.135590452,4.293216
204,-0.0053392188,-1.15603,1.1195100500000001,1.921357
205,-0.0053382588000000005,-1.115829,1.1114698490000001,0.23291499999999976
206,-0.0053372988,-1.115829,1.1195100500000001,0.8359299999999998
207,-0.0053363388,-1.115829,1.1195100500000001,3.2479899999999997
208,-0.0053353788,-1.115829,1.1195100500000001,5.137437
209,-0.0053344188,-1.15603,1.1195100500000001,4.815829
210,-0.0053334588,-1.1359295,1.1114698490000001,2.604774
211,-0.0053324988,-1.15603,1.1114698490000001,0.514322
212,-0.0053315388000000005,-1.1359295,1.1114698490000001,0.514322
213,-0.0053305788,-1.115829,1.103429648,2.6449749999999996
214,-0.0053296188,-1.1359295,1.103429648,4.896231
215,-0.0053286588,-1.15603,1.1114698490000001,5.097236
216,-0.0053276988,-1.1359295,1.1114698490000001,3.087186
217,-0.0053267388,-1.1359295,1.1114698490000001,0.7153269999999998
218,-0.0053257788,-1.115829,1.103429648,0.3535179999999998
219,-0.0053248188000000005,-1.115829,1.1195100500000001,2.242965
220,-0.0053238588,-1.115829,1.1114698490000001,4.614824
221,-0.0053228988,-1.1359295,1.1114698490000001,5.177638
222,-0.0053219388,-1.1359295,1.1195100500000001,3.3685929999999997
223,-0.0053209788,-1.115829,1.1195100500000001,0.9163319999999997
224,-0.0053200188,-1.115829,1.1195100500000001,0.2731159999999999
225,-0.0053190588,-1.115829,1.1195100500000001,2.082161
226,-0.0053180988000000005,-1.1359295,1.1114698490000001,4.534422
227,-0.0053171388,-1.1359295,1.1114698490000001,5.177638
228,-0.0053161788,-1.115829,1.1114698490000001,3.3685929999999997
229,-0.0053152188,-1.1359295,1.1114698490000001,0.9565329999999999
230,-0.0053142588,-1.115829,1.1114698490000001,0.19271400000000005
231,-0.0053132988,-1.115829,1.1114698490000001,2.122362
232,-0.0053123388,-1.1359295,1.103429648,4.574623
233,-0.0053113788000000006,-1.1359295,1.1114698490000001,5.217839
234,-0.0053104188,-1.15603,1.1114698490000001,3.328392
235,-0.0053094588,-1.115829,1.1114698490000001,0.876131
236,-0.0053084988,-1.1359295,1.103429648,0.2731159999999999
237,-0.0053075388,-1.1359295,1.1114698490000001,2.122362
238,-0.0053065788000000004,-1.115829,1.1114698490000001,4.574623
239,-0.0053056188,-1.115829,1.1195100500000001,5.217839
240,-0.0053046588,-1.1359295,1.1114698490000001,3.408794
241,-0.0053036988,-1.115829,1.1114698490000001,0.996734
242,-0.0053027388,-1.115829,1.1195100500000001,0.23291499999999976
243,-0.0053017788,-1.115829,1.1195100500000001,1.921357
244,-0.0053008188,-1.1359295,1.1114698490000001,4.534422
245,-0.0052998588000000004,-1.115829,1.1195100500000001,5.258039999999999
246,-0.0052988988,-1.1359295,1.1114698490000001,3.6097989999999998
247,-0.0052979388,-1.115829,1.1114698490000001,1.0771359999999999
248,-0.0052969788,-1.1359295,1.103429648,0.1525129999999999
249,-0.0052960188,-1.0957284999999999,1.1114698490000001,1.7605529999999998
250,-0.0052950588,-1.115829,1.1195100500000001,4.1324119999999995
251,-0.0052940988,-1.0957284999999999,1.1195100500000001,5.258039999999999
252,-0.0052931388000000005,-1.0957284999999999,1.1195100500000001,4.05201
253,-0.0052921788,-1.0957284999999999,1.1114698490000001,1.559548
254,-0.0052912188,-1.0957284999999999,1.1114698490000001,0.23291499999999976
255,-0.0052902588,-1.115829,1.1114698490000001,1.2781409999999997
256,-0.0052892988,-1.1359295,1.1114698490000001,3.65
257,-0.0052883388,-1.115829,1.1114698490000001,5.258039999999999
258,-0.0052873788,-1.1359295,1.1195100500000001,4.494221
259,-0.0052864188000000005,-1.115829,1.1114698490000001,2.082161
260,-0.0052854588,-1.115829,1.1114698490000001,0.31331700000000007
261,-0.0052844988,-1.115829,1.103429648,0.755528
262,-0.0052835388,-1.115829,1.103429648,3.046985
263,-0.0052825788,-1.115829,1.103429648,5.057035
264,-0.0052816188,-1.115829,1.095389447,4.85603
265,-0.0052806588,-1.1359295,1.1114698490000001,2.604774
266,-0.0052796988000000005,-1.1359295,1.103429648,0.4339200000000001
267,-0.0052787388,-1.0957284999999999,1.1114698490000001,0.5545229999999997
268,-0.0052777788,-1.115829,1.1114698490000001,2.725377
269,-0.0052768188,-1.115829,1.1195100500000001,4.976633
270,-0.0052758588,-1.115829,1.1195100500000001,4.936432
271,-0.0052748988,-1.0957284999999999,1.1195100500000001,2.8861809999999997
272,-0.0052739388,-1.1359295,1.1275502510000002,0.514322
273,-0.0052729788000000005,-1.115829,1.1114698490000001,0.514322
274,-0.0052720188,-1.0957284999999999,1.1114698490000001,2.805779
275,-0.0052710588,-1.115829,1.1114698490000001,4.976633
276,-0.0052700988,-1.0957284999999999,1.1114698490000001,4.936432
277,-0.0052691388,-1.0957284999999999,1.103429648,2.564573
278,-0.0052681788,-1.1359295,1.095389447,0.4339200000000001
279,-0.0052672188,-1.115829,1.1195100500000001,0.634925
280,-0.0052662588000000005,-1.115829,1.103429648,3.087186
281,-0.0052652988,-1.115829,1.1114698490000001,5.137437
282,-0.0052643388,-1.0957284999999999,1.1195100500000001,4.614824
283,-0.0052633788,-1.115829,1.1195100500000001,2.242965
284,-0.0052624188,-1.115829,1.1195100500000001,0.23291499999999976
285,-0.0052614588,-1.115829,1.1195100500000001,0.876131
286,-0.0052604988,-1.0957284999999999,1.1114698490000001,3.2479899999999997
287,-0.0052595388000000005,-1.115829,1.103429648,5.137437
288,-0.0052585788,-1.0957284999999999,1.103429648,4.775628
289,-0.0052576188,-1.115829,1.103429648,2.44397
290,-0.0052566588,-1.115829,1.1114698490000001,0.3535179999999998
291,-0.0052556988,-1.0957284999999999,1.1195100500000001,0.634925
292,-0.0052547388,-1.115829,1.103429648,2.966583
293,-0.0052537788,-1.0957284999999999,1.1195100500000001,5.057035
294,-0.0052528188000000005,-1.115829,1.1195100500000001,5.016834
295,-0.0052518588,-1.0957284999999999,1.1114698490000001,2.926382
296,-0.0052508988,-1.1359295,1.1114698490000001,0.634925
297,-0.0052499388,-1.115829,1.1114698490000001,0.3535179999999998
298,-0.0052489788,-1.0957284999999999,1.1114698490000001,2.2831659999999996
299,-0.0052480188,-1.115829,1.1114698490000001,4.614824
300,-0.0052470588,-1.115829,1.1195100500000001,5.258039999999999
301,-0.0052460988,-1.1359295,1.1114698490000001,3.569598
302,-0.0052451388,-1.1359295,1.1114698490000001,1.1575379999999997
303,-0.0052441788,-1.115829,1.1114698490000001,0.19271400000000005
304,-0.0052432188,-1.115829,1.1114698490000001,1.479146
305,-0.0052422588,-1.0957284999999999,1.103429648,3.971608
306,-0.0052412988,-1.0957284999999999,1.1195100500000001,5.298241
307,-0.0052403388,-1.115829,1.1114698490000001,4.373618
308,-0.0052393788,-1.115829,1.103429648,1.921357
309,-0.0052384188,-1.115829,1.1195100500000001,0.2731159999999999
310,-0.0052374588,-1.1359295,1.1114698490000001,0.7957289999999997
311,-0.0052364988,-1.0957284999999999,1.1114698490000001,3.2479899999999997
312,-0.0052355388,-1.0957284999999999,1.1114698490000001,5.057035
313,-0.0052345788,-1.0957284999999999,1.103429648,4.936432
314,-0.0052336188,-1.115829,1.1195100500000001,2.805779
315,-0.0052326588,-1.115829,1.1114698490000001,0.634925
316,-0.0052316988,-1.1359295,1.103429648,0.4339200000000001
317,-0.0052307388,-1.0957284999999999,1.1114698490000001,2.323367
318,-0.0052297788,-1.115829,1.095389447,4.655025
319,-0.0052288188,-1.115829,1.095389447,5.217839
320,-0.0052278588,-1.115829,1.1114698490000001,3.4891959999999997
321,-0.0052268988,-1.115829,1.1114698490000001,0.996734
322,-0.0052259388,-1.0957284999999999,1.103429648,0.19271400000000005
323,-0.0052249788,-1.0957284999999999,1.1195100500000001,1.680151
324,-0.0052240188,-1.115829,1.1114698490000001,4.05201
325,-0.0052230588,-1.115829,1.1114698490000001,5.298241
326,-0.0052220988,-1.115829,1.103429648,4.05201
327,-0.0052211388000000004,-1.115829,1.1114698490000001,1.680151
328,-0.0052201788,-1.115829,1.1114698490000001,0.19271400000000005
329,-0.0052192188,-1.115829,1.1114698490000001,1.0771359999999999
330,-0.0052182588,-1.0957284999999999,1.103429648,3.4891959999999997
331,-0.0052172988,-1.1359295,1.103429648,5.217839
332,-0.0052163388,-1.0957284999999999,1.095389447,4.815829
333,-0.0052153788,-1.115829,1.103429648,2.564573
334,-0.0052144188000000005,-1.115829,1.1114698490000001,0.514322
335,-0.0052134588,-1.115829,1.1195100500000001,0.4339200000000001
336,-0.0052124988,-1.0957284999999999,1.1114698490000001,2.484171
337,-0.0052115388,-1.075628,1.1114698490000001,4.655025
338,-0.0052105788,-1.075628,1.1114698490000001,5.258039999999999
339,-0.0052096188,-1.0957284999999999,1.1114698490000001,3.690201
340,-0.0052086588,-1.0957284999999999,1.1195100500000001,1.358543
341,-0.0052076988000000005,-1.1359295,1.103429648,0.19271400000000005
342,-0.0052067388,-1.115829,1.1114698490000001,1.1977389999999999
343,-0.0052057788,-1.115829,1.103429648,3.4891959999999997
344,-0.0052048188,-1.115829,1.1114698490000001,5.217839
345,-0.0052038588,-1.0957284999999999,1.103429648,4.85603
346,-0.0052028988,-1.0957284999999999,1.103429648,2.8861809999999997
347,-0.0052019388,-1.0957284999999999,1.103429648,0.7957289999999997
348,-0.0052009788000000005,-1.115829,1.1114698490000001,0.2731159999999999
349,-0.0052000188,-1.0957284999999999,1.1114698490000001,1.680151
350,-0.0051990588,-1.075628,1.1114698490000001,4.05201
351,-0.0051980988,-1.0957284999999999,1.103429648,5.298241
352,-0.0051971388,-1.0957284999999999,1.1195100500000001,4.655025
353,-0.0051961788,-1.0957284999999999,1.1195100500000001,2.4037689999999996
354,-0.0051952188,-1.0957284999999999,1.1114698490000001,0.514322
355,-0.0051942588000000005,-1.0957284999999999,1.1114698490000001,0.3535179999999998
356,-0.0051932988,-1.0957284999999999,1.1195100500000001,1.961558
357,-0.0051923388,-1.0957284999999999,1.103429648,4.172613
358,-0.0051913788,-1.0957284999999999,1.1114698490000001,5.338442
359,-0.0051904188,-1.0957284999999999,1.1114698490000001,4.534422
360,-0.0051894588,-1.0957284999999999,1.1114698490000001,2.4037689999999996
361,-0.0051884988,-1.0957284999999999,1.1114698490000001,0.514322
362,-0.0051875388000000005,-1.0957284999999999,1.103429648,0.31331700000000007
363,-0.0051865788,-1.0957284999999999,1.103429648,1.800754
364,-0.0051856188,-1.0957284999999999,1.103429648,4.092211
365,-0.0051846588,-1.075628,1.1114698490000001,5.298241
366,-0.0051836988,-1.075628,1.1114698490000001,4.695226
367,-0.0051827388,-1.0957284999999999,1.1114698490000001,2.685176
368,-0.0051817788,-1.0957284999999999,1.1114698490000001,0.755528
369,-0.0051808188000000005,-1.115829,1.1195100500000001,0.19271400000000005
370,-0.0051798588,-1.1359295,1.103429648,1.479146
371,-0.0051788988,-1.115829,1.1114698490000001,3.690201
372,-0.0051779388,-1.115829,1.1195100500000001,5.177638
373,-0.0051769788,-1.0957284999999999,1.1114698490000001,4.936432
374,-0.0051760188,-1.0957284999999999,1.103429648,3.1273869999999997
375,-0.0051750588,-1.0957284999999999,1.1114698490000001,1.0771359999999999
376,-0.0051740988000000005,-1.075628,1.1114698490000001,0.19271400000000005
377,-0.0051731388,-1.075628,1.103429648,1.0369349999999997
378,-0.0051721788,-1.075628,1.095389447,3.1273869999999997
379,-0.0051712188,-1.0957284999999999,1.1114698490000001,4.896231
380,-0.0051702588,-1.0957284999999999,1.103429648,5.217839
381,-0.0051692988,-1.075628,1.1114698490000001,3.891206
382,-0.0051683388,-1.0957284999999999,1.1195100500000001,1.6399499999999998
383,-0.0051673788000000005,-1.075628,1.1114698490000001,0.2731159999999999
384,-0.0051664188,-1.075628,1.103429648,0.5545229999999997
385,-0.0051654588,-1.0957284999999999,1.1195100500000001,2.2831659999999996
386,-0.0051644988,-1.075628,1.1195100500000001,4.333417
387,-0.0051635388,-1.0957284999999999,1.1114698490000001,5.338442
388,-0.0051625788,-1.075628,1.1114698490000001,4.655025
389,-0.0051616188,-1.075628,1.1114698490000001,2.725377
390,-0.0051606588000000005,-1.0957284999999999,1.103429648,0.7957289999999997
391,-0.0051596988,-1.075628,1.1114698490000001,0.23291499999999976
392,-0.0051587388,-1.0957284999999999,1.103429648,1.1977389999999999
393,-0.0051577788,-1.0957284999999999,1.103429648,3.167588
394,-0.0051568188,-1.0957284999999999,1.1114698490000001,4.85603
395,-0.0051558588,-1.0957284999999999,1.103429648,5.258039999999999
396,-0.0051548988,-1.075628,1.095389447,4.092211
397,-0.0051539388000000005,-1.0957284999999999,1.103429648,2.082161
398,-0.0051529788,-1.075628,1.103429648,0.514322
399,-0.0051520188,-1.0957284999999999,1.1114698490000001,0.2731159999999999
400,-0.0051510588,-1.0957284999999999,1.1114698490000001,1.559548
401,-0.0051500988,-1.075628,1.1114698490000001,3.569598
402,-0.0051491388,-1.0957284999999999,1.1114698490000001,5.016834
403,-0.0051481788,-1.0555275,1.1114698490000001,5.177638
404,-0.0051472188000000006,-1.075628,1.1114698490000001,3.810804
405,-0.0051462588,-1.075628,1.1114698490000001,1.800754
406,-0.0051452988,-1.075628,1.103429648,0.39371899999999993
407,-0.0051443388,-1.075628,1.1114698490000001,0.3535179999999998
408,-0.0051433788,-1.0957284999999999,1.103429648,1.7203519999999999
409,-0.0051424188000000004,-1.075628,1.103429648,3.6097989999999998
410,-0.0051414588,-1.0957284999999999,1.1114698490000001,5.057035
411,-0.0051404988000000006,-1.0957284999999999,1.095389447,5.177638
412,-0.0051395388,-1.075628,1.103429648,4.0118089999999995
413,-0.0051385788,-1.0957284999999999,1.103429648,2.082161
414,-0.0051376188,-1.0555275,1.103429648,0.5545229999999997
415,-0.0051366588,-1.0957284999999999,1.103429648,0.23291499999999976
416,-0.0051356988000000004,-1.075628,1.103429648,1.23794
417,-0.0051347388,-1.075628,1.1114698490000001,3.087186
418,-0.005133778800000001,-1.075628,1.103429648,4.735427
419,-0.0051328188,-1.075628,1.103429648,5.338442
420,-0.0051318588,-1.0957284999999999,1.1114698490000001,4.695226
421,-0.0051308988,-1.075628,1.1275502510000002,3.087186
422,-0.0051299388,-1.0957284999999999,1.095389447,1.2781409999999997
423,-0.0051289788000000005,-1.075628,1.1114698490000001,0.2731159999999999
424,-0.0051280188,-1.075628,1.1195100500000001,0.4741209999999998
425,-0.005127058800000001,-1.0957284999999999,1.1114698490000001,1.680151
426,-0.0051260988,-1.075628,1.1114698490000001,3.569598
427,-0.0051251388,-1.075628,1.1114698490000001,5.057035
428,-0.0051241788,-1.075628,1.1114698490000001,5.258039999999999
429,-0.0051232188,-1.0555275,1.103429648,4.45402
430,-0.0051222588000000005,-1.075628,1.103429648,2.725377
431,-0.0051212988,-1.0957284999999999,1.1114698490000001,1.0369349999999997
432,-0.0051203388,-1.075628,1.103429648,0.19271400000000005
433,-0.0051193788,-1.0555275,1.103429648,0.5947239999999998
434,-0.0051184188,-1.075628,1.1195100500000001,1.921357
435,-0.0051174588,-1.0957284999999999,1.103429648,3.690201
436,-0.0051164988,-1.075628,1.1114698490000001,5.057035
437,-0.0051155388000000005,-1.075628,1.1114698490000001,5.298241
438,-0.0051145788,-1.075628,1.1275502510000002,4.373618
439,-0.0051136188,-1.075628,1.1195100500000001,2.725377
440,-0.0051126588,-1.0957284999999999,1.1114698490000001,1.117337
441,-0.0051116988,-1.0957284999999999,1.1195100500000001,0.23291499999999976
442,-0.0051107388,-1.075628,1.1275502510000002,0.4339200000000001
443,-0.0051097788,-1.075628,1.1114698490000001,1.680151
444,-0.0051088188000000005,-1.075628,1.103429648,3.4891959999999997
445,-0.0051078588,-1.075628,1.1114698490000001,4.85603
446,-0.0051068988,-1.075628,1.1114698490000001,5.378643
447,-0.0051059388,-1.0555275,1.1114698490000001,4.695226
448,-0.0051049788,-1.075628,1.095389447,3.328392
449,-0.0051040188,-1.0354269999999999,1.095389447,1.680151
450,-0.0051030588,-1.0957284999999999,1.103429648,0.4339200000000001
451,-0.0051020988000000005,-1.075628,1.1114698490000001,0.19271400000000005
452,-0.0051011388,-1.075628,1.103429648,0.996734
453,-0.0051001788,-1.0555275,1.095389447,2.604774
454,-0.0050992188,-1.075628,1.103429648,4.212814
455,-0.0050982588,-1.075628,1.103429648,5.177638
456,-0.0050972988,-1.075628,1.1195100500000001,5.298241
457,-0.0050963388,-1.075628,1.1114698490000001,4.333417
458,-0.0050953788000000005,-1.075628,1.1114698490000001,2.84598
459,-0.0050944188,-1.075628,1.1114698490000001,1.2781409999999997
460,-0.0050934588,-1.075628,1.1114698490000001,0.4339200000000001
461,-0.0050924988,-1.0555275,1.1195100500000001,0.31331700000000007
462,-0.0050915388,-1.075628,1.1195100500000001,1.1575379999999997
463,-0.0050905788,-1.075628,1.1114698490000001,2.44397
464,-0.0050896188,-1.075628,1.095389447,3.971608
465,-0.0050886588000000005,-1.0555275,1.1114698490000001,4.976633
466,-0.0050876988,-1.075628,1.1114698490000001,5.338442
467,-0.0050867388,-1.0957284999999999,1.103429648,4.775628
468,-0.0050857788,-1.075628,1.103429648,3.529397
469,-0.0050848188,-1.075628,1.095389447,2.04196
470,-0.0050838588,-1.075628,1.103429648,0.7153269999999998
471,-0.0050828988,-1.0555275,1.103429648,0.2731159999999999
472,-0.0050819388000000005,-1.075628,1.103429648,0.514322
473,-0.0050809788,-1.0555275,1.103429648,1.479146
474,-0.0050800188,-1.0555275,1.087349246,3.0067839999999997
475,-0.0050790588,-1.075628,1.095389447,4.45402
476,-0.0050780988,-1.075628,1.103429648,5.217839
477,-0.0050771388,-1.0354269999999999,1.095389447,5.177638
478,-0.0050761788,-1.0555275,1.1114698490000001,4.293216
479,-0.0050752188000000005,-1.075628,1.1114698490000001,2.926382
480,-0.0050742588,-1.075628,1.103429648,1.438945
481,-0.0050732988,-1.0555275,1.103429648,0.4741209999999998
482,-0.0050723388,-1.075628,1.1114698490000001,0.19271400000000005
483,-0.0050713788,-1.0555275,1.103429648,0.755528
484,-0.0050704188,-1.075628,1.1114698490000001,1.921357
485,-0.0050694588,-1.075628,1.1275502510000002,3.3685929999999997
486,-0.0050684988,-1.0555275,1.1195100500000001,4.655025
487,-0.0050675388,-1.075628,1.1114698490000001,5.378643
488,-0.0050665788,-1.0555275,1.103429648,5.137437
489,-0.0050656188,-1.0555275,1.1195100500000001,4.333417
490,-0.0050646588,-1.0555275,1.103429648,2.966583
491,-0.0050636988,-1.0555275,1.1114698490000001,1.599749
492,-0.0050627388,-1.0555275,1.103429648,0.5545229999999997
493,-0.0050617788,-1.0555275,1.095389447,0.1525129999999999
494,-0.0050608188,-1.0555275,1.103429648,0.5545229999999997
495,-0.0050598588,-1.0555275,1.103429648,1.559548
496,-0.0050588988,-1.075628,1.1195100500000001,2.7655779999999996
497,-0.0050579388,-1.075628,1.103429648,4.05201
498,-0.0050569788000000004,-1.0354269999999999,1.095389447,4.976633
499,-0.0050560188,-1.0555275,1.103429648,5.378643
500,-0.0050550588,-1.0555275,1.095389447,5.016834
501,-0.0050540988,-1.0555275,1.095389447,4.092211
502,-0.0050531388,-1.0555275,1.103429648,2.84598
503,-0.0050521788,-1.075628,1.103429648,1.559548
504,-0.0050512188,-1.0555275,1.103429648,0.5947239999999998
505,-0.0050502588000000005,-1.075628,1.1114698490000001,0.1525129999999999
506,-0.0050492988,-1.075628,1.1195100500000001,0.4339200000000001
507,-0.0050483388,-1.0555275,1.103429648,1.318342
508,-0.0050473788,-1.0555275,1.1114698490000001,2.5243719999999996
509,-0.0050464188,-1.0354269999999999,1.1114698490000001,3.770603
510,-0.0050454588,-1.0354269999999999,1.1114698490000001,4.896231
511,-0.0050444988,-1.0555275,1.1114698490000001,5.338442
512,-0.0050435388000000005,-1.0354269999999999,1.1114698490000001,5.258039999999999
513,-0.0050425788,-1.0555275,1.103429648,4.534422
514,-0.0050416188,-1.0555275,1.1195100500000001,3.408794
515,-0.0050406588,-1.0354269999999999,1.1114698490000001,2.122362
516,-0.0050396988,-1.0555275,1.1195100500000001,0.996734
517,-0.0050387388,-1.0354269999999999,1.095389447,0.3535179999999998
518,-0.0050377788,-1.0354269999999999,1.103429648,0.1525129999999999
519,-0.0050368188000000005,-1.0354269999999999,1.103429648,0.6751259999999997
520,-0.0050358588,-1.0555275,1.103429648,1.5193469999999998
521,-0.0050348988,-1.0354269999999999,1.103429648,2.7655779999999996
522,-0.0050339388,-1.0555275,1.103429648,3.971608
523,-0.0050329788,-1.0555275,1.103429648,4.85603
524,-0.0050320188,-1.075628,1.095389447,5.338442
525,-0.0050310588,-1.0354269999999999,1.103429648,5.217839
526,-0.0050300988000000005,-1.0555275,1.103429648,4.574623
527,-0.0050291388,-1.0555275,1.103429648,3.6097989999999998
528,-0.0050281788,-1.075628,1.1114698490000001,2.484171
529,-0.0050272188,-1.0354269999999999,1.103429648,1.318342
530,-0.0050262588,-1.0555275,1.1114698490000001,0.5545229999999997
531,-0.0050252988,-1.0555275,1.1114698490000001,0.19271400000000005
532,-0.0050243388,-1.0555275,1.103429648,0.3535179999999998
533,-0.0050233788000000005,-1.0354269999999999,1.1114698490000001,0.996734
534,-0.0050224188,-1.0354269999999999,1.103429648,2.04196
535,-0.0050214588,-1.0555275,1.103429648,3.207789
536,-0.0050204988,-1.075628,1.1195100500000001,4.293216
537,-0.0050195388,-1.0354269999999999,1.1114698490000001,5.057035
538,-0.0050185788,-1.075628,1.1114698490000001,5.338442
539,-0.0050176188,-1.075628,1.1195100500000001,5.177638
540,-0.0050166588000000005,-1.0354269999999999,1.1114698490000001,4.413819
541,-0.0050156988,-1.075628,1.103429648,3.448995
542,-0.0050147388,-1.0354269999999999,1.1114698490000001,2.4037689999999996
543,-0.0050137788,-1.0555275,1.1195100500000001,1.318342
544,-0.0050128188,-1.075628,1.1114698490000001,0.5947239999999998
545,-0.0050118588,-1.0555275,1.1114698490000001,0.19271400000000005
546,-0.0050108988,-1.0354269999999999,1.1114698490000001,0.31331700000000007
547,-0.0050099388000000005,-1.0354269999999999,1.1114698490000001,0.7957289999999997
548,-0.0050089788,-1.0555275,1.103429648,1.7203519999999999
549,-0.0050080188,-1.0555275,1.095389447,2.805779
550,-0.0050070588,-1.0354269999999999,1.103429648,3.851005
551,-0.0050060988,-1.0354269999999999,1.1114698490000001,4.614824
552,-0.0050051388,-1.0555275,1.103429648,5.217839
553,-0.0050041788,-1.0555275,1.103429648,5.298241
554,-0.0050032188000000005,-1.0555275,1.095389447,5.137437
555,-0.0050022588,-1.075628,1.1114698490000001,4.45402
556,-0.0050012988,-1.0555275,1.103429648,3.690201
557,-0.0050003388,-1.0555275,1.103429648,2.564573
558,-0.0049993788,-1.0555275,1.1114698490000001,1.6399499999999998
559,-0.0049984188,-1.0555275,1.1114698490000001,0.7957289999999997
560,-0.0049974588,-1.075628,1.103429648,0.31331700000000007
561,-0.0049964988000000005,-1.0555275,1.103429648,0.19271400000000005
562,-0.0049955388,-1.0354269999999999,1.103429648,0.39371899999999993
563,-0.0049945788,-1.0555275,1.103429648,1.0369349999999997
564,-0.0049936188,-1.0354269999999999,1.103429648,1.8811559999999998
565,-0.0049926588,-1.0555275,1.1114698490000001,2.926382
566,-0.0049916988,-1.0555275,1.103429648,3.851005
567,-0.0049907388,-1.0354269999999999,1.1114698490000001,4.695226
568,-0.0049897788000000005,-1.0555275,1.1114698490000001,5.217839
569,-0.0049888188,-1.0153265,1.1195100500000001,5.378643
570,-0.0049878588,-1.0354269999999999,1.103429648,5.177638
571,-0.0049868988,-1.0555275,1.103429648,4.494221
572,-0.0049859388,-1.0354269999999999,1.103429648,3.65
573,-0.0049849788,-1.0555275,1.095389447,2.604774
574,-0.0049840188,-1.0555275,1.103429648,1.6399499999999998
575,-0.0049830588000000006,-1.0555275,1.1114698490000001,0.8359299999999998
576,-0.0049820988,-1.0555275,1.1114698490000001,0.2731159999999999
577,-0.0049811388,-1.0555275,1.1114698490000001,0.19271400000000005
578,-0.0049801788,-1.0555275,1.1195100500000001,0.514322
579,-0.0049792188,-1.0555275,1.103429648,1.1575379999999997
580,-0.0049782588000000004,-1.0555275,1.1114698490000001,2.04196
581,-0.0049772988,-1.0354269999999999,1.1114698490000001,3.046985
582,-0.0049763388000000006,-1.0153265,1.1114698490000001,4.05201
583,-0.0049753788,-1.0354269999999999,1.095389447,4.815829
584,-0.0049744188,-1.0153265,1.103429648,5.258039999999999
585,-0.0049734588,-1.0354269999999999,1.103429648,5.338442
586,-0.0049724988,-1.0354269999999999,1.103429648,5.057035
587,-0.0049715388000000004,-1.0555275,1.103429648,4.534422
588,-0.0049705788,-1.0354269999999999,1.103429648,3.690201
589,-0.004969618800000001,-1.0354269999999999,1.103429648,2.7655779999999996
590,-0.0049686588,-1.0354269999999999,1.1114698490000001,1.8811559999999998
591,-0.0049676988,-1.0354269999999999,1.103429648,1.1575379999999997
592,-0.0049667388,-1.0555275,1.1114698490000001,0.5545229999999997
593,-0.0049657788,-1.0354269999999999,1.1114698490000001,0.23291499999999976
594,-0.0049648188000000005,-1.0555275,1.1195100500000001,0.19271400000000005
595,-0.0049638588,-1.0555275,1.103429648,0.4741209999999998
596,-0.004962898800000001,-1.0153265,1.1114698490000001,0.876131
597,-0.0049619388,-1.0354269999999999,1.1114698490000001,1.599749
598,-0.0049609788,-1.0555275,1.103429648,2.44397
599,-0.0049600188,-1.0354269999999999,1.103429648,3.207789
600,-0.0049590588,-1.0555275,1.1114698490000001,3.971608
601,-0.0049580988000000005,-1.0354269999999999,1.103429648,4.655025
602,-0.0049571388,-1.0153265,1.1114698490000001,5.097236
603,-0.004956178800000001,-1.0354269999999999,1.1195100500000001,5.378643
604,-0.0049552188,-1.0153265,1.1195100500000001,5.298241
605,-0.0049542588,-1.0354269999999999,1.1114698490000001,5.016834
606,-0.0049532988,-1.0354269999999999,1.103429648,4.494221
607,-0.0049523388,-1.0354269999999999,1.1114698490000001,3.810804
608,-0.0049513788000000005,-1.0354269999999999,1.1114698490000001,2.8861809999999997
609,-0.0049504188,-1.0555275,1.1114698490000001,2.122362
610,-0.004949458800000001,-1.0555275,1.1114698490000001,1.358543
611,-0.0049484988,-1.0555275,1.103429648,0.7957289999999997
612,-0.0049475388,-1.0354269999999999,1.103429648,0.39371899999999993
613,-0.0049465788,-1.0354269999999999,1.1195100500000001,0.1525129999999999
614,-0.0049456188,-1.0354269999999999,1.103429648,0.31331700000000007
615,-0.0049446588000000005,-1.0555275,1.1195100500000001,0.6751259999999997
616,-0.0049436988,-1.0354269999999999,1.1114698490000001,1.1977389999999999
617,-0.004942738800000001,-1.0354269999999999,1.1114698490000001,1.840955
618,-0.0049417788,-1.0354269999999999,1.1114698490000001,2.6449749999999996
619,-0.0049408188,-1.0354269999999999,1.103429648,3.4891959999999997
620,-0.0049398588,-1.0354269999999999,1.103429648,4.212814
621,-0.0049388988,-1.0354269999999999,1.1114698490000001,4.775628
622,-0.0049379388000000005,-1.0354269999999999,1.1195100500000001,5.177638
623,-0.0049369788,-1.0153265,1.103429648,5.338442
624,-0.004936018800000001,-1.0354269999999999,1.103429648,5.338442
625,-0.0049350588,-1.0354269999999999,1.1114698490000001,5.057035
626,-0.0049340988,-1.0354269999999999,1.1114698490000001,4.614824
627,-0.0049331388,-1.0555275,1.1114698490000001,4.0118089999999995
628,-0.0049321788,-1.0354269999999999,1.095389447,3.2479899999999997
629,-0.0049312188000000005,-1.0354269999999999,1.103429648,2.5243719999999996
630,-0.0049302588,-1.0354269999999999,1.095389447,1.7605529999999998
631,-0.004929298800000001,-1.0354269999999999,1.103429648,1.1575379999999997
632,-0.0049283388,-1.0153265,1.103429648,0.634925
633,-0.0049273788,-1.0354269999999999,1.1114698490000001,0.2731159999999999
634,-0.0049264188,-1.0354269999999999,1.095389447,0.1525129999999999
635,-0.0049254588,-1.0354269999999999,1.103429648,0.2731159999999999
636,-0.0049244988000000005,-1.075628,1.1114698490000001,0.514322
637,-0.0049235388,-1.0555275,1.1114698490000001,0.9565329999999999
638,-0.0049225788,-1.0153265,1.103429648,1.559548
639,-0.0049216188,-1.0153265,1.1114698490000001,2.202764
640,-0.0049206588,-1.0354269999999999,1.1114698490000001,2.926382
641,-0.0049196988,-1.0354269999999999,1.103429648,3.569598
642,-0.0049187388,-1.0354269999999999,1.1114698490000001,4.172613
643,-0.0049177788,-1.0354269999999999,1.1114698490000001,4.695226
644,-0.0049168188,-1.0354269999999999,1.1114698490000001,5.057035
645,-0.0049158588,-1.0153265,1.1114698490000001,5.298241
646,-0.0049148988,-1.0555275,1.1114698490000001,5.378643
647,-0.0049139388,-1.0354269999999999,1.1195100500000001,5.338442
648,-0.0049129788,-1.0354269999999999,1.1114698490000001,5.057035
649,-0.0049120188,-1.0153265,1.095389447,4.735427
650,-0.0049110588,-1.0153265,1.1114698490000001,4.2530149999999995
651,-0.0049100988,-1.0354269999999999,1.1114698490000001,3.7304019999999998
652,-0.0049091388,-1.0354269999999999,1.1195100500000001,3.087186
653,-0.0049081788,-1.0354269999999999,1.103429648,2.44397
654,-0.0049072188,-1.0354269999999999,1.1114698490000001,1.8811559999999998
655,-0.0049062588,-1.0354269999999999,1.1114698490000001,1.358543
656,-0.0049052988,-1.0153265,1.1195100500000001,0.876131
657,-0.0049043388,-1.0354269999999999,1.103429648,0.4741209999999998
658,-0.0049033788,-1.0354269999999999,1.1114698490000001,0.23291499999999976
659,-0.0049024188,-1.0153265,1.1195100500000001,0.1525129999999999
660,-0.0049014588,-1.0354269999999999,1.1114698490000001,0.1525129999999999
661,-0.0049004988,-1.0354269999999999,1.1195100500000001,0.4741209999999998
662,-0.0048995388,-1.0153265,1.103429648,0.6751259999999997
663,-0.0048985788,-1.0153265,1.1114698490000001,1.1575379999999997
664,-0.0048976188,-0.9952259999999999,1.1114698490000001,1.6399499999999998
665,-0.0048966588,-1.0153265,1.1114698490000001,2.202764
666,-0.0048956988,-1.0354269999999999,1.1114698490000001,2.926382
667,-0.0048947388,-1.0153265,1.1114698490000001,3.448995
668,-0.0048937788,-1.0354269999999999,1.1195100500000001,4.05201
669,-0.0048928188000000004,-1.0153265,1.103429648,4.614824
670,-0.0048918588,-1.0153265,1.1195100500000001,5.016834
671,-0.0048908988,-1.0153265,1.1114698490000001,5.217839
672,-0.0048899388,-1.0153265,1.103429648,5.378643
673,-0.0048889788,-1.0153265,1.1195100500000001,5.338442
674,-0.0048880188,-1.0153265,1.1195100500000001,5.137437
675,-0.0048870588,-1.0354269999999999,1.1195100500000001,4.896231
676,-0.0048860988000000004,-1.0354269999999999,1.1114698490000001,4.45402
677,-0.0048851388,-1.0153265,1.1114698490000001,4.0118089999999995
678,-0.0048841788,-1.0153265,1.1114698490000001,3.4891959999999997
679,-0.0048832188,-1.0153265,1.1114698490000001,2.8861809999999997
680,-0.0048822588,-1.0354269999999999,1.103429648,2.323367
681,-0.0048812988,-0.9751254999999999,1.1114698490000001,1.7605529999999998
682,-0.0048803388,-1.0354269999999999,1.1114698490000001,1.2781409999999997
683,-0.0048793788000000005,-1.0354269999999999,1.1114698490000001,0.8359299999999998
684,-0.0048784188,-1.0354269999999999,1.103429648,0.4741209999999998
685,-0.0048774588,-1.0153265,1.1195100500000001,0.31331700000000007
686,-0.0048764988,-1.0153265,1.1114698490000001,0.19271400000000005
687,-0.0048755388,-1.0354269999999999,1.103429648,0.1525129999999999
688,-0.0048745788,-0.9952259999999999,1.103429648,0.2731159999999999
689,-0.0048736188,-1.0354269999999999,1.103429648,0.39371899999999993
690,-0.0048726588000000005,-1.0153265,1.103429648,0.634925
691,-0.0048716988,-1.0153265,1.103429648,0.9565329999999999
692,-0.0048707388,-1.0153265,1.103429648,1.358543
693,-0.0048697788,-1.0354269999999999,1.1114698490000001,1.7605529999999998
694,-0.0048688188,-0.9952259999999999,1.095389447,2.2831659999999996
695,-0.0048678588,-0.9952259999999999,1.103429648,2.725377
696,-0.0048668988,-0.9952259999999999,1.1114698490000001,3.2479899999999997
697,-0.0048659388000000005,-1.0153265,1.1195100500000001,3.65
698,-0.0048649788,-0.9952259999999999,1.095389447,4.1324119999999995
699,-0.0048640188,-1.0153265,1.1114698490000001,4.614824
700,-0.0048630588,-1.0153265,1.103429648,4.85603
701,-0.0048620988,-1.0153265,1.1195100500000001,5.137437
702,-0.0048611388,-1.0354269999999999,1.103429648,5.338442
703,-0.0048601788,-1.0153265,1.103429648,5.378643
704,-0.0048592188000000005,-1.0153265,1.103429648,5.338442
705,-0.0048582588,-1.0354269999999999,1.1114698490000001,5.137437
706,-0.0048572988,-1.0153265,1.1114698490000001,4.896231
707,-0.0048563388,-1.0153265,1.103429648,4.45402
708,-0.0048553788,-1.0153265,1.1114698490000001,3.971608
709,-0.0048544188,-1.0153265,1.1114698490000001,3.3685929999999997
710,-0.0048534588,-1.0153265,1.103429648,2.805779
711,-0.0048524988000000005,-1.0354269999999999,1.1195100500000001,2.1625629999999996
712,-0.0048515388,-1.0153265,1.1195100500000001,1.6399499999999998
713,-0.0048505788,-0.9952259999999999,1.1114698490000001,1.1977389999999999
714,-0.0048496188,-1.0153265,1.1114698490000001,0.755528
715,-0.0048486588,-1.0153265,1.1195100500000001,0.4339200000000001
716,-0.0048476988,-1.0153265,1.1114698490000001,0.23291499999999976
717,-0.0048467388,-1.0354269999999999,1.1195100500000001,0.19271400000000005
718,-0.0048457788000000005,-0.9952259999999999,1.1114698490000001,0.2731159999999999
719,-0.0048448188,-1.0153265,1.1195100500000001,0.4339200000000001
720,-0.0048438588,-1.0153265,1.1114698490000001,0.7153269999999998
721,-0.0048428988,-1.0354269999999999,1.1114698490000001,1.117337
722,-0.0048419388,-1.0153265,1.1114698490000001,1.6399499999999998
723,-0.0048409788,-1.0153265,1.1195100500000001,2.082161
724,-0.0048400188,-1.0153265,1.1114698490000001,2.685176
725,-0.0048390588000000005,-1.0153265,1.103429648,3.207789
726,-0.0048380988,-0.9751254999999999,1.1114698490000001,3.65
727,-0.0048371388,-0.9952259999999999,1.1195100500000001,4.1324119999999995
728,-0.0048361788,-0.9751254999999999,1.1195100500000001,4.534422
729,-0.0048352188,-1.0153265,1.1195100500000001,4.815829
730,-0.0048342588,-0.9952259999999999,1.103429648,5.137437
731,-0.0048332988,-0.9952259999999999,1.1195100500000001,5.378643
732,-0.0048323388000000005,-0.9751254999999999,1.1114698490000001,5.378643
733,-0.0048313788,-1.0153265,1.1114698490000001,5.378643
734,-0.0048304188,-1.0354269999999999,1.103429648,5.298241
735,-0.0048294588,-0.9952259999999999,1.1195100500000001,4.976633
736,-0.0048284988,-0.9952259999999999,1.1114698490000001,4.614824
737,-0.0048275388,-1.0153265,1.1114698490000001,4.2530149999999995
738,-0.0048265788,-1.0153265,1.103429648,3.810804
739,-0.0048256188000000005,-1.0153265,1.103429648,3.288191
740,-0.0048246588,-1.0153265,1.1114698490000001,2.725377
741,-0.0048236988,-1.0354269999999999,1.103429648,2.242965
742,-0.0048227388,-1.0153265,1.103429648,1.7203519999999999
743,-0.0048217788,-1.0153265,1.1195100500000001,1.1977389999999999
744,-0.0048208188,-0.9952259999999999,1.1114698490000001,0.876131
745,-0.0048198588,-0.9952259999999999,1.103429648,0.5545229999999997
746,-0.0048188988000000006,-0.9952259999999999,1.1114698490000001,0.2731159999999999
747,-0.0048179388,-0.9952259999999999,1.1195100500000001,0.19271400000000005
748,-0.0048169788,-0.9751254999999999,1.1195100500000001,0.19271400000000005
749,-0.0048160188,-0.9952259999999999,1.1114698490000001,0.2731159999999999
750,-0.0048150588,-0.9952259999999999,1.1114698490000001,0.5545229999999997
751,-0.0048140988000000004,-0.9952259999999999,1.1114698490000001,0.996734
752,-0.0048131388,-1.0153265,1.103429648,1.358543
753,-0.0048121788000000006,-0.9751254999999999,1.103429648,1.8811559999999998
754,-0.0048112188,-0.9751254999999999,1.103429648,2.484171
755,-0.0048102588,-0.9751254999999999,1.1114698490000001,2.966583
756,-0.0048092988,-1.0153265,1.103429648,3.529397
757,-0.0048083388,-0.9952259999999999,1.095389447,4.092211
758,-0.0048073788000000004,-0.9952259999999999,1.103429648,4.45402
759,-0.0048064188,-1.0153265,1.103429648,4.936432
760,-0.004805458800000001,-0.9952259999999999,1.103429648,5.137437
761,-0.0048044988,-1.0153265,1.103429648,5.418844
762,-0.0048035388,-0.9751254999999999,1.103429648,5.338442
763,-0.0048025788,-0.9952259999999999,1.095389447,5.298241
764,-0.0048016188,-0.9952259999999999,1.1114698490000001,5.097236
765,-0.0048006588000000005,-0.9952259999999999,1.1114698490000001,4.815829
766,-0.0047996988,-1.0153265,1.095389447,4.333417
767,-0.004798738800000001,-0.9952259999999999,1.1114698490000001,3.851005
768,-0.0047977788,-1.0153265,1.1114698490000001,3.288191
769,-0.0047968188,-0.9952259999999999,1.1114698490000001,2.725377
770,-0.0047958588,-1.0153265,1.1114698490000001,2.202764
771,-0.0047948988,-0.9952259999999999,1.1114698490000001,1.6399499999999998
772,-0.0047939388000000005,-0.9952259999999999,1.1114698490000001,1.1575379999999997
773,-0.0047929788,-0.9952259999999999,1.1195100500000001,0.755528
774,-0.004792018800000001,-0.9952259999999999,1.1114698490000001,0.4741209999999998
775,-0.0047910588,-0.9952259999999999,1.1114698490000001,0.23291499999999976
776,-0.0047900988,-0.9952259999999999,1.1114698490000001,0.11231199999999975
777,-0.0047891388,-1.0153265,1.1114698490000001,0.23291499999999976
778,-0.0047881788,-1.0153265,1.103429648,0.4339200000000001
779,-0.0047872188000000005,-0.9952259999999999,1.1114698490000001,0.7153269999999998
780,-0.0047862588,-0.9952259999999999,1.1195100500000001,1.1575379999999997
781,-0.004785298800000001,-0.9751254999999999,1.1195100500000001,1.7203519999999999
782,-0.0047843388,-0.9751254999999999,1.1195100500000001,2.1625629999999996
783,-0.0047833788,-0.9751254999999999,1.1195100500000001,2.7655779999999996
784,-0.0047824188,-0.9952259999999999,1.1114698490000001,3.3685929999999997
785,-0.0047814588,-0.9751254999999999,1.1114698490000001,3.931407
786,-0.0047804988000000005,-0.9952259999999999,1.1114698490000001,4.413819
787,-0.0047795388,-1.0153265,1.1114698490000001,4.775628
788,-0.004778578800000001,-0.9952259999999999,1.103429648,5.137437
789,-0.0047776188,-0.9751254999999999,1.1114698490000001,5.338442
790,-0.0047766588,-0.9952259999999999,1.1114698490000001,5.378643
791,-0.0047756988,-0.9751254999999999,1.1195100500000001,5.378643
792,-0.0047747388,-0.9952259999999999,1.1114698490000001,5.177638
793,-0.0047737788000000005,-0.9952259999999999,1.1114698490000001,4.85603
794,-0.0047728188,-0.9751254999999999,1.103429648,4.413819
795,-0.004771858800000001,-0.9952259999999999,1.103429648,3.891206
796,-0.0047708988,-0.9952259999999999,1.1114698490000001,3.3685929999999997
797,-0.0047699388,-0.9751254999999999,1.1195100500000001,2.725377
798,-0.0047689788,-0.9751254999999999,1.1195100500000001,2.082161
799,-0.0047680188,-0.9751254999999999,1.1114698490000001,1.5193469999999998
800,-0.0047670588000000005,-0.9952259999999999,1.1195100500000001,1.0369349999999997
801,-0.0047660988,-0.9751254999999999,1.1195100500000001,0.5545229999999997
802,-0.004765138800000001,-0.9952259999999999,1.1195100500000001,0.31331700000000007
803,-0.0047641788,-1.0153265,1.1114698490000001,0.19271400000000005
804,-0.0047632188,-0.9952259999999999,1.1114698490000001,0.1525129999999999
805,-0.0047622588,-0.9952259999999999,1.103429648,0.4339200000000001
806,-0.0047612988,-0.9952259999999999,1.1114698490000001,0.755528
807,-0.0047603388000000005,-0.9952259999999999,1.1114698490000001,1.23794
808,-0.0047593788,-1.0153265,1.1114698490000001,1.840955
809,-0.004758418800000001,-0.9751254999999999,1.103429648,2.564573
810,-0.0047574588,-0.9751254999999999,1.103429648,3.2479899999999997
811,-0.0047564988,-0.955025,1.1114698490000001,3.851005
812,-0.0047555388,-0.9751254999999999,1.1195100500000001,4.494221
813,-0.0047545788,-0.9751254999999999,1.103429648,4.896231
814,-0.0047536188000000005,-0.9952259999999999,1.1114698490000001,5.217839
815,-0.0047526588,-0.9751254999999999,1.1114698490000001,5.418844
816,-0.0047516988,-1.0153265,1.095389447,5.298241
817,-0.0047507388,-0.9751254999999999,1.1114698490000001,5.217839
818,-0.0047497788,-0.9952259999999999,1.103429648,4.775628
819,-0.0047488188,-0.9751254999999999,1.103429648,4.333417
820,-0.0047478588,-0.9751254999999999,1.103429648,3.770603
821,-0.0047468988000000005,-0.9952259999999999,1.103429648,3.0067839999999997
822,-0.0047459388,-1.0153265,1.095389447,2.4037689999999996
823,-0.0047449788,-0.9952259999999999,1.1114698490000001,1.7203519999999999
824,-0.0047440188,-0.9952259999999999,1.1114698490000001,1.1575379999999997
825,-0.0047430588,-0.9952259999999999,1.1114698490000001,0.7153269999999998
826,-0.0047420988,-0.9952259999999999,1.103429648,0.31331700000000007
827,-0.0047411388,-0.9751254999999999,1.103429648,0.19271400000000005
828,-0.0047401788,-0.9751254999999999,1.1114698490000001,0.1525129999999999
829,-0.0047392188,-1.0153265,1.103429648,0.39371899999999993
830,-0.0047382588,-0.9751254999999999,1.1195100500000001,0.7153269999999998
831,-0.0047372988,-0.9952259999999999,1.1114698490000001,1.23794
832,-0.0047363388,-0.9952259999999999,1.1114698490000001,1.8811559999999998
833,-0.0047353788,-0.9952259999999999,1.1114698490000001,2.604774
834,-0.0047344188,-1.0153265,1.1195100500000001,3.2479899999999997
835,-0.0047334588,-0.9751254999999999,1.1114698490000001,3.971608
836,-0.0047324988,-0.9952259999999999,1.1195100500000001,4.494221
837,-0.0047315388,-0.9952259999999999,1.1114698490000001,4.976633
838,-0.0047305788,-0.9952259999999999,1.1114698490000001,5.298241
839,-0.0047296188,-0.955025,1.103429648,5.418844
840,-0.0047286588000000004,-0.9751254999999999,1.1114698490000001,5.298241
841,-0.0047276988,-0.9751254999999999,1.1114698490000001,5.057035
842,-0.0047267388,-0.9751254999999999,1.1114698490000001,4.574623
843,-0.0047257788,-1.0153265,1.103429648,3.971608
844,-0.0047248188,-0.9952259999999999,1.1195100500000001,3.288191
845,-0.0047238588,-0.9952259999999999,1.1195100500000001,2.604774
846,-0.0047228988,-0.9952259999999999,1.103429648,1.840955
847,-0.0047219388000000004,-0.9751254999999999,1.1114698490000001,1.1575379999999997
848,-0.0047209788,-0.9952259999999999,1.1114698490000001,0.6751259999999997
849,-0.0047200188,-0.955025,1.1195100500000001,0.31331700000000007
850,-0.0047190588,-0.9952259999999999,1.1114698490000001,0.11231199999999975
851,-0.0047180988,-0.9751254999999999,1.1114698490000001,0.23291499999999976
852,-0.0047171388,-0.9751254999999999,1.1195100500000001,0.514322
853,-0.0047161788,-0.9751254999999999,1.1114698490000001,0.9565329999999999
854,-0.0047152188000000005,-0.9751254999999999,1.103429648,1.599749
855,-0.0047142588,-0.9952259999999999,1.1114698490000001,2.363568
856,-0.0047132988,-0.9751254999999999,1.103429648,3.1273869999999997
857,-0.0047123388,-0.955025,1.1114698490000001,3.891206
858,-0.0047113788,-0.9952259999999999,1.1114698490000001,4.614824
859,-0.0047104188,-0.955025,1.1114698490000001,5.016834
860,-0.0047094588,-0.955025,1.1195100500000001,5.338442
861,-0.0047084988000000005,-0.955025,1.1114698490000001,5.418844
862,-0.0047075388,-0.9751254999999999,1.1114698490000001,5.177638
863,-0.0047065788,-0.9952259999999999,1.1195100500000001,4.815829
864,-0.0047056188,-0.9751254999999999,1.1114698490000001,4.1324119999999995
865,-0.0047046588,-0.9751254999999999,1.1114698490000001,3.408794
866,-0.0047036988,-0.9751254999999999,1.103429648,2.6449749999999996
867,-0.0047027388,-0.9751254999999999,1.103429648,1.7605529999999998
868,-0.0047017788000000005,-0.9751254999999999,1.103429648,1.0771359999999999
869,-0.0047008188,-0.9751254999999999,1.1114698490000001,0.5545229999999997
870,-0.0046998588,-0.955025,1.103429648,0.23291499999999976
871,-0.0046988988,-0.9751254999999999,1.1114698490000001,0.1525129999999999
872,-0.0046979388,-0.9751254999999999,1.1114698490000001,0.4741209999999998
873,-0.0046969788,-0.9751254999999999,1.1195100500000001,0.9565329999999999
874,-0.0046960188,-0.9751254999999999,1.1114698490000001,1.7203519999999999
875,-0.0046950588000000005,-0.9751254999999999,1.103429648,2.484171
876,-0.0046940988,-0.955025,1.1195100500000001,3.4891959999999997
877,-0.0046931388,-0.9751254999999999,1.1195100500000001,4.293216
878,-0.0046921788,-0.9952259999999999,1.1275502510000002,4.976633
879,-0.0046912188,-0.955025,1.1275502510000002,5.298241
880,-0.0046902588,-0.9952259999999999,1.1195100500000001,5.459045
881,-0.0046892988,-0.9751254999999999,1.1195100500000001,5.137437
882,-0.0046883388000000005,-0.955025,1.1195100500000001,4.695226
883,-0.0046873788,-0.9952259999999999,1.1195100500000001,3.971608
884,-0.0046864188,-0.955025,1.1114698490000001,3.046985
885,-0.0046854588,-0.955025,1.1114698490000001,2.122362
886,-0.0046844988,-0.955025,1.1195100500000001,1.2781409999999997
887,-0.0046835388,-0.9751254999999999,1.1195100500000001,0.7153269999999998
888,-0.0046825788,-0.955025,1.1114698490000001,0.3535179999999998
889,-0.0046816188000000005,-0.955025,1.1195100500000001,0.23291499999999976
890,-0.0046806588,-0.9751254999999999,1.103429648,0.3535179999999998
891,-0.0046796988,-0.9751254999999999,1.1195100500000001,0.7153269999999998
892,-0.0046787388,-0.955025,1.1195100500000001,1.358543
893,-0.0046777788,-0.9751254999999999,1.1275502510000002,2.1625629999999996
894,-0.0046768188,-0.955025,1.1114698490000001,3.046985
895,-0.0046758588,-0.955025,1.1195100500000001,3.891206
896,-0.0046748988000000005,-0.955025,1.1114698490000001,4.614824
897,-0.0046739388,-0.955025,1.1114698490000001,5.097236
898,-0.0046729788,-0.9952259999999999,1.1195100500000001,5.378643
899,-0.0046720188,-0.955025,1.1114698490000001,5.338442
900,-0.0046710588,-0.955025,1.1114698490000001,5.016834
901,-0.0046700988,-0.9751254999999999,1.103429648,4.333417
902,-0.0046691388,-0.9952259999999999,1.1114698490000001,3.408794
903,-0.0046681788000000005,-0.9751254999999999,1.1114698490000001,2.484171
904,-0.0046672188,-0.9751254999999999,1.1114698490000001,1.559548
905,-0.0046662588,-0.955025,1.1195100500000001,0.755528
906,-0.0046652988,-0.9952259999999999,1.103429648,0.31331700000000007
907,-0.0046643388,-0.955025,1.1114698490000001,0.19271400000000005
908,-0.0046633788,-0.955025,1.1195100500000001,0.39371899999999993
909,-0.0046624188,-0.955025,1.103429648,1.0369349999999997
910,-0.0046614588000000005,-0.955025,1.1195100500000001,1.921357
911,-0.0046604988,-0.955025,1.103429648,2.8861809999999997
912,-0.0046595388,-0.955025,1.1114698490000001,3.891206
913,-0.0046585788,-0.9751254999999999,1.103429648,4.735427
914,-0.0046576188,-0.955025,1.1114698490000001,5.258039999999999
915,-0.0046566588,-0.9751254999999999,1.1114698490000001,5.378643
916,-0.0046556988,-0.955025,1.1195100500000001,5.177638
917,-0.0046547388000000006,-0.9349244999999999,1.1195100500000001,4.494221
918,-0.0046537788,-0.955025,1.1195100500000001,3.529397
919,-0.0046528188,-0.955025,1.1195100500000001,2.44397
920,-0.0046518588,-0.955025,1.1275502510000002,1.479146
921,-0.0046508988,-1.0153265,1.1195100500000001,0.7153269999999998
922,-0.0046499388000000004,-0.955025,1.1114698490000001,0.23291499999999976
923,-0.0046489788,-0.955025,1.1114698490000001,0.19271400000000005
924,-0.0046480188000000006,-0.9751254999999999,1.1195100500000001,0.514322
925,-0.0046470588,-0.9751254999999999,1.1114698490000001,1.1575379999999997
926,-0.0046460988,-0.955025,1.1114698490000001,2.122362
927,-0.0046451388,-0.955025,1.1114698490000001,3.1273869999999997
928,-0.0046441788,-0.955025,1.1114698490000001,4.05201
929,-0.0046432188000000004,-0.955025,1.1114698490000001,4.85603
930,-0.0046422588,-0.9751254999999999,1.1114698490000001,5.298241
931,-0.004641298800000001,-0.9952259999999999,1.1114698490000001,5.378643
932,-0.0046403388,-0.9349244999999999,1.1275502510000002,5.097236
933,-0.0046393788,-0.9751254999999999,1.1114698490000001,4.413819
934,-0.0046384188,-0.9751254999999999,1.1114698490000001,3.529397
935,-0.0046374588,-0.955025,1.1114698490000001,2.564573
936,-0.0046364988000000005,-0.9751254999999999,1.1114698490000001,1.559548
937,-0.0046355388,-0.9751254999999999,1.1114698490000001,0.7957289999999997
938,-0.004634578800000001,-0.955025,1.1114698490000001,0.31331700000000007
939,-0.0046336188,-0.9751254999999999,1.103429648,0.19271400000000005
940,-0.0046326588,-0.9751254999999999,1.1114698490000001,0.4741209999999998
941,-0.0046316988,-0.9751254999999999,1.1114698490000001,1.0771359999999999
942,-0.0046307388,-0.955025,1.103429648,2.04196
943,-0.0046297788000000005,-0.9751254999999999,1.1114698490000001,3.046985
944,-0.0046288188,-0.955025,1.103429648,4.092211
945,-0.004627858800000001,-0.955025,1.1195100500000001,4.896231
946,-0.0046268988,-0.955025,1.103429648,5.338442
947,-0.0046259388,-0.955025,1.1114698490000001,5.418844
948,-0.0046249788,-0.955025,1.1114698490000001,4.976633
949,-0.0046240188,-0.955025,1.1195100500000001,4.212814
950,-0.0046230588000000005,-0.9349244999999999,1.1114698490000001,3.207789
951,-0.0046220988,-0.9751254999999999,1.1114698490000001,2.122362
952,-0.004621138800000001,-0.955025,1.1195100500000001,1.1977389999999999
953,-0.0046201788,-0.9751254999999999,1.1114698490000001,0.514322
954,-0.0046192188,-0.9349244999999999,1.1195100500000001,0.1525129999999999
955,-0.0046182588,-0.9751254999999999,1.1114698490000001,0.3535179999999998
956,-0.0046172988,-0.955025,1.1195100500000001,0.9565329999999999
957,-0.0046163388000000005,-0.955025,1.1195100500000001,2.04196
958,-0.0046153788,-0.955025,1.1114698490000001,3.087186
959,-0.004614418800000001,-0.9349244999999999,1.1195100500000001,4.212814
960,-0.0046134588,-0.955025,1.1195100500000001,5.057035
961,-0.0046124988,-0.955025,1.1114698490000001,5.378643
962,-0.0046115388,-0.955025,1.1195100500000001,5.298241
963,-0.0046105788,-0.955025,1.1114698490000001,4.655025
964,-0.0046096188000000005,-0.9349244999999999,1.1114698490000001,3.569598
965,-0.0046086588,-0.9349244999999999,1.1114698490000001,2.363568
966,-0.004607698800000001,-0.955025,1.1114698490000001,1.318342
967,-0.0046067388,-0.9349244999999999,1.1195100500000001,0.5545229999999997
968,-0.0046057788,-0.955025,1.1114698490000001,0.19271400000000005
969,-0.0046048188,-0.955025,1.1114698490000001,0.3535179999999998
970,-0.0046038588,-0.9349244999999999,1.1114698490000001,1.0771359999999999
971,-0.0046028988000000005,-0.9751254999999999,1.1114698490000001,2.1625629999999996
972,-0.0046019388,-0.955025,1.1195100500000001,3.288191
973,-0.004600978800000001,-0.955025,1.1114698490000001,4.413819
974,-0.0046000188,-0.955025,1.103429648,5.137437
975,-0.0045990588,-0.955025,1.1114698490000001,5.418844
976,-0.0045980988,-0.955025,1.1114698490000001,5.137437
977,-0.0045971388,-0.955025,1.1114698490000001,4.413819
978,-0.0045961788000000005,-0.955025,1.1195100500000001,3.328392
979,-0.0045952188,-0.955025,1.1114698490000001,2.1625629999999996
980,-0.004594258800000001,-0.955025,1.1114698490000001,1.0771359999999999
981,-0.0045932988,-0.955025,1.1195100500000001,0.4339200000000001
982,-0.0045923388,-0.955025,1.103429648,0.23291499999999976
983,-0.0045913788,-0.914824,1.1275502510000002,0.4741209999999998
984,-0.0045904188,-0.9349244999999999,1.1195100500000001,1.117337
985,-0.0045894588000000005,-0.955025,1.1275502510000002,2.363568
986,-0.0045884988,-0.955025,1.1195100500000001,3.4891959999999997
987,-0.004587538800000001,-0.9349244999999999,1.1195100500000001,4.574623
988,-0.0045865788,-0.955025,1.1114698490000001,5.217839
989,-0.0045856188,-0.955025,1.1114698490000001,5.418844
990,-0.0045846588,-0.955025,1.1195100500000001,5.137437
991,-0.0045836988,-0.9751254999999999,1.1195100500000001,4.172613
992,-0.0045827388000000005,-0.9349244999999999,1.1195100500000001,3.0067839999999997
993,-0.0045817788,-0.9349244999999999,1.1195100500000001,1.7605529999999998
994,-0.004580818800000001,-0.9349244999999999,1.103429648,0.7957289999999997
995,-0.0045798588,-0.9349244999999999,1.1195100500000001,0.23291499999999976
996,-0.0045788988,-0.955025,1.103429648,0.2731159999999999
997,-0.0045779388,-0.955025,1.103429648,0.876131
998,-0.0045769788,-0.914824,1.1195100500000001,1.961558
999,-0.0045760188000000005,-0.9349244999999999,1.1195100500000001,3.328392
1000,-0.0045750588,-0.955025,1.1114698490000001,4.534422
1001,-0.0045740988,-0.955025,1.1195100500000001,5.298241
1002,-0.0045731388,-0.955025,1.1114698490000001,5.418844
1003,-0.0045721788,-0.955025,1.103429648,4.85603
1004,-0.0045712188,-0.955025,1.1195100500000001,3.770603
1005,-0.0045702588,-0.8947235,1.103429648,2.484171
1006,-0.0045692988000000006,-0.955025,1.1195100500000001,1.1977389999999999
1007,-0.0045683388,-0.9349244999999999,1.1114698490000001,0.3535179999999998
1008,-0.0045673788,-0.955025,1.1195100500000001,0.19271400000000005
1009,-0.0045664188,-0.914824,1.1275502510000002,0.755528
1010,-0.0045654588,-0.9349244999999999,1.1114698490000001,1.7203519999999999
1011,-0.0045644988000000004,-0.9349244999999999,1.1275502510000002,3.167588
1012,-0.0045635388,-0.9349244999999999,1.1275502510000002,4.373618
1013,-0.0045625788,-0.914824,1.1114698490000001,5.217839
1014,-0.0045616188,-0.9349244999999999,1.1275502510000002,5.459045
1015,-0.0045606588,-0.914824,1.1195100500000001,4.936432
1016,-0.0045596988,-0.9349244999999999,1.1275502510000002,3.851005
1017,-0.0045587388,-0.9349244999999999,1.1275502510000002,2.5243719999999996
1018,-0.0045577788000000004,-0.955025,1.1195100500000001,1.3987439999999998
1019,-0.0045568188,-0.9349244999999999,1.1114698490000001,0.4339200000000001
1020,-0.0045558588,-0.9349244999999999,1.1114698490000001,0.1525129999999999
1021,-0.0045548988,-0.955025,1.1114698490000001,0.5545229999999997
1022,-0.004553938800000001,-0.955025,1.1114698490000001,1.438945
1023,-0.0045529788,-0.9349244999999999,1.1114698490000001,2.725377
1024,-0.0045520188,-0.955025,1.1114698490000001,4.0118089999999995
1025,-0.0045510588000000005,-0.955025,1.1114698490000001,5.057035
1026,-0.0045500988,-0.9349244999999999,1.1195100500000001,5.418844
1027,-0.0045491388,-0.955025,1.103429648,5.097236
1028,-0.0045481788,-0.9349244999999999,1.1195100500000001,4.212814
1029,-0.004547218800000001,-0.9349244999999999,1.1195100500000001,2.84598
1030,-0.0045462588,-0.955025,1.103429648,1.5193469999999998
1031,-0.0045452988,-0.955025,1.1114698490000001,0.514322
1032,-0.0045443388000000005,-0.955025,1.1114698490000001,0.19271400000000005
1033,-0.0045433788,-0.955025,1.1195100500000001,0.5545229999999997
1034,-0.0045424188,-0.9349244999999999,1.1195100500000001,1.6399499999999998
1035,-0.0045414588,-0.9349244999999999,1.1114698490000001,3.046985
1036,-0.0045404988,-0.914824,1.1195100500000001,4.373618
1037,-0.0045395388,-0.914824,1.1114698490000001,5.258039999999999
1038,-0.0045385788,-0.9349244999999999,1.1114698490000001,5.418844
1039,-0.0045376188000000005,-0.955025,1.1195100500000001,4.735427
1040,-0.0045366588,-0.955025,1.1195100500000001,3.408794
1041,-0.0045356988,-0.9349244999999999,1.1114698490000001,1.8811559999999998
1042,-0.0045347388,-0.9349244999999999,1.1195100500000001,0.7153269999999998
1043,-0.0045337788,-0.914824,1.1195100500000001,0.19271400000000005
1044,-0.0045328188,-0.9349244999999999,1.1114698490000001,0.514322
1045,-0.0045318588,-0.9349244999999999,1.1195100500000001,1.559548
1046,-0.0045308988000000005,-0.9349244999999999,1.1114698490000001,3.046985
1047,-0.0045299388,-0.955025,1.1114698490000001,4.45402
1048,-0.0045289788,-0.914824,1.103429648,5.298241
1049,-0.0045280188,-0.955025,1.1114698490000001,5.338442
1050,-0.0045270588,-0.9349244999999999,1.1114698490000001,4.574623
1051,-0.0045260988,-0.914824,1.1195100500000001,3.1273869999999997
1052,-0.0045251388,-0.9349244999999999,1.1195100500000001,1.680151
1053,-0.0045241788000000005,-0.914824,1.1114698490000001,0.634925
1054,-0.0045232188,-0.914824,1.1114698490000001,0.19271400000000005
1055,-0.0045222588,-0.9349244999999999,1.1195100500000001,0.5947239999999998
1056,-0.0045212988,-0.9349244999999999,1.1195100500000001,1.7605529999999998
1057,-0.0045203388,-0.9349244999999999,1.1114698490000001,3.288191
1058,-0.0045193788,-0.9349244999999999,1.1114698490000001,4.574623
1059,-0.0045184188,-0.9349244999999999,1.1195100500000001,5.378643
1060,-0.0045174588000000005,-0.9349244999999999,1.1195100500000001,5.378643
1061,-0.0045164988,-0.9349244999999999,1.1114698490000001,4.494221
1062,-0.0045155388,-0.914824,1.1195100500000001,3.087186
1063,-0.0045145788,-0.9349244999999999,1.1195100500000001,1.6399499999999998
1064,-0.0045136188,-0.914824,1.1195100500000001,0.5545229999999997
1065,-0.0045126588,-0.9349244999999999,1.1195100500000001,0.19271400000000005
1066,-0.0045116988,-0.9349244999999999,1.1195100500000001,0.5947239999999998
1067,-0.0045107388000000005,-0.914824,1.1275502510000002,1.6399499999999998
1068,-0.0045097788,-0.914824,1.1114698490000001,3.087186
1069,-0.0045088188,-0.914824,1.1275502510000002,4.534422
1070,-0.0045078588,-0.9349244999999999,1.1195100500000001,5.298241
1071,-0.0045068988,-0.914824,1.1195100500000001,5.338442
1072,-0.0045059388,-0.955025,1.1195100500000001,4.655025
1073,-0.0045049788,-0.914824,1.1114698490000001,3.328392
1074,-0.0045040188000000005,-0.9349244999999999,1.1195100500000001,1.800754
1075,-0.0045030588,-0.9349244999999999,1.1114698490000001,0.6751259999999997
1076,-0.0045020988,-0.9349244999999999,1.1114698490000001,0.19271400000000005
1077,-0.0045011388,-0.914824,1.1114698490000001,0.514322
1078,-0.0045001788,-0.955025,1.1195100500000001,1.7203519999999999
1079,-0.0044992188,-0.914824,1.1114698490000001,3.2479899999999997
1080,-0.0044982588,-0.914824,1.103429648,4.655025
1081,-0.0044972988000000005,-0.914824,1.1114698490000001,5.378643
1082,-0.0044963388,-0.914824,1.1195100500000001,5.258039999999999
1083,-0.0044953788,-0.914824,1.1195100500000001,4.212814
1084,-0.0044944188,-0.914824,1.1114698490000001,2.685176
1085,-0.0044934588,-0.9349244999999999,1.1195100500000001,1.117337
1086,-0.0044924988,-0.955025,1.1275502510000002,0.2731159999999999
1087,-0.0044915388,-0.9349244999999999,1.1195100500000001,0.31331700000000007
1088,-0.0044905788000000006,-0.914824,1.1195100500000001,1.318342
1089,-0.0044896188,-0.9349244999999999,1.1114698490000001,3.046985
1090,-0.0044886588,-0.914824,1.1195100500000001,4.494221
1091,-0.0044876988,-0.9349244999999999,1.1195100500000001,5.338442
1092,-0.0044867388,-0.9349244999999999,1.1195100500000001,5.258039999999999
1093,-0.0044857788000000004,-0.914824,1.1114698490000001,4.092211
1094,-0.0044848188,-0.914824,1.1195100500000001,2.44397
1095,-0.0044838588000000006,-0.914824,1.1114698490000001,0.996734
1096,-0.0044828988,-0.9349244999999999,1.1114698490000001,0.19271400000000005
1097,-0.0044819388,-0.914824,1.1114698490000001,0.514322
1098,-0.0044809788,-0.9349244999999999,1.1114698490000001,1.680151
1099,-0.0044800188,-0.9349244999999999,1.103429648,3.288191
1100,-0.0044790588000000004,-0.8947235,1.1114698490000001,4.695226
1101,-0.0044780988,-0.914824,1.1195100500000001,5.418844
1102,-0.004477138800000001,-0.914824,1.1195100500000001,5.217839
1103,-0.0044761788,-0.914824,1.1114698490000001,3.931407
1104,-0.0044752188,-0.9349244999999999,1.1195100500000001,2.4037689999999996
1105,-0.0044742588,-0.914824,1.1195100500000001,0.8359299999999998
1106,-0.0044732988,-0.914824,1.1114698490000001,0.2731159999999999
1107,-0.0044723388000000005,-0.914824,1.1114698490000001,0.4741209999999998
1108,-0.0044713788,-0.9349244999999999,1.1195100500000001,1.5193469999999998
1109,-0.004470418800000001,-0.9349244999999999,1.1195100500000001,3.087186
1110,-0.0044694588,-0.914824,1.1114698490000001,4.534422
1111,-0.0044684988,-0.914824,1.1195100500000001,5.378643
1112,-0.0044675388,-0.914824,1.1195100500000001,5.338442
1113,-0.0044665788,-0.914824,1.1195100500000001,4.45402
1114,-0.0044656188000000005,-0.914824,1.1275502510000002,3.0067839999999997
1115,-0.0044646588,-0.914824,1.1195100500000001,1.479146
1116,-0.004463698800000001,-0.8947235,1.1195100500000001,0.4339200000000001
1117,-0.0044627388,-0.914824,1.1114698490000001,0.19271400000000005
1118,-0.0044617788,-0.914824,1.1114698490000001,0.8359299999999998
1119,-0.0044608188,-0.914824,1.1114698490000001,2.1625629999999996
1120,-0.0044598588,-0.9349244999999999,1.103429648,3.7304019999999998
1121,-0.0044588988000000005,-0.9349244999999999,1.103429648,4.976633
1122,-0.0044579388,-0.914824,1.1114698490000001,5.499245999999999
1123,-0.004456978800000001,-0.9349244999999999,1.1114698490000001,4.976633
1124,-0.0044560188,-0.8947235,1.1114698490000001,3.65
1125,-0.0044550588,-0.914824,1.1195100500000001,2.04196
1126,-0.0044540988,-0.8947235,1.1114698490000001,0.6751259999999997
1127,-0.0044531388,-0.914824,1.1195100500000001,0.19271400000000005
1128,-0.0044521788000000005,-0.8947235,1.1114698490000001,0.7957289999999997
1129,-0.0044512188,-0.8947235,1.1195100500000001,2.122362
1130,-0.004450258800000001,-0.8947235,1.1114698490000001,3.891206
1131,-0.0044492988,-0.955025,1.1275502510000002,5.217839
1132,-0.0044483388,-0.914824,1.1275502510000002,5.378643
1133,-0.0044473788,-0.8947235,1.1195100500000001,4.45402
1134,-0.0044464188,-0.9349244999999999,1.1114698490000001,2.685176
1135,-0.0044454588000000005,-0.9349244999999999,1.1114698490000001,1.117337
1136,-0.0044444988,-0.914824,1.1195100500000001,0.23291499999999976
1137,-0.004443538800000001,-0.8947235,1.1195100500000001,0.5947239999999998
1138,-0.0044425788,-0.914824,1.1195100500000001,2.082161
1139,-0.0044416188,-0.914824,1.1275502510000002,3.931407
1140,-0.0044406588,-0.914824,1.1195100500000001,5.258039999999999
1141,-0.0044396988,-0.9349244999999999,1.1114698490000001,5.338442
1142,-0.0044387388000000005,-0.914824,1.1114698490000001,4.1324119999999995
1143,-0.0044377788,-0.914824,1.1195100500000001,2.323367
1144,-0.004436818800000001,-0.8947235,1.1195100500000001,0.634925
1145,-0.0044358588,-0.914824,1.1195100500000001,0.19271400000000005
1146,-0.0044348988,-0.8947235,1.1114698490000001,0.876131
1147,-0.0044339388,-0.8947235,1.1195100500000001,2.564573
1148,-0.0044329788,-0.8947235,1.1114698490000001,4.333417
1149,-0.0044320188000000005,-0.8947235,1.1195100500000001,5.298241
1150,-0.0044310588,-0.9349244999999999,1.1114698490000001,5.258039999999999
1151,-0.004430098800000001,-0.8947235,1.1195100500000001,4.05201
1152,-0.0044291388,-0.8947235,1.1114698490000001,2.323367
1153,-0.0044281788,-0.914824,1.1195100500000001,0.7957289999999997
1154,-0.0044272188,-0.914824,1.1195100500000001,0.19271400000000005
1155,-0.0044262588,-0.9349244999999999,1.1275502510000002,0.755528
1156,-0.0044252988,-0.914824,1.1195100500000001,2.082161
1157,-0.0044243388,-0.914824,1.1114698490000001,3.690201
1158,-0.004423378800000001,-0.8947235,1.1114698490000001,5.057035
1159,-0.0044224188,-0.8947235,1.1114698490000001,5.539447
1160,-0.0044214588,-0.914824,1.1114698490000001,4.815829
1161,-0.0044204988,-0.914824,1.1195100500000001,3.408794
1162,-0.0044195388,-0.8947235,1.1195100500000001,1.7203519999999999
1163,-0.0044185788,-0.914824,1.1114698490000001,0.514322
1164,-0.0044176188,-0.8947235,1.1195100500000001,0.19271400000000005
1165,-0.004416658800000001,-0.914824,1.1195100500000001,0.9565329999999999
1166,-0.0044156988,-0.8947235,1.1195100500000001,2.363568
1167,-0.0044147388,-0.9349244999999999,1.1275502510000002,4.092211
1168,-0.0044137788,-0.914824,1.1275502510000002,5.217839
1169,-0.0044128188,-0.8947235,1.1195100500000001,5.418844
1170,-0.0044118588,-0.914824,1.1195100500000001,4.494221
1171,-0.0044108988,-0.914824,1.1114698490000001,2.84598
1172,-0.004409938800000001,-0.914824,1.1195100500000001,1.1977389999999999
1173,-0.0044089788,-0.8947235,1.1195100500000001,0.31331700000000007
1174,-0.0044080188,-0.8947235,1.1275502510000002,0.39371899999999993
1175,-0.0044070588,-0.8947235,1.1275502510000002,1.599749
1176,-0.0044060988,-0.914824,1.1195100500000001,3.3685929999999997
1177,-0.0044051388,-0.914824,1.1114698490000001,4.936432
1178,-0.0044041788,-0.914824,1.1195100500000001,5.459045
1179,-0.004403218800000001,-0.8947235,1.1195100500000001,4.735427
1180,-0.0044022588,-0.914824,1.103429648,3.167588
1181,-0.0044012988,-0.914824,1.1114698490000001,1.2781409999999997
1182,-0.0044003388000000004,-0.914824,1.1114698490000001,0.2731159999999999
1183,-0.0043993788,-0.8947235,1.1114698490000001,0.4741209999999998
1184,-0.0043984188,-0.8947235,1.1195100500000001,1.7605529999999998
1185,-0.0043974588,-0.8947235,1.1114698490000001,3.6097989999999998
1186,-0.004396498800000001,-0.8947235,1.1114698490000001,5.137437
1187,-0.0043955388,-0.914824,1.1195100500000001,5.459045
1188,-0.0043945788,-0.914824,1.1275502510000002,4.45402
1189,-0.0043936188000000004,-0.914824,1.1195100500000001,2.5243719999999996
1190,-0.0043926588,-0.8545225,1.1195100500000001,0.876131
1191,-0.0043916988,-0.8947235,1.1195100500000001,0.19271400000000005
1192,-0.0043907388,-0.914824,1.1195100500000001,0.876131
1193,-0.004389778800000001,-0.914824,1.1195100500000001,2.564573
1194,-0.0043888188,-0.8947235,1.1195100500000001,4.45402
1195,-0.0043878588,-0.8947235,1.1195100500000001,5.459045
1196,-0.0043868988000000005,-0.8947235,1.1114698490000001,5.057035
1197,-0.0043859388,-0.8947235,1.1195100500000001,3.569598
1198,-0.0043849788,-0.914824,1.1114698490000001,1.800754
1199,-0.0043840188,-0.8947235,1.1114698490000001,0.514322
1200,-0.004383058800000001,-0.914824,1.103429648,0.2731159999999999
1201,-0.0043820988,-0.9349244999999999,1.1114698490000001,1.23794
1202,-0.0043811388,-0.8746229999999999,1.1195100500000001,2.926382
1203,-0.0043801788000000005,-0.8947235,1.103429648,4.655025
1204,-0.0043792188,-0.914824,1.1114698490000001,5.459045
1205,-0.0043782588,-0.914824,1.1114698490000001,5.057035
1206,-0.0043772988,-0.914824,1.1195100500000001,3.690201
1207,-0.004376338800000001,-0.8947235,1.1275502510000002,1.8811559999999998
1208,-0.0043753788,-0.8947235,1.1195100500000001,0.5545229999999997
1209,-0.0043744188,-0.8947235,1.1114698490000001,0.1525129999999999
1210,-0.0043734588000000005,-0.8746229999999999,1.1195100500000001,1.0369349999999997
1211,-0.0043724988,-0.8947235,1.1195100500000001,2.685176
1212,-0.0043715388,-0.8947235,1.1195100500000001,4.333417
1213,-0.0043705788,-0.8947235,1.1195100500000001,5.378643
1214,-0.004369618800000001,-0.8947235,1.1114698490000001,5.338442
1215,-0.0043686588,-0.914824,1.1195100500000001,4.172613
1216,-0.0043676988,-0.914824,1.1114698490000001,2.5243719999999996
1217,-0.0043667388000000005,-0.8947235,1.1195100500000001,0.9163319999999997
1218,-0.0043657788,-0.8947235,1.1275502510000002,0.19271400000000005
1219,-0.0043648188,-0.8947235,1.1275502510000002,0.5947239999999998
1220,-0.0043638588,-0.8947235,1.1195100500000001,1.961558
1221,-0.0043628988,-0.8746229999999999,1.1114698490000001,3.770603
1222,-0.0043619388,-0.8947235,1.103429648,5.057035
1223,-0.0043609788,-0.8746229999999999,1.1114698490000001,5.459045
1224,-0.0043600188000000005,-0.914824,1.1114698490000001,4.574623
1225,-0.0043590588,-0.8947235,1.1275502510000002,2.926382
1226,-0.0043580988,-0.8947235,1.1195100500000001,1.2781409999999997
1227,-0.0043571388,-0.8947235,1.1195100500000001,0.23291499999999976
1228,-0.0043561788,-0.8947235,1.1195100500000001,0.4339200000000001
1229,-0.0043552188,-0.8947235,1.1195100500000001,1.7203519999999999
1230,-0.0043542588,-0.8947235,1.1195100500000001,3.6097989999999998
1231,-0.0043532988000000005,-0.8947235,1.1195100500000001,5.097236
1232,-0.0043523388,-0.914824,1.1114698490000001,5.459045
1233,-0.0043513788,-0.8947235,1.1275502510000002,4.574623
1234,-0.0043504188,-0.8947235,1.1114698490000001,2.805779
1235,-0.0043494588,-0.8746229999999999,1.1114698490000001,1.117337
1236,-0.0043484988,-0.8947235,1.103429648,0.1525129999999999
1237,-0.0043475388,-0.8947235,1.1195100500000001,0.634925
1238,-0.0043465788000000005,-0.8947235,1.103429648,2.202764
1239,-0.0043456188,-0.914824,1.1195100500000001,4.172613
1240,-0.0043446588,-0.8746229999999999,1.1195100500000001,5.378643
1241,-0.0043436988,-0.8746229999999999,1.1195100500000001,5.338442
1242,-0.0043427388,-0.8746229999999999,1.1114698490000001,4.05201
1243,-0.0043417788,-0.8746229999999999,1.103429648,2.1625629999999996
1244,-0.0043408188,-0.914824,1.103429648,0.634925
1245,-0.0043398588000000005,-0.8947235,1.103429648,0.23291499999999976
1246,-0.0043388988,-0.8746229999999999,1.1114698490000001,1.0771359999999999
1247,-0.0043379388,-0.8545225,1.1195100500000001,2.7655779999999996
1248,-0.0043369788,-0.8746229999999999,1.1195100500000001,4.494221
1249,-0.0043360188,-0.8947235,1.1195100500000001,5.459045
1250,-0.0043350588,-0.8947235,1.1195100500000001,5.217839
1251,-0.0043340988,-0.8947235,1.1275502510000002,3.851005
1252,-0.0043331388000000005,-0.8746229999999999,1.1114698490000001,2.001759
1253,-0.0043321788,-0.8947235,1.1195100500000001,0.5545229999999997
1254,-0.0043312188,-0.8947235,1.1275502510000002,0.19271400000000005
1255,-0.0043302588,-0.8947235,1.1114698490000001,0.996734
1256,-0.0043292988,-0.8746229999999999,1.1114698490000001,2.5243719999999996
1257,-0.0043283388,-0.8746229999999999,1.103429648,4.333417
1258,-0.0043273788,-0.914824,1.1114698490000001,5.338442
1259,-0.0043264188000000006,-0.914824,1.1114698490000001,5.298241
1260,-0.0043254588,-0.8746229999999999,1.103429648,4.212814
1261,-0.0043244988,-0.8947235,1.1114698490000001,2.4037689999999996
1262,-0.0043235388,-0.8746229999999999,1.103429648,0.876131
1263,-0.0043225788,-0.8746229999999999,1.1195100500000001,0.19271400000000005
1264,-0.0043216188,-0.8947235,1.1114698490000001,0.755528
1265,-0.0043206588,-0.8947235,1.1195100500000001,2.202764
1266,-0.0043196988000000006,-0.8947235,1.1114698490000001,3.971608
1267,-0.0043187388,-0.8947235,1.1195100500000001,5.258039999999999
1268,-0.0043177788,-0.8947235,1.103429648,5.418844
1269,-0.0043168188,-0.8746229999999999,1.1275502510000002,4.373618
1270,-0.0043158588,-0.8746229999999999,1.1275502510000002,2.604774
1271,-0.0043148988000000004,-0.8947235,1.1275502510000002,0.9163319999999997
1272,-0.0043139388,-0.8545225,1.1114698490000001,0.19271400000000005
1273,-0.004312978800000001,-0.8746229999999999,1.1114698490000001,0.7153269999999998
1274,-0.0043120188,-0.8947235,1.1114698490000001,2.242965
1275,-0.0043110588,-0.8746229999999999,1.103429648,3.971608
1276,-0.0043100988,-0.8746229999999999,1.1195100500000001,5.258039999999999
1277,-0.0043091388,-0.8746229999999999,1.1114698490000001,5.418844
1278,-0.0043081788000000005,-0.8545225,1.1114698490000001,4.293216
1279,-0.0043072188,-0.8746229999999999,1.103429648,2.564573
1280,-0.004306258800000001,-0.8746229999999999,1.1114698490000001,0.8359299999999998
1281,-0.0043052988,-0.8746229999999999,1.1195100500000001,0.1525129999999999
1282,-0.0043043388,-0.8746229999999999,1.1114698490000001,0.6751259999999997
1283,-0.0043033788,-0.8545225,1.1195100500000001,2.242965
1284,-0.0043024188,-0.8746229999999999,1.103429648,4.092211
1285,-0.0043014588000000005,-0.8947235,1.1114698490000001,5.338442
1286,-0.0043004988,-0.8947235,1.1195100500000001,5.378643
1287,-0.004299538800000001,-0.8746229999999999,1.1195100500000001,4.172613
1288,-0.0042985788,-0.8746229999999999,1.1114698490000001,2.4037689999999996
1289,-0.0042976188,-0.8947235,1.1275502510000002,0.7957289999999997
1290,-0.0042966588,-0.8746229999999999,1.1195100500000001,0.19271400000000005
1291,-0.0042956988,-0.8746229999999999,1.1195100500000001,0.876131
1292,-0.0042947388000000005,-0.8545225,1.1275502510000002,2.5243719999999996
1293,-0.0042937788,-0.8746229999999999,1.1114698490000001,4.2530149999999995
1294,-0.004292818800000001,-0.8746229999999999,1.1114698490000001,5.459045
1295,-0.0042918588,-0.8947235,1.1114698490000001,5.217839
1296,-0.0042908988,-0.8746229999999999,1.103429648,3.891206
1297,-0.0042899388,-0.8545225,1.1195100500000001,2.082161
1298,-0.0042889788,-0.8746229999999999,1.103429648,0.5545229999999997
1299,-0.0042880188000000005,-0.8746229999999999,1.103429648,0.2731159999999999
1300,-0.0042870588,-0.8947235,1.1114698490000001,1.0771359999999999
1301,-0.004286098800000001,-0.8947235,1.103429648,2.926382
1302,-0.0042851388,-0.8947235,1.1114698490000001,4.655025
1303,-0.0042841788,-0.8746229999999999,1.1114698490000001,5.539447
1304,-0.0042832188,-0.8947235,1.1114698490000001,5.057035
1305,-0.0042822588,-0.8545225,1.1114698490000001,3.448995
1306,-0.0042812988000000005,-0.8746229999999999,1.103429648,1.599749
1307,-0.0042803388,-0.8746229999999999,1.1114698490000001,0.3535179999999998
1308,-0.004279378800000001,-0.8746229999999999,1.1114698490000001,0.3535179999999998
1309,-0.0042784188,-0.8545225,1.103429648,1.6399499999999998
1310,-0.0042774588,-0.8746229999999999,1.1195100500000001,3.4891959999999997
1311,-0.0042764988,-0.8545225,1.103429648,5.097236
1312,-0.0042755388,-0.8746229999999999,1.1114698490000001,5.499245999999999
1313,-0.0042745788000000005,-0.8947235,1.1114698490000001,4.614824
1314,-0.0042736188,-0.8545225,1.103429648,2.84598
1315,-0.004272658800000001,-0.8947235,1.103429648,1.117337
1316,-0.0042716988,-0.8545225,1.103429648,0.19271400000000005
1317,-0.0042707388,-0.8746229999999999,1.103429648,0.5545229999999997
1318,-0.0042697788,-0.8746229999999999,1.1195100500000001,2.04196
1319,-0.0042688188,-0.8947235,1.103429648,3.931407
1320,-0.0042678588000000005,-0.8746229999999999,1.1114698490000001,5.217839
1321,-0.0042668988,-0.8746229999999999,1.1114698490000001,5.459045
1322,-0.004265938800000001,-0.8746229999999999,1.103429648,4.373618
1323,-0.0042649788,-0.8746229999999999,1.1114698490000001,2.685176
1324,-0.0042640188,-0.8545225,1.1114698490000001,0.9163319999999997
1325,-0.0042630588,-0.8545225,1.1114698490000001,0.23291499999999976
1326,-0.0042620988,-0.834422,1.1195100500000001,0.5947239999999998
1327,-0.0042611388000000005,-0.834422,1.1114698490000001,2.082161
1328,-0.0042601788,-0.8545225,1.1114698490000001,3.971608
1329,-0.004259218800000001,-0.8746229999999999,1.103429648,5.217839
1330,-0.0042582588,-0.8746229999999999,1.1114698490000001,5.459045
1331,-0.0042572988,-0.8746229999999999,1.1114698490000001,4.534422
1332,-0.0042563388,-0.8746229999999999,1.1114698490000001,2.685176
1333,-0.0042553788,-0.8746229999999999,1.1195100500000001,1.0369349999999997
1334,-0.0042544188,-0.8746229999999999,1.103429648,0.11231199999999975
1335,-0.0042534588,-0.8545225,1.103429648,0.5947239999999998
1336,-0.004252498800000001,-0.8746229999999999,1.095389447,2.1625629999999996
1337,-0.0042515388,-0.8947235,1.095389447,3.971608
1338,-0.0042505788,-0.8746229999999999,1.095389447,5.298241
1339,-0.0042496188,-0.8746229999999999,1.103429648,5.338442
1340,-0.0042486588,-0.8545225,1.1114698490000001,4.293216
1341,-0.0042476988,-0.8545225,1.103429648,2.4037689999999996
1342,-0.0042467388,-0.8545225,1.095389447,0.8359299999999998
1343,-0.004245778800000001,-0.8545225,1.103429648,0.23291499999999976
1344,-0.0042448188,-0.8545225,1.103429648,0.7957289999999997
1345,-0.0042438588,-0.8545225,1.103429648,2.44397
1346,-0.0042428988,-0.8746229999999999,1.103429648,4.2530149999999995
1347,-0.0042419388,-0.834422,1.1114698490000001,5.418844
1348,-0.0042409788,-0.8746229999999999,1.1195100500000001,5.378643
1349,-0.0042400188,-0.8545225,1.1114698490000001,4.05201
1350,-0.004239058800000001,-0.8746229999999999,1.1114698490000001,2.242965
1351,-0.0042380988,-0.834422,1.095389447,0.6751259999999997
1352,-0.0042371388,-0.8746229999999999,1.103429648,0.1525129999999999
1353,-0.0042361788000000004,-0.8545225,1.1114698490000001,0.9163319999999997
1354,-0.0042352188,-0.8746229999999999,1.095389447,2.564573
1355,-0.0042342588,-0.8746229999999999,1.087349246,4.333417
1356,-0.0042332988,-0.8746229999999999,1.087349246,5.459045
1357,-0.004232338800000001,-0.8545225,1.095389447,5.258039999999999
1358,-0.0042313788,-0.8746229999999999,1.087349246,3.931407
1359,-0.0042304188,-0.8746229999999999,1.087349246,1.961558
1360,-0.0042294588000000004,-0.8746229999999999,1.087349246,0.5947239999999998
1361,-0.0042284988,-0.8746229999999999,1.103429648,0.19271400000000005
1362,-0.0042275388,-0.834422,1.1114698490000001,1.1575379999999997
1363,-0.0042265788,-0.8545225,1.103429648,3.0067839999999997
1364,-0.004225618800000001,-0.8746229999999999,1.095389447,4.735427
1365,-0.0042246588,-0.834422,1.095389447,5.459045
1366,-0.0042236988,-0.8545225,1.095389447,5.057035
1367,-0.0042227388000000005,-0.8746229999999999,1.1114698490000001,3.4891959999999997
1368,-0.0042217788,-0.8746229999999999,1.103429648,1.680151
1369,-0.0042208188,-0.834422,1.103429648,0.3535179999999998
1370,-0.0042198588,-0.8545225,1.087349246,0.2731159999999999
1371,-0.004218898800000001,-0.8545225,1.087349246,1.358543
1372,-0.0042179388,-0.8746229999999999,1.095389447,3.167588
1373,-0.0042169788,-0.8746229999999999,1.087349246,4.735427
1374,-0.0042160188000000005,-0.8545225,1.087349246,5.499245999999999
1375,-0.0042150588,-0.8545225,1.087349246,5.057035
1376,-0.0042140988,-0.834422,1.079309045,3.569598
1377,-0.0042131388,-0.8545225,1.087349246,1.840955
1378,-0.004212178800000001,-0.8545225,1.079309045,0.5947239999999998
1379,-0.0042112188,-0.8545225,1.087349246,0.19271400000000005
1380,-0.0042102588,-0.834422,1.095389447,0.996734
1381,-0.0042092988000000005,-0.8545225,1.079309045,2.604774
1382,-0.0042083388,-0.8545225,1.087349246,4.293216
1383,-0.0042073788,-0.834422,1.079309045,5.418844
1384,-0.0042064188,-0.834422,1.079309045,5.378643
1385,-0.004205458800000001,-0.8746229999999999,1.079309045,4.2530149999999995
1386,-0.0042044988,-0.834422,1.087349246,2.564573
1387,-0.0042035388,-0.8746229999999999,1.079309045,0.996734
1388,-0.0042025788000000005,-0.8545225,1.079309045,0.23291499999999976
1389,-0.0042016188,-0.834422,1.087349246,0.5947239999999998
1390,-0.0042006588,-0.834422,1.087349246,1.961558
1391,-0.0041996988,-0.834422,1.071268844,3.690201
1392,-0.004198738800000001,-0.8545225,1.079309045,5.057035
1393,-0.0041977788,-0.8545225,1.079309045,5.539447
1394,-0.0041968188,-0.8746229999999999,1.071268844,4.85603
1395,-0.0041958588000000005,-0.8545225,1.063228643,3.3685929999999997
1396,-0.0041948988,-0.8545225,1.063228643,1.6399499999999998
1397,-0.0041939388,-0.8746229999999999,1.063228643,0.4339200000000001
1398,-0.0041929788,-0.8545225,1.063228643,0.19271400000000005
1399,-0.004192018800000001,-0.8545225,1.071268844,1.117337
1400,-0.0041910588,-0.8545225,1.063228643,2.84598
1401,-0.0041900988,-0.8746229999999999,1.055188442,4.494221
1402,-0.0041891388000000005,-0.8545225,1.063228643,5.418844
1403,-0.0041881788,-0.8746229999999999,1.063228643,5.217839
1404,-0.0041872188,-0.8545225,1.063228643,4.05201
1405,-0.0041862588,-0.8545225,1.063228643,2.202764
1406,-0.0041852988,-0.8545225,1.063228643,0.7957289999999997
1407,-0.0041843388,-0.834422,1.055188442,0.19271400000000005
1408,-0.0041833788,-0.8746229999999999,1.047148241,0.7153269999999998
1409,-0.0041824188000000005,-0.834422,1.063228643,2.242965
1410,-0.0041814588,-0.834422,1.055188442,4.05201
1411,-0.0041804988,-0.8746229999999999,1.063228643,5.298241
1412,-0.0041795388,-0.8545225,1.055188442,5.499245999999999
1413,-0.0041785788,-0.8545225,1.047148241,4.574623
1414,-0.0041776188,-0.834422,1.03910804,2.926382
1415,-0.0041766588,-0.8746229999999999,1.03910804,1.318342
1416,-0.0041756988000000005,-0.834422,1.031067839,0.31331700000000007
1417,-0.0041747388,-0.8746229999999999,1.031067839,0.39371899999999993
1418,-0.0041737788,-0.8746229999999999,1.03910804,1.358543
1419,-0.0041728188,-0.834422,1.031067839,3.087186
1420,-0.0041718588,-0.834422,1.031067839,4.655025
1421,-0.0041708988,-0.834422,1.023027638,5.459045
1422,-0.0041699388,-0.834422,1.031067839,5.258039999999999
1423,-0.0041689788000000005,-0.8545225,1.014987437,4.1324119999999995
1424,-0.0041680188,-0.8545225,1.023027638,2.5243719999999996
1425,-0.0041670588,-0.834422,1.023027638,0.996734
1426,-0.0041660988,-0.8545225,1.023027638,0.23291499999999976
1427,-0.0041651388,-0.834422,1.014987437,0.4741209999999998
1428,-0.0041641788,-0.834422,1.014987437,1.599749
1429,-0.0041632188,-0.834422,1.006947236,3.207789
1430,-0.0041622588000000005,-0.8545225,0.998907035,4.735427
1431,-0.0041612988,-0.8545225,0.998907035,5.499245999999999
1432,-0.0041603388,-0.8545225,0.998907035,5.217839
1433,-0.0041593788,-0.8545225,0.998907035,4.05201
1434,-0.0041584188,-0.8545225,0.998907035,2.2831659999999996
1435,-0.0041574588,-0.834422,0.9828266330000001,0.876131
1436,-0.0041564988,-0.8545225,0.974786432,0.19271400000000005
1437,-0.0041555388000000006,-0.834422,0.966746231,0.5947239999999998
1438,-0.0041545788,-0.8545225,0.966746231,1.840955
1439,-0.0041536188,-0.834422,0.9587060300000001,3.569598
1440,-0.0041526588,-0.8545225,0.9587060300000001,4.936432
1441,-0.0041516988,-0.834422,0.942625628,5.539447
1442,-0.0041507388000000004,-0.834422,0.9506658290000001,5.097236
1443,-0.0041497788,-0.834422,0.934585427,3.7304019999999998
1444,-0.004148818800000001,-0.8143214999999999,0.942625628,2.082161
1445,-0.0041478588,-0.8545225,0.926545226,0.7153269999999998
1446,-0.0041468988,-0.834422,0.926545226,0.23291499999999976
1447,-0.0041459388,-0.8143214999999999,0.918505025,0.634925
1448,-0.0041449788,-0.834422,0.918505025,1.8811559999999998
1449,-0.0041440188000000005,-0.8545225,0.918505025,3.529397
1450,-0.0041430588,-0.8143214999999999,0.894384422,4.85603
1451,-0.004142098800000001,-0.834422,0.8863442210000001,5.539447
1452,-0.0041411388,-0.834422,0.8863442210000001,5.217839
1453,-0.0041401788,-0.834422,0.8783040200000001,4.092211
1454,-0.0041392188,-0.8545225,0.8783040200000001,2.5243719999999996
1455,-0.0041382588,-0.834422,0.862223618,1.0771359999999999
1456,-0.0041372988000000005,-0.834422,0.870263819,0.2731159999999999
1457,-0.0041363388,-0.834422,0.854183417,0.31331700000000007
1458,-0.004135378800000001,-0.834422,0.846143216,1.2781409999999997
1459,-0.0041344188,-0.834422,0.830062814,2.8861809999999997
1460,-0.0041334588,-0.8746229999999999,0.830062814,4.413819
1461,-0.0041324988,-0.834422,0.813982412,5.418844
1462,-0.0041315388,-0.8545225,0.8059422110000001,5.378643
1463,-0.0041305788000000005,-0.834422,0.789861809,4.614824
1464,-0.0041296188,-0.8545225,0.789861809,3.0067839999999997
1465,-0.004128658800000001,-0.834422,0.773781407,1.358543
1466,-0.0041276988,-0.834422,0.757701005,0.3535179999999998
1467,-0.0041267388,-0.834422,0.741620603,0.2731159999999999
1468,-0.0041257788,-0.834422,0.749660804,1.1575379999999997
1469,-0.0041248188,-0.8545225,0.741620603,2.725377
1470,-0.0041238588000000005,-0.834422,0.725540201,4.373618
1471,-0.0041228988,-0.834422,0.7175,5.338442
1472,-0.004121938800000001,-0.8545225,0.6933793970000001,5.539447
1473,-0.0041209788,-0.834422,0.685339196,4.574623
1474,-0.0041200188,-0.834422,0.6612185930000001,3.0067839999999997
1475,-0.0041190588,-0.8143214999999999,0.653178392,1.438945
1476,-0.0041180988,-0.834422,0.63709799,0.4339200000000001
1477,-0.0041171388000000005,-0.834422,0.629057789,0.23291499999999976
1478,-0.0041161788,-0.834422,0.629057789,1.0369349999999997
1479,-0.004115218800000001,-0.8545225,0.604937186,2.5243719999999996
1480,-0.0041142588,-0.834422,0.596896985,4.092211
1481,-0.0041132988,-0.834422,0.5888567840000001,5.177638
1482,-0.0041123388,-0.834422,0.580816583,5.539447
1483,-0.0041113788,-0.834422,0.548655779,5.016834
1484,-0.0041104188000000005,-0.794221,0.548655779,3.7304019999999998
1485,-0.0041094588,-0.8143214999999999,0.540615578,2.1625629999999996
1486,-0.004108498800000001,-0.834422,0.532575377,0.9163319999999997
1487,-0.0041075388,-0.834422,0.524535176,0.19271400000000005
1488,-0.0041065788,-0.8143214999999999,0.508454774,0.4339200000000001
1489,-0.0041056188,-0.834422,0.508454774,1.3987439999999998
1490,-0.0041046588,-0.834422,0.500414573,2.805779
1491,-0.0041036988000000005,-0.834422,0.492374372,4.2530149999999995
1492,-0.0041027388,-0.834422,0.492374372,5.217839
1493,-0.004101778800000001,-0.834422,0.47629397,5.579648
1494,-0.0041008188,-0.8143214999999999,0.484334171,5.016834
1495,-0.0040998588,-0.8143214999999999,0.46825376900000004,3.931407
1496,-0.0040988988,-0.8143214999999999,0.46825376900000004,2.5243719999999996
1497,-0.0040979388,-0.834422,0.46825376900000004,1.1977389999999999
1498,-0.0040969788000000005,-0.8143214999999999,0.452173367,0.3535179999999998
1499,-0.0040960188,-0.834422,0.452173367,0.19271400000000005
1500,-0.004095058800000001,-0.834422,0.452173367,0.7957289999999997
1501,-0.0040940988,-0.834422,0.444133166,1.921357
1502,-0.0040931388,-0.8143214999999999,0.436092965,3.328392
1503,-0.0040921788,-0.834422,0.444133166,4.534422
1504,-0.0040912188,-0.834422,0.444133166,5.378643
1505,-0.0040902588000000005,-0.834422,0.436092965,5.539447
1506,-0.0040892988,-0.8143214999999999,0.42805276400000003,4.85603
1507,-0.004088338800000001,-0.834422,0.42805276400000003,3.690201
1508,-0.0040873788,-0.834422,0.42805276400000003,2.242965
1509,-0.0040864188,-0.834422,0.42805276400000003,1.0369349999999997
1510,-0.0040854588,-0.834422,0.42805276400000003,0.31331700000000007
1511,-0.0040844988,-0.834422,0.436092965,0.31331700000000007
1512,-0.0040835388000000005,-0.834422,0.444133166,0.996734
1513,-0.0040825788,-0.8143214999999999,0.436092965,2.202764
1514,-0.004081618800000001,-0.834422,0.452173367,3.65
1515,-0.0040806588,-0.834422,0.452173367,4.815829
1516,-0.0040796988,-0.8545225,0.444133166,5.499245999999999
1517,-0.0040787388,-0.834422,0.452173367,5.378643
1518,-0.0040777788,-0.834422,0.452173367,4.534422
1519,-0.0040768188,-0.8545225,0.452173367,3.087186
1520,-0.0040758588,-0.834422,0.460213568,1.680151
1521,-0.004074898800000001,-0.8143214999999999,0.46825376900000004,0.514322
1522,-0.0040739388,-0.834422,0.46825376900000004,0.23291499999999976
1523,-0.0040729788,-0.834422,0.47629397,0.6751259999999997
1524,-0.0040720188000000004,-0.8143214999999999,0.492374372,1.8811559999999998
1525,-0.0040710588,-0.834422,0.492374372,3.448995
1526,-0.0040700988,-0.834422,0.500414573,4.735427
1527,-0.0040691388,-0.834422,0.508454774,5.539447
1528,-0.004068178800000001,-0.794221,0.524535176,5.298241
1529,-0.0040672188,-0.834422,0.524535176,4.494221
1530,-0.0040662588,-0.8143214999999999,0.532575377,3.046985
1531,-0.0040652988000000004,-0.8143214999999999,0.540615578,1.6399499999999998
1532,-0.0040643388,-0.834422,0.55669598,0.514322
1533,-0.0040633788,-0.8143214999999999,0.564736181,0.19271400000000005
1534,-0.0040624188,-0.8143214999999999,0.564736181,0.5947239999999998
1535,-0.004061458800000001,-0.8143214999999999,0.580816583,1.7605529999999998
1536,-0.0040604988,-0.8143214999999999,0.596896985,3.087186
1537,-0.0040595388,-0.8143214999999999,0.604937186,4.413819
1538,-0.0040585788000000005,-0.8143214999999999,0.6210175880000001,5.298241
1539,-0.0040576188,-0.8143214999999999,0.6210175880000001,5.499245999999999
1540,-0.0040566588,-0.8143214999999999,0.645138191,5.097236
1541,-0.0040556988,-0.8143214999999999,0.63709799,4.212814
1542,-0.004054738800000001,-0.8143214999999999,0.6612185930000001,2.966583
1543,-0.0040537788,-0.834422,0.669258794,1.7203519999999999
1544,-0.0040528188,-0.8143214999999999,0.677298995,0.6751259999999997
1545,-0.0040518588000000005,-0.8545225,0.6933793970000001,0.1525129999999999
1546,-0.0040508988,-0.8143214999999999,0.709459799,0.31331700000000007
1547,-0.0040499388,-0.8143214999999999,0.725540201,0.9163319999999997
1548,-0.0040489788,-0.794221,0.725540201,2.04196
1549,-0.004048018800000001,-0.8143214999999999,0.741620603,3.207789
1550,-0.0040470588,-0.8143214999999999,0.741620603,4.373618
1551,-0.0040460988,-0.8143214999999999,0.749660804,5.258039999999999
1552,-0.0040451388000000005,-0.8143214999999999,0.757701005,5.579648
1553,-0.0040441788,-0.794221,0.757701005,5.298241
1554,-0.0040432188,-0.7741205,0.773781407,4.614824
1555,-0.0040422588,-0.8143214999999999,0.781821608,3.448995
1556,-0.004041298800000001,-0.834422,0.789861809,2.122362
1557,-0.0040403388,-0.8143214999999999,0.8059422110000001,1.0369349999999997
1558,-0.0040393788,-0.8143214999999999,0.813982412,0.31331700000000007
1559,-0.0040384188000000005,-0.834422,0.830062814,0.19271400000000005
1560,-0.0040374588,-0.8143214999999999,0.830062814,0.755528
1561,-0.0040364988,-0.8143214999999999,0.8381030150000001,1.800754
1562,-0.0040355388,-0.8545225,0.846143216,3.1273869999999997
1563,-0.004034578800000001,-0.8143214999999999,0.846143216,4.494221
1564,-0.0040336188,-0.8143214999999999,0.862223618,5.378643
1565,-0.0040326588,-0.834422,0.870263819,5.579648
1566,-0.0040316988000000005,-0.8143214999999999,0.8783040200000001,5.016834
1567,-0.0040307388,-0.8143214999999999,0.8783040200000001,3.770603
1568,-0.0040297788,-0.794221,0.8863442210000001,2.4037689999999996
1569,-0.0040288188,-0.834422,0.894384422,1.0771359999999999
1570,-0.004027858800000001,-0.834422,0.902424623,0.3535179999999998
1571,-0.0040268988,-0.834422,0.902424623,0.31331700000000007
1572,-0.0040259388,-0.8143214999999999,0.918505025,0.9163319999999997
1573,-0.0040249788000000005,-0.794221,0.934585427,2.1625629999999996
1574,-0.0040240188,-0.8143214999999999,0.934585427,3.690201
1575,-0.0040230588,-0.794221,0.934585427,4.936432
1576,-0.0040220988,-0.794221,0.934585427,5.579648
1577,-0.004021138800000001,-0.794221,0.9587060300000001,5.418844
1578,-0.0040201788,-0.834422,0.966746231,4.413819
1579,-0.0040192188,-0.794221,0.9506658290000001,3.087186
1580,-0.0040182588000000005,-0.794221,0.9587060300000001,1.7203519999999999
1581,-0.0040172988,-0.8143214999999999,0.974786432,0.5947239999999998
1582,-0.0040163388,-0.794221,0.974786432,0.1525129999999999
1583,-0.0040153788,-0.794221,0.966746231,0.514322
1584,-0.0040144188,-0.8143214999999999,0.9828266330000001,1.438945
1585,-0.0040134588,-0.8143214999999999,0.998907035,2.6449749999999996
1586,-0.0040124988,-0.7741205,0.990866834,4.05201
1587,-0.0040115388000000005,-0.794221,0.990866834,5.057035
1588,-0.0040105788,-0.8143214999999999,0.990866834,5.499245999999999
1589,-0.0040096188,-0.834422,0.9828266330000001,5.459045
1590,-0.0040086588,-0.8143214999999999,0.990866834,4.695226
1591,-0.0040076988,-0.8143214999999999,0.990866834,3.6097989999999998
1592,-0.0040067388,-0.8143214999999999,0.990866834,2.323367
1593,-0.0040057788,-0.7741205,0.998907035,1.1977389999999999
1594,-0.0040048188000000005,-0.8143214999999999,1.006947236,0.39371899999999993
1595,-0.0040038588,-0.8143214999999999,1.006947236,0.1525129999999999
1596,-0.0040028988,-0.794221,1.006947236,0.514322
1597,-0.0040019388,-0.8143214999999999,1.006947236,1.23794
1598,-0.0040009788,-0.794221,1.014987437,2.44397
1599,-0.0040000188,-0.794221,1.023027638,3.65
1600,-0.0039990588,-0.8143214999999999,1.023027638,4.655025
1601,-0.0039980988000000005,-0.794221,1.023027638,5.378643
1602,-0.0039971388,-0.8143214999999999,1.031067839,5.579648
1603,-0.0039961788,-0.8143214999999999,1.03910804,5.217839
1604,-0.0039952188,-0.8143214999999999,1.047148241,4.333417
1605,-0.0039942588,-0.794221,1.031067839,3.288191
1606,-0.0039932988,-0.794221,1.047148241,2.082161
1607,-0.0039923388,-0.8143214999999999,1.047148241,0.996734
1608,-0.0039913788000000006,-0.8143214999999999,1.03910804,0.31331700000000007
1609,-0.0039904188,-0.794221,1.03910804,0.19271400000000005
1610,-0.0039894588,-0.7741205,1.03910804,0.5947239999999998
1611,-0.0039884988,-0.794221,1.03910804,1.599749
1612,-0.0039875388,-0.8143214999999999,1.047148241,2.8861809999999997
1613,-0.0039865788000000004,-0.8143214999999999,1.03910804,4.1324119999999995
1614,-0.0039856188,-0.8143214999999999,1.055188442,5.097236
1615,-0.003984658800000001,-0.8143214999999999,1.047148241,5.539447
1616,-0.0039836988,-0.794221,1.047148241,5.378643
1617,-0.0039827388,-0.8143214999999999,1.047148241,4.614824
1618,-0.0039817788,-0.8143214999999999,1.055188442,3.408794
1619,-0.0039808188,-0.794221,1.055188442,2.082161
1620,-0.0039798588000000005,-0.794221,1.055188442,0.9163319999999997
1621,-0.0039788988,-0.794221,1.047148241,0.2731159999999999
1622,-0.003977938800000001,-0.794221,1.047148241,0.23291499999999976
1623,-0.0039769788,-0.8143214999999999,1.055188442,0.876131
1624,-0.0039760188,-0.794221,1.063228643,2.1625629999999996
1625,-0.0039750588,-0.794221,1.071268844,3.4891959999999997
1626,-0.0039740988,-0.8143214999999999,1.063228643,4.695226
1627,-0.0039731388000000005,-0.8143214999999999,1.055188442,5.418844
1628,-0.0039721788,-0.7741205,1.063228643,5.499245999999999
1629,-0.003971218800000001,-0.794221,1.063228643,4.896231
1630,-0.0039702588,-0.794221,1.063228643,3.770603
1631,-0.0039692988,-0.794221,1.071268844,2.363568
1632,-0.0039683388,-0.794221,1.071268844,1.1575379999999997
1633,-0.0039673788,-0.794221,1.079309045,0.4339200000000001
1634,-0.0039664188000000005,-0.794221,1.079309045,0.19271400000000005
1635,-0.0039654588,-0.8143214999999999,1.087349246,0.6751259999999997
1636,-0.003964498800000001,-0.794221,1.087349246,1.6399499999999998
1637,-0.0039635388,-0.794221,1.079309045,2.805779
1638,-0.0039625788,-0.794221,1.079309045,4.172613
1639,-0.0039616188,-0.794221,1.079309045,5.097236
1640,-0.0039606588,-0.7540199999999999,1.087349246,5.499245999999999
1641,-0.0039596988000000005,-0.794221,1.079309045,5.418844
1642,-0.0039587388,-0.7741205,1.079309045,4.775628
1643,-0.003957778800000001,-0.794221,1.087349246,3.7304019999999998
1644,-0.0039568188,-0.794221,1.079309045,2.564573
1645,-0.0039558588,-0.794221,1.087349246,1.3987439999999998
1646,-0.0039548988,-0.7741205,1.087349246,0.5947239999999998
1647,-0.0039539388,-0.7741205,1.087349246,0.19271400000000005
1648,-0.0039529788000000005,-0.7741205,1.087349246,0.31331700000000007
1649,-0.0039520188,-0.7741205,1.087349246,0.876131
1650,-0.003951058800000001,-0.7741205,1.087349246,1.8811559999999998
1651,-0.0039500988,-0.7741205,1.087349246,2.966583
1652,-0.0039491388,-0.794221,1.087349246,4.05201
1653,-0.0039481788,-0.8143214999999999,1.087349246,4.896231
1654,-0.0039472188,-0.794221,1.079309045,5.539447
1655,-0.0039462588000000005,-0.794221,1.095389447,5.579648
1656,-0.0039452988,-0.794221,1.087349246,5.057035
1657,-0.003944338800000001,-0.7741205,1.095389447,4.172613
1658,-0.0039433788,-0.8143214999999999,1.079309045,3.087186
1659,-0.0039424188,-0.8143214999999999,1.095389447,1.961558
1660,-0.0039414588,-0.794221,1.095389447,0.996734
1661,-0.0039404988,-0.7741205,1.095389447,0.31331700000000007
1662,-0.0039395388000000005,-0.794221,1.095389447,0.19271400000000005
1663,-0.0039385788,-0.794221,1.1114698490000001,0.5545229999999997
1664,-0.003937618800000001,-0.7741205,1.095389447,1.358543
1665,-0.0039366588,-0.794221,1.103429648,2.44397
1666,-0.0039356988,-0.794221,1.103429648,3.65
1667,-0.0039347388,-0.7741205,1.1114698490000001,4.655025
1668,-0.0039337788,-0.794221,1.095389447,5.378643
1669,-0.0039328188000000005,-0.794221,1.095389447,5.579648
1670,-0.0039318588,-0.794221,1.103429648,5.217839
1671,-0.003930898800000001,-0.794221,1.095389447,4.373618
1672,-0.0039299388,-0.7741205,1.095389447,3.288191
1673,-0.0039289788,-0.7741205,1.095389447,2.082161
1674,-0.0039280188,-0.794221,1.087349246,0.996734
1675,-0.0039270588,-0.794221,1.095389447,0.2731159999999999
1676,-0.0039260988000000005,-0.794221,1.095389447,0.23291499999999976
1677,-0.0039251388,-0.8143214999999999,1.095389447,0.634925
1678,-0.003924178800000001,-0.794221,1.095389447,1.438945
1679,-0.0039232188,-0.794221,1.087349246,2.6449749999999996
1680,-0.0039222588,-0.7741205,1.095389447,3.851005
1681,-0.0039212988,-0.794221,1.095389447,4.85603
1682,-0.0039203388,-0.794221,1.103429648,5.499245999999999
1683,-0.0039193788000000005,-0.7741205,1.103429648,5.579648
1684,-0.0039184188,-0.7540199999999999,1.1114698490000001,5.057035
1685,-0.003917458800000001,-0.794221,1.103429648,4.1324119999999995
1686,-0.0039164988,-0.794221,1.103429648,3.046985
1687,-0.0039155388,-0.794221,1.103429648,1.840955
1688,-0.0039145788,-0.794221,1.103429648,0.8359299999999998
1689,-0.0039136188,-0.794221,1.1114698490000001,0.31331700000000007
1690,-0.0039126588000000006,-0.794221,1.1114698490000001,0.23291499999999976
1691,-0.0039116988,-0.794221,1.103429648,0.634925
1692,-0.003910738800000001,-0.794221,1.103429648,1.559548
1693,-0.0039097788,-0.8143214999999999,1.103429648,2.725377
1694,-0.0039088188,-0.7741205,1.1195100500000001,3.891206
1695,-0.0039078588000000004,-0.794221,1.1195100500000001,4.85603
1696,-0.0039068988,-0.794221,1.1114698490000001,5.499245999999999
1697,-0.0039059388,-0.7741205,1.1114698490000001,5.539447
1698,-0.0039049788,-0.794221,1.103429648,5.177638
1699,-0.0039040188000000003,-0.7741205,1.1195100500000001,4.373618
1700,-0.0039030588000000003,-0.7741205,1.1114698490000001,3.207789
1701,-0.0039020988,-0.794221,1.1114698490000001,2.082161
1702,-0.0039011388000000004,-0.7741205,1.103429648,1.0369349999999997
1703,-0.0039001788,-0.7741205,1.1195100500000001,0.39371899999999993
1704,-0.0038992188,-0.8143214999999999,1.1114698490000001,0.23291499999999976
1705,-0.0038982588,-0.794221,1.103429648,0.4339200000000001
1706,-0.0038972988000000003,-0.7741205,1.103429648,1.117337
1707,-0.0038963388000000003,-0.8143214999999999,1.1114698490000001,2.04196
1708,-0.0038953788,-0.7741205,1.1114698490000001,3.167588
1709,-0.0038944188000000005,-0.7741205,1.1114698490000001,4.2530149999999995
1710,-0.0038934588,-0.7741205,1.1114698490000001,5.057035
1711,-0.0038924988,-0.7540199999999999,1.1114698490000001,5.539447
1712,-0.0038915388,-0.794221,1.1114698490000001,5.539447
1713,-0.0038905788000000003,-0.7741205,1.1195100500000001,5.177638
1714,-0.0038896188000000003,-0.7741205,1.1114698490000001,4.494221
1715,-0.0038886588,-0.7741205,1.103429648,3.4891959999999997
1716,-0.0038876988000000005,-0.7540199999999999,1.103429648,2.4037689999999996
1717,-0.0038867388,-0.794221,1.1195100500000001,1.3987439999999998
1718,-0.0038857788,-0.794221,1.1195100500000001,0.7153269999999998
1719,-0.0038848188000000002,-0.7741205,1.1195100500000001,0.19271400000000005
1720,-0.0038838588000000003,-0.7540199999999999,1.1195100500000001,0.19271400000000005
1721,-0.0038828988000000004,-0.7741205,1.1114698490000001,0.5947239999999998
1722,-0.0038819388,-0.794221,1.1195100500000001,1.358543
1723,-0.0038809788000000005,-0.7741205,1.1114698490000001,2.323367
1724,-0.0038800188,-0.7741205,1.1195100500000001,3.448995
1725,-0.0038790588,-0.7741205,1.1195100500000001,4.413819
1726,-0.0038780988000000002,-0.7540199999999999,1.1195100500000001,5.258039999999999
1727,-0.0038771388000000003,-0.7741205,1.1195100500000001,5.619849
1728,-0.0038761788000000004,-0.794221,1.1195100500000001,5.378643
1729,-0.0038752188,-0.7540199999999999,1.1195100500000001,4.815829
1730,-0.0038742588000000005,-0.7741205,1.1195100500000001,3.770603
1731,-0.0038732988,-0.7741205,1.135590452,2.564573
1732,-0.0038723388,-0.7741205,1.1195100500000001,1.438945
1733,-0.0038713788000000002,-0.7741205,1.1195100500000001,0.5947239999999998
1734,-0.0038704188000000003,-0.7741205,1.1275502510000002,0.19271400000000005
1735,-0.0038694588000000004,-0.7540199999999999,1.1195100500000001,0.31331700000000007
1736,-0.0038684988,-0.794221,1.1114698490000001,1.0369349999999997
1737,-0.0038675388000000005,-0.794221,1.1195100500000001,2.122362
1738,-0.0038665788,-0.7741205,1.1114698490000001,3.328392
1739,-0.0038656188,-0.7741205,1.1195100500000001,4.45402
1740,-0.0038646588000000003,-0.7540199999999999,1.1114698490000001,5.298241
1741,-0.0038636988000000003,-0.7741205,1.1195100500000001,5.619849
1742,-0.0038627388000000004,-0.8143214999999999,1.1195100500000001,5.217839
1743,-0.0038617788,-0.7741205,1.1275502510000002,4.534422
1744,-0.0038608188000000005,-0.7741205,1.1195100500000001,3.288191
1745,-0.0038598588,-0.794221,1.1195100500000001,2.082161
1746,-0.0038588988,-0.7540199999999999,1.1195100500000001,0.996734
1747,-0.0038579388000000003,-0.7540199999999999,1.1275502510000002,0.31331700000000007
1748,-0.0038569788000000003,-0.7741205,1.1195100500000001,0.23291499999999976
1749,-0.0038560188000000004,-0.794221,1.1195100500000001,0.5545229999999997
1750,-0.0038550588,-0.794221,1.1195100500000001,1.358543
1751,-0.0038540988000000005,-0.7540199999999999,1.1275502510000002,2.363568
1752,-0.0038531388,-0.7741205,1.1275502510000002,3.529397
1753,-0.0038521788,-0.7741205,1.1195100500000001,4.574623
1754,-0.0038512188000000003,-0.794221,1.135590452,5.298241
1755,-0.0038502588000000003,-0.7540199999999999,1.1275502510000002,5.579648
1756,-0.0038492988000000004,-0.794221,1.135590452,5.418844
1757,-0.0038483388,-0.7741205,1.1195100500000001,4.896231
1758,-0.0038473788000000005,-0.7540199999999999,1.1275502510000002,3.931407
1759,-0.0038464188,-0.7741205,1.135590452,2.926382
1760,-0.0038454588000000002,-0.7540199999999999,1.135590452,1.800754
1761,-0.0038444988000000003,-0.7741205,1.1195100500000001,0.9163319999999997
1762,-0.0038435388000000003,-0.794221,1.135590452,0.39371899999999993
1763,-0.0038425788000000004,-0.7741205,1.1275502510000002,0.1525129999999999
1764,-0.0038416188,-0.7540199999999999,1.135590452,0.39371899999999993
1765,-0.0038406588000000005,-0.7540199999999999,1.1275502510000002,0.996734
1766,-0.0038396988,-0.7741205,1.1275502510000002,1.800754
1767,-0.0038387388000000002,-0.7540199999999999,1.1275502510000002,2.926382
1768,-0.0038377788000000003,-0.7540199999999999,1.1275502510000002,3.931407
1769,-0.0038368188,-0.7741205,1.1275502510000002,4.775628
1770,-0.0038358588000000004,-0.7741205,1.1275502510000002,5.418844
1771,-0.0038348988,-0.794221,1.1195100500000001,5.579648
1772,-0.0038339388000000005,-0.7741205,1.1275502510000002,5.418844
1773,-0.0038329788,-0.7540199999999999,1.1195100500000001,4.695226
1774,-0.0038320188000000002,-0.7741205,1.1195100500000001,3.770603
1775,-0.0038310588000000003,-0.7741205,1.1195100500000001,2.564573
1776,-0.0038300988,-0.7540199999999999,1.1275502510000002,1.599749
1777,-0.0038291388000000004,-0.7741205,1.1195100500000001,0.7153269999999998
1778,-0.0038281788,-0.7540199999999999,1.1195100500000001,0.23291499999999976
1779,-0.0038272188000000006,-0.7339195,1.1275502510000002,0.23291499999999976
1780,-0.0038262588,-0.7741205,1.1275502510000002,0.755528
1781,-0.0038252988000000003,-0.7540199999999999,1.1195100500000001,1.7203519999999999
1782,-0.0038243388000000003,-0.7741205,1.1275502510000002,2.8861809999999997
1783,-0.0038233788,-0.7741205,1.1195100500000001,4.05201
1784,-0.0038224188000000004,-0.794221,1.1195100500000001,5.016834
1785,-0.0038214588,-0.794221,1.1275502510000002,5.539447
1786,-0.0038204988000000006,-0.794221,1.1195100500000001,5.539447
1787,-0.0038195388,-0.7339195,1.1195100500000001,4.936432
1788,-0.0038185788000000003,-0.7741205,1.135590452,3.931407
1789,-0.0038176188000000003,-0.7540199999999999,1.1195100500000001,2.685176
1790,-0.0038166588,-0.7741205,1.1195100500000001,1.5193469999999998
1791,-0.0038156988000000005,-0.7741205,1.1275502510000002,0.5947239999999998
1792,-0.0038147388,-0.7540199999999999,1.135590452,0.1525129999999999
1793,-0.0038137788,-0.7741205,1.1275502510000002,0.31331700000000007
1794,-0.0038128188,-0.7741205,1.1275502510000002,0.9565329999999999
1795,-0.0038118588000000003,-0.7339195,1.135590452,2.04196
1796,-0.0038108988000000003,-0.7540199999999999,1.1275502510000002,3.2479899999999997
1797,-0.0038099388,-0.7339195,1.135590452,4.333417
1798,-0.0038089788000000005,-0.7339195,1.135590452,5.217839
1799,-0.0038080188,-0.7540199999999999,1.1195100500000001,5.499245999999999
1800,-0.0038070588,-0.7741205,1.135590452,5.459045
1801,-0.0038060988000000002,-0.7540199999999999,1.1195100500000001,4.815829
1802,-0.0038051388000000003,-0.7540199999999999,1.1195100500000001,3.810804
1803,-0.0038041788000000003,-0.7741205,1.1275502510000002,2.6449749999999996
1804,-0.0038032188,-0.7540199999999999,1.1195100500000001,1.559548
1805,-0.0038022588000000005,-0.7540199999999999,1.1195100500000001,0.6751259999999997
1806,-0.0038012988,-0.7540199999999999,1.1275502510000002,0.19271400000000005
1807,-0.0038003388,-0.7540199999999999,1.1195100500000001,0.2731159999999999
1808,-0.0037993788000000002,-0.7741205,1.1195100500000001,0.6751259999999997
1809,-0.0037984188000000003,-0.794221,1.1195100500000001,1.5193469999999998
1810,-0.0037974588000000004,-0.7540199999999999,1.1275502510000002,2.6449749999999996
1811,-0.0037964988,-0.7540199999999999,1.1275502510000002,3.7304019999999998
1812,-0.0037955388000000005,-0.7540199999999999,1.1275502510000002,4.655025
1813,-0.0037945788,-0.7540199999999999,1.135590452,5.338442
1814,-0.0037936188,-0.7339195,1.135590452,5.579648
1815,-0.0037926588000000002,-0.7540199999999999,1.1275502510000002,5.499245999999999
1816,-0.0037916988000000003,-0.7540199999999999,1.1275502510000002,4.85603
1817,-0.0037907388000000004,-0.7339195,1.135590452,4.092211
1818,-0.0037897788,-0.7540199999999999,1.135590452,3.0067839999999997
1819,-0.0037888188000000005,-0.7741205,1.135590452,1.961558
1820,-0.0037878588,-0.7540199999999999,1.143630653,1.0771359999999999
1821,-0.0037868988,-0.7540199999999999,1.143630653,0.4339200000000001
1822,-0.0037859388000000002,-0.794221,1.1275502510000002,0.1525129999999999
1823,-0.0037849788000000003,-0.7540199999999999,1.1195100500000001,0.3535179999999998
1824,-0.0037840188000000004,-0.7540199999999999,1.135590452,0.9565329999999999
1825,-0.0037830588,-0.7741205,1.1275502510000002,1.840955
1826,-0.0037820988000000005,-0.7540199999999999,1.135590452,3.0067839999999997
1827,-0.0037811388,-0.7540199999999999,1.135590452,4.092211
1828,-0.0037801788,-0.7540199999999999,1.1275502510000002,5.016834
1829,-0.0037792188000000003,-0.7540199999999999,1.135590452,5.579648
1830,-0.0037782588000000003,-0.7540199999999999,1.135590452,5.579648
1831,-0.0037772988000000004,-0.7540199999999999,1.1195100500000001,5.137437
1832,-0.0037763388,-0.7540199999999999,1.135590452,4.172613
1833,-0.0037753788000000005,-0.7540199999999999,1.1275502510000002,3.046985
1834,-0.0037744188,-0.7741205,1.1275502510000002,1.8811559999999998
1835,-0.0037734588,-0.7339195,1.1195100500000001,0.9565329999999999
1836,-0.0037724988000000003,-0.7339195,1.1275502510000002,0.31331700000000007
1837,-0.0037715388000000003,-0.7540199999999999,1.1275502510000002,0.1525129999999999
1838,-0.0037705788000000004,-0.7540199999999999,1.1275502510000002,0.5545229999999997
1839,-0.0037696188,-0.7540199999999999,1.1275502510000002,1.3987439999999998
1840,-0.0037686588000000005,-0.7339195,1.1275502510000002,2.564573
1841,-0.0037676988,-0.7540199999999999,1.135590452,3.690201
1842,-0.0037667388,-0.7540199999999999,1.1195100500000001,4.775628
1843,-0.0037657788000000003,-0.7540199999999999,1.1195100500000001,5.418844
1844,-0.0037648188000000003,-0.7741205,1.135590452,5.579648
1845,-0.0037638588000000004,-0.7540199999999999,1.1275502510000002,5.217839
1846,-0.0037628988,-0.7339195,1.135590452,4.293216
1847,-0.0037619388000000005,-0.7339195,1.1275502510000002,3.167588
1848,-0.0037609788,-0.7540199999999999,1.135590452,2.04196
1849,-0.0037600188000000002,-0.713819,1.135590452,0.9163319999999997
1850,-0.0037590588000000003,-0.7540199999999999,1.143630653,0.3535179999999998
1851,-0.0037580988000000004,-0.7339195,1.143630653,0.19271400000000005
1852,-0.0037571388000000004,-0.7339195,1.143630653,0.634925
1853,-0.0037561788,-0.7540199999999999,1.135590452,1.599749
1854,-0.0037552188000000005,-0.7339195,1.1275502510000002,2.725377
1855,-0.0037542588,-0.7540199999999999,1.1275502510000002,4.05201
1856,-0.0037532988000000002,-0.7540199999999999,1.143630653,4.936432
1857,-0.0037523388000000003,-0.7339195,1.135590452,5.579648
1858,-0.0037513788,-0.7339195,1.143630653,5.539447
1859,-0.0037504188000000004,-0.7339195,1.1275502510000002,4.976633
1860,-0.0037494588,-0.7540199999999999,1.1275502510000002,3.891206
1861,-0.0037484988000000006,-0.7540199999999999,1.1275502510000002,2.725377
1862,-0.0037475388,-0.7540199999999999,1.135590452,1.5193469999999998
1863,-0.0037465788000000002,-0.7540199999999999,1.143630653,0.634925
1864,-0.0037456188000000003,-0.7540199999999999,1.135590452,0.19271400000000005
1865,-0.0037446588,-0.7339195,1.135590452,0.3535179999999998
1866,-0.0037436988000000004,-0.7540199999999999,1.1275502510000002,0.996734
1867,-0.0037427388,-0.7540199999999999,1.1275502510000002,2.001759
1868,-0.0037417788000000006,-0.713819,1.1275502510000002,3.288191
1869,-0.0037408188,-0.7339195,1.143630653,4.373618
1870,-0.0037398588000000003,-0.7339195,1.135590452,5.258039999999999
1871,-0.0037388988000000003,-0.7540199999999999,1.1275502510000002,5.539447
1872,-0.0037379388,-0.7540199999999999,1.1275502510000002,5.378643
1873,-0.0037369788000000004,-0.7339195,1.1275502510000002,4.775628
1874,-0.0037360188,-0.7339195,1.1195100500000001,3.810804
1875,-0.0037350588000000006,-0.7339195,1.1275502510000002,2.604774
1876,-0.0037340988,-0.7339195,1.1275502510000002,1.5193469999999998
1877,-0.0037331388000000003,-0.7339195,1.143630653,0.6751259999999997
1878,-0.0037321788000000003,-0.7540199999999999,1.143630653,0.23291499999999976
1879,-0.0037312188,-0.7339195,1.135590452,0.31331700000000007
1880,-0.0037302588000000005,-0.7339195,1.151670854,0.8359299999999998
1881,-0.0037292988,-0.7339195,1.135590452,1.840955
1882,-0.0037283388,-0.7339195,1.135590452,2.966583
1883,-0.0037273788,-0.6937185,1.1275502510000002,4.1324119999999995
1884,-0.0037264188000000003,-0.7540199999999999,1.151670854,5.177638
1885,-0.0037254588000000003,-0.7540199999999999,1.143630653,5.579648
1886,-0.0037244988,-0.7339195,1.135590452,5.499245999999999
1887,-0.0037235388000000005,-0.7339195,1.1275502510000002,4.815829
1888,-0.0037225788,-0.7339195,1.143630653,3.851005
1889,-0.0037216188,-0.7540199999999999,1.135590452,2.5243719999999996
1890,-0.0037206588000000002,-0.7540199999999999,1.135590452,1.358543
1891,-0.0037196988000000003,-0.7339195,1.1275502510000002,0.4339200000000001
1892,-0.0037187388000000004,-0.7339195,1.135590452,0.1525129999999999
1893,-0.0037177788,-0.7540199999999999,1.135590452,0.514322
1894,-0.0037168188000000005,-0.7540199999999999,1.135590452,1.438945
1895,-0.0037158588,-0.7339195,1.1275502510000002,2.6449749999999996
1896,-0.0037148988,-0.713819,1.135590452,4.05201
1897,-0.0037139388000000002,-0.7339195,1.135590452,5.097236
1898,-0.0037129788000000003,-0.6937185,1.135590452,5.579648
1899,-0.0037120188000000004,-0.7339195,1.135590452,5.338442
1900,-0.0037110588,-0.7540199999999999,1.135590452,4.534422
1901,-0.0037100988000000005,-0.7540199999999999,1.1275502510000002,3.207789
1902,-0.0037091388,-0.713819,1.143630653,1.800754
1903,-0.0037081788,-0.7339195,1.135590452,0.7153269999999998
1904,-0.0037072188000000002,-0.7339195,1.143630653,0.19271400000000005
1905,-0.0037062588000000003,-0.7339195,1.135590452,0.3535179999999998
1906,-0.0037052988000000004,-0.7339195,1.151670854,1.2781409999999997
1907,-0.0037043388,-0.7339195,1.143630653,2.604774
1908,-0.0037033788000000005,-0.7339195,1.135590452,3.891206
1909,-0.0037024188,-0.6937185,1.143630653,5.057035
1910,-0.0037014588,-0.713819,1.1275502510000002,5.539447
1911,-0.0037004988000000003,-0.7339195,1.135590452,5.378643
1912,-0.0036995388000000003,-0.7540199999999999,1.135590452,4.775628
1913,-0.0036985788000000004,-0.7339195,1.135590452,3.569598
1914,-0.0036976188,-0.7339195,1.143630653,2.2831659999999996
1915,-0.0036966588000000005,-0.7339195,1.135590452,1.1575379999999997
1916,-0.0036956988,-0.7339195,1.135590452,0.4339200000000001
1917,-0.0036947388,-0.7339195,1.143630653,0.1525129999999999
1918,-0.0036937788000000003,-0.713819,1.143630653,0.514322
1919,-0.0036928188000000003,-0.7339195,1.143630653,1.3987439999999998
1920,-0.0036918588000000004,-0.7540199999999999,1.143630653,2.564573
1921,-0.0036908988,-0.713819,1.135590452,3.810804
1922,-0.0036899388000000005,-0.7339195,1.143630653,4.85603
1923,-0.0036889788,-0.7339195,1.1275502510000002,5.499245999999999
1924,-0.0036880188,-0.7540199999999999,1.1275502510000002,5.619849
1925,-0.0036870588000000003,-0.713819,1.135590452,5.057035
1926,-0.0036860988000000003,-0.713819,1.1275502510000002,4.172613
1927,-0.0036851388000000004,-0.7339195,1.135590452,3.0067839999999997
1928,-0.0036841788,-0.713819,1.143630653,1.7605529999999998
1929,-0.0036832188000000005,-0.7339195,1.135590452,0.755528
1930,-0.0036822588,-0.7339195,1.1275502510000002,0.23291499999999976
1931,-0.0036812988000000002,-0.713819,1.143630653,0.2731159999999999
1932,-0.0036803388000000003,-0.7339195,1.135590452,0.7957289999999997
1933,-0.0036793788000000003,-0.713819,1.143630653,1.7203519999999999
1934,-0.0036784188000000004,-0.713819,1.143630653,3.0067839999999997
1935,-0.0036774588,-0.7540199999999999,1.135590452,4.212814
1936,-0.0036764988000000005,-0.713819,1.143630653,5.217839
1937,-0.0036755388,-0.713819,1.143630653,5.619849
1938,-0.0036745788000000002,-0.7339195,1.135590452,5.378643
1939,-0.0036736188000000003,-0.713819,1.143630653,4.574623
1940,-0.0036726588000000004,-0.713819,1.143630653,3.408794
1941,-0.0036716988000000004,-0.6937185,1.143630653,2.001759
1942,-0.0036707388,-0.713819,1.151670854,0.876131
1943,-0.0036697788000000005,-0.7540199999999999,1.143630653,0.31331700000000007
1944,-0.0036688188,-0.713819,1.143630653,0.2731159999999999
1945,-0.0036678588000000002,-0.7339195,1.151670854,0.876131
1946,-0.0036668988000000003,-0.713819,1.135590452,1.961558
1947,-0.0036659388,-0.713819,1.143630653,3.408794
1948,-0.0036649788000000004,-0.713819,1.143630653,4.614824
1949,-0.0036640188,-0.713819,1.143630653,5.418844
1950,-0.0036630588000000006,-0.713819,1.135590452,5.579648
1951,-0.0036620988,-0.713819,1.135590452,5.057035
1952,-0.0036611388000000003,-0.7339195,1.143630653,3.851005
1953,-0.0036601788000000003,-0.6937185,1.135590452,2.5243719999999996
1954,-0.0036592188,-0.7339195,1.135590452,1.1977389999999999
1955,-0.0036582588000000004,-0.6937185,1.135590452,0.31331700000000007
1956,-0.0036572988,-0.7339195,1.1275502510000002,0.19271400000000005
1957,-0.0036563388000000006,-0.7540199999999999,1.135590452,0.8359299999999998
1958,-0.0036553788,-0.6937185,1.1275502510000002,2.001759
1959,-0.0036544188000000003,-0.713819,1.135590452,3.4891959999999997
1960,-0.0036534588000000003,-0.7339195,1.143630653,4.695226
1961,-0.0036524988,-0.7339195,1.143630653,5.499245999999999
1962,-0.0036515388000000005,-0.6937185,1.143630653,5.539447
1963,-0.0036505788,-0.713819,1.151670854,4.85603
1964,-0.0036496188000000006,-0.7339195,1.151670854,3.690201
1965,-0.0036486588,-0.713819,1.151670854,2.242965
1966,-0.0036476988000000003,-0.7339195,1.151670854,1.0771359999999999
1967,-0.0036467388000000003,-0.7339195,1.143630653,0.31331700000000007
1968,-0.0036457788,-0.6937185,1.151670854,0.19271400000000005
1969,-0.0036448188000000005,-0.713819,1.143630653,0.7957289999999997
1970,-0.0036438588,-0.713819,1.143630653,1.840955
1971,-0.0036428988,-0.7339195,1.143630653,3.207789
1972,-0.0036419388000000002,-0.713819,1.135590452,4.413819
1973,-0.0036409788000000003,-0.713819,1.1275502510000002,5.258039999999999
1974,-0.0036400188000000003,-0.7339195,1.135590452,5.619849
1975,-0.0036390588,-0.713819,1.135590452,5.338442
1976,-0.0036380988000000005,-0.713819,1.151670854,4.614824
1977,-0.0036371388,-0.713819,1.135590452,3.4891959999999997
1978,-0.0036361788,-0.7339195,1.143630653,2.242965
1979,-0.0036352188000000002,-0.713819,1.143630653,1.1977389999999999
1980,-0.0036342588000000003,-0.7339195,1.135590452,0.4339200000000001
1981,-0.0036332988000000004,-0.713819,1.151670854,0.19271400000000005
1982,-0.0036323388,-0.713819,1.143630653,0.4741209999999998
1983,-0.0036313788000000005,-0.7339195,1.135590452,1.358543
1984,-0.0036304188,-0.7339195,1.135590452,2.604774
1985,-0.0036294588,-0.6937185,1.135590452,3.931407
1986,-0.0036284988000000002,-0.713819,1.1275502510000002,4.936432
1987,-0.0036275388000000003,-0.6937185,1.1275502510000002,5.499245999999999
1988,-0.0036265788000000004,-0.713819,1.143630653,5.539447
1989,-0.0036256188,-0.713819,1.135590452,4.815829
1990,-0.0036246588000000005,-0.7339195,1.143630653,3.65
1991,-0.0036236988,-0.713819,1.151670854,2.363568
1992,-0.0036227388,-0.713819,1.143630653,1.117337
1993,-0.0036217788000000002,-0.6937185,1.159711055,0.3535179999999998
1994,-0.0036208188000000003,-0.713819,1.143630653,0.23291499999999976
1995,-0.0036198588000000004,-0.713819,1.151670854,0.876131
1996,-0.0036188988,-0.6937185,1.151670854,2.082161
1997,-0.0036179388000000005,-0.713819,1.135590452,3.65
1998,-0.0036169788,-0.7339195,1.143630653,4.896231
1999,-0.0036160188,-0.713819,1.143630653,5.619849
2000,-0.0036150588000000003,-0.713819,1.143630653,5.378643
2001,-0.0036140988000000003,-0.713819,1.135590452,4.494221
2002,-0.0036131388000000004,-0.713819,1.143630653,2.8861809999999997
2003,-0.0036121788,-0.713819,1.135590452,1.479146
2004,-0.0036112188000000005,-0.713819,1.151670854,0.4339200000000001
2005,-0.0036102588,-0.7339195,1.143630653,0.23291499999999976
2006,-0.0036092988,-0.713819,1.135590452,0.7957289999999997
2007,-0.0036083388000000003,-0.6937185,1.135590452,2.04196
2008,-0.0036073788000000003,-0.713819,1.151670854,3.529397
2009,-0.0036064188000000004,-0.713819,1.1195100500000001,4.85603
2010,-0.0036054588,-0.713819,1.135590452,5.579648
2011,-0.0036044988000000005,-0.713819,1.143630653,5.418844
2012,-0.0036035388,-0.713819,1.143630653,4.614824
2013,-0.0036025788,-0.6937185,1.135590452,3.207789
2014,-0.0036016188000000003,-0.7339195,1.143630653,1.7203519999999999
2015,-0.0036006588000000003,-0.713819,1.151670854,0.6751259999999997
2016,-0.0035996988000000004,-0.6937185,1.143630653,0.19271400000000005
2017,-0.0035987388,-0.713819,1.143630653,0.4339200000000001
2018,-0.0035977788000000005,-0.713819,1.151670854,1.438945
2019,-0.0035968188,-0.713819,1.143630653,2.84598
2020,-0.0035958588000000002,-0.6937185,1.143630653,4.172613
2021,-0.0035948988000000003,-0.6937185,1.151670854,5.177638
2022,-0.0035939388000000004,-0.6937185,1.143630653,5.579648
2023,-0.0035929788000000004,-0.6937185,1.143630653,5.298241
2024,-0.0035920188,-0.713819,1.143630653,4.333417
2025,-0.0035910588000000005,-0.6937185,1.143630653,2.8861809999999997
2026,-0.0035900988,-0.7339195,1.135590452,1.599749
2027,-0.0035891388000000002,-0.6937185,1.143630653,0.5947239999999998
2028,-0.0035881788000000003,-0.713819,1.135590452,0.23291499999999976
2029,-0.0035872188000000004,-0.6937185,1.135590452,0.514322
2030,-0.0035862588000000004,-0.713819,1.143630653,1.559548
2031,-0.0035852988,-0.6937185,1.143630653,2.966583
2032,-0.0035843388000000006,-0.6937185,1.135590452,4.333417
2033,-0.0035833788,-0.713819,1.143630653,5.298241
2034,-0.0035824188000000002,-0.713819,1.1275502510000002,5.619849
2035,-0.0035814588000000003,-0.6937185,1.143630653,5.097236
2036,-0.0035804988000000004,-0.6937185,1.143630653,3.971608
2037,-0.0035795388000000004,-0.6937185,1.143630653,2.564573
2038,-0.0035785788,-0.713819,1.151670854,1.1575379999999997
2039,-0.0035776188,-0.6937185,1.143630653,0.31331700000000007
2040,-0.0035766588,-0.713819,1.135590452,0.23291499999999976
2041,-0.0035756988000000003,-0.713819,1.143630653,0.8359299999999998
2042,-0.0035747388000000003,-0.6937185,1.143630653,2.122362
2043,-0.0035737788000000004,-0.713819,1.143630653,3.65
2044,-0.0035728188000000004,-0.713819,1.151670854,4.815829
2045,-0.0035718588,-0.6937185,1.159711055,5.579648
2046,-0.0035708988,-0.6736179999999999,1.143630653,5.499245999999999
2047,-0.0035699388,-0.6937185,1.143630653,4.614824
2048,-0.0035689788000000003,-0.713819,1.159711055,3.207789
2049,-0.0035680188000000003,-0.6736179999999999,1.159711055,1.7605529999999998
2050,-0.0035670588000000004,-0.6937185,1.151670854,0.5947239999999998
2051,-0.0035660988000000005,-0.6937185,1.135590452,0.1525129999999999
2052,-0.0035651388,-0.713819,1.143630653,0.6751259999999997
2053,-0.0035641788,-0.6937185,1.135590452,1.800754
2054,-0.0035632188,-0.6937185,1.135590452,3.3685929999999997
2055,-0.0035622588000000003,-0.6937185,1.135590452,4.695226
2056,-0.0035612988000000003,-0.6937185,1.151670854,5.539447
2057,-0.0035603388000000004,-0.6937185,1.143630653,5.378643
2058,-0.0035593788000000005,-0.6937185,1.135590452,4.45402
2059,-0.0035584188,-0.713819,1.143630653,2.926382
2060,-0.0035574588,-0.713819,1.159711055,1.438945
2061,-0.0035564988000000002,-0.7339195,1.135590452,0.3535179999999998
2062,-0.0035555388000000003,-0.6937185,1.143630653,0.23291499999999976
2063,-0.0035545788000000004,-0.713819,1.135590452,0.996734
2064,-0.0035536188000000004,-0.6937185,1.143630653,2.484171
2065,-0.0035526588000000005,-0.6736179999999999,1.159711055,4.0118089999999995
2066,-0.0035516988,-0.713819,1.135590452,5.258039999999999
2067,-0.0035507388,-0.6736179999999999,1.143630653,5.579648
2068,-0.0035497788000000002,-0.713819,1.151670854,4.936432
2069,-0.0035488188000000003,-0.6736179999999999,1.151670854,3.6097989999999998
2070,-0.0035478588000000004,-0.713819,1.143630653,2.001759
2071,-0.0035468988000000004,-0.6736179999999999,1.143630653,0.7153269999999998
2072,-0.0035459388,-0.6937185,1.151670854,0.1525129999999999
2073,-0.0035449788,-0.6937185,1.135590452,0.4741209999999998
2074,-0.0035440188,-0.6937185,1.135590452,1.559548
2075,-0.0035430588000000002,-0.6736179999999999,1.151670854,3.046985
2076,-0.0035420988000000003,-0.6736179999999999,1.143630653,4.45402
2077,-0.0035411388000000004,-0.6937185,1.135590452,5.418844
2078,-0.0035401788000000004,-0.6937185,1.135590452,5.579648
2079,-0.0035392188,-0.6937185,1.143630653,4.85603
2080,-0.0035382588,-0.6937185,1.1275502510000002,3.690201
2081,-0.0035372988,-0.6937185,1.143630653,2.122362
2082,-0.0035363388000000003,-0.6736179999999999,1.151670854,0.8359299999999998
2083,-0.0035353788000000003,-0.6937185,1.143630653,0.19271400000000005
2084,-0.0035344188000000004,-0.713819,1.143630653,0.39371899999999993
2085,-0.0035334588000000004,-0.6736179999999999,1.135590452,1.2781409999999997
2086,-0.0035324988,-0.6535175,1.151670854,2.7655779999999996
2087,-0.0035315388,-0.6736179999999999,1.143630653,4.212814
2088,-0.0035305788,-0.6736179999999999,1.151670854,5.298241
2089,-0.0035296188000000003,-0.6535175,1.151670854,5.579648
2090,-0.0035286588000000003,-0.6937185,1.143630653,5.097236
2091,-0.0035276988000000004,-0.6937185,1.151670854,3.931407
2092,-0.0035267388000000005,-0.6937185,1.151670854,2.484171
2093,-0.0035257788,-0.6937185,1.143630653,1.0771359999999999
2094,-0.0035248188,-0.6736179999999999,1.151670854,0.31331700000000007
2095,-0.0035238588,-0.6937185,1.143630653,0.31331700000000007
2096,-0.0035228988000000003,-0.6535175,1.151670854,1.117337
2097,-0.0035219388000000003,-0.6736179999999999,1.135590452,2.44397
2098,-0.0035209788000000004,-0.6937185,1.143630653,4.05201
2099,-0.0035200188000000005,-0.6736179999999999,1.143630653,5.217839
2100,-0.0035190588,-0.6937185,1.151670854,5.619849
2101,-0.0035180988,-0.6937185,1.143630653,5.097236
2102,-0.0035171388000000002,-0.6736179999999999,1.135590452,3.891206
2103,-0.0035161788000000003,-0.6736179999999999,1.143630653,2.2831659999999996
2104,-0.0035152188000000003,-0.6937185,1.1275502510000002,0.996734
2105,-0.0035142588000000004,-0.6736179999999999,1.143630653,0.23291499999999976
2106,-0.0035132988000000005,-0.6736179999999999,1.151670854,0.3535179999999998
2107,-0.0035123388,-0.6736179999999999,1.143630653,1.358543
2108,-0.0035113788,-0.6937185,1.143630653,2.966583
2109,-0.0035104188000000002,-0.6937185,1.143630653,4.45402
2110,-0.0035094588000000003,-0.6937185,1.151670854,5.499245999999999
2111,-0.0035084988000000004,-0.6736179999999999,1.151670854,5.539447
2112,-0.0035075388000000004,-0.6736179999999999,1.143630653,4.655025
2113,-0.0035065788000000005,-0.6937185,1.143630653,3.046985
2114,-0.0035056188,-0.6736179999999999,1.143630653,1.438945
2115,-0.0035046588,-0.6937185,1.159711055,0.39371899999999993
2116,-0.0035036988000000002,-0.6535175,1.151670854,0.23291499999999976
2117,-0.0035027388000000003,-0.6736179999999999,1.151670854,1.0369349999999997
2118,-0.0035017788000000004,-0.6736179999999999,1.143630653,2.564573
2119,-0.0035008188000000004,-0.6736179999999999,1.159711055,4.1324119999999995
2120,-0.0034998588,-0.6937185,1.143630653,5.378643
2121,-0.0034988988,-0.6736179999999999,1.143630653,5.579648
2122,-0.0034979388,-0.6937185,1.135590452,4.815829
2123,-0.0034969788000000003,-0.6736179999999999,1.143630653,3.328392
2124,-0.0034960188000000003,-0.6736179999999999,1.143630653,1.6399499999999998
2125,-0.0034950588000000004,-0.6736179999999999,1.143630653,0.4741209999999998
2126,-0.0034940988000000004,-0.6937185,1.135590452,0.1525129999999999
2127,-0.0034931388,-0.6535175,1.143630653,0.8359299999999998
2128,-0.0034921788,-0.6736179999999999,1.135590452,2.2831659999999996
2129,-0.0034912188,-0.6937185,1.143630653,3.931407
2130,-0.0034902588000000003,-0.6736179999999999,1.143630653,5.137437
2131,-0.0034892988000000003,-0.6736179999999999,1.135590452,5.619849
2132,-0.0034883388000000004,-0.6736179999999999,1.143630653,5.097236
2133,-0.0034873788000000005,-0.6937185,1.143630653,3.971608
2134,-0.0034864188,-0.6937185,1.143630653,2.4037689999999996
2135,-0.0034854588,-0.6937185,1.143630653,0.9565329999999999
2136,-0.0034844988,-0.713819,1.151670854,0.2731159999999999
2137,-0.0034835388000000003,-0.6937185,1.143630653,0.3535179999999998
2138,-0.0034825788000000003,-0.6937185,1.143630653,1.23794
2139,-0.0034816188000000004,-0.6937185,1.151670854,2.6449749999999996
2140,-0.0034806588000000005,-0.6937185,1.143630653,4.212814
2141,-0.0034796988,-0.6535175,1.151670854,5.298241
2142,-0.0034787388,-0.6535175,1.143630653,5.579648
2143,-0.0034777788000000002,-0.6736179999999999,1.143630653,5.016834
2144,-0.0034768188000000003,-0.6535175,1.143630653,3.7304019999999998
2145,-0.0034758588000000003,-0.6736179999999999,1.143630653,2.202764
2146,-0.0034748988000000004,-0.6736179999999999,1.135590452,0.7957289999999997
2147,-0.0034739388000000005,-0.6736179999999999,1.135590452,0.19271400000000005
2148,-0.0034729788,-0.6736179999999999,1.143630653,0.4339200000000001
2149,-0.0034720188,-0.6937185,1.135590452,1.559548
2150,-0.0034710588000000002,-0.6736179999999999,1.143630653,3.046985
2151,-0.0034700988000000003,-0.6736179999999999,1.143630653,4.614824
2152,-0.0034691388000000004,-0.6535175,1.135590452,5.499245999999999
2153,-0.0034681788000000004,-0.6937185,1.143630653,5.499245999999999
2154,-0.0034672188000000005,-0.6535175,1.151670854,4.534422
2155,-0.0034662588,-0.6736179999999999,1.151670854,2.966583
2156,-0.0034652988,-0.6736179999999999,1.135590452,1.358543
2157,-0.0034643388000000002,-0.6937185,1.143630653,0.31331700000000007
2158,-0.0034633788000000003,-0.6736179999999999,1.143630653,0.2731159999999999
2159,-0.0034624188000000004,-0.6937185,1.143630653,1.117337
2160,-0.0034614588000000004,-0.6535175,1.143630653,2.8861809999999997
2161,-0.0034604988000000005,-0.6535175,1.151670854,4.534422
2162,-0.0034595388,-0.6736179999999999,1.143630653,5.459045
2163,-0.0034585788,-0.6937185,1.143630653,5.459045
2164,-0.0034576188000000002,-0.633417,1.151670854,4.373618
2165,-0.0034566588000000003,-0.6736179999999999,1.143630653,2.805779
2166,-0.0034556988000000004,-0.6736179999999999,1.151670854,1.1575379999999997
2167,-0.0034547388000000004,-0.6736179999999999,1.143630653,0.2731159999999999
2168,-0.0034537788,-0.6736179999999999,1.151670854,0.39371899999999993
2169,-0.0034528188,-0.6535175,1.143630653,1.6399499999999998
2170,-0.0034518588,-0.6736179999999999,1.135590452,3.328392
2171,-0.0034508988000000003,-0.6736179999999999,1.143630653,4.896231
2172,-0.0034499388000000003,-0.6736179999999999,1.1275502510000002,5.66005
2173,-0.0034489788000000004,-0.6736179999999999,1.135590452,5.217839
2174,-0.0034480188000000004,-0.6736179999999999,1.135590452,3.931407
2175,-0.0034470588,-0.6937185,1.143630653,2.202764
2176,-0.0034460988,-0.6736179999999999,1.151670854,0.755528
2177,-0.0034451388,-0.6535175,1.135590452,0.1525129999999999
2178,-0.0034441788000000003,-0.6736179999999999,1.143630653,0.6751259999999997
2179,-0.0034432188000000003,-0.6535175,1.143630653,2.122362
2180,-0.0034422588000000004,-0.6736179999999999,1.151670854,3.810804
2181,-0.0034412988000000005,-0.6937185,1.143630653,5.057035
2182,-0.0034403388,-0.6535175,1.151670854,5.579648
2183,-0.0034393788,-0.6937185,1.143630653,5.057035
2184,-0.0034384188,-0.633417,1.159711055,3.690201
2185,-0.0034374588000000003,-0.6535175,1.143630653,2.082161
2186,-0.0034364988000000003,-0.6736179999999999,1.151670854,0.7957289999999997
2187,-0.0034355388000000004,-0.6937185,1.143630653,0.19271400000000005
2188,-0.0034345788000000005,-0.6937185,1.143630653,0.5947239999999998
2189,-0.0034336188,-0.6535175,1.151670854,1.800754
2190,-0.0034326588,-0.6736179999999999,1.135590452,3.448995
2191,-0.0034316988000000002,-0.6736179999999999,1.1275502510000002,4.85603
2192,-0.0034307388000000003,-0.6535175,1.143630653,5.579648
2193,-0.0034297788000000004,-0.6736179999999999,1.135590452,5.298241
2194,-0.0034288188000000004,-0.6736179999999999,1.135590452,4.092211
2195,-0.0034278588000000005,-0.6736179999999999,1.151670854,2.363568
2196,-0.0034268988,-0.6736179999999999,1.1275502510000002,0.9565329999999999
2197,-0.0034259388,-0.6535175,1.135590452,0.19271400000000005
2198,-0.0034249788000000002,-0.6736179999999999,1.151670854,0.4741209999999998
2199,-0.0034240188000000003,-0.633417,1.135590452,1.680151
2200,-0.0034230588000000004,-0.6535175,1.151670854,3.4891959999999997
2201,-0.0034220988000000004,-0.6736179999999999,1.135590452,4.936432
2202,-0.0034211388000000005,-0.6736179999999999,1.143630653,5.619849
2203,-0.0034201788,-0.6535175,1.143630653,5.097236
2204,-0.0034192188,-0.6736179999999999,1.151670854,3.7304019999999998
2205,-0.0034182588000000002,-0.6736179999999999,1.143630653,2.04196
2206,-0.0034172988000000003,-0.6736179999999999,1.151670854,0.5947239999999998
2207,-0.0034163388000000004,-0.6535175,1.151670854,0.19271400000000005
2208,-0.0034153788000000004,-0.6535175,1.151670854,0.8359299999999998
2209,-0.0034144188,-0.6535175,1.143630653,2.363568
2210,-0.0034134588,-0.6736179999999999,1.143630653,4.05201
2211,-0.0034124988,-0.6736179999999999,1.143630653,5.338442
2212,-0.0034115388000000003,-0.6535175,1.143630653,5.539447
2213,-0.0034105788000000003,-0.6736179999999999,1.151670854,4.695226
2214,-0.0034096188000000004,-0.6736179999999999,1.143630653,3.207789
2215,-0.0034086588000000004,-0.633417,1.143630653,1.479146
2216,-0.0034076988,-0.633417,1.135590452,0.39371899999999993
2217,-0.0034067388,-0.6937185,1.143630653,0.2731159999999999
2218,-0.0034057788,-0.6736179999999999,1.143630653,1.1977389999999999
2219,-0.0034048188000000003,-0.6736179999999999,1.151670854,2.7655779999999996
2220,-0.0034038588000000003,-0.6535175,1.143630653,4.413819
2221,-0.0034028988000000004,-0.6736179999999999,1.143630653,5.459045
2222,-0.0034019388000000005,-0.6535175,1.143630653,5.499245999999999
2223,-0.0034009788,-0.6736179999999999,1.151670854,4.534422
2224,-0.0034000188,-0.6535175,1.143630653,2.966583
2225,-0.0033990588,-0.6736179999999999,1.151670854,1.2781409999999997
2226,-0.0033980988000000003,-0.6535175,1.151670854,0.2731159999999999
2227,-0.0033971388000000003,-0.6736179999999999,1.143630653,0.39371899999999993
2228,-0.0033961788000000004,-0.6535175,1.151670854,1.599749
2229,-0.0033952188000000005,-0.6535175,1.143630653,3.167588
2230,-0.0033942588,-0.6736179999999999,1.143630653,4.775628
2231,-0.0033932988,-0.6535175,1.143630653,5.619849
2232,-0.0033923388000000002,-0.6535175,1.159711055,5.258039999999999
2233,-0.0033913788000000003,-0.633417,1.1275502510000002,4.05201
2234,-0.0033904188000000004,-0.6736179999999999,1.151670854,2.323367
2235,-0.0033894588000000004,-0.6535175,1.143630653,0.9163319999999997
2236,-0.0033884988000000005,-0.6736179999999999,1.135590452,0.1525129999999999
2237,-0.0033875388,-0.6535175,1.143630653,0.5545229999999997
2238,-0.0033865788,-0.6535175,1.143630653,1.800754
2239,-0.0033856188000000002,-0.6736179999999999,1.1275502510000002,3.529397
2240,-0.0033846588000000003,-0.6535175,1.143630653,4.936432
2241,-0.0033836988000000004,-0.6736179999999999,1.143630653,5.619849
2242,-0.0033827388000000004,-0.633417,1.135590452,5.177638
2243,-0.0033817788000000005,-0.6736179999999999,1.143630653,3.891206
2244,-0.0033808188,-0.6736179999999999,1.143630653,2.1625629999999996
2245,-0.0033798588,-0.6535175,1.135590452,0.755528
2246,-0.0033788988000000002,-0.6937185,1.143630653,0.19271400000000005
2247,-0.0033779388000000003,-0.633417,1.151670854,0.5545229999999997
2248,-0.0033769788000000004,-0.6535175,1.159711055,1.7605529999999998
2249,-0.0033760188000000004,-0.633417,1.159711055,3.4891959999999997
2250,-0.0033750588000000005,-0.6535175,1.143630653,4.896231
2251,-0.0033740988,-0.6535175,1.143630653,5.539447
2252,-0.0033731388,-0.6535175,1.143630653,5.177638
2253,-0.0033721788000000003,-0.6535175,1.151670854,3.971608
2254,-0.0033712188000000003,-0.6535175,1.151670854,2.363568
2255,-0.0033702588000000004,-0.6535175,1.135590452,0.8359299999999998
2256,-0.0033692988000000004,-0.6535175,1.151670854,0.19271400000000005
2257,-0.0033683388,-0.6535175,1.151670854,0.5947239999999998
2258,-0.0033673788,-0.6736179999999999,1.135590452,1.840955
2259,-0.0033664188,-0.633417,1.135590452,3.569598
2260,-0.0033654588000000003,-0.6535175,1.151670854,4.976633
2261,-0.0033644988000000003,-0.6535175,1.135590452,5.579648
2262,-0.0033635388000000004,-0.633417,1.143630653,5.217839
2263,-0.0033625788000000005,-0.633417,1.143630653,3.971608
2264,-0.0033616188,-0.6736179999999999,1.135590452,2.363568
2265,-0.0033606588,-0.6736179999999999,1.143630653,0.876131
2266,-0.0033596988,-0.633417,1.151670854,0.2731159999999999
2267,-0.0033587388000000003,-0.633417,1.151670854,0.4339200000000001
2268,-0.0033577788000000003,-0.6535175,1.151670854,1.599749
2269,-0.0033568188000000004,-0.6535175,1.135590452,3.167588
2270,-0.0033558588000000005,-0.6736179999999999,1.135590452,4.574623
2271,-0.0033548988,-0.633417,1.143630653,5.499245999999999
2272,-0.0033539388,-0.6736179999999999,1.143630653,5.418844
2273,-0.0033529788000000002,-0.633417,1.143630653,4.534422
2274,-0.0033520188000000003,-0.6535175,1.151670854,3.046985
2275,-0.0033510588000000003,-0.633417,1.143630653,1.479146
2276,-0.0033500988000000004,-0.633417,1.151670854,0.4339200000000001
2277,-0.0033491388000000005,-0.6535175,1.143630653,0.19271400000000005
2278,-0.0033481788,-0.6535175,1.143630653,0.996734
2279,-0.0033472188,-0.6736179999999999,1.135590452,2.604774
2280,-0.0033462588000000002,-0.6535175,1.135590452,4.2530149999999995
2281,-0.0033452988000000003,-0.6937185,1.135590452,5.418844
2282,-0.0033443388000000004,-0.6535175,1.135590452,5.459045
2283,-0.0033433788000000004,-0.633417,1.135590452,4.695226
2284,-0.0033424188000000005,-0.633417,1.135590452,3.087186
2285,-0.0033414588,-0.6535175,1.143630653,1.438945
2286,-0.0033404988,-0.6736179999999999,1.143630653,0.31331700000000007
2287,-0.0033395388000000002,-0.633417,1.143630653,0.2731159999999999
2288,-0.0033385788000000003,-0.6535175,1.159711055,1.2781409999999997
2289,-0.0033376188000000004,-0.6535175,1.159711055,2.8861809999999997
2290,-0.0033366588000000004,-0.633417,1.143630653,4.534422
2291,-0.0033356988000000005,-0.6535175,1.143630653,5.539447
2292,-0.0033347388,-0.6535175,1.151670854,5.378643
2293,-0.0033337788,-0.6535175,1.143630653,4.212814
2294,-0.0033328188000000003,-0.6535175,1.151670854,2.484171
2295,-0.0033318588000000003,-0.6535175,1.143630653,0.9565329999999999
2296,-0.0033308988000000004,-0.6736179999999999,1.143630653,0.1525129999999999
2297,-0.0033299388000000004,-0.6133164999999999,1.143630653,0.514322
2298,-0.0033289788000000005,-0.6535175,1.143630653,1.680151
2299,-0.0033280188,-0.6535175,1.143630653,3.3685929999999997
2300,-0.0033270588,-0.6133164999999999,1.143630653,4.936432
2301,-0.0033260988000000003,-0.6535175,1.135590452,5.579648
2302,-0.0033251388000000003,-0.6535175,1.135590452,5.258039999999999
2303,-0.0033241788000000004,-0.6535175,1.135590452,4.172613
2304,-0.0033232188000000005,-0.633417,1.143630653,2.363568
2305,-0.0033222588,-0.6736179999999999,1.151670854,0.9163319999999997
2306,-0.0033212988,-0.633417,1.143630653,0.19271400000000005
2307,-0.0033203388,-0.633417,1.143630653,0.4741209999999998
2308,-0.0033193788000000003,-0.6535175,1.143630653,1.559548
2309,-0.0033184188000000003,-0.633417,1.143630653,3.087186
2310,-0.0033174588000000004,-0.633417,1.143630653,4.614824
2311,-0.0033164988000000005,-0.633417,1.143630653,5.499245999999999
2312,-0.0033155388,-0.633417,1.151670854,5.499245999999999
2313,-0.0033145788,-0.6133164999999999,1.151670854,4.574623
2314,-0.0033136188000000002,-0.6535175,1.151670854,3.1273869999999997
2315,-0.0033126588000000003,-0.6535175,1.151670854,1.559548
2316,-0.0033116988000000003,-0.633417,1.143630653,0.514322
2317,-0.0033107388000000004,-0.633417,1.135590452,0.1525129999999999
2318,-0.0033097788000000005,-0.633417,1.143630653,0.7957289999999997
2319,-0.0033088188,-0.633417,1.151670854,2.082161
2320,-0.0033078588,-0.633417,1.143630653,3.6097989999999998
2321,-0.0033068988000000002,-0.6535175,1.143630653,4.976633
2322,-0.0033059388000000003,-0.633417,1.143630653,5.539447
2323,-0.0033049788000000004,-0.633417,1.135590452,5.217839
2324,-0.0033040188000000004,-0.633417,1.135590452,4.05201
2325,-0.0033030588000000005,-0.633417,1.143630653,2.44397
2326,-0.0033020988,-0.633417,1.135590452,0.9565329999999999
2327,-0.0033011388,-0.6133164999999999,1.143630653,0.19271400000000005
2328,-0.0033001788000000002,-0.6535175,1.143630653,0.4741209999999998
2329,-0.0032992188000000003,-0.633417,1.151670854,1.680151
2330,-0.0032982588000000004,-0.6535175,1.135590452,3.328392
2331,-0.0032972988000000004,-0.633417,1.1275502510000002,4.896231
2332,-0.0032963388000000005,-0.633417,1.143630653,5.579648
2333,-0.0032953788,-0.633417,1.151670854,5.137437
2334,-0.0032944188,-0.6133164999999999,1.143630653,3.7304019999999998
2335,-0.0032934588000000002,-0.6133164999999999,1.167751256,1.961558
2336,-0.0032924988000000003,-0.633417,1.151670854,0.5545229999999997
2337,-0.0032915388000000004,-0.6535175,1.143630653,0.19271400000000005
2338,-0.0032905788000000004,-0.633417,1.143630653,0.9565329999999999
2339,-0.0032896188000000005,-0.633417,1.143630653,2.5243719999999996
2340,-0.0032886588,-0.6535175,1.135590452,4.212814
2341,-0.0032876988,-0.633417,1.143630653,5.418844
2342,-0.0032867388000000003,-0.633417,1.143630653,5.459045
2343,-0.0032857788000000003,-0.633417,1.159711055,4.413819
2344,-0.0032848188000000004,-0.633417,1.143630653,2.805779
2345,-0.0032838588000000004,-0.633417,1.143630653,1.1977389999999999
2346,-0.0032828988,-0.6133164999999999,1.135590452,0.2731159999999999
2347,-0.0032819388,-0.633417,1.143630653,0.39371899999999993
2348,-0.0032809788,-0.633417,1.135590452,1.23794
2349,-0.0032800188000000003,-0.633417,1.151670854,2.805779
2350,-0.0032790588000000003,-0.6133164999999999,1.143630653,4.333417
2351,-0.0032780988000000004,-0.6133164999999999,1.151670854,5.338442
2352,-0.0032771388000000005,-0.633417,1.143630653,5.579648
2353,-0.0032761788,-0.633417,1.143630653,4.85603
2354,-0.0032752188,-0.633417,1.135590452,3.4891959999999997
2355,-0.0032742588,-0.6133164999999999,1.151670854,1.961558
2356,-0.0032732988000000003,-0.6133164999999999,1.143630653,0.7957289999999997
2357,-0.0032723388000000003,-0.6535175,1.143630653,0.23291499999999976
2358,-0.0032713788000000004,-0.6133164999999999,1.143630653,0.4741209999999998
2359,-0.0032704188000000005,-0.633417,1.143630653,1.479146
2360,-0.0032694588,-0.6535175,1.135590452,2.8861809999999997
2361,-0.0032684988,-0.633417,1.143630653,4.413819
2362,-0.0032675388000000002,-0.633417,1.143630653,5.378643
2363,-0.0032665788000000003,-0.633417,1.135590452,5.539447
2364,-0.0032656188000000004,-0.6133164999999999,1.143630653,4.896231
2365,-0.0032646588000000004,-0.633417,1.143630653,3.529397
2366,-0.0032636988000000005,-0.633417,1.143630653,1.961558
2367,-0.0032627388,-0.633417,1.135590452,0.6751259999999997
2368,-0.0032617788,-0.6133164999999999,1.143630653,0.23291499999999976
2369,-0.0032608188000000002,-0.6133164999999999,1.143630653,0.514322
2370,-0.0032598588000000003,-0.593216,1.1275502510000002,1.800754
2371,-0.0032588988000000004,-0.6133164999999999,1.143630653,3.3685929999999997
2372,-0.0032579388000000004,-0.6133164999999999,1.135590452,4.775628
2373,-0.0032569788000000005,-0.593216,1.135590452,5.539447
2374,-0.0032560188,-0.633417,1.143630653,5.258039999999999
2375,-0.0032550588,-0.633417,1.143630653,4.172613
2376,-0.0032540988000000002,-0.633417,1.151670854,2.5243719999999996
2377,-0.0032531388000000003,-0.6133164999999999,1.135590452,0.9565329999999999
2378,-0.0032521788000000004,-0.6133164999999999,1.159711055,0.23291499999999976
2379,-0.0032512188000000004,-0.633417,1.143630653,0.4741209999999998
2380,-0.0032502588000000005,-0.6133164999999999,1.143630653,1.7203519999999999
2381,-0.0032492988,-0.6133164999999999,1.159711055,3.408794
2382,-0.0032483388,-0.6133164999999999,1.151670854,4.976633
2383,-0.0032473788000000003,-0.6133164999999999,1.151670854,5.619849
2384,-0.0032464188000000003,-0.6535175,1.143630653,5.097236
2385,-0.0032454588000000004,-0.633417,1.135590452,3.770603
2386,-0.0032444988000000004,-0.633417,1.143630653,1.8811559999999998
2387,-0.0032435388000000005,-0.633417,1.135590452,0.5947239999999998
2388,-0.0032425788,-0.633417,1.151670854,0.19271400000000005
2389,-0.0032416188,-0.593216,1.135590452,0.9163319999999997
2390,-0.0032406588000000003,-0.6133164999999999,1.143630653,2.44397
2391,-0.0032396988000000003,-0.6133164999999999,1.135590452,4.212814
2392,-0.0032387388000000004,-0.633417,1.143630653,5.298241
2393,-0.0032377788000000005,-0.6133164999999999,1.1275502510000002,5.499245999999999
2394,-0.0032368188,-0.6133164999999999,1.135590452,4.735427
2395,-0.0032358588,-0.6133164999999999,1.151670854,3.167588
2396,-0.0032348988,-0.6133164999999999,1.151670854,1.559548
2397,-0.0032339388000000003,-0.593216,1.135590452,0.514322
2398,-0.0032329788000000003,-0.633417,1.143630653,0.23291499999999976
2399,-0.0032320188000000004,-0.6133164999999999,1.135590452,0.7957289999999997
2400,-0.0032310588000000005,-0.6133164999999999,1.151670854,2.001759
2401,-0.0032300988,-0.6133164999999999,1.143630653,3.529397
2402,-0.0032291388,-0.593216,1.151670854,4.85603
2403,-0.0032281788000000002,-0.6133164999999999,1.135590452,5.499245999999999
2404,-0.0032272188000000003,-0.5731155,1.143630653,5.378643
2405,-0.0032262588000000003,-0.593216,1.143630653,4.534422
2406,-0.0032252988000000004,-0.6133164999999999,1.143630653,3.167588
2407,-0.0032243388000000005,-0.6133164999999999,1.143630653,1.7605529999999998
2408,-0.0032233788,-0.6133164999999999,1.143630653,0.634925
2409,-0.0032224188,-0.633417,1.143630653,0.19271400000000005
2410,-0.0032214588000000002,-0.593216,1.143630653,0.4339200000000001
2411,-0.0032204988000000003,-0.6133164999999999,1.135590452,1.5193469999999998
2412,-0.0032195388000000004,-0.6133164999999999,1.143630653,2.84598
2413,-0.0032185788000000004,-0.593216,1.143630653,4.293216
2414,-0.0032176188000000005,-0.633417,1.143630653,5.258039999999999
2415,-0.0032166588,-0.6133164999999999,1.143630653,5.579648
2416,-0.0032156988,-0.593216,1.143630653,4.936432
2417,-0.0032147388000000002,-0.633417,1.143630653,3.65
2418,-0.0032137788000000003,-0.6133164999999999,1.135590452,2.082161
2419,-0.0032128188000000004,-0.6133164999999999,1.143630653,0.6751259999999997
2420,-0.0032118588000000004,-0.633417,1.135590452,0.19271400000000005
2421,-0.0032108988000000005,-0.593216,1.143630653,0.6751259999999997
2422,-0.0032099388,-0.6133164999999999,1.143630653,2.082161
2423,-0.0032089788,-0.633417,1.143630653,3.810804
2424,-0.0032080188000000003,-0.593216,1.151670854,5.097236
2425,-0.0032070588000000003,-0.633417,1.143630653,5.539447
2426,-0.0032060988000000004,-0.633417,1.143630653,4.85603
2427,-0.0032051388000000004,-0.633417,1.151670854,3.288191
2428,-0.0032041788000000005,-0.6133164999999999,1.143630653,1.479146
2429,-0.0032032188,-0.593216,1.135590452,0.39371899999999993
2430,-0.0032022588,-0.633417,1.143630653,0.2731159999999999
2431,-0.0032012988000000003,-0.593216,1.143630653,1.318342
2432,-0.0032003388000000003,-0.593216,1.1275502510000002,3.1273869999999997
2433,-0.0031993788000000004,-0.6133164999999999,1.135590452,4.695226
2434,-0.0031984188000000005,-0.593216,1.143630653,5.539447
2435,-0.0031974588,-0.6133164999999999,1.135590452,5.217839
2436,-0.0031964988,-0.593216,1.143630653,3.891206
2437,-0.0031955388,-0.6133164999999999,1.151670854,2.1625629999999996
2438,-0.0031945788000000003,-0.6133164999999999,1.135590452,0.7153269999999998
2439,-0.0031936188000000003,-0.633417,1.135590452,0.19271400000000005
2440,-0.0031926588000000004,-0.6133164999999999,1.151670854,0.6751259999999997
2441,-0.0031916988000000005,-0.593216,1.143630653,2.04196
2442,-0.0031907388,-0.593216,1.143630653,3.65
2443,-0.0031897788,-0.593216,1.151670854,4.976633
2444,-0.0031888188000000002,-0.593216,1.135590452,5.539447
2445,-0.0031878588000000003,-0.6133164999999999,1.143630653,5.217839
2446,-0.0031868988000000003,-0.6133164999999999,1.151670854,4.0118089999999995
2447,-0.0031859388000000004,-0.593216,1.143630653,2.484171
2448,-0.0031849788000000005,-0.633417,1.151670854,1.117337
2449,-0.0031840188,-0.6133164999999999,1.143630653,0.31331700000000007
2450,-0.0031830588,-0.6133164999999999,1.135590452,0.31331700000000007
2451,-0.0031820988000000002,-0.5731155,1.151670854,0.996734
2452,-0.0031811388000000003,-0.593216,1.143630653,2.2831659999999996
2453,-0.0031801788000000004,-0.593216,1.143630653,3.770603
2454,-0.0031792188000000004,-0.593216,1.135590452,4.976633
2455,-0.0031782588000000005,-0.6133164999999999,1.135590452,5.499245999999999
2456,-0.0031772988,-0.6133164999999999,1.135590452,5.298241
2457,-0.0031763388,-0.6133164999999999,1.135590452,4.293216
2458,-0.0031753788000000002,-0.633417,1.135590452,2.725377
2459,-0.0031744188000000003,-0.6133164999999999,1.143630653,1.358543
2460,-0.0031734588000000004,-0.633417,1.143630653,0.39371899999999993
2461,-0.0031724988000000004,-0.593216,1.143630653,0.19271400000000005
2462,-0.0031715388000000005,-0.6133164999999999,1.143630653,0.7957289999999997
2463,-0.0031705788,-0.5731155,1.143630653,2.1625629999999996
2464,-0.0031696188,-0.6133164999999999,1.143630653,3.7304019999999998
2465,-0.0031686588000000003,-0.593216,1.1275502510000002,5.057035
2466,-0.0031676988000000003,-0.593216,1.143630653,5.539447
2467,-0.0031667388000000004,-0.5731155,1.143630653,5.137437
2468,-0.0031657788000000004,-0.6133164999999999,1.143630653,3.851005
2469,-0.0031648188000000005,-0.593216,1.143630653,2.202764
2470,-0.0031638588,-0.593216,1.143630653,0.8359299999999998
2471,-0.0031628988,-0.6133164999999999,1.143630653,0.19271400000000005
2472,-0.0031619388000000003,-0.593216,1.1275502510000002,0.5947239999999998
2473,-0.0031609788000000003,-0.593216,1.143630653,1.840955
2474,-0.0031600188000000004,-0.6133164999999999,1.151670854,3.569598
2475,-0.0031590588000000005,-0.5731155,1.143630653,4.936432
2476,-0.0031580988000000005,-0.6133164999999999,1.151670854,5.579648
2477,-0.0031571388,-0.593216,1.1275502510000002,4.976633
2478,-0.0031561788,-0.6133164999999999,1.1275502510000002,3.569598
2479,-0.0031552188000000003,-0.593216,1.1275502510000002,1.961558
2480,-0.0031542588000000003,-0.593216,1.1195100500000001,0.634925
2481,-0.0031532988000000004,-0.593216,1.143630653,0.19271400000000005
2482,-0.0031523388000000005,-0.593216,1.143630653,0.8359299999999998
2483,-0.0031513788,-0.6133164999999999,1.135590452,2.202764
2484,-0.0031504188,-0.593216,1.143630653,3.931407
2485,-0.0031494588000000002,-0.6133164999999999,1.143630653,5.137437
2486,-0.0031484988000000003,-0.593216,1.143630653,5.539447
2487,-0.0031475388000000003,-0.593216,1.143630653,5.016834
2488,-0.0031465788000000004,-0.593216,1.143630653,3.690201
2489,-0.0031456188000000005,-0.593216,1.143630653,2.202764
2490,-0.0031446588,-0.593216,1.135590452,0.8359299999999998
2491,-0.0031436988,-0.593216,1.143630653,0.19271400000000005
2492,-0.0031427388000000002,-0.5731155,1.143630653,0.4339200000000001
2493,-0.0031417788000000003,-0.593216,1.151670854,1.438945
2494,-0.0031408188000000004,-0.6133164999999999,1.151670854,2.84598
2495,-0.0031398588000000004,-0.593216,1.143630653,4.2530149999999995
2496,-0.0031388988000000005,-0.593216,1.143630653,5.217839
2497,-0.0031379388,-0.593216,1.143630653,5.539447
2498,-0.0031369788,-0.5731155,1.143630653,5.016834
2499,-0.0031360188000000002,-0.593216,1.135590452,3.931407
2500,-0.0031350588000000003,-0.593216,1.143630653,2.44397
2501,-0.0031340988000000004,-0.593216,1.1275502510000002,1.1575379999999997
2502,-0.0031331388000000004,-0.593216,1.1275502510000002,0.31331700000000007
2503,-0.0031321788000000005,-0.6133164999999999,1.135590452,0.31331700000000007
2504,-0.0031312188,-0.593216,1.1275502510000002,0.996734
2505,-0.0031302588,-0.6133164999999999,1.1275502510000002,2.2831659999999996
2506,-0.0031292988000000002,-0.6133164999999999,1.135590452,3.690201
2507,-0.0031283388000000003,-0.6133164999999999,1.135590452,4.936432
2508,-0.0031273788000000004,-0.593216,1.135590452,5.539447
2509,-0.0031264188000000004,-0.593216,1.135590452,5.338442
2510,-0.0031254588000000005,-0.5731155,1.151670854,4.333417
2511,-0.0031244988,-0.593216,1.143630653,2.926382
2512,-0.0031235388,-0.593216,1.143630653,1.3987439999999998
2513,-0.0031225788000000003,-0.5530149999999999,1.151670854,0.4339200000000001
2514,-0.0031216188000000003,-0.593216,1.151670854,0.2731159999999999
2515,-0.0031206588000000004,-0.593216,1.143630653,0.7957289999999997
2516,-0.0031196988000000004,-0.593216,1.143630653,2.122362
2517,-0.0031187388000000005,-0.593216,1.135590452,3.569598
2518,-0.0031177788,-0.593216,1.143630653,4.896231
2519,-0.0031168188,-0.593216,1.151670854,5.539447
2520,-0.0031158588000000003,-0.6133164999999999,1.135590452,5.217839
2521,-0.0031148988000000003,-0.6133164999999999,1.143630653,4.1324119999999995
2522,-0.0031139388000000004,-0.5731155,1.143630653,2.604774
2523,-0.0031129788000000005,-0.593216,1.135590452,1.1575379999999997
2524,-0.0031120188000000005,-0.593216,1.135590452,0.2731159999999999
2525,-0.0031110588,-0.593216,1.135590452,0.2731159999999999
2526,-0.0031100988,-0.5731155,1.1275502510000002,1.1977389999999999
2527,-0.0031091388000000003,-0.5731155,1.135590452,2.685176
2528,-0.0031081788000000003,-0.5731155,1.135590452,4.1324119999999995
2529,-0.0031072188000000004,-0.593216,1.1275502510000002,5.217839
2530,-0.0031062588000000005,-0.5731155,1.135590452,5.579648
2531,-0.0031052988,-0.5731155,1.135590452,4.976633
2532,-0.0031043388,-0.593216,1.143630653,3.7304019999999998
2533,-0.0031033788000000002,-0.593216,1.143630653,2.1625629999999996
2534,-0.0031024188000000003,-0.5731155,1.143630653,0.8359299999999998
2535,-0.0031014588000000004,-0.593216,1.143630653,0.23291499999999976
2536,-0.0031004988000000004,-0.5731155,1.143630653,0.39371899999999993
2537,-0.0030995388000000005,-0.5530149999999999,1.151670854,1.2781409999999997
2538,-0.0030985788,-0.5731155,1.151670854,2.6449749999999996
2539,-0.0030976188,-0.5731155,1.143630653,4.092211
2540,-0.0030966588000000002,-0.5731155,1.143630653,5.137437
2541,-0.0030956988000000003,-0.5731155,1.135590452,5.619849
2542,-0.0030947388000000004,-0.593216,1.143630653,5.258039999999999
2543,-0.0030937788000000004,-0.593216,1.151670854,4.373618
2544,-0.0030928188000000005,-0.5731155,1.151670854,3.046985
2545,-0.0030918588,-0.5731155,1.143630653,1.6399499999999998
2546,-0.0030908988,-0.593216,1.151670854,0.6751259999999997
2547,-0.0030899388000000002,-0.5530149999999999,1.151670854,0.11231199999999975
2548,-0.0030889788000000003,-0.593216,1.135590452,0.39371899999999993
2549,-0.0030880188000000004,-0.6133164999999999,1.143630653,1.2781409999999997
2550,-0.0030870588000000004,-0.593216,1.135590452,2.564573
2551,-0.0030860988000000005,-0.593216,1.143630653,3.851005
2552,-0.0030851388,-0.5731155,1.135590452,4.936432
2553,-0.0030841788,-0.5731155,1.1195100500000001,5.499245999999999
2554,-0.0030832188000000003,-0.593216,1.1275502510000002,5.378643
2555,-0.0030822588000000003,-0.5731155,1.1275502510000002,4.574623
2556,-0.0030812988000000004,-0.5731155,1.135590452,3.3685929999999997
2557,-0.0030803388000000004,-0.5731155,1.143630653,1.961558
2558,-0.0030793788000000005,-0.593216,1.135590452,0.8359299999999998
2559,-0.0030784188,-0.593216,1.143630653,0.19271400000000005
2560,-0.0030774588,-0.5731155,1.135590452,0.3535179999999998
2561,-0.0030764988000000003,-0.593216,1.135590452,1.23794
2562,-0.0030755388000000003,-0.5530149999999999,1.135590452,2.5243719999999996
2563,-0.0030745788000000004,-0.593216,1.151670854,3.931407
2564,-0.0030736188000000005,-0.5530149999999999,1.143630653,4.976633
2565,-0.0030726588000000005,-0.5731155,1.143630653,5.579648
2566,-0.0030716988,-0.5731155,1.143630653,5.298241
2567,-0.0030707388,-0.5530149999999999,1.143630653,4.293216
2568,-0.0030697788000000003,-0.593216,1.143630653,2.8861809999999997
2569,-0.0030688188000000003,-0.5530149999999999,1.143630653,1.479146
2570,-0.0030678588000000004,-0.593216,1.143630653,0.5545229999999997
2571,-0.0030668988000000005,-0.5731155,1.135590452,0.19271400000000005
2572,-0.0030659388,-0.593216,1.135590452,0.5545229999999997
2573,-0.0030649788,-0.5530149999999999,1.135590452,1.6399499999999998
2574,-0.0030640188000000002,-0.5530149999999999,1.143630653,2.926382
2575,-0.0030630588000000003,-0.5530149999999999,1.135590452,4.2530149999999995
2576,-0.0030620988000000003,-0.5731155,1.143630653,5.258039999999999
2577,-0.0030611388000000004,-0.5731155,1.135590452,5.539447
2578,-0.0030601788000000005,-0.593216,1.135590452,5.137437
2579,-0.0030592188,-0.5731155,1.135590452,4.1324119999999995
2580,-0.0030582588,-0.5731155,1.1275502510000002,2.84598
2581,-0.0030572988000000002,-0.5329145,1.135590452,1.479146
2582,-0.0030563388000000003,-0.5731155,1.1195100500000001,0.514322
2583,-0.0030553788000000004,-0.5731155,1.1275502510000002,0.1525129999999999
2584,-0.0030544188000000004,-0.5530149999999999,1.143630653,0.4741209999999998
2585,-0.0030534588000000005,-0.5731155,1.143630653,1.438945
2586,-0.0030524988,-0.593216,1.143630653,2.84598
2587,-0.0030515388,-0.5731155,1.151670854,4.172613
2588,-0.0030505788000000002,-0.5731155,1.135590452,5.177638
2589,-0.0030496188000000003,-0.593216,1.143630653,5.579648
2590,-0.0030486588000000004,-0.5530149999999999,1.135590452,5.217839
2591,-0.0030476988000000004,-0.5530149999999999,1.143630653,4.172613
2592,-0.0030467388000000005,-0.5731155,1.135590452,2.7655779999999996
2593,-0.0030457788,-0.5731155,1.135590452,1.438945
2594,-0.0030448188,-0.593216,1.135590452,0.4741209999999998
2595,-0.0030438588000000003,-0.5731155,1.151670854,0.19271400000000005
2596,-0.0030428988000000003,-0.5731155,1.143630653,0.6751259999999997
2597,-0.0030419388000000004,-0.593216,1.135590452,1.7605529999999998
2598,-0.0030409788000000004,-0.593216,1.143630653,3.207789
2599,-0.0030400188000000005,-0.5731155,1.143630653,4.534422
2600,-0.0030390588,-0.5731155,1.135590452,5.338442
2601,-0.0030380988,-0.5731155,1.143630653,5.499245999999999
2602,-0.0030371388000000003,-0.5731155,1.135590452,4.896231
2603,-0.0030361788000000003,-0.593216,1.135590452,3.690201
2604,-0.0030352188000000004,-0.5530149999999999,1.143630653,2.2831659999999996
2605,-0.0030342588000000005,-0.593216,1.1275502510000002,0.996734
2606,-0.0030332988000000005,-0.5731155,1.143630653,0.2731159999999999
2607,-0.0030323388,-0.5731155,1.1275502510000002,0.23291499999999976
2608,-0.0030313788,-0.5530149999999999,1.1275502510000002,0.9163319999999997
2609,-0.0030304188000000003,-0.5731155,1.143630653,2.1625629999999996
2610,-0.0030294588000000003,-0.5530149999999999,1.135590452,3.529397
2611,-0.0030284988000000004,-0.5731155,1.135590452,4.695226
2612,-0.0030275388000000005,-0.5530149999999999,1.135590452,5.418844
2613,-0.0030265788000000005,-0.593216,1.143630653,5.459045
2614,-0.0030256188,-0.5731155,1.143630653,4.85603
2615,-0.0030246588000000002,-0.5530149999999999,1.143630653,3.569598
2616,-0.0030236988000000003,-0.5530149999999999,1.135590452,2.202764
2617,-0.0030227388000000003,-0.5530149999999999,1.143630653,0.996734
2618,-0.0030217788000000004,-0.5530149999999999,1.143630653,0.31331700000000007
2619,-0.0030208188000000005,-0.5731155,1.135590452,0.19271400000000005
2620,-0.0030198588,-0.5530149999999999,1.135590452,0.876131
2621,-0.0030188988,-0.593216,1.143630653,2.04196
2622,-0.0030179388000000002,-0.5530149999999999,1.135590452,3.408794
2623,-0.0030169788000000003,-0.5530149999999999,1.135590452,4.574623
2624,-0.0030160188000000004,-0.5731155,1.135590452,5.378643
2625,-0.0030150588000000004,-0.5731155,1.135590452,5.539447
2626,-0.0030140988000000005,-0.5731155,1.135590452,4.815829
2627,-0.0030131388,-0.593216,1.135590452,3.6097989999999998
2628,-0.0030121788,-0.5329145,1.135590452,2.2831659999999996
2629,-0.0030112188000000002,-0.5731155,1.135590452,1.0369349999999997
2630,-0.0030102588000000003,-0.5731155,1.135590452,0.31331700000000007
2631,-0.0030092988000000004,-0.593216,1.1275502510000002,0.31331700000000007
2632,-0.0030083388000000004,-0.5731155,1.143630653,0.996734
2633,-0.0030073788000000005,-0.5731155,1.1275502510000002,2.202764
2634,-0.0030064188,-0.5530149999999999,1.135590452,3.690201
2635,-0.0030054588,-0.5530149999999999,1.1275502510000002,4.85603
2636,-0.0030044988000000003,-0.5731155,1.143630653,5.459045
2637,-0.0030035388000000003,-0.5530149999999999,1.1275502510000002,5.298241
2638,-0.0030025788000000004,-0.5731155,1.143630653,4.413819
2639,-0.0030016188000000004,-0.5530149999999999,1.135590452,3.1273869999999997
2640,-0.0030006588000000005,-0.5530149999999999,1.143630653,1.7605529999999998
2641,-0.0029996988,-0.5530149999999999,1.135590452,0.5947239999999998
2642,-0.0029987388,-0.5530149999999999,1.135590452,0.19271400000000005
2643,-0.0029977788000000003,-0.5731155,1.151670854,0.514322
2644,-0.0029968188000000003,-0.5731155,1.143630653,1.438945
2645,-0.0029958588000000004,-0.5530149999999999,1.135590452,2.7655779999999996
2646,-0.0029948988000000005,-0.5530149999999999,1.151670854,4.1324119999999995
2647,-0.0029939388000000005,-0.5530149999999999,1.151670854,5.177638
2648,-0.0029929788,-0.5530149999999999,1.1275502510000002,5.539447
2649,-0.0029920188,-0.5731155,1.135590452,5.097236
2650,-0.0029910588000000003,-0.5530149999999999,1.135590452,4.05201
2651,-0.0029900988000000003,-0.5731155,1.135590452,2.685176
2652,-0.0029891388000000004,-0.5530149999999999,1.143630653,1.358543
2653,-0.0029881788000000005,-0.5329145,1.1275502510000002,0.3535179999999998
2654,-0.0029872188000000005,-0.5731155,1.143630653,0.19271400000000005
2655,-0.0029862588,-0.5731155,1.1275502510000002,0.7957289999999997
2656,-0.0029852988000000002,-0.5530149999999999,1.135590452,1.800754
2657,-0.0029843388000000003,-0.5530149999999999,1.1275502510000002,3.207789
2658,-0.0029833788000000003,-0.5731155,1.1195100500000001,4.45402
2659,-0.0029824188000000004,-0.5329145,1.135590452,5.298241
2660,-0.0029814588000000005,-0.5530149999999999,1.135590452,5.539447
2661,-0.0029804988000000005,-0.5530149999999999,1.135590452,4.936432
2662,-0.0029795388,-0.5329145,1.135590452,3.891206
2663,-0.0029785788000000002,-0.5530149999999999,1.143630653,2.484171
2664,-0.0029776188000000003,-0.5329145,1.1275502510000002,1.23794
2665,-0.0029766588000000004,-0.5731155,1.135590452,0.39371899999999993
2666,-0.0029756988000000004,-0.5329145,1.135590452,0.1525129999999999
2667,-0.0029747388000000005,-0.5530149999999999,1.143630653,0.6751259999999997
2668,-0.0029737788,-0.5731155,1.143630653,1.7203519999999999
2669,-0.0029728188,-0.5530149999999999,1.151670854,3.087186
2670,-0.0029718588000000002,-0.5530149999999999,1.143630653,4.2530149999999995
2671,-0.0029708988000000003,-0.5731155,1.143630653,5.137437
2672,-0.0029699388000000004,-0.5731155,1.143630653,5.539447
2673,-0.0029689788000000004,-0.512814,1.151670854,5.217839
2674,-0.0029680188000000005,-0.5530149999999999,1.143630653,4.333417
2675,-0.0029670588,-0.5329145,1.1275502510000002,3.087186
2676,-0.0029660988,-0.5530149999999999,1.143630653,1.800754
2677,-0.0029651388000000002,-0.5731155,1.1275502510000002,0.755528
2678,-0.0029641788000000003,-0.5731155,1.1195100500000001,0.2731159999999999
2679,-0.0029632188000000004,-0.5329145,1.1275502510000002,0.31331700000000007
2680,-0.0029622588000000004,-0.5731155,1.135590452,1.0369349999999997
2681,-0.0029612988000000005,-0.5731155,1.135590452,2.2831659999999996
2682,-0.0029603388,-0.5530149999999999,1.135590452,3.6097989999999998
2683,-0.0029593788,-0.5329145,1.135590452,4.815829
2684,-0.0029584188000000003,-0.5329145,1.1275502510000002,5.418844
2685,-0.0029574588000000003,-0.5329145,1.135590452,5.418844
2686,-0.0029564988000000004,-0.5530149999999999,1.1275502510000002,4.574623
2687,-0.0029555388000000004,-0.5329145,1.1275502510000002,3.328392
2688,-0.0029545788000000005,-0.5530149999999999,1.1275502510000002,1.8811559999999998
2689,-0.0029536188,-0.5329145,1.143630653,0.755528
2690,-0.0029526588,-0.5329145,1.143630653,0.1525129999999999
2691,-0.0029516988000000003,-0.512814,1.1275502510000002,0.39371899999999993
2692,-0.0029507388000000003,-0.5530149999999999,1.143630653,1.3987439999999998
2693,-0.0029497788000000004,-0.5329145,1.143630653,2.7655779999999996
2694,-0.0029488188000000005,-0.5731155,1.143630653,4.212814
2695,-0.0029478588000000005,-0.5329145,1.143630653,5.217839
2696,-0.0029468988,-0.5530149999999999,1.143630653,5.539447
2697,-0.0029459388,-0.5329145,1.143630653,5.016834
2698,-0.0029449788000000003,-0.5530149999999999,1.143630653,3.851005
2699,-0.0029440188000000003,-0.5530149999999999,1.143630653,2.484171
2700,-0.0029430588000000004,-0.5329145,1.143630653,1.117337
2701,-0.0029420988000000005,-0.5530149999999999,1.143630653,0.31331700000000007
2702,-0.0029411388000000005,-0.5530149999999999,1.143630653,0.1525129999999999
2703,-0.0029401788,-0.5731155,1.1275502510000002,0.7957289999999997
2704,-0.0029392188000000002,-0.5530149999999999,1.1275502510000002,2.001759
2705,-0.0029382588000000003,-0.5329145,1.1275502510000002,3.328392
2706,-0.0029372988000000004,-0.512814,1.1275502510000002,4.574623
2707,-0.0029363388000000004,-0.5329145,1.1275502510000002,5.338442
2708,-0.0029353788000000005,-0.512814,1.1275502510000002,5.499245999999999
2709,-0.0029344188,-0.5329145,1.1275502510000002,5.057035
2710,-0.0029334588,-0.5530149999999999,1.1275502510000002,4.05201
2711,-0.0029324988000000002,-0.5329145,1.1275502510000002,2.84598
2712,-0.0029315388000000003,-0.5329145,1.135590452,1.5193469999999998
2713,-0.0029305788000000004,-0.5530149999999999,1.135590452,0.514322
2714,-0.0029296188000000004,-0.5731155,1.1275502510000002,0.1525129999999999
2715,-0.0029286588000000005,-0.512814,1.1275502510000002,0.3535179999999998
2716,-0.0029276988,-0.5329145,1.1275502510000002,1.1575379999999997
2717,-0.0029267388,-0.5329145,1.1275502510000002,2.2831659999999996
2718,-0.0029257788000000002,-0.512814,1.1275502510000002,3.569598
2719,-0.0029248188000000003,-0.5530149999999999,1.135590452,4.695226
2720,-0.0029238588000000004,-0.5329145,1.143630653,5.378643
2721,-0.0029228988000000004,-0.5530149999999999,1.143630653,5.459045
2722,-0.0029219388000000005,-0.5530149999999999,1.143630653,4.896231
2723,-0.0029209788,-0.5530149999999999,1.135590452,3.7304019999999998
2724,-0.0029200188,-0.5530149999999999,1.143630653,2.44397
2725,-0.0029190588000000003,-0.5329145,1.143630653,1.1575379999999997
2726,-0.0029180988000000003,-0.5530149999999999,1.135590452,0.3535179999999998
2727,-0.0029171388000000004,-0.512814,1.135590452,0.23291499999999976
2728,-0.0029161788000000004,-0.5530149999999999,1.1275502510000002,0.7153269999999998
2729,-0.0029152188000000005,-0.5329145,1.135590452,1.8811559999999998
2730,-0.0029142588,-0.512814,1.135590452,3.2479899999999997
2731,-0.0029132988,-0.5530149999999999,1.1275502510000002,4.574623
2732,-0.0029123388000000003,-0.5530149999999999,1.1275502510000002,5.378643
2733,-0.0029113788000000003,-0.5329145,1.135590452,5.459045
2734,-0.0029104188000000004,-0.512814,1.1275502510000002,4.815829
2735,-0.0029094588000000005,-0.5530149999999999,1.1195100500000001,3.7304019999999998
2736,-0.0029084988000000005,-0.512814,1.1275502510000002,2.2831659999999996
2737,-0.0029075388,-0.5329145,1.135590452,0.996734
2738,-0.0029065788,-0.5530149999999999,1.135590452,0.31331700000000007
2739,-0.0029056188000000003,-0.5329145,1.135590452,0.23291499999999976
2740,-0.0029046588000000003,-0.5329145,1.135590452,0.9163319999999997
2741,-0.0029036988000000004,-0.512814,1.1275502510000002,2.1625629999999996
2742,-0.0029027388000000005,-0.5329145,1.1275502510000002,3.569598
2743,-0.0029017788000000005,-0.5329145,1.135590452,4.735427
2744,-0.0029008188,-0.512814,1.1275502510000002,5.378643
2745,-0.0028998588000000002,-0.512814,1.135590452,5.378643
2746,-0.0028988988000000003,-0.5329145,1.143630653,4.775628
2747,-0.0028979388000000003,-0.512814,1.143630653,3.569598
2748,-0.0028969788000000004,-0.5329145,1.135590452,2.202764
2749,-0.0028960188000000005,-0.5329145,1.143630653,0.9565329999999999
2750,-0.0028950588000000005,-0.5329145,1.135590452,0.31331700000000007
2751,-0.0028940988,-0.5530149999999999,1.143630653,0.19271400000000005
2752,-0.0028931388000000002,-0.5329145,1.135590452,0.8359299999999998
2753,-0.0028921788000000003,-0.5329145,1.135590452,2.001759
2754,-0.0028912188000000004,-0.5530149999999999,1.1275502510000002,3.288191
2755,-0.0028902588000000004,-0.5329145,1.143630653,4.574623
2756,-0.0028892988000000005,-0.5329145,1.135590452,5.338442
2757,-0.0028883388,-0.5329145,1.135590452,5.499245999999999
2758,-0.0028873788,-0.5530149999999999,1.1275502510000002,4.85603
2759,-0.0028864188000000002,-0.512814,1.135590452,3.690201
2760,-0.0028854588000000003,-0.512814,1.1275502510000002,2.242965
2761,-0.0028844988000000004,-0.5530149999999999,1.1275502510000002,1.0369349999999997
2762,-0.0028835388000000004,-0.5329145,1.1275502510000002,0.2731159999999999
2763,-0.0028825788000000005,-0.5329145,1.135590452,0.31331700000000007
2764,-0.0028816188,-0.512814,1.1275502510000002,0.7957289999999997
2765,-0.0028806588,-0.512814,1.135590452,1.961558
2766,-0.0028796988000000003,-0.512814,1.135590452,3.288191
2767,-0.0028787388000000003,-0.49271349999999997,1.1275502510000002,4.534422
2768,-0.0028777788000000004,-0.5329145,1.1195100500000001,5.338442
2769,-0.0028768188000000004,-0.49271349999999997,1.135590452,5.499245999999999
2770,-0.0028758588000000005,-0.5530149999999999,1.135590452,4.936432
2771,-0.0028748988,-0.49271349999999997,1.135590452,3.891206
2772,-0.0028739388,-0.512814,1.1275502510000002,2.685176
2773,-0.0028729788000000003,-0.5329145,1.135590452,1.318342
2774,-0.0028720188000000003,-0.5329145,1.143630653,0.514322
2775,-0.0028710588000000004,-0.512814,1.135590452,0.1525129999999999
2776,-0.0028700988000000005,-0.512814,1.135590452,0.514322
2777,-0.0028691388000000005,-0.5329145,1.1275502510000002,1.3987439999999998
2778,-0.0028681788,-0.5530149999999999,1.135590452,2.725377
2779,-0.0028672188,-0.5530149999999999,1.1275502510000002,3.971608
2780,-0.0028662588000000003,-0.5530149999999999,1.135590452,4.936432
2781,-0.0028652988000000003,-0.5329145,1.1275502510000002,5.459045
2782,-0.0028643388000000004,-0.512814,1.143630653,5.338442
2783,-0.0028633788000000005,-0.512814,1.1275502510000002,4.655025
2784,-0.0028624188000000005,-0.512814,1.1275502510000002,3.4891959999999997
2785,-0.0028614588,-0.5329145,1.143630653,2.2831659999999996
2786,-0.0028604988000000002,-0.5329145,1.1275502510000002,1.117337
2787,-0.0028595388000000003,-0.512814,1.1195100500000001,0.39371899999999993
2788,-0.0028585788000000003,-0.5329145,1.1195100500000001,0.19271400000000005
2789,-0.0028576188000000004,-0.512814,1.135590452,0.634925
2790,-0.0028566588000000005,-0.5329145,1.1195100500000001,1.6399499999999998
2791,-0.0028556988000000005,-0.5530149999999999,1.1275502510000002,2.926382
2792,-0.0028547388,-0.5329145,1.1275502510000002,4.1324119999999995
2793,-0.0028537788000000002,-0.512814,1.135590452,5.057035
2794,-0.0028528188000000003,-0.512814,1.135590452,5.539447
2795,-0.0028518588000000004,-0.512814,1.1195100500000001,5.217839
2796,-0.0028508988000000004,-0.49271349999999997,1.1275502510000002,4.373618
2797,-0.0028499388000000005,-0.5329145,1.135590452,3.1273869999999997
2798,-0.0028489788000000005,-0.5329145,1.135590452,1.7605529999999998
2799,-0.0028480188,-0.5329145,1.1275502510000002,0.7957289999999997
2800,-0.0028470588000000002,-0.512814,1.143630653,0.19271400000000005
2801,-0.0028460988000000003,-0.5329145,1.1275502510000002,0.3535179999999998
2802,-0.0028451388000000004,-0.512814,1.1275502510000002,1.0369349999999997
2803,-0.0028441788000000004,-0.49271349999999997,1.135590452,2.2831659999999996
2804,-0.0028432188000000005,-0.512814,1.143630653,3.6097989999999998
2805,-0.0028422588,-0.5329145,1.143630653,4.735427
2806,-0.0028412988,-0.49271349999999997,1.1275502510000002,5.418844
2807,-0.0028403388000000003,-0.512814,1.135590452,5.378643
2808,-0.0028393788000000003,-0.512814,1.135590452,4.695226
2809,-0.0028384188000000004,-0.49271349999999997,1.135590452,3.4891959999999997
2810,-0.0028374588000000004,-0.5329145,1.1275502510000002,2.1625629999999996
2811,-0.0028364988000000005,-0.512814,1.1275502510000002,0.996734
2812,-0.0028355388,-0.512814,1.143630653,0.2731159999999999
2813,-0.0028345788,-0.5329145,1.1275502510000002,0.2731159999999999
2814,-0.0028336188000000003,-0.5329145,1.1275502510000002,0.876131
2815,-0.0028326588000000003,-0.5329145,1.1195100500000001,1.961558
2816,-0.0028316988000000004,-0.5329145,1.1275502510000002,3.288191
2817,-0.0028307388000000005,-0.5329145,1.1275502510000002,4.45402
2818,-0.0028297788000000005,-0.512814,1.1195100500000001,5.258039999999999
2819,-0.0028288188,-0.512814,1.1275502510000002,5.418844
2820,-0.0028278588,-0.512814,1.1195100500000001,4.976633
2821,-0.0028268988000000003,-0.512814,1.143630653,3.931407
2822,-0.0028259388000000003,-0.512814,1.1195100500000001,2.725377
2823,-0.0028249788000000004,-0.5329145,1.135590452,1.559548
2824,-0.0028240188000000005,-0.49271349999999997,1.1275502510000002,0.5947239999999998
2825,-0.0028230588000000005,-0.512814,1.1275502510000002,0.1525129999999999
2826,-0.0028220988,-0.49271349999999997,1.1275502510000002,0.4741209999999998
2827,-0.0028211388000000002,-0.49271349999999997,1.135590452,1.1977389999999999
2828,-0.0028201788000000003,-0.512814,1.151670854,2.363568
2829,-0.0028192188000000003,-0.5530149999999999,1.135590452,3.65
2830,-0.0028182588000000004,-0.5329145,1.1275502510000002,4.735427
2831,-0.0028172988000000005,-0.49271349999999997,1.135590452,5.338442
2832,-0.0028163388000000005,-0.5329145,1.143630653,5.418844
2833,-0.0028153788,-0.49271349999999997,1.1275502510000002,5.016834
2834,-0.0028144188000000002,-0.512814,1.143630653,3.971608
2835,-0.0028134588000000003,-0.5329145,1.1275502510000002,2.805779
2836,-0.0028124988000000004,-0.5329145,1.143630653,1.6399499999999998
2837,-0.0028115388000000004,-0.512814,1.1275502510000002,0.6751259999999997
2838,-0.0028105788000000005,-0.512814,1.143630653,0.23291499999999976
2839,-0.0028096188000000005,-0.5329145,1.1275502510000002,0.31331700000000007
2840,-0.0028086588,-0.5329145,1.1275502510000002,0.876131
2841,-0.0028076988000000002,-0.512814,1.1275502510000002,1.840955
2842,-0.0028067388000000003,-0.5329145,1.135590452,3.1273869999999997
2843,-0.0028057788000000004,-0.512814,1.1195100500000001,4.2530149999999995
2844,-0.0028048188000000004,-0.49271349999999997,1.1275502510000002,5.137437
2845,-0.0028038588000000005,-0.512814,1.135590452,5.459045
2846,-0.0028028988,-0.49271349999999997,1.1114698490000001,5.217839
2847,-0.0028019388,-0.512814,1.1275502510000002,4.45402
2848,-0.0028009788000000002,-0.512814,1.135590452,3.328392
2849,-0.0028000188000000003,-0.512814,1.135590452,2.001759
2850,-0.0027990588000000004,-0.512814,1.135590452,0.8359299999999998
2851,-0.0027980988000000004,-0.49271349999999997,1.135590452,0.23291499999999976
2852,-0.0027971388000000005,-0.512814,1.1275502510000002,0.31331700000000007
2853,-0.0027961788,-0.512814,1.143630653,0.9565329999999999
2854,-0.0027952188,-0.49271349999999997,1.135590452,2.323367
2855,-0.0027942588000000003,-0.512814,1.1275502510000002,3.65
2856,-0.0027932988000000003,-0.512814,1.135590452,4.85603
2857,-0.0027923388000000004,-0.49271349999999997,1.135590452,5.499245999999999
2858,-0.0027913788000000004,-0.512814,1.143630653,5.217839
2859,-0.0027904188000000005,-0.512814,1.1275502510000002,4.2530149999999995
2860,-0.0027894588,-0.512814,1.143630653,2.84598
2861,-0.0027884988,-0.512814,1.1275502510000002,1.3987439999999998
2862,-0.0027875388000000003,-0.49271349999999997,1.143630653,0.4339200000000001
2863,-0.0027865788000000003,-0.512814,1.1275502510000002,0.23291499999999976
2864,-0.0027856188000000004,-0.512814,1.143630653,0.7957289999999997
2865,-0.0027846588000000005,-0.512814,1.135590452,2.001759
2866,-0.0027836988000000005,-0.49271349999999997,1.1275502510000002,3.408794
2867,-0.0027827388,-0.512814,1.1275502510000002,4.735427
2868,-0.0027817788,-0.512814,1.1275502510000002,5.499245999999999
2869,-0.0027808188000000003,-0.512814,1.1195100500000001,5.338442
2870,-0.0027798588000000003,-0.49271349999999997,1.1195100500000001,4.574623
2871,-0.0027788988000000004,-0.49271349999999997,1.135590452,3.328392
2872,-0.0027779388000000005,-0.49271349999999997,1.1275502510000002,2.04196
2873,-0.0027769788000000005,-0.49271349999999997,1.1275502510000002,0.8359299999999998
2874,-0.0027760188,-0.49271349999999997,1.1275502510000002,0.2731159999999999
2875,-0.0027750588000000002,-0.512814,1.1275502510000002,0.2731159999999999
2876,-0.0027740988000000003,-0.49271349999999997,1.1275502510000002,0.876131
2877,-0.0027731388000000004,-0.512814,1.1195100500000001,1.961558
2878,-0.0027721788000000004,-0.49271349999999997,1.1275502510000002,3.207789
2879,-0.0027712188000000005,-0.49271349999999997,1.1275502510000002,4.373618
2880,-0.0027702588000000005,-0.512814,1.1275502510000002,5.137437
2881,-0.0027692988,-0.49271349999999997,1.151670854,5.459045
2882,-0.0027683388000000002,-0.472613,1.1275502510000002,5.258039999999999
2883,-0.0027673788000000003,-0.512814,1.143630653,4.494221
2884,-0.0027664188000000004,-0.49271349999999997,1.1275502510000002,3.3685929999999997
2885,-0.0027654588000000004,-0.49271349999999997,1.135590452,2.082161
2886,-0.0027644988000000005,-0.49271349999999997,1.135590452,1.0369349999999997
2887,-0.0027635388000000006,-0.49271349999999997,1.1275502510000002,0.3535179999999998
2888,-0.0027625788,-0.512814,1.1275502510000002,0.19271400000000005
2889,-0.0027616188000000002,-0.512814,1.135590452,0.5545229999999997
2890,-0.0027606588000000003,-0.512814,1.1195100500000001,1.5193469999999998
2891,-0.0027596988000000004,-0.5329145,1.1275502510000002,2.7655779999999996
2892,-0.0027587388000000004,-0.49271349999999997,1.135590452,3.931407
2893,-0.0027577788000000005,-0.49271349999999997,1.135590452,5.057035
2894,-0.0027568188,-0.49271349999999997,1.1275502510000002,5.459045
2895,-0.0027558588,-0.512814,1.1275502510000002,5.298241
2896,-0.0027548988000000003,-0.49271349999999997,1.135590452,4.413819
2897,-0.0027539388000000003,-0.49271349999999997,1.1195100500000001,3.167588
2898,-0.0027529788000000004,-0.49271349999999997,1.1275502510000002,1.7605529999999998
2899,-0.0027520188000000004,-0.512814,1.1275502510000002,0.634925
2900,-0.0027510588000000005,-0.49271349999999997,1.135590452,0.23291499999999976
2901,-0.0027500988,-0.512814,1.135590452,0.514322
2902,-0.0027491388,-0.512814,1.1195100500000001,1.559548
2903,-0.0027481788000000003,-0.512814,1.135590452,3.087186
2904,-0.0027472188000000003,-0.49271349999999997,1.1195100500000001,4.413819
2905,-0.0027462588000000004,-0.512814,1.1275502510000002,5.378643
2906,-0.0027452988000000005,-0.512814,1.1275502510000002,5.338442
2907,-0.0027443388000000005,-0.49271349999999997,1.1275502510000002,4.574623
2908,-0.0027433788,-0.49271349999999997,1.135590452,3.207789
2909,-0.0027424188,-0.512814,1.135590452,1.6399499999999998
2910,-0.0027414588000000003,-0.49271349999999997,1.143630653,0.5545229999999997
2911,-0.0027404988000000003,-0.49271349999999997,1.135590452,0.19271400000000005
2912,-0.0027395388000000004,-0.49271349999999997,1.1275502510000002,0.755528
2913,-0.0027385788000000005,-0.49271349999999997,1.143630653,1.961558
2914,-0.0027376188000000005,-0.49271349999999997,1.135590452,3.529397
2915,-0.0027366588,-0.49271349999999997,1.1275502510000002,4.815829
2916,-0.0027356988000000002,-0.49271349999999997,1.143630653,5.459045
2917,-0.0027347388000000003,-0.512814,1.135590452,5.177638
2918,-0.0027337788000000003,-0.472613,1.135590452,4.1324119999999995
2919,-0.0027328188000000004,-0.49271349999999997,1.1275502510000002,2.7655779999999996
2920,-0.0027318588000000005,-0.49271349999999997,1.1275502510000002,1.3987439999999998
2921,-0.0027308988000000005,-0.472613,1.135590452,0.4339200000000001
2922,-0.0027299388,-0.45251250000000004,1.135590452,0.19271400000000005
2923,-0.0027289788000000002,-0.49271349999999997,1.1195100500000001,0.755528
2924,-0.0027280188000000003,-0.49271349999999997,1.1275502510000002,1.8811559999999998
2925,-0.0027270588000000004,-0.49271349999999997,1.1275502510000002,3.2479899999999997
2926,-0.0027260988000000004,-0.49271349999999997,1.1275502510000002,4.534422
2927,-0.0027251388000000005,-0.49271349999999997,1.1195100500000001,5.298241
2928,-0.0027241788000000005,-0.49271349999999997,1.1195100500000001,5.418844
2929,-0.0027232188,-0.49271349999999997,1.1275502510000002,4.85603
2930,-0.0027222588000000002,-0.49271349999999997,1.1275502510000002,3.7304019999999998
2931,-0.0027212988000000003,-0.472613,1.1275502510000002,2.363568
2932,-0.0027203388000000004,-0.472613,1.135590452,1.23794
2933,-0.0027193788000000004,-0.512814,1.1275502510000002,0.3535179999999998
2934,-0.0027184188000000005,-0.49271349999999997,1.143630653,0.19271400000000005
2935,-0.0027174588000000006,-0.512814,1.1275502510000002,0.634925
2936,-0.0027164988,-0.512814,1.135590452,1.6399499999999998
2937,-0.0027155388000000003,-0.49271349999999997,1.1275502510000002,2.966583
2938,-0.0027145788000000003,-0.49271349999999997,1.143630653,4.172613
2939,-0.0027136188000000004,-0.472613,1.135590452,5.097236
2940,-0.0027126588000000004,-0.49271349999999997,1.1275502510000002,5.459045
2941,-0.0027116988000000005,-0.49271349999999997,1.135590452,5.097236
2942,-0.0027107388,-0.49271349999999997,1.1275502510000002,4.1324119999999995
2943,-0.0027097788,-0.472613,1.1275502510000002,2.8861809999999997
2944,-0.0027088188000000003,-0.512814,1.1195100500000001,1.479146
2945,-0.0027078588000000003,-0.512814,1.135590452,0.514322
2946,-0.0027068988000000004,-0.49271349999999997,1.1275502510000002,0.23291499999999976
2947,-0.0027059388000000005,-0.472613,1.1275502510000002,0.5947239999999998
2948,-0.0027049788000000005,-0.45251250000000004,1.1275502510000002,1.7605529999999998
2949,-0.0027040188,-0.472613,1.1114698490000001,3.167588
2950,-0.0027030588,-0.49271349999999997,1.135590452,4.45402
2951,-0.0027020988000000003,-0.472613,1.1195100500000001,5.338442
2952,-0.0027011388000000003,-0.472613,1.1195100500000001,5.418844
2953,-0.0027001788000000004,-0.45251250000000004,1.1195100500000001,4.534422
2954,-0.0026992188000000005,-0.49271349999999997,1.135590452,3.1273869999999997
2955,-0.0026982588000000005,-0.472613,1.1195100500000001,1.559548
2956,-0.0026972988,-0.472613,1.1275502510000002,0.4741209999999998
2957,-0.0026963388000000002,-0.472613,1.1195100500000001,0.19271400000000005
2958,-0.0026953788000000003,-0.49271349999999997,1.1195100500000001,0.7957289999999997
2959,-0.0026944188000000003,-0.512814,1.1275502510000002,2.122362
2960,-0.0026934588000000004,-0.472613,1.135590452,3.65
2961,-0.0026924988000000005,-0.472613,1.135590452,4.896231
2962,-0.0026915388000000005,-0.472613,1.1275502510000002,5.418844
2963,-0.0026905788,-0.49271349999999997,1.135590452,5.057035
2964,-0.0026896188000000002,-0.49271349999999997,1.1275502510000002,3.891206
2965,-0.0026886588000000003,-0.472613,1.135590452,2.44397
2966,-0.0026876988000000004,-0.49271349999999997,1.135590452,1.0771359999999999
2967,-0.0026867388000000004,-0.472613,1.1275502510000002,0.2731159999999999
2968,-0.0026857788000000005,-0.472613,1.135590452,0.3535179999999998
2969,-0.0026848188000000005,-0.472613,1.1275502510000002,1.0771359999999999
2970,-0.0026838588,-0.472613,1.1275502510000002,2.44397
2971,-0.0026828988000000002,-0.49271349999999997,1.1275502510000002,3.770603
2972,-0.0026819388000000003,-0.472613,1.143630653,4.936432
2973,-0.0026809788000000004,-0.472613,1.1195100500000001,5.499245999999999
2974,-0.0026800188000000004,-0.49271349999999997,1.1195100500000001,5.258039999999999
2975,-0.0026790588000000005,-0.45251250000000004,1.1195100500000001,4.373618
2976,-0.0026780988000000006,-0.472613,1.1275502510000002,3.046985
2977,-0.0026771388,-0.472613,1.1195100500000001,1.7605529999999998
2978,-0.0026761788000000002,-0.472613,1.1275502510000002,0.634925
2979,-0.0026752188000000003,-0.472613,1.1275502510000002,0.19271400000000005
2980,-0.0026742588000000004,-0.472613,1.1195100500000001,0.4339200000000001
2981,-0.0026732988000000004,-0.472613,1.1195100500000001,1.318342
2982,-0.0026723388000000005,-0.45251250000000004,1.1195100500000001,2.685176
2983,-0.0026713788,-0.45251250000000004,1.1275502510000002,4.0118089999999995
2984,-0.0026704188,-0.45251250000000004,1.1275502510000002,5.016834
2985,-0.0026694588000000003,-0.472613,1.1275502510000002,5.459045
2986,-0.0026684988000000003,-0.472613,1.135590452,5.137437
2987,-0.0026675388000000004,-0.49271349999999997,1.135590452,4.1324119999999995
2988,-0.0026665788000000005,-0.472613,1.1195100500000001,2.805779
2989,-0.0026656188000000005,-0.472613,1.135590452,1.358543
2990,-0.0026646588,-0.472613,1.135590452,0.4339200000000001
2991,-0.0026636988,-0.472613,1.1275502510000002,0.11231199999999975
2992,-0.0026627388000000003,-0.472613,1.135590452,0.7153269999999998
2993,-0.0026617788000000003,-0.49271349999999997,1.143630653,1.8811559999999998
2994,-0.0026608188000000004,-0.472613,1.1275502510000002,3.408794
2995,-0.0026598588000000005,-0.49271349999999997,1.1275502510000002,4.695226
2996,-0.0026588988000000005,-0.45251250000000004,1.135590452,5.418844
2997,-0.0026579388,-0.49271349999999997,1.135590452,5.298241
2998,-0.0026569788,-0.472613,1.1275502510000002,4.45402
2999,-0.0026560188000000003,-0.472613,1.1195100500000001,3.207789
3000,-0.0026550588000000003,-0.472613,1.1275502510000002,1.680151
3001,-0.0026540988000000004,-0.49271349999999997,1.1275502510000002,0.5947239999999998
3002,-0.0026531388000000005,-0.472613,1.1114698490000001,0.1525129999999999
3003,-0.0026521788000000005,-0.472613,1.1195100500000001,0.5545229999999997
3004,-0.0026512188,-0.472613,1.1275502510000002,1.7203519999999999
3005,-0.0026502588000000002,-0.472613,1.1195100500000001,3.167588
3006,-0.0026492988000000003,-0.472613,1.1275502510000002,4.494221
3007,-0.0026483388000000004,-0.472613,1.1195100500000001,5.338442
3008,-0.0026473788000000004,-0.472613,1.1195100500000001,5.338442
3009,-0.0026464188000000005,-0.472613,1.1275502510000002,4.614824
3010,-0.0026454588000000005,-0.472613,1.135590452,3.3685929999999997
3011,-0.0026444988,-0.472613,1.135590452,1.800754
3012,-0.0026435388000000002,-0.472613,1.135590452,0.6751259999999997
3013,-0.0026425788000000003,-0.45251250000000004,1.135590452,0.19271400000000005
3014,-0.0026416188000000004,-0.472613,1.135590452,0.5545229999999997
3015,-0.0026406588000000004,-0.472613,1.1275502510000002,1.599749
3016,-0.0026396988000000005,-0.472613,1.135590452,3.087186
3017,-0.0026387388000000006,-0.472613,1.135590452,4.45402
3018,-0.0026377788,-0.472613,1.143630653,5.338442
3019,-0.0026368188000000002,-0.472613,1.1275502510000002,5.338442
3020,-0.0026358588000000003,-0.45251250000000004,1.1195100500000001,4.655025
3021,-0.0026348988000000004,-0.472613,1.1275502510000002,3.207789
3022,-0.0026339388000000004,-0.472613,1.1195100500000001,1.7605529999999998
3023,-0.0026329788000000005,-0.472613,1.1275502510000002,0.5947239999999998
3024,-0.0026320188000000006,-0.472613,1.1195100500000001,0.19271400000000005
3025,-0.0026310588,-0.472613,1.135590452,0.514322
3026,-0.0026300988000000003,-0.472613,1.1195100500000001,1.6399499999999998
3027,-0.0026291388000000003,-0.472613,1.1275502510000002,3.1273869999999997
3028,-0.0026281788000000004,-0.472613,1.1195100500000001,4.494221
3029,-0.0026272188000000004,-0.472613,1.1195100500000001,5.338442
3030,-0.0026262588000000005,-0.45251250000000004,1.1195100500000001,5.298241
3031,-0.0026252988,-0.472613,1.1275502510000002,4.614824
3032,-0.0026243388,-0.472613,1.1195100500000001,3.2479899999999997
3033,-0.0026233788000000003,-0.472613,1.135590452,1.7605529999999998
3034,-0.0026224188000000003,-0.472613,1.135590452,0.5545229999999997
3035,-0.0026214588000000004,-0.472613,1.1275502510000002,0.1525129999999999
3036,-0.0026204988000000005,-0.45251250000000004,1.1275502510000002,0.5545229999999997
3037,-0.0026195388000000005,-0.472613,1.1275502510000002,1.680151
3038,-0.0026185788,-0.472613,1.135590452,3.1273869999999997
3039,-0.0026176188,-0.472613,1.1195100500000001,4.494221
3040,-0.0026166588000000003,-0.45251250000000004,1.1275502510000002,5.338442
3041,-0.0026156988000000003,-0.45251250000000004,1.135590452,5.378643
3042,-0.0026147388000000004,-0.45251250000000004,1.1114698490000001,4.534422
3043,-0.0026137788000000005,-0.432412,1.1275502510000002,3.207789
3044,-0.0026128188000000005,-0.472613,1.1195100500000001,1.7203519999999999
3045,-0.0026118588,-0.45251250000000004,1.1195100500000001,0.5947239999999998
3046,-0.0026108988000000002,-0.472613,1.1114698490000001,0.19271400000000005
3047,-0.0026099388000000003,-0.472613,1.1275502510000002,0.5947239999999998
3048,-0.0026089788000000004,-0.49271349999999997,1.1275502510000002,1.7605529999999998
3049,-0.0026080188000000004,-0.472613,1.1114698490000001,3.2479899999999997
3050,-0.0026070588000000005,-0.45251250000000004,1.1275502510000002,4.574623
3051,-0.0026060988000000005,-0.45251250000000004,1.1195100500000001,5.338442
3052,-0.0026051388,-0.472613,1.1275502510000002,5.298241
3053,-0.0026041788000000002,-0.472613,1.1195100500000001,4.534422
3054,-0.0026032188000000003,-0.472613,1.1195100500000001,3.087186
3055,-0.0026022588000000004,-0.45251250000000004,1.1195100500000001,1.599749
3056,-0.0026012988000000004,-0.45251250000000004,1.1195100500000001,0.5545229999999997
3057,-0.0026003388000000005,-0.45251250000000004,1.135590452,0.1525129999999999
3058,-0.0025993788000000006,-0.45251250000000004,1.1275502510000002,0.5947239999999998
3059,-0.0025984188,-0.432412,1.1195100500000001,1.840955
3060,-0.0025974588000000002,-0.472613,1.1275502510000002,3.2479899999999997
3061,-0.0025964988000000003,-0.45251250000000004,1.1275502510000002,4.574623
3062,-0.0025955388000000004,-0.45251250000000004,1.135590452,5.378643
3063,-0.0025945788000000004,-0.472613,1.135590452,5.258039999999999
3064,-0.0025936188000000005,-0.45251250000000004,1.135590452,4.494221
3065,-0.0025926588000000006,-0.45251250000000004,1.135590452,3.167588
3066,-0.0025916988,-0.432412,1.1195100500000001,1.680151
3067,-0.0025907388000000003,-0.45251250000000004,1.1275502510000002,0.5545229999999997
3068,-0.0025897788000000003,-0.472613,1.1275502510000002,0.19271400000000005
3069,-0.0025888188000000004,-0.432412,1.1275502510000002,0.5545229999999997
3070,-0.0025878588000000004,-0.432412,1.1114698490000001,1.7605529999999998
3071,-0.0025868988000000005,-0.432412,1.1114698490000001,3.288191
3072,-0.0025859388000000006,-0.45251250000000004,1.1275502510000002,4.574623
3073,-0.0025849788,-0.472613,1.1195100500000001,5.378643
3074,-0.0025840188000000003,-0.45251250000000004,1.1195100500000001,5.298241
3075,-0.0025830588000000003,-0.45251250000000004,1.1195100500000001,4.333417
3076,-0.0025820988000000004,-0.45251250000000004,1.1275502510000002,2.8861809999999997
3077,-0.0025811388000000005,-0.45251250000000004,1.135590452,1.3987439999999998
3078,-0.0025801788000000005,-0.45251250000000004,1.1275502510000002,0.4339200000000001
3079,-0.0025792188,-0.472613,1.1275502510000002,0.23291499999999976
3080,-0.0025782588,-0.45251250000000004,1.1195100500000001,1.0369349999999997
3081,-0.0025772988000000003,-0.45251250000000004,1.1275502510000002,2.44397
3082,-0.0025763388000000003,-0.472613,1.135590452,3.971608
3083,-0.0025753788000000004,-0.45251250000000004,1.135590452,5.137437
3084,-0.0025744188000000005,-0.432412,1.1275502510000002,5.459045
3085,-0.0025734588000000005,-0.472613,1.1275502510000002,4.815829
3086,-0.0025724988,-0.45251250000000004,1.135590452,3.448995
3087,-0.0025715388000000002,-0.45251250000000004,1.135590452,1.8811559999999998
3088,-0.0025705788000000003,-0.45251250000000004,1.135590452,0.6751259999999997
3089,-0.0025696188000000003,-0.45251250000000004,1.1275502510000002,0.23291499999999976
3090,-0.0025686588000000004,-0.45251250000000004,1.1195100500000001,0.5545229999999997
3091,-0.0025676988000000005,-0.45251250000000004,1.1275502510000002,1.800754
3092,-0.0025667388000000005,-0.45251250000000004,1.1195100500000001,3.2479899999999997
3093,-0.0025657788,-0.45251250000000004,1.1195100500000001,4.534422
3094,-0.0025648188000000002,-0.45251250000000004,1.1195100500000001,5.298241
3095,-0.0025638588000000003,-0.472613,1.1195100500000001,5.298241
3096,-0.0025628988000000004,-0.45251250000000004,1.1275502510000002,4.494221
3097,-0.0025619388000000004,-0.45251250000000004,1.1114698490000001,3.087186
3098,-0.0025609788000000005,-0.45251250000000004,1.1195100500000001,1.680151
3099,-0.0025600188000000005,-0.45251250000000004,1.1275502510000002,0.5947239999999998
3100,-0.0025590588,-0.432412,1.1114698490000001,0.19271400000000005
3101,-0.0025580988000000002,-0.472613,1.1275502510000002,0.5947239999999998
3102,-0.0025571388000000003,-0.45251250000000004,1.1275502510000002,1.6399499999999998
3103,-0.0025561788000000004,-0.432412,1.135590452,3.0067839999999997
3104,-0.0025552188000000004,-0.45251250000000004,1.1195100500000001,4.333417
3105,-0.0025542588000000005,-0.45251250000000004,1.1195100500000001,5.258039999999999
3106,-0.0025532988000000006,-0.45251250000000004,1.1275502510000002,5.338442
3107,-0.0025523388,-0.45251250000000004,1.1195100500000001,4.775628
3108,-0.0025513788000000003,-0.432412,1.1275502510000002,3.6097989999999998
3109,-0.0025504188000000003,-0.45251250000000004,1.1275502510000002,2.122362
3110,-0.0025494588000000004,-0.45251250000000004,1.1275502510000002,0.9163319999999997
3111,-0.0025484988000000004,-0.45251250000000004,1.1275502510000002,0.19271400000000005
3112,-0.0025475388000000005,-0.45251250000000004,1.1275502510000002,0.31331700000000007
3113,-0.0025465788000000006,-0.45251250000000004,1.1275502510000002,1.318342
3114,-0.0025456188,-0.45251250000000004,1.1275502510000002,2.685176
3115,-0.0025446588000000003,-0.45251250000000004,1.1275502510000002,4.1324119999999995
3116,-0.0025436988000000003,-0.45251250000000004,1.1275502510000002,5.217839
3117,-0.0025427388000000004,-0.432412,1.1195100500000001,5.378643
3118,-0.0025417788000000005,-0.432412,1.1114698490000001,4.695226
3119,-0.0025408188000000005,-0.4123115,1.1275502510000002,3.448995
3120,-0.0025398588,-0.432412,1.1195100500000001,1.921357
3121,-0.0025388988,-0.432412,1.1195100500000001,0.6751259999999997
3122,-0.0025379388000000003,-0.432412,1.1195100500000001,0.1525129999999999
3123,-0.0025369788000000003,-0.432412,1.1114698490000001,0.5947239999999998
3124,-0.0025360188000000004,-0.45251250000000004,1.1195100500000001,1.7203519999999999
3125,-0.0025350588000000005,-0.432412,1.1275502510000002,3.288191
3126,-0.0025340988000000005,-0.432412,1.1195100500000001,4.695226
3127,-0.0025331388,-0.45251250000000004,1.1275502510000002,5.378643
3128,-0.0025321788000000002,-0.4123115,1.1195100500000001,5.137437
3129,-0.0025312188000000003,-0.432412,1.1275502510000002,4.05201
3130,-0.0025302588000000003,-0.45251250000000004,1.1114698490000001,2.44397
3131,-0.0025292988000000004,-0.472613,1.135590452,1.0369349999999997
3132,-0.0025283388000000005,-0.45251250000000004,1.1275502510000002,0.2731159999999999
3133,-0.0025273788000000005,-0.432412,1.1275502510000002,0.39371899999999993
3134,-0.0025264188,-0.432412,1.1275502510000002,1.479146
3135,-0.0025254588000000002,-0.432412,1.1195100500000001,3.0067839999999997
3136,-0.0025244988000000003,-0.432412,1.1195100500000001,4.494221
3137,-0.0025235388000000004,-0.432412,1.135590452,5.298241
3138,-0.0025225788000000004,-0.432412,1.135590452,5.258039999999999
3139,-0.0025216188000000005,-0.45251250000000004,1.1275502510000002,4.373618
3140,-0.0025206588000000005,-0.432412,1.1195100500000001,2.926382
3141,-0.0025196988,-0.432412,1.1195100500000001,1.479146
3142,-0.0025187388000000002,-0.45251250000000004,1.1114698490000001,0.3535179999999998
3143,-0.0025177788000000003,-0.45251250000000004,1.1114698490000001,0.1525129999999999
3144,-0.0025168188000000004,-0.432412,1.1195100500000001,0.876131
3145,-0.0025158588000000004,-0.4123115,1.1195100500000001,2.202764
3146,-0.0025148988000000005,-0.432412,1.1195100500000001,3.65
3147,-0.0025139388000000006,-0.432412,1.1195100500000001,4.896231
3148,-0.0025129788,-0.432412,1.1195100500000001,5.418844
3149,-0.0025120188000000002,-0.432412,1.1195100500000001,5.057035
3150,-0.0025110588000000003,-0.472613,1.1195100500000001,3.971608
3151,-0.0025100988000000004,-0.45251250000000004,1.1275502510000002,2.564573
3152,-0.0025091388000000004,-0.45251250000000004,1.1195100500000001,1.117337
3153,-0.0025081788000000005,-0.432412,1.1195100500000001,0.31331700000000007
3154,-0.0025072188000000006,-0.45251250000000004,1.1195100500000001,0.2731159999999999
3155,-0.0025062588,-0.45251250000000004,1.135590452,1.0771359999999999
3156,-0.0025052988000000003,-0.4123115,1.1195100500000001,2.484171
3157,-0.0025043388000000003,-0.432412,1.135590452,3.931407
3158,-0.0025033788000000004,-0.432412,1.1195100500000001,5.097236
3159,-0.0025024188000000004,-0.432412,1.1275502510000002,5.378643
3160,-0.0025014588000000005,-0.432412,1.1275502510000002,4.85603
3161,-0.0025004988000000006,-0.432412,1.1275502510000002,3.4891959999999997
3162,-0.0024995388,-0.432412,1.1195100500000001,1.921357
3163,-0.0024985788000000003,-0.432412,1.1275502510000002,0.6751259999999997
3164,-0.0024976188000000003,-0.432412,1.1114698490000001,0.1525129999999999
3165,-0.0024966588000000004,-0.432412,1.1195100500000001,0.6751259999999997
3166,-0.0024956988000000005,-0.4123115,1.103429648,1.961558
3167,-0.0024947388000000005,-0.4123115,1.1195100500000001,3.569598
3168,-0.0024937788,-0.4123115,1.1114698490000001,4.896231
3169,-0.0024928188,-0.45251250000000004,1.1114698490000001,5.378643
3170,-0.0024918588000000003,-0.432412,1.1114698490000001,4.976633
3171,-0.0024908988000000003,-0.4123115,1.1275502510000002,3.6097989999999998
3172,-0.0024899388000000004,-0.432412,1.1195100500000001,2.04196
3173,-0.0024889788000000005,-0.45251250000000004,1.135590452,0.6751259999999997
3174,-0.0024880188000000005,-0.432412,1.1275502510000002,0.19271400000000005
3175,-0.0024870588,-0.432412,1.135590452,0.634925
3176,-0.0024860988000000002,-0.45251250000000004,1.1195100500000001,1.840955
3177,-0.0024851388000000003,-0.4123115,1.1195100500000001,3.529397
3178,-0.0024841788000000004,-0.432412,1.1275502510000002,4.896231
3179,-0.0024832188000000004,-0.432412,1.135590452,5.418844
3180,-0.0024822588000000005,-0.4123115,1.1275502510000002,4.896231
3181,-0.0024812988000000005,-0.432412,1.1275502510000002,3.529397
3182,-0.0024803388,-0.45251250000000004,1.1275502510000002,1.800754
3183,-0.0024793788000000002,-0.432412,1.1275502510000002,0.5545229999999997
3184,-0.0024784188000000003,-0.432412,1.1114698490000001,0.19271400000000005
3185,-0.0024774588000000004,-0.432412,1.1114698490000001,0.876131
3186,-0.0024764988000000004,-0.4123115,1.103429648,2.363568
3187,-0.0024755388000000005,-0.432412,1.1114698490000001,3.971608
3188,-0.0024745788000000006,-0.45251250000000004,1.1195100500000001,5.137437
3189,-0.0024736188,-0.432412,1.1195100500000001,5.378643
3190,-0.0024726588000000002,-0.432412,1.1275502510000002,4.574623
3191,-0.0024716988000000003,-0.4123115,1.1195100500000001,3.087186
3192,-0.0024707388000000004,-0.432412,1.1195100500000001,1.438945
3193,-0.0024697788000000004,-0.432412,1.1114698490000001,0.3535179999999998
3194,-0.0024688188000000005,-0.432412,1.1275502510000002,0.23291499999999976
3195,-0.0024678588000000006,-0.4123115,1.1195100500000001,1.0771359999999999
3196,-0.0024668988,-0.432412,1.1195100500000001,2.564573
3197,-0.0024659388000000003,-0.4123115,1.1275502510000002,4.092211
3198,-0.0024649788000000003,-0.39221100000000003,1.1275502510000002,5.177638
3199,-0.0024640188000000004,-0.4123115,1.135590452,5.298241
3200,-0.0024630588000000004,-0.4123115,1.1195100500000001,4.614824
3201,-0.0024620988000000005,-0.4123115,1.135590452,3.167588
3202,-0.0024611388000000006,-0.432412,1.1195100500000001,1.680151
3203,-0.0024601788,-0.432412,1.1275502510000002,0.4741209999999998
3204,-0.0024592188000000003,-0.4123115,1.135590452,0.23291499999999976
3205,-0.0024582588000000003,-0.432412,1.1275502510000002,0.8359299999999998
3206,-0.0024572988000000004,-0.432412,1.1195100500000001,2.082161
3207,-0.0024563388000000005,-0.432412,1.1114698490000001,3.690201
3208,-0.0024553788000000005,-0.45251250000000004,1.1114698490000001,4.85603
3209,-0.0024544188,-0.4123115,1.1195100500000001,5.418844
3210,-0.0024534588,-0.39221100000000003,1.103429648,4.936432
3211,-0.0024524988000000003,-0.432412,1.1114698490000001,3.65
3212,-0.0024515388000000003,-0.4123115,1.1114698490000001,2.122362
3213,-0.0024505788000000004,-0.39221100000000003,1.1195100500000001,0.7957289999999997
3214,-0.0024496188000000005,-0.432412,1.1195100500000001,0.19271400000000005
3215,-0.0024486588000000005,-0.432412,1.1195100500000001,0.5947239999999998
3216,-0.0024476988,-0.432412,1.1195100500000001,1.7605529999999998
3217,-0.0024467388000000002,-0.432412,1.135590452,3.408794
3218,-0.0024457788000000003,-0.432412,1.1195100500000001,4.775628
3219,-0.0024448188000000004,-0.4123115,1.1275502510000002,5.378643
3220,-0.0024438588000000004,-0.432412,1.1275502510000002,5.016834
3221,-0.0024428988000000005,-0.39221100000000003,1.1195100500000001,3.7304019999999998
3222,-0.0024419388000000005,-0.4123115,1.1195100500000001,2.001759
3223,-0.0024409788,-0.4123115,1.1195100500000001,0.6751259999999997
3224,-0.0024400188000000002,-0.39221100000000003,1.1195100500000001,0.11231199999999975
3225,-0.0024390588000000003,-0.432412,1.1275502510000002,0.755528
3226,-0.0024380988000000004,-0.45251250000000004,1.1275502510000002,2.082161
3227,-0.0024371388000000004,-0.432412,1.1275502510000002,3.810804
3228,-0.0024361788000000005,-0.432412,1.1195100500000001,5.016834
3229,-0.0024352188000000006,-0.432412,1.1275502510000002,5.378643
3230,-0.0024342588,-0.4123115,1.1114698490000001,4.695226
3231,-0.0024332988000000002,-0.432412,1.1195100500000001,3.288191
3232,-0.0024323388000000003,-0.4123115,1.1114698490000001,1.599749
3233,-0.0024313788000000004,-0.4123115,1.095389447,0.4741209999999998
3234,-0.0024304188000000004,-0.4123115,1.1114698490000001,0.19271400000000005
3235,-0.0024294588000000005,-0.4123115,1.1114698490000001,0.9163319999999997
3236,-0.0024284988000000006,-0.39221100000000003,1.1114698490000001,2.5243719999999996
3237,-0.0024275388,-0.39221100000000003,1.1114698490000001,4.0118089999999995
3238,-0.0024265788000000003,-0.432412,1.1114698490000001,5.177638
3239,-0.0024256188000000003,-0.4123115,1.1195100500000001,5.378643
3240,-0.0024246588000000004,-0.39221100000000003,1.1195100500000001,4.494221
3241,-0.0024236988000000004,-0.39221100000000003,1.1195100500000001,3.046985
3242,-0.0024227388000000005,-0.39221100000000003,1.135590452,1.438945
3243,-0.0024217788000000006,-0.4123115,1.1195100500000001,0.4339200000000001
3244,-0.0024208188,-0.4123115,1.135590452,0.23291499999999976
3245,-0.0024198588000000003,-0.4123115,1.1195100500000001,1.0771359999999999
3246,-0.0024188988000000003,-0.4123115,1.1195100500000001,2.564573
3247,-0.0024179388000000004,-0.39221100000000003,1.1195100500000001,4.1324119999999995
3248,-0.0024169788000000005,-0.4123115,1.1114698490000001,5.177638
3249,-0.0024160188000000005,-0.4123115,1.1275502510000002,5.338442
3250,-0.0024150588000000006,-0.4123115,1.1195100500000001,4.494221
3251,-0.0024140988,-0.4123115,1.1275502510000002,3.087186
3252,-0.0024131388000000003,-0.4123115,1.1195100500000001,1.479146
3253,-0.0024121788000000003,-0.4123115,1.1195100500000001,0.39371899999999993
3254,-0.0024112188000000004,-0.4123115,1.1195100500000001,0.19271400000000005
3255,-0.0024102588000000005,-0.432412,1.1195100500000001,1.0369349999999997
3256,-0.0024092988000000005,-0.4123115,1.1195100500000001,2.44397
3257,-0.0024083388,-0.432412,1.1195100500000001,3.931407
3258,-0.0024073788000000002,-0.4123115,1.103429648,5.097236
3259,-0.0024064188000000003,-0.4123115,1.1195100500000001,5.338442
3260,-0.0024054588000000003,-0.4123115,1.1195100500000001,4.695226
3261,-0.0024044988000000004,-0.4123115,1.1275502510000002,3.328392
3262,-0.0024035388000000005,-0.4123115,1.1275502510000002,1.7605529999999998
3263,-0.0024025788000000005,-0.4123115,1.1195100500000001,0.5947239999999998
3264,-0.0024016188,-0.4123115,1.1195100500000001,0.19271400000000005
3265,-0.0024006588000000002,-0.432412,1.1195100500000001,0.6751259999999997
3266,-0.0023996988000000003,-0.432412,1.135590452,2.001759
3267,-0.0023987388000000004,-0.4123115,1.1114698490000001,3.529397
3268,-0.0023977788000000004,-0.4123115,1.1275502510000002,4.815829
3269,-0.0023968188000000005,-0.3721105,1.135590452,5.338442
3270,-0.0023958588000000005,-0.4123115,1.1195100500000001,4.936432
3271,-0.0023948988,-0.4123115,1.1275502510000002,3.7304019999999998
3272,-0.0023939388000000002,-0.39221100000000003,1.1195100500000001,2.202764
3273,-0.0023929788000000003,-0.432412,1.1195100500000001,0.7957289999999997
3274,-0.0023920188000000004,-0.4123115,1.1275502510000002,0.19271400000000005
3275,-0.0023910588000000004,-0.4123115,1.1195100500000001,0.4741209999999998
3276,-0.0023900988000000005,-0.4123115,1.1275502510000002,1.7203519999999999
3277,-0.0023891388000000006,-0.4123115,1.1114698490000001,3.288191
3278,-0.0023881788,-0.39221100000000003,1.1114698490000001,4.695226
3279,-0.0023872188000000003,-0.4123115,1.1195100500000001,5.378643
3280,-0.0023862588000000003,-0.432412,1.1195100500000001,4.976633
3281,-0.0023852988000000004,-0.432412,1.1195100500000001,3.810804
3282,-0.0023843388000000004,-0.432412,1.1195100500000001,2.242965
3283,-0.0023833788000000005,-0.432412,1.1275502510000002,0.755528
3284,-0.0023824188000000006,-0.432412,1.1275502510000002,0.1525129999999999
3285,-0.0023814588,-0.4123115,1.1114698490000001,0.5545229999999997
3286,-0.0023804988000000003,-0.4123115,1.1195100500000001,1.840955
3287,-0.0023795388000000003,-0.4123115,1.1275502510000002,3.448995
3288,-0.0023785788000000004,-0.4123115,1.1275502510000002,4.815829
3289,-0.0023776188000000005,-0.4123115,1.1275502510000002,5.378643
3290,-0.0023766588000000005,-0.39221100000000003,1.1195100500000001,4.85603
3291,-0.0023756988000000006,-0.4123115,1.1195100500000001,3.569598
3292,-0.0023747388,-0.3721105,1.1114698490000001,1.961558
3293,-0.0023737788000000003,-0.39221100000000003,1.1114698490000001,0.634925
3294,-0.0023728188000000003,-0.4123115,1.1195100500000001,0.1525129999999999
3295,-0.0023718588000000004,-0.432412,1.1195100500000001,0.7153269999999998
3296,-0.0023708988000000005,-0.4123115,1.1114698490000001,2.082161
3297,-0.0023699388000000005,-0.4123115,1.1114698490000001,3.6097989999999998
3298,-0.0023689788000000006,-0.39221100000000003,1.1195100500000001,4.896231
3299,-0.0023680188000000002,-0.4123115,1.1114698490000001,5.378643
3300,-0.0023670588000000003,-0.432412,1.1114698490000001,4.815829
3301,-0.0023660988000000003,-0.4123115,1.1114698490000001,3.569598
3302,-0.0023651388000000004,-0.39221100000000003,1.1195100500000001,1.961558
3303,-0.0023641788000000005,-0.39221100000000003,1.1114698490000001,0.7153269999999998
3304,-0.0023632188000000005,-0.432412,1.1195100500000001,0.1525129999999999
3305,-0.0023622588,-0.39221100000000003,1.1114698490000001,0.5545229999999997
3306,-0.0023612988000000002,-0.39221100000000003,1.1275502510000002,1.800754
3307,-0.0023603388000000003,-0.4123115,1.1195100500000001,3.328392
3308,-0.0023593788000000004,-0.4123115,1.1195100500000001,4.735427
3309,-0.0023584188000000004,-0.4123115,1.1195100500000001,5.378643
3310,-0.0023574588000000005,-0.4123115,1.1275502510000002,5.097236
3311,-0.0023564988000000005,-0.4123115,1.1195100500000001,3.971608
3312,-0.0023555388,-0.39221100000000003,1.1275502510000002,2.5243719999999996
3313,-0.0023545788000000002,-0.4123115,1.1114698490000001,1.0771359999999999
3314,-0.0023536188000000003,-0.39221100000000003,1.1275502510000002,0.2731159999999999
3315,-0.0023526588000000004,-0.39221100000000003,1.1114698490000001,0.2731159999999999
3316,-0.0023516988000000004,-0.4123115,1.1114698490000001,1.1977389999999999
3317,-0.0023507388000000005,-0.4123115,1.1195100500000001,2.6449749999999996
3318,-0.0023497788000000006,-0.432412,1.1195100500000001,4.092211
3319,-0.0023488188,-0.4123115,1.1195100500000001,5.177638
3320,-0.0023478588000000002,-0.432412,1.1114698490000001,5.338442
3321,-0.0023468988000000003,-0.3721105,1.1195100500000001,4.574623
3322,-0.0023459388000000004,-0.39221100000000003,1.1195100500000001,3.1273869999999997
3323,-0.0023449788000000004,-0.39221100000000003,1.1195100500000001,1.599749
3324,-0.0023440188000000005,-0.3721105,1.1114698490000001,0.4741209999999998
3325,-0.0023430588000000006,-0.4123115,1.1195100500000001,0.23291499999999976
3326,-0.0023420988,-0.4123115,1.1114698490000001,0.8359299999999998
3327,-0.0023411388000000003,-0.39221100000000003,1.1195100500000001,2.242965
3328,-0.0023401788000000003,-0.39221100000000003,1.1195100500000001,3.851005
3329,-0.0023392188000000004,-0.39221100000000003,1.1195100500000001,5.097236
3330,-0.0023382588000000004,-0.4123115,1.135590452,5.378643
3331,-0.0023372988000000005,-0.39221100000000003,1.1275502510000002,4.695226
3332,-0.0023363388000000006,-0.3721105,1.1275502510000002,3.288191
3333,-0.0023353788,-0.39221100000000003,1.135590452,1.7203519999999999
3334,-0.0023344188000000003,-0.3721105,1.1275502510000002,0.514322
3335,-0.0023334588000000003,-0.4123115,1.135590452,0.19271400000000005
3336,-0.0023324988000000004,-0.39221100000000003,1.1195100500000001,0.876131
3337,-0.0023315388000000005,-0.4123115,1.1195100500000001,2.242965
3338,-0.0023305788000000005,-0.432412,1.1114698490000001,3.851005
3339,-0.0023296188000000006,-0.4123115,1.1114698490000001,4.976633
3340,-0.0023286588,-0.3721105,1.1114698490000001,5.378643
3341,-0.0023276988000000003,-0.39221100000000003,1.1114698490000001,4.695226
3342,-0.0023267388000000003,-0.39221100000000003,1.1114698490000001,3.288191
3343,-0.0023257788000000004,-0.39221100000000003,1.1114698490000001,1.7203519999999999
3344,-0.0023248188000000005,-0.39221100000000003,1.1114698490000001,0.5947239999999998
3345,-0.0023238588000000005,-0.4123115,1.1114698490000001,0.19271400000000005
3346,-0.0023228988,-0.39221100000000003,1.1114698490000001,0.9163319999999997
3347,-0.0023219388000000002,-0.4123115,1.1114698490000001,2.2831659999999996
3348,-0.0023209788000000003,-0.432412,1.1114698490000001,3.770603
3349,-0.0023200188000000004,-0.4123115,1.1114698490000001,5.016834
3350,-0.0023190588000000004,-0.3721105,1.135590452,5.338442
3351,-0.0023180988000000005,-0.3721105,1.1195100500000001,4.695226
3352,-0.0023171388000000005,-0.39221100000000003,1.135590452,3.328392
3353,-0.0023161788,-0.4123115,1.1195100500000001,1.800754
3354,-0.0023152188000000002,-0.39221100000000003,1.1275502510000002,0.5545229999999997
3355,-0.0023142588000000003,-0.3721105,1.1195100500000001,0.19271400000000005
3356,-0.0023132988000000004,-0.3721105,1.135590452,0.755528
3357,-0.0023123388000000004,-0.39221100000000003,1.1114698490000001,2.082161
3358,-0.0023113788000000005,-0.39221100000000003,1.1275502510000002,3.7304019999999998
3359,-0.0023104188000000006,-0.3721105,1.1195100500000001,4.896231
3360,-0.0023094588,-0.3721105,1.1114698490000001,5.378643
3361,-0.0023084988000000002,-0.4123115,1.1195100500000001,4.896231
3362,-0.0023075388000000003,-0.35201,1.1114698490000001,3.770603
3363,-0.0023065788000000004,-0.3721105,1.1114698490000001,2.1625629999999996
3364,-0.0023056188000000004,-0.39221100000000003,1.1195100500000001,0.8359299999999998
3365,-0.0023046588000000005,-0.432412,1.1114698490000001,0.1525129999999999
3366,-0.0023036988000000006,-0.39221100000000003,1.1195100500000001,0.4339200000000001
3367,-0.0023027388,-0.39221100000000003,1.1195100500000001,1.438945
3368,-0.0023017788000000003,-0.39221100000000003,1.1195100500000001,2.84598
3369,-0.0023008188000000003,-0.3721105,1.1114698490000001,4.2530149999999995
3370,-0.0022998588000000004,-0.39221100000000003,1.1114698490000001,5.217839
3371,-0.0022988988000000004,-0.39221100000000003,1.1195100500000001,5.298241
3372,-0.0022979388000000005,-0.4123115,1.1114698490000001,4.614824
3373,-0.0022969788000000006,-0.3721105,1.1195100500000001,3.288191
3374,-0.0022960188,-0.4123115,1.1195100500000001,1.7605529999999998
3375,-0.0022950588000000003,-0.39221100000000003,1.1195100500000001,0.5947239999999998
3376,-0.0022940988000000003,-0.39221100000000003,1.1275502510000002,0.19271400000000005
3377,-0.0022931388000000004,-0.3721105,1.1275502510000002,0.634925
3378,-0.0022921788000000005,-0.3721105,1.1275502510000002,1.800754
3379,-0.0022912188000000005,-0.39221100000000003,1.1195100500000001,3.288191
3380,-0.0022902588000000006,-0.4123115,1.1195100500000001,4.655025
3381,-0.0022892988,-0.3721105,1.1114698490000001,5.338442
3382,-0.0022883388000000003,-0.3721105,1.103429648,5.057035
3383,-0.0022873788000000003,-0.3721105,1.1114698490000001,3.931407
3384,-0.0022864188000000004,-0.39221100000000003,1.1114698490000001,2.4037689999999996
3385,-0.0022854588000000005,-0.35201,1.1114698490000001,0.996734
3386,-0.0022844988000000005,-0.39221100000000003,1.1195100500000001,0.23291499999999976
3387,-0.0022835388000000006,-0.39221100000000003,1.1114698490000001,0.4339200000000001
3388,-0.0022825788000000002,-0.3721105,1.1195100500000001,1.5193469999999998
3389,-0.0022816188000000003,-0.3721105,1.103429648,3.0067839999999997
3390,-0.0022806588000000004,-0.35201,1.1114698490000001,4.413819
3391,-0.0022796988000000004,-0.4123115,1.1114698490000001,5.298241
3392,-0.0022787388000000005,-0.39221100000000003,1.1114698490000001,5.137437
3393,-0.0022777788000000005,-0.39221100000000003,1.1114698490000001,4.1324119999999995
3394,-0.0022768188,-0.39221100000000003,1.1114698490000001,2.604774
3395,-0.0022758588000000002,-0.3721105,1.1195100500000001,1.1977389999999999
3396,-0.0022748988000000003,-0.3721105,1.103429648,0.23291499999999976
3397,-0.0022739388000000004,-0.3721105,1.1195100500000001,0.2731159999999999
3398,-0.0022729788000000004,-0.3721105,1.1195100500000001,1.117337
3399,-0.0022720188000000005,-0.3721105,1.1195100500000001,2.564573
3400,-0.0022710588000000006,-0.3721105,1.1195100500000001,3.971608
3401,-0.0022700988,-0.3721105,1.1195100500000001,5.057035
3402,-0.0022691388000000002,-0.39221100000000003,1.1195100500000001,5.338442
3403,-0.0022681788000000003,-0.39221100000000003,1.1195100500000001,4.735427
3404,-0.0022672188000000004,-0.3721105,1.1114698490000001,3.529397
3405,-0.0022662588000000004,-0.39221100000000003,1.1195100500000001,2.001759
3406,-0.0022652988000000005,-0.35201,1.1195100500000001,0.7957289999999997
3407,-0.0022643388000000006,-0.3721105,1.1114698490000001,0.19271400000000005
3408,-0.0022633788,-0.3721105,1.1195100500000001,0.39371899999999993
3409,-0.0022624188000000003,-0.39221100000000003,1.1195100500000001,1.479146
3410,-0.0022614588000000003,-0.3721105,1.103429648,2.805779
3411,-0.0022604988000000004,-0.4123115,1.1114698490000001,4.293216
3412,-0.0022595388000000004,-0.3721105,1.1114698490000001,5.177638
3413,-0.0022585788000000005,-0.3721105,1.103429648,5.258039999999999
3414,-0.0022576188000000006,-0.39221100000000003,1.1114698490000001,4.574623
3415,-0.0022566588,-0.35201,1.1195100500000001,3.328392
3416,-0.0022556988000000003,-0.39221100000000003,1.1114698490000001,1.8811559999999998
3417,-0.0022547388000000003,-0.39221100000000003,1.1195100500000001,0.6751259999999997
3418,-0.0022537788000000004,-0.35201,1.1114698490000001,0.23291499999999976
3419,-0.0022528188000000005,-0.3721105,1.1114698490000001,0.5545229999999997
3420,-0.0022518588000000005,-0.3721105,1.1195100500000001,1.599749
3421,-0.0022508988000000006,-0.3721105,1.1275502510000002,3.087186
3422,-0.0022499388,-0.39221100000000003,1.1275502510000002,4.45402
3423,-0.0022489788000000003,-0.3721105,1.1275502510000002,5.338442
3424,-0.0022480188000000003,-0.3721105,1.1195100500000001,5.217839
3425,-0.0022470588000000004,-0.3721105,1.1195100500000001,4.373618
3426,-0.0022460988000000005,-0.39221100000000003,1.1195100500000001,2.966583
3427,-0.0022451388000000005,-0.39221100000000003,1.1195100500000001,1.559548
3428,-0.0022441788000000006,-0.39221100000000003,1.1114698490000001,0.4339200000000001
3429,-0.0022432188000000002,-0.3721105,1.1114698490000001,0.19271400000000005
3430,-0.0022422588000000003,-0.3721105,1.1114698490000001,0.7153269999999998
3431,-0.0022412988000000003,-0.35201,1.1195100500000001,2.04196
3432,-0.0022403388000000004,-0.3721105,1.1195100500000001,3.529397
3433,-0.0022393788000000005,-0.3721105,1.1195100500000001,4.815829
3434,-0.0022384188000000005,-0.35201,1.1195100500000001,5.338442
3435,-0.0022374588000000006,-0.3721105,1.1114698490000001,4.976633
3436,-0.0022364988000000002,-0.3721105,1.103429648,3.891206
3437,-0.0022355388000000003,-0.3721105,1.1275502510000002,2.363568
3438,-0.0022345788000000004,-0.39221100000000003,1.103429648,0.9565329999999999
3439,-0.0022336188000000004,-0.3721105,1.1114698490000001,0.19271400000000005
3440,-0.0022326588000000005,-0.3721105,1.1114698490000001,0.4339200000000001
3441,-0.0022316988000000005,-0.35201,1.1195100500000001,1.479146
3442,-0.0022307388,-0.3721105,1.1195100500000001,3.0067839999999997
3443,-0.0022297788000000002,-0.3721105,1.1275502510000002,4.413819
3444,-0.0022288188000000003,-0.35201,1.1275502510000002,5.298241
3445,-0.0022278588000000004,-0.3721105,1.1114698490000001,5.217839
3446,-0.0022268988000000004,-0.3721105,1.1275502510000002,4.212814
3447,-0.0022259388000000005,-0.3721105,1.1195100500000001,2.805779
3448,-0.0022249788000000006,-0.3721105,1.1195100500000001,1.318342
3449,-0.0022240188,-0.39221100000000003,1.1114698490000001,0.31331700000000007
3450,-0.0022230588000000003,-0.35201,1.1114698490000001,0.23291499999999976
3451,-0.0022220988000000003,-0.35201,1.1114698490000001,0.996734
3452,-0.0022211388000000004,-0.3721105,1.103429648,2.4037689999999996
3453,-0.0022201788000000004,-0.3721105,1.103429648,3.891206
3454,-0.0022192188000000005,-0.3721105,1.1114698490000001,4.976633
3455,-0.0022182588000000006,-0.3721105,1.1114698490000001,5.298241
3456,-0.0022172988,-0.3721105,1.1114698490000001,4.815829
3457,-0.0022163388000000003,-0.3721105,1.1275502510000002,3.6097989999999998
3458,-0.0022153788000000003,-0.35201,1.1114698490000001,2.122362
3459,-0.0022144188000000004,-0.3721105,1.1195100500000001,0.755528
3460,-0.0022134588000000005,-0.3721105,1.1195100500000001,0.19271400000000005
3461,-0.0022124988000000005,-0.39221100000000003,1.1195100500000001,0.39371899999999993
3462,-0.0022115388000000006,-0.39221100000000003,1.1114698490000001,1.438945
3463,-0.0022105788,-0.35201,1.1195100500000001,2.7655779999999996
3464,-0.0022096188000000003,-0.35201,1.1195100500000001,4.172613
3465,-0.0022086588000000003,-0.3721105,1.1114698490000001,5.177638
3466,-0.0022076988000000004,-0.3721105,1.1195100500000001,5.298241
3467,-0.0022067388000000005,-0.35201,1.1114698490000001,4.655025
3468,-0.0022057788000000005,-0.3721105,1.1195100500000001,3.328392
3469,-0.0022048188000000006,-0.3721105,1.1275502510000002,1.840955
3470,-0.0022038588000000002,-0.35201,1.1195100500000001,0.634925
3471,-0.0022028988000000003,-0.39221100000000003,1.1195100500000001,0.19271400000000005
3472,-0.0022019388000000003,-0.35201,1.1114698490000001,0.5545229999999997
3473,-0.0022009788000000004,-0.35201,1.1195100500000001,1.599749
3474,-0.0022000188000000005,-0.3721105,1.1114698490000001,3.1273869999999997
3475,-0.0021990588000000005,-0.35201,1.1114698490000001,4.494221
3476,-0.0021980988000000006,-0.35201,1.103429648,5.298241
3477,-0.0021971388000000002,-0.3721105,1.1114698490000001,5.177638
3478,-0.0021961788000000003,-0.35201,1.1195100500000001,4.212814
3479,-0.0021952188000000004,-0.35201,1.1114698490000001,2.6449749999999996
3480,-0.0021942588000000004,-0.3721105,1.1195100500000001,1.1977389999999999
3481,-0.0021932988000000005,-0.3721105,1.1114698490000001,0.31331700000000007
3482,-0.0021923388000000005,-0.35201,1.103429648,0.31331700000000007
3483,-0.0021913788,-0.35201,1.1114698490000001,1.1977389999999999
3484,-0.0021904188000000002,-0.35201,1.1114698490000001,2.7655779999999996
3485,-0.0021894588000000003,-0.35201,1.1114698490000001,4.212814
3486,-0.0021884988000000004,-0.3721105,1.1195100500000001,5.177638
3487,-0.0021875388000000004,-0.3319095,1.1114698490000001,5.298241
3488,-0.0021865788000000005,-0.35201,1.1114698490000001,4.373618
3489,-0.0021856188000000006,-0.35201,1.1114698490000001,2.805779
3490,-0.0021846588,-0.3319095,1.1195100500000001,1.2781409999999997
3491,-0.0021836988000000002,-0.35201,1.1114698490000001,0.2731159999999999
3492,-0.0021827388000000003,-0.3721105,1.1195100500000001,0.3535179999999998
3493,-0.0021817788000000004,-0.35201,1.1195100500000001,1.23794
3494,-0.0021808188000000004,-0.35201,1.1195100500000001,2.7655779999999996
3495,-0.0021798588000000005,-0.35201,1.1195100500000001,4.2530149999999995
3496,-0.0021788988000000006,-0.39221100000000003,1.1275502510000002,5.177638
3497,-0.0021779388,-0.35201,1.1114698490000001,5.298241
3498,-0.0021769788000000003,-0.3721105,1.1114698490000001,4.413819
3499,-0.0021760188000000003,-0.35201,1.1195100500000001,3.046985
3500,-0.0021750588000000004,-0.39221100000000003,1.103429648,1.5193469999999998
3501,-0.0021740988000000004,-0.3721105,1.095389447,0.4741209999999998
3502,-0.0021731388000000005,-0.3721105,1.1114698490000001,0.19271400000000005
3503,-0.0021721788000000006,-0.35201,1.103429648,0.7957289999999997
3504,-0.0021712188,-0.35201,1.1114698490000001,2.001759
3505,-0.0021702588000000003,-0.35201,1.1114698490000001,3.569598
3506,-0.0021692988000000003,-0.35201,1.103429648,4.735427
3507,-0.0021683388000000004,-0.35201,1.1195100500000001,5.338442
3508,-0.0021673788000000005,-0.35201,1.1195100500000001,5.057035
3509,-0.0021664188000000005,-0.35201,1.1275502510000002,4.1324119999999995
3510,-0.0021654588000000006,-0.35201,1.1114698490000001,2.725377
3511,-0.0021644988,-0.35201,1.103429648,1.2781409999999997
3512,-0.0021635388000000003,-0.3721105,1.1275502510000002,0.3535179999999998
3513,-0.0021625788000000003,-0.35201,1.1114698490000001,0.19271400000000005
3514,-0.0021616188000000004,-0.35201,1.1275502510000002,0.876131
3515,-0.0021606588000000005,-0.35201,1.135590452,2.082161
3516,-0.0021596988000000005,-0.35201,1.1114698490000001,3.569598
3517,-0.0021587388000000006,-0.35201,1.1195100500000001,4.695226
3518,-0.0021577788000000002,-0.35201,1.1195100500000001,5.298241
3519,-0.0021568188000000003,-0.35201,1.1195100500000001,5.057035
3520,-0.0021558588000000004,-0.35201,1.1114698490000001,3.971608
3521,-0.0021548988000000004,-0.35201,1.1195100500000001,2.564573
3522,-0.0021539388000000005,-0.35201,1.1114698490000001,1.1977389999999999
3523,-0.0021529788000000005,-0.35201,1.103429648,0.2731159999999999
3524,-0.0021520188000000006,-0.35201,1.1114698490000001,0.2731159999999999
3525,-0.0021510588000000002,-0.35201,1.1114698490000001,1.117337
3526,-0.0021500988000000003,-0.3721105,1.1114698490000001,2.323367
3527,-0.0021491388000000004,-0.3721105,1.1195100500000001,3.851005
3528,-0.0021481788000000004,-0.3319095,1.1114698490000001,4.976633
3529,-0.0021472188000000005,-0.35201,1.103429648,5.298241
3530,-0.0021462588000000006,-0.35201,1.1195100500000001,4.815829
3531,-0.0021452988,-0.311809,1.1275502510000002,3.529397
3532,-0.0021443388000000002,-0.3319095,1.1195100500000001,2.001759
3533,-0.0021433788000000003,-0.3319095,1.1195100500000001,0.7153269999999998
3534,-0.0021424188000000004,-0.35201,1.1195100500000001,0.1525129999999999
3535,-0.0021414588000000004,-0.3319095,1.1195100500000001,0.5545229999999997
3536,-0.0021404988000000005,-0.35201,1.1195100500000001,1.680151
3537,-0.0021395388000000006,-0.35201,1.1275502510000002,3.167588
3538,-0.0021385788,-0.3319095,1.1114698490000001,4.534422
3539,-0.0021376188000000003,-0.3319095,1.1195100500000001,5.258039999999999
3540,-0.0021366588000000003,-0.3721105,1.1195100500000001,5.097236
3541,-0.0021356988000000004,-0.35201,1.1195100500000001,4.212814
3542,-0.0021347388000000004,-0.35201,1.1195100500000001,2.805779
3543,-0.0021337788000000005,-0.3721105,1.1114698490000001,1.358543
3544,-0.0021328188000000006,-0.3319095,1.1114698490000001,0.4339200000000001
3545,-0.0021318588,-0.35201,1.1114698490000001,0.19271400000000005
3546,-0.0021308988000000003,-0.35201,1.1195100500000001,0.876131
3547,-0.0021299388000000003,-0.39221100000000003,1.1195100500000001,2.082161
3548,-0.0021289788000000004,-0.3319095,1.1114698490000001,3.529397
3549,-0.0021280188000000005,-0.35201,1.1114698490000001,4.815829
3550,-0.0021270588000000005,-0.35201,1.103429648,5.298241
3551,-0.0021260988000000006,-0.35201,1.1195100500000001,5.016834
3552,-0.0021251388,-0.35201,1.1195100500000001,4.05201
3553,-0.0021241788000000003,-0.35201,1.1114698490000001,2.685176
3554,-0.0021232188000000003,-0.3721105,1.103429648,1.358543
3555,-0.0021222588000000004,-0.3319095,1.1195100500000001,0.3535179999999998
3556,-0.0021212988000000005,-0.35201,1.1114698490000001,0.19271400000000005
3557,-0.0021203388000000005,-0.35201,1.1114698490000001,0.755528
3558,-0.0021193788000000006,-0.35201,1.1275502510000002,1.840955
3559,-0.0021184188000000002,-0.3319095,1.1114698490000001,3.3685929999999997
3560,-0.0021174588000000003,-0.3319095,1.1275502510000002,4.534422
3561,-0.0021164988000000003,-0.311809,1.1195100500000001,5.217839
3562,-0.0021155388000000004,-0.3319095,1.1195100500000001,5.177638
3563,-0.0021145788000000005,-0.3319095,1.103429648,4.45402
3564,-0.0021136188000000005,-0.3319095,1.1114698490000001,3.207789
3565,-0.0021126588000000006,-0.35201,1.1114698490000001,1.7203519999999999
3566,-0.0021116988000000002,-0.35201,1.1195100500000001,0.634925
3567,-0.0021107388000000003,-0.311809,1.1114698490000001,0.19271400000000005
3568,-0.0021097788000000004,-0.35201,1.1114698490000001,0.4741209999999998
3569,-0.0021088188000000004,-0.3319095,1.103429648,1.438945
3570,-0.0021078588000000005,-0.3319095,1.1114698490000001,2.805779
3571,-0.0021068988000000006,-0.3721105,1.1114698490000001,4.092211
3572,-0.0021059388000000006,-0.311809,1.1114698490000001,5.097236
3573,-0.0021049788000000002,-0.35201,1.1114698490000001,5.298241
3574,-0.0021040188000000003,-0.35201,1.1114698490000001,4.775628
3575,-0.0021030588000000004,-0.3319095,1.103429648,3.569598
3576,-0.0021020988000000004,-0.35201,1.1114698490000001,2.122362
3577,-0.0021011388000000005,-0.3319095,1.1195100500000001,0.876131
3578,-0.0021001788000000006,-0.3319095,1.1114698490000001,0.2731159999999999
3579,-0.0020992188,-0.35201,1.1114698490000001,0.31331700000000007
3580,-0.0020982588000000003,-0.35201,1.1114698490000001,1.2781409999999997
3581,-0.0020972988000000003,-0.3319095,1.1195100500000001,2.725377
3582,-0.0020963388000000004,-0.35201,1.1114698490000001,4.172613
3583,-0.0020953788000000004,-0.3319095,1.1275502510000002,5.137437
3584,-0.0020944188000000005,-0.3319095,1.1195100500000001,5.298241
3585,-0.0020934588000000006,-0.3319095,1.1275502510000002,4.534422
3586,-0.0020924988,-0.3319095,1.1195100500000001,3.207789
3587,-0.0020915388000000003,-0.3319095,1.1114698490000001,1.7203519999999999
3588,-0.0020905788000000003,-0.35201,1.1195100500000001,0.5545229999999997
3589,-0.0020896188000000004,-0.3319095,1.1195100500000001,0.19271400000000005
3590,-0.0020886588000000005,-0.3319095,1.1275502510000002,0.634925
3591,-0.0020876988000000005,-0.3319095,1.1195100500000001,1.7605529999999998
3592,-0.0020867388000000006,-0.3319095,1.1114698490000001,3.288191
3593,-0.0020857788,-0.3319095,1.1114698490000001,4.574623
3594,-0.0020848188000000003,-0.311809,1.1195100500000001,5.258039999999999
3595,-0.0020838588000000003,-0.35201,1.1114698490000001,5.177638
3596,-0.0020828988000000004,-0.35201,1.1114698490000001,4.333417
3597,-0.0020819388000000005,-0.3319095,1.1195100500000001,3.046985
3598,-0.0020809788000000005,-0.35201,1.1114698490000001,1.559548
3599,-0.0020800188000000006,-0.311809,1.103429648,0.514322
3600,-0.0020790588000000002,-0.311809,1.1114698490000001,0.19271400000000005
3601,-0.0020780988000000003,-0.3319095,1.1195100500000001,0.514322
3602,-0.0020771388000000003,-0.3319095,1.1275502510000002,1.559548
3603,-0.0020761788000000004,-0.311809,1.1195100500000001,2.926382
3604,-0.0020752188000000005,-0.3319095,1.1275502510000002,4.212814
3605,-0.0020742588000000005,-0.35201,1.1195100500000001,5.137437
3606,-0.0020732988000000006,-0.3319095,1.1275502510000002,5.298241
3607,-0.0020723388000000002,-0.35201,1.1114698490000001,4.775628
3608,-0.0020713788000000003,-0.311809,1.1275502510000002,3.770603
3609,-0.0020704188000000004,-0.3319095,1.1195100500000001,2.323367
3610,-0.0020694588000000004,-0.35201,1.1195100500000001,1.0771359999999999
3611,-0.0020684988000000005,-0.3319095,1.1195100500000001,0.31331700000000007
3612,-0.0020675388000000005,-0.35201,1.1195100500000001,0.19271400000000005
3613,-0.0020665788000000006,-0.311809,1.1195100500000001,0.876131
3614,-0.0020656188000000002,-0.3319095,1.1195100500000001,2.122362
3615,-0.0020646588000000003,-0.35201,1.1114698490000001,3.4891959999999997
3616,-0.0020636988000000004,-0.311809,1.1195100500000001,4.695226
3617,-0.0020627388000000004,-0.35201,1.1114698490000001,5.298241
3618,-0.0020617788000000005,-0.3319095,1.1195100500000001,5.137437
3619,-0.0020608188000000006,-0.3319095,1.1114698490000001,4.212814
3620,-0.0020598588,-0.311809,1.1195100500000001,2.7655779999999996
3621,-0.0020588988000000003,-0.3319095,1.103429648,1.438945
3622,-0.0020579388000000003,-0.311809,1.1114698490000001,0.3535179999999998
3623,-0.0020569788000000004,-0.3319095,1.103429648,0.23291499999999976
3624,-0.0020560188000000004,-0.3319095,1.1114698490000001,0.755528
3625,-0.0020550588000000005,-0.311809,1.1195100500000001,2.04196
3626,-0.0020540988000000006,-0.3319095,1.1114698490000001,3.529397
3627,-0.0020531388,-0.35201,1.1114698490000001,4.735427
3628,-0.0020521788000000003,-0.311809,1.1114698490000001,5.298241
3629,-0.0020512188000000003,-0.29170850000000004,1.1195100500000001,5.057035
3630,-0.0020502588000000004,-0.3319095,1.1275502510000002,4.172613
3631,-0.0020492988000000005,-0.35201,1.1195100500000001,2.725377
3632,-0.0020483388000000005,-0.311809,1.1195100500000001,1.2781409999999997
3633,-0.0020473788000000006,-0.311809,1.1114698490000001,0.39371899999999993
3634,-0.0020464188,-0.3319095,1.1195100500000001,0.1525129999999999
3635,-0.0020454588000000003,-0.311809,1.1114698490000001,0.7957289999999997
3636,-0.0020444988000000003,-0.3319095,1.1114698490000001,1.961558
3637,-0.0020435388000000004,-0.3319095,1.1195100500000001,3.328392
3638,-0.0020425788000000005,-0.311809,1.1195100500000001,4.574623
3639,-0.0020416188000000005,-0.35201,1.1195100500000001,5.217839
3640,-0.0020406588000000006,-0.311809,1.1195100500000001,5.217839
3641,-0.0020396988000000002,-0.311809,1.1114698490000001,4.333417
3642,-0.0020387388000000003,-0.3319095,1.1195100500000001,3.087186
3643,-0.0020377788000000003,-0.3319095,1.103429648,1.7203519999999999
3644,-0.0020368188000000004,-0.3319095,1.1114698490000001,0.634925
3645,-0.0020358588000000005,-0.3319095,1.1114698490000001,0.19271400000000005
3646,-0.0020348988000000005,-0.3319095,1.1114698490000001,0.4339200000000001
3647,-0.0020339388000000006,-0.3319095,1.1114698490000001,1.438945
3648,-0.0020329788000000002,-0.311809,1.1114698490000001,2.7655779999999996
3649,-0.0020320188000000003,-0.3319095,1.1114698490000001,4.1324119999999995
3650,-0.0020310588000000004,-0.3319095,1.1114698490000001,5.057035
3651,-0.0020300988000000004,-0.3319095,1.1114698490000001,5.258039999999999
3652,-0.0020291388000000005,-0.3319095,1.1195100500000001,4.775628
3653,-0.0020281788000000005,-0.3319095,1.1275502510000002,3.7304019999999998
3654,-0.0020272188000000006,-0.3319095,1.1114698490000001,2.202764
3655,-0.0020262588000000002,-0.311809,1.1275502510000002,0.9565329999999999
3656,-0.0020252988000000003,-0.311809,1.1275502510000002,0.3535179999999998
3657,-0.0020243388000000004,-0.29170850000000004,1.1195100500000001,0.2731159999999999
3658,-0.0020233788000000004,-0.311809,1.1195100500000001,1.0369349999999997
3659,-0.0020224188000000005,-0.311809,1.1275502510000002,2.323367
3660,-0.0020214588000000006,-0.311809,1.1195100500000001,3.7304019999999998
3661,-0.0020204988000000006,-0.311809,1.1195100500000001,4.896231
3662,-0.0020195388000000002,-0.3319095,1.103429648,5.338442
3663,-0.0020185788000000003,-0.29170850000000004,1.1114698490000001,4.976633
3664,-0.0020176188000000004,-0.3319095,1.103429648,4.0118089999999995
3665,-0.0020166588000000004,-0.3319095,1.103429648,2.564573
3666,-0.0020156988000000005,-0.311809,1.1114698490000001,1.1575379999999997
3667,-0.0020147388000000006,-0.311809,1.1114698490000001,0.31331700000000007
3668,-0.0020137788,-0.3319095,1.1195100500000001,0.23291499999999976
3669,-0.0020128188000000003,-0.311809,1.1195100500000001,0.9163319999999997
3670,-0.0020118588000000003,-0.311809,1.1114698490000001,2.202764
3671,-0.0020108988000000004,-0.3319095,1.1114698490000001,3.6097989999999998
3672,-0.0020099388000000004,-0.3319095,1.103429648,4.775628
3673,-0.0020089788000000005,-0.311809,1.1114698490000001,5.298241
3674,-0.0020080188000000006,-0.29170850000000004,1.1114698490000001,5.057035
3675,-0.0020070588,-0.311809,1.1195100500000001,4.092211
3676,-0.0020060988000000003,-0.311809,1.1195100500000001,2.725377
3677,-0.0020051388000000003,-0.311809,1.1275502510000002,1.3987439999999998
3678,-0.0020041788000000004,-0.3319095,1.1195100500000001,0.3535179999999998
3679,-0.0020032188000000005,-0.3319095,1.1195100500000001,0.11231199999999975
3680,-0.0020022588000000005,-0.3319095,1.1275502510000002,0.755528
3681,-0.0020012988000000006,-0.3319095,1.135590452,1.840955
3682,-0.0020003388,-0.311809,1.1195100500000001,3.288191
3683,-0.0019993788000000003,-0.311809,1.1195100500000001,4.494221
3684,-0.0019984188000000003,-0.311809,1.1195100500000001,5.258039999999999
3685,-0.0019974588000000004,-0.311809,1.1114698490000001,5.258039999999999
3686,-0.0019964988000000005,-0.311809,1.1275502510000002,4.45402
3687,-0.0019955388000000005,-0.29170850000000004,1.1114698490000001,3.2479899999999997
3688,-0.0019945788000000006,-0.3319095,1.1114698490000001,1.8811559999999998
3689,-0.0019936188000000002,-0.311809,1.1114698490000001,0.7153269999999998
3690,-0.0019926588000000003,-0.311809,1.1275502510000002,0.23291499999999976
3691,-0.0019916988000000004,-0.311809,1.103429648,0.3535179999999998
3692,-0.0019907388000000004,-0.311809,1.1114698490000001,1.1977389999999999
3693,-0.0019897788000000005,-0.311809,1.1114698490000001,2.5243719999999996
3694,-0.0019888188000000005,-0.3319095,1.1114698490000001,3.810804
3695,-0.0019878588000000006,-0.311809,1.1195100500000001,4.85603
3696,-0.0019868988000000002,-0.311809,1.1114698490000001,5.378643
3697,-0.0019859388000000003,-0.3319095,1.1195100500000001,5.097236
3698,-0.0019849788000000004,-0.29170850000000004,1.1195100500000001,4.1324119999999995
3699,-0.0019840188000000004,-0.311809,1.1195100500000001,2.725377
3700,-0.0019830588000000005,-0.311809,1.1195100500000001,1.3987439999999998
3701,-0.0019820988000000006,-0.311809,1.1195100500000001,0.4741209999999998
3702,-0.0019811388000000006,-0.311809,1.1195100500000001,0.1525129999999999
3703,-0.0019801788000000002,-0.311809,1.1195100500000001,0.7153269999999998
3704,-0.0019792188000000003,-0.311809,1.1195100500000001,1.7203519999999999
3705,-0.0019782588000000004,-0.311809,1.1195100500000001,3.167588
3706,-0.0019772988000000004,-0.311809,1.1275502510000002,4.494221
3707,-0.0019763388000000005,-0.3319095,1.1195100500000001,5.298241
3708,-0.0019753788000000006,-0.311809,1.1195100500000001,5.217839
3709,-0.0019744188000000006,-0.311809,1.1114698490000001,4.413819
3710,-0.0019734588000000003,-0.311809,1.1195100500000001,2.966583
3711,-0.0019724988000000003,-0.311809,1.1114698490000001,1.5193469999999998
3712,-0.0019715388000000004,-0.311809,1.1195100500000001,0.4741209999999998
3713,-0.0019705788000000004,-0.311809,1.103429648,0.19271400000000005
3714,-0.0019696188000000005,-0.29170850000000004,1.1195100500000001,0.7153269999999998
3715,-0.0019686588000000006,-0.3319095,1.1195100500000001,1.961558
3716,-0.0019676988,-0.311809,1.1195100500000001,3.4891959999999997
3717,-0.0019667388000000003,-0.311809,1.103429648,4.775628
3718,-0.0019657788000000003,-0.29170850000000004,1.1195100500000001,5.378643
3719,-0.0019648188000000004,-0.311809,1.1114698490000001,5.016834
3720,-0.0019638588000000005,-0.3319095,1.1114698490000001,3.971608
3721,-0.0019628988000000005,-0.3319095,1.1195100500000001,2.5243719999999996
3722,-0.0019619388000000006,-0.311809,1.1275502510000002,1.1575379999999997
3723,-0.0019609788,-0.29170850000000004,1.1195100500000001,0.31331700000000007
3724,-0.0019600188000000003,-0.311809,1.1195100500000001,0.2731159999999999
3725,-0.0019590588000000003,-0.311809,1.1114698490000001,0.9565329999999999
3726,-0.0019580988000000004,-0.311809,1.1195100500000001,2.2831659999999996
3727,-0.0019571388000000005,-0.29170850000000004,1.1195100500000001,3.6097989999999998
3728,-0.0019561788000000005,-0.29170850000000004,1.1195100500000001,4.775628
3729,-0.0019552188000000006,-0.311809,1.1195100500000001,5.298241
3730,-0.0019542588000000002,-0.311809,1.1195100500000001,5.097236
3731,-0.0019532988000000003,-0.311809,1.1195100500000001,4.1324119999999995
3732,-0.0019523388000000003,-0.311809,1.1195100500000001,2.805779
3733,-0.0019513788000000004,-0.29170850000000004,1.1195100500000001,1.3987439999999998
3734,-0.0019504188000000005,-0.311809,1.1114698490000001,0.4741209999999998
3735,-0.0019494588000000005,-0.311809,1.1114698490000001,0.1525129999999999
3736,-0.0019484988000000006,-0.29170850000000004,1.1114698490000001,0.634925
3737,-0.0019475388000000002,-0.29170850000000004,1.1114698490000001,1.7203519999999999
3738,-0.0019465788000000003,-0.29170850000000004,1.1195100500000001,3.046985
3739,-0.0019456188000000004,-0.29170850000000004,1.1114698490000001,4.373618
3740,-0.0019446588000000004,-0.29170850000000004,1.1114698490000001,5.177638
3741,-0.0019436988000000005,-0.311809,1.1114698490000001,5.258039999999999
3742,-0.0019427388000000005,-0.311809,1.103429648,4.574623
3743,-0.0019417788000000006,-0.29170850000000004,1.1114698490000001,3.3685929999999997
3744,-0.0019408188000000002,-0.29170850000000004,1.1114698490000001,1.921357
3745,-0.0019398588000000003,-0.271608,1.1195100500000001,0.755528
3746,-0.0019388988000000004,-0.311809,1.1195100500000001,0.19271400000000005
3747,-0.0019379388000000004,-0.29170850000000004,1.1195100500000001,0.3535179999999998
3748,-0.0019369788000000005,-0.311809,1.1114698490000001,1.438945
3749,-0.0019360188000000006,-0.311809,1.1114698490000001,2.805779
3750,-0.0019350588000000006,-0.311809,1.1195100500000001,4.293216
3751,-0.0019340988000000003,-0.29170850000000004,1.1195100500000001,5.177638
3752,-0.0019331388000000003,-0.29170850000000004,1.1195100500000001,5.258039999999999
3753,-0.0019321788000000004,-0.311809,1.1275502510000002,4.534422
3754,-0.0019312188000000004,-0.29170850000000004,1.1275502510000002,3.207789
3755,-0.0019302588000000005,-0.29170850000000004,1.1275502510000002,1.680151
3756,-0.0019292988000000006,-0.271608,1.1195100500000001,0.514322
3757,-0.0019283388000000002,-0.311809,1.1195100500000001,0.1525129999999999
3758,-0.0019273788000000003,-0.311809,1.1114698490000001,0.7153269999999998
3759,-0.0019264188000000003,-0.29170850000000004,1.1114698490000001,1.961558
3760,-0.0019254588000000004,-0.271608,1.1114698490000001,3.448995
3761,-0.0019244988000000005,-0.311809,1.1114698490000001,4.775628
3762,-0.0019235388000000005,-0.29170850000000004,1.1114698490000001,5.338442
3763,-0.0019225788000000006,-0.29170850000000004,1.1114698490000001,4.976633
3764,-0.0019216188000000002,-0.29170850000000004,1.1114698490000001,3.931407
3765,-0.0019206588000000003,-0.311809,1.103429648,2.44397
3766,-0.0019196988000000003,-0.271608,1.1114698490000001,0.996734
3767,-0.0019187388000000004,-0.29170850000000004,1.1114698490000001,0.23291499999999976
3768,-0.0019177788000000005,-0.311809,1.1114698490000001,0.31331700000000007
3769,-0.0019168188000000005,-0.29170850000000004,1.1114698490000001,1.117337
3770,-0.0019158588000000006,-0.29170850000000004,1.1195100500000001,2.5243719999999996
3771,-0.0019148988000000002,-0.271608,1.1195100500000001,3.851005
3772,-0.0019139388000000003,-0.29170850000000004,1.1195100500000001,4.976633
3773,-0.0019129788000000003,-0.311809,1.1195100500000001,5.298241
3774,-0.0019120188000000004,-0.29170850000000004,1.1195100500000001,4.85603
3775,-0.0019110588000000005,-0.271608,1.1275502510000002,3.690201
3776,-0.0019100988000000005,-0.29170850000000004,1.1195100500000001,2.323367
3777,-0.0019091388000000006,-0.29170850000000004,1.1195100500000001,0.996734
3778,-0.0019081788000000002,-0.3319095,1.1275502510000002,0.23291499999999976
3779,-0.0019072188000000003,-0.271608,1.1114698490000001,0.23291499999999976
3780,-0.0019062588000000004,-0.29170850000000004,1.1275502510000002,0.996734
3781,-0.0019052988000000004,-0.271608,1.1275502510000002,2.202764
3782,-0.0019043388000000005,-0.271608,1.1195100500000001,3.569598
3783,-0.0019033788000000005,-0.29170850000000004,1.1195100500000001,4.735427
3784,-0.0019024188000000006,-0.29170850000000004,1.1114698490000001,5.298241
3785,-0.0019014588000000002,-0.311809,1.1114698490000001,5.097236
3786,-0.0019004988000000003,-0.29170850000000004,1.103429648,4.172613
3787,-0.0018995388000000004,-0.271608,1.1195100500000001,2.84598
3788,-0.0018985788000000004,-0.29170850000000004,1.103429648,1.3987439999999998
3789,-0.0018976188000000005,-0.271608,1.1195100500000001,0.4339200000000001
3790,-0.0018966588000000006,-0.29170850000000004,1.1195100500000001,0.1525129999999999
3791,-0.0018956988000000006,-0.29170850000000004,1.103429648,0.755528
3792,-0.0018947388000000003,-0.29170850000000004,1.1114698490000001,2.04196
3793,-0.0018937788000000003,-0.271608,1.1114698490000001,3.408794
3794,-0.0018928188000000004,-0.271608,1.1114698490000001,4.695226
3795,-0.0018918588000000004,-0.29170850000000004,1.1195100500000001,5.298241
3796,-0.0018908988000000005,-0.29170850000000004,1.1114698490000001,5.137437
3797,-0.0018899388000000006,-0.271608,1.1195100500000001,4.1324119999999995
3798,-0.0018889788000000006,-0.29170850000000004,1.1195100500000001,2.725377
3799,-0.0018880188000000003,-0.29170850000000004,1.1114698490000001,1.358543
3800,-0.0018870588000000003,-0.29170850000000004,1.1195100500000001,0.39371899999999993
3801,-0.0018860988000000004,-0.29170850000000004,1.1275502510000002,0.23291499999999976
3802,-0.0018851388000000005,-0.29170850000000004,1.1195100500000001,0.876131
3803,-0.0018841788000000005,-0.271608,1.1275502510000002,2.1625629999999996
3804,-0.0018832188000000006,-0.311809,1.1275502510000002,3.65
3805,-0.0018822588000000002,-0.311809,1.1275502510000002,4.85603
3806,-0.0018812988000000003,-0.29170850000000004,1.1195100500000001,5.338442
3807,-0.0018803388000000003,-0.29170850000000004,1.135590452,4.936432
3808,-0.0018793788000000004,-0.271608,1.1114698490000001,3.891206
3809,-0.0018784188000000005,-0.271608,1.1114698490000001,2.44397
3810,-0.0018774588000000005,-0.271608,1.1114698490000001,1.0771359999999999
3811,-0.0018764988000000006,-0.29170850000000004,1.103429648,0.31331700000000007
3812,-0.0018755388000000002,-0.29170850000000004,1.1195100500000001,0.2731159999999999
3813,-0.0018745788000000003,-0.271608,1.1114698490000001,1.117337
3814,-0.0018736188000000003,-0.271608,1.1114698490000001,2.44397
3815,-0.0018726588000000004,-0.29170850000000004,1.1195100500000001,3.851005
3816,-0.0018716988000000005,-0.271608,1.1195100500000001,4.936432
3817,-0.0018707388000000005,-0.271608,1.095389447,5.378643
3818,-0.0018697788000000006,-0.29170850000000004,1.1275502510000002,4.896231
3819,-0.0018688188000000002,-0.29170850000000004,1.1114698490000001,3.851005
3820,-0.0018678588000000003,-0.29170850000000004,1.1114698490000001,2.44397
3821,-0.0018668988000000004,-0.271608,1.1195100500000001,1.117337
3822,-0.0018659388000000004,-0.29170850000000004,1.1195100500000001,0.3535179999999998
3823,-0.0018649788000000005,-0.29170850000000004,1.1195100500000001,0.2731159999999999
3824,-0.0018640188000000005,-0.29170850000000004,1.1114698490000001,0.8359299999999998
3825,-0.0018630588000000006,-0.311809,1.1275502510000002,2.04196
3826,-0.0018620988000000002,-0.271608,1.1195100500000001,3.448995
3827,-0.0018611388000000003,-0.2515075,1.1195100500000001,4.614824
3828,-0.0018601788000000004,-0.29170850000000004,1.1195100500000001,5.217839
3829,-0.0018592188000000004,-0.29170850000000004,1.1275502510000002,5.137437
3830,-0.0018582588000000005,-0.271608,1.1114698490000001,4.373618
3831,-0.0018572988000000006,-0.2515075,1.1195100500000001,3.046985
3832,-0.0018563388000000006,-0.271608,1.103429648,1.680151
3833,-0.0018553788000000002,-0.271608,1.1114698490000001,0.6751259999999997
3834,-0.0018544188000000003,-0.29170850000000004,1.1114698490000001,0.1525129999999999
3835,-0.0018534588000000004,-0.29170850000000004,1.1114698490000001,0.514322
3836,-0.0018524988000000004,-0.271608,1.1195100500000001,1.5193469999999998
3837,-0.0018515388000000005,-0.271608,1.1195100500000001,2.84598
3838,-0.0018505788000000006,-0.29170850000000004,1.103429648,4.172613
3839,-0.0018496188000000006,-0.271608,1.1114698490000001,5.097236
3840,-0.0018486588000000003,-0.29170850000000004,1.103429648,5.217839
3841,-0.0018476988000000003,-0.271608,1.1275502510000002,4.695226
3842,-0.0018467388000000004,-0.23140700000000003,1.1114698490000001,3.4891959999999997
3843,-0.0018457788000000004,-0.271608,1.1195100500000001,2.082161
3844,-0.0018448188000000005,-0.29170850000000004,1.1195100500000001,0.876131
3845,-0.0018438588000000006,-0.271608,1.1195100500000001,0.23291499999999976
3846,-0.0018428988000000002,-0.271608,1.1114698490000001,0.3535179999999998
3847,-0.0018419388000000003,-0.29170850000000004,1.1275502510000002,1.2781409999999997
3848,-0.0018409788000000003,-0.271608,1.135590452,2.604774
3849,-0.0018400188000000004,-0.271608,1.1195100500000001,4.0118089999999995
3850,-0.0018390588000000005,-0.271608,1.1195100500000001,5.016834
3851,-0.0018380988000000005,-0.271608,1.1275502510000002,5.298241
3852,-0.0018371388000000006,-0.2515075,1.1275502510000002,4.85603
3853,-0.0018361788000000002,-0.2515075,1.1195100500000001,3.7304019999999998
3854,-0.0018352188000000003,-0.311809,1.1195100500000001,2.323367
3855,-0.0018342588000000003,-0.29170850000000004,1.1195100500000001,1.0771359999999999
3856,-0.0018332988000000004,-0.2515075,1.1195100500000001,0.2731159999999999
3857,-0.0018323388000000005,-0.271608,1.1195100500000001,0.23291499999999976
3858,-0.0018313788000000005,-0.271608,1.1114698490000001,0.9163319999999997
3859,-0.0018304188000000006,-0.271608,1.1114698490000001,2.202764
3860,-0.0018294588000000002,-0.2515075,1.1195100500000001,3.569598
3861,-0.0018284988000000003,-0.271608,1.1195100500000001,4.735427
3862,-0.0018275388000000004,-0.29170850000000004,1.103429648,5.298241
3863,-0.0018265788000000004,-0.271608,1.1114698490000001,5.097236
3864,-0.0018256188000000005,-0.271608,1.1114698490000001,4.293216
3865,-0.0018246588000000005,-0.29170850000000004,1.103429648,2.8861809999999997
3866,-0.0018236988000000006,-0.271608,1.1195100500000001,1.5193469999999998
3867,-0.0018227388000000002,-0.271608,1.1195100500000001,0.5545229999999997
3868,-0.0018217788000000003,-0.271608,1.1195100500000001,0.19271400000000005
3869,-0.0018208188000000004,-0.271608,1.1275502510000002,0.5545229999999997
3870,-0.0018198588000000004,-0.2515075,1.1275502510000002,1.599749
3871,-0.0018188988000000005,-0.2515075,1.1275502510000002,2.966583
3872,-0.0018179388000000006,-0.2515075,1.135590452,4.333417
3873,-0.0018169788000000006,-0.2515075,1.1195100500000001,5.177638
3874,-0.0018160188000000002,-0.271608,1.1114698490000001,5.298241
3875,-0.0018150588000000003,-0.29170850000000004,1.1275502510000002,4.574623
3876,-0.0018140988000000004,-0.29170850000000004,1.1195100500000001,3.2479899999999997
3877,-0.0018131388000000004,-0.271608,1.1114698490000001,1.7605529999999998
3878,-0.0018121788000000005,-0.271608,1.1195100500000001,0.6751259999999997
3879,-0.0018112188000000006,-0.271608,1.1195100500000001,0.1525129999999999
3880,-0.0018102588000000006,-0.271608,1.1275502510000002,0.514322
3881,-0.0018092988000000003,-0.29170850000000004,1.1195100500000001,1.599749
3882,-0.0018083388000000003,-0.29170850000000004,1.1195100500000001,3.087186
3883,-0.0018073788000000004,-0.29170850000000004,1.1114698490000001,4.413819
3884,-0.0018064188000000004,-0.29170850000000004,1.1114698490000001,5.177638
3885,-0.0018054588000000005,-0.2515075,1.103429648,5.217839
3886,-0.0018044988000000006,-0.271608,1.1195100500000001,4.413819
3887,-0.0018035388000000006,-0.271608,1.1114698490000001,3.046985
3888,-0.0018025788000000003,-0.271608,1.1195100500000001,1.559548
3889,-0.0018016188000000003,-0.271608,1.1114698490000001,0.514322
3890,-0.0018006588000000004,-0.2515075,1.1114698490000001,0.1525129999999999
3891,-0.0017996988000000005,-0.271608,1.1195100500000001,0.6751259999999997
3892,-0.0017987388000000005,-0.23140700000000003,1.1195100500000001,1.8811559999999998
3893,-0.0017977788000000006,-0.2515075,1.1114698490000001,3.288191
3894,-0.0017968188000000002,-0.271608,1.1195100500000001,4.614824
3895,-0.0017958588000000003,-0.2515075,1.1195100500000001,5.258039999999999
3896,-0.0017948988000000003,-0.2515075,1.1195100500000001,5.137437
3897,-0.0017939388000000004,-0.2515075,1.135590452,4.293216
3898,-0.0017929788000000005,-0.2515075,1.1275502510000002,3.0067839999999997
3899,-0.0017920188000000005,-0.2515075,1.1275502510000002,1.599749
3900,-0.0017910588000000006,-0.271608,1.1195100500000001,0.5545229999999997
3901,-0.0017900988000000002,-0.271608,1.1195100500000001,0.19271400000000005
3902,-0.0017891388000000003,-0.29170850000000004,1.1195100500000001,0.514322
3903,-0.0017881788000000003,-0.271608,1.1195100500000001,1.5193469999999998
3904,-0.0017872188000000004,-0.271608,1.1275502510000002,2.8861809999999997
3905,-0.0017862588000000005,-0.2515075,1.1195100500000001,4.172613
3906,-0.0017852988000000005,-0.271608,1.1275502510000002,5.016834
3907,-0.0017843388000000006,-0.271608,1.1195100500000001,5.298241
3908,-0.0017833788000000002,-0.23140700000000003,1.1114698490000001,4.695226
3909,-0.0017824188000000003,-0.2515075,1.1275502510000002,3.569598
3910,-0.0017814588000000004,-0.23140700000000003,1.1195100500000001,2.082161
3911,-0.0017804988000000004,-0.29170850000000004,1.1114698490000001,0.9163319999999997
3912,-0.0017795388000000005,-0.271608,1.1114698490000001,0.23291499999999976
3913,-0.0017785788000000005,-0.271608,1.1114698490000001,0.3535179999999998
3914,-0.0017776188000000006,-0.2515075,1.1195100500000001,1.2781409999999997
3915,-0.0017766588000000002,-0.271608,1.1275502510000002,2.725377
3916,-0.0017756988000000003,-0.2515075,1.1275502510000002,4.1324119999999995
3917,-0.0017747388000000004,-0.2515075,1.1195100500000001,5.137437
3918,-0.0017737788000000004,-0.23140700000000003,1.1275502510000002,5.298241
3919,-0.0017728188000000005,-0.271608,1.1275502510000002,4.494221
3920,-0.0017718588000000006,-0.2515075,1.1275502510000002,3.1273869999999997
3921,-0.0017708988000000006,-0.2515075,1.1275502510000002,1.6399499999999998
3922,-0.0017699388000000003,-0.29170850000000004,1.1275502510000002,0.4339200000000001
3923,-0.0017689788000000003,-0.271608,1.1195100500000001,0.19271400000000005
3924,-0.0017680188000000004,-0.271608,1.1114698490000001,0.8359299999999998
3925,-0.0017670588000000004,-0.271608,1.1195100500000001,2.082161
3926,-0.0017660988000000005,-0.271608,1.1195100500000001,3.690201
3927,-0.0017651388000000006,-0.2515075,1.1275502510000002,4.896231
3928,-0.0017641788000000006,-0.23140700000000003,1.1195100500000001,5.298241
3929,-0.0017632188000000003,-0.2515075,1.1195100500000001,4.735427
3930,-0.0017622588000000003,-0.2515075,1.1195100500000001,3.4891959999999997
3931,-0.0017612988000000004,-0.2515075,1.1195100500000001,1.921357
3932,-0.0017603388000000005,-0.2515075,1.1195100500000001,0.7153269999999998
3933,-0.0017593788000000005,-0.271608,1.1195100500000001,0.19271400000000005
3934,-0.0017584188000000006,-0.2515075,1.1114698490000001,0.5947239999999998
3935,-0.0017574588000000006,-0.2515075,1.1114698490000001,1.7203519999999999
3936,-0.0017564988000000003,-0.23140700000000003,1.1114698490000001,3.167588
3937,-0.0017555388000000003,-0.2515075,1.1195100500000001,4.413819
3938,-0.0017545788000000004,-0.2515075,1.1195100500000001,5.217839
3939,-0.0017536188000000005,-0.2113065,1.1195100500000001,5.137437
3940,-0.0017526588000000005,-0.2515075,1.1275502510000002,4.293216
3941,-0.0017516988000000006,-0.2515075,1.1275502510000002,2.926382
3942,-0.0017507388000000002,-0.271608,1.1275502510000002,1.479146
3943,-0.0017497788000000003,-0.23140700000000003,1.1114698490000001,0.4339200000000001
3944,-0.0017488188000000003,-0.23140700000000003,1.1195100500000001,0.19271400000000005
3945,-0.0017478588000000004,-0.2515075,1.1275502510000002,0.6751259999999997
3946,-0.0017468988000000005,-0.2515075,1.1275502510000002,1.800754
3947,-0.0017459388000000005,-0.23140700000000003,1.1275502510000002,3.2479899999999997
3948,-0.0017449788000000006,-0.2515075,1.1195100500000001,4.45402
3949,-0.0017440188000000002,-0.2515075,1.1114698490000001,5.258039999999999
3950,-0.0017430588000000003,-0.23140700000000003,1.1195100500000001,5.258039999999999
3951,-0.0017420988000000004,-0.23140700000000003,1.1275502510000002,4.45402
3952,-0.0017411388000000004,-0.2515075,1.1195100500000001,3.207789
3953,-0.0017401788000000005,-0.2515075,1.1275502510000002,1.840955
3954,-0.0017392188000000005,-0.2113065,1.1195100500000001,0.6751259999999997
3955,-0.0017382588000000006,-0.2515075,1.1275502510000002,0.1525129999999999
3956,-0.0017372988000000002,-0.23140700000000003,1.1195100500000001,0.4339200000000001
3957,-0.0017363388000000003,-0.23140700000000003,1.103429648,1.438945
3958,-0.0017353788000000004,-0.2515075,1.1114698490000001,2.84598
3959,-0.0017344188000000004,-0.2515075,1.1114698490000001,4.2530149999999995
3960,-0.0017334588000000005,-0.23140700000000003,1.1195100500000001,5.177638
3961,-0.0017324988000000006,-0.271608,1.1114698490000001,5.258039999999999
3962,-0.0017315388000000006,-0.23140700000000003,1.1195100500000001,4.494221
3963,-0.0017305788000000003,-0.2515075,1.1114698490000001,3.1273869999999997
3964,-0.0017296188000000003,-0.2515075,1.1275502510000002,1.599749
3965,-0.0017286588000000004,-0.23140700000000003,1.1195100500000001,0.4741209999999998
3966,-0.0017276988000000004,-0.23140700000000003,1.1275502510000002,0.11231199999999975
3967,-0.0017267388000000005,-0.23140700000000003,1.1195100500000001,0.7153269999999998
3968,-0.0017257788000000006,-0.271608,1.135590452,2.082161
3969,-0.0017248188000000006,-0.23140700000000003,1.135590452,3.6097989999999998
3970,-0.0017238588000000003,-0.23140700000000003,1.1195100500000001,4.896231
3971,-0.0017228988000000003,-0.2515075,1.1195100500000001,5.298241
3972,-0.0017219388000000004,-0.2515075,1.1195100500000001,4.775628
3973,-0.0017209788000000005,-0.23140700000000003,1.1195100500000001,3.3685929999999997
3974,-0.0017200188000000005,-0.23140700000000003,1.1275502510000002,1.7605529999999998
3975,-0.0017190588000000006,-0.2515075,1.1275502510000002,0.514322
3976,-0.0017180988000000006,-0.2515075,1.1195100500000001,0.19271400000000005
3977,-0.0017171388000000003,-0.2515075,1.1195100500000001,0.7957289999999997
3978,-0.0017161788000000003,-0.271608,1.1275502510000002,2.1625629999999996
3979,-0.0017152188000000004,-0.2515075,1.1195100500000001,3.770603
3980,-0.0017142588000000005,-0.2515075,1.1195100500000001,4.936432
3981,-0.0017132988000000005,-0.2515075,1.1195100500000001,5.298241
3982,-0.0017123388000000006,-0.2515075,1.1114698490000001,4.735427
3983,-0.0017113788000000002,-0.2515075,1.1195100500000001,3.4891959999999997
3984,-0.0017104188000000003,-0.23140700000000003,1.1195100500000001,1.8811559999999998
3985,-0.0017094588000000003,-0.23140700000000003,1.1195100500000001,0.6751259999999997
3986,-0.0017084988000000004,-0.2515075,1.1114698490000001,0.19271400000000005
3987,-0.0017075388000000005,-0.2515075,1.1114698490000001,0.514322
3988,-0.0017065788000000005,-0.23140700000000003,1.1195100500000001,1.7203519999999999
3989,-0.0017056188000000006,-0.23140700000000003,1.1195100500000001,3.1273869999999997
3990,-0.0017046588000000002,-0.23140700000000003,1.1275502510000002,4.413819
3991,-0.0017036988000000003,-0.23140700000000003,1.1275502510000002,5.217839
3992,-0.0017027388000000004,-0.2113065,1.1275502510000002,5.177638
3993,-0.0017017788000000004,-0.23140700000000003,1.135590452,4.413819
3994,-0.0017008188000000005,-0.2515075,1.135590452,3.167588
3995,-0.0016998588000000005,-0.23140700000000003,1.1275502510000002,1.7605529999999998
3996,-0.0016988988000000006,-0.2515075,1.1275502510000002,0.634925
3997,-0.0016979388000000002,-0.23140700000000003,1.135590452,0.1525129999999999
3998,-0.0016969788000000003,-0.2515075,1.1275502510000002,0.514322
3999,-0.0016960188000000004,-0.2515075,1.1195100500000001,1.479146
4000,-0.0016950588000000004,-0.2113065,1.1275502510000002,2.805779
4001,-0.0016940988000000005,-0.23140700000000003,1.1195100500000001,4.172613
4002,-0.0016931388000000006,-0.23140700000000003,1.1275502510000002,5.057035
4003,-0.0016921788000000006,-0.2113065,1.1195100500000001,5.338442
4004,-0.0016912188000000002,-0.2515075,1.1195100500000001,4.655025
4005,-0.0016902588000000003,-0.23140700000000003,1.1195100500000001,3.3685929999999997
4006,-0.0016892988000000004,-0.2515075,1.1114698490000001,1.800754
4007,-0.0016883388000000004,-0.271608,1.1195100500000001,0.6751259999999997
4008,-0.0016873788000000005,-0.2515075,1.1195100500000001,0.11231199999999975
4009,-0.0016864188000000006,-0.23140700000000003,1.1195100500000001,0.5947239999999998
4010,-0.0016854588000000006,-0.23140700000000003,1.1195100500000001,1.7605529999999998
4011,-0.0016844988000000003,-0.2113065,1.1195100500000001,3.448995
4012,-0.0016835388000000003,-0.2113065,1.1195100500000001,4.735427
4013,-0.0016825788000000004,-0.23140700000000003,1.1275502510000002,5.338442
4014,-0.0016816188000000004,-0.23140700000000003,1.1195100500000001,4.85603
4015,-0.0016806588000000005,-0.2515075,1.1195100500000001,3.65
4016,-0.0016796988000000006,-0.2515075,1.135590452,1.961558
4017,-0.0016787388000000006,-0.23140700000000003,1.1275502510000002,0.6751259999999997
4018,-0.0016777788000000003,-0.23140700000000003,1.135590452,0.1525129999999999
4019,-0.0016768188000000003,-0.2515075,1.1195100500000001,0.6751259999999997
4020,-0.0016758588000000004,-0.23140700000000003,1.1114698490000001,2.122362
4021,-0.0016748988000000005,-0.23140700000000003,1.1114698490000001,3.65
4022,-0.0016739388000000005,-0.23140700000000003,1.1195100500000001,4.976633
4023,-0.0016729788000000006,-0.2515075,1.1195100500000001,5.298241
4024,-0.0016720188000000006,-0.2113065,1.1195100500000001,4.574623
4025,-0.0016710588000000003,-0.23140700000000003,1.1114698490000001,3.2479899999999997
4026,-0.0016700988000000003,-0.2113065,1.1195100500000001,1.6399499999999998
4027,-0.0016691388000000004,-0.23140700000000003,1.1275502510000002,0.4741209999999998
4028,-0.0016681788000000005,-0.2515075,1.1195100500000001,0.19271400000000005
4029,-0.0016672188000000005,-0.23140700000000003,1.1275502510000002,0.755528
4030,-0.0016662588000000006,-0.23140700000000003,1.1114698490000001,2.122362
4031,-0.0016652988000000002,-0.2113065,1.1114698490000001,3.690201
4032,-0.0016643388000000003,-0.23140700000000003,1.1195100500000001,4.896231
4033,-0.0016633788000000004,-0.23140700000000003,1.1275502510000002,5.298241
4034,-0.0016624188000000004,-0.23140700000000003,1.135590452,4.85603
4035,-0.0016614588000000005,-0.2113065,1.1195100500000001,3.7304019999999998
4036,-0.0016604988000000005,-0.23140700000000003,1.1275502510000002,2.2831659999999996
4037,-0.0016595388000000006,-0.23140700000000003,1.1275502510000002,0.9163319999999997
4038,-0.0016585788000000002,-0.2515075,1.135590452,0.23291499999999976
4039,-0.0016576188000000003,-0.23140700000000003,1.1275502510000002,0.3535179999999998
4040,-0.0016566588000000004,-0.23140700000000003,1.1275502510000002,1.358543
4041,-0.0016556988000000004,-0.23140700000000003,1.1275502510000002,2.725377
4042,-0.0016547388000000005,-0.23140700000000003,1.1275502510000002,4.172613
4043,-0.0016537788000000006,-0.23140700000000003,1.1195100500000001,5.177638
4044,-0.0016528188000000006,-0.23140700000000003,1.1275502510000002,5.258039999999999
4045,-0.0016518588000000002,-0.23140700000000003,1.1275502510000002,4.534422
4046,-0.0016508988000000003,-0.23140700000000003,1.135590452,3.207789
4047,-0.0016499388000000004,-0.23140700000000003,1.1195100500000001,1.680151
4048,-0.0016489788000000004,-0.23140700000000003,1.1114698490000001,0.514322
4049,-0.0016480188000000005,-0.2113065,1.1195100500000001,0.19271400000000005
4050,-0.0016470588000000006,-0.23140700000000003,1.1195100500000001,0.6751259999999997
4051,-0.0016460988000000006,-0.23140700000000003,1.1114698490000001,1.961558
4052,-0.0016451388000000003,-0.23140700000000003,1.1195100500000001,3.4891959999999997
4053,-0.0016441788000000003,-0.23140700000000003,1.1275502510000002,4.775628
4054,-0.0016432188000000004,-0.17110550000000002,1.1195100500000001,5.298241
4055,-0.0016422588000000004,-0.23140700000000003,1.1275502510000002,4.896231
4056,-0.0016412988000000005,-0.2113065,1.1275502510000002,3.569598
4057,-0.0016403388000000006,-0.23140700000000003,1.1195100500000001,2.04196
4058,-0.0016393788000000006,-0.2113065,1.135590452,0.6751259999999997
4059,-0.0016384188000000003,-0.23140700000000003,1.1195100500000001,0.11231199999999975
4060,-0.0016374588000000003,-0.23140700000000003,1.1195100500000001,0.634925
4061,-0.0016364988000000004,-0.2113065,1.135590452,1.961558
4062,-0.0016355388000000005,-0.191206,1.1275502510000002,3.569598
4063,-0.0016345788000000005,-0.2113065,1.135590452,4.936432
4064,-0.0016336188000000006,-0.23140700000000003,1.1195100500000001,5.298241
4065,-0.0016326588000000006,-0.2113065,1.1275502510000002,4.735427
4066,-0.0016316988000000003,-0.2515075,1.1195100500000001,3.448995
4067,-0.0016307388000000003,-0.2113065,1.1195100500000001,1.8811559999999998
4068,-0.0016297788000000004,-0.2113065,1.1275502510000002,0.634925
4069,-0.0016288188000000005,-0.23140700000000003,1.1275502510000002,0.11231199999999975
4070,-0.0016278588000000005,-0.2113065,1.1195100500000001,0.6751259999999997
4071,-0.0016268988000000002,-0.2113065,1.1195100500000001,1.921357
4072,-0.0016259388000000007,-0.23140700000000003,1.1275502510000002,3.529397
4073,-0.0016249788000000003,-0.23140700000000003,1.1275502510000002,4.775628
4074,-0.0016240188000000008,-0.23140700000000003,1.1275502510000002,5.338442
4075,-0.0016230588000000004,-0.2113065,1.1275502510000002,4.85603
4076,-0.0016220988,-0.2515075,1.1275502510000002,3.851005
4077,-0.0016211388000000005,-0.23140700000000003,1.135590452,2.363568
4078,-0.0016201788000000002,-0.2113065,1.1275502510000002,0.9565329999999999
4079,-0.0016192188000000007,-0.23140700000000003,1.1195100500000001,0.2731159999999999
4080,-0.0016182588000000003,-0.191206,1.1195100500000001,0.3535179999999998
4081,-0.0016172988000000008,-0.2113065,1.1275502510000002,1.23794
4082,-0.0016163388000000004,-0.23140700000000003,1.135590452,2.725377
4083,-0.0016153788,-0.2113065,1.1275502510000002,4.1324119999999995
4084,-0.0016144188000000005,-0.191206,1.1275502510000002,5.097236
4085,-0.0016134588000000002,-0.23140700000000003,1.1275502510000002,5.217839
4086,-0.0016124988000000007,-0.2515075,1.1275502510000002,4.614824
4087,-0.0016115388000000003,-0.2113065,1.1195100500000001,3.3685929999999997
4088,-0.0016105788000000008,-0.2113065,1.1275502510000002,1.840955
4089,-0.0016096188000000004,-0.23140700000000003,1.1275502510000002,0.634925
4090,-0.0016086588,-0.2113065,1.135590452,0.19271400000000005
4091,-0.0016076988000000006,-0.2113065,1.1195100500000001,0.5545229999999997
4092,-0.0016067388000000002,-0.23140700000000003,1.1195100500000001,1.840955
4093,-0.0016057788000000007,-0.23140700000000003,1.1195100500000001,3.328392
4094,-0.0016048188000000003,-0.2113065,1.1195100500000001,4.655025
4095,-0.0016038588000000008,-0.2113065,1.1195100500000001,5.298241
4096,-0.0016028988000000004,-0.23140700000000003,1.1114698490000001,5.016834
4097,-0.0016019388,-0.23140700000000003,1.135590452,3.971608
4098,-0.0016009788000000006,-0.2113065,1.1195100500000001,2.363568
4099,-0.0016000188000000002,-0.2113065,1.1275502510000002,0.9565329999999999
4100,-0.0015990588000000007,-0.2113065,1.1275502510000002,0.19271400000000005
4101,-0.0015980988000000003,-0.2113065,1.1275502510000002,0.4741209999999998
4102,-0.0015971388000000008,-0.191206,1.1275502510000002,1.479146
4103,-0.0015961788000000005,-0.191206,1.1275502510000002,3.167588
4104,-0.0015952188,-0.2113065,1.1275502510000002,4.574623
4105,-0.0015942588000000006,-0.23140700000000003,1.1195100500000001,5.298241
4106,-0.0015932988000000002,-0.2113065,1.135590452,4.976633
4107,-0.0015923388000000007,-0.2113065,1.1275502510000002,3.810804
4108,-0.0015913788000000003,-0.191206,1.135590452,2.242965
4109,-0.0015904188000000008,-0.23140700000000003,1.1275502510000002,0.876131
4110,-0.0015894588000000005,-0.191206,1.1275502510000002,0.19271400000000005
4111,-0.0015884988,-0.191206,1.135590452,0.4339200000000001
4112,-0.0015875388000000006,-0.23140700000000003,1.1195100500000001,1.599749
4113,-0.0015865788000000002,-0.23140700000000003,1.1114698490000001,3.2479899999999997
4114,-0.0015856188000000007,-0.191206,1.1195100500000001,4.574623
4115,-0.0015846588000000003,-0.23140700000000003,1.1275502510000002,5.258039999999999
4116,-0.0015836988000000008,-0.2113065,1.1114698490000001,5.057035
4117,-0.0015827388000000005,-0.191206,1.1195100500000001,3.971608
4118,-0.0015817788,-0.191206,1.1114698490000001,2.564573
4119,-0.0015808188000000006,-0.2113065,1.1275502510000002,1.117337
4120,-0.0015798588000000002,-0.2113065,1.1275502510000002,0.31331700000000007
4121,-0.0015788988000000007,-0.2113065,1.1275502510000002,0.23291499999999976
4122,-0.0015779388000000004,-0.2113065,1.1275502510000002,0.996734
4123,-0.0015769788000000009,-0.2113065,1.1195100500000001,2.323367
4124,-0.0015760188000000005,-0.2113065,1.135590452,3.770603
4125,-0.0015750588000000001,-0.23140700000000003,1.1275502510000002,4.85603
4126,-0.0015740988000000006,-0.191206,1.1275502510000002,5.338442
4127,-0.0015731388000000002,-0.23140700000000003,1.1195100500000001,4.976633
4128,-0.0015721788000000007,-0.2113065,1.135590452,3.971608
4129,-0.0015712188000000004,-0.23140700000000003,1.135590452,2.604774
4130,-0.0015702588000000009,-0.2113065,1.135590452,1.1977389999999999
4131,-0.0015692988000000005,-0.2113065,1.135590452,0.31331700000000007
4132,-0.0015683388000000001,-0.2113065,1.1275502510000002,0.23291499999999976
4133,-0.0015673788000000006,-0.17110550000000002,1.1275502510000002,0.876131
4134,-0.0015664188000000002,-0.2113065,1.1275502510000002,2.242965
4135,-0.0015654588000000007,-0.191206,1.135590452,3.690201
4136,-0.0015644988000000004,-0.2113065,1.1195100500000001,4.85603
4137,-0.0015635388000000009,-0.2113065,1.1195100500000001,5.378643
4138,-0.0015625788000000005,-0.2113065,1.1275502510000002,4.896231
4139,-0.0015616188000000001,-0.2113065,1.1275502510000002,3.65
4140,-0.0015606588000000006,-0.191206,1.1195100500000001,2.001759
4141,-0.0015596988000000003,-0.191206,1.1275502510000002,0.7153269999999998
4142,-0.0015587388000000008,-0.2113065,1.1275502510000002,0.1525129999999999
4143,-0.0015577788000000004,-0.17110550000000002,1.1275502510000002,0.634925
4144,-0.0015568188,-0.2113065,1.1275502510000002,1.961558
4145,-0.0015558588000000005,-0.23140700000000003,1.135590452,3.529397
4146,-0.0015548988000000001,-0.191206,1.135590452,4.936432
4147,-0.0015539388000000006,-0.2113065,1.135590452,5.298241
4148,-0.0015529788000000003,-0.2113065,1.143630653,4.574623
4149,-0.0015520188000000008,-0.2113065,1.1275502510000002,3.1273869999999997
4150,-0.0015510588000000004,-0.191206,1.135590452,1.438945
4151,-0.0015500988,-0.191206,1.135590452,0.3535179999999998
4152,-0.0015491388000000005,-0.2113065,1.143630653,0.2731159999999999
4153,-0.0015481788000000002,-0.191206,1.135590452,1.318342
4154,-0.0015472188000000007,-0.191206,1.1275502510000002,2.966583
4155,-0.0015462588000000003,-0.191206,1.1275502510000002,4.534422
4156,-0.0015452988000000008,-0.2113065,1.1195100500000001,5.298241
4157,-0.0015443388000000004,-0.2113065,1.1275502510000002,5.016834
4158,-0.0015433788,-0.2113065,1.1195100500000001,3.851005
4159,-0.0015424188000000005,-0.191206,1.1114698490000001,2.202764
4160,-0.0015414588000000002,-0.2113065,1.1195100500000001,0.876131
4161,-0.0015404988000000007,-0.2113065,1.1275502510000002,0.19271400000000005
4162,-0.0015395388000000003,-0.191206,1.1275502510000002,0.5545229999999997
4163,-0.0015385788000000008,-0.2113065,1.1275502510000002,1.680151
4164,-0.0015376188000000004,-0.191206,1.135590452,3.1273869999999997
4165,-0.0015366588,-0.17110550000000002,1.135590452,4.534422
4166,-0.0015356988000000005,-0.2113065,1.1275502510000002,5.258039999999999
4167,-0.0015347388000000002,-0.191206,1.1275502510000002,5.137437
4168,-0.0015337788000000007,-0.23140700000000003,1.135590452,4.212814
4169,-0.0015328188000000003,-0.191206,1.135590452,2.84598
4170,-0.0015318588000000008,-0.2113065,1.1275502510000002,1.358543
4171,-0.0015308988000000004,-0.2113065,1.1275502510000002,0.4339200000000001
4172,-0.0015299388,-0.2113065,1.135590452,0.23291499999999976
4173,-0.0015289788000000006,-0.2113065,1.135590452,0.8359299999999998
4174,-0.0015280188000000002,-0.191206,1.143630653,1.961558
4175,-0.0015270588000000007,-0.2113065,1.1275502510000002,3.4891959999999997
4176,-0.0015260988000000003,-0.17110550000000002,1.135590452,4.655025
4177,-0.0015251388000000008,-0.2113065,1.135590452,5.258039999999999
4178,-0.0015241788000000004,-0.2113065,1.135590452,5.057035
4179,-0.0015232188,-0.2113065,1.1275502510000002,4.092211
4180,-0.0015222588000000006,-0.191206,1.1275502510000002,2.685176
4181,-0.0015212988000000002,-0.2113065,1.135590452,1.1977389999999999
4182,-0.0015203388000000007,-0.191206,1.1275502510000002,0.31331700000000007
4183,-0.0015193788000000003,-0.191206,1.1195100500000001,0.31331700000000007
4184,-0.0015184188000000008,-0.191206,1.1195100500000001,1.1977389999999999
4185,-0.0015174588000000004,-0.23140700000000003,1.1195100500000001,2.604774
4186,-0.0015164988,-0.191206,1.135590452,4.212814
4187,-0.0015155388000000006,-0.191206,1.1275502510000002,5.177638
4188,-0.0015145788000000002,-0.191206,1.1195100500000001,5.217839
4189,-0.0015136188000000007,-0.17110550000000002,1.1275502510000002,4.293216
4190,-0.0015126588000000003,-0.191206,1.1195100500000001,2.805779
4191,-0.0015116988000000008,-0.191206,1.135590452,1.23794
4192,-0.0015107388000000005,-0.191206,1.1275502510000002,0.2731159999999999
4193,-0.0015097788,-0.191206,1.135590452,0.31331700000000007
4194,-0.0015088188000000006,-0.191206,1.1275502510000002,1.358543
4195,-0.0015078588000000002,-0.191206,1.135590452,3.1273869999999997
4196,-0.0015068988000000007,-0.191206,1.135590452,4.574623
4197,-0.0015059388000000003,-0.191206,1.1275502510000002,5.298241
4198,-0.0015049788000000008,-0.191206,1.1275502510000002,4.936432
4199,-0.0015040188000000005,-0.191206,1.135590452,3.6097989999999998
4200,-0.0015030588,-0.191206,1.135590452,1.840955
4201,-0.0015020988000000006,-0.2113065,1.1275502510000002,0.5545229999999997
4202,-0.0015011388000000002,-0.191206,1.1275502510000002,0.1525129999999999
4203,-0.0015001788000000007,-0.191206,1.1275502510000002,0.876131
4204,-0.0014992188000000004,-0.191206,1.1275502510000002,2.363568
4205,-0.0014982588000000008,-0.191206,1.1275502510000002,4.0118089999999995
4206,-0.0014972988000000005,-0.2113065,1.143630653,5.097236
4207,-0.0014963388,-0.191206,1.1195100500000001,5.258039999999999
4208,-0.0014953788000000006,-0.191206,1.1275502510000002,4.413819
4209,-0.0014944188000000002,-0.191206,1.135590452,2.8861809999999997
4210,-0.0014934588000000007,-0.2113065,1.1275502510000002,1.318342
4211,-0.0014924988000000004,-0.191206,1.1275502510000002,0.31331700000000007
4212,-0.0014915388000000009,-0.191206,1.1275502510000002,0.2731159999999999
4213,-0.0014905788000000005,-0.17110550000000002,1.135590452,1.1575379999999997
4214,-0.0014896188000000001,-0.17110550000000002,1.151670854,2.725377
4215,-0.0014886588000000006,-0.17110550000000002,1.135590452,4.172613
4216,-0.0014876988000000002,-0.2113065,1.135590452,5.177638
4217,-0.0014867388000000007,-0.17110550000000002,1.135590452,5.298241
4218,-0.0014857788000000004,-0.191206,1.135590452,4.534422
4219,-0.0014848188000000009,-0.2113065,1.135590452,3.1273869999999997
4220,-0.0014838588000000005,-0.191206,1.135590452,1.7203519999999999
4221,-0.0014828988000000001,-0.191206,1.135590452,0.514322
4222,-0.0014819388000000006,-0.191206,1.135590452,0.19271400000000005
4223,-0.0014809788000000003,-0.191206,1.1195100500000001,0.6751259999999997
4224,-0.0014800188000000008,-0.17110550000000002,1.1195100500000001,1.800754
4225,-0.0014790588000000004,-0.191206,1.1275502510000002,3.408794
4226,-0.0014780988000000009,-0.191206,1.135590452,4.655025
4227,-0.0014771388000000005,-0.191206,1.1275502510000002,5.338442
4228,-0.0014761788000000001,-0.191206,1.1195100500000001,5.137437
4229,-0.0014752188000000006,-0.17110550000000002,1.1275502510000002,4.05201
4230,-0.0014742588000000003,-0.17110550000000002,1.1275502510000002,2.604774
4231,-0.0014732988000000008,-0.191206,1.1275502510000002,1.117337
4232,-0.0014723388000000004,-0.17110550000000002,1.1275502510000002,0.2731159999999999
4233,-0.0014713788,-0.17110550000000002,1.143630653,0.3535179999999998
4234,-0.0014704188000000005,-0.191206,1.143630653,1.1977389999999999
4235,-0.0014694588000000001,-0.17110550000000002,1.135590452,2.725377
4236,-0.0014684988000000006,-0.17110550000000002,1.143630653,4.293216
4237,-0.0014675388000000003,-0.191206,1.151670854,5.217839
4238,-0.0014665788000000008,-0.17110550000000002,1.143630653,5.217839
4239,-0.0014656188000000004,-0.191206,1.143630653,4.212814
4240,-0.0014646588,-0.17110550000000002,1.151670854,2.564573
4241,-0.0014636988000000005,-0.191206,1.135590452,1.0771359999999999
4242,-0.0014627388000000002,-0.17110550000000002,1.135590452,0.2731159999999999
4243,-0.0014617788000000007,-0.17110550000000002,1.135590452,0.39371899999999993
4244,-0.0014608188000000003,-0.17110550000000002,1.1275502510000002,1.559548
4245,-0.0014598588000000008,-0.17110550000000002,1.135590452,3.1273869999999997
4246,-0.0014588988000000004,-0.191206,1.1275502510000002,4.735427
4247,-0.0014579388,-0.17110550000000002,1.1275502510000002,5.338442
4248,-0.0014569788000000005,-0.17110550000000002,1.135590452,4.936432
4249,-0.0014560188000000002,-0.191206,1.1275502510000002,3.65
4250,-0.0014550588000000007,-0.151005,1.1275502510000002,1.921357
4251,-0.0014540988000000003,-0.17110550000000002,1.1275502510000002,0.6751259999999997
4252,-0.0014531388000000008,-0.17110550000000002,1.135590452,0.1525129999999999
4253,-0.0014521788000000004,-0.151005,1.1275502510000002,0.7957289999999997
4254,-0.0014512188,-0.17110550000000002,1.135590452,2.04196
4255,-0.0014502588000000005,-0.191206,1.143630653,3.65
4256,-0.0014492988000000002,-0.17110550000000002,1.135590452,4.896231
4257,-0.0014483388000000007,-0.191206,1.135590452,5.338442
4258,-0.0014473788000000003,-0.151005,1.159711055,4.775628
4259,-0.0014464188000000008,-0.191206,1.143630653,3.4891959999999997
4260,-0.0014454588000000004,-0.17110550000000002,1.143630653,1.8811559999999998
4261,-0.0014444988,-0.191206,1.1275502510000002,0.634925
4262,-0.0014435388000000006,-0.151005,1.143630653,0.19271400000000005
4263,-0.0014425788000000002,-0.17110550000000002,1.135590452,0.5545229999999997
4264,-0.0014416188000000007,-0.191206,1.135590452,1.7203519999999999
4265,-0.0014406588000000003,-0.191206,1.135590452,3.167588
4266,-0.0014396988000000008,-0.17110550000000002,1.143630653,4.494221
4267,-0.0014387388000000004,-0.191206,1.1275502510000002,5.298241
4268,-0.0014377788,-0.2113065,1.1275502510000002,5.137437
4269,-0.0014368188000000006,-0.191206,1.135590452,4.2530149999999995
4270,-0.0014358588000000002,-0.191206,1.1275502510000002,2.7655779999999996
4271,-0.0014348988000000007,-0.151005,1.1195100500000001,1.318342
4272,-0.0014339388000000003,-0.17110550000000002,1.1275502510000002,0.39371899999999993
4273,-0.0014329788000000008,-0.151005,1.1275502510000002,0.19271400000000005
4274,-0.0014320188000000005,-0.17110550000000002,1.135590452,0.9163319999999997
4275,-0.0014310588,-0.17110550000000002,1.1275502510000002,2.1625629999999996
4276,-0.0014300988000000006,-0.17110550000000002,1.1275502510000002,3.690201
4277,-0.0014291388000000002,-0.17110550000000002,1.135590452,4.896231
4278,-0.0014281788000000007,-0.191206,1.143630653,5.338442
4279,-0.0014272188000000003,-0.17110550000000002,1.135590452,4.85603
4280,-0.0014262588000000008,-0.151005,1.1275502510000002,3.65
4281,-0.0014252988000000005,-0.151005,1.135590452,2.082161
4282,-0.0014243388,-0.191206,1.143630653,0.755528
4283,-0.0014233788000000006,-0.191206,1.151670854,0.1525129999999999
4284,-0.0014224188000000002,-0.17110550000000002,1.143630653,0.514322
4285,-0.0014214588000000007,-0.151005,1.135590452,1.680151
4286,-0.0014204988000000003,-0.151005,1.143630653,3.2479899999999997
4287,-0.0014195388000000008,-0.17110550000000002,1.135590452,4.614824
4288,-0.0014185788000000005,-0.151005,1.135590452,5.298241
4289,-0.0014176188,-0.151005,1.135590452,5.016834
4290,-0.0014166588000000006,-0.17110550000000002,1.1275502510000002,4.0118089999999995
4291,-0.0014156988000000002,-0.151005,1.135590452,2.323367
4292,-0.0014147388000000007,-0.17110550000000002,1.135590452,0.9565329999999999
4293,-0.0014137788000000004,-0.191206,1.135590452,0.23291499999999976
4294,-0.0014128188000000009,-0.17110550000000002,1.135590452,0.4741209999999998
4295,-0.0014118588000000005,-0.17110550000000002,1.143630653,1.479146
4296,-0.0014108988000000001,-0.151005,1.143630653,3.1273869999999997
4297,-0.0014099388000000006,-0.17110550000000002,1.1275502510000002,4.45402
4298,-0.0014089788000000002,-0.17110550000000002,1.1195100500000001,5.298241
4299,-0.0014080188000000007,-0.151005,1.135590452,5.137437
4300,-0.0014070588000000004,-0.17110550000000002,1.143630653,4.1324119999999995
4301,-0.0014060988000000009,-0.17110550000000002,1.143630653,2.604774
4302,-0.0014051388000000005,-0.191206,1.1275502510000002,1.1575379999999997
4303,-0.0014041788000000001,-0.17110550000000002,1.143630653,0.31331700000000007
4304,-0.0014032188000000006,-0.151005,1.151670854,0.31331700000000007
4305,-0.0014022588000000002,-0.17110550000000002,1.143630653,1.23794
4306,-0.0014012988000000007,-0.17110550000000002,1.167751256,2.7655779999999996
4307,-0.0014003388000000004,-0.191206,1.143630653,4.293216
4308,-0.0013993788000000009,-0.17110550000000002,1.151670854,5.217839
4309,-0.0013984188000000005,-0.17110550000000002,1.143630653,5.258039999999999
4310,-0.0013974588000000001,-0.151005,1.143630653,4.333417
4311,-0.0013964988000000006,-0.191206,1.143630653,2.84598
4312,-0.0013955388000000003,-0.151005,1.135590452,1.318342
4313,-0.0013945788000000008,-0.17110550000000002,1.1275502510000002,0.31331700000000007
4314,-0.0013936188000000004,-0.151005,1.135590452,0.23291499999999976
4315,-0.0013926588000000009,-0.151005,1.1275502510000002,1.1575379999999997
4316,-0.0013916988000000005,-0.151005,1.143630653,2.604774
4317,-0.0013907388000000001,-0.191206,1.1275502510000002,4.1324119999999995
4318,-0.0013897788000000006,-0.17110550000000002,1.1275502510000002,5.217839
4319,-0.0013888188000000003,-0.151005,1.143630653,5.298241
4320,-0.0013878588000000008,-0.151005,1.135590452,4.494221
4321,-0.0013868988000000004,-0.17110550000000002,1.143630653,2.926382
4322,-0.001385938800000001,-0.191206,1.135590452,1.438945
4323,-0.0013849788000000005,-0.151005,1.135590452,0.4339200000000001
4324,-0.0013840188000000002,-0.17110550000000002,1.135590452,0.23291499999999976
4325,-0.0013830588000000007,-0.17110550000000002,1.143630653,0.996734
4326,-0.0013820988000000003,-0.13090449999999998,1.143630653,2.363568
4327,-0.0013811388000000008,-0.151005,1.151670854,3.931407
4328,-0.0013801788000000004,-0.17110550000000002,1.143630653,5.057035
4329,-0.0013792188,-0.151005,1.151670854,5.418844
4330,-0.0013782588000000005,-0.17110550000000002,1.143630653,4.695226
4331,-0.0013772988000000002,-0.151005,1.143630653,3.448995
4332,-0.0013763388000000007,-0.151005,1.143630653,1.921357
4333,-0.0013753788000000003,-0.151005,1.143630653,0.6751259999999997
4334,-0.0013744188000000008,-0.151005,1.135590452,0.19271400000000005
4335,-0.0013734588000000004,-0.151005,1.143630653,0.5545229999999997
4336,-0.0013724988,-0.17110550000000002,1.135590452,1.7203519999999999
4337,-0.0013715388000000005,-0.17110550000000002,1.135590452,3.207789
4338,-0.0013705788000000002,-0.17110550000000002,1.1275502510000002,4.574623
4339,-0.0013696188000000007,-0.17110550000000002,1.1275502510000002,5.258039999999999
4340,-0.0013686588000000003,-0.151005,1.143630653,5.137437
4341,-0.0013676988000000008,-0.151005,1.135590452,4.2530149999999995
4342,-0.0013667388000000004,-0.13090449999999998,1.143630653,2.725377
4343,-0.0013657788,-0.151005,1.1275502510000002,1.23794
4344,-0.0013648188000000006,-0.17110550000000002,1.1275502510000002,0.31331700000000007
4345,-0.0013638588000000002,-0.151005,1.151670854,0.23291499999999976
4346,-0.0013628988000000007,-0.151005,1.143630653,1.1977389999999999
4347,-0.0013619388000000003,-0.151005,1.143630653,2.564573
4348,-0.0013609788000000008,-0.13090449999999998,1.143630653,4.092211
4349,-0.0013600188000000004,-0.151005,1.143630653,5.097236
4350,-0.0013590588,-0.151005,1.143630653,5.258039999999999
4351,-0.0013580988000000006,-0.151005,1.151670854,4.574623
4352,-0.0013571388000000002,-0.151005,1.151670854,3.1273869999999997
4353,-0.0013561788000000007,-0.13090449999999998,1.143630653,1.680151
4354,-0.0013552188000000003,-0.151005,1.1275502510000002,0.514322
4355,-0.0013542588000000008,-0.151005,1.143630653,0.19271400000000005
4356,-0.0013532988000000004,-0.191206,1.1275502510000002,0.755528
4357,-0.0013523388,-0.151005,1.135590452,2.04196
4358,-0.0013513788000000006,-0.151005,1.1275502510000002,3.65
4359,-0.0013504188000000002,-0.151005,1.135590452,4.936432
4360,-0.0013494588000000007,-0.151005,1.135590452,5.378643
4361,-0.0013484988000000003,-0.151005,1.135590452,4.896231
4362,-0.0013475388000000008,-0.151005,1.143630653,3.7304019999999998
4363,-0.0013465788000000005,-0.17110550000000002,1.135590452,2.082161
4364,-0.0013456188,-0.151005,1.135590452,0.7957289999999997
4365,-0.0013446588000000006,-0.191206,1.135590452,0.1525129999999999
4366,-0.0013436988000000002,-0.151005,1.143630653,0.514322
4367,-0.0013427388000000007,-0.151005,1.135590452,1.680151
4368,-0.0013417788000000003,-0.151005,1.1275502510000002,3.2479899999999997
4369,-0.0013408188000000008,-0.151005,1.143630653,4.534422
4370,-0.0013398588000000005,-0.151005,1.135590452,5.298241
4371,-0.0013388988,-0.13090449999999998,1.143630653,5.137437
4372,-0.0013379388000000006,-0.13090449999999998,1.135590452,4.1324119999999995
4373,-0.0013369788000000002,-0.151005,1.151670854,2.685176
4374,-0.0013360188000000007,-0.13090449999999998,1.151670854,1.23794
4375,-0.0013350588000000004,-0.151005,1.151670854,0.31331700000000007
4376,-0.0013340988000000008,-0.13090449999999998,1.151670854,0.3535179999999998
4377,-0.0013331388000000005,-0.17110550000000002,1.151670854,1.117337
4378,-0.0013321788,-0.17110550000000002,1.151670854,2.604774
4379,-0.0013312188000000006,-0.0907035,1.143630653,4.0118089999999995
4380,-0.0013302588000000002,-0.13090449999999998,1.143630653,5.057035
4381,-0.0013292988000000007,-0.151005,1.143630653,5.338442
4382,-0.0013283388000000004,-0.17110550000000002,1.135590452,4.815829
4383,-0.0013273788000000009,-0.151005,1.1275502510000002,3.569598
4384,-0.0013264188000000005,-0.151005,1.143630653,2.001759
4385,-0.0013254588000000001,-0.151005,1.143630653,0.8359299999999998
4386,-0.0013244988000000006,-0.151005,1.1195100500000001,0.19271400000000005
4387,-0.0013235388000000002,-0.17110550000000002,1.135590452,0.39371899999999993
4388,-0.0013225788000000007,-0.151005,1.135590452,1.479146
4389,-0.0013216188000000004,-0.17110550000000002,1.143630653,2.725377
4390,-0.0013206588000000009,-0.110804,1.135590452,4.092211
4391,-0.0013196988000000005,-0.151005,1.143630653,5.097236
4392,-0.0013187388000000001,-0.151005,1.143630653,5.378643
4393,-0.0013177788000000006,-0.13090449999999998,1.143630653,4.735427
4394,-0.0013168188000000003,-0.151005,1.1275502510000002,3.6097989999999998
4395,-0.0013158588000000008,-0.13090449999999998,1.151670854,2.202764
4396,-0.0013148988000000004,-0.151005,1.151670854,0.9163319999999997
4397,-0.0013139388000000009,-0.17110550000000002,1.143630653,0.23291499999999976
4398,-0.0013129788000000005,-0.13090449999999998,1.143630653,0.39371899999999993
4399,-0.0013120188000000001,-0.110804,1.151670854,1.23794
4400,-0.0013110588000000006,-0.151005,1.143630653,2.685176
4401,-0.0013100988000000003,-0.151005,1.151670854,4.092211
4402,-0.0013091388000000008,-0.17110550000000002,1.135590452,5.057035
4403,-0.0013081788000000004,-0.151005,1.151670854,5.338442
4404,-0.0013072188000000009,-0.13090449999999998,1.143630653,4.735427
4405,-0.0013062588000000005,-0.13090449999999998,1.135590452,3.448995
4406,-0.0013052988000000001,-0.151005,1.135590452,1.961558
4407,-0.0013043388000000006,-0.13090449999999998,1.135590452,0.6751259999999997
4408,-0.0013033788000000003,-0.13090449999999998,1.1275502510000002,0.19271400000000005
4409,-0.0013024188000000008,-0.13090449999999998,1.143630653,0.5545229999999997
4410,-0.0013014588000000004,-0.13090449999999998,1.1275502510000002,1.6399499999999998
4411,-0.001300498800000001,-0.13090449999999998,1.135590452,3.167588
4412,-0.0012995388000000005,-0.13090449999999998,1.135590452,4.574623
4413,-0.0012985788000000002,-0.13090449999999998,1.143630653,5.338442
4414,-0.0012976188000000007,-0.151005,1.143630653,5.177638
4415,-0.0012966588000000003,-0.151005,1.151670854,4.333417
4416,-0.0012956988000000008,-0.13090449999999998,1.143630653,2.84598
4417,-0.0012947388000000004,-0.151005,1.143630653,1.318342
4418,-0.0012937788,-0.151005,1.135590452,0.4339200000000001
4419,-0.0012928188000000005,-0.151005,1.143630653,0.19271400000000005
4420,-0.0012918588000000002,-0.110804,1.167751256,0.7957289999999997
4421,-0.0012908988000000007,-0.13090449999999998,1.159711055,2.122362
4422,-0.0012899388000000003,-0.13090449999999998,1.151670854,3.6097989999999998
4423,-0.0012889788000000008,-0.13090449999999998,1.151670854,4.815829
4424,-0.0012880188000000004,-0.13090449999999998,1.151670854,5.378643
4425,-0.0012870588,-0.13090449999999998,1.151670854,5.097236
4426,-0.0012860988000000005,-0.151005,1.151670854,4.1324119999999995
4427,-0.0012851388000000002,-0.13090449999999998,1.143630653,2.725377
4428,-0.0012841788000000007,-0.110804,1.159711055,1.3987439999999998
4429,-0.0012832188000000003,-0.13090449999999998,1.143630653,0.39371899999999993
4430,-0.0012822588000000008,-0.151005,1.135590452,0.23291499999999976
4431,-0.0012812988000000004,-0.151005,1.143630653,0.7957289999999997
4432,-0.0012803388,-0.110804,1.1275502510000002,1.8811559999999998
4433,-0.0012793788000000006,-0.151005,1.143630653,3.448995
4434,-0.0012784188000000002,-0.13090449999999998,1.151670854,4.695226
4435,-0.0012774588000000007,-0.151005,1.143630653,5.298241
4436,-0.0012764988000000003,-0.110804,1.143630653,5.177638
4437,-0.0012755388000000008,-0.151005,1.143630653,4.333417
4438,-0.0012745788000000004,-0.13090449999999998,1.151670854,2.8861809999999997
4439,-0.0012736188,-0.13090449999999998,1.135590452,1.479146
4440,-0.0012726588000000006,-0.13090449999999998,1.143630653,0.4741209999999998
4441,-0.0012716988000000002,-0.13090449999999998,1.143630653,0.19271400000000005
4442,-0.0012707388000000007,-0.151005,1.151670854,0.7153269999999998
4443,-0.0012697788000000003,-0.151005,1.151670854,2.001759
4444,-0.0012688188000000008,-0.13090449999999998,1.151670854,3.4891959999999997
4445,-0.0012678588000000005,-0.151005,1.159711055,4.775628
4446,-0.0012668988,-0.13090449999999998,1.143630653,5.378643
4447,-0.0012659388000000006,-0.13090449999999998,1.151670854,5.097236
4448,-0.0012649788000000002,-0.151005,1.151670854,4.172613
4449,-0.0012640188000000007,-0.13090449999999998,1.151670854,2.685176
4450,-0.0012630588000000003,-0.13090449999999998,1.159711055,1.318342
4451,-0.0012620988000000008,-0.13090449999999998,1.151670854,0.3535179999999998
4452,-0.0012611388000000005,-0.13090449999999998,1.151670854,0.23291499999999976
4453,-0.0012601788,-0.110804,1.143630653,0.9565329999999999
4454,-0.0012592188000000006,-0.13090449999999998,1.151670854,2.2831659999999996
4455,-0.0012582588000000002,-0.151005,1.135590452,3.770603
4456,-0.0012572988000000007,-0.13090449999999998,1.143630653,4.936432
4457,-0.0012563388000000003,-0.13090449999999998,1.1275502510000002,5.378643
4458,-0.0012553788000000008,-0.110804,1.135590452,5.016834
4459,-0.0012544188000000005,-0.13090449999999998,1.143630653,3.851005
4460,-0.0012534588,-0.151005,1.143630653,2.363568
4461,-0.0012524988000000006,-0.110804,1.143630653,0.996734
4462,-0.0012515388000000002,-0.13090449999999998,1.151670854,0.23291499999999976
4463,-0.0012505788000000007,-0.13090449999999998,1.151670854,0.2731159999999999
4464,-0.0012496188000000004,-0.151005,1.159711055,1.117337
4465,-0.0012486588000000009,-0.13090449999999998,1.143630653,2.564573
4466,-0.0012476988000000005,-0.151005,1.151670854,3.931407
4467,-0.0012467388000000001,-0.13090449999999998,1.143630653,5.057035
4468,-0.0012457788000000006,-0.110804,1.151670854,5.378643
4469,-0.0012448188000000002,-0.110804,1.151670854,4.936432
4470,-0.0012438588000000007,-0.110804,1.159711055,3.770603
4471,-0.0012428988000000004,-0.110804,1.159711055,2.2831659999999996
4472,-0.0012419388000000009,-0.110804,1.159711055,0.9565329999999999
4473,-0.0012409788000000005,-0.13090449999999998,1.151670854,0.2731159999999999
4474,-0.0012400188000000001,-0.13090449999999998,1.151670854,0.31331700000000007
4475,-0.0012390588000000006,-0.13090449999999998,1.159711055,1.1575379999999997
4476,-0.0012380988000000002,-0.110804,1.159711055,2.5243719999999996
4477,-0.0012371388000000007,-0.13090449999999998,1.151670854,4.05201
4478,-0.0012361788000000004,-0.13090449999999998,1.151670854,5.057035
4479,-0.0012352188000000009,-0.110804,1.151670854,5.378643
4480,-0.0012342588000000005,-0.110804,1.143630653,4.775628
4481,-0.0012332988000000001,-0.13090449999999998,1.143630653,3.6097989999999998
4482,-0.0012323388000000006,-0.110804,1.151670854,2.082161
4483,-0.0012313788000000003,-0.13090449999999998,1.143630653,0.755528
4484,-0.0012304188000000008,-0.110804,1.151670854,0.23291499999999976
4485,-0.0012294588000000004,-0.13090449999999998,1.151670854,0.514322
4486,-0.0012284988000000009,-0.13090449999999998,1.159711055,1.5193469999999998
4487,-0.0012275388000000005,-0.110804,1.159711055,3.087186
4488,-0.0012265788000000001,-0.13090449999999998,1.159711055,4.45402
4489,-0.0012256188000000006,-0.13090449999999998,1.151670854,5.298241
4490,-0.0012246588000000003,-0.110804,1.143630653,5.298241
4491,-0.0012236988000000008,-0.13090449999999998,1.151670854,4.333417
4492,-0.0012227388000000004,-0.110804,1.143630653,2.926382
4493,-0.001221778800000001,-0.13090449999999998,1.167751256,1.479146
4494,-0.0012208188000000005,-0.110804,1.159711055,0.4741209999999998
4495,-0.0012198588000000002,-0.110804,1.143630653,0.1525129999999999
4496,-0.0012188988000000006,-0.0907035,1.143630653,0.7957289999999997
4497,-0.0012179388000000003,-0.13090449999999998,1.159711055,2.082161
4498,-0.0012169788000000008,-0.13090449999999998,1.143630653,3.6097989999999998
4499,-0.0012160188000000004,-0.110804,1.143630653,4.815829
4500,-0.001215058800000001,-0.110804,1.143630653,5.418844
4501,-0.0012140988000000005,-0.110804,1.143630653,5.137437
4502,-0.0012131388000000002,-0.13090449999999998,1.159711055,4.1324119999999995
4503,-0.0012121788000000007,-0.110804,1.143630653,2.725377
4504,-0.0012112188000000003,-0.13090449999999998,1.143630653,1.318342
4505,-0.0012102588000000008,-0.110804,1.151670854,0.4339200000000001
4506,-0.0012092988000000004,-0.13090449999999998,1.143630653,0.19271400000000005
4507,-0.0012083388,-0.13090449999999998,1.151670854,0.755528
4508,-0.0012073788000000005,-0.13090449999999998,1.151670854,1.921357
4509,-0.0012064188000000002,-0.0907035,1.167751256,3.448995
4510,-0.0012054588000000007,-0.13090449999999998,1.151670854,4.614824
4511,-0.0012044988000000003,-0.13090449999999998,1.159711055,5.338442
4512,-0.0012035388000000008,-0.110804,1.159711055,5.298241
4513,-0.0012025788000000004,-0.110804,1.167751256,4.494221
4514,-0.0012016188,-0.13090449999999998,1.159711055,3.2479899999999997
4515,-0.0012006588000000006,-0.110804,1.159711055,1.800754
4516,-0.0011996988000000002,-0.110804,1.151670854,0.6751259999999997
4517,-0.0011987388000000007,-0.0907035,1.159711055,0.1525129999999999
4518,-0.0011977788000000003,-0.13090449999999998,1.151670854,0.39371899999999993
4519,-0.0011968188000000008,-0.110804,1.151670854,1.479146
4520,-0.0011958588000000004,-0.110804,1.159711055,2.8861809999999997
4521,-0.0011948988,-0.13090449999999998,1.159711055,4.2530149999999995
4522,-0.0011939388000000006,-0.110804,1.143630653,5.177638
4523,-0.0011929788000000002,-0.13090449999999998,1.159711055,5.378643
4524,-0.0011920188000000007,-0.110804,1.143630653,4.735427
4525,-0.0011910588000000003,-0.13090449999999998,1.151670854,3.4891959999999997
4526,-0.0011900988000000008,-0.110804,1.159711055,1.961558
4527,-0.0011891388000000004,-0.110804,1.135590452,0.755528
4528,-0.0011881788,-0.0907035,1.159711055,0.2731159999999999
4529,-0.0011872188000000006,-0.0907035,1.143630653,0.5545229999999997
4530,-0.0011862588000000002,-0.110804,1.151670854,1.6399499999999998
4531,-0.0011852988000000007,-0.110804,1.135590452,3.1273869999999997
4532,-0.0011843388000000003,-0.0907035,1.159711055,4.534422
4533,-0.0011833788000000008,-0.110804,1.151670854,5.338442
4534,-0.0011824188000000005,-0.110804,1.151670854,5.217839
4535,-0.0011814588,-0.110804,1.159711055,4.333417
4536,-0.0011804988000000006,-0.070603,1.151670854,2.7655779999999996
4537,-0.0011795388000000002,-0.13090449999999998,1.167751256,1.3987439999999998
4538,-0.0011785788000000007,-0.13090449999999998,1.151670854,0.3535179999999998
4539,-0.0011776188000000003,-0.0907035,1.159711055,0.2731159999999999
4540,-0.0011766588000000008,-0.0907035,1.167751256,0.996734
4541,-0.0011756988000000005,-0.0907035,1.159711055,2.44397
4542,-0.0011747388,-0.0907035,1.151670854,4.0118089999999995
4543,-0.0011737788000000006,-0.110804,1.143630653,5.057035
4544,-0.0011728188000000002,-0.0907035,1.159711055,5.338442
4545,-0.0011718588000000007,-0.110804,1.151670854,4.896231
4546,-0.0011708988000000004,-0.0907035,1.151670854,3.65
4547,-0.0011699388000000008,-0.070603,1.159711055,2.082161
4548,-0.0011689788000000005,-0.0907035,1.159711055,0.876131
4549,-0.0011680188,-0.151005,1.167751256,0.19271400000000005
4550,-0.0011670588000000006,-0.110804,1.159711055,0.3535179999999998
4551,-0.0011660988000000002,-0.0907035,1.151670854,1.1977389999999999
4552,-0.0011651388000000007,-0.110804,1.143630653,2.5243719999999996
4553,-0.0011641788000000004,-0.13090449999999998,1.151670854,3.931407
4554,-0.0011632188000000009,-0.110804,1.151670854,4.936432
4555,-0.0011622588000000005,-0.0907035,1.151670854,5.459045
4556,-0.0011612988000000001,-0.110804,1.159711055,5.097236
4557,-0.0011603388000000006,-0.0907035,1.159711055,4.092211
4558,-0.0011593788000000002,-0.0907035,1.159711055,2.805779
4559,-0.0011584188000000007,-0.0907035,1.167751256,1.5193469999999998
4560,-0.0011574588000000004,-0.110804,1.167751256,0.514322
4561,-0.0011564988000000009,-0.110804,1.159711055,0.19271400000000005
4562,-0.0011555388000000005,-0.13090449999999998,1.159711055,0.514322
4563,-0.0011545788000000001,-0.110804,1.151670854,1.479146
4564,-0.0011536188000000006,-0.0907035,1.167751256,2.84598
4565,-0.0011526588000000003,-0.110804,1.151670854,4.1324119999999995
4566,-0.0011516988000000008,-0.13090449999999998,1.159711055,5.137437
4567,-0.0011507388000000004,-0.110804,1.159711055,5.418844
4568,-0.0011497788000000009,-0.110804,1.159711055,4.976633
4569,-0.0011488188000000005,-0.13090449999999998,1.151670854,3.891206
4570,-0.0011478588000000001,-0.110804,1.159711055,2.5243719999999996
4571,-0.0011468988000000006,-0.070603,1.159711055,1.117337
4572,-0.0011459388000000003,-0.110804,1.159711055,0.31331700000000007
4573,-0.0011449788000000008,-0.110804,1.151670854,0.23291499999999976
4574,-0.0011440188000000004,-0.110804,1.167751256,1.0771359999999999
4575,-0.0011430588000000009,-0.0907035,1.151670854,2.4037689999999996
4576,-0.0011420988000000005,-0.0907035,1.159711055,3.891206
4577,-0.0011411388000000001,-0.0907035,1.159711055,5.097236
4578,-0.0011401788000000006,-0.110804,1.151670854,5.459045
4579,-0.0011392188000000003,-0.110804,1.151670854,4.735427
4580,-0.0011382588000000008,-0.0907035,1.151670854,3.448995
4581,-0.0011372988000000004,-0.110804,1.159711055,1.8811559999999998
4582,-0.001136338800000001,-0.110804,1.151670854,0.5545229999999997
4583,-0.0011353788000000005,-0.110804,1.167751256,0.19271400000000005
4584,-0.0011344188000000002,-0.0907035,1.167751256,0.7153269999999998
4585,-0.0011334588000000007,-0.110804,1.167751256,2.082161
4586,-0.0011324988000000003,-0.070603,1.175791457,3.690201
4587,-0.0011315388000000008,-0.110804,1.167751256,4.976633
4588,-0.0011305788000000004,-0.0907035,1.159711055,5.418844
4589,-0.001129618800000001,-0.0907035,1.167751256,5.016834
4590,-0.0011286588000000005,-0.0907035,1.167751256,3.65
4591,-0.0011276988000000002,-0.0907035,1.167751256,2.202764
4592,-0.0011267388000000007,-0.110804,1.159711055,0.876131
4593,-0.0011257788000000003,-0.110804,1.159711055,0.19271400000000005
4594,-0.0011248188000000008,-0.070603,1.159711055,0.39371899999999993
4595,-0.0011238588000000004,-0.0907035,1.159711055,1.318342
4596,-0.001122898800000001,-0.070603,1.167751256,2.685176
4597,-0.0011219388000000005,-0.0907035,1.159711055,4.1324119999999995
4598,-0.0011209788000000002,-0.110804,1.159711055,5.137437
4599,-0.0011200188000000007,-0.110804,1.159711055,5.378643
4600,-0.0011190588000000003,-0.0907035,1.159711055,4.936432
4601,-0.0011180988000000008,-0.0907035,1.151670854,3.770603
4602,-0.0011171388000000004,-0.110804,1.143630653,2.44397
4603,-0.0011161788,-0.070603,1.159711055,1.117337
4604,-0.0011152188000000006,-0.0907035,1.151670854,0.3535179999999998
4605,-0.0011142588000000002,-0.110804,1.159711055,0.23291499999999976
4606,-0.0011132988000000007,-0.13090449999999998,1.167751256,0.8359299999999998
4607,-0.0011123388000000003,-0.0907035,1.151670854,1.961558
4608,-0.0011113788000000008,-0.0907035,1.159711055,3.288191
4609,-0.0011104188000000004,-0.0907035,1.167751256,4.574623
4610,-0.0011094588,-0.0907035,1.175791457,5.338442
4611,-0.0011084988000000006,-0.110804,1.167751256,5.338442
4612,-0.0011075388000000002,-0.0907035,1.167751256,4.655025
4613,-0.0011065788000000007,-0.0907035,1.167751256,3.408794
4614,-0.0011056188000000003,-0.05050249999999999,1.175791457,1.961558
4615,-0.0011046588000000008,-0.0907035,1.167751256,0.7957289999999997
4616,-0.0011036988000000005,-0.070603,1.159711055,0.19271400000000005
4617,-0.0011027388,-0.0907035,1.167751256,0.4339200000000001
4618,-0.0011017788000000006,-0.070603,1.159711055,1.318342
4619,-0.0011008188000000002,-0.070603,1.151670854,2.7655779999999996
4620,-0.0010998588000000007,-0.110804,1.167751256,4.172613
4621,-0.0010988988000000003,-0.110804,1.159711055,5.137437
4622,-0.0010979388000000008,-0.110804,1.159711055,5.338442
4623,-0.0010969788000000005,-0.0907035,1.151670854,4.775628
4624,-0.0010960188,-0.0907035,1.159711055,3.4891959999999997
4625,-0.0010950588000000006,-0.110804,1.167751256,2.001759
4626,-0.0010940988000000002,-0.0907035,1.159711055,0.6751259999999997
4627,-0.0010931388000000007,-0.0907035,1.151670854,0.1525129999999999
4628,-0.0010921788000000003,-0.0907035,1.159711055,0.514322
4629,-0.0010912188000000008,-0.110804,1.159711055,1.6399499999999998
4630,-0.0010902588000000005,-0.070603,1.151670854,3.207789
4631,-0.0010892988,-0.070603,1.167751256,4.655025
4632,-0.0010883388000000006,-0.0907035,1.175791457,5.418844
4633,-0.0010873788000000002,-0.0907035,1.167751256,5.258039999999999
4634,-0.0010864188000000007,-0.0907035,1.159711055,4.1324119999999995
4635,-0.0010854588000000004,-0.0907035,1.167751256,2.604774
4636,-0.0010844988000000009,-0.0907035,1.175791457,1.117337
4637,-0.0010835388000000005,-0.110804,1.175791457,0.23291499999999976
4638,-0.0010825788000000001,-0.110804,1.1838316580000001,0.31331700000000007
4639,-0.0010816188000000006,-0.13090449999999998,1.167751256,1.23794
4640,-0.0010806588000000002,-0.0907035,1.167751256,2.725377
4641,-0.0010796988000000007,-0.070603,1.159711055,4.172613
4642,-0.0010787388000000004,-0.070603,1.167751256,5.217839
4643,-0.0010777788000000009,-0.110804,1.159711055,5.338442
4644,-0.0010768188000000005,-0.0907035,1.159711055,4.695226
4645,-0.0010758588000000001,-0.0907035,1.151670854,3.408794
4646,-0.0010748988000000006,-0.070603,1.167751256,1.8811559999999998
4647,-0.0010739388000000002,-0.0907035,1.167751256,0.6751259999999997
4648,-0.0010729788000000007,-0.05050249999999999,1.175791457,0.23291499999999976
4649,-0.0010720188000000004,-0.0907035,1.167751256,0.4741209999999998
4650,-0.0010710588000000009,-0.05050249999999999,1.159711055,1.479146
4651,-0.0010700988000000005,-0.0907035,1.167751256,2.84598
4652,-0.0010691388000000001,-0.0907035,1.167751256,4.2530149999999995
4653,-0.0010681788000000006,-0.0907035,1.159711055,5.137437
4654,-0.0010672188000000003,-0.070603,1.159711055,5.459045
4655,-0.0010662588000000008,-0.0907035,1.175791457,4.936432
4656,-0.0010652988000000004,-0.070603,1.1838316580000001,3.891206
4657,-0.0010643388000000009,-0.0907035,1.175791457,2.484171
4658,-0.0010633788000000005,-0.070603,1.1838316580000001,1.1977389999999999
4659,-0.0010624188000000001,-0.0907035,1.167751256,0.39371899999999993
4660,-0.0010614588000000006,-0.070603,1.167751256,0.1525129999999999
4661,-0.0010604988000000003,-0.070603,1.167751256,0.7957289999999997
4662,-0.0010595388000000008,-0.0907035,1.159711055,1.800754
4663,-0.0010585788000000004,-0.070603,1.167751256,3.207789
4664,-0.001057618800000001,-0.0907035,1.167751256,4.45402
4665,-0.0010566588000000005,-0.110804,1.167751256,5.338442
4666,-0.0010556988000000002,-0.110804,1.167751256,5.378643
4667,-0.0010547388000000006,-0.0907035,1.159711055,4.655025
4668,-0.0010537788000000003,-0.070603,1.167751256,3.3685929999999997
4669,-0.0010528188000000008,-0.070603,1.167751256,1.921357
4670,-0.0010518588000000004,-0.070603,1.159711055,0.755528
4671,-0.001050898800000001,-0.0907035,1.159711055,0.1525129999999999
4672,-0.0010499388000000005,-0.0907035,1.159711055,0.4339200000000001
4673,-0.0010489788000000002,-0.070603,1.159711055,1.438945
4674,-0.0010480188000000007,-0.110804,1.159711055,2.8861809999999997
4675,-0.0010470588000000003,-0.070603,1.159711055,4.2530149999999995
4676,-0.0010460988000000008,-0.05050249999999999,1.167751256,5.258039999999999
4677,-0.0010451388000000004,-0.110804,1.175791457,5.418844
4678,-0.001044178800000001,-0.070603,1.167751256,4.695226
4679,-0.0010432188000000005,-0.070603,1.167751256,3.448995
4680,-0.0010422588000000002,-0.070603,1.167751256,1.921357
4681,-0.0010412988000000007,-0.0907035,1.175791457,0.6751259999999997
4682,-0.0010403388000000003,-0.070603,1.175791457,0.1525129999999999
4683,-0.0010393788000000008,-0.0907035,1.1838316580000001,0.514322
4684,-0.0010384188000000004,-0.070603,1.1838316580000001,1.6399499999999998
4685,-0.001037458800000001,-0.070603,1.175791457,3.1273869999999997
4686,-0.0010364988000000006,-0.030402,1.175791457,4.534422
4687,-0.0010355388000000002,-0.05050249999999999,1.175791457,5.338442
4688,-0.0010345788000000007,-0.05050249999999999,1.167751256,5.378643
4689,-0.0010336188000000003,-0.05050249999999999,1.167751256,4.614824
4690,-0.0010326588000000008,-0.070603,1.167751256,3.2479899999999997
4691,-0.0010316988000000004,-0.05050249999999999,1.167751256,1.800754
4692,-0.0010307388,-0.0907035,1.167751256,0.7153269999999998
4693,-0.0010297788000000006,-0.0907035,1.151670854,0.19271400000000005
4694,-0.0010288188000000002,-0.05050249999999999,1.167751256,0.4741209999999998
4695,-0.0010278588000000007,-0.0907035,1.167751256,1.5193469999999998
4696,-0.0010268988000000003,-0.05050249999999999,1.167751256,2.966583
4697,-0.0010259388000000008,-0.05050249999999999,1.175791457,4.373618
4698,-0.0010249788000000004,-0.070603,1.167751256,5.217839
4699,-0.0010240188,-0.070603,1.167751256,5.378643
4700,-0.0010230588000000006,-0.070603,1.159711055,4.775628
4701,-0.0010220988000000002,-0.110804,1.175791457,3.529397
4702,-0.0010211388000000007,-0.070603,1.175791457,2.122362
4703,-0.0010201788000000003,-0.070603,1.167751256,0.9163319999999997
4704,-0.0010192188000000008,-0.070603,1.167751256,0.19271400000000005
4705,-0.0010182588000000005,-0.05050249999999999,1.167751256,0.31331700000000007
4706,-0.0010172988,-0.05050249999999999,1.175791457,1.1977389999999999
4707,-0.0010163388000000006,-0.070603,1.175791457,2.6449749999999996
4708,-0.0010153788000000002,-0.0907035,1.175791457,4.0118089999999995
4709,-0.0010144188000000007,-0.070603,1.1838316580000001,5.097236
4710,-0.0010134588000000003,-0.070603,1.1838316580000001,5.499245999999999
4711,-0.0010124988000000008,-0.070603,1.175791457,5.016834
4712,-0.0010115388000000005,-0.05050249999999999,1.175791457,3.891206
4713,-0.0010105788,-0.070603,1.167751256,2.44397
4714,-0.0010096188000000006,-0.05050249999999999,1.167751256,1.1977389999999999
4715,-0.0010086588000000002,-0.070603,1.159711055,0.31331700000000007
4716,-0.0010076988000000007,-0.05050249999999999,1.167751256,0.2731159999999999
4717,-0.0010067388000000004,-0.05050249999999999,1.159711055,0.9565329999999999
4718,-0.0010057788000000008,-0.070603,1.175791457,2.2831659999999996
4719,-0.0010048188000000005,-0.05050249999999999,1.167751256,3.690201
4720,-0.0010038588,-0.05050249999999999,1.167751256,4.85603
4721,-0.0010028988000000006,-0.0907035,1.167751256,5.459045
4722,-0.0010019388000000002,-0.05050249999999999,1.175791457,5.177638
4723,-0.0010009788000000007,-0.05050249999999999,1.175791457,4.172613
4724,-0.0010000188000000004,-0.070603,1.1838316580000001,2.725377
4725,-0.0009990588000000009,-0.070603,1.167751256,1.358543
4726,-0.0009980988000000005,-0.070603,1.175791457,0.4339200000000001
4727,-0.0009971388000000001,-0.070603,1.175791457,0.1525129999999999
4728,-0.0009961788000000006,-0.070603,1.175791457,0.7957289999999997
4729,-0.0009952188000000002,-0.05050249999999999,1.1838316580000001,2.04196
4730,-0.0009942588000000007,-0.070603,1.1838316580000001,3.6097989999999998
4731,-0.0009932988000000004,-0.05050249999999999,1.175791457,4.815829
4732,-0.0009923388000000009,-0.05050249999999999,1.175791457,5.459045
4733,-0.0009913788000000005,-0.05050249999999999,1.1838316580000001,5.137437
4734,-0.0009904188000000001,-0.05050249999999999,1.175791457,4.092211
4735,-0.0009894588000000006,-0.0907035,1.1838316580000001,2.685176
4736,-0.0009884988000000003,-0.070603,1.1838316580000001,1.23794
4737,-0.0009875388000000008,-0.05050249999999999,1.167751256,0.31331700000000007
4738,-0.0009865788000000004,-0.070603,1.167751256,0.2731159999999999
4739,-0.0009856188000000009,-0.05050249999999999,1.167751256,1.0369349999999997
4740,-0.0009846588000000005,-0.05050249999999999,1.175791457,2.44397
4741,-0.0009836988000000001,-0.05050249999999999,1.175791457,3.931407
4742,-0.0009827388000000006,-0.070603,1.167751256,5.097236
4743,-0.0009817788000000003,-0.070603,1.151670854,5.418844
4744,-0.0009808188000000008,-0.070603,1.167751256,4.896231
4745,-0.0009798588000000004,-0.070603,1.175791457,3.65
4746,-0.0009788988000000009,-0.070603,1.175791457,2.122362
4747,-0.0009779388000000005,-0.05050249999999999,1.167751256,0.8359299999999998
4748,-0.0009769788000000001,-0.070603,1.175791457,0.23291499999999976
4749,-0.0009760188000000006,-0.05050249999999999,1.1838316580000001,0.4339200000000001
4750,-0.0009750588000000003,-0.05050249999999999,1.167751256,1.5193469999999998
4751,-0.0009740988000000008,-0.05050249999999999,1.1838316580000001,3.087186
4752,-0.0009731388000000004,-0.05050249999999999,1.175791457,4.45402
4753,-0.0009721788000000009,-0.070603,1.175791457,5.338442
4754,-0.0009712188000000005,-0.05050249999999999,1.1838316580000001,5.338442
4755,-0.0009702588000000002,-0.070603,1.167751256,4.494221
4756,-0.0009692988000000007,-0.05050249999999999,1.175791457,3.1273869999999997
4757,-0.0009683388000000003,-0.070603,1.175791457,1.559548
4758,-0.0009673788000000008,-0.05050249999999999,1.167751256,0.4741209999999998
4759,-0.0009664188000000004,-0.05050249999999999,1.1838316580000001,0.19271400000000005
4760,-0.0009654588000000009,-0.05050249999999999,1.191871859,0.7957289999999997
4761,-0.0009644988000000005,-0.05050249999999999,1.1838316580000001,2.082161
4762,-0.0009635388000000002,-0.070603,1.175791457,3.65
4763,-0.0009625788000000007,-0.070603,1.167751256,4.896231
4764,-0.0009616188000000003,-0.05050249999999999,1.167751256,5.459045
4765,-0.0009606588000000008,-0.070603,1.167751256,5.137437
4766,-0.0009596988000000004,-0.070603,1.167751256,3.971608
4767,-0.0009587388000000009,-0.070603,1.175791457,2.44397
4768,-0.0009577788000000005,-0.070603,1.175791457,1.0369349999999997
4769,-0.0009568188000000002,-0.05050249999999999,1.175791457,0.2731159999999999
4770,-0.0009558588000000007,-0.070603,1.1838316580000001,0.23291499999999976
4771,-0.0009548988000000003,-0.05050249999999999,1.175791457,1.2781409999999997
4772,-0.0009539388000000008,-0.05050249999999999,1.175791457,2.6449749999999996
4773,-0.0009529788000000004,-0.05050249999999999,1.1838316580000001,4.172613
4774,-0.0009520188000000009,-0.070603,1.175791457,5.217839
4775,-0.0009510588000000006,-0.05050249999999999,1.191871859,5.459045
4776,-0.0009500988000000002,-0.030402,1.1838316580000001,4.896231
4777,-0.0009491388000000007,-0.05050249999999999,1.167751256,3.4891959999999997
4778,-0.0009481788000000003,-0.05050249999999999,1.191871859,1.961558
4779,-0.0009472188000000008,-0.05050249999999999,1.1838316580000001,0.6751259999999997
4780,-0.0009462588000000004,-0.070603,1.191871859,0.19271400000000005
4781,-0.0009452988000000001,-0.030402,1.191871859,0.5545229999999997
4782,-0.0009443388000000006,-0.070603,1.1838316580000001,1.559548
4783,-0.0009433788000000002,-0.070603,1.175791457,3.046985
4784,-0.0009424188000000007,-0.070603,1.175791457,4.534422
4785,-0.0009414588000000003,-0.030402,1.1838316580000001,5.378643
4786,-0.0009404988000000008,-0.030402,1.175791457,5.378643
4787,-0.0009395388000000005,-0.070603,1.167751256,4.494221
4788,-0.0009385788000000001,-0.05050249999999999,1.167751256,3.207789
4789,-0.0009376188000000006,-0.05050249999999999,1.167751256,1.599749
4790,-0.0009366588000000002,-0.070603,1.167751256,0.514322
4791,-0.0009356988000000007,-0.05050249999999999,1.175791457,0.19271400000000005
4792,-0.0009347388000000003,-0.070603,1.175791457,0.755528
4793,-0.0009337788000000008,-0.030402,1.175791457,2.001759
4794,-0.0009328188000000005,-0.05050249999999999,1.1838316580000001,3.569598
4795,-0.0009318588000000001,-0.05050249999999999,1.175791457,4.85603
4796,-0.0009308988000000006,-0.030402,1.175791457,5.459045
4797,-0.0009299388000000002,-0.070603,1.1838316580000001,5.137437
4798,-0.0009289788000000007,-0.05050249999999999,1.191871859,3.971608
4799,-0.0009280188000000003,-0.030402,1.1838316580000001,2.484171
4800,-0.0009270588000000008,-0.030402,1.191871859,0.996734
4801,-0.0009260988000000005,-0.030402,1.1838316580000001,0.23291499999999976
4802,-0.0009251388000000001,-0.0907035,1.175791457,0.3535179999999998
4803,-0.0009241788000000006,-0.05050249999999999,1.1838316580000001,1.3987439999999998
4804,-0.0009232188000000002,-0.010301499999999998,1.1838316580000001,2.84598
4805,-0.0009222588000000007,-0.05050249999999999,1.1838316580000001,4.333417
4806,-0.0009212988000000004,-0.05050249999999999,1.1838316580000001,5.338442
4807,-0.0009203388000000009,-0.05050249999999999,1.19991206,5.418844
4808,-0.0009193788000000005,-0.030402,1.175791457,4.534422
4809,-0.0009184188000000001,-0.05050249999999999,1.175791457,3.0067839999999997
4810,-0.0009174588000000006,-0.070603,1.175791457,1.358543
4811,-0.0009164988000000002,-0.05050249999999999,1.167751256,0.31331700000000007
4812,-0.0009155388000000007,-0.030402,1.167751256,0.19271400000000005
4813,-0.0009145788000000004,-0.030402,1.175791457,1.0369349999999997
4814,-0.0009136188000000009,-0.05050249999999999,1.175791457,2.44397
4815,-0.0009126588000000005,-0.030402,1.175791457,4.05201
4816,-0.0009116988000000001,-0.05050249999999999,1.1838316580000001,5.177638
4817,-0.0009107388000000006,-0.05050249999999999,1.1838316580000001,5.499245999999999
4818,-0.0009097788000000002,-0.030402,1.175791457,4.735427
4819,-0.0009088188000000007,-0.05050249999999999,1.1838316580000001,3.408794
4820,-0.0009078588000000004,-0.05050249999999999,1.191871859,1.8811559999999998
4821,-0.0009068988000000009,-0.05050249999999999,1.191871859,0.634925
4822,-0.0009059388000000005,-0.05050249999999999,1.191871859,0.1525129999999999
4823,-0.0009049788000000001,-0.05050249999999999,1.191871859,0.634925
4824,-0.0009040188000000006,-0.030402,1.1838316580000001,1.800754
4825,-0.0009030588000000003,-0.05050249999999999,1.191871859,3.3685929999999997
4826,-0.0009020988000000008,-0.010301499999999998,1.1838316580000001,4.614824
4827,-0.0009011388000000004,-0.05050249999999999,1.191871859,5.418844
4828,-0.0009001788000000009,-0.05050249999999999,1.1838316580000001,5.298241
4829,-0.0008992188000000005,-0.05050249999999999,1.1838316580000001,4.45402
4830,-0.0008982588000000001,-0.010301499999999998,1.1838316580000001,3.087186
4831,-0.0008972988000000006,-0.05050249999999999,1.1838316580000001,1.599749
4832,-0.0008963388000000003,-0.030402,1.175791457,0.5545229999999997
4833,-0.0008953788000000008,-0.030402,1.1838316580000001,0.19271400000000005
4834,-0.0008944188000000004,-0.010301499999999998,1.175791457,0.634925
4835,-0.0008934588000000009,-0.05050249999999999,1.1838316580000001,1.840955
4836,-0.0008924988000000005,-0.010301499999999998,1.1838316580000001,3.328392
4837,-0.0008915388000000002,-0.05050249999999999,1.175791457,4.695226
4838,-0.0008905788000000006,-0.030402,1.1838316580000001,5.418844
4839,-0.0008896188000000003,-0.05050249999999999,1.175791457,5.338442
4840,-0.0008886588000000008,-0.030402,1.1838316580000001,4.494221
4841,-0.0008876988000000004,-0.030402,1.19991206,3.046985
4842,-0.0008867388000000009,0.009799000000000002,1.191871859,1.559548
4843,-0.0008857788000000005,-0.030402,1.191871859,0.514322
4844,-0.0008848188000000002,-0.030402,1.191871859,0.19271400000000005
4845,-0.0008838588000000007,-0.05050249999999999,1.19991206,0.7153269999999998
4846,-0.0008828988000000003,-0.030402,1.1838316580000001,2.1625629999999996
4847,-0.0008819388000000008,-0.030402,1.1838316580000001,3.7304019999999998
4848,-0.0008809788000000004,-0.030402,1.191871859,5.016834
4849,-0.0008800188000000009,-0.030402,1.1838316580000001,5.499245999999999
4850,-0.0008790588000000005,-0.030402,1.191871859,5.057035
4851,-0.0008780988000000002,-0.05050249999999999,1.19991206,3.931407
4852,-0.0008771388000000007,-0.030402,1.191871859,2.323367
4853,-0.0008761788000000003,-0.030402,1.1838316580000001,0.9163319999999997
4854,-0.0008752188000000008,-0.030402,1.175791457,0.23291499999999976
4855,-0.0008742588000000004,-0.030402,1.175791457,0.39371899999999993
4856,-0.0008732988000000009,-0.05050249999999999,1.175791457,1.5193469999999998
4857,-0.0008723388000000006,-0.030402,1.175791457,3.046985
4858,-0.0008713788000000002,-0.05050249999999999,1.175791457,4.534422
4859,-0.0008704188000000007,-0.030402,1.175791457,5.418844
4860,-0.0008694588000000003,-0.030402,1.175791457,5.298241
4861,-0.0008684988000000008,-0.05050249999999999,1.1838316580000001,4.373618
4862,-0.0008675388000000004,-0.05050249999999999,1.191871859,2.7655779999999996
4863,-0.0008665788000000009,-0.05050249999999999,1.1838316580000001,1.2781409999999997
4864,-0.0008656188000000006,-0.030402,1.1838316580000001,0.3535179999999998
4865,-0.0008646588000000002,-0.030402,1.1838316580000001,0.2731159999999999
4866,-0.0008636988000000007,-0.030402,1.191871859,1.1575379999999997
4867,-0.0008627388000000003,-0.030402,1.1838316580000001,2.725377
4868,-0.0008617788000000008,-0.030402,1.191871859,4.172613
4869,-0.0008608188000000004,-0.05050249999999999,1.191871859,5.298241
4870,-0.0008598588000000001,-0.010301499999999998,1.19991206,5.459045
4871,-0.0008588988000000006,-0.030402,1.191871859,4.695226
4872,-0.0008579388000000002,-0.0907035,1.1838316580000001,3.288191
4873,-0.0008569788000000007,-0.030402,1.1838316580000001,1.7203519999999999
4874,-0.0008560188000000003,-0.030402,1.191871859,0.514322
4875,-0.0008550588000000008,-0.05050249999999999,1.19991206,0.1525129999999999
4876,-0.0008540988000000005,-0.05050249999999999,1.191871859,0.7957289999999997
4877,-0.0008531388000000001,-0.010301499999999998,1.1838316580000001,2.122362
4878,-0.0008521788000000006,-0.030402,1.191871859,3.690201
4879,-0.0008512188000000002,-0.030402,1.191871859,4.936432
4880,-0.0008502588000000007,-0.05050249999999999,1.191871859,5.459045
4881,-0.0008492988000000003,-0.05050249999999999,1.1838316580000001,5.137437
4882,-0.0008483388000000008,-0.030402,1.1838316580000001,3.891206
4883,-0.0008473788000000005,-0.030402,1.1838316580000001,2.323367
4884,-0.0008464188000000001,-0.010301499999999998,1.175791457,0.996734
4885,-0.0008454588000000006,-0.05050249999999999,1.191871859,0.19271400000000005
4886,-0.0008444988000000002,-0.030402,1.1838316580000001,0.39371899999999993
4887,-0.0008435388000000007,-0.030402,1.1838316580000001,1.438945
4888,-0.0008425788000000003,-0.030402,1.19991206,2.966583
4889,-0.0008416188000000008,-0.05050249999999999,1.19991206,4.333417
4890,-0.0008406588000000005,-0.05050249999999999,1.19991206,5.298241
4891,-0.0008396988000000001,-0.05050249999999999,1.191871859,5.459045
4892,-0.0008387388000000006,-0.030402,1.19991206,4.614824
4893,-0.0008377788000000002,-0.05050249999999999,1.191871859,3.207789
4894,-0.0008368188000000007,-0.010301499999999998,1.1838316580000001,1.7605529999999998
4895,-0.0008358588000000004,-0.030402,1.191871859,0.514322
4896,-0.0008348988000000009,-0.010301499999999998,1.1838316580000001,0.19271400000000005
4897,-0.0008339388000000005,-0.030402,1.191871859,0.7153269999999998
4898,-0.0008329788000000001,-0.030402,1.191871859,2.122362
4899,-0.0008320188000000006,-0.010301499999999998,1.191871859,3.690201
4900,-0.0008310588000000002,-0.030402,1.191871859,5.016834
4901,-0.0008300988000000007,-0.05050249999999999,1.175791457,5.499245999999999
4902,-0.0008291388000000004,-0.05050249999999999,1.191871859,4.976633
4903,-0.0008281788000000009,-0.030402,1.175791457,3.7304019999999998
4904,-0.0008272188000000005,-0.05050249999999999,1.175791457,1.961558
4905,-0.0008262588000000001,-0.05050249999999999,1.191871859,0.7957289999999997
4906,-0.0008252988000000006,-0.010301499999999998,1.1838316580000001,0.1525129999999999
4907,-0.0008243388000000003,-0.010301499999999998,1.1838316580000001,0.5947239999999998
4908,-0.0008233788000000008,-0.030402,1.19991206,1.961558
4909,-0.0008224188000000004,-0.010301499999999998,1.191871859,3.6097989999999998
4910,-0.0008214588000000009,-0.030402,1.19991206,4.896231
4911,-0.0008204988000000005,-0.010301499999999998,1.19991206,5.539447
4912,-0.0008195388000000001,-0.030402,1.191871859,5.057035
4913,-0.0008185788000000006,-0.05050249999999999,1.19991206,3.690201
4914,-0.0008176188000000003,-0.030402,1.19991206,2.04196
4915,-0.0008166588000000008,-0.05050249999999999,1.207952261,0.755528
4916,-0.0008156988000000004,-0.030402,1.191871859,0.19271400000000005
4917,-0.0008147388000000009,-0.010301499999999998,1.1838316580000001,0.5947239999999998
4918,-0.0008137788000000005,-0.010301499999999998,1.191871859,1.840955
4919,-0.0008128188000000001,-0.010301499999999998,1.191871859,3.448995
4920,-0.0008118588000000006,0.009799000000000002,1.191871859,4.775628
4921,-0.0008108988000000003,-0.010301499999999998,1.191871859,5.539447
4922,-0.0008099388000000008,-0.05050249999999999,1.191871859,5.217839
4923,-0.0008089788000000004,-0.010301499999999998,1.1838316580000001,4.05201
4924,-0.0008080188000000009,-0.010301499999999998,1.191871859,2.604774
4925,-0.0008070588000000005,0.009799000000000002,1.1838316580000001,1.0771359999999999
4926,-0.0008060988000000002,-0.030402,1.191871859,0.2731159999999999
4927,-0.0008051388000000007,-0.010301499999999998,1.175791457,0.39371899999999993
4928,-0.0008041788000000003,-0.010301499999999998,1.1838316580000001,1.318342
4929,-0.0008032188000000008,-0.010301499999999998,1.1838316580000001,2.84598
4930,-0.0008022588000000004,-0.010301499999999998,1.1838316580000001,4.333417
4931,-0.0008012988000000009,-0.030402,1.19991206,5.298241
4932,-0.0008003388000000005,-0.030402,1.191871859,5.418844
4933,-0.0007993788000000002,-0.010301499999999998,1.19991206,4.614824
4934,-0.0007984188000000007,-0.030402,1.207952261,3.207789
4935,-0.0007974588000000003,-0.030402,1.207952261,1.680151
4936,-0.0007964988000000008,-0.010301499999999998,1.19991206,0.4741209999999998
4937,-0.0007955388000000004,-0.010301499999999998,1.19991206,0.19271400000000005
4938,-0.0007945788000000009,-0.010301499999999998,1.191871859,0.8359299999999998
4939,-0.0007936188000000005,-0.030402,1.191871859,2.202764
4940,-0.0007926588000000002,-0.010301499999999998,1.191871859,3.810804
4941,-0.0007916988000000007,-0.05050249999999999,1.191871859,5.097236
4942,-0.0007907388000000003,-0.010301499999999998,1.19991206,5.539447
4943,-0.0007897788000000008,-0.030402,1.1838316580000001,5.057035
4944,-0.0007888188000000004,-0.030402,1.1838316580000001,3.770603
4945,-0.0007878588000000009,0.009799000000000002,1.19991206,2.242965
4946,-0.0007868988000000006,-0.010301499999999998,1.191871859,0.876131
4947,-0.0007859388000000002,-0.030402,1.191871859,0.2731159999999999
4948,-0.0007849788000000007,-0.010301499999999998,1.191871859,0.4741209999999998
4949,-0.0007840188000000003,-0.030402,1.191871859,1.599749
4950,-0.0007830588000000008,-0.010301499999999998,1.191871859,3.087186
4951,-0.0007820988000000004,-0.030402,1.1838316580000001,4.574623
4952,-0.0007811388000000009,-0.010301499999999998,1.191871859,5.418844
4953,-0.0007801788000000006,-0.010301499999999998,1.191871859,5.378643
4954,-0.0007792188000000002,-0.030402,1.191871859,4.614824
4955,-0.0007782588000000007,-0.030402,1.19991206,3.1273869999999997
4956,-0.0007772988000000003,-0.030402,1.19991206,1.559548
4957,-0.0007763388000000008,0.009799000000000002,1.19991206,0.514322
4958,-0.0007753788000000005,-0.010301499999999998,1.191871859,0.1525129999999999
4959,-0.000774418800000001,0.009799000000000002,1.191871859,0.755528
4960,-0.0007734588000000006,-0.010301499999999998,1.19991206,2.122362
4961,-0.0007724988000000002,-0.030402,1.207952261,3.770603
4962,-0.0007715388000000007,-0.030402,1.191871859,5.016834
4963,-0.0007705788000000003,-0.010301499999999998,1.19991206,5.579648
4964,-0.0007696188000000008,-0.030402,1.19991206,5.057035
4965,-0.0007686588000000005,-0.030402,1.19991206,3.891206
4966,-0.0007676988000000001,0.009799000000000002,1.19991206,2.242965
4967,-0.0007667388000000006,-0.030402,1.191871859,0.876131
4968,-0.0007657788000000002,0.009799000000000002,1.1838316580000001,0.2731159999999999
4969,-0.0007648188000000007,0.009799000000000002,1.191871859,0.4339200000000001
4970,-0.0007638588000000003,-0.010301499999999998,1.191871859,1.479146
4971,-0.0007628988000000008,0.009799000000000002,1.1838316580000001,3.046985
4972,-0.0007619388000000005,-0.030402,1.191871859,4.494221
4973,-0.0007609788000000001,-0.030402,1.191871859,5.418844
4974,-0.0007600188000000006,-0.010301499999999998,1.191871859,5.418844
4975,-0.0007590588000000002,-0.010301499999999998,1.19991206,4.494221
4976,-0.0007580988000000007,-0.030402,1.191871859,3.046985
4977,-0.0007571388000000004,-0.010301499999999998,1.191871859,1.438945
4978,-0.0007561788000000009,0.009799000000000002,1.19991206,0.4339200000000001
4979,-0.0007552188000000005,0.009799000000000002,1.191871859,0.23291499999999976
4980,-0.0007542588000000001,0.009799000000000002,1.191871859,0.996734
4981,-0.0007532988000000006,-0.010301499999999998,1.215992462,2.44397
4982,-0.0007523388000000002,-0.010301499999999998,1.207952261,4.0118089999999995
4983,-0.0007513788000000007,-0.010301499999999998,1.19991206,5.217839
4984,-0.0007504188000000004,-0.030402,1.207952261,5.539447
4985,-0.0007494588000000009,-0.010301499999999998,1.207952261,4.896231
4986,-0.0007484988000000005,-0.010301499999999998,1.19991206,3.569598
4987,-0.0007475388000000001,-0.010301499999999998,1.19991206,1.840955
4988,-0.0007465788000000006,-0.010301499999999998,1.19991206,0.6751259999999997
4989,-0.0007456188000000002,0.009799000000000002,1.191871859,0.19271400000000005
4990,-0.0007446588000000007,0.009799000000000002,1.191871859,0.6751259999999997
4991,-0.0007436988000000004,-0.010301499999999998,1.19991206,1.961558
4992,-0.0007427388000000009,0.009799000000000002,1.1838316580000001,3.529397
4993,-0.0007417788000000005,-0.010301499999999998,1.1838316580000001,4.815829
4994,-0.0007408188000000001,0.009799000000000002,1.19991206,5.499245999999999
4995,-0.0007398588000000006,-0.010301499999999998,1.191871859,5.258039999999999
4996,-0.0007388988000000003,-0.010301499999999998,1.19991206,4.172613
4997,-0.0007379388000000008,0.029899500000000002,1.19991206,2.725377
4998,-0.0007369788000000004,0.009799000000000002,1.191871859,1.23794
4999,-0.0007360188000000009,-0.010301499999999998,1.191871859,0.31331700000000007
5000,-0.0007350588000000005,0.009799000000000002,1.1838316580000001,0.2731159999999999
5001,-0.0007340988000000001,0.009799000000000002,1.19991206,0.996734
5002,-0.0007331388000000006,-0.010301499999999998,1.207952261,2.323367
5003,-0.0007321788000000003,0.029899500000000002,1.19991206,3.851005
5004,-0.0007312188000000008,0.009799000000000002,1.207952261,5.016834
5005,-0.0007302588000000004,-0.010301499999999998,1.207952261,5.539447
5006,-0.0007292988000000009,0.009799000000000002,1.207952261,5.137437
5007,-0.0007283388000000005,0.009799000000000002,1.19991206,4.0118089999999995
5008,-0.0007273788000000002,-0.030402,1.207952261,2.484171
5009,-0.0007264188000000006,-0.010301499999999998,1.191871859,1.0771359999999999
5010,-0.0007254588000000003,-0.010301499999999998,1.19991206,0.3535179999999998
5011,-0.0007244988000000008,-0.030402,1.19991206,0.2731159999999999
5012,-0.0007235388000000004,0.009799000000000002,1.19991206,1.23794
5013,-0.0007225788000000009,0.009799000000000002,1.19991206,2.725377
5014,-0.0007216188000000005,-0.030402,1.19991206,4.212814
5015,-0.0007206588000000002,-0.010301499999999998,1.19991206,5.298241
5016,-0.0007196988000000007,0.009799000000000002,1.19991206,5.499245999999999
5017,-0.0007187388000000003,0.029899500000000002,1.19991206,4.655025
5018,-0.0007177788000000008,0.009799000000000002,1.19991206,3.1273869999999997
5019,-0.0007168188000000004,-0.010301499999999998,1.19991206,1.559548
5020,-0.0007158588000000009,0.009799000000000002,1.19991206,0.4339200000000001
5021,-0.0007148988000000005,0.009799000000000002,1.191871859,0.23291499999999976
5022,-0.0007139388000000002,-0.010301499999999998,1.1838316580000001,1.117337
5023,-0.0007129788000000007,-0.010301499999999998,1.207952261,2.604774
5024,-0.0007120188000000003,0.009799000000000002,1.191871859,4.2530149999999995
5025,-0.0007110588000000008,0.009799000000000002,1.19991206,5.418844
5026,-0.0007100988000000004,0.029899500000000002,1.207952261,5.418844
5027,-0.0007091388000000009,0.029899500000000002,1.215992462,4.413819
5028,-0.0007081788000000006,0.029899500000000002,1.215992462,2.84598
5029,-0.0007072188000000002,-0.010301499999999998,1.215992462,1.23794
5030,-0.0007062588000000007,0.029899500000000002,1.215992462,0.31331700000000007
5031,-0.0007052988000000003,0.009799000000000002,1.207952261,0.3535179999999998
5032,-0.0007043388000000008,0.029899500000000002,1.207952261,1.3987439999999998
5033,-0.0007033788000000004,-0.010301499999999998,1.191871859,3.087186
5034,-0.0007024188000000009,-0.010301499999999998,1.19991206,4.695226
5035,-0.0007014588000000006,0.009799000000000002,1.19991206,5.499245999999999
5036,-0.0007004988000000002,0.009799000000000002,1.191871859,5.258039999999999
5037,-0.0006995388000000007,-0.010301499999999998,1.19991206,4.092211
5038,-0.0006985788000000003,0.009799000000000002,1.207952261,2.4037689999999996
5039,-0.0006976188000000008,0.029899500000000002,1.207952261,0.9163319999999997
5040,-0.0006966588000000004,-0.010301499999999998,1.207952261,0.1525129999999999
5041,-0.0006956988000000009,-0.010301499999999998,1.19991206,0.5545229999999997
5042,-0.0006947388000000006,0.009799000000000002,1.19991206,1.7203519999999999
5043,-0.0006937788000000002,0.009799000000000002,1.19991206,3.408794
5044,-0.0006928188000000007,-0.010301499999999998,1.19991206,4.85603
5045,-0.0006918588000000003,0.009799000000000002,1.191871859,5.499245999999999
5046,-0.0006908988000000008,-0.030402,1.207952261,5.258039999999999
5047,-0.0006899388000000005,0.009799000000000002,1.19991206,4.172613
5048,-0.000688978800000001,0.009799000000000002,1.19991206,2.6449749999999996
5049,-0.0006880188000000006,0.009799000000000002,1.19991206,1.0771359999999999
5050,-0.0006870588000000002,-0.010301499999999998,1.19991206,0.23291499999999976
5051,-0.0006860988000000007,0.009799000000000002,1.207952261,0.31331700000000007
5052,-0.0006851388000000003,0.009799000000000002,1.207952261,1.1575379999999997
5053,-0.0006841788000000008,-0.010301499999999998,1.215992462,2.685176
5054,-0.0006832188000000005,0.009799000000000002,1.19991206,4.172613
5055,-0.0006822588000000001,0.009799000000000002,1.215992462,5.258039999999999
5056,-0.0006812988000000006,-0.010301499999999998,1.19991206,5.539447
5057,-0.0006803388000000002,0.009799000000000002,1.19991206,4.936432
5058,-0.0006793788000000007,0.009799000000000002,1.19991206,3.569598
5059,-0.0006784188000000003,0.009799000000000002,1.19991206,1.961558
5060,-0.0006774588000000008,-0.010301499999999998,1.19991206,0.6751259999999997
5061,-0.0006764988000000005,-0.010301499999999998,1.19991206,0.23291499999999976
5062,-0.0006755388000000001,0.009799000000000002,1.19991206,0.5947239999999998
5063,-0.0006745788000000006,0.009799000000000002,1.207952261,1.840955
5064,-0.0006736188000000002,0.009799000000000002,1.207952261,3.4891959999999997
5065,-0.0006726588000000007,-0.010301499999999998,1.191871859,4.936432
5066,-0.0006716988000000004,0.029899500000000002,1.207952261,5.539447
5067,-0.0006707388000000009,0.009799000000000002,1.19991206,5.097236
5068,-0.0006697788000000005,-0.010301499999999998,1.207952261,3.7304019999999998
5069,-0.0006688188000000001,0.009799000000000002,1.207952261,2.082161
5070,-0.0006678588000000006,0.009799000000000002,1.207952261,0.5947239999999998
5071,-0.0006668988000000002,-0.010301499999999998,1.19991206,0.23291499999999976
5072,-0.0006659388000000007,0.029899500000000002,1.19991206,0.9565329999999999
5073,-0.0006649788000000004,0.029899500000000002,1.215992462,2.5243719999999996
5074,-0.0006640188000000009,0.009799000000000002,1.19991206,4.2530149999999995
5075,-0.0006630588000000005,-0.010301499999999998,1.207952261,5.459045
5076,-0.0006620988000000001,0.029899500000000002,1.207952261,5.418844
5077,-0.0006611388000000006,0.029899500000000002,1.19991206,4.2530149999999995
5078,-0.0006601788000000003,-0.010301499999999998,1.207952261,2.5243719999999996
5079,-0.0006592188000000008,0.009799000000000002,1.19991206,0.9163319999999997
5080,-0.0006582588000000004,0.009799000000000002,1.191871859,0.19271400000000005
5081,-0.0006572988000000009,-0.010301499999999998,1.191871859,0.5947239999999998
5082,-0.0006563388000000005,0.029899500000000002,1.19991206,2.04196
5083,-0.0006553788000000001,0.009799000000000002,1.207952261,3.7304019999999998
5084,-0.0006544188000000006,0.009799000000000002,1.19991206,5.057035
5085,-0.0006534588000000003,0.029899500000000002,1.215992462,5.539447
5086,-0.0006524988000000008,0.029899500000000002,1.207952261,4.896231
5087,-0.0006515388000000004,0.029899500000000002,1.207952261,3.4891959999999997
5088,-0.0006505788000000009,0.009799000000000002,1.207952261,1.7605529999999998
5089,-0.0006496188000000005,0.009799000000000002,1.19991206,0.5545229999999997
5090,-0.0006486588000000001,0.029899500000000002,1.215992462,0.19271400000000005
5091,-0.0006476988000000006,0.029899500000000002,1.215992462,0.7957289999999997
5092,-0.0006467388000000003,0.009799000000000002,1.207952261,2.082161
5093,-0.0006457788000000008,0.029899500000000002,1.215992462,3.770603
5094,-0.0006448188000000004,0.029899500000000002,1.215992462,4.976633
5095,-0.0006438588000000009,0.029899500000000002,1.215992462,5.539447
5096,-0.0006428988000000005,0.009799000000000002,1.207952261,5.137437
5097,-0.0006419388000000002,0.009799000000000002,1.224032663,4.0118089999999995
5098,-0.0006409788000000007,-0.010301499999999998,1.207952261,2.484171
5099,-0.0006400188000000003,0.009799000000000002,1.215992462,0.996734
5100,-0.0006390588000000008,0.009799000000000002,1.207952261,0.2731159999999999
5101,-0.0006380988000000004,0.009799000000000002,1.19991206,0.3535179999999998
5102,-0.0006371388000000009,0.009799000000000002,1.207952261,1.358543
5103,-0.0006361788000000005,0.009799000000000002,1.19991206,2.805779
5104,-0.0006352188000000002,0.029899500000000002,1.207952261,4.333417
5105,-0.0006342588000000007,0.009799000000000002,1.191871859,5.338442
5106,-0.0006332988000000003,0.029899500000000002,1.207952261,5.539447
5107,-0.0006323388000000008,0.029899500000000002,1.207952261,4.775628
5108,-0.0006313788000000004,0.029899500000000002,1.207952261,3.3685929999999997
5109,-0.0006304188000000009,0.029899500000000002,1.19991206,1.800754
5110,-0.0006294588000000005,0.029899500000000002,1.19991206,0.5947239999999998
5111,-0.0006284988000000002,0.029899500000000002,1.215992462,0.1525129999999999
5112,-0.0006275388000000007,0.029899500000000002,1.215992462,0.7957289999999997
5113,-0.0006265788000000003,0.009799000000000002,1.207952261,2.202764
5114,-0.0006256188000000008,0.029899500000000002,1.215992462,3.810804
5115,-0.0006246588000000004,0.029899500000000002,1.215992462,5.177638
5116,-0.0006236988000000009,0.029899500000000002,1.215992462,5.579648
5117,-0.0006227388000000006,0.029899500000000002,1.215992462,4.976633
5118,-0.0006217788000000002,0.009799000000000002,1.224032663,3.4891959999999997
5119,-0.0006208188000000007,0.029899500000000002,1.215992462,1.7605529999999998
5120,-0.0006198588000000003,0.009799000000000002,1.215992462,0.514322
5121,-0.0006188988000000008,0.029899500000000002,1.207952261,0.19271400000000005
5122,-0.0006179388000000004,0.029899500000000002,1.19991206,1.0771359999999999
5123,-0.0006169788000000009,0.009799000000000002,1.19991206,2.604774
5124,-0.0006160188000000006,0.029899500000000002,1.19991206,4.2530149999999995
5125,-0.0006150588000000002,0.029899500000000002,1.19991206,5.418844
5126,-0.0006140988000000007,0.029899500000000002,1.207952261,5.499245999999999
5127,-0.0006131388000000003,0.009799000000000002,1.19991206,4.45402
5128,-0.0006121788000000008,0.009799000000000002,1.207952261,2.7655779999999996
5129,-0.0006112188000000005,0.009799000000000002,1.207952261,1.1977389999999999
5130,-0.000610258800000001,0.009799000000000002,1.207952261,0.2731159999999999
5131,-0.0006092988000000006,0.029899500000000002,1.19991206,0.4339200000000001
5132,-0.0006083388000000002,0.029899500000000002,1.215992462,1.5193469999999998
5133,-0.0006073788000000007,0.009799000000000002,1.215992462,3.167588
5134,-0.0006064188000000003,0.029899500000000002,1.207952261,4.655025
5135,-0.0006054588000000008,0.009799000000000002,1.207952261,5.539447
5136,-0.0006044988000000005,0.029899500000000002,1.215992462,5.378643
5137,-0.000603538800000001,0.029899500000000002,1.224032663,4.333417
5138,-0.0006025788000000006,0.009799000000000002,1.207952261,2.8861809999999997
5139,-0.0006016188000000002,0.029899500000000002,1.207952261,1.2781409999999997
5140,-0.0006006588000000007,0.029899500000000002,1.215992462,0.3535179999999998
5141,-0.0005996988000000003,0.029899500000000002,1.215992462,0.23291499999999976
5142,-0.0005987388000000008,0.009799000000000002,1.207952261,1.0369349999999997
5143,-0.0005977788000000005,0.029899500000000002,1.19991206,2.44397
5144,-0.0005968188000000001,0.05,1.207952261,3.971608
5145,-0.0005958588000000006,0.029899500000000002,1.207952261,5.137437
5146,-0.0005948988000000002,0.029899500000000002,1.207952261,5.539447
5147,-0.0005939388000000007,0.029899500000000002,1.207952261,5.097236
5148,-0.0005929788000000004,0.05,1.207952261,3.851005
5149,-0.0005920188000000009,0.029899500000000002,1.215992462,2.323367
5150,-0.0005910588000000005,0.029899500000000002,1.207952261,0.9565329999999999
5151,-0.0005900988000000001,0.009799000000000002,1.215992462,0.19271400000000005
5152,-0.0005891388000000006,0.05,1.207952261,0.39371899999999993
5153,-0.0005881788000000002,0.009799000000000002,1.207952261,1.3987439999999998
5154,-0.0005872188000000007,0.029899500000000002,1.215992462,2.926382
5155,-0.0005862588000000004,0.029899500000000002,1.207952261,4.45402
5156,-0.0005852988000000009,0.029899500000000002,1.215992462,5.418844
5157,-0.0005843388000000005,0.029899500000000002,1.215992462,5.499245999999999
5158,-0.0005833788000000001,0.029899500000000002,1.215992462,4.614824
5159,-0.0005824188000000006,0.029899500000000002,1.207952261,3.046985
5160,-0.0005814588000000002,0.029899500000000002,1.215992462,1.479146
5161,-0.0005804988000000007,0.029899500000000002,1.215992462,0.3535179999999998
5162,-0.0005795388000000004,0.029899500000000002,1.215992462,0.23291499999999976
5163,-0.0005785788000000009,0.029899500000000002,1.215992462,1.1977389999999999
5164,-0.0005776188000000005,0.029899500000000002,1.207952261,2.6449749999999996
5165,-0.0005766588000000001,0.029899500000000002,1.215992462,4.373618
5166,-0.0005756988000000006,0.009799000000000002,1.215992462,5.378643
5167,-0.0005747388000000003,0.05,1.215992462,5.459045
5168,-0.0005737788000000008,0.009799000000000002,1.207952261,4.534422
5169,-0.0005728188000000004,0.029899500000000002,1.207952261,2.84598
5170,-0.0005718588000000009,0.05,1.19991206,1.318342
5171,-0.0005708988000000005,0.009799000000000002,1.215992462,0.2731159999999999
5172,-0.0005699388000000001,0.05,1.207952261,0.3535179999999998
5173,-0.0005689788000000006,0.05,1.207952261,1.438945
5174,-0.0005680188000000003,0.05,1.215992462,3.087186
5175,-0.0005670588000000008,0.05,1.207952261,4.574623
5176,-0.0005660988000000004,0.029899500000000002,1.19991206,5.459045
5177,-0.0005651388000000009,0.029899500000000002,1.215992462,5.378643
5178,-0.0005641788000000005,0.029899500000000002,1.215992462,4.293216
5179,-0.0005632188000000002,0.029899500000000002,1.224032663,2.6449749999999996
5180,-0.0005622588000000006,0.029899500000000002,1.215992462,1.1575379999999997
5181,-0.0005612988000000003,0.05,1.224032663,0.2731159999999999
5182,-0.0005603388000000008,0.05,1.215992462,0.4339200000000001
5183,-0.0005593788000000004,0.029899500000000002,1.224032663,1.3987439999999998
5184,-0.0005584188000000009,0.029899500000000002,1.215992462,2.926382
5185,-0.0005574588000000005,0.05,1.215992462,4.45402
5186,-0.0005564988000000002,0.029899500000000002,1.215992462,5.418844
5187,-0.0005555388000000007,0.029899500000000002,1.215992462,5.499245999999999
5188,-0.0005545788000000003,0.029899500000000002,1.224032663,4.655025
5189,-0.0005536188000000008,0.029899500000000002,1.215992462,3.2479899999999997
5190,-0.0005526588000000004,0.029899500000000002,1.207952261,1.7203519999999999
5191,-0.0005516988000000009,0.05,1.207952261,0.5545229999999997
5192,-0.0005507388000000005,0.05,1.207952261,0.19271400000000005
5193,-0.0005497788000000002,0.05,1.215992462,0.755528
5194,-0.0005488188000000007,0.05,1.207952261,2.122362
5195,-0.0005478588000000003,0.029899500000000002,1.207952261,3.6097989999999998
5196,-0.0005468988000000008,0.05,1.207952261,5.016834
5197,-0.0005459388000000004,0.029899500000000002,1.215992462,5.579648
5198,-0.0005449788000000009,0.029899500000000002,1.224032663,5.258039999999999
5199,-0.0005440188000000006,0.029899500000000002,1.215992462,4.0118089999999995
5200,-0.0005430588000000002,0.029899500000000002,1.215992462,2.363568
5201,-0.0005420988000000007,0.05,1.224032663,0.8359299999999998
5202,-0.0005411388000000003,0.029899500000000002,1.232072864,0.19271400000000005
5203,-0.0005401788000000008,0.029899500000000002,1.215992462,0.5947239999999998
5204,-0.0005392188000000004,0.05,1.240113065,1.8811559999999998
5205,-0.0005382588000000009,0.05,1.215992462,3.569598
5206,-0.0005372988000000006,0.029899500000000002,1.215992462,5.097236
5207,-0.0005363388000000002,0.029899500000000002,1.215992462,5.579648
5208,-0.0005353788000000007,0.029899500000000002,1.207952261,5.057035
5209,-0.0005344188000000003,0.029899500000000002,1.215992462,3.529397
5210,-0.0005334588000000008,0.029899500000000002,1.215992462,1.800754
5211,-0.0005324988000000004,0.07010050000000001,1.207952261,0.4339200000000001
5212,-0.0005315388000000009,0.029899500000000002,1.19991206,0.23291499999999976
5213,-0.0005305788000000006,0.05,1.224032663,1.0369349999999997
5214,-0.0005296188000000002,0.05,1.207952261,2.685176
5215,-0.0005286588000000007,0.05,1.215992462,4.373618
5216,-0.0005276988000000003,0.05,1.215992462,5.459045
5217,-0.0005267388000000008,0.029899500000000002,1.207952261,5.459045
5218,-0.0005257788000000005,0.07010050000000001,1.215992462,4.494221
5219,-0.000524818800000001,0.05,1.215992462,2.8861809999999997
5220,-0.0005238588000000006,0.029899500000000002,1.215992462,1.2781409999999997
5221,-0.0005228988000000002,0.05,1.207952261,0.3535179999999998
5222,-0.0005219388000000007,0.029899500000000002,1.215992462,0.2731159999999999
5223,-0.0005209788000000003,0.05,1.224032663,1.1977389999999999
5224,-0.0005200188000000008,0.029899500000000002,1.215992462,2.6449749999999996
5225,-0.0005190588000000005,0.07010050000000001,1.224032663,4.212814
5226,-0.000518098800000001,0.029899500000000002,1.224032663,5.258039999999999
5227,-0.0005171388000000006,0.05,1.224032663,5.579648
5228,-0.0005161788000000002,0.07010050000000001,1.207952261,5.016834
5229,-0.0005152188000000007,0.05,1.215992462,3.690201
5230,-0.0005142588000000003,0.07010050000000001,1.215992462,2.122362
5231,-0.0005132988000000008,0.07010050000000001,1.215992462,0.7957289999999997
5232,-0.0005123388000000005,0.029899500000000002,1.215992462,0.23291499999999976
5233,-0.000511378800000001,0.07010050000000001,1.215992462,0.4339200000000001
5234,-0.0005104188000000006,0.05,1.215992462,1.559548
5235,-0.0005094588000000002,0.05,1.215992462,3.167588
5236,-0.0005084988000000007,0.05,1.215992462,4.574623
5237,-0.0005075388000000004,0.029899500000000002,1.215992462,5.539447
5238,-0.0005065788000000009,0.07010050000000001,1.207952261,5.539447
5239,-0.0005056188000000005,0.05,1.207952261,4.614824
5240,-0.0005046588000000001,0.05,1.207952261,3.1273869999999997
5241,-0.0005036988000000006,0.07010050000000001,1.207952261,1.479146
5242,-0.0005027388000000002,0.07010050000000001,1.215992462,0.39371899999999993
5243,-0.0005017788000000007,0.07010050000000001,1.224032663,0.23291499999999976
5244,-0.0005008188000000004,0.05,1.224032663,0.996734
5245,-0.0004998588000000009,0.05,1.224032663,2.5243719999999996
5246,-0.0004988988000000005,0.07010050000000001,1.215992462,4.172613
5247,-0.0004979388000000001,0.05,1.232072864,5.338442
5248,-0.0004969788000000006,0.05,1.215992462,5.579648
5249,-0.0004960188000000003,0.07010050000000001,1.232072864,4.695226
5250,-0.0004950588000000007,0.05,1.215992462,3.167588
5251,-0.0004940988000000004,0.029899500000000002,1.215992462,1.5193469999999998
5252,-0.0004931388000000009,0.05,1.224032663,0.4339200000000001
5253,-0.0004921788000000005,0.05,1.224032663,0.23291499999999976
5254,-0.0004912188000000001,0.07010050000000001,1.215992462,1.1575379999999997
5255,-0.0004902588000000006,0.05,1.207952261,2.84598
5256,-0.0004892988000000003,0.029899500000000002,1.215992462,4.494221
5257,-0.0004883388000000008,0.029899500000000002,1.215992462,5.499245999999999
5258,-0.0004873788000000004,0.029899500000000002,1.215992462,5.459045
5259,-0.0004864188000000009,0.05,1.224032663,4.333417
5260,-0.0004854588000000005,0.05,1.215992462,2.805779
5261,-0.00048449880000000015,0.05,1.207952261,1.117337
5262,-0.00048353880000000064,0.090201,1.207952261,0.2731159999999999
5263,-0.00048257880000000027,0.05,1.215992462,0.39371899999999993
5264,-0.00048161880000000077,0.05,1.207952261,1.5193469999999998
5265,-0.0004806588000000004,0.05,1.215992462,3.167588
5266,-0.0004796988000000009,0.07010050000000001,1.224032663,4.655025
5267,-0.0004787388000000005,0.05,1.215992462,5.459045
5268,-0.00047777880000000016,0.090201,1.224032663,5.378643
5269,-0.00047681880000000065,0.05,1.224032663,4.413819
5270,-0.0004758588000000003,0.07010050000000001,1.232072864,2.8861809999999997
5271,-0.0004748988000000008,0.07010050000000001,1.232072864,1.3987439999999998
5272,-0.0004739388000000004,0.07010050000000001,1.224032663,0.39371899999999993
5273,-0.0004729788000000009,0.090201,1.240113065,0.19271400000000005
5274,-0.00047201880000000054,0.090201,1.224032663,0.8359299999999998
5275,-0.00047105880000000017,0.07010050000000001,1.207952261,2.04196
5276,-0.00047009880000000066,0.05,1.215992462,3.529397
5277,-0.0004691388000000003,0.029899500000000002,1.215992462,4.735427
5278,-0.0004681788000000008,0.07010050000000001,1.215992462,5.539447
5279,-0.0004672188000000004,0.029899500000000002,1.207952261,5.418844
5280,-0.0004662588000000009,0.05,1.224032663,4.655025
5281,-0.00046529880000000055,0.07010050000000001,1.207952261,3.2479899999999997
5282,-0.0004643388000000002,0.07010050000000001,1.215992462,1.800754
5283,-0.0004633788000000007,0.05,1.215992462,0.7153269999999998
5284,-0.0004624188000000003,0.07010050000000001,1.215992462,0.19271400000000005
5285,-0.0004614588000000008,0.029899500000000002,1.207952261,0.5545229999999997
5286,-0.00046049880000000043,0.07010050000000001,1.207952261,1.6399499999999998
5287,-0.0004595388000000009,0.05,1.19991206,3.207789
5288,-0.00045857880000000056,0.07010050000000001,1.215992462,4.534422
5289,-0.0004576188000000002,0.05,1.224032663,5.459045
5290,-0.0004566588000000007,0.07010050000000001,1.215992462,5.499245999999999
5291,-0.0004556988000000003,0.07010050000000001,1.215992462,4.534422
5292,-0.0004547388000000008,0.07010050000000001,1.240113065,2.966583
5293,-0.00045377880000000044,0.07010050000000001,1.232072864,1.438945
5294,-0.00045281880000000094,0.05,1.240113065,0.4339200000000001
5295,-0.00045185880000000057,0.07010050000000001,1.224032663,0.31331700000000007
5296,-0.0004508988000000002,0.07010050000000001,1.224032663,1.2781409999999997
5297,-0.0004499388000000007,0.07010050000000001,1.232072864,3.0067839999999997
5298,-0.0004489788000000003,0.07010050000000001,1.215992462,4.574623
5299,-0.0004480188000000008,0.07010050000000001,1.215992462,5.539447
5300,-0.00044705880000000045,0.029899500000000002,1.224032663,5.338442
5301,-0.00044609880000000095,0.05,1.215992462,4.05201
5302,-0.0004451388000000006,0.05,1.224032663,2.242965
5303,-0.0004441788000000002,0.07010050000000001,1.215992462,0.755528
5304,-0.0004432188000000007,0.07010050000000001,1.215992462,0.19271400000000005
5305,-0.00044225880000000033,0.05,1.215992462,0.755528
5306,-0.00044129880000000083,0.07010050000000001,1.215992462,2.323367
5307,-0.00044033880000000046,0.07010050000000001,1.224032663,4.05201
5308,-0.00043937880000000096,0.05,1.224032663,5.298241
5309,-0.0004384188000000006,0.07010050000000001,1.224032663,5.539447
5310,-0.0004374588000000002,0.07010050000000001,1.224032663,4.735427
5311,-0.0004364988000000007,0.090201,1.215992462,3.087186
5312,-0.00043553880000000034,0.07010050000000001,1.207952261,1.479146
5313,-0.00043457880000000084,0.05,1.215992462,0.3535179999999998
5314,-0.00043361880000000047,0.090201,1.232072864,0.23291499999999976
5315,-0.00043265880000000097,0.07010050000000001,1.232072864,1.1977389999999999
5316,-0.0004316988000000006,0.090201,1.232072864,2.685176
5317,-0.0004307388000000002,0.05,1.232072864,4.2530149999999995
5318,-0.0004297788000000007,0.07010050000000001,1.224032663,5.378643
5319,-0.00042881880000000035,0.07010050000000001,1.224032663,5.539447
5320,-0.00042785880000000085,0.07010050000000001,1.224032663,4.85603
5321,-0.0004268988000000005,0.090201,1.232072864,3.4891959999999997
5322,-0.000425938800000001,0.07010050000000001,1.215992462,1.8811559999999998
5323,-0.0004249788000000006,0.090201,1.215992462,0.7153269999999998
5324,-0.00042401880000000024,0.07010050000000001,1.207952261,0.19271400000000005
5325,-0.00042305880000000073,0.07010050000000001,1.215992462,0.5545229999999997
5326,-0.00042209880000000036,0.07010050000000001,1.215992462,1.6399499999999998
5327,-0.00042113880000000086,0.090201,1.224032663,3.046985
5328,-0.0004201788000000005,0.090201,1.215992462,4.534422
5329,-0.0004192188000000001,0.07010050000000001,1.207952261,5.418844
5330,-0.0004182588000000006,0.07010050000000001,1.215992462,5.539447
5331,-0.00041729880000000025,0.090201,1.224032663,4.775628
5332,-0.00041633880000000074,0.07010050000000001,1.215992462,3.448995
5333,-0.0004153788000000004,0.090201,1.207952261,1.8811559999999998
5334,-0.00041441880000000087,0.05,1.232072864,0.634925
5335,-0.0004134588000000005,0.029899500000000002,1.232072864,0.23291499999999976
5336,-0.00041249880000000013,0.07010050000000001,1.224032663,0.634925
5337,-0.00041153880000000063,0.090201,1.232072864,1.961558
5338,-0.00041057880000000026,0.07010050000000001,1.224032663,3.6097989999999998
5339,-0.00040961880000000075,0.05,1.232072864,5.057035
5340,-0.0004086588000000004,0.07010050000000001,1.240113065,5.66005
5341,-0.0004076988000000009,0.07010050000000001,1.232072864,5.097236
5342,-0.0004067388000000005,0.07010050000000001,1.232072864,3.770603
5343,-0.00040577880000000014,0.090201,1.224032663,2.001759
5344,-0.00040481880000000064,0.07010050000000001,1.224032663,0.5947239999999998
5345,-0.00040385880000000027,0.090201,1.215992462,0.1525129999999999
5346,-0.00040289880000000076,0.090201,1.207952261,0.876131
5347,-0.0004019388000000004,0.090201,1.215992462,2.5243719999999996
5348,-0.0004009788000000009,0.07010050000000001,1.215992462,4.2530149999999995
5349,-0.0004000188000000005,0.07010050000000001,1.207952261,5.418844
5350,-0.00039905880000000015,0.05,1.215992462,5.499245999999999
5351,-0.00039809880000000065,0.090201,1.224032663,4.373618
5352,-0.0003971388000000003,0.07010050000000001,1.215992462,2.685176
5353,-0.0003961788000000008,0.090201,1.215992462,1.117337
5354,-0.0003952188000000004,0.090201,1.224032663,0.2731159999999999
5355,-0.0003942588000000009,0.07010050000000001,1.224032663,0.4741209999999998
5356,-0.00039329880000000053,0.090201,1.232072864,1.7203519999999999
5357,-0.00039233880000000016,0.07010050000000001,1.224032663,3.4891959999999997
5358,-0.00039137880000000066,0.090201,1.224032663,4.936432
5359,-0.0003904188000000003,0.090201,1.215992462,5.539447
5360,-0.0003894588000000008,0.07010050000000001,1.224032663,5.177638
5361,-0.0003884988000000004,0.07010050000000001,1.232072864,3.891206
5362,-0.0003875388000000009,0.090201,1.224032663,2.242965
5363,-0.00038657880000000054,0.07010050000000001,1.232072864,0.8359299999999998
5364,-0.00038561880000000017,0.090201,1.224032663,0.19271400000000005
5365,-0.00038465880000000067,0.07010050000000001,1.224032663,0.514322
5366,-0.0003836988000000003,0.090201,1.215992462,1.7203519999999999
5367,-0.0003827388000000008,0.090201,1.224032663,3.288191
5368,-0.0003817788000000004,0.090201,1.215992462,4.735427
5369,-0.0003808188000000009,0.07010050000000001,1.224032663,5.539447
5370,-0.00037985880000000055,0.05,1.215992462,5.418844
5371,-0.0003788988000000002,0.090201,1.215992462,4.373618
5372,-0.0003779388000000007,0.090201,1.224032663,2.84598
5373,-0.0003769788000000003,0.07010050000000001,1.207952261,1.2781409999999997
5374,-0.0003760188000000008,0.090201,1.224032663,0.39371899999999993
5375,-0.00037505880000000043,0.07010050000000001,1.224032663,0.23291499999999976
5376,-0.00037409880000000093,0.090201,1.224032663,0.996734
5377,-0.00037313880000000056,0.090201,1.224032663,2.44397
5378,-0.0003721788000000002,0.07010050000000001,1.232072864,4.05201
5379,-0.0003712188000000007,0.090201,1.224032663,5.217839
5380,-0.0003702588000000003,0.07010050000000001,1.232072864,5.66005
5381,-0.0003692988000000008,0.090201,1.224032663,5.097236
5382,-0.00036833880000000045,0.090201,1.240113065,3.891206
5383,-0.00036737880000000094,0.090201,1.215992462,2.242965
5384,-0.00036641880000000057,0.090201,1.240113065,0.876131
5385,-0.0003654588000000002,0.1103015,1.232072864,0.1525129999999999
5386,-0.0003644988000000007,0.090201,1.224032663,0.4339200000000001
5387,-0.00036353880000000033,0.090201,1.232072864,1.599749
5388,-0.0003625788000000008,0.090201,1.224032663,3.207789
5389,-0.00036161880000000046,0.090201,1.224032663,4.655025
5390,-0.00036065880000000095,0.090201,1.224032663,5.539447
5391,-0.0003596988000000006,0.07010050000000001,1.232072864,5.378643
5392,-0.0003587388000000002,0.07010050000000001,1.207952261,4.413819
5393,-0.0003577788000000007,0.07010050000000001,1.224032663,2.7655779999999996
5394,-0.00035681880000000034,0.1103015,1.215992462,1.1575379999999997
5395,-0.00035585880000000084,0.090201,1.215992462,0.2731159999999999
5396,-0.00035489880000000047,0.090201,1.224032663,0.4339200000000001
5397,-0.00035393880000000096,0.1103015,1.224032663,1.358543
5398,-0.0003529788000000006,0.07010050000000001,1.224032663,3.1273869999999997
5399,-0.0003520188000000002,0.07010050000000001,1.232072864,4.655025
5400,-0.0003510588000000007,0.090201,1.232072864,5.579648
5401,-0.00035009880000000035,0.090201,1.232072864,5.499245999999999
5402,-0.00034913880000000085,0.1103015,1.232072864,4.293216
5403,-0.0003481788000000005,0.090201,1.232072864,2.685176
5404,-0.00034721880000000097,0.07010050000000001,1.240113065,1.1575379999999997
5405,-0.0003462588000000006,0.090201,1.240113065,0.19271400000000005
5406,-0.00034529880000000023,0.07010050000000001,1.232072864,0.4339200000000001
5407,-0.00034433880000000073,0.1103015,1.224032663,1.358543
5408,-0.00034337880000000036,0.07010050000000001,1.232072864,3.0067839999999997
5409,-0.00034241880000000086,0.1103015,1.232072864,4.534422
5410,-0.0003414588000000005,0.090201,1.232072864,5.459045
5411,-0.000340498800000001,0.07010050000000001,1.232072864,5.539447
5412,-0.0003395388000000006,0.1103015,1.224032663,4.655025
5413,-0.00033857880000000024,0.07010050000000001,1.224032663,3.087186
5414,-0.00033761880000000074,0.090201,1.215992462,1.6399499999999998
5415,-0.00033665880000000037,0.07010050000000001,1.224032663,0.5545229999999997
5416,-0.00033569880000000087,0.090201,1.224032663,0.1525129999999999
5417,-0.0003347388000000005,0.090201,1.207952261,0.7957289999999997
5418,-0.0003337788000000001,0.1103015,1.207952261,2.04196
5419,-0.0003328188000000006,0.1103015,1.224032663,3.569598
5420,-0.00033185880000000025,0.090201,1.232072864,4.936432
5421,-0.00033089880000000075,0.090201,1.224032663,5.579648
5422,-0.0003299388000000004,0.090201,1.232072864,5.338442
5423,-0.0003289788000000009,0.1103015,1.232072864,4.413819
5424,-0.0003280188000000005,0.07010050000000001,1.232072864,2.8861809999999997
5425,-0.00032705880000000014,0.090201,1.224032663,1.318342
5426,-0.00032609880000000063,0.07010050000000001,1.224032663,0.39371899999999993
5427,-0.00032513880000000026,0.1103015,1.240113065,0.1525129999999999
5428,-0.00032417880000000076,0.090201,1.232072864,0.996734
5429,-0.0003232188000000004,0.090201,1.224032663,2.44397
5430,-0.0003222588000000009,0.1103015,1.232072864,4.0118089999999995
5431,-0.0003212988000000005,0.090201,1.240113065,5.217839
5432,-0.00032033880000000015,0.090201,1.232072864,5.619849
5433,-0.00031937880000000064,0.1103015,1.224032663,5.057035
5434,-0.00031841880000000027,0.090201,1.224032663,3.851005
5435,-0.00031745880000000077,0.090201,1.232072864,2.242965
5436,-0.0003164988000000004,0.090201,1.224032663,0.876131
5437,-0.0003155388000000009,0.1103015,1.224032663,0.23291499999999976
5438,-0.0003145788000000005,0.07010050000000001,1.215992462,0.4741209999999998
5439,-0.00031361880000000016,0.1103015,1.215992462,1.599749
5440,-0.00031265880000000065,0.090201,1.224032663,3.087186
5441,-0.0003116988000000003,0.07010050000000001,1.215992462,4.534422
5442,-0.0003107388000000008,0.090201,1.215992462,5.459045
5443,-0.0003097788000000004,0.090201,1.224032663,5.499245999999999
5444,-0.0003088188000000009,0.090201,1.232072864,4.695226
5445,-0.00030785880000000054,0.1103015,1.232072864,3.3685929999999997
5446,-0.00030689880000000017,0.1103015,1.232072864,1.7605529999999998
5447,-0.00030593880000000066,0.1103015,1.232072864,0.634925
5448,-0.0003049788000000003,0.1103015,1.232072864,0.19271400000000005
5449,-0.0003040188000000008,0.13040200000000002,1.240113065,0.634925
5450,-0.0003030588000000004,0.1103015,1.240113065,1.7605529999999998
5451,-0.0003020988000000009,0.1103015,1.232072864,3.288191
5452,-0.00030113880000000055,0.1103015,1.224032663,4.655025
5453,-0.0003001788000000002,0.090201,1.232072864,5.499245999999999
5454,-0.0002992188000000007,0.090201,1.240113065,5.499245999999999
5455,-0.0002982588000000003,0.13040200000000002,1.232072864,4.695226
5456,-0.0002972988000000008,0.07010050000000001,1.232072864,3.207789
5457,-0.00029633880000000043,0.090201,1.232072864,1.680151
5458,-0.0002953788000000009,0.13040200000000002,1.232072864,0.5545229999999997
5459,-0.00029441880000000056,0.090201,1.232072864,0.19271400000000005
5460,-0.0002934588000000002,0.1103015,1.232072864,0.7957289999999997
5461,-0.0002924988000000007,0.1103015,1.232072864,2.122362
5462,-0.0002915388000000003,0.090201,1.224032663,3.770603
5463,-0.0002905788000000008,0.1103015,1.232072864,5.057035
5464,-0.00028961880000000044,0.1103015,1.224032663,5.619849
5465,-0.00028865880000000094,0.13040200000000002,1.224032663,5.177638
5466,-0.00028769880000000057,0.1103015,1.232072864,3.971608
5467,-0.0002867388000000002,0.090201,1.224032663,2.323367
5468,-0.0002857788000000007,0.1103015,1.232072864,0.9163319999999997
5469,-0.0002848188000000003,0.1103015,1.232072864,0.1525129999999999
5470,-0.0002838588000000008,0.090201,1.232072864,0.4741209999999998
5471,-0.00028289880000000045,0.1103015,1.232072864,1.599749
5472,-0.00028193880000000095,0.1103015,1.232072864,3.167588
5473,-0.0002809788000000006,0.1103015,1.240113065,4.695226
5474,-0.0002800188000000002,0.1103015,1.240113065,5.579648
5475,-0.0002790588000000007,0.13040200000000002,1.240113065,5.499245999999999
5476,-0.00027809880000000033,0.090201,1.232072864,4.45402
5477,-0.00027713880000000083,0.090201,1.232072864,2.966583
5478,-0.00027617880000000046,0.090201,1.224032663,1.358543
5479,-0.00027521880000000096,0.1103015,1.232072864,0.3535179999999998
5480,-0.0002742588000000006,0.1103015,1.224032663,0.31331700000000007
5481,-0.0002732988000000002,0.1103015,1.232072864,0.996734
5482,-0.0002723388000000007,0.090201,1.224032663,2.44397
5483,-0.00027137880000000034,0.1103015,1.232072864,3.931407
5484,-0.00027041880000000084,0.13040200000000002,1.224032663,5.217839
5485,-0.00026945880000000047,0.090201,1.232072864,5.619849
5486,-0.00026849880000000097,0.1103015,1.232072864,5.137437
5487,-0.0002675388000000006,0.1103015,1.232072864,3.931407
5488,-0.0002665788000000002,0.13040200000000002,1.224032663,2.323367
5489,-0.0002656188000000007,0.13040200000000002,1.232072864,1.0369349999999997
5490,-0.00026465880000000035,0.1103015,1.232072864,0.23291499999999976
5491,-0.00026369880000000085,0.1103015,1.232072864,0.39371899999999993
5492,-0.0002627388000000005,0.1103015,1.232072864,1.1977389999999999
5493,-0.000261778800000001,0.1103015,1.232072864,2.604774
5494,-0.0002608188000000006,0.1103015,1.240113065,4.172613
5495,-0.00025985880000000024,0.13040200000000002,1.240113065,5.258039999999999
5496,-0.00025889880000000073,0.090201,1.240113065,5.619849
5497,-0.00025793880000000036,0.090201,1.240113065,5.137437
5498,-0.00025697880000000086,0.1103015,1.240113065,3.891206
5499,-0.0002560188000000005,0.13040200000000002,1.232072864,2.4037689999999996
5500,-0.000255058800000001,0.1103015,1.232072864,1.0369349999999997
5501,-0.0002540988000000006,0.090201,1.240113065,0.23291499999999976
5502,-0.00025313880000000025,0.1103015,1.232072864,0.3535179999999998
5503,-0.00025217880000000074,0.1103015,1.232072864,1.23794
5504,-0.0002512188000000004,0.1103015,1.224032663,2.685176
5505,-0.00025025880000000087,0.090201,1.224032663,4.2530149999999995
5506,-0.0002492988000000005,0.1103015,1.224032663,5.298241
5507,-0.00024833880000000013,0.13040200000000002,1.240113065,5.619849
5508,-0.00024737880000000063,0.1103015,1.232072864,4.976633
5509,-0.00024641880000000026,0.13040200000000002,1.240113065,3.6097989999999998
5510,-0.00024545880000000075,0.13040200000000002,1.224032663,2.001759
5511,-0.0002444988000000004,0.1103015,1.224032663,0.5947239999999998
5512,-0.00024353880000000088,0.13040200000000002,1.224032663,0.19271400000000005
5513,-0.0002425788000000005,0.1103015,1.232072864,0.7153269999999998
5514,-0.00024161880000000014,0.13040200000000002,1.224032663,2.001759
5515,-0.00024065880000000064,0.1103015,1.232072864,3.690201
5516,-0.00023969880000000027,0.1103015,1.232072864,5.097236
5517,-0.00023873880000000076,0.1103015,1.232072864,5.619849
5518,-0.0002377788000000004,0.13040200000000002,1.224032663,5.177638
5519,-0.0002368188000000009,0.1103015,1.240113065,3.851005
5520,-0.00023585880000000052,0.13040200000000002,1.248153266,2.242965
5521,-0.00023489880000000015,0.090201,1.240113065,0.8359299999999998
5522,-0.00023393880000000065,0.1103015,1.248153266,0.23291499999999976
5523,-0.00023297880000000028,0.1103015,1.248153266,0.514322
5524,-0.00023201880000000077,0.13040200000000002,1.240113065,1.7203519999999999
5525,-0.0002310588000000004,0.090201,1.224032663,3.3685929999999997
5526,-0.0002300988000000009,0.1103015,1.232072864,4.815829
5527,-0.00022913880000000053,0.1103015,1.240113065,5.539447
5528,-0.00022817880000000016,0.13040200000000002,1.232072864,5.378643
5529,-0.00022721880000000066,0.1103015,1.232072864,4.373618
5530,-0.0002262588000000003,0.13040200000000002,1.232072864,2.926382
5531,-0.00022529880000000078,0.090201,1.215992462,1.438945
5532,-0.00022433880000000041,0.1103015,1.215992462,0.39371899999999993
5533,-0.0002233788000000009,0.1103015,1.224032663,0.23291499999999976
5534,-0.00022241880000000054,0.13040200000000002,1.224032663,0.9163319999999997
5535,-0.00022145880000000017,0.13040200000000002,1.215992462,2.242965
5536,-0.00022049880000000067,0.13040200000000002,1.224032663,3.810804
5537,-0.0002195388000000003,0.13040200000000002,1.240113065,5.137437
5538,-0.0002185788000000008,0.13040200000000002,1.232072864,5.66005
5539,-0.00021761880000000042,0.15050249999999998,1.240113065,5.338442
5540,-0.00021665880000000092,0.15050249999999998,1.240113065,4.212814
5541,-0.00021569880000000055,0.13040200000000002,1.240113065,2.725377
5542,-0.00021473880000000018,0.1103015,1.232072864,1.2781409999999997
5543,-0.00021377880000000068,0.1103015,1.240113065,0.3535179999999998
5544,-0.0002128188000000003,0.13040200000000002,1.240113065,0.2731159999999999
5545,-0.0002118588000000008,0.13040200000000002,1.232072864,0.996734
5546,-0.00021089880000000043,0.15050249999999998,1.240113065,2.363568
5547,-0.00020993880000000093,0.13040200000000002,1.240113065,3.971608
5548,-0.00020897880000000056,0.13040200000000002,1.240113065,5.177638
5549,-0.0002080188000000002,0.13040200000000002,1.240113065,5.579648
5550,-0.0002070588000000007,0.13040200000000002,1.232072864,5.217839
5551,-0.00020609880000000032,0.13040200000000002,1.224032663,4.05201
5552,-0.00020513880000000081,0.13040200000000002,1.240113065,2.5243719999999996
5553,-0.00020417880000000044,0.13040200000000002,1.232072864,1.117337
5554,-0.00020321880000000094,0.1103015,1.232072864,0.23291499999999976
5555,-0.00020225880000000057,0.1103015,1.224032663,0.2731159999999999
5556,-0.0002012988000000002,0.1103015,1.232072864,1.2781409999999997
5557,-0.0002003388000000007,0.13040200000000002,1.232072864,2.725377
5558,-0.00019937880000000033,0.15050249999999998,1.232072864,4.293216
5559,-0.00019841880000000083,0.13040200000000002,1.224032663,5.378643
5560,-0.00019745880000000045,0.13040200000000002,1.215992462,5.619849
5561,-0.00019649880000000095,0.1103015,1.232072864,4.936432
5562,-0.00019553880000000058,0.1103015,1.224032663,3.448995
5563,-0.0001945788000000002,0.13040200000000002,1.232072864,1.800754
5564,-0.0001936188000000007,0.13040200000000002,1.248153266,0.5947239999999998
5565,-0.00019265880000000034,0.13040200000000002,1.232072864,0.19271400000000005
5566,-0.00019169880000000084,0.13040200000000002,1.240113065,0.7153269999999998
5567,-0.00019073880000000046,0.13040200000000002,1.248153266,2.001759
5568,-0.00018977880000000096,0.13040200000000002,1.240113065,3.7304019999999998
5569,-0.0001888188000000006,0.15050249999999998,1.232072864,5.057035
5570,-0.00018785880000000022,0.15050249999999998,1.240113065,5.579648
5571,-0.00018689880000000072,0.1103015,1.232072864,5.258039999999999
5572,-0.00018593880000000035,0.13040200000000002,1.240113065,4.092211
5573,-0.00018497880000000085,0.15050249999999998,1.232072864,2.4037689999999996
5574,-0.00018401880000000048,0.13040200000000002,1.232072864,0.9565329999999999
5575,-0.00018305880000000097,0.15050249999999998,1.232072864,0.23291499999999976
5576,-0.0001820988000000006,0.15050249999999998,1.224032663,0.4339200000000001
5577,-0.00018113880000000023,0.13040200000000002,1.232072864,1.438945
5578,-0.00018017880000000073,0.1103015,1.224032663,2.966583
5579,-0.00017921880000000036,0.1103015,1.232072864,4.494221
5580,-0.00017825880000000086,0.13040200000000002,1.232072864,5.378643
5581,-0.00017729880000000049,0.13040200000000002,1.232072864,5.579648
5582,-0.00017633880000000098,0.13040200000000002,1.232072864,4.85603
5583,-0.0001753788000000006,0.15050249999999998,1.215992462,3.529397
5584,-0.00017441880000000024,0.13040200000000002,1.232072864,1.961558
5585,-0.00017345880000000074,0.15050249999999998,1.240113065,0.755528
5586,-0.00017249880000000037,0.13040200000000002,1.240113065,0.23291499999999976
5587,-0.00017153880000000087,0.13040200000000002,1.240113065,0.5545229999999997
5588,-0.0001705788000000005,0.13040200000000002,1.232072864,1.599749
5589,-0.000169618800000001,0.1103015,1.232072864,3.046985
5590,-0.00016865880000000062,0.13040200000000002,1.232072864,4.534422
5591,-0.00016769880000000025,0.15050249999999998,1.248153266,5.499245999999999
5592,-0.00016673880000000075,0.13040200000000002,1.248153266,5.579648
5593,-0.00016577880000000038,0.1103015,1.232072864,4.735427
5594,-0.00016481880000000088,0.15050249999999998,1.232072864,3.288191
5595,-0.0001638588000000005,0.13040200000000002,1.232072864,1.680151
5596,-0.000162898800000001,0.15050249999999998,1.240113065,0.514322
5597,-0.00016193880000000063,0.13040200000000002,1.224032663,0.19271400000000005
5598,-0.00016097880000000026,0.15050249999999998,1.240113065,0.7957289999999997
5599,-0.00016001880000000076,0.13040200000000002,1.232072864,2.202764
5600,-0.0001590588000000004,0.13040200000000002,1.232072864,3.810804
5601,-0.00015809880000000089,0.15050249999999998,1.232072864,5.137437
5602,-0.00015713880000000052,0.13040200000000002,1.224032663,5.619849
5603,-0.00015617880000000015,0.13040200000000002,1.232072864,5.057035
5604,-0.00015521880000000064,0.15050249999999998,1.232072864,3.6097989999999998
5605,-0.00015425880000000027,0.15050249999999998,1.224032663,1.921357
5606,-0.00015329880000000077,0.13040200000000002,1.240113065,0.6751259999999997
5607,-0.0001523388000000004,0.15050249999999998,1.232072864,0.1525129999999999
5608,-0.0001513788000000009,0.15050249999999998,1.232072864,0.7957289999999997
5609,-0.00015041880000000053,0.15050249999999998,1.232072864,2.242965
5610,-0.00014945880000000016,0.13040200000000002,1.232072864,3.891206
5611,-0.00014849880000000065,0.15050249999999998,1.232072864,5.137437
5612,-0.00014753880000000028,0.13040200000000002,1.240113065,5.619849
5613,-0.00014657880000000078,0.15050249999999998,1.240113065,5.057035
5614,-0.0001456188000000004,0.15050249999999998,1.232072864,3.770603
5615,-0.0001446588000000009,0.15050249999999998,1.2561934670000001,2.242965
5616,-0.00014369880000000054,0.13040200000000002,1.232072864,0.8359299999999998
5617,-0.00014273880000000017,0.15050249999999998,1.240113065,0.23291499999999976
5618,-0.00014177880000000066,0.15050249999999998,1.240113065,0.4339200000000001
5619,-0.0001408188000000003,0.13040200000000002,1.232072864,1.599749
5620,-0.0001398588000000008,0.13040200000000002,1.232072864,3.167588
5621,-0.00013889880000000042,0.13040200000000002,1.240113065,4.574623
5622,-0.00013793880000000092,0.15050249999999998,1.232072864,5.459045
5623,-0.00013697880000000055,0.15050249999999998,1.240113065,5.459045
5624,-0.00013601880000000018,0.13040200000000002,1.240113065,4.655025
5625,-0.00013505880000000067,0.170603,1.232072864,3.2479899999999997
5626,-0.0001340988000000003,0.13040200000000002,1.224032663,1.6399499999999998
5627,-0.0001331388000000008,0.15050249999999998,1.240113065,0.514322
5628,-0.00013217880000000043,0.13040200000000002,1.232072864,0.19271400000000005
5629,-0.00013121880000000093,0.15050249999999998,1.232072864,0.8359299999999998
5630,-0.00013025880000000056,0.15050249999999998,1.232072864,2.242965
5631,-0.00012929880000000019,0.13040200000000002,1.232072864,3.891206
5632,-0.00012833880000000068,0.15050249999999998,1.232072864,5.177638
5633,-0.0001273788000000003,0.15050249999999998,1.232072864,5.619849
5634,-0.0001264188000000008,0.170603,1.248153266,5.016834
5635,-0.00012545880000000044,0.15050249999999998,1.240113065,3.690201
5636,-0.00012449880000000094,0.170603,1.240113065,1.921357
5637,-0.00012353880000000057,0.15050249999999998,1.240113065,0.5947239999999998
5638,-0.0001225788000000002,0.13040200000000002,1.240113065,0.19271400000000005
5639,-0.00012161880000000069,0.13040200000000002,1.232072864,0.6751259999999997
5640,-0.00012065880000000032,0.1103015,1.240113065,2.242965
5641,-0.00011969880000000082,0.13040200000000002,1.248153266,3.851005
5642,-0.00011873880000000045,0.15050249999999998,1.224032663,5.137437
5643,-0.00011777880000000095,0.15050249999999998,1.232072864,5.579648
5644,-0.00011681880000000058,0.170603,1.232072864,4.976633
5645,-0.0001158588000000002,0.15050249999999998,1.240113065,3.6097989999999998
5646,-0.0001148988000000007,0.13040200000000002,1.215992462,1.8811559999999998
5647,-0.00011393880000000033,0.15050249999999998,1.232072864,0.5947239999999998
5648,-0.00011297880000000083,0.15050249999999998,1.232072864,0.19271400000000005
5649,-0.00011201880000000046,0.15050249999999998,1.240113065,0.755528
5650,-0.00011105880000000096,0.13040200000000002,1.240113065,2.122362
5651,-0.00011009880000000059,0.13040200000000002,1.240113065,3.810804
5652,-0.00010913880000000022,0.170603,1.232072864,5.137437
5653,-0.00010817880000000071,0.170603,1.232072864,5.619849
5654,-0.00010721880000000034,0.13040200000000002,1.232072864,5.177638
5655,-0.00010625880000000084,0.15050249999999998,1.248153266,3.931407
5656,-0.00010529880000000047,0.13040200000000002,1.232072864,2.2831659999999996
5657,-0.00010433880000000097,0.15050249999999998,1.232072864,0.876131
5658,-0.0001033788000000006,0.15050249999999998,1.240113065,0.1525129999999999
5659,-0.00010241880000000023,0.13040200000000002,1.248153266,0.4741209999999998
5660,-0.00010145880000000072,0.170603,1.240113065,1.559548
5661,-0.00010049880000000035,0.13040200000000002,1.240113065,3.087186
5662,-9.953880000000085e-05,0.15050249999999998,1.240113065,4.574623
5663,-9.857880000000048e-05,0.13040200000000002,1.232072864,5.499245999999999
5664,-9.761880000000098e-05,0.15050249999999998,1.240113065,5.539447
5665,-9.66588000000006e-05,0.15050249999999998,1.232072864,4.775628
5666,-9.569880000000024e-05,0.13040200000000002,1.224032663,3.3685929999999997
5667,-9.473880000000073e-05,0.13040200000000002,1.232072864,1.7605529999999998
5668,-9.377880000000036e-05,0.15050249999999998,1.224032663,0.634925
5669,-9.281880000000086e-05,0.15050249999999998,1.232072864,0.19271400000000005
5670,-9.185880000000049e-05,0.13040200000000002,1.232072864,0.5947239999999998
5671,-9.089880000000099e-05,0.15050249999999998,1.232072864,1.7605529999999998
5672,-8.993880000000062e-05,0.170603,1.224032663,3.288191
5673,-8.897880000000025e-05,0.15050249999999998,1.224032663,4.735427
5674,-8.801880000000074e-05,0.13040200000000002,1.240113065,5.539447
5675,-8.705880000000037e-05,0.13040200000000002,1.240113065,5.539447
5676,-8.609880000000087e-05,0.170603,1.240113065,4.695226
5677,-8.51388000000005e-05,0.170603,1.232072864,3.167588
5678,-8.4178800000001e-05,0.15050249999999998,1.240113065,1.6399499999999998
5679,-8.321880000000063e-05,0.15050249999999998,1.232072864,0.514322
5680,-8.225880000000026e-05,0.15050249999999998,1.248153266,0.19271400000000005
5681,-8.129880000000075e-05,0.15050249999999998,1.232072864,0.8359299999999998
5682,-8.033880000000038e-05,0.13040200000000002,1.240113065,2.202764
5683,-7.937880000000088e-05,0.13040200000000002,1.248153266,3.891206
5684,-7.841880000000051e-05,0.15050249999999998,1.240113065,5.137437
5685,-7.745880000000101e-05,0.13040200000000002,1.240113065,5.619849
5686,-7.649880000000064e-05,0.15050249999999998,1.248153266,5.016834
5687,-7.553880000000027e-05,0.15050249999999998,1.248153266,3.6097989999999998
5688,-7.457880000000076e-05,0.15050249999999998,1.240113065,1.961558
5689,-7.36188000000004e-05,0.15050249999999998,1.240113065,0.634925
5690,-7.265880000000089e-05,0.170603,1.232072864,0.19271400000000005
5691,-7.169880000000052e-05,0.170603,1.232072864,0.8359299999999998
5692,-7.073880000000015e-05,0.15050249999999998,1.232072864,2.2831659999999996
5693,-6.977880000000065e-05,0.15050249999999998,1.215992462,3.891206
5694,-6.881880000000028e-05,0.170603,1.232072864,5.217839
5695,-6.785880000000077e-05,0.170603,1.232072864,5.619849
5696,-6.68988000000004e-05,0.170603,1.248153266,4.896231
5697,-6.59388000000009e-05,0.170603,1.232072864,3.4891959999999997
5698,-6.497880000000053e-05,0.170603,1.240113065,1.8811559999999998
5699,-6.401880000000016e-05,0.170603,1.240113065,0.5947239999999998
5700,-6.305880000000066e-05,0.15050249999999998,1.248153266,0.19271400000000005
5701,-6.209880000000029e-05,0.15050249999999998,1.240113065,0.6751259999999997
5702,-6.113880000000078e-05,0.170603,1.240113065,1.961558
5703,-6.0178800000000414e-05,0.170603,1.240113065,3.529397
5704,-5.921880000000091e-05,0.170603,1.248153266,4.896231
5705,-5.825880000000054e-05,0.170603,1.240113065,5.619849
5706,-5.729880000000017e-05,0.15050249999999998,1.240113065,5.418844
5707,-5.633880000000067e-05,0.170603,1.240113065,4.373618
5708,-5.53788000000003e-05,0.170603,1.248153266,2.926382
5709,-5.4418800000000794e-05,0.19070350000000003,1.248153266,1.5193469999999998
5710,-5.3458800000000424e-05,0.170603,1.240113065,0.4741209999999998
5711,-5.249880000000092e-05,0.13040200000000002,1.240113065,0.19271400000000005
5712,-5.153880000000055e-05,0.170603,1.240113065,0.7153269999999998
5713,-5.057880000000018e-05,0.15050249999999998,1.232072864,1.840955
5714,-4.961880000000068e-05,0.15050249999999998,1.232072864,3.328392
5715,-4.865880000000031e-05,0.15050249999999998,1.232072864,4.695226
5716,-4.7698800000000804e-05,0.170603,1.232072864,5.539447
5717,-4.6738800000000434e-05,0.15050249999999998,1.232072864,5.539447
5718,-4.577880000000093e-05,0.170603,1.232072864,4.695226
5719,-4.481880000000056e-05,0.19070350000000003,1.224032663,3.328392
5720,-4.385880000000019e-05,0.15050249999999998,1.240113065,1.800754
5721,-4.289880000000069e-05,0.19070350000000003,1.232072864,0.634925
5722,-4.193880000000032e-05,0.15050249999999998,1.232072864,0.1525129999999999
5723,-4.0978800000000815e-05,0.15050249999999998,1.240113065,0.5947239999999998
5724,-4.0018800000000444e-05,0.15050249999999998,1.232072864,1.8811559999999998
5725,-3.905880000000094e-05,0.15050249999999998,1.240113065,3.448995
5726,-3.809880000000057e-05,0.19070350000000003,1.240113065,4.775628
5727,-3.71388000000002e-05,0.15050249999999998,1.240113065,5.579648
5728,-3.61788000000007e-05,0.15050249999999998,1.248153266,5.378643
5729,-3.521880000000033e-05,0.15050249999999998,1.248153266,4.212814
5730,-3.4258800000000825e-05,0.13040200000000002,1.240113065,2.6449749999999996
5731,-3.3298800000000454e-05,0.170603,1.248153266,1.0369349999999997
5732,-3.233880000000095e-05,0.19070350000000003,1.240113065,0.19271400000000005
5733,-3.137880000000058e-05,0.13040200000000002,1.240113065,0.39371899999999993
5734,-3.041880000000021e-05,0.170603,1.248153266,1.479146
5735,-2.9458800000000708e-05,0.170603,1.232072864,3.1273869999999997
5736,-2.8498800000000338e-05,0.170603,1.232072864,4.735427
5737,-2.7538800000000835e-05,0.210804,1.248153266,5.579648
5738,-2.6578800000000465e-05,0.15050249999999998,1.232072864,5.298241
5739,-2.561880000000096e-05,0.170603,1.232072864,4.0118089999999995
5740,-2.465880000000059e-05,0.170603,1.232072864,2.363568
5741,-2.369880000000022e-05,0.15050249999999998,1.224032663,0.8359299999999998
5742,-2.2738800000000718e-05,0.19070350000000003,1.240113065,0.19271400000000005
5743,-2.1778800000000348e-05,0.15050249999999998,1.240113065,0.5947239999999998
5744,-2.0818800000000845e-05,0.15050249999999998,1.232072864,1.8811559999999998
5745,-1.9858800000000475e-05,0.170603,1.240113065,3.569598
5746,-1.8898800000000972e-05,0.170603,1.248153266,4.936432
5747,-1.79388000000006e-05,0.170603,1.240113065,5.619849
5748,-1.697880000000023e-05,0.170603,1.248153266,5.217839
5749,-1.6018800000000728e-05,0.170603,1.240113065,4.0118089999999995
5750,-1.5058800000000358e-05,0.170603,1.240113065,2.363568
5751,-1.4098800000000855e-05,0.170603,1.240113065,0.9565329999999999
5752,-1.3138800000000485e-05,0.170603,1.240113065,0.19271400000000005
5753,-1.2178800000000982e-05,0.170603,1.240113065,0.3535179999999998
5754,-1.1218800000000612e-05,0.170603,1.240113065,1.358543
5755,-1.0258800000000241e-05,0.170603,1.240113065,2.805779
5756,-9.298800000000738e-06,0.19070350000000003,1.232072864,4.293216
5757,-8.338800000000368e-06,0.170603,1.240113065,5.338442
5758,-7.378800000000865e-06,0.19070350000000003,1.232072864,5.579648
5759,-6.418800000000495e-06,0.170603,1.240113065,5.016834
5760,-5.458800000000992e-06,0.170603,1.232072864,3.851005
5761,-4.498800000000622e-06,0.170603,1.240113065,2.242965
5762,-3.5388000000002515e-06,0.170603,1.232072864,0.9565329999999999
5763,-2.5788000000007485e-06,0.15050249999999998,1.232072864,0.23291499999999976
5764,-1.6188000000003783e-06,0.170603,1.240113065,0.3535179999999998
5765,-6.588000000008754e-07,0.15050249999999998,1.240113065,1.438945
5766,3.0119999999949493e-07,0.15050249999999998,1.240113065,2.84598
5767,1.2611999999989978e-06,0.170603,1.232072864,4.413819
5768,2.221199999999368e-06,0.15050249999999998,1.248153266,5.378643
5769,3.1811999999997384e-06,0.19070350000000003,1.240113065,5.539447
5770,4.141199999999241e-06,0.170603,1.232072864,4.695226
5771,5.101199999999612e-06,0.170603,1.248153266,3.167588
5772,6.0611999999991145e-06,0.170603,1.240113065,1.559548
5773,7.021199999999485e-06,0.170603,1.232072864,0.4339200000000001
5774,7.981199999998988e-06,0.210804,1.240113065,0.23291499999999976
5775,8.941199999999358e-06,0.15050249999999998,1.240113065,1.0771359999999999
5776,9.901199999999728e-06,0.19070350000000003,1.240113065,2.604774
5777,1.0861199999999231e-05,0.19070350000000003,1.248153266,4.212814
5778,1.1821199999999601e-05,0.19070350000000003,1.248153266,5.418844
5779,1.2781199999999104e-05,0.170603,1.232072864,5.499245999999999
5780,1.3741199999999475e-05,0.170603,1.240113065,4.574623
5781,1.4701199999999845e-05,0.170603,1.2561934670000001,2.966583
5782,1.5661199999999348e-05,0.19070350000000003,1.248153266,1.358543
5783,1.6621199999999718e-05,0.170603,1.232072864,0.3535179999999998
5784,1.758119999999922e-05,0.19070350000000003,1.240113065,0.31331700000000007
5785,1.854119999999959e-05,0.170603,1.232072864,1.23794
5786,1.9501199999999094e-05,0.170603,1.224032663,2.926382
5787,2.0461199999999465e-05,0.19070350000000003,1.232072864,4.45402
5788,2.1421199999999835e-05,0.19070350000000003,1.232072864,5.459045
5789,2.2381199999999338e-05,0.210804,1.240113065,5.418844
5790,2.3341199999999708e-05,0.19070350000000003,1.240113065,4.333417
5791,2.430119999999921e-05,0.19070350000000003,1.232072864,2.7655779999999996
5792,2.526119999999958e-05,0.170603,1.248153266,1.1575379999999997
5793,2.6221199999999084e-05,0.170603,1.2561934670000001,0.2731159999999999
5794,2.7181199999999454e-05,0.170603,1.240113065,0.4339200000000001
5795,2.8141199999999825e-05,0.170603,1.232072864,1.479146
5796,2.9101199999999328e-05,0.170603,1.240113065,3.087186
5797,3.0061199999999698e-05,0.19070350000000003,1.248153266,4.695226
5798,3.10211999999992e-05,0.19070350000000003,1.232072864,5.499245999999999
5799,3.198119999999957e-05,0.170603,1.232072864,5.338442
5800,3.2941199999999074e-05,0.210804,1.232072864,4.333417
5801,3.3901199999999444e-05,0.170603,1.232072864,2.685176
5802,3.4861199999999815e-05,0.19070350000000003,1.232072864,1.117337
5803,3.582119999999932e-05,0.15050249999999998,1.232072864,0.23291499999999976
5804,3.678119999999969e-05,0.170603,1.240113065,0.3535179999999998
5805,3.774119999999919e-05,0.170603,1.232072864,1.3987439999999998
5806,3.870119999999956e-05,0.210804,1.232072864,2.966583
5807,3.9661199999999064e-05,0.19070350000000003,1.232072864,4.45402
5808,4.0621199999999434e-05,0.170603,1.240113065,5.459045
5809,4.1581199999999804e-05,0.19070350000000003,1.232072864,5.539447
5810,4.254119999999931e-05,0.19070350000000003,1.224032663,4.695226
5811,4.350119999999968e-05,0.19070350000000003,1.240113065,3.288191
5812,4.446119999999918e-05,0.170603,1.248153266,1.680151
5813,4.542119999999955e-05,0.19070350000000003,1.248153266,0.514322
5814,4.6381199999999054e-05,0.19070350000000003,1.232072864,0.11231199999999975
5815,4.7341199999999424e-05,0.19070350000000003,1.240113065,0.755528
5816,4.8301199999999794e-05,0.19070350000000003,1.248153266,2.1625629999999996
5817,4.92611999999993e-05,0.19070350000000003,1.240113065,3.810804
5818,5.022119999999967e-05,0.170603,1.240113065,5.057035
5819,5.118119999999917e-05,0.210804,1.248153266,5.539447
5820,5.214119999999954e-05,0.210804,1.240113065,5.217839
5821,5.3101199999999044e-05,0.170603,1.248153266,3.851005
5822,5.4061199999999414e-05,0.210804,1.248153266,2.1625629999999996
5823,5.5021199999999784e-05,0.19070350000000003,1.240113065,0.7957289999999997
5824,5.598119999999929e-05,0.19070350000000003,1.240113065,0.19271400000000005
5825,5.694119999999966e-05,0.19070350000000003,1.232072864,0.514322
5826,5.790119999999916e-05,0.170603,1.240113065,1.800754
5827,5.886119999999953e-05,0.210804,1.232072864,3.4891959999999997
5828,5.9821199999999033e-05,0.210804,1.240113065,4.936432
5829,6.0781199999999404e-05,0.210804,1.240113065,5.579648
5830,6.174119999999977e-05,0.19070350000000003,1.232072864,5.217839
5831,6.270119999999928e-05,0.170603,1.224032663,3.810804
5832,6.366119999999965e-05,0.170603,1.240113065,2.202764
5833,6.462119999999915e-05,0.170603,1.232072864,0.7957289999999997
5834,6.558119999999952e-05,0.19070350000000003,1.240113065,0.19271400000000005
5835,6.654119999999902e-05,0.19070350000000003,1.248153266,0.5947239999999998
5836,6.75011999999994e-05,0.19070350000000003,1.240113065,1.8811559999999998
5837,6.846119999999976e-05,0.19070350000000003,1.248153266,3.529397
5838,6.942119999999927e-05,0.210804,1.248153266,4.936432
5839,7.038119999999964e-05,0.210804,1.2561934670000001,5.579648
5840,7.134119999999914e-05,0.210804,1.248153266,5.217839
5841,7.230119999999951e-05,0.19070350000000003,1.248153266,3.971608
5842,7.326119999999901e-05,0.19070350000000003,1.232072864,2.4037689999999996
5843,7.422119999999938e-05,0.170603,1.240113065,0.9565329999999999
5844,7.518119999999975e-05,0.210804,1.232072864,0.23291499999999976
5845,7.614119999999926e-05,0.19070350000000003,1.240113065,0.4339200000000001
5846,7.710119999999963e-05,0.210804,1.232072864,1.559548
5847,7.806119999999913e-05,0.210804,1.232072864,3.087186
5848,7.90211999999995e-05,0.210804,1.232072864,4.574623
5849,7.9981199999999e-05,0.19070350000000003,1.232072864,5.459045
5850,8.094119999999937e-05,0.19070350000000003,1.232072864,5.459045
5851,8.190119999999974e-05,0.19070350000000003,1.232072864,4.574623
5852,8.286119999999925e-05,0.210804,1.232072864,3.0067839999999997
5853,8.382119999999962e-05,0.210804,1.248153266,1.438945
5854,8.478119999999912e-05,0.210804,1.232072864,0.39371899999999993
5855,8.574119999999949e-05,0.19070350000000003,1.232072864,0.2731159999999999
5856,8.670119999999899e-05,0.19070350000000003,1.240113065,1.0771359999999999
5857,8.766119999999936e-05,0.19070350000000003,1.232072864,2.564573
5858,8.862119999999973e-05,0.210804,1.232072864,4.1324119999999995
5859,8.958119999999924e-05,0.210804,1.240113065,5.298241
5860,9.05411999999996e-05,0.210804,1.248153266,5.579648
5861,9.150119999999911e-05,0.170603,1.2561934670000001,4.815829
5862,9.246119999999948e-05,0.2309045,1.240113065,3.3685929999999997
5863,9.342119999999898e-05,0.210804,1.248153266,1.7203519999999999
5864,9.438119999999935e-05,0.19070350000000003,1.240113065,0.5545229999999997
5865,9.534119999999972e-05,0.170603,1.232072864,0.1525129999999999
5866,9.630119999999923e-05,0.19070350000000003,1.232072864,0.7957289999999997
5867,9.72611999999996e-05,0.19070350000000003,1.232072864,2.2831659999999996
5868,9.82211999999991e-05,0.210804,1.232072864,3.931407
5869,9.918119999999947e-05,0.210804,1.232072864,5.217839
5870,0.00010014119999999897,0.210804,1.232072864,5.579648
5871,0.00010110119999999934,0.19070350000000003,1.240113065,4.896231
5872,0.00010206119999999971,0.19070350000000003,1.232072864,3.569598
5873,0.00010302119999999922,0.19070350000000003,1.240113065,1.8811559999999998
5874,0.00010398119999999959,0.210804,1.240113065,0.5545229999999997
5875,0.00010494119999999909,0.19070350000000003,1.240113065,0.19271400000000005
5876,0.00010590119999999946,0.210804,1.232072864,0.755528
5877,0.00010686119999999983,0.210804,1.240113065,2.122362
5878,0.00010782119999999933,0.210804,1.232072864,3.810804
5879,0.0001087811999999997,0.210804,1.232072864,5.097236
5880,0.0001097411999999992,0.170603,1.232072864,5.579648
5881,0.00011070119999999958,0.19070350000000003,1.240113065,5.057035
5882,0.00011166119999999908,0.19070350000000003,1.240113065,3.690201
5883,0.00011262119999999945,0.2309045,1.248153266,2.082161
5884,0.00011358119999999982,0.19070350000000003,1.240113065,0.6751259999999997
5885,0.00011454119999999932,0.19070350000000003,1.248153266,0.1525129999999999
5886,0.00011550119999999969,0.19070350000000003,1.248153266,0.5947239999999998
5887,0.0001164611999999992,0.210804,1.248153266,1.8811559999999998
5888,0.00011742119999999957,0.19070350000000003,1.248153266,3.4891959999999997
5889,0.00011838119999999907,0.210804,1.240113065,4.85603
5890,0.00011934119999999944,0.210804,1.240113065,5.579648
5891,0.00012030119999999981,0.19070350000000003,1.248153266,5.298241
5892,0.00012126119999999931,0.210804,1.240113065,4.1324119999999995
5893,0.00012222119999999968,0.19070350000000003,1.232072864,2.484171
5894,0.00012318119999999919,0.19070350000000003,1.232072864,1.0369349999999997
5895,0.00012414119999999956,0.210804,1.232072864,0.2731159999999999
5896,0.00012510119999999906,0.210804,1.232072864,0.39371899999999993
5897,0.00012606119999999943,0.2309045,1.224032663,1.438945
5898,0.0001270211999999998,0.210804,1.240113065,3.046985
5899,0.0001279811999999993,0.2309045,1.232072864,4.574623
5900,0.00012894119999999967,0.210804,1.232072864,5.459045
5901,0.00012990119999999918,0.210804,1.232072864,5.459045
5902,0.00013086119999999955,0.19070350000000003,1.232072864,4.45402
5903,0.00013182119999999905,0.19070350000000003,1.248153266,2.926382
5904,0.00013278119999999942,0.210804,1.240113065,1.318342
5905,0.0001337411999999998,0.2309045,1.240113065,0.2731159999999999
5906,0.0001347011999999993,0.210804,1.240113065,0.31331700000000007
5907,0.00013566119999999966,0.210804,1.248153266,1.3987439999999998
5908,0.00013662119999999917,0.2309045,1.240113065,3.046985
5909,0.00013758119999999954,0.210804,1.240113065,4.574623
5910,0.00013854119999999904,0.19070350000000003,1.2561934670000001,5.539447
5911,0.0001395011999999994,0.210804,1.248153266,5.338442
5912,0.00014046119999999978,0.2309045,1.240113065,4.2530149999999995
5913,0.00014142119999999928,0.210804,1.240113065,2.6449749999999996
5914,0.00014238119999999965,0.210804,1.232072864,0.996734
5915,0.00014334119999999916,0.210804,1.240113065,0.19271400000000005
5916,0.00014430119999999953,0.2309045,1.232072864,0.4741209999999998
5917,0.00014526119999999903,0.210804,1.232072864,1.6399499999999998
5918,0.0001462211999999994,0.210804,1.232072864,3.328392
5919,0.00014718119999999977,0.210804,1.232072864,4.775628
5920,0.00014814119999999927,0.210804,1.232072864,5.579648
5921,0.00014910119999999964,0.210804,1.240113065,5.298241
5922,0.00015006119999999915,0.210804,1.232072864,4.092211
5923,0.00015102119999999952,0.19070350000000003,1.232072864,2.484171
5924,0.00015198119999999902,0.210804,1.232072864,0.9565329999999999
5925,0.0001529411999999994,0.19070350000000003,1.240113065,0.2731159999999999
5926,0.00015390119999999976,0.210804,1.232072864,0.4339200000000001
5927,0.00015486119999999926,0.210804,1.240113065,1.599749
5928,0.00015582119999999963,0.210804,1.240113065,3.2479899999999997
5929,0.00015678119999999914,0.210804,1.240113065,4.775628
5930,0.0001577411999999995,0.2309045,1.240113065,5.539447
5931,0.000158701199999999,0.2309045,1.248153266,5.298241
5932,0.00015966119999999938,0.2309045,1.248153266,4.172613
5933,0.00016062119999999975,0.210804,1.232072864,2.564573
5934,0.00016158119999999925,0.210804,1.232072864,1.0369349999999997
5935,0.00016254119999999962,0.210804,1.232072864,0.19271400000000005
5936,0.00016350119999999913,0.210804,1.232072864,0.514322
5937,0.0001644611999999995,0.210804,1.240113065,1.7203519999999999
5938,0.000165421199999999,0.2309045,1.240113065,3.328392
5939,0.00016638119999999937,0.2309045,1.232072864,4.775628
5940,0.00016734119999999974,0.210804,1.240113065,5.619849
5941,0.00016830119999999924,0.210804,1.232072864,5.298241
5942,0.0001692611999999996,0.2309045,1.232072864,3.971608
5943,0.00017022119999999911,0.210804,1.248153266,2.4037689999999996
5944,0.00017118119999999949,0.2309045,1.248153266,0.876131
5945,0.000172141199999999,0.2309045,1.240113065,0.19271400000000005
5946,0.00017310119999999936,0.251005,1.232072864,0.5947239999999998
5947,0.00017406119999999973,0.210804,1.248153266,1.680151
5948,0.00017502119999999923,0.210804,1.240113065,3.328392
5949,0.0001759811999999996,0.2309045,1.248153266,4.775628
5950,0.0001769411999999991,0.210804,1.240113065,5.539447
5951,0.00017790119999999948,0.2309045,1.248153266,5.298241
5952,0.00017886119999999898,0.210804,1.240113065,4.092211
5953,0.00017982119999999935,0.2309045,1.2561934670000001,2.5243719999999996
5954,0.00018078119999999972,0.19070350000000003,1.240113065,0.9565329999999999
5955,0.00018174119999999922,0.2309045,1.240113065,0.23291499999999976
5956,0.0001827011999999996,0.210804,1.248153266,0.4339200000000001
5957,0.0001836611999999991,0.2309045,1.240113065,1.680151
5958,0.00018462119999999946,0.210804,1.248153266,3.288191
5959,0.00018558119999999897,0.210804,1.232072864,4.775628
5960,0.00018654119999999934,0.2309045,1.232072864,5.539447
5961,0.0001875011999999997,0.210804,1.232072864,5.258039999999999
5962,0.0001884611999999992,0.210804,1.224032663,3.971608
5963,0.00018942119999999958,0.210804,1.248153266,2.323367
5964,0.00019038119999999908,0.2309045,1.232072864,0.9565329999999999
5965,0.00019134119999999945,0.210804,1.232072864,0.1525129999999999
5966,0.00019230119999999983,0.210804,1.232072864,0.514322
5967,0.00019326119999999933,0.251005,1.232072864,1.800754
5968,0.0001942211999999997,0.210804,1.232072864,3.408794
5969,0.0001951811999999992,0.2309045,1.240113065,4.85603
5970,0.00019614119999999957,0.210804,1.232072864,5.539447
5971,0.00019710119999999907,0.210804,1.240113065,5.217839
5972,0.00019806119999999944,0.210804,1.232072864,4.05201
5973,0.00019902119999999981,0.2309045,1.248153266,2.44397
5974,0.00019998119999999932,0.251005,1.240113065,1.0369349999999997
5975,0.0002009411999999997,0.2309045,1.248153266,0.2731159999999999
5976,0.0002019011999999992,0.210804,1.248153266,0.39371899999999993
5977,0.00020286119999999956,0.210804,1.240113065,1.479146
5978,0.00020382119999999906,0.210804,1.240113065,3.0067839999999997
5979,0.00020478119999999943,0.210804,1.232072864,4.574623
5980,0.0002057411999999998,0.210804,1.224032663,5.418844
5981,0.0002067011999999993,0.251005,1.232072864,5.459045
5982,0.00020766119999999968,0.2309045,1.240113065,4.494221
5983,0.00020862119999999918,0.251005,1.224032663,3.046985
5984,0.00020958119999999955,0.2309045,1.240113065,1.438945
5985,0.00021054119999999905,0.210804,1.232072864,0.4339200000000001
5986,0.00021150119999999942,0.2309045,1.232072864,0.31331700000000007
5987,0.0002124611999999998,0.251005,1.240113065,1.117337
5988,0.0002134211999999993,0.2309045,1.240113065,2.6449749999999996
5989,0.00021438119999999967,0.2309045,1.232072864,4.212814
5990,0.00021534119999999917,0.251005,1.232072864,5.338442
5991,0.00021630119999999954,0.2309045,1.240113065,5.539447
5992,0.00021726119999999904,0.2309045,1.248153266,4.735427
5993,0.00021822119999999941,0.2309045,1.240113065,3.207789
5994,0.00021918119999999978,0.2309045,1.240113065,1.5193469999999998
5995,0.0002201411999999993,0.2309045,1.240113065,0.39371899999999993
5996,0.00022110119999999966,0.210804,1.240113065,0.2731159999999999
5997,0.00022206119999999916,0.210804,1.240113065,1.117337
5998,0.00022302119999999953,0.251005,1.248153266,2.685176
5999,0.00022398119999999903,0.2309045,1.240113065,4.2530149999999995
6000,0.0002249411999999994,0.210804,1.240113065,5.338442
6001,0.00022590119999999977,0.210804,1.240113065,5.499245999999999
6002,0.00022686119999999928,0.251005,1.240113065,4.815829
6003,0.00022782119999999965,0.210804,1.224032663,3.328392
6004,0.00022878119999999915,0.210804,1.232072864,1.7605529999999998
6005,0.00022974119999999952,0.2309045,1.232072864,0.5545229999999997
6006,0.00023070119999999902,0.251005,1.232072864,0.19271400000000005
6007,0.0002316611999999994,0.251005,1.232072864,0.7957289999999997
6008,0.00023262119999999976,0.2309045,1.224032663,2.122362
6009,0.00023358119999999927,0.251005,1.232072864,3.690201
6010,0.00023454119999999964,0.251005,1.232072864,5.016834
6011,0.00023550119999999914,0.251005,1.232072864,5.579648
6012,0.0002364611999999995,0.2309045,1.232072864,5.217839
6013,0.00023742119999999901,0.2309045,1.240113065,3.971608
6014,0.00023838119999999938,0.2309045,1.240113065,2.2831659999999996
6015,0.00023934119999999975,0.251005,1.240113065,0.9565329999999999
6016,0.00024030119999999926,0.2309045,1.240113065,0.19271400000000005
6017,0.00024126119999999963,0.2309045,1.248153266,0.4339200000000001
6018,0.00024222119999999913,0.2309045,1.240113065,1.5193469999999998
6019,0.0002431811999999995,0.210804,1.240113065,3.046985
6020,0.000244141199999999,0.251005,1.240113065,4.614824
6021,0.0002451011999999994,0.2309045,1.232072864,5.499245999999999
6022,0.00024606119999999974,0.2309045,1.240113065,5.378643
6023,0.00024702119999999925,0.2309045,1.232072864,4.373618
6024,0.0002479811999999996,0.210804,1.232072864,2.805779
6025,0.0002489411999999991,0.2309045,1.240113065,1.1977389999999999
6026,0.0002499011999999995,0.2309045,1.240113065,0.31331700000000007
6027,0.000250861199999999,0.2309045,1.240113065,0.3535179999999998
6028,0.00025182119999999936,0.2309045,1.224032663,1.318342
6029,0.00025278119999999973,0.2309045,1.215992462,2.84598
6030,0.00025374119999999924,0.2309045,1.240113065,4.413819
6031,0.0002547011999999996,0.251005,1.224032663,5.459045
6032,0.0002556611999999991,0.210804,1.240113065,5.418844
6033,0.0002566211999999995,0.251005,1.232072864,4.413819
6034,0.000257581199999999,0.251005,1.232072864,2.805779
6035,0.00025854119999999935,0.2309045,1.232072864,1.2781409999999997
6036,0.0002595011999999997,0.2309045,1.232072864,0.2731159999999999
6037,0.0002604611999999992,0.2309045,1.248153266,0.3535179999999998
6038,0.0002614211999999996,0.210804,1.232072864,1.438945
6039,0.0002623811999999991,0.251005,1.248153266,3.046985
6040,0.00026334119999999947,0.2309045,1.232072864,4.614824
6041,0.000264301199999999,0.2309045,1.232072864,5.499245999999999
6042,0.00026526119999999934,0.251005,1.240113065,5.298241
6043,0.0002662211999999997,0.251005,1.232072864,4.212814
6044,0.0002671811999999992,0.251005,1.248153266,2.564573
6045,0.0002681411999999996,0.251005,1.232072864,0.996734
6046,0.0002691011999999991,0.210804,1.240113065,0.23291499999999976
6047,0.00027006119999999946,0.2309045,1.240113065,0.4339200000000001
6048,0.00027102119999999896,0.251005,1.232072864,1.599749
6049,0.00027198119999999933,0.251005,1.232072864,3.167588
6050,0.0002729411999999997,0.251005,1.232072864,4.655025
6051,0.0002739011999999992,0.2309045,1.240113065,5.418844
6052,0.0002748611999999996,0.251005,1.224032663,5.338442
6053,0.0002758211999999991,0.2711055,1.232072864,4.293216
6054,0.00027678119999999945,0.251005,1.240113065,2.805779
6055,0.0002777411999999998,0.2309045,1.248153266,1.358543
6056,0.0002787011999999993,0.251005,1.224032663,0.39371899999999993
6057,0.0002796611999999997,0.251005,1.240113065,0.2731159999999999
6058,0.0002806211999999992,0.251005,1.240113065,1.0369349999999997
6059,0.00028158119999999957,0.251005,1.248153266,2.564573
6060,0.00028254119999999907,0.2309045,1.248153266,4.05201
6061,0.00028350119999999944,0.251005,1.240113065,5.258039999999999
6062,0.0002844611999999998,0.251005,1.232072864,5.539447
6063,0.0002854211999999993,0.2309045,1.240113065,4.896231
6064,0.0002863811999999997,0.2309045,1.248153266,3.6097989999999998
6065,0.0002873411999999992,0.2309045,1.232072864,1.921357
6066,0.00028830119999999956,0.251005,1.240113065,0.6751259999999997
6067,0.00028926119999999906,0.2309045,1.248153266,0.11231199999999975
6068,0.00029022119999999943,0.251005,1.240113065,0.6751259999999997
6069,0.0002911811999999998,0.251005,1.240113065,1.961558
6070,0.0002921411999999993,0.251005,1.232072864,3.569598
6071,0.0002931011999999997,0.2711055,1.232072864,4.976633
6072,0.0002940611999999992,0.251005,1.232072864,5.539447
6073,0.00029502119999999955,0.251005,1.232072864,5.057035
6074,0.00029598119999999905,0.2309045,1.240113065,3.770603
6075,0.0002969411999999994,0.2309045,1.224032663,2.082161
6076,0.0002979011999999998,0.251005,1.232072864,0.7153269999999998
6077,0.0002988611999999993,0.251005,1.224032663,0.19271400000000005
6078,0.00029982119999999966,0.2711055,1.232072864,0.6751259999999997
6079,0.00030078119999999917,0.251005,1.232072864,2.122362
6080,0.00030174119999999954,0.251005,1.240113065,3.810804
6081,0.00030270119999999904,0.251005,1.232072864,5.137437
6082,0.0003036611999999994,0.251005,1.232072864,5.579648
6083,0.0003046211999999998,0.251005,1.240113065,4.936432
6084,0.0003055811999999993,0.251005,1.232072864,3.6097989999999998
6085,0.00030654119999999965,0.251005,1.240113065,1.840955
6086,0.00030750119999999916,0.2309045,1.240113065,0.634925
6087,0.0003084611999999995,0.251005,1.248153266,0.19271400000000005
6088,0.00030942119999999903,0.251005,1.240113065,0.8359299999999998
6089,0.0003103811999999994,0.251005,1.240113065,2.2831659999999996
6090,0.00031134119999999977,0.251005,1.232072864,3.971608
6091,0.00031230119999999927,0.251005,1.232072864,5.177638
6092,0.00031326119999999964,0.2309045,1.232072864,5.579648
6093,0.00031422119999999915,0.251005,1.232072864,4.896231
6094,0.0003151811999999995,0.2711055,1.224032663,3.448995
6095,0.000316141199999999,0.2711055,1.232072864,1.800754
6096,0.0003171011999999994,0.251005,1.215992462,0.5545229999999997
6097,0.00031806119999999976,0.251005,1.224032663,0.1525129999999999
6098,0.00031902119999999926,0.251005,1.232072864,0.755528
6099,0.00031998119999999963,0.251005,1.224032663,2.082161
6100,0.00032094119999999914,0.251005,1.232072864,3.770603
6101,0.0003219011999999995,0.251005,1.224032663,5.016834
6102,0.000322861199999999,0.2309045,1.240113065,5.579648
6103,0.0003238211999999994,0.251005,1.240113065,5.057035
6104,0.00032478119999999975,0.2711055,1.232072864,3.770603
6105,0.00032574119999999925,0.2711055,1.240113065,2.242965
6106,0.0003267011999999996,0.2711055,1.232072864,0.8359299999999998
6107,0.0003276611999999991,0.251005,1.240113065,0.19271400000000005
6108,0.0003286211999999995,0.2711055,1.240113065,0.39371899999999993
6109,0.000329581199999999,0.251005,1.232072864,1.479146
6110,0.00033054119999999937,0.251005,1.232072864,3.087186
6111,0.00033150119999999974,0.2711055,1.232072864,4.574623
6112,0.00033246119999999924,0.2711055,1.224032663,5.378643
6113,0.0003334211999999996,0.2309045,1.240113065,5.378643
6114,0.0003343811999999991,0.2711055,1.224032663,4.45402
6115,0.0003353411999999995,0.2711055,1.232072864,2.926382
6116,0.000336301199999999,0.2711055,1.232072864,1.358543
6117,0.00033726119999999936,0.251005,1.224032663,0.4339200000000001
6118,0.00033822119999999973,0.2309045,1.232072864,0.2731159999999999
6119,0.00033918119999999923,0.251005,1.232072864,1.0771359999999999
6120,0.0003401411999999996,0.2711055,1.232072864,2.564573
6121,0.0003411011999999991,0.2711055,1.224032663,4.212814
6122,0.0003420611999999995,0.2711055,1.232072864,5.298241
6123,0.000343021199999999,0.2711055,1.240113065,5.459045
6124,0.00034398119999999935,0.2309045,1.232072864,4.655025
6125,0.0003449411999999997,0.2711055,1.240113065,3.046985
6126,0.0003459011999999992,0.251005,1.232072864,1.438945
6127,0.0003468611999999996,0.251005,1.248153266,0.3535179999999998
6128,0.0003478211999999991,0.251005,1.240113065,0.2731159999999999
6129,0.00034878119999999947,0.2711055,1.232072864,1.1977389999999999
6130,0.00034974119999999897,0.2711055,1.232072864,2.7655779999999996
6131,0.00035070119999999934,0.251005,1.240113065,4.373618
6132,0.0003516611999999997,0.291206,1.232072864,5.378643
6133,0.0003526211999999992,0.2711055,1.232072864,5.378643
6134,0.0003535811999999996,0.251005,1.232072864,4.413819
6135,0.0003545411999999991,0.291206,1.240113065,2.8861809999999997
6136,0.00035550119999999946,0.2711055,1.232072864,1.318342
6137,0.00035646119999999896,0.2711055,1.232072864,0.3535179999999998
6138,0.00035742119999999933,0.251005,1.224032663,0.23291499999999976
6139,0.0003583811999999997,0.251005,1.232072864,1.0369349999999997
6140,0.0003593411999999992,0.2711055,1.224032663,2.564573
6141,0.00036030119999999957,0.2711055,1.215992462,4.092211
6142,0.0003612611999999991,0.291206,1.224032663,5.177638
6143,0.00036222119999999945,0.291206,1.232072864,5.499245999999999
6144,0.00036318119999999895,0.251005,1.240113065,5.016834
6145,0.0003641411999999993,0.2711055,1.232072864,3.7304019999999998
6146,0.0003651011999999997,0.2711055,1.232072864,2.122362
6147,0.0003660611999999992,0.2711055,1.232072864,0.876131
6148,0.00036702119999999956,0.2711055,1.232072864,0.23291499999999976
6149,0.00036798119999999906,0.2711055,1.232072864,0.4339200000000001
6150,0.00036894119999999943,0.2309045,1.240113065,1.5193469999999998
6151,0.0003699011999999998,0.2711055,1.232072864,2.966583
6152,0.0003708611999999993,0.2711055,1.240113065,4.494221
6153,0.0003718211999999997,0.251005,1.232072864,5.418844
6154,0.0003727811999999992,0.251005,1.232072864,5.459045
6155,0.00037374119999999955,0.2711055,1.232072864,4.494221
6156,0.00037470119999999905,0.251005,1.232072864,3.087186
6157,0.0003756611999999994,0.251005,1.232072864,1.438945
6158,0.0003766211999999998,0.2711055,1.240113065,0.39371899999999993
6159,0.0003775811999999993,0.2711055,1.232072864,0.2731159999999999
6160,0.00037854119999999967,0.2711055,1.240113065,1.0369349999999997
6161,0.00037950119999999917,0.251005,1.224032663,2.5243719999999996
6162,0.00038046119999999954,0.291206,1.232072864,4.212814
6163,0.00038142119999999904,0.2309045,1.232072864,5.338442
6164,0.0003823811999999994,0.251005,1.232072864,5.459045
6165,0.0003833411999999998,0.2309045,1.224032663,4.494221
6166,0.0003843011999999993,0.251005,1.232072864,2.926382
6167,0.00038526119999999966,0.251005,1.232072864,1.318342
6168,0.00038622119999999916,0.2711055,1.232072864,0.2731159999999999
6169,0.00038718119999999953,0.2711055,1.232072864,0.31331700000000007
6170,0.00038814119999999903,0.291206,1.240113065,1.358543
6171,0.0003891011999999994,0.2711055,1.232072864,2.966583
6172,0.0003900611999999998,0.251005,1.224032663,4.494221
6173,0.0003910211999999993,0.251005,1.232072864,5.459045
6174,0.00039198119999999965,0.2711055,1.240113065,5.298241
6175,0.00039294119999999915,0.291206,1.232072864,4.1324119999999995
6176,0.0003939011999999995,0.251005,1.232072864,2.484171
6177,0.000394861199999999,0.291206,1.240113065,0.996734
6178,0.0003958211999999994,0.2711055,1.240113065,0.2731159999999999
6179,0.00039678119999999976,0.291206,1.240113065,0.4339200000000001
6180,0.00039774119999999927,0.291206,1.224032663,1.599749
6181,0.00039870119999999964,0.291206,1.224032663,3.167588
6182,0.00039966119999999914,0.2711055,1.232072864,4.695226
6183,0.0004006211999999995,0.2711055,1.232072864,5.459045
6184,0.000401581199999999,0.2711055,1.224032663,5.298241
6185,0.0004025411999999994,0.2711055,1.232072864,4.172613
6186,0.00040350119999999975,0.2711055,1.224032663,2.6449749999999996
6187,0.00040446119999999926,0.2711055,1.224032663,1.117337
6188,0.00040542119999999963,0.291206,1.224032663,0.2731159999999999
6189,0.00040638119999999913,0.2711055,1.232072864,0.31331700000000007
6190,0.0004073411999999995,0.2711055,1.224032663,1.23794
6191,0.000408301199999999,0.251005,1.224032663,2.685176
6192,0.0004092611999999994,0.2711055,1.224032663,4.212814
6193,0.00041022119999999974,0.251005,1.232072864,5.258039999999999
6194,0.00041118119999999925,0.291206,1.232072864,5.459045
6195,0.0004121411999999996,0.2711055,1.240113065,4.735427
6196,0.0004131011999999991,0.291206,1.232072864,3.3685929999999997
6197,0.0004140611999999995,0.251005,1.232072864,1.7605529999999998
6198,0.000415021199999999,0.291206,1.232072864,0.5545229999999997
6199,0.00041598119999999936,0.291206,1.232072864,0.19271400000000005
6200,0.00041694119999999973,0.2711055,1.240113065,0.7153269999999998
6201,0.00041790119999999924,0.291206,1.232072864,2.082161
6202,0.0004188611999999996,0.251005,1.232072864,3.690201
6203,0.0004198211999999991,0.2711055,1.232072864,5.016834
6204,0.0004207811999999995,0.2711055,1.232072864,5.499245999999999
6205,0.000421741199999999,0.291206,1.232072864,4.936432
6206,0.00042270119999999935,0.291206,1.232072864,3.6097989999999998
6207,0.0004236611999999997,0.291206,1.240113065,1.8811559999999998
6208,0.0004246211999999992,0.291206,1.224032663,0.5947239999999998
6209,0.0004255811999999996,0.2711055,1.215992462,0.19271400000000005
6210,0.0004265411999999991,0.291206,1.215992462,0.876131
6211,0.00042750119999999947,0.3113065,1.232072864,2.4037689999999996
6212,0.000428461199999999,0.2711055,1.240113065,4.05201
6213,0.00042942119999999934,0.291206,1.232072864,5.258039999999999
6214,0.0004303811999999997,0.2711055,1.232072864,5.418844
6215,0.0004313411999999992,0.291206,1.232072864,4.494221
6216,0.0004323011999999996,0.291206,1.240113065,2.84598
6217,0.0004332611999999991,0.251005,1.232072864,1.23794
6218,0.00043422119999999946,0.291206,1.232072864,0.31331700000000007
6219,0.00043518119999999896,0.291206,1.240113065,0.3535179999999998
6220,0.00043614119999999933,0.291206,1.240113065,1.479146
6221,0.0004371011999999997,0.2711055,1.224032663,3.046985
6222,0.0004380611999999992,0.291206,1.232072864,4.534422
6223,0.0004390211999999996,0.3113065,1.224032663,5.378643
6224,0.0004399811999999991,0.291206,1.232072864,5.338442
6225,0.00044094119999999945,0.3113065,1.207952261,4.2530149999999995
6226,0.00044190119999999895,0.291206,1.215992462,2.6449749999999996
6227,0.0004428611999999993,0.291206,1.232072864,1.1977389999999999
6228,0.0004438211999999997,0.2711055,1.215992462,0.3535179999999998
6229,0.0004447811999999992,0.291206,1.232072864,0.31331700000000007
6230,0.00044574119999999957,0.3113065,1.215992462,1.23794
6231,0.00044670119999999907,0.291206,1.215992462,2.685176
6232,0.00044766119999999944,0.291206,1.224032663,4.212814
6233,0.00044862119999999894,0.2711055,1.232072864,5.258039999999999
6234,0.0004495811999999993,0.291206,1.224032663,5.459045
6235,0.0004505411999999997,0.291206,1.224032663,4.775628
6236,0.0004515011999999992,0.2711055,1.240113065,3.448995
6237,0.00045246119999999956,0.3113065,1.240113065,1.840955
6238,0.00045342119999999906,0.3113065,1.240113065,0.634925
6239,0.00045438119999999943,0.291206,1.232072864,0.1525129999999999
6240,0.0004553411999999998,0.291206,1.232072864,0.5947239999999998
6241,0.0004563011999999993,0.331407,1.240113065,1.7605529999999998
6242,0.0004572611999999997,0.3113065,1.232072864,3.328392
6243,0.0004582211999999992,0.3113065,1.224032663,4.695226
6244,0.00045918119999999955,0.291206,1.232072864,5.459045
6245,0.00046014119999999905,0.2711055,1.232072864,5.258039999999999
6246,0.0004611011999999994,0.291206,1.232072864,4.212814
6247,0.0004620611999999998,0.2711055,1.215992462,2.725377
6248,0.0004630211999999993,0.2711055,1.224032663,1.23794
6249,0.00046398119999999966,0.2711055,1.215992462,0.31331700000000007
6250,0.00046494119999999917,0.291206,1.215992462,0.2731159999999999
6251,0.00046590119999999954,0.291206,1.224032663,1.1977389999999999
6252,0.00046686119999999904,0.291206,1.224032663,2.685176
6253,0.0004678211999999994,0.291206,1.224032663,4.212814
6254,0.0004687811999999998,0.2711055,1.215992462,5.338442
6255,0.0004697411999999993,0.3113065,1.224032663,5.459045
6256,0.00047070119999999965,0.3113065,1.232072864,4.574623
6257,0.00047166119999999916,0.3113065,1.232072864,3.046985
6258,0.0004726211999999995,0.291206,1.232072864,1.438945
6259,0.00047358119999999903,0.3113065,1.215992462,0.3535179999999998
6260,0.0004745411999999994,0.3113065,1.224032663,0.2731159999999999
6261,0.00047550119999999977,0.3113065,1.215992462,1.1977389999999999
6262,0.00047646119999999927,0.291206,1.232072864,2.84598
6263,0.00047742119999999964,0.3113065,1.215992462,4.494221
6264,0.00047838119999999915,0.3113065,1.240113065,5.459045
6265,0.0004793411999999995,0.3113065,1.232072864,5.298241
6266,0.000480301199999999,0.3113065,1.232072864,4.2530149999999995
6267,0.0004812611999999994,0.291206,1.232072864,2.564573
6268,0.00048222119999999976,0.291206,1.224032663,1.0369349999999997
6269,0.00048318119999999926,0.291206,1.232072864,0.19271400000000005
6270,0.00048414119999999963,0.3113065,1.215992462,0.39371899999999993
6271,0.00048510119999999914,0.291206,1.224032663,1.3987439999999998
6272,0.0004860611999999995,0.3113065,1.224032663,3.0067839999999997
6273,0.000487021199999999,0.3113065,1.215992462,4.413819
6274,0.0004879811999999994,0.291206,1.215992462,5.298241
6275,0.0004889411999999997,0.3113065,1.215992462,5.418844
6276,0.0004899011999999993,0.3113065,1.224032663,4.655025
6277,0.0004908611999999996,0.291206,1.215992462,3.207789
6278,0.0004918211999999991,0.3113065,1.215992462,1.7605529999999998
6279,0.0004927811999999995,0.291206,1.224032663,0.634925
6280,0.000493741199999999,0.291206,1.224032663,0.19271400000000005
6281,0.0004947011999999994,0.3113065,1.224032663,0.4741209999999998
6282,0.0004956611999999997,0.3113065,1.232072864,1.559548
6283,0.0004966211999999992,0.291206,1.232072864,3.0067839999999997
6284,0.0004975811999999996,0.291206,1.232072864,4.333417
6285,0.0004985411999999991,0.291206,1.232072864,5.298241
6286,0.0004995011999999995,0.2711055,1.232072864,5.418844
6287,0.000500461199999999,0.291206,1.232072864,4.775628
6288,0.0005014211999999994,0.291206,1.232072864,3.569598
6289,0.0005023811999999997,0.291206,1.232072864,2.001759
6290,0.0005033411999999992,0.3113065,1.224032663,0.7957289999999997
6291,0.0005043011999999996,0.3113065,1.224032663,0.19271400000000005
6292,0.0005052611999999991,0.3113065,1.224032663,0.4741209999999998
6293,0.0005062211999999995,0.3113065,1.215992462,1.5193469999999998
6294,0.000507181199999999,0.291206,1.215992462,3.046985
6295,0.0005081411999999993,0.291206,1.224032663,4.494221
6296,0.0005091011999999997,0.3113065,1.224032663,5.378643
6297,0.0005100611999999992,0.3113065,1.224032663,5.378643
6298,0.0005110211999999996,0.291206,1.215992462,4.413819
6299,0.0005119811999999991,0.331407,1.232072864,2.84598
6300,0.0005129411999999995,0.3113065,1.224032663,1.358543
6301,0.000513901199999999,0.3113065,1.224032663,0.31331700000000007
6302,0.0005148611999999993,0.3113065,1.232072864,0.2731159999999999
6303,0.0005158211999999997,0.3113065,1.224032663,1.117337
6304,0.0005167811999999992,0.3113065,1.232072864,2.685176
6305,0.0005177411999999996,0.3113065,1.224032663,4.212814
6306,0.0005187011999999991,0.291206,1.232072864,5.177638
6307,0.0005196611999999995,0.331407,1.240113065,5.418844
6308,0.000520621199999999,0.291206,1.224032663,4.574623
6309,0.0005215811999999993,0.291206,1.232072864,3.1273869999999997
6310,0.0005225411999999997,0.291206,1.224032663,1.5193469999999998
6311,0.0005235011999999992,0.291206,1.232072864,0.4339200000000001
6312,0.0005244611999999996,0.3113065,1.224032663,0.19271400000000005
6313,0.0005254211999999991,0.3113065,1.224032663,0.9163319999999997
6314,0.0005263811999999994,0.291206,1.215992462,2.2831659999999996
6315,0.000527341199999999,0.331407,1.215992462,3.931407
6316,0.0005283011999999993,0.291206,1.215992462,5.137437
6317,0.0005292611999999997,0.3113065,1.215992462,5.459045
6318,0.0005302211999999992,0.291206,1.224032663,4.85603
6319,0.0005311811999999996,0.3113065,1.215992462,3.529397
6320,0.0005321411999999991,0.331407,1.224032663,1.8811559999999998
6321,0.0005331011999999994,0.3113065,1.224032663,0.6751259999999997
6322,0.0005340611999999989,0.3113065,1.224032663,0.19271400000000005
6323,0.0005350211999999993,0.291206,1.215992462,0.634925
6324,0.0005359811999999997,0.3113065,1.215992462,1.840955
6325,0.0005369411999999992,0.3113065,1.224032663,3.3685929999999997
6326,0.0005379011999999996,0.291206,1.224032663,4.735427
6327,0.0005388611999999991,0.291206,1.232072864,5.459045
6328,0.0005398211999999994,0.3113065,1.232072864,5.258039999999999
6329,0.0005407811999999998,0.3113065,1.224032663,4.212814
6330,0.0005417411999999993,0.331407,1.207952261,2.7655779999999996
6331,0.0005427011999999997,0.3113065,1.224032663,1.318342
6332,0.0005436611999999992,0.3113065,1.224032663,0.3535179999999998
6333,0.0005446211999999995,0.291206,1.232072864,0.23291499999999976
6334,0.000545581199999999,0.3113065,1.232072864,0.9163319999999997
6335,0.0005465411999999994,0.331407,1.224032663,2.2831659999999996
6336,0.0005475011999999998,0.291206,1.224032663,3.770603
6337,0.0005484611999999993,0.3113065,1.224032663,5.016834
6338,0.0005494211999999997,0.331407,1.215992462,5.459045
6339,0.0005503811999999992,0.331407,1.207952261,5.097236
6340,0.0005513411999999995,0.3113065,1.215992462,3.931407
6341,0.000552301199999999,0.3515075,1.215992462,2.363568
6342,0.0005532611999999994,0.331407,1.207952261,0.9565329999999999
6343,0.0005542211999999998,0.3113065,1.215992462,0.2731159999999999
6344,0.0005551811999999993,0.3113065,1.207952261,0.31331700000000007
6345,0.0005561411999999996,0.331407,1.224032663,1.2781409999999997
6346,0.0005571011999999992,0.3113065,1.215992462,2.926382
6347,0.0005580611999999995,0.331407,1.215992462,4.45402
6348,0.000559021199999999,0.331407,1.232072864,5.338442
6349,0.0005599811999999994,0.3113065,1.215992462,5.298241
6350,0.0005609411999999998,0.3515075,1.224032663,4.333417
6351,0.0005619011999999993,0.331407,1.215992462,2.725377
6352,0.0005628611999999996,0.331407,1.224032663,1.23794
6353,0.0005638211999999991,0.3113065,1.240113065,0.31331700000000007
6354,0.0005647811999999995,0.3113065,1.232072864,0.2731159999999999
6355,0.000565741199999999,0.291206,1.215992462,1.318342
6356,0.0005667011999999994,0.3113065,1.215992462,2.8861809999999997
6357,0.0005676611999999998,0.331407,1.224032663,4.45402
6358,0.0005686211999999993,0.3113065,1.232072864,5.338442
6359,0.0005695811999999996,0.331407,1.224032663,5.298241
6360,0.0005705411999999991,0.3113065,1.224032663,4.212814
6361,0.0005715011999999995,0.331407,1.215992462,2.604774
6362,0.000572461199999999,0.3113065,1.215992462,1.117337
6363,0.0005734211999999994,0.3113065,1.215992462,0.23291499999999976
6364,0.0005743811999999997,0.331407,1.215992462,0.39371899999999993
6365,0.0005753411999999992,0.3113065,1.207952261,1.479146
6366,0.0005763011999999996,0.331407,1.215992462,3.087186
6367,0.0005772611999999991,0.331407,1.215992462,4.614824
6368,0.0005782211999999995,0.331407,1.207952261,5.378643
6369,0.000579181199999999,0.3113065,1.215992462,5.258039999999999
6370,0.0005801411999999994,0.331407,1.224032663,4.212814
6371,0.0005811011999999997,0.331407,1.224032663,2.685176
6372,0.0005820611999999992,0.331407,1.224032663,1.1575379999999997
6373,0.0005830211999999996,0.331407,1.215992462,0.2731159999999999
6374,0.0005839811999999991,0.331407,1.232072864,0.31331700000000007
6375,0.0005849411999999995,0.331407,1.224032663,1.1977389999999999
6376,0.000585901199999999,0.3515075,1.215992462,2.725377
6377,0.0005868611999999994,0.331407,1.232072864,4.172613
6378,0.0005878211999999997,0.3113065,1.215992462,5.217839
6379,0.0005887811999999992,0.331407,1.215992462,5.418844
6380,0.0005897411999999996,0.331407,1.215992462,4.695226
6381,0.0005907011999999991,0.331407,1.215992462,3.448995
6382,0.0005916611999999995,0.3113065,1.215992462,1.8811559999999998
6383,0.000592621199999999,0.291206,1.215992462,0.6751259999999997
6384,0.0005935811999999993,0.331407,1.224032663,0.1525129999999999
6385,0.0005945411999999997,0.331407,1.215992462,0.5545229999999997
6386,0.0005955011999999992,0.331407,1.207952261,1.7605529999999998
6387,0.0005964611999999996,0.331407,1.215992462,3.2479899999999997
6388,0.0005974211999999991,0.331407,1.19991206,4.614824
6389,0.0005983811999999995,0.3515075,1.207952261,5.418844
6390,0.000599341199999999,0.331407,1.207952261,5.217839
6391,0.0006003011999999993,0.3113065,1.215992462,4.2530149999999995
6392,0.0006012611999999997,0.3113065,1.215992462,2.805779
6393,0.0006022211999999992,0.331407,1.215992462,1.23794
6394,0.0006031811999999996,0.331407,1.215992462,0.31331700000000007
6395,0.0006041411999999991,0.331407,1.215992462,0.1525129999999999
6396,0.0006051011999999995,0.331407,1.215992462,1.0369349999999997
6397,0.000606061199999999,0.331407,1.224032663,2.5243719999999996
6398,0.0006070211999999993,0.331407,1.224032663,4.092211
6399,0.0006079811999999997,0.3113065,1.224032663,5.217839
6400,0.0006089411999999992,0.331407,1.224032663,5.418844
6401,0.0006099011999999996,0.331407,1.215992462,4.655025
6402,0.0006108611999999991,0.331407,1.224032663,3.2479899999999997
6403,0.0006118211999999994,0.3113065,1.215992462,1.599749
6404,0.0006127811999999989,0.331407,1.215992462,0.4741209999999998
6405,0.0006137411999999993,0.331407,1.207952261,0.2731159999999999
6406,0.0006147011999999997,0.331407,1.215992462,0.996734
6407,0.0006156611999999992,0.3515075,1.215992462,2.323367
6408,0.0006166211999999996,0.291206,1.215992462,3.931407
6409,0.0006175811999999991,0.3113065,1.215992462,5.097236
6410,0.0006185411999999994,0.331407,1.215992462,5.418844
6411,0.0006195011999999989,0.3515075,1.215992462,4.735427
6412,0.0006204611999999993,0.331407,1.215992462,3.3685929999999997
6413,0.0006214211999999997,0.331407,1.207952261,1.7203519999999999
6414,0.0006223811999999992,0.331407,1.207952261,0.514322
6415,0.0006233411999999995,0.331407,1.215992462,0.1525129999999999
6416,0.000624301199999999,0.3113065,1.224032663,0.755528
6417,0.0006252611999999994,0.3113065,1.215992462,2.001759
6418,0.0006262211999999998,0.331407,1.215992462,3.569598
6419,0.0006271811999999993,0.3515075,1.232072864,4.896231
6420,0.0006281411999999997,0.3113065,1.215992462,5.499245999999999
6421,0.0006291011999999992,0.331407,1.215992462,5.137437
6422,0.0006300611999999995,0.331407,1.207952261,3.931407
6423,0.000631021199999999,0.331407,1.215992462,2.44397
6424,0.0006319811999999994,0.331407,1.224032663,1.0771359999999999
6425,0.0006329411999999998,0.3113065,1.224032663,0.31331700000000007
6426,0.0006339011999999993,0.331407,1.224032663,0.3535179999999998
6427,0.0006348611999999997,0.331407,1.215992462,1.2781409999999997
6428,0.0006358211999999992,0.331407,1.215992462,2.725377
6429,0.0006367811999999995,0.3515075,1.224032663,4.172613
6430,0.000637741199999999,0.3113065,1.207952261,5.217839
6431,0.0006387011999999994,0.3113065,1.215992462,5.378643
6432,0.0006396611999999998,0.3515075,1.215992462,4.735427
6433,0.0006406211999999993,0.3515075,1.207952261,3.408794
6434,0.0006415811999999996,0.3515075,1.207952261,1.8811559999999998
6435,0.0006425411999999991,0.3515075,1.207952261,0.634925
6436,0.0006435011999999995,0.331407,1.207952261,0.1525129999999999
6437,0.000644461199999999,0.331407,1.207952261,0.5545229999999997
6438,0.0006454211999999994,0.331407,1.207952261,1.7605529999999998
6439,0.0006463811999999998,0.331407,1.215992462,3.288191
6440,0.0006473411999999993,0.331407,1.224032663,4.655025
6441,0.0006483011999999996,0.331407,1.215992462,5.418844
6442,0.0006492611999999991,0.3515075,1.207952261,5.217839
6443,0.0006502211999999995,0.331407,1.215992462,4.1324119999999995
6444,0.000651181199999999,0.331407,1.215992462,2.685176
6445,0.0006521411999999994,0.331407,1.224032663,1.1977389999999999
6446,0.0006531011999999997,0.331407,1.224032663,0.31331700000000007
6447,0.0006540611999999993,0.371608,1.224032663,0.23291499999999976
6448,0.0006550211999999996,0.331407,1.215992462,1.0771359999999999
6449,0.0006559811999999991,0.331407,1.215992462,2.5243719999999996
6450,0.0006569411999999995,0.331407,1.215992462,4.0118089999999995
6451,0.000657901199999999,0.3515075,1.215992462,5.097236
6452,0.0006588611999999994,0.3515075,1.207952261,5.459045
6453,0.0006598211999999997,0.331407,1.224032663,4.815829
6454,0.0006607811999999992,0.331407,1.207952261,3.4891959999999997
6455,0.0006617411999999996,0.331407,1.215992462,2.04196
6456,0.0006627011999999991,0.3515075,1.207952261,0.6751259999999997
6457,0.0006636611999999995,0.331407,1.215992462,0.19271400000000005
6458,0.000664621199999999,0.331407,1.207952261,0.5947239999999998
6459,0.0006655811999999994,0.331407,1.207952261,1.800754
6460,0.0006665411999999997,0.3515075,1.215992462,3.3685929999999997
6461,0.0006675011999999992,0.3515075,1.207952261,4.735427
6462,0.0006684611999999996,0.331407,1.207952261,5.418844
6463,0.0006694211999999991,0.331407,1.215992462,5.097236
6464,0.0006703811999999995,0.331407,1.207952261,3.971608
6465,0.000671341199999999,0.3515075,1.215992462,2.44397
6466,0.0006723011999999993,0.3515075,1.224032663,0.996734
6467,0.0006732611999999997,0.3515075,1.224032663,0.19271400000000005
6468,0.0006742211999999992,0.3515075,1.224032663,0.3535179999999998
6469,0.0006751811999999996,0.3515075,1.215992462,1.23794
6470,0.0006761411999999991,0.371608,1.215992462,2.805779
6471,0.0006771011999999995,0.3113065,1.215992462,4.373618
6472,0.000678061199999999,0.3515075,1.207952261,5.217839
6473,0.0006790211999999993,0.331407,1.215992462,5.338442
6474,0.0006799811999999997,0.3515075,1.215992462,4.655025
6475,0.0006809411999999992,0.331407,1.207952261,3.288191
6476,0.0006819011999999996,0.331407,1.215992462,1.7605529999999998
6477,0.0006828611999999991,0.331407,1.19991206,0.634925
6478,0.0006838211999999995,0.3515075,1.19991206,0.11231199999999975
6479,0.000684781199999999,0.3515075,1.207952261,0.5947239999999998
6480,0.0006857411999999993,0.331407,1.19991206,1.840955
6481,0.0006867011999999997,0.3515075,1.207952261,3.2479899999999997
6482,0.0006876611999999992,0.3515075,1.19991206,4.655025
6483,0.0006886211999999996,0.371608,1.19991206,5.378643
6484,0.0006895811999999991,0.3515075,1.207952261,5.177638
6485,0.0006905411999999994,0.331407,1.215992462,4.172613
6486,0.000691501199999999,0.3515075,1.215992462,2.6449749999999996
6487,0.0006924611999999993,0.3515075,1.215992462,1.1977389999999999
6488,0.0006934211999999997,0.331407,1.207952261,0.2731159999999999
6489,0.0006943811999999992,0.3515075,1.215992462,0.23291499999999976
6490,0.0006953411999999996,0.3515075,1.224032663,1.23794
6491,0.0006963011999999991,0.3515075,1.215992462,2.685176
6492,0.0006972611999999994,0.3515075,1.207952261,4.212814
6493,0.0006982211999999989,0.331407,1.207952261,5.217839
6494,0.0006991811999999993,0.3515075,1.215992462,5.338442
6495,0.0007001411999999997,0.371608,1.215992462,4.494221
6496,0.0007011011999999992,0.3515075,1.19991206,3.0067839999999997
6497,0.0007020611999999996,0.3515075,1.207952261,1.479146
6498,0.0007030211999999991,0.3515075,1.215992462,0.39371899999999993
6499,0.0007039811999999994,0.3515075,1.215992462,0.23291499999999976
6500,0.0007049411999999989,0.3515075,1.215992462,0.9163319999999997
6501,0.0007059011999999993,0.3515075,1.207952261,2.4037689999999996
6502,0.0007068611999999997,0.371608,1.215992462,3.931407
6503,0.0007078211999999992,0.3515075,1.215992462,5.057035
6504,0.0007087811999999995,0.331407,1.207952261,5.418844
6505,0.000709741199999999,0.3515075,1.215992462,4.815829
6506,0.0007107011999999994,0.371608,1.207952261,3.569598
6507,0.0007116611999999989,0.371608,1.19991206,2.122362
6508,0.0007126211999999993,0.3515075,1.215992462,0.7957289999999997
6509,0.0007135811999999997,0.3515075,1.215992462,0.23291499999999976
6510,0.0007145411999999992,0.3515075,1.215992462,0.4339200000000001
6511,0.0007155011999999995,0.331407,1.215992462,1.479146
6512,0.000716461199999999,0.331407,1.224032663,2.8861809999999997
6513,0.0007174211999999994,0.3515075,1.215992462,4.373618
6514,0.0007183811999999998,0.371608,1.215992462,5.258039999999999
6515,0.0007193411999999993,0.371608,1.215992462,5.338442
6516,0.0007203011999999996,0.3515075,1.207952261,4.574623
6517,0.0007212611999999992,0.3515075,1.215992462,3.2479899999999997
6518,0.0007222211999999995,0.3515075,1.215992462,1.680151
6519,0.000723181199999999,0.3515075,1.207952261,0.5545229999999997
6520,0.0007241411999999994,0.331407,1.215992462,0.19271400000000005
6521,0.0007251011999999998,0.3515075,1.215992462,0.6751259999999997
6522,0.0007260611999999993,0.3515075,1.207952261,1.800754
6523,0.0007270211999999996,0.371608,1.207952261,3.408794
6524,0.0007279811999999991,0.3515075,1.207952261,4.655025
6525,0.0007289411999999995,0.3515075,1.19991206,5.378643
6526,0.000729901199999999,0.371608,1.207952261,5.258039999999999
6527,0.0007308611999999994,0.3515075,1.215992462,4.1324119999999995
6528,0.0007318211999999998,0.371608,1.215992462,2.685176
6529,0.0007327811999999993,0.3113065,1.207952261,1.23794
6530,0.0007337411999999996,0.371608,1.207952261,0.31331700000000007
6531,0.0007347011999999991,0.371608,1.207952261,0.2731159999999999
6532,0.0007356611999999995,0.331407,1.215992462,1.0369349999999997
6533,0.000736621199999999,0.3515075,1.215992462,2.44397
6534,0.0007375811999999994,0.3515075,1.215992462,3.971608
6535,0.0007385411999999997,0.371608,1.207952261,5.137437
6536,0.0007395011999999992,0.371608,1.215992462,5.378643
6537,0.0007404611999999996,0.371608,1.215992462,4.735427
6538,0.0007414211999999991,0.371608,1.215992462,3.448995
6539,0.0007423811999999995,0.3515075,1.215992462,1.8811559999999998
6540,0.000743341199999999,0.371608,1.224032663,0.5947239999999998
6541,0.0007443011999999994,0.371608,1.215992462,0.1525129999999999
6542,0.0007452611999999997,0.371608,1.207952261,0.5947239999999998
6543,0.0007462211999999992,0.371608,1.215992462,1.8811559999999998
6544,0.0007471811999999996,0.3515075,1.207952261,3.448995
6545,0.0007481411999999991,0.3917085,1.19991206,4.735427
6546,0.0007491011999999995,0.3917085,1.207952261,5.378643
6547,0.000750061199999999,0.371608,1.207952261,5.137437
6548,0.0007510211999999994,0.3515075,1.207952261,4.05201
6549,0.0007519811999999997,0.3515075,1.215992462,2.564573
6550,0.0007529411999999992,0.3515075,1.19991206,1.117337
6551,0.0007539011999999996,0.371608,1.207952261,0.23291499999999976
6552,0.0007548611999999991,0.3515075,1.207952261,0.31331700000000007
6553,0.0007558211999999995,0.371608,1.207952261,1.1977389999999999
6554,0.000756781199999999,0.3515075,1.207952261,2.5243719999999996
6555,0.0007577411999999993,0.371608,1.19991206,4.05201
6556,0.0007587011999999997,0.371608,1.207952261,5.016834
6557,0.0007596611999999992,0.371608,1.215992462,5.378643
6558,0.0007606211999999996,0.371608,1.207952261,4.85603
6559,0.0007615811999999991,0.371608,1.215992462,3.65
6560,0.0007625411999999995,0.371608,1.215992462,2.202764
6561,0.000763501199999999,0.3515075,1.207952261,0.9565329999999999
6562,0.0007644611999999993,0.371608,1.207952261,0.19271400000000005
6563,0.0007654211999999997,0.331407,1.207952261,0.31331700000000007
6564,0.0007663811999999992,0.3917085,1.19991206,1.1977389999999999
6565,0.0007673411999999996,0.3515075,1.215992462,2.5243719999999996
6566,0.0007683011999999991,0.331407,1.19991206,4.0118089999999995
6567,0.0007692611999999995,0.3917085,1.19991206,5.016834
6568,0.000770221199999999,0.371608,1.19991206,5.378643
6569,0.0007711811999999993,0.371608,1.215992462,4.936432
6570,0.0007721411999999997,0.3515075,1.191871859,3.770603
6571,0.0007731011999999992,0.3515075,1.207952261,2.2831659999999996
6572,0.0007740611999999996,0.3515075,1.19991206,1.0369349999999997
6573,0.0007750211999999991,0.3515075,1.207952261,0.31331700000000007
6574,0.0007759811999999994,0.3917085,1.207952261,0.3535179999999998
6575,0.0007769411999999989,0.3917085,1.207952261,1.1977389999999999
6576,0.0007779011999999993,0.3515075,1.207952261,2.604774
6577,0.0007788611999999997,0.371608,1.207952261,4.05201
6578,0.0007798211999999992,0.3917085,1.207952261,5.097236
6579,0.0007807811999999996,0.3917085,1.19991206,5.418844
6580,0.0007817411999999991,0.3917085,1.207952261,4.775628
6581,0.0007827011999999994,0.371608,1.19991206,3.4891959999999997
6582,0.0007836611999999989,0.371608,1.207952261,1.961558
6583,0.0007846211999999993,0.371608,1.215992462,0.6751259999999997
6584,0.0007855811999999997,0.371608,1.207952261,0.19271400000000005
6585,0.0007865411999999992,0.371608,1.207952261,0.5545229999999997
6586,0.0007875011999999995,0.3515075,1.207952261,1.800754
6587,0.000788461199999999,0.371608,1.207952261,3.3685929999999997
6588,0.0007894211999999994,0.3515075,1.215992462,4.655025
6589,0.0007903811999999989,0.3515075,1.207952261,5.378643
6590,0.0007913411999999993,0.371608,1.19991206,5.097236
6591,0.0007923011999999997,0.371608,1.19991206,3.971608
6592,0.0007932611999999992,0.3515075,1.207952261,2.484171
6593,0.0007942211999999995,0.371608,1.191871859,1.0369349999999997
6594,0.000795181199999999,0.371608,1.19991206,0.19271400000000005
6595,0.0007961411999999994,0.371608,1.19991206,0.3535179999999998
6596,0.0007971011999999989,0.371608,1.207952261,1.318342
6597,0.0007980611999999993,0.371608,1.207952261,2.8861809999999997
6598,0.0007990211999999997,0.371608,1.19991206,4.333417
6599,0.0007999811999999992,0.371608,1.207952261,5.217839
6600,0.0008009411999999995,0.3917085,1.207952261,5.298241
6601,0.000801901199999999,0.371608,1.207952261,4.373618
6602,0.0008028611999999994,0.3515075,1.207952261,2.8861809999999997
6603,0.0008038211999999998,0.3917085,1.19991206,1.358543
6604,0.0008047811999999993,0.371608,1.207952261,0.39371899999999993
6605,0.0008057411999999996,0.371608,1.207952261,0.23291499999999976
6606,0.0008067011999999991,0.371608,1.215992462,1.0369349999999997
6607,0.0008076611999999995,0.3515075,1.215992462,2.363568
6608,0.000808621199999999,0.3917085,1.215992462,3.851005
6609,0.0008095811999999994,0.411809,1.207952261,5.016834
6610,0.0008105411999999998,0.3917085,1.207952261,5.378643
6611,0.0008115011999999993,0.3917085,1.19991206,4.896231
6612,0.0008124611999999996,0.411809,1.19991206,3.7304019999999998
6613,0.0008134211999999991,0.371608,1.19991206,2.202764
6614,0.0008143811999999995,0.3917085,1.19991206,0.876131
6615,0.000815341199999999,0.3917085,1.19991206,0.19271400000000005
6616,0.0008163011999999994,0.3917085,1.19991206,0.3535179999999998
6617,0.0008172611999999998,0.3515075,1.191871859,1.3987439999999998
6618,0.0008182211999999993,0.371608,1.191871859,2.805779
6619,0.0008191811999999996,0.371608,1.191871859,4.2530149999999995
6620,0.0008201411999999991,0.371608,1.207952261,5.177638
6621,0.0008211011999999995,0.3917085,1.207952261,5.338442
6622,0.000822061199999999,0.3917085,1.191871859,4.614824
6623,0.0008230211999999994,0.371608,1.19991206,3.2479899999999997
6624,0.0008239811999999997,0.371608,1.191871859,1.7605529999999998
6625,0.0008249411999999992,0.371608,1.207952261,0.514322
6626,0.0008259011999999996,0.3515075,1.19991206,0.19271400000000005
6627,0.0008268611999999991,0.371608,1.215992462,0.6751259999999997
6628,0.0008278211999999995,0.371608,1.19991206,1.8811559999999998
6629,0.000828781199999999,0.371608,1.19991206,3.529397
6630,0.0008297411999999994,0.371608,1.19991206,4.85603
6631,0.0008307011999999997,0.3917085,1.19991206,5.378643
6632,0.0008316611999999992,0.411809,1.215992462,5.016834
6633,0.0008326211999999996,0.371608,1.207952261,3.7304019999999998
6634,0.0008335811999999991,0.3917085,1.207952261,2.04196
6635,0.0008345411999999995,0.371608,1.207952261,0.755528
6636,0.000835501199999999,0.3917085,1.207952261,0.19271400000000005
6637,0.0008364611999999993,0.3917085,1.191871859,0.5545229999999997
6638,0.0008374211999999997,0.411809,1.191871859,1.7203519999999999
6639,0.0008383811999999992,0.3917085,1.191871859,3.288191
6640,0.0008393411999999996,0.3917085,1.207952261,4.735427
6641,0.0008403011999999991,0.371608,1.19991206,5.378643
6642,0.0008412611999999995,0.3917085,1.19991206,5.016834
6643,0.000842221199999999,0.3917085,1.19991206,3.851005
6644,0.0008431811999999993,0.3917085,1.19991206,2.242965
6645,0.0008441411999999997,0.411809,1.19991206,0.9565329999999999
6646,0.0008451011999999992,0.411809,1.19991206,0.1525129999999999
6647,0.0008460611999999996,0.411809,1.207952261,0.4339200000000001
6648,0.0008470211999999991,0.3917085,1.19991206,1.559548
6649,0.0008479811999999995,0.3917085,1.19991206,3.1273869999999997
6650,0.000848941199999999,0.3917085,1.19991206,4.574623
6651,0.0008499011999999993,0.371608,1.19991206,5.258039999999999
6652,0.0008508611999999997,0.371608,1.19991206,5.137437
6653,0.0008518211999999992,0.3917085,1.207952261,4.05201
6654,0.0008527811999999996,0.371608,1.207952261,2.5243719999999996
6655,0.0008537411999999991,0.371608,1.207952261,1.0771359999999999
6656,0.0008547011999999994,0.371608,1.19991206,0.2731159999999999
6657,0.000855661199999999,0.3917085,1.19991206,0.3535179999999998
6658,0.0008566211999999993,0.3917085,1.191871859,1.438945
6659,0.0008575811999999997,0.3917085,1.191871859,2.926382
6660,0.0008585411999999992,0.3917085,1.191871859,4.45402
6661,0.0008595011999999996,0.3917085,1.191871859,5.338442
6662,0.0008604611999999991,0.411809,1.1838316580000001,5.177638
6663,0.0008614211999999994,0.3917085,1.1838316580000001,4.212814
6664,0.0008623811999999989,0.3917085,1.191871859,2.604774
6665,0.0008633411999999993,0.411809,1.19991206,1.1575379999999997
6666,0.0008643011999999997,0.411809,1.191871859,0.2731159999999999
6667,0.0008652611999999992,0.3917085,1.19991206,0.2731159999999999
6668,0.0008662211999999996,0.411809,1.19991206,1.318342
6669,0.0008671811999999991,0.371608,1.207952261,2.7655779999999996
6670,0.0008681411999999994,0.3917085,1.207952261,4.2530149999999995
6671,0.0008691011999999989,0.3917085,1.207952261,5.217839
6672,0.0008700611999999993,0.3917085,1.19991206,5.338442
6673,0.0008710211999999997,0.3917085,1.191871859,4.494221
6674,0.0008719811999999992,0.411809,1.19991206,3.046985
6675,0.0008729411999999995,0.411809,1.215992462,1.559548
6676,0.000873901199999999,0.3917085,1.207952261,0.4741209999999998
6677,0.0008748611999999994,0.3917085,1.207952261,0.1525129999999999
6678,0.0008758211999999989,0.411809,1.19991206,0.8359299999999998
6679,0.0008767811999999993,0.411809,1.19991206,2.122362
6680,0.0008777411999999997,0.3917085,1.191871859,3.6097989999999998
6681,0.0008787011999999992,0.411809,1.19991206,4.936432
6682,0.0008796611999999995,0.411809,1.19991206,5.338442
6683,0.000880621199999999,0.3917085,1.19991206,4.976633
6684,0.0008815811999999994,0.411809,1.191871859,3.7304019999999998
6685,0.0008825411999999989,0.371608,1.1838316580000001,2.202764
6686,0.0008835011999999993,0.371608,1.19991206,0.8359299999999998
6687,0.0008844611999999996,0.3917085,1.191871859,0.19271400000000005
6688,0.0008854211999999992,0.3917085,1.19991206,0.514322
6689,0.0008863811999999995,0.371608,1.191871859,1.599749
6690,0.000887341199999999,0.411809,1.19991206,3.207789
6691,0.0008883011999999994,0.411809,1.207952261,4.614824
6692,0.0008892611999999998,0.411809,1.19991206,5.338442
6693,0.0008902211999999993,0.3917085,1.19991206,5.097236
6694,0.0008911811999999996,0.3917085,1.19991206,3.971608
6695,0.0008921411999999991,0.3917085,1.19991206,2.323367
6696,0.0008931011999999995,0.3917085,1.207952261,0.9565329999999999
6697,0.000894061199999999,0.3917085,1.215992462,0.19271400000000005
6698,0.0008950211999999994,0.411809,1.207952261,0.39371899999999993
6699,0.0008959811999999998,0.3917085,1.191871859,1.5193469999999998
6700,0.0008969411999999993,0.411809,1.191871859,3.087186
6701,0.0008979011999999996,0.411809,1.191871859,4.45402
6702,0.0008988611999999991,0.411809,1.19991206,5.378643
6703,0.0008998211999999995,0.3917085,1.191871859,5.177638
6704,0.000900781199999999,0.411809,1.19991206,4.1324119999999995
6705,0.0009017411999999994,0.411809,1.191871859,2.6449749999999996
6706,0.0009027011999999997,0.411809,1.19991206,1.117337
6707,0.0009036611999999992,0.4319095,1.191871859,0.23291499999999976
6708,0.0009046211999999996,0.411809,1.175791457,0.31331700000000007
6709,0.0009055811999999991,0.3917085,1.1838316580000001,1.1977389999999999
6710,0.0009065411999999995,0.3917085,1.191871859,2.7655779999999996
6711,0.000907501199999999,0.3917085,1.1838316580000001,4.2530149999999995
6712,0.0009084611999999994,0.411809,1.19991206,5.137437
6713,0.0009094211999999997,0.3917085,1.19991206,5.258039999999999
6714,0.0009103811999999992,0.411809,1.19991206,4.494221
6715,0.0009113411999999996,0.3917085,1.207952261,2.926382
6716,0.0009123011999999991,0.411809,1.191871859,1.5193469999999998
6717,0.0009132611999999995,0.411809,1.19991206,0.39371899999999993
6718,0.000914221199999999,0.3917085,1.207952261,0.19271400000000005
6719,0.0009151811999999994,0.3917085,1.191871859,0.9163319999999997
6720,0.0009161411999999997,0.3917085,1.19991206,2.323367
6721,0.0009171011999999992,0.411809,1.191871859,3.7304019999999998
6722,0.0009180611999999996,0.411809,1.19991206,4.936432
6723,0.0009190211999999991,0.411809,1.191871859,5.418844
6724,0.0009199811999999995,0.3917085,1.19991206,4.896231
6725,0.000920941199999999,0.411809,1.191871859,3.65
6726,0.0009219011999999993,0.411809,1.191871859,2.1625629999999996
6727,0.0009228611999999997,0.411809,1.19991206,0.7957289999999997
6728,0.0009238211999999992,0.3917085,1.191871859,0.19271400000000005
6729,0.0009247811999999996,0.3917085,1.191871859,0.4339200000000001
6730,0.0009257411999999991,0.411809,1.19991206,1.438945
6731,0.0009267011999999995,0.411809,1.191871859,2.926382
6732,0.000927661199999999,0.3917085,1.191871859,4.293216
6733,0.0009286211999999993,0.411809,1.191871859,5.258039999999999
6734,0.0009295811999999997,0.4319095,1.19991206,5.298241
6735,0.0009305411999999992,0.411809,1.191871859,4.45402
6736,0.0009315011999999996,0.4319095,1.191871859,3.167588
6737,0.0009324611999999991,0.411809,1.191871859,1.7605529999999998
6738,0.0009334211999999995,0.411809,1.19991206,0.5545229999999997
6739,0.000934381199999999,0.3917085,1.19991206,0.19271400000000005
6740,0.0009353411999999993,0.411809,1.19991206,0.6751259999999997
6741,0.0009363011999999997,0.411809,1.19991206,1.840955
6742,0.0009372611999999992,0.3917085,1.191871859,3.448995
6743,0.0009382211999999996,0.3917085,1.19991206,4.735427
6744,0.0009391811999999991,0.4319095,1.191871859,5.378643
6745,0.0009401411999999994,0.411809,1.19991206,4.976633
6746,0.0009411011999999989,0.411809,1.19991206,3.770603
6747,0.0009420611999999993,0.3917085,1.19991206,2.242965
6748,0.0009430211999999997,0.411809,1.191871859,0.876131
6749,0.0009439811999999992,0.411809,1.191871859,0.2731159999999999
6750,0.0009449411999999996,0.411809,1.191871859,0.514322
6751,0.0009459011999999991,0.3917085,1.191871859,1.7605529999999998
6752,0.0009468611999999994,0.411809,1.191871859,3.408794
6753,0.0009478211999999989,0.4319095,1.1838316580000001,4.695226
6754,0.0009487811999999993,0.3917085,1.191871859,5.418844
6755,0.0009497411999999997,0.411809,1.175791457,4.936432
6756,0.0009507011999999992,0.411809,1.191871859,3.7304019999999998
6757,0.0009516611999999995,0.411809,1.1838316580000001,2.082161
6758,0.000952621199999999,0.411809,1.191871859,0.7153269999999998
6759,0.0009535811999999994,0.4319095,1.191871859,0.19271400000000005
6760,0.0009545411999999989,0.3917085,1.191871859,0.5947239999999998
6761,0.0009555011999999993,0.411809,1.19991206,1.8811559999999998
6762,0.0009564611999999997,0.4319095,1.19991206,3.6097989999999998
6763,0.0009574211999999992,0.3917085,1.19991206,4.85603
6764,0.0009583811999999995,0.4319095,1.19991206,5.338442
6765,0.000959341199999999,0.411809,1.19991206,4.896231
6766,0.0009603011999999994,0.4319095,1.19991206,3.569598
6767,0.0009612611999999989,0.4319095,1.191871859,1.840955
6768,0.0009622211999999993,0.411809,1.191871859,0.7153269999999998
6769,0.0009631811999999997,0.411809,1.19991206,0.19271400000000005
6770,0.0009641411999999992,0.411809,1.191871859,0.634925
6771,0.0009651011999999995,0.4319095,1.191871859,1.8811559999999998
6772,0.000966061199999999,0.4319095,1.191871859,3.328392
6773,0.0009670211999999994,0.3917085,1.191871859,4.695226
6774,0.0009679811999999989,0.411809,1.191871859,5.338442
6775,0.0009689411999999993,0.411809,1.19991206,5.016834
6776,0.0009699011999999996,0.411809,1.175791457,4.05201
6777,0.0009708611999999991,0.4319095,1.1838316580000001,2.44397
6778,0.0009718211999999995,0.45200999999999997,1.191871859,1.1575379999999997
6779,0.000972781199999999,0.4319095,1.1838316580000001,0.2731159999999999
6780,0.0009737411999999994,0.411809,1.1838316580000001,0.2731159999999999
6781,0.0009747011999999989,0.411809,1.19991206,1.0771359999999999
6782,0.0009756611999999993,0.411809,1.191871859,2.44397
6783,0.0009766211999999996,0.411809,1.191871859,3.971608
6784,0.0009775811999999991,0.4319095,1.191871859,5.016834
6785,0.0009785411999999995,0.411809,1.19991206,5.298241
6786,0.000979501199999999,0.411809,1.191871859,4.775628
6787,0.0009804611999999994,0.411809,1.191871859,3.6097989999999998
6788,0.0009814211999999998,0.411809,1.19991206,2.001759
6789,0.0009823811999999993,0.4319095,1.19991206,0.7153269999999998
6790,0.0009833411999999996,0.411809,1.19991206,0.1525129999999999
6791,0.0009843011999999991,0.411809,1.1838316580000001,0.4741209999999998
6792,0.0009852611999999995,0.4319095,1.19991206,1.7203519999999999
6793,0.000986221199999999,0.411809,1.191871859,3.2479899999999997
6794,0.0009871811999999994,0.411809,1.19991206,4.614824
6795,0.0009881411999999997,0.411809,1.19991206,5.378643
6796,0.0009891011999999992,0.4319095,1.19991206,5.057035
6797,0.0009900611999999996,0.411809,1.1838316580000001,3.810804
6798,0.0009910211999999991,0.411809,1.191871859,2.202764
6799,0.0009919811999999995,0.4319095,1.175791457,0.7957289999999997
6800,0.000992941199999999,0.4319095,1.191871859,0.19271400000000005
6801,0.0009939011999999994,0.411809,1.191871859,0.514322
6802,0.0009948611999999997,0.4319095,1.1838316580000001,1.7203519999999999
6803,0.0009958211999999992,0.4319095,1.1838316580000001,3.408794
6804,0.0009967811999999996,0.4319095,1.191871859,4.815829
6805,0.000997741199999999,0.411809,1.191871859,5.378643
6806,0.0009987011999999995,0.4319095,1.191871859,4.815829
6807,0.000999661199999999,0.4319095,1.19991206,3.6097989999999998
6808,0.0010006211999999994,0.4319095,1.19991206,1.8811559999999998
6809,0.0010015811999999997,0.4319095,1.191871859,0.5947239999999998
6810,0.0010025411999999992,0.411809,1.19991206,0.19271400000000005
6811,0.0010035011999999996,0.4319095,1.19991206,0.7153269999999998
6812,0.001004461199999999,0.411809,1.191871859,2.04196
6813,0.0010054211999999995,0.411809,1.191871859,3.65
6814,0.001006381199999999,0.411809,1.1838316580000001,4.85603
6815,0.0010073411999999993,0.45200999999999997,1.1838316580000001,5.338442
6816,0.0010083011999999997,0.411809,1.191871859,4.815829
6817,0.0010092611999999992,0.4319095,1.175791457,3.529397
6818,0.0010102211999999996,0.411809,1.191871859,1.921357
6819,0.001011181199999999,0.411809,1.191871859,0.634925
6820,0.0010121411999999995,0.411809,1.1838316580000001,0.1525129999999999
6821,0.001013101199999999,0.411809,1.191871859,0.634925
6822,0.0010140611999999993,0.411809,1.191871859,1.840955
6823,0.0010150211999999997,0.411809,1.1838316580000001,3.4891959999999997
6824,0.0010159811999999992,0.4319095,1.1838316580000001,4.775628
6825,0.0010169411999999996,0.4319095,1.1838316580000001,5.298241
6826,0.001017901199999999,0.4319095,1.175791457,4.976633
6827,0.0010188611999999994,0.4319095,1.191871859,3.810804
6828,0.001019821199999999,0.4319095,1.191871859,2.2831659999999996
6829,0.0010207811999999993,0.4319095,1.191871859,0.9163319999999997
6830,0.0010217411999999997,0.411809,1.191871859,0.19271400000000005
6831,0.0010227011999999992,0.45200999999999997,1.19991206,0.39371899999999993
6832,0.0010236611999999996,0.4319095,1.19991206,1.438945
6833,0.001024621199999999,0.4319095,1.191871859,2.8861809999999997
6834,0.0010255811999999994,0.4319095,1.19991206,4.293216
6835,0.001026541199999999,0.4319095,1.191871859,5.177638
6836,0.0010275011999999993,0.4319095,1.191871859,5.177638
6837,0.0010284611999999997,0.4319095,1.1838316580000001,4.494221
6838,0.0010294211999999992,0.4319095,1.1838316580000001,3.046985
6839,0.0010303811999999996,0.4319095,1.1838316580000001,1.599749
6840,0.001031341199999999,0.4319095,1.1838316580000001,0.4741209999999998
6841,0.0010323011999999994,0.4319095,1.191871859,0.1525129999999999
6842,0.001033261199999999,0.4319095,1.191871859,0.7957289999999997
6843,0.0010342211999999993,0.411809,1.1838316580000001,2.082161
6844,0.0010351811999999997,0.4319095,1.1838316580000001,3.6097989999999998
6845,0.0010361411999999992,0.45200999999999997,1.191871859,4.815829
6846,0.0010371011999999995,0.4319095,1.1838316580000001,5.338442
6847,0.001038061199999999,0.411809,1.1838316580000001,4.85603
6848,0.0010390211999999994,0.45200999999999997,1.191871859,3.6097989999999998
6849,0.001039981199999999,0.4319095,1.1838316580000001,2.04196
6850,0.0010409411999999993,0.45200999999999997,1.191871859,0.7153269999999998
6851,0.0010419011999999997,0.4319095,1.1838316580000001,0.23291499999999976
6852,0.0010428611999999992,0.45200999999999997,1.191871859,0.5545229999999997
6853,0.0010438211999999995,0.4319095,1.191871859,1.800754
6854,0.001044781199999999,0.4319095,1.191871859,3.3685929999999997
6855,0.0010457411999999994,0.45200999999999997,1.19991206,4.735427
6856,0.001046701199999999,0.411809,1.191871859,5.338442
6857,0.0010476611999999993,0.4319095,1.175791457,4.896231
6858,0.0010486211999999996,0.4319095,1.1838316580000001,3.770603
6859,0.0010495811999999992,0.45200999999999997,1.191871859,2.122362
6860,0.0010505411999999995,0.4319095,1.1838316580000001,0.755528
6861,0.001051501199999999,0.45200999999999997,1.191871859,0.1525129999999999
6862,0.0010524611999999994,0.4319095,1.175791457,0.5545229999999997
6863,0.001053421199999999,0.4319095,1.175791457,1.8811559999999998
6864,0.0010543811999999993,0.3917085,1.191871859,3.408794
6865,0.0010553411999999996,0.45200999999999997,1.175791457,4.735427
6866,0.0010563011999999991,0.45200999999999997,1.1838316580000001,5.338442
6867,0.0010572611999999995,0.411809,1.191871859,4.976633
6868,0.001058221199999999,0.411809,1.1838316580000001,3.810804
6869,0.0010591811999999994,0.45200999999999997,1.1838316580000001,2.242965
6870,0.0010601411999999989,0.4319095,1.1838316580000001,0.9163319999999997
6871,0.0010611011999999993,0.4319095,1.191871859,0.1525129999999999
6872,0.0010620611999999996,0.411809,1.191871859,0.39371899999999993
6873,0.0010630211999999991,0.4319095,1.1838316580000001,1.5193469999999998
6874,0.0010639811999999995,0.4319095,1.1838316580000001,3.046985
6875,0.001064941199999999,0.4721105,1.191871859,4.494221
6876,0.0010659011999999994,0.45200999999999997,1.191871859,5.258039999999999
6877,0.0010668611999999997,0.45200999999999997,1.207952261,5.137437
6878,0.0010678211999999992,0.4319095,1.191871859,4.172613
6879,0.0010687811999999996,0.4721105,1.1838316580000001,2.685176
6880,0.0010697411999999991,0.45200999999999997,1.1838316580000001,1.1977389999999999
6881,0.0010707011999999995,0.45200999999999997,1.1838316580000001,0.31331700000000007
6882,0.001071661199999999,0.4721105,1.1838316580000001,0.23291499999999976
6883,0.0010726211999999994,0.45200999999999997,1.191871859,1.117337
6884,0.0010735811999999997,0.4319095,1.191871859,2.685176
6885,0.0010745411999999992,0.411809,1.1838316580000001,4.212814
6886,0.0010755011999999996,0.45200999999999997,1.1838316580000001,5.137437
6887,0.0010764611999999991,0.4319095,1.1838316580000001,5.258039999999999
6888,0.0010774211999999995,0.4319095,1.191871859,4.413819
6889,0.001078381199999999,0.45200999999999997,1.1838316580000001,2.8861809999999997
6890,0.0010793411999999994,0.45200999999999997,1.1838316580000001,1.358543
6891,0.0010803011999999997,0.45200999999999997,1.175791457,0.3535179999999998
6892,0.0010812611999999992,0.4319095,1.1838316580000001,0.2731159999999999
6893,0.0010822211999999996,0.45200999999999997,1.1838316580000001,1.0771359999999999
6894,0.001083181199999999,0.411809,1.1838316580000001,2.604774
6895,0.0010841411999999995,0.45200999999999997,1.191871859,4.05201
6896,0.001085101199999999,0.411809,1.1838316580000001,5.097236
6897,0.0010860611999999993,0.45200999999999997,1.191871859,5.298241
6898,0.0010870211999999997,0.4721105,1.191871859,4.45402
6899,0.0010879811999999992,0.45200999999999997,1.191871859,3.046985
6900,0.0010889411999999996,0.411809,1.1838316580000001,1.438945
6901,0.001089901199999999,0.45200999999999997,1.19991206,0.4339200000000001
6902,0.0010908611999999995,0.45200999999999997,1.1838316580000001,0.23291499999999976
6903,0.001091821199999999,0.4319095,1.191871859,0.996734
6904,0.0010927811999999993,0.45200999999999997,1.1838316580000001,2.323367
6905,0.0010937411999999997,0.45200999999999997,1.1838316580000001,3.891206
6906,0.0010947011999999992,0.4319095,1.1838316580000001,5.057035
6907,0.0010956611999999996,0.4319095,1.175791457,5.258039999999999
6908,0.001096621199999999,0.4721105,1.1838316580000001,4.614824
6909,0.0010975811999999995,0.45200999999999997,1.175791457,3.288191
6910,0.001098541199999999,0.45200999999999997,1.167751256,1.680151
6911,0.0010995011999999993,0.45200999999999997,1.191871859,0.514322
6912,0.0011004611999999997,0.4721105,1.19991206,0.19271400000000005
6913,0.0011014211999999992,0.4319095,1.1838316580000001,0.7957289999999997
6914,0.0011023811999999996,0.45200999999999997,1.1838316580000001,2.242965
6915,0.001103341199999999,0.4721105,1.191871859,3.851005
6916,0.0011043011999999994,0.4319095,1.1838316580000001,5.137437
6917,0.001105261199999999,0.45200999999999997,1.175791457,5.258039999999999
6918,0.0011062211999999993,0.4721105,1.1838316580000001,4.574623
6919,0.0011071811999999997,0.4721105,1.191871859,3.087186
6920,0.0011081411999999992,0.45200999999999997,1.191871859,1.438945
6921,0.0011091011999999996,0.45200999999999997,1.1838316580000001,0.3535179999999998
6922,0.001110061199999999,0.45200999999999997,1.191871859,0.2731159999999999
6923,0.0011110211999999994,0.45200999999999997,1.1838316580000001,1.1977389999999999
6924,0.001111981199999999,0.4721105,1.191871859,2.7655779999999996
6925,0.0011129411999999993,0.45200999999999997,1.191871859,4.333417
6926,0.0011139011999999997,0.45200999999999997,1.1838316580000001,5.258039999999999
6927,0.0011148611999999992,0.45200999999999997,1.1838316580000001,5.097236
6928,0.0011158211999999995,0.4319095,1.1838316580000001,3.971608
6929,0.001116781199999999,0.4721105,1.1838316580000001,2.484171
6930,0.0011177411999999994,0.45200999999999997,1.175791457,0.9565329999999999
6931,0.001118701199999999,0.45200999999999997,1.1838316580000001,0.19271400000000005
6932,0.0011196611999999993,0.5123115,1.175791457,0.514322
6933,0.0011206211999999997,0.45200999999999997,1.1838316580000001,1.680151
6934,0.0011215811999999992,0.45200999999999997,1.1838316580000001,3.328392
6935,0.0011225411999999995,0.45200999999999997,1.191871859,4.655025
6936,0.001123501199999999,0.45200999999999997,1.1838316580000001,5.338442
6937,0.0011244611999999994,0.4721105,1.1838316580000001,5.016834
6938,0.001125421199999999,0.45200999999999997,1.191871859,3.690201
6939,0.0011263811999999993,0.4721105,1.175791457,2.082161
6940,0.0011273411999999997,0.4319095,1.1838316580000001,0.7153269999999998
6941,0.0011283011999999992,0.45200999999999997,1.1838316580000001,0.19271400000000005
6942,0.0011292611999999995,0.4721105,1.1838316580000001,0.514322
6943,0.001130221199999999,0.4721105,1.1838316580000001,1.599749
6944,0.0011311811999999994,0.4721105,1.1838316580000001,3.207789
6945,0.001132141199999999,0.4721105,1.175791457,4.494221
6946,0.0011331011999999993,0.45200999999999997,1.191871859,5.298241
6947,0.0011340611999999996,0.45200999999999997,1.191871859,5.177638
6948,0.0011350211999999991,0.4721105,1.1838316580000001,4.172613
6949,0.0011359811999999995,0.4721105,1.175791457,2.6449749999999996
6950,0.001136941199999999,0.4721105,1.1838316580000001,1.23794
6951,0.0011379011999999994,0.4721105,1.1838316580000001,0.39371899999999993
6952,0.001138861199999999,0.45200999999999997,1.175791457,0.23291499999999976
6953,0.0011398211999999993,0.45200999999999997,1.1838316580000001,1.0369349999999997
6954,0.0011407811999999996,0.45200999999999997,1.1838316580000001,2.363568
6955,0.0011417411999999991,0.45200999999999997,1.191871859,3.770603
6956,0.0011427011999999995,0.45200999999999997,1.175791457,4.976633
6957,0.001143661199999999,0.45200999999999997,1.1838316580000001,5.298241
6958,0.0011446211999999994,0.45200999999999997,1.1838316580000001,4.775628
6959,0.0011455811999999989,0.45200999999999997,1.191871859,3.448995
6960,0.0011465411999999993,0.492211,1.191871859,1.8811559999999998
6961,0.0011475011999999996,0.45200999999999997,1.1838316580000001,0.6751259999999997
6962,0.0011484611999999991,0.4721105,1.1838316580000001,0.1525129999999999
6963,0.0011494211999999995,0.4721105,1.1838316580000001,0.634925
6964,0.001150381199999999,0.45200999999999997,1.191871859,1.961558
6965,0.0011513411999999994,0.4721105,1.1838316580000001,3.569598
6966,0.0011523011999999997,0.4721105,1.1838316580000001,4.775628
6967,0.0011532611999999992,0.5123115,1.175791457,5.298241
6968,0.0011542211999999996,0.4721105,1.191871859,4.815829
6969,0.0011551811999999991,0.4721105,1.1838316580000001,3.448995
6970,0.0011561411999999995,0.45200999999999997,1.175791457,1.8811559999999998
6971,0.001157101199999999,0.492211,1.175791457,0.5947239999999998
6972,0.0011580611999999994,0.4721105,1.175791457,0.23291499999999976
6973,0.0011590211999999997,0.45200999999999997,1.1838316580000001,0.8359299999999998
6974,0.0011599811999999992,0.45200999999999997,1.175791457,2.242965
6975,0.0011609411999999996,0.4721105,1.175791457,3.931407
6976,0.001161901199999999,0.4721105,1.175791457,5.016834
6977,0.0011628611999999995,0.45200999999999997,1.175791457,5.258039999999999
6978,0.001163821199999999,0.4721105,1.175791457,4.373618
6979,0.0011647811999999994,0.4721105,1.175791457,2.84598
6980,0.0011657411999999997,0.45200999999999997,1.1838316580000001,1.2781409999999997
6981,0.0011667011999999992,0.45200999999999997,1.191871859,0.2731159999999999
6982,0.0011676611999999996,0.4319095,1.191871859,0.31331700000000007
6983,0.001168621199999999,0.4721105,1.1838316580000001,1.23794
6984,0.0011695811999999995,0.45200999999999997,1.175791457,2.805779
6985,0.001170541199999999,0.45200999999999997,1.1838316580000001,4.2530149999999995
6986,0.0011715011999999993,0.492211,1.175791457,5.177638
6987,0.0011724611999999997,0.492211,1.175791457,5.217839
6988,0.0011734211999999992,0.492211,1.175791457,4.2530149999999995
6989,0.0011743811999999996,0.4721105,1.175791457,2.8861809999999997
6990,0.001175341199999999,0.4721105,1.175791457,1.3987439999999998
6991,0.0011763011999999995,0.45200999999999997,1.175791457,0.39371899999999993
6992,0.001177261199999999,0.4319095,1.1838316580000001,0.23291499999999976
6993,0.0011782211999999993,0.45200999999999997,1.1838316580000001,0.996734
6994,0.0011791811999999997,0.4721105,1.167751256,2.323367
6995,0.0011801411999999992,0.4721105,1.175791457,3.891206
6996,0.0011811011999999996,0.492211,1.175791457,4.896231
6997,0.001182061199999999,0.4721105,1.159711055,5.298241
6998,0.0011830211999999994,0.492211,1.1838316580000001,4.85603
6999,0.001183981199999999,0.4721105,1.175791457,3.770603
7000,0.0011849411999999993,0.4721105,1.175791457,2.323367
7001,0.0011859011999999997,0.492211,1.175791457,1.0369349999999997
7002,0.0011868611999999992,0.4721105,1.175791457,0.2731159999999999
7003,0.0011878211999999996,0.492211,1.1838316580000001,0.31331700000000007
7004,0.001188781199999999,0.492211,1.1838316580000001,1.117337
7005,0.0011897411999999994,0.4721105,1.167751256,2.363568
7006,0.001190701199999999,0.4721105,1.191871859,3.851005
7007,0.0011916611999999993,0.492211,1.191871859,4.976633
7008,0.0011926211999999997,0.4721105,1.1838316580000001,5.298241
7009,0.0011935811999999992,0.45200999999999997,1.1838316580000001,4.85603
7010,0.0011945411999999996,0.4721105,1.1838316580000001,3.65
7011,0.001195501199999999,0.492211,1.175791457,2.202764
7012,0.0011964611999999994,0.4721105,1.1838316580000001,0.9565329999999999
7013,0.001197421199999999,0.4721105,1.1838316580000001,0.19271400000000005
7014,0.0011983811999999993,0.4721105,1.1838316580000001,0.39371899999999993
7015,0.0011993411999999997,0.45200999999999997,1.175791457,1.5193469999999998
7016,0.0012003011999999992,0.492211,1.1838316580000001,3.087186
7017,0.0012012611999999995,0.4721105,1.175791457,4.534422
7018,0.001202221199999999,0.4721105,1.167751256,5.258039999999999
7019,0.0012031811999999994,0.4721105,1.167751256,4.976633
7020,0.001204141199999999,0.492211,1.167751256,3.891206
7021,0.0012051011999999993,0.45200999999999997,1.167751256,2.242965
7022,0.0012060611999999997,0.45200999999999997,1.1838316580000001,0.7957289999999997
7023,0.0012070211999999992,0.4721105,1.175791457,0.19271400000000005
7024,0.0012079811999999995,0.4721105,1.1838316580000001,0.6751259999999997
7025,0.001208941199999999,0.4721105,1.175791457,1.961558
7026,0.0012099011999999994,0.4721105,1.1838316580000001,3.6097989999999998
7027,0.001210861199999999,0.4721105,1.175791457,4.936432
7028,0.0012118211999999993,0.4721105,1.175791457,5.338442
7029,0.0012127811999999996,0.4721105,1.175791457,4.614824
7030,0.0012137411999999992,0.4721105,1.175791457,3.167588
7031,0.0012147011999999995,0.45200999999999997,1.1838316580000001,1.479146
7032,0.001215661199999999,0.45200999999999997,1.1838316580000001,0.39371899999999993
7033,0.0012166211999999994,0.4721105,1.167751256,0.19271400000000005
7034,0.001217581199999999,0.5123115,1.175791457,0.996734
7035,0.0012185411999999993,0.5123115,1.1838316580000001,2.5243719999999996
7036,0.0012195011999999996,0.492211,1.175791457,3.971608
7037,0.0012204611999999991,0.492211,1.1838316580000001,5.057035
7038,0.0012214211999999995,0.4721105,1.175791457,5.258039999999999
7039,0.001222381199999999,0.4721105,1.167751256,4.534422
7040,0.0012233411999999994,0.492211,1.175791457,3.167588
7041,0.0012243011999999989,0.4721105,1.175791457,1.680151
7042,0.0012252611999999993,0.492211,1.167751256,0.514322
7043,0.0012262211999999996,0.492211,1.175791457,0.19271400000000005
7044,0.0012271811999999991,0.5123115,1.175791457,0.6751259999999997
7045,0.0012281411999999995,0.492211,1.175791457,1.840955
7046,0.001229101199999999,0.45200999999999997,1.175791457,3.3685929999999997
7047,0.0012300611999999994,0.5123115,1.175791457,4.614824
7048,0.0012310211999999989,0.4721105,1.1838316580000001,5.217839
7049,0.0012319811999999992,0.4721105,1.175791457,5.097236
7050,0.0012329411999999996,0.492211,1.1838316580000001,4.172613
7051,0.0012339011999999991,0.492211,1.1838316580000001,2.6449749999999996
7052,0.0012348611999999995,0.4721105,1.1838316580000001,1.318342
7053,0.001235821199999999,0.492211,1.1838316580000001,0.3535179999999998
7054,0.0012367811999999994,0.4721105,1.1838316580000001,0.19271400000000005
7055,0.0012377411999999997,0.45200999999999997,1.1838316580000001,0.9163319999999997
7056,0.0012387011999999992,0.492211,1.1838316580000001,2.323367
7057,0.0012396611999999996,0.4721105,1.175791457,3.851005
7058,0.0012406211999999991,0.492211,1.1838316580000001,4.936432
7059,0.0012415811999999995,0.5123115,1.1838316580000001,5.338442
7060,0.001242541199999999,0.492211,1.175791457,4.695226
7061,0.0012435011999999994,0.492211,1.1838316580000001,3.529397
7062,0.0012444611999999997,0.5123115,1.175791457,2.04196
7063,0.0012454211999999992,0.4721105,1.1838316580000001,0.634925
7064,0.0012463811999999996,0.492211,1.175791457,0.1525129999999999
7065,0.001247341199999999,0.492211,1.175791457,0.5947239999999998
7066,0.0012483011999999995,0.492211,1.175791457,1.800754
7067,0.001249261199999999,0.5123115,1.159711055,3.4891959999999997
7068,0.0012502211999999993,0.492211,1.167751256,4.695226
7069,0.0012511811999999997,0.492211,1.175791457,5.258039999999999
7070,0.0012521411999999992,0.492211,1.1838316580000001,4.896231
7071,0.0012531011999999996,0.4721105,1.191871859,3.569598
7072,0.001254061199999999,0.492211,1.1838316580000001,2.001759
7073,0.0012550211999999995,0.492211,1.175791457,0.6751259999999997
7074,0.001255981199999999,0.4721105,1.175791457,0.1525129999999999
7075,0.0012569411999999993,0.4721105,1.1838316580000001,0.7153269999999998
7076,0.0012579011999999997,0.492211,1.175791457,1.921357
7077,0.0012588611999999992,0.492211,1.175791457,3.529397
7078,0.0012598211999999996,0.4721105,1.175791457,4.85603
7079,0.001260781199999999,0.5123115,1.1838316580000001,5.298241
7080,0.0012617411999999995,0.5123115,1.175791457,4.775628
7081,0.001262701199999999,0.5123115,1.167751256,3.408794
7082,0.0012636611999999993,0.5123115,1.167751256,1.7605529999999998
7083,0.0012646211999999997,0.492211,1.167751256,0.5947239999999998
7084,0.0012655811999999992,0.4721105,1.1838316580000001,0.1525129999999999
7085,0.0012665411999999996,0.492211,1.167751256,0.8359299999999998
7086,0.001267501199999999,0.492211,1.167751256,2.1625629999999996
7087,0.0012684611999999994,0.5123115,1.167751256,3.770603
7088,0.001269421199999999,0.4721105,1.167751256,4.976633
7089,0.0012703811999999993,0.5123115,1.175791457,5.298241
7090,0.0012713411999999997,0.492211,1.167751256,4.614824
7091,0.0012723011999999992,0.492211,1.175791457,3.2479899999999997
7092,0.0012732611999999996,0.492211,1.1838316580000001,1.680151
7093,0.001274221199999999,0.4721105,1.1838316580000001,0.4741209999999998
7094,0.0012751811999999994,0.5123115,1.175791457,0.1525129999999999
7095,0.001276141199999999,0.492211,1.175791457,0.755528
7096,0.0012771011999999993,0.45200999999999997,1.1838316580000001,2.04196
7097,0.0012780611999999997,0.5123115,1.175791457,3.690201
7098,0.0012790211999999992,0.4721105,1.167751256,4.85603
7099,0.0012799811999999995,0.5123115,1.1838316580000001,5.298241
7100,0.001280941199999999,0.4721105,1.175791457,4.815829
7101,0.0012819011999999994,0.492211,1.1838316580000001,3.690201
7102,0.001282861199999999,0.492211,1.175791457,2.04196
7103,0.0012838211999999993,0.492211,1.167751256,0.876131
7104,0.0012847811999999997,0.492211,1.167751256,0.23291499999999976
7105,0.0012857411999999992,0.5123115,1.175791457,0.4339200000000001
7106,0.0012867011999999995,0.5123115,1.175791457,1.358543
7107,0.001287661199999999,0.492211,1.167751256,2.8861809999999997
7108,0.0012886211999999994,0.5123115,1.175791457,4.293216
7109,0.001289581199999999,0.492211,1.175791457,5.217839
7110,0.0012905411999999993,0.5123115,1.175791457,5.258039999999999
7111,0.0012915011999999997,0.4721105,1.175791457,4.494221
7112,0.0012924611999999992,0.5123115,1.175791457,3.167588
7113,0.0012934211999999995,0.492211,1.167751256,1.6399499999999998
7114,0.001294381199999999,0.492211,1.1838316580000001,0.5545229999999997
7115,0.0012953411999999994,0.5123115,1.1838316580000001,0.19271400000000005
7116,0.001296301199999999,0.492211,1.175791457,0.5947239999999998
7117,0.0012972611999999993,0.492211,1.1838316580000001,1.800754
7118,0.0012982211999999996,0.532412,1.1838316580000001,3.2479899999999997
7119,0.0012991811999999991,0.5123115,1.167751256,4.655025
7120,0.0013001411999999995,0.492211,1.175791457,5.258039999999999
7121,0.001301101199999999,0.5123115,1.175791457,5.057035
7122,0.0013020611999999994,0.5123115,1.175791457,4.0118089999999995
7123,0.001303021199999999,0.5123115,1.1838316580000001,2.564573
7124,0.0013039811999999993,0.492211,1.175791457,1.117337
7125,0.0013049411999999996,0.5123115,1.175791457,0.2731159999999999
7126,0.0013059011999999991,0.5123115,1.167751256,0.2731159999999999
7127,0.0013068611999999995,0.492211,1.175791457,1.1977389999999999
7128,0.001307821199999999,0.532412,1.175791457,2.6449749999999996
7129,0.0013087811999999994,0.492211,1.175791457,4.092211
7130,0.0013097411999999989,0.492211,1.167751256,5.137437
7131,0.0013107011999999993,0.492211,1.159711055,5.298241
7132,0.0013116611999999996,0.492211,1.175791457,4.413819
7133,0.0013126211999999991,0.5123115,1.175791457,3.046985
7134,0.0013135811999999995,0.5123115,1.167751256,1.358543
7135,0.001314541199999999,0.492211,1.159711055,0.31331700000000007
7136,0.0013155011999999994,0.5123115,1.167751256,0.19271400000000005
7137,0.0013164611999999989,0.5123115,1.175791457,1.0771359999999999
7138,0.0013174211999999992,0.492211,1.175791457,2.604774
7139,0.0013183811999999996,0.5123115,1.167751256,4.1324119999999995
7140,0.0013193411999999991,0.5123115,1.1838316580000001,5.137437
7141,0.0013203011999999995,0.4721105,1.1838316580000001,5.177638
7142,0.001321261199999999,0.492211,1.1838316580000001,4.2530149999999995
7143,0.0013222211999999994,0.492211,1.1838316580000001,2.84598
7144,0.0013231811999999989,0.5123115,1.167751256,1.358543
7145,0.0013241411999999992,0.5123115,1.175791457,0.31331700000000007
7146,0.0013251011999999996,0.492211,1.167751256,0.2731159999999999
7147,0.001326061199999999,0.532412,1.175791457,1.0771359999999999
7148,0.0013270211999999995,0.532412,1.167751256,2.564573
7149,0.001327981199999999,0.5123115,1.167751256,4.05201
7150,0.0013289411999999994,0.5123115,1.175791457,5.097236
7151,0.0013299011999999997,0.5123115,1.175791457,5.217839
7152,0.0013308611999999992,0.5123115,1.167751256,4.45402
7153,0.0013318211999999996,0.492211,1.167751256,3.087186
7154,0.001332781199999999,0.5123115,1.167751256,1.6399499999999998
7155,0.0013337411999999995,0.5123115,1.167751256,0.4741209999999998
7156,0.001334701199999999,0.492211,1.167751256,0.19271400000000005
7157,0.0013356611999999993,0.5123115,1.167751256,0.7153269999999998
7158,0.0013366211999999997,0.5123115,1.175791457,1.8811559999999998
7159,0.0013375811999999992,0.5123115,1.191871859,3.328392
7160,0.0013385411999999996,0.5123115,1.175791457,4.655025
7161,0.001339501199999999,0.492211,1.167751256,5.298241
7162,0.0013404611999999995,0.492211,1.175791457,5.097236
7163,0.001341421199999999,0.492211,1.175791457,4.092211
7164,0.0013423811999999993,0.5123115,1.175791457,2.7655779999999996
7165,0.0013433411999999997,0.5123115,1.175791457,1.358543
7166,0.0013443011999999992,0.5123115,1.175791457,0.39371899999999993
7167,0.0013452611999999996,0.492211,1.1838316580000001,0.1525129999999999
7168,0.001346221199999999,0.5123115,1.167751256,0.7957289999999997
7169,0.0013471811999999994,0.5123115,1.1838316580000001,1.961558
7170,0.001348141199999999,0.492211,1.167751256,3.408794
7171,0.0013491011999999993,0.532412,1.175791457,4.574623
7172,0.0013500611999999997,0.5123115,1.167751256,5.258039999999999
7173,0.0013510211999999992,0.5123115,1.1838316580000001,5.097236
7174,0.0013519811999999996,0.5123115,1.1838316580000001,4.1324119999999995
7175,0.001352941199999999,0.5123115,1.159711055,2.6449749999999996
7176,0.0013539011999999994,0.492211,1.175791457,1.1977389999999999
7177,0.001354861199999999,0.5123115,1.175791457,0.2731159999999999
7178,0.0013558211999999993,0.5123115,1.159711055,0.2731159999999999
7179,0.0013567811999999997,0.532412,1.167751256,1.0771359999999999
7180,0.0013577411999999992,0.5123115,1.1838316580000001,2.5243719999999996
7181,0.0013587011999999996,0.5123115,1.167751256,4.0118089999999995
7182,0.001359661199999999,0.532412,1.159711055,5.097236
7183,0.0013606211999999994,0.532412,1.175791457,5.258039999999999
7184,0.001361581199999999,0.5525125000000001,1.1838316580000001,4.373618
7185,0.0013625411999999993,0.532412,1.1838316580000001,2.8861809999999997
7186,0.0013635011999999997,0.532412,1.175791457,1.358543
7187,0.0013644611999999992,0.492211,1.175791457,0.31331700000000007
7188,0.0013654211999999995,0.5123115,1.175791457,0.31331700000000007
7189,0.001366381199999999,0.532412,1.1838316580000001,1.358543
7190,0.0013673411999999994,0.532412,1.175791457,2.966583
7191,0.001368301199999999,0.5123115,1.167751256,4.534422
7192,0.0013692611999999993,0.5123115,1.175791457,5.298241
7193,0.0013702211999999997,0.532412,1.175791457,5.016834
7194,0.0013711811999999992,0.5123115,1.167751256,3.770603
7195,0.0013721411999999995,0.532412,1.167751256,2.1625629999999996
7196,0.001373101199999999,0.5123115,1.167751256,0.7153269999999998
7197,0.0013740611999999994,0.532412,1.167751256,0.23291499999999976
7198,0.001375021199999999,0.5123115,1.159711055,0.5545229999999997
7199,0.0013759811999999993,0.532412,1.159711055,1.921357
7200,0.0013769411999999997,0.5123115,1.167751256,3.4891959999999997
7201,0.0013779011999999992,0.492211,1.175791457,4.735427
7202,0.0013788611999999995,0.532412,1.159711055,5.298241
7203,0.001379821199999999,0.5123115,1.167751256,4.936432
7204,0.0013807811999999994,0.532412,1.167751256,3.7304019999999998
7205,0.001381741199999999,0.5123115,1.1838316580000001,2.2831659999999996
7206,0.0013827011999999993,0.5123115,1.175791457,0.996734
7207,0.0013836611999999996,0.532412,1.1838316580000001,0.23291499999999976
7208,0.0013846211999999991,0.492211,1.175791457,0.3535179999999998
7209,0.0013855811999999995,0.5123115,1.175791457,1.1977389999999999
7210,0.001386541199999999,0.5123115,1.1838316580000001,2.725377
7211,0.0013875011999999994,0.532412,1.1838316580000001,4.0118089999999995
7212,0.0013884611999999989,0.5123115,1.175791457,5.016834
7213,0.0013894211999999993,0.5123115,1.175791457,5.298241
7214,0.0013903811999999996,0.532412,1.175791457,4.695226
7215,0.0013913411999999991,0.532412,1.159711055,3.529397
7216,0.0013923011999999995,0.5123115,1.167751256,2.001759
7217,0.001393261199999999,0.5123115,1.175791457,0.7957289999999997
7218,0.0013942211999999994,0.5123115,1.167751256,0.19271400000000005
7219,0.0013951811999999989,0.5123115,1.167751256,0.4339200000000001
7220,0.0013961411999999992,0.532412,1.167751256,1.559548
7221,0.0013971011999999996,0.532412,1.175791457,2.966583
7222,0.0013980611999999991,0.5123115,1.167751256,4.373618
7223,0.0013990211999999995,0.5123115,1.175791457,5.177638
7224,0.001399981199999999,0.532412,1.167751256,5.097236
7225,0.0014009411999999994,0.5123115,1.159711055,4.212814
7226,0.0014019011999999989,0.532412,1.175791457,2.7655779999999996
7227,0.0014028611999999992,0.532412,1.159711055,1.23794
7228,0.0014038211999999996,0.5123115,1.159711055,0.2731159999999999
7229,0.0014047811999999991,0.532412,1.175791457,0.31331700000000007
7230,0.0014057411999999995,0.5123115,1.167751256,1.1977389999999999
7231,0.001406701199999999,0.532412,1.167751256,2.725377
7232,0.0014076611999999994,0.5123115,1.1838316580000001,4.212814
7233,0.0014086211999999989,0.5123115,1.175791457,5.217839
7234,0.0014095811999999992,0.532412,1.175791457,5.177638
7235,0.0014105411999999996,0.532412,1.167751256,4.1324119999999995
7236,0.001411501199999999,0.532412,1.167751256,2.685176
7237,0.0014124611999999995,0.532412,1.167751256,1.0369349999999997
7238,0.001413421199999999,0.5123115,1.167751256,0.2731159999999999
7239,0.0014143811999999993,0.5123115,1.159711055,0.3535179999999998
7240,0.0014153411999999997,0.5123115,1.159711055,1.438945
7241,0.0014163011999999992,0.532412,1.167751256,2.966583
7242,0.0014172611999999996,0.5525125000000001,1.167751256,4.494221
7243,0.001418221199999999,0.532412,1.175791457,5.298241
7244,0.0014191811999999995,0.5525125000000001,1.159711055,5.057035
7245,0.001420141199999999,0.532412,1.167751256,3.971608
7246,0.0014211011999999993,0.5525125000000001,1.167751256,2.4037689999999996
7247,0.0014220611999999997,0.532412,1.167751256,0.9565329999999999
7248,0.0014230211999999992,0.532412,1.175791457,0.23291499999999976
7249,0.0014239811999999996,0.532412,1.175791457,0.3535179999999998
7250,0.001424941199999999,0.5123115,1.175791457,1.3987439999999998
7251,0.0014259011999999995,0.5123115,1.167751256,2.805779
7252,0.001426861199999999,0.532412,1.167751256,4.2530149999999995
7253,0.0014278211999999993,0.532412,1.167751256,5.177638
7254,0.0014287811999999997,0.532412,1.167751256,5.217839
7255,0.0014297411999999992,0.5525125000000001,1.175791457,4.45402
7256,0.0014307011999999996,0.532412,1.175791457,3.1273869999999997
7257,0.001431661199999999,0.532412,1.167751256,1.6399499999999998
7258,0.0014326211999999994,0.5525125000000001,1.175791457,0.5947239999999998
7259,0.001433581199999999,0.5525125000000001,1.167751256,0.19271400000000005
7260,0.0014345411999999993,0.532412,1.167751256,0.634925
7261,0.0014355011999999997,0.5525125000000001,1.167751256,1.7203519999999999
7262,0.0014364611999999992,0.5525125000000001,1.167751256,3.167588
7263,0.0014374211999999996,0.5525125000000001,1.159711055,4.534422
7264,0.001438381199999999,0.532412,1.159711055,5.217839
7265,0.0014393411999999994,0.5525125000000001,1.167751256,5.177638
7266,0.001440301199999999,0.5123115,1.167751256,4.2530149999999995
7267,0.0014412611999999993,0.5525125000000001,1.167751256,2.8861809999999997
7268,0.0014422211999999997,0.5525125000000001,1.175791457,1.358543
7269,0.0014431811999999992,0.532412,1.175791457,0.39371899999999993
7270,0.0014441411999999995,0.5123115,1.175791457,0.19271400000000005
7271,0.001445101199999999,0.5525125000000001,1.167751256,0.8359299999999998
7272,0.0014460611999999994,0.532412,1.175791457,2.1625629999999996
7273,0.001447021199999999,0.532412,1.159711055,3.6097989999999998
7274,0.0014479811999999993,0.5525125000000001,1.167751256,4.85603
7275,0.0014489411999999997,0.5525125000000001,1.167751256,5.258039999999999
7276,0.0014499011999999992,0.5525125000000001,1.175791457,4.896231
7277,0.0014508611999999995,0.532412,1.167751256,3.690201
7278,0.001451821199999999,0.5525125000000001,1.1838316580000001,2.242965
7279,0.0014527811999999994,0.532412,1.175791457,0.755528
7280,0.001453741199999999,0.5525125000000001,1.175791457,0.19271400000000005
7281,0.0014547011999999993,0.532412,1.167751256,0.4741209999999998
7282,0.0014556611999999997,0.5525125000000001,1.167751256,1.5193469999999998
7283,0.0014566211999999992,0.5525125000000001,1.167751256,2.966583
7284,0.0014575811999999995,0.532412,1.167751256,4.373618
7285,0.001458541199999999,0.5123115,1.151670854,5.258039999999999
7286,0.0014595011999999994,0.532412,1.159711055,5.137437
7287,0.001460461199999999,0.532412,1.167751256,4.2530149999999995
7288,0.0014614211999999993,0.5525125000000001,1.167751256,2.926382
7289,0.0014623811999999996,0.5525125000000001,1.175791457,1.358543
7290,0.0014633411999999991,0.532412,1.167751256,0.4741209999999998
7291,0.0014643011999999995,0.532412,1.175791457,0.19271400000000005
7292,0.001465261199999999,0.5525125000000001,1.167751256,0.876131
7293,0.0014662211999999994,0.5525125000000001,1.175791457,2.122362
7294,0.001467181199999999,0.5525125000000001,1.175791457,3.6097989999999998
7295,0.0014681411999999993,0.5525125000000001,1.175791457,4.775628
7296,0.0014691011999999996,0.5525125000000001,1.175791457,5.217839
7297,0.0014700611999999991,0.5525125000000001,1.175791457,4.936432
7298,0.0014710211999999995,0.5525125000000001,1.167751256,3.851005
7299,0.001471981199999999,0.5525125000000001,1.175791457,2.44397
7300,0.0014729411999999994,0.572613,1.175791457,1.0771359999999999
7301,0.0014739011999999989,0.5525125000000001,1.167751256,0.31331700000000007
7302,0.0014748611999999993,0.5123115,1.167751256,0.2731159999999999
7303,0.0014758211999999996,0.532412,1.175791457,1.117337
7304,0.0014767811999999991,0.532412,1.167751256,2.44397
7305,0.0014777411999999995,0.532412,1.175791457,3.891206
7306,0.001478701199999999,0.532412,1.167751256,4.936432
7307,0.0014796611999999994,0.5525125000000001,1.159711055,5.338442
7308,0.0014806211999999989,0.5525125000000001,1.167751256,4.775628
7309,0.0014815811999999992,0.572613,1.159711055,3.6097989999999998
7310,0.0014825411999999996,0.5525125000000001,1.159711055,2.122362
7311,0.0014835011999999991,0.5525125000000001,1.159711055,0.8359299999999998
7312,0.0014844611999999995,0.532412,1.159711055,0.19271400000000005
7313,0.001485421199999999,0.5525125000000001,1.159711055,0.4339200000000001
7314,0.0014863811999999994,0.572613,1.159711055,1.5193469999999998
7315,0.0014873411999999989,0.5525125000000001,1.175791457,2.966583
7316,0.0014883011999999992,0.5525125000000001,1.175791457,4.45402
7317,0.0014892611999999996,0.532412,1.159711055,5.258039999999999
7318,0.001490221199999999,0.5123115,1.159711055,5.137437
7319,0.0014911811999999995,0.5525125000000001,1.175791457,4.092211
7320,0.001492141199999999,0.5525125000000001,1.167751256,2.604774
7321,0.0014931011999999994,0.532412,1.175791457,1.117337
7322,0.0014940611999999989,0.5525125000000001,1.167751256,0.2731159999999999
7323,0.0014950211999999992,0.572613,1.167751256,0.2731159999999999
7324,0.0014959811999999996,0.5525125000000001,1.167751256,1.2781409999999997
7325,0.001496941199999999,0.5525125000000001,1.167751256,2.685176
7326,0.0014979011999999995,0.532412,1.167751256,4.172613
7327,0.001498861199999999,0.572613,1.175791457,5.137437
7328,0.0014998211999999993,0.5525125000000001,1.167751256,5.177638
7329,0.0015007811999999997,0.532412,1.159711055,4.413819
7330,0.0015017411999999992,0.532412,1.167751256,3.046985
7331,0.0015027011999999996,0.532412,1.151670854,1.6399499999999998
7332,0.001503661199999999,0.5525125000000001,1.175791457,0.5545229999999997
7333,0.0015046211999999995,0.532412,1.167751256,0.19271400000000005
7334,0.001505581199999999,0.5525125000000001,1.159711055,0.634925
7335,0.0015065411999999993,0.572613,1.167751256,1.7605529999999998
7336,0.0015075011999999997,0.572613,1.167751256,3.207789
7337,0.0015084611999999992,0.5525125000000001,1.167751256,4.45402
7338,0.0015094211999999996,0.532412,1.159711055,5.217839
7339,0.001510381199999999,0.5525125000000001,1.1838316580000001,5.097236
7340,0.0015113411999999994,0.5525125000000001,1.175791457,4.293216
7341,0.001512301199999999,0.5525125000000001,1.1838316580000001,3.0067839999999997
7342,0.0015132611999999993,0.5525125000000001,1.175791457,1.559548
7343,0.0015142211999999997,0.532412,1.159711055,0.5545229999999997
7344,0.0015151811999999992,0.5525125000000001,1.175791457,0.1525129999999999
7345,0.0015161411999999996,0.572613,1.159711055,0.5947239999999998
7346,0.001517101199999999,0.572613,1.1838316580000001,1.800754
7347,0.0015180611999999994,0.532412,1.167751256,3.2479899999999997
7348,0.001519021199999999,0.572613,1.175791457,4.534422
7349,0.0015199811999999993,0.5525125000000001,1.175791457,5.298241
7350,0.0015209411999999997,0.5525125000000001,1.175791457,5.097236
7351,0.0015219011999999992,0.5525125000000001,1.167751256,4.092211
7352,0.0015228611999999996,0.5525125000000001,1.167751256,2.604774
7353,0.001523821199999999,0.572613,1.167751256,1.1977389999999999
7354,0.0015247811999999994,0.5525125000000001,1.167751256,0.2731159999999999
7355,0.001525741199999999,0.532412,1.167751256,0.31331700000000007
7356,0.0015267011999999993,0.572613,1.159711055,1.1977389999999999
7357,0.0015276611999999997,0.5525125000000001,1.159711055,2.685176
7358,0.0015286211999999992,0.572613,1.151670854,4.333417
7359,0.0015295811999999995,0.5525125000000001,1.167751256,5.217839
7360,0.001530541199999999,0.5525125000000001,1.167751256,5.097236
7361,0.0015315011999999994,0.5525125000000001,1.175791457,4.05201
7362,0.001532461199999999,0.5525125000000001,1.167751256,2.484171
7363,0.0015334211999999993,0.572613,1.175791457,0.9565329999999999
7364,0.0015343811999999997,0.572613,1.175791457,0.23291499999999976
7365,0.0015353411999999992,0.532412,1.175791457,0.4741209999999998
7366,0.0015363011999999995,0.5525125000000001,1.175791457,1.6399499999999998
7367,0.001537261199999999,0.572613,1.167751256,3.207789
7368,0.0015382211999999994,0.532412,1.159711055,4.614824
7369,0.001539181199999999,0.572613,1.175791457,5.258039999999999
7370,0.0015401411999999993,0.5927135,1.167751256,5.016834
7371,0.0015411011999999997,0.572613,1.175791457,3.810804
7372,0.0015420611999999992,0.5525125000000001,1.175791457,2.323367
7373,0.0015430211999999995,0.572613,1.175791457,0.9163319999999997
7374,0.001543981199999999,0.5525125000000001,1.159711055,0.19271400000000005
7375,0.0015449411999999994,0.5525125000000001,1.159711055,0.3535179999999998
7376,0.001545901199999999,0.5525125000000001,1.159711055,1.1977389999999999
7377,0.0015468611999999993,0.572613,1.167751256,2.564573
7378,0.0015478211999999996,0.5525125000000001,1.159711055,4.0118089999999995
7379,0.0015487811999999991,0.5927135,1.151670854,5.016834
7380,0.0015497411999999995,0.5927135,1.159711055,5.298241
7381,0.001550701199999999,0.5525125000000001,1.151670854,4.85603
7382,0.0015516611999999994,0.5525125000000001,1.167751256,3.851005
7383,0.0015526211999999989,0.5525125000000001,1.159711055,2.363568
7384,0.0015535811999999993,0.572613,1.175791457,1.117337
7385,0.0015545411999999996,0.5525125000000001,1.159711055,0.4339200000000001
7386,0.0015555011999999991,0.5525125000000001,1.1838316580000001,0.23291499999999976
7387,0.0015564611999999995,0.572613,1.175791457,0.7957289999999997
7388,0.001557421199999999,0.5525125000000001,1.167751256,2.082161
7389,0.0015583811999999994,0.572613,1.167751256,3.408794
7390,0.0015593411999999989,0.5525125000000001,1.167751256,4.614824
7391,0.0015603011999999992,0.572613,1.175791457,5.217839
7392,0.0015612611999999996,0.572613,1.167751256,5.097236
7393,0.0015622211999999991,0.572613,1.167751256,4.212814
7394,0.0015631811999999995,0.5525125000000001,1.175791457,2.84598
7395,0.001564141199999999,0.572613,1.175791457,1.3987439999999998
7396,0.0015651011999999994,0.5525125000000001,1.167751256,0.4339200000000001
7397,0.0015660611999999989,0.572613,1.167751256,0.19271400000000005
7398,0.0015670211999999992,0.5525125000000001,1.175791457,0.8359299999999998
7399,0.0015679811999999996,0.572613,1.167751256,2.122362
7400,0.0015689411999999991,0.5525125000000001,1.167751256,3.65
7401,0.0015699011999999995,0.572613,1.167751256,4.896231
7402,0.001570861199999999,0.5525125000000001,1.159711055,5.338442
7403,0.0015718211999999994,0.5927135,1.167751256,4.735427
7404,0.0015727811999999989,0.572613,1.167751256,3.408794
7405,0.0015737411999999992,0.5525125000000001,1.167751256,1.800754
7406,0.0015747011999999996,0.572613,1.159711055,0.5947239999999998
7407,0.001575661199999999,0.5525125000000001,1.159711055,0.1525129999999999
7408,0.0015766211999999995,0.5525125000000001,1.167751256,0.7957289999999997
7409,0.001577581199999999,0.572613,1.159711055,2.1625629999999996
7410,0.0015785411999999993,0.572613,1.167751256,3.810804
7411,0.0015795011999999988,0.572613,1.167751256,4.976633
7412,0.0015804611999999992,0.5927135,1.167751256,5.338442
7413,0.0015814211999999996,0.572613,1.175791457,4.574623
7414,0.001582381199999999,0.572613,1.167751256,3.087186
7415,0.0015833411999999995,0.5927135,1.167751256,1.5193469999999998
7416,0.001584301199999999,0.5525125000000001,1.175791457,0.4339200000000001
7417,0.0015852611999999993,0.572613,1.159711055,0.23291499999999976
7418,0.0015862211999999988,0.5927135,1.151670854,0.9163319999999997
7419,0.0015871811999999992,0.572613,1.175791457,2.323367
7420,0.0015881411999999996,0.572613,1.159711055,3.810804
7421,0.001589101199999999,0.572613,1.167751256,4.976633
7422,0.0015900611999999995,0.5525125000000001,1.167751256,5.298241
7423,0.001591021199999999,0.5927135,1.159711055,4.775628
7424,0.0015919811999999993,0.572613,1.159711055,3.690201
7425,0.0015929411999999997,0.5525125000000001,1.159711055,2.202764
7426,0.0015939011999999992,0.5927135,1.151670854,0.9565329999999999
7427,0.0015948611999999996,0.572613,1.159711055,0.2731159999999999
7428,0.001595821199999999,0.5927135,1.151670854,0.19271400000000005
7429,0.0015967811999999994,0.5927135,1.143630653,0.9163319999999997
7430,0.001597741199999999,0.5927135,1.159711055,2.122362
7431,0.0015987011999999993,0.572613,1.167751256,3.448995
7432,0.0015996611999999997,0.5927135,1.167751256,4.494221
7433,0.0016006211999999992,0.572613,1.167751256,5.258039999999999
7434,0.0016015811999999996,0.572613,1.167751256,5.217839
7435,0.001602541199999999,0.572613,1.175791457,4.534422
7436,0.0016035011999999994,0.5927135,1.167751256,3.448995
7437,0.001604461199999999,0.572613,1.175791457,2.04196
7438,0.0016054211999999993,0.6128140000000001,1.175791457,0.8359299999999998
7439,0.0016063811999999997,0.5525125000000001,1.1838316580000001,0.2731159999999999
7440,0.0016073411999999992,0.572613,1.175791457,0.31331700000000007
7441,0.0016083011999999995,0.572613,1.159711055,1.0771359999999999
7442,0.001609261199999999,0.572613,1.159711055,2.323367
7443,0.0016102211999999994,0.572613,1.175791457,3.810804
7444,0.001611181199999999,0.5525125000000001,1.159711055,4.896231
7445,0.0016121411999999993,0.5927135,1.167751256,5.258039999999999
7446,0.0016131011999999997,0.5525125000000001,1.159711055,4.815829
7447,0.0016140611999999992,0.572613,1.159711055,3.690201
7448,0.0016150211999999995,0.572613,1.159711055,2.122362
7449,0.001615981199999999,0.5525125000000001,1.167751256,0.7957289999999997
7450,0.0016169411999999994,0.572613,1.159711055,0.19271400000000005
7451,0.001617901199999999,0.5525125000000001,1.159711055,0.514322
7452,0.0016188611999999993,0.572613,1.159711055,1.800754
7453,0.0016198211999999997,0.5525125000000001,1.167751256,3.408794
7454,0.0016207811999999992,0.5927135,1.159711055,4.735427
7455,0.0016217411999999995,0.5927135,1.159711055,5.298241
7456,0.001622701199999999,0.5927135,1.167751256,4.775628
7457,0.0016236611999999994,0.5927135,1.175791457,3.4891959999999997
7458,0.001624621199999999,0.5927135,1.175791457,1.7203519999999999
7459,0.0016255811999999993,0.5927135,1.1838316580000001,0.5947239999999998
7460,0.0016265411999999996,0.5927135,1.175791457,0.19271400000000005
7461,0.0016275011999999991,0.5927135,1.167751256,0.876131
7462,0.0016284611999999995,0.572613,1.159711055,2.4037689999999996
7463,0.001629421199999999,0.572613,1.167751256,3.891206
7464,0.0016303811999999994,0.5927135,1.175791457,5.016834
7465,0.001631341199999999,0.5927135,1.167751256,5.298241
7466,0.0016323011999999993,0.572613,1.167751256,4.574623
7467,0.0016332611999999996,0.5927135,1.159711055,3.207789
7468,0.0016342211999999991,0.572613,1.159711055,1.680151
7469,0.0016351811999999995,0.5927135,1.151670854,0.514322
7470,0.001636141199999999,0.5927135,1.167751256,0.1525129999999999
7471,0.0016371011999999994,0.6128140000000001,1.167751256,0.634925
7472,0.0016380611999999989,0.5927135,1.159711055,1.680151
7473,0.0016390211999999993,0.5927135,1.159711055,3.1273869999999997
7474,0.0016399811999999996,0.572613,1.151670854,4.45402
7475,0.0016409411999999991,0.572613,1.159711055,5.177638
7476,0.0016419011999999995,0.572613,1.159711055,5.217839
7477,0.001642861199999999,0.5927135,1.159711055,4.413819
7478,0.0016438211999999994,0.5927135,1.151670854,3.207789
7479,0.0016447811999999989,0.5927135,1.167751256,1.800754
7480,0.0016457411999999992,0.5927135,1.159711055,0.7153269999999998
7481,0.0016467011999999996,0.5927135,1.175791457,0.19271400000000005
7482,0.0016476611999999991,0.572613,1.159711055,0.4339200000000001
7483,0.0016486211999999995,0.572613,1.159711055,1.2781409999999997
7484,0.001649581199999999,0.572613,1.175791457,2.604774
7485,0.0016505411999999994,0.572613,1.167751256,3.971608
7486,0.0016515011999999989,0.572613,1.167751256,5.016834
7487,0.0016524611999999992,0.5927135,1.175791457,5.298241
7488,0.0016534211999999996,0.5927135,1.175791457,4.815829
7489,0.001654381199999999,0.6128140000000001,1.159711055,3.65
7490,0.0016553411999999995,0.5927135,1.159711055,2.122362
7491,0.001656301199999999,0.5927135,1.159711055,0.7957289999999997
7492,0.0016572611999999994,0.5927135,1.159711055,0.19271400000000005
7493,0.0016582211999999989,0.5927135,1.159711055,0.39371899999999993
7494,0.0016591811999999992,0.6128140000000001,1.159711055,1.5193469999999998
7495,0.0016601411999999996,0.5927135,1.151670854,3.0067839999999997
7496,0.001661101199999999,0.5927135,1.175791457,4.413819
7497,0.0016620611999999995,0.572613,1.159711055,5.217839
7498,0.001663021199999999,0.5927135,1.167751256,5.097236
7499,0.0016639811999999993,0.6128140000000001,1.167751256,4.1324119999999995
7500,0.0016649411999999988,0.6128140000000001,1.159711055,2.564573
7501,0.0016659011999999992,0.572613,1.167751256,1.0771359999999999
7502,0.0016668611999999996,0.6128140000000001,1.159711055,0.23291499999999976
7503,0.001667821199999999,0.572613,1.159711055,0.3535179999999998
7504,0.0016687811999999995,0.5927135,1.167751256,1.3987439999999998
7505,0.001669741199999999,0.572613,1.175791457,2.926382
7506,0.0016707011999999993,0.572613,1.159711055,4.373618
7507,0.0016716611999999988,0.6128140000000001,1.167751256,5.258039999999999
7508,0.0016726211999999992,0.572613,1.175791457,5.097236
7509,0.0016735811999999996,0.572613,1.159711055,4.0118089999999995
7510,0.001674541199999999,0.572613,1.1838316580000001,2.484171
7511,0.0016755011999999994,0.6128140000000001,1.159711055,1.0771359999999999
7512,0.001676461199999999,0.5927135,1.159711055,0.23291499999999976
7513,0.0016774211999999993,0.5927135,1.159711055,0.3535179999999998
7514,0.0016783811999999997,0.6128140000000001,1.151670854,1.3987439999999998
7515,0.0016793411999999992,0.6128140000000001,1.159711055,2.84598
7516,0.0016803011999999996,0.6128140000000001,1.151670854,4.2530149999999995
7517,0.001681261199999999,0.6128140000000001,1.159711055,5.137437
7518,0.0016822211999999994,0.6128140000000001,1.167751256,5.137437
7519,0.001683181199999999,0.5927135,1.167751256,4.333417
7520,0.0016841411999999993,0.6128140000000001,1.159711055,2.966583
7521,0.0016851011999999997,0.6128140000000001,1.159711055,1.438945
7522,0.0016860611999999992,0.6128140000000001,1.151670854,0.4339200000000001
7523,0.0016870211999999996,0.572613,1.159711055,0.1525129999999999
7524,0.001687981199999999,0.5927135,1.167751256,0.755528
7525,0.0016889411999999994,0.572613,1.151670854,2.001759
7526,0.001689901199999999,0.6128140000000001,1.167751256,3.448995
7527,0.0016908611999999993,0.5927135,1.167751256,4.655025
7528,0.0016918211999999997,0.572613,1.159711055,5.338442
7529,0.0016927811999999992,0.5927135,1.175791457,5.057035
7530,0.0016937411999999995,0.6128140000000001,1.175791457,4.172613
7531,0.001694701199999999,0.5927135,1.167751256,2.725377
7532,0.0016956611999999994,0.6128140000000001,1.159711055,1.358543
7533,0.001696621199999999,0.5927135,1.175791457,0.39371899999999993
7534,0.0016975811999999993,0.572613,1.159711055,0.23291499999999976
7535,0.0016985411999999997,0.6329145,1.159711055,0.8359299999999998
7536,0.0016995011999999992,0.6128140000000001,1.167751256,2.1625629999999996
7537,0.0017004611999999995,0.572613,1.159711055,3.569598
7538,0.001701421199999999,0.5927135,1.159711055,4.695226
7539,0.0017023811999999994,0.6128140000000001,1.159711055,5.258039999999999
7540,0.001703341199999999,0.5927135,1.151670854,4.976633
7541,0.0017043011999999993,0.6128140000000001,1.167751256,3.891206
7542,0.0017052611999999997,0.5927135,1.159711055,2.44397
7543,0.0017062211999999992,0.5927135,1.159711055,0.996734
7544,0.0017071811999999995,0.5927135,1.159711055,0.23291499999999976
7545,0.001708141199999999,0.5525125000000001,1.167751256,0.3535179999999998
7546,0.0017091011999999994,0.5927135,1.167751256,1.23794
7547,0.001710061199999999,0.572613,1.167751256,2.6449749999999996
7548,0.0017110211999999993,0.5927135,1.159711055,4.1324119999999995
7549,0.0017119811999999996,0.6128140000000001,1.167751256,5.137437
7550,0.0017129411999999991,0.5927135,1.175791457,5.258039999999999
7551,0.0017139011999999995,0.572613,1.167751256,4.534422
7552,0.001714861199999999,0.6128140000000001,1.159711055,3.167588
7553,0.0017158211999999994,0.6128140000000001,1.175791457,1.599749
7554,0.0017167811999999989,0.5927135,1.175791457,0.514322
7555,0.0017177411999999993,0.6128140000000001,1.159711055,0.19271400000000005
7556,0.0017187011999999996,0.5927135,1.175791457,0.6751259999999997
7557,0.0017196611999999991,0.6329145,1.159711055,1.8811559999999998
7558,0.0017206211999999995,0.5927135,1.167751256,3.408794
7559,0.001721581199999999,0.5927135,1.175791457,4.695226
7560,0.0017225411999999994,0.6128140000000001,1.159711055,5.298241
7561,0.0017235011999999989,0.6128140000000001,1.167751256,5.016834
7562,0.0017244611999999993,0.6128140000000001,1.159711055,4.0118089999999995
7563,0.0017254211999999996,0.6329145,1.175791457,2.484171
7564,0.0017263811999999991,0.6128140000000001,1.159711055,1.117337
7565,0.0017273411999999995,0.5927135,1.151670854,0.2731159999999999
7566,0.001728301199999999,0.6128140000000001,1.143630653,0.2731159999999999
7567,0.0017292611999999994,0.6128140000000001,1.159711055,1.0771359999999999
7568,0.0017302211999999989,0.5927135,1.159711055,2.484171
7569,0.0017311811999999992,0.6128140000000001,1.159711055,3.971608
7570,0.0017321411999999996,0.5927135,1.159711055,5.057035
7571,0.0017331011999999991,0.6329145,1.159711055,5.258039999999999
7572,0.0017340611999999995,0.6128140000000001,1.167751256,4.775628
7573,0.001735021199999999,0.5927135,1.167751256,3.6097989999999998
7574,0.0017359811999999994,0.6128140000000001,1.167751256,2.122362
7575,0.0017369411999999989,0.6128140000000001,1.159711055,0.8359299999999998
7576,0.0017379011999999992,0.5927135,1.151670854,0.1525129999999999
7577,0.0017388611999999996,0.5927135,1.167751256,0.4339200000000001
7578,0.001739821199999999,0.5927135,1.175791457,1.318342
7579,0.0017407811999999995,0.6128140000000001,1.167751256,2.805779
7580,0.001741741199999999,0.6128140000000001,1.175791457,4.212814
7581,0.0017427011999999993,0.6128140000000001,1.175791457,5.137437
7582,0.0017436611999999988,0.653015,1.159711055,5.217839
7583,0.0017446211999999992,0.6128140000000001,1.159711055,4.534422
7584,0.0017455811999999996,0.6128140000000001,1.159711055,3.207789
7585,0.001746541199999999,0.6128140000000001,1.159711055,1.7203519999999999
7586,0.0017475011999999995,0.5927135,1.159711055,0.5947239999999998
7587,0.001748461199999999,0.572613,1.151670854,0.19271400000000005
7588,0.0017494211999999993,0.6128140000000001,1.151670854,0.634925
7589,0.0017503811999999988,0.5927135,1.159711055,1.8811559999999998
7590,0.0017513411999999992,0.6128140000000001,1.167751256,3.288191
7591,0.0017523011999999996,0.6128140000000001,1.159711055,4.574623
7592,0.001753261199999999,0.6128140000000001,1.167751256,5.258039999999999
7593,0.0017542211999999995,0.6329145,1.159711055,5.097236
7594,0.001755181199999999,0.5927135,1.159711055,4.1324119999999995
7595,0.0017561411999999993,0.6128140000000001,1.167751256,2.7655779999999996
7596,0.0017571011999999988,0.6128140000000001,1.167751256,1.438945
7597,0.0017580611999999992,0.5927135,1.167751256,0.4339200000000001
7598,0.0017590211999999996,0.6128140000000001,1.167751256,0.2731159999999999
7599,0.001759981199999999,0.6128140000000001,1.167751256,0.876131
7600,0.0017609411999999994,0.6329145,1.159711055,2.04196
7601,0.001761901199999999,0.6329145,1.159711055,3.4891959999999997
7602,0.0017628611999999993,0.6128140000000001,1.151670854,4.695226
7603,0.0017638211999999997,0.6329145,1.151670854,5.298241
7604,0.0017647811999999992,0.6128140000000001,1.167751256,5.057035
7605,0.0017657411999999996,0.6329145,1.175791457,4.1324119999999995
7606,0.001766701199999999,0.6128140000000001,1.159711055,2.725377
7607,0.0017676611999999994,0.6329145,1.175791457,1.3987439999999998
7608,0.001768621199999999,0.6128140000000001,1.159711055,0.39371899999999993
7609,0.0017695811999999993,0.6128140000000001,1.159711055,0.23291499999999976
7610,0.0017705411999999997,0.6128140000000001,1.159711055,0.8359299999999998
7611,0.0017715011999999992,0.6329145,1.167751256,2.082161
7612,0.0017724611999999995,0.6329145,1.167751256,3.529397
7613,0.001773421199999999,0.6128140000000001,1.151670854,4.775628
7614,0.0017743811999999994,0.6128140000000001,1.159711055,5.298241
7615,0.001775341199999999,0.6128140000000001,1.151670854,4.976633
7616,0.0017763011999999993,0.6329145,1.167751256,3.810804
7617,0.0017772611999999997,0.6128140000000001,1.167751256,2.323367
7618,0.0017782211999999992,0.6329145,1.159711055,0.9163319999999997
7619,0.0017791811999999995,0.6128140000000001,1.167751256,0.23291499999999976
7620,0.001780141199999999,0.6128140000000001,1.151670854,0.39371899999999993
7621,0.0017811011999999994,0.6329145,1.167751256,1.479146
7622,0.001782061199999999,0.6329145,1.167751256,2.966583
7623,0.0017830211999999993,0.6128140000000001,1.159711055,4.45402
7624,0.0017839811999999997,0.6128140000000001,1.159711055,5.258039999999999
7625,0.0017849411999999992,0.6329145,1.167751256,5.137437
7626,0.0017859011999999995,0.653015,1.167751256,4.172613
7627,0.001786861199999999,0.6128140000000001,1.167751256,2.685176
7628,0.0017878211999999994,0.6128140000000001,1.167751256,1.23794
7629,0.001788781199999999,0.6329145,1.175791457,0.3535179999999998
7630,0.0017897411999999993,0.6329145,1.159711055,0.2731159999999999
7631,0.0017907011999999996,0.6329145,1.159711055,0.996734
7632,0.0017916611999999991,0.6128140000000001,1.151670854,2.323367
7633,0.0017926211999999995,0.6329145,1.159711055,3.810804
7634,0.001793581199999999,0.6128140000000001,1.151670854,4.936432
7635,0.0017945411999999994,0.6329145,1.151670854,5.298241
7636,0.001795501199999999,0.653015,1.159711055,4.815829
7637,0.0017964611999999993,0.653015,1.143630653,3.65
7638,0.0017974211999999996,0.6329145,1.159711055,2.242965
7639,0.0017983811999999991,0.6128140000000001,1.159711055,0.9163319999999997
7640,0.0017993411999999995,0.6329145,1.159711055,0.2731159999999999
7641,0.001800301199999999,0.6329145,1.159711055,0.2731159999999999
7642,0.0018012611999999994,0.6329145,1.151670854,1.117337
7643,0.0018022211999999989,0.6128140000000001,1.159711055,2.484171
7644,0.0018031811999999993,0.6128140000000001,1.167751256,3.891206
7645,0.0018041411999999996,0.6329145,1.167751256,4.936432
7646,0.0018051011999999991,0.6128140000000001,1.159711055,5.338442
7647,0.0018060611999999995,0.6128140000000001,1.159711055,4.896231
7648,0.001807021199999999,0.6128140000000001,1.159711055,3.7304019999999998
7649,0.0018079811999999994,0.6128140000000001,1.159711055,2.2831659999999996
7650,0.0018089411999999989,0.6329145,1.159711055,0.9565329999999999
7651,0.0018099011999999992,0.6128140000000001,1.175791457,0.19271400000000005
7652,0.0018108611999999996,0.6329145,1.159711055,0.31331700000000007
7653,0.0018118211999999991,0.6329145,1.167751256,1.23794
7654,0.0018127811999999995,0.6329145,1.159711055,2.6449749999999996
7655,0.001813741199999999,0.6329145,1.159711055,4.1324119999999995
7656,0.0018147011999999994,0.6329145,1.159711055,5.137437
7657,0.0018156611999999989,0.6128140000000001,1.159711055,5.258039999999999
7658,0.0018166211999999992,0.6329145,1.151670854,4.494221
7659,0.0018175811999999996,0.6128140000000001,1.159711055,3.167588
7660,0.001818541199999999,0.6128140000000001,1.151670854,1.559548
7661,0.0018195011999999995,0.6128140000000001,1.151670854,0.4741209999999998
7662,0.001820461199999999,0.6329145,1.159711055,0.19271400000000005
7663,0.0018214211999999994,0.6329145,1.151670854,0.7957289999999997
7664,0.0018223811999999989,0.6329145,1.167751256,2.082161
7665,0.0018233411999999992,0.6329145,1.167751256,3.6097989999999998
7666,0.0018243011999999996,0.653015,1.159711055,4.936432
7667,0.001825261199999999,0.653015,1.167751256,5.338442
7668,0.0018262211999999995,0.6329145,1.167751256,4.775628
7669,0.001827181199999999,0.6329145,1.167751256,3.529397
7670,0.0018281411999999993,0.653015,1.159711055,1.840955
7671,0.0018291011999999988,0.653015,1.159711055,0.6751259999999997
7672,0.0018300611999999992,0.6329145,1.167751256,0.19271400000000005
7673,0.0018310211999999996,0.6329145,1.159711055,0.634925
7674,0.001831981199999999,0.6128140000000001,1.167751256,1.921357
7675,0.0018329411999999995,0.6329145,1.151670854,3.4891959999999997
7676,0.001833901199999999,0.6329145,1.159711055,4.735427
7677,0.0018348611999999993,0.653015,1.159711055,5.258039999999999
7678,0.0018358211999999988,0.6329145,1.167751256,4.976633
7679,0.0018367811999999992,0.6128140000000001,1.143630653,3.891206
7680,0.0018377411999999996,0.653015,1.159711055,2.363568
7681,0.001838701199999999,0.6329145,1.159711055,1.0369349999999997
7682,0.0018396611999999994,0.6329145,1.159711055,0.23291499999999976
7683,0.001840621199999999,0.6731155000000001,1.151670854,0.31331700000000007
7684,0.0018415811999999993,0.6128140000000001,1.159711055,1.1575379999999997
7685,0.0018425411999999988,0.6128140000000001,1.159711055,2.5243719999999996
7686,0.0018435011999999992,0.6329145,1.167751256,4.0118089999999995
7687,0.0018444611999999996,0.6329145,1.167751256,5.016834
7688,0.001845421199999999,0.6329145,1.167751256,5.338442
7689,0.0018463811999999994,0.6329145,1.175791457,4.815829
7690,0.001847341199999999,0.653015,1.159711055,3.65
7691,0.0018483011999999993,0.6329145,1.159711055,2.242965
7692,0.0018492611999999997,0.6329145,1.167751256,0.996734
7693,0.0018502211999999992,0.6329145,1.159711055,0.2731159999999999
7694,0.0018511811999999996,0.653015,1.159711055,0.2731159999999999
7695,0.001852141199999999,0.653015,1.159711055,1.0771359999999999
7696,0.0018531011999999994,0.653015,1.159711055,2.323367
7697,0.001854061199999999,0.6128140000000001,1.159711055,3.770603
7698,0.0018550211999999993,0.6329145,1.159711055,4.815829
7699,0.0018559811999999997,0.653015,1.167751256,5.258039999999999
7700,0.0018569411999999992,0.6731155000000001,1.159711055,4.936432
7701,0.0018579011999999995,0.6329145,1.167751256,3.891206
7702,0.001858861199999999,0.653015,1.159711055,2.44397
7703,0.0018598211999999994,0.6329145,1.159711055,1.1575379999999997
7704,0.001860781199999999,0.6128140000000001,1.151670854,0.2731159999999999
7705,0.0018617411999999993,0.6329145,1.159711055,0.23291499999999976
7706,0.0018627011999999997,0.653015,1.159711055,1.117337
7707,0.0018636611999999992,0.6329145,1.151670854,2.564573
7708,0.0018646211999999995,0.6329145,1.159711055,3.971608
7709,0.001865581199999999,0.653015,1.151670854,5.016834
7710,0.0018665411999999994,0.653015,1.159711055,5.338442
7711,0.001867501199999999,0.6329145,1.167751256,4.614824
7712,0.0018684611999999993,0.6329145,1.175791457,3.1273869999999997
7713,0.0018694211999999997,0.6329145,1.159711055,1.599749
7714,0.0018703811999999992,0.653015,1.167751256,0.4339200000000001
7715,0.0018713411999999995,0.653015,1.167751256,0.19271400000000005
7716,0.001872301199999999,0.6128140000000001,1.159711055,0.9163319999999997
7717,0.0018732611999999994,0.653015,1.159711055,2.323367
7718,0.001874221199999999,0.6329145,1.167751256,3.891206
7719,0.0018751811999999993,0.653015,1.151670854,5.057035
7720,0.0018761411999999996,0.6329145,1.151670854,5.258039999999999
7721,0.0018771011999999991,0.6329145,1.151670854,4.534422
7722,0.0018780611999999995,0.6329145,1.167751256,3.167588
7723,0.001879021199999999,0.6329145,1.151670854,1.599749
7724,0.0018799811999999994,0.6329145,1.159711055,0.4741209999999998
7725,0.0018809411999999989,0.6329145,1.159711055,0.19271400000000005
7726,0.0018819011999999993,0.6329145,1.167751256,0.755528
7727,0.0018828611999999996,0.653015,1.167751256,2.04196
7728,0.0018838211999999991,0.6128140000000001,1.167751256,3.569598
7729,0.0018847811999999995,0.653015,1.159711055,4.735427
7730,0.001885741199999999,0.6329145,1.159711055,5.338442
7731,0.0018867011999999994,0.653015,1.159711055,5.097236
7732,0.0018876611999999989,0.653015,1.159711055,4.092211
7733,0.0018886211999999993,0.6731155000000001,1.167751256,2.604774
7734,0.0018895811999999996,0.6731155000000001,1.159711055,1.23794
7735,0.0018905411999999991,0.653015,1.167751256,0.31331700000000007
7736,0.0018915011999999995,0.653015,1.151670854,0.19271400000000005
7737,0.001892461199999999,0.653015,1.167751256,0.7957289999999997
7738,0.0018934211999999994,0.653015,1.167751256,1.961558
7739,0.0018943811999999989,0.653015,1.167751256,3.408794
7740,0.0018953411999999992,0.6329145,1.159711055,4.614824
7741,0.0018963011999999996,0.6329145,1.159711055,5.298241
7742,0.0018972611999999991,0.6329145,1.175791457,5.097236
7743,0.0018982211999999995,0.6128140000000001,1.159711055,4.172613
7744,0.001899181199999999,0.6329145,1.159711055,2.805779
7745,0.0019001411999999994,0.653015,1.159711055,1.438945
7746,0.0019011011999999989,0.6731155000000001,1.159711055,0.3535179999999998
7747,0.0019020611999999992,0.653015,1.159711055,0.1525129999999999
7748,0.0019030211999999996,0.653015,1.159711055,0.8359299999999998
7749,0.001903981199999999,0.653015,1.159711055,2.202764
7750,0.0019049411999999995,0.653015,1.159711055,3.7304019999999998
7751,0.001905901199999999,0.6329145,1.167751256,4.896231
7752,0.0019068611999999993,0.6329145,1.159711055,5.338442
7753,0.0019078211999999988,0.6329145,1.159711055,4.775628
7754,0.0019087811999999992,0.653015,1.159711055,3.529397
7755,0.0019097411999999996,0.653015,1.159711055,1.8811559999999998
7756,0.001910701199999999,0.6329145,1.159711055,0.634925
7757,0.0019116611999999995,0.653015,1.167751256,0.19271400000000005
7758,0.001912621199999999,0.653015,1.167751256,0.634925
7759,0.0019135811999999993,0.6731155000000001,1.167751256,1.961558
7760,0.0019145411999999988,0.6329145,1.167751256,3.569598
7761,0.0019155011999999992,0.653015,1.159711055,4.85603
7762,0.0019164611999999996,0.653015,1.159711055,5.298241
7763,0.001917421199999999,0.653015,1.159711055,4.735427
7764,0.0019183811999999995,0.6731155000000001,1.167751256,3.448995
7765,0.001919341199999999,0.6731155000000001,1.159711055,1.7605529999999998
7766,0.0019203011999999993,0.693216,1.167751256,0.514322
7767,0.0019212611999999988,0.6731155000000001,1.167751256,0.23291499999999976
7768,0.0019222211999999992,0.6731155000000001,1.159711055,0.7957289999999997
7769,0.0019231811999999996,0.653015,1.151670854,2.202764
7770,0.001924141199999999,0.653015,1.151670854,3.7304019999999998
7771,0.0019251011999999994,0.6329145,1.167751256,4.896231
7772,0.001926061199999999,0.6731155000000001,1.159711055,5.338442
7773,0.0019270211999999993,0.653015,1.151670854,4.775628
7774,0.0019279811999999988,0.653015,1.151670854,3.569598
7775,0.0019289411999999992,0.653015,1.159711055,2.001759
7776,0.0019299011999999996,0.6731155000000001,1.159711055,0.7153269999999998
7777,0.001930861199999999,0.653015,1.159711055,0.1525129999999999
7778,0.0019318211999999994,0.6731155000000001,1.167751256,0.5545229999999997
7779,0.001932781199999999,0.6731155000000001,1.159711055,1.6399499999999998
7780,0.0019337411999999993,0.653015,1.159711055,3.087186
7781,0.0019347011999999988,0.6731155000000001,1.159711055,4.45402
7782,0.0019356611999999992,0.653015,1.159711055,5.298241
7783,0.0019366211999999995,0.653015,1.167751256,5.137437
7784,0.001937581199999999,0.6731155000000001,1.175791457,4.2530149999999995
7785,0.0019385411999999994,0.653015,1.175791457,2.805779
7786,0.001939501199999999,0.653015,1.159711055,1.318342
7787,0.0019404611999999993,0.653015,1.167751256,0.3535179999999998
7788,0.0019414211999999997,0.653015,1.159711055,0.19271400000000005
7789,0.0019423811999999992,0.6731155000000001,1.159711055,0.8359299999999998
7790,0.0019433411999999995,0.653015,1.159711055,2.242965
7791,0.001944301199999999,0.693216,1.159711055,3.690201
7792,0.0019452611999999994,0.6731155000000001,1.151670854,4.85603
7793,0.001946221199999999,0.6731155000000001,1.159711055,5.338442
7794,0.0019471811999999993,0.653015,1.159711055,4.815829
7795,0.0019481411999999997,0.693216,1.159711055,3.569598
7796,0.0019491011999999992,0.653015,1.159711055,2.001759
7797,0.0019500611999999995,0.6731155000000001,1.159711055,0.7153269999999998
7798,0.001951021199999999,0.653015,1.159711055,0.1525129999999999
7799,0.0019519811999999994,0.6731155000000001,1.151670854,0.5545229999999997
7800,0.001952941199999999,0.6731155000000001,1.167751256,1.800754
7801,0.0019539011999999993,0.6731155000000001,1.167751256,3.2479899999999997
7802,0.0019548611999999996,0.6731155000000001,1.159711055,4.655025
7803,0.001955821199999999,0.6731155000000001,1.159711055,5.298241
7804,0.0019567811999999995,0.6731155000000001,1.167751256,5.057035
7805,0.001957741199999999,0.6731155000000001,1.167751256,3.971608
7806,0.0019587011999999994,0.653015,1.167751256,2.4037689999999996
7807,0.001959661199999999,0.653015,1.167751256,0.996734
7808,0.0019606211999999993,0.653015,1.167751256,0.2731159999999999
7809,0.0019615811999999996,0.6731155000000001,1.167751256,0.39371899999999993
7810,0.001962541199999999,0.6329145,1.159711055,1.3987439999999998
7811,0.0019635011999999995,0.6731155000000001,1.159711055,2.84598
7812,0.001964461199999999,0.653015,1.175791457,4.293216
7813,0.0019654211999999994,0.6731155000000001,1.159711055,5.217839
7814,0.001966381199999999,0.653015,1.159711055,5.217839
7815,0.0019673411999999993,0.6731155000000001,1.151670854,4.45402
7816,0.0019683011999999996,0.653015,1.151670854,2.926382
7817,0.001969261199999999,0.653015,1.159711055,1.5193469999999998
7818,0.0019702211999999995,0.6731155000000001,1.151670854,0.4741209999999998
7819,0.001971181199999999,0.653015,1.151670854,0.1525129999999999
7820,0.0019721411999999994,0.653015,1.159711055,0.876131
7821,0.001973101199999999,0.693216,1.159711055,2.202764
7822,0.0019740611999999992,0.653015,1.159711055,3.690201
7823,0.0019750211999999996,0.6731155000000001,1.159711055,4.936432
7824,0.001975981199999999,0.6731155000000001,1.167751256,5.338442
7825,0.0019769411999999995,0.6731155000000001,1.159711055,4.85603
7826,0.001977901199999999,0.653015,1.175791457,3.6097989999999998
7827,0.0019788611999999994,0.6731155000000001,1.167751256,2.122362
7828,0.001979821199999999,0.6731155000000001,1.159711055,0.7957289999999997
7829,0.0019807811999999992,0.653015,1.167751256,0.19271400000000005
7830,0.0019817411999999996,0.653015,1.167751256,0.4339200000000001
7831,0.001982701199999999,0.653015,1.167751256,1.479146
7832,0.0019836611999999995,0.6731155000000001,1.167751256,3.0067839999999997
7833,0.001984621199999999,0.6731155000000001,1.167751256,4.413819
7834,0.0019855811999999994,0.6731155000000001,1.159711055,5.217839
7835,0.001986541199999999,0.6731155000000001,1.159711055,5.217839
7836,0.0019875011999999992,0.653015,1.151670854,4.333417
7837,0.0019884611999999996,0.6731155000000001,1.167751256,2.966583
7838,0.001989421199999999,0.653015,1.167751256,1.479146
7839,0.0019903811999999995,0.653015,1.159711055,0.4339200000000001
7840,0.001991341199999999,0.6731155000000001,1.159711055,0.11231199999999975
7841,0.0019923011999999993,0.653015,1.151670854,0.7957289999999997
7842,0.001993261199999999,0.6731155000000001,1.159711055,2.122362
7843,0.001994221199999999,0.6731155000000001,1.151670854,3.7304019999999998
7844,0.0019951811999999996,0.6731155000000001,1.167751256,4.936432
7845,0.001996141199999999,0.693216,1.175791457,5.338442
7846,0.0019971011999999995,0.6731155000000001,1.159711055,4.896231
7847,0.001998061199999999,0.693216,1.167751256,3.810804
7848,0.0019990211999999993,0.6731155000000001,1.151670854,2.242965
7849,0.001999981199999999,0.693216,1.159711055,0.9163319999999997
7850,0.002000941199999999,0.6731155000000001,1.167751256,0.23291499999999976
7851,0.0020019011999999996,0.6731155000000001,1.159711055,0.39371899999999993
7852,0.002002861199999999,0.6731155000000001,1.167751256,1.358543
7853,0.0020038211999999994,0.693216,1.159711055,2.805779
7854,0.002004781199999999,0.6731155000000001,1.167751256,4.212814
7855,0.0020057411999999993,0.653015,1.167751256,5.137437
7856,0.002006701199999999,0.693216,1.159711055,5.298241
7857,0.002007661199999999,0.6329145,1.167751256,4.574623
7858,0.0020086211999999996,0.653015,1.159711055,3.408794
7859,0.002009581199999999,0.653015,1.159711055,1.8811559999999998
7860,0.0020105411999999994,0.6731155000000001,1.159711055,0.7153269999999998
7861,0.002011501199999999,0.7133165,1.159711055,0.19271400000000005
7862,0.0020124611999999993,0.693216,1.143630653,0.4741209999999998
7863,0.002013421199999999,0.6731155000000001,1.143630653,1.479146
7864,0.002014381199999999,0.693216,1.151670854,2.805779
7865,0.0020153411999999996,0.6731155000000001,1.159711055,4.172613
7866,0.002016301199999999,0.6731155000000001,1.167751256,5.097236
7867,0.0020172611999999994,0.693216,1.159711055,5.298241
7868,0.002018221199999999,0.693216,1.167751256,4.655025
7869,0.0020191811999999993,0.6731155000000001,1.167751256,3.529397
7870,0.002020141199999999,0.693216,1.159711055,2.04196
7871,0.002021101199999999,0.693216,1.159711055,0.7957289999999997
7872,0.0020220611999999995,0.7133165,1.159711055,0.23291499999999976
7873,0.002023021199999999,0.6731155000000001,1.167751256,0.4339200000000001
7874,0.0020239811999999994,0.6731155000000001,1.159711055,1.479146
7875,0.002024941199999999,0.6731155000000001,1.167751256,2.966583
7876,0.0020259011999999993,0.693216,1.159711055,4.333417
7877,0.0020268611999999997,0.6731155000000001,1.167751256,5.217839
7878,0.002027821199999999,0.6731155000000001,1.167751256,5.217839
7879,0.0020287811999999995,0.693216,1.167751256,4.2530149999999995
7880,0.002029741199999999,0.693216,1.159711055,2.7655779999999996
7881,0.0020307011999999994,0.653015,1.159711055,1.318342
7882,0.002031661199999999,0.6731155000000001,1.159711055,0.31331700000000007
7883,0.0020326211999999993,0.6731155000000001,1.159711055,0.23291499999999976
7884,0.0020335811999999997,0.653015,1.151670854,1.1575379999999997
7885,0.002034541199999999,0.6731155000000001,1.143630653,2.685176
7886,0.0020355011999999995,0.693216,1.159711055,4.172613
7887,0.002036461199999999,0.693216,1.159711055,5.177638
7888,0.0020374211999999994,0.693216,1.159711055,5.177638
7889,0.002038381199999999,0.693216,1.159711055,4.2530149999999995
7890,0.0020393411999999993,0.6731155000000001,1.159711055,2.725377
7891,0.0020403011999999996,0.6731155000000001,1.167751256,1.1977389999999999
7892,0.002041261199999999,0.653015,1.159711055,0.2731159999999999
7893,0.0020422211999999995,0.6731155000000001,1.159711055,0.31331700000000007
7894,0.002043181199999999,0.6731155000000001,1.159711055,1.2781409999999997
7895,0.0020441411999999994,0.693216,1.151670854,2.7655779999999996
7896,0.002045101199999999,0.693216,1.159711055,4.2530149999999995
7897,0.0020460611999999993,0.693216,1.167751256,5.217839
7898,0.0020470211999999996,0.693216,1.159711055,5.258039999999999
7899,0.002047981199999999,0.693216,1.159711055,4.413819
7900,0.0020489411999999995,0.693216,1.167751256,3.0067839999999997
7901,0.002049901199999999,0.693216,1.159711055,1.6399499999999998
7902,0.0020508611999999994,0.693216,1.167751256,0.5545229999999997
7903,0.002051821199999999,0.693216,1.159711055,0.11231199999999975
7904,0.0020527811999999993,0.693216,1.159711055,0.6751259999999997
7905,0.0020537411999999996,0.693216,1.159711055,1.800754
7906,0.002054701199999999,0.693216,1.151670854,3.3685929999999997
7907,0.0020556611999999995,0.693216,1.159711055,4.574623
7908,0.002056621199999999,0.693216,1.159711055,5.258039999999999
7909,0.0020575811999999994,0.7133165,1.159711055,5.177638
7910,0.002058541199999999,0.653015,1.159711055,4.373618
7911,0.0020595011999999992,0.693216,1.159711055,2.966583
7912,0.0020604611999999996,0.693216,1.159711055,1.559548
7913,0.002061421199999999,0.693216,1.151670854,0.4339200000000001
7914,0.0020623811999999995,0.693216,1.159711055,0.19271400000000005
7915,0.002063341199999999,0.693216,1.175791457,0.634925
7916,0.0020643011999999994,0.6731155000000001,1.159711055,1.8811559999999998
7917,0.002065261199999999,0.693216,1.167751256,3.3685929999999997
7918,0.0020662211999999992,0.6731155000000001,1.159711055,4.614824
7919,0.0020671811999999996,0.693216,1.167751256,5.298241
7920,0.002068141199999999,0.7133165,1.167751256,5.137437
7921,0.0020691011999999995,0.693216,1.167751256,4.0118089999999995
7922,0.002070061199999999,0.693216,1.167751256,2.484171
7923,0.0020710211999999993,0.7133165,1.175791457,1.0369349999999997
7924,0.002071981199999999,0.6731155000000001,1.175791457,0.2731159999999999
7925,0.0020729411999999992,0.7133165,1.167751256,0.3535179999999998
7926,0.0020739011999999996,0.693216,1.175791457,1.3987439999999998
7927,0.002074861199999999,0.7133165,1.159711055,2.966583
7928,0.0020758211999999995,0.693216,1.159711055,4.534422
7929,0.002076781199999999,0.693216,1.159711055,5.338442
7930,0.0020777411999999993,0.693216,1.151670854,5.057035
7931,0.002078701199999999,0.693216,1.151670854,3.931407
7932,0.002079661199999999,0.7133165,1.159711055,2.242965
7933,0.0020806211999999996,0.693216,1.159711055,0.7957289999999997
7934,0.002081581199999999,0.693216,1.151670854,0.19271400000000005
7935,0.0020825411999999995,0.693216,1.159711055,0.5947239999999998
7936,0.002083501199999999,0.693216,1.159711055,1.8811559999999998
7937,0.0020844611999999993,0.6731155000000001,1.167751256,3.65
7938,0.002085421199999999,0.7133165,1.159711055,4.896231
7939,0.002086381199999999,0.693216,1.167751256,5.338442
7940,0.0020873411999999996,0.7133165,1.175791457,4.655025
7941,0.002088301199999999,0.693216,1.175791457,3.288191
7942,0.0020892611999999994,0.6731155000000001,1.175791457,1.599749
7943,0.002090221199999999,0.693216,1.167751256,0.4339200000000001
7944,0.0020911811999999993,0.693216,1.167751256,0.19271400000000005
7945,0.002092141199999999,0.6731155000000001,1.175791457,0.996734
7946,0.002093101199999999,0.693216,1.167751256,2.484171
7947,0.0020940611999999996,0.7133165,1.175791457,3.971608
7948,0.002095021199999999,0.7133165,1.167751256,5.137437
7949,0.0020959811999999994,0.7133165,1.175791457,5.298241
7950,0.002096941199999999,0.7133165,1.167751256,4.614824
7951,0.0020979011999999993,0.6731155000000001,1.159711055,3.2479899999999997
7952,0.002098861199999999,0.7334170000000001,1.159711055,1.7203519999999999
7953,0.002099821199999999,0.7334170000000001,1.159711055,0.5947239999999998
7954,0.0021007811999999996,0.7133165,1.159711055,0.19271400000000005
7955,0.002101741199999999,0.693216,1.159711055,0.5947239999999998
7956,0.0021027011999999994,0.693216,1.159711055,1.800754
7957,0.002103661199999999,0.7133165,1.159711055,3.2479899999999997
7958,0.0021046211999999993,0.693216,1.167751256,4.45402
7959,0.002105581199999999,0.7133165,1.167751256,5.258039999999999
7960,0.002106541199999999,0.7133165,1.167751256,5.258039999999999
7961,0.0021075011999999995,0.7133165,1.167751256,4.494221
7962,0.002108461199999999,0.7133165,1.167751256,3.1273869999999997
7963,0.0021094211999999994,0.693216,1.167751256,1.7605529999999998
7964,0.002110381199999999,0.7133165,1.167751256,0.5947239999999998
7965,0.0021113411999999993,0.693216,1.167751256,0.19271400000000005
7966,0.0021123011999999997,0.7133165,1.167751256,0.5545229999999997
7967,0.002113261199999999,0.7133165,1.167751256,1.680151
7968,0.0021142211999999995,0.693216,1.159711055,3.288191
7969,0.002115181199999999,0.693216,1.167751256,4.574623
7970,0.0021161411999999994,0.7133165,1.167751256,5.298241
7971,0.002117101199999999,0.693216,1.159711055,5.137437
7972,0.0021180611999999993,0.7133165,1.175791457,4.092211
7973,0.0021190211999999996,0.693216,1.167751256,2.4037689999999996
7974,0.002119981199999999,0.7133165,1.167751256,0.996734
7975,0.0021209411999999995,0.7133165,1.151670854,0.1525129999999999
7976,0.002121901199999999,0.693216,1.143630653,0.39371899999999993
7977,0.0021228611999999994,0.7133165,1.151670854,1.479146
7978,0.002123821199999999,0.7133165,1.159711055,3.207789
7979,0.0021247811999999993,0.7334170000000001,1.151670854,4.574623
7980,0.0021257411999999996,0.7133165,1.159711055,5.338442
7981,0.002126701199999999,0.7133165,1.151670854,4.976633
7982,0.0021276611999999995,0.7133165,1.159711055,3.770603
7983,0.002128621199999999,0.693216,1.175791457,2.04196
7984,0.0021295811999999994,0.7133165,1.167751256,0.6751259999999997
7985,0.002130541199999999,0.7133165,1.175791457,0.19271400000000005
7986,0.0021315011999999993,0.7334170000000001,1.175791457,0.7153269999999998
7987,0.0021324611999999996,0.7133165,1.167751256,2.202764
7988,0.002133421199999999,0.7334170000000001,1.159711055,3.851005
7989,0.0021343811999999995,0.7133165,1.167751256,5.097236
7990,0.002135341199999999,0.693216,1.159711055,5.338442
7991,0.0021363011999999994,0.7133165,1.167751256,4.534422
7992,0.002137261199999999,0.7334170000000001,1.159711055,2.966583
7993,0.0021382211999999992,0.7133165,1.167751256,1.3987439999999998
7994,0.0021391811999999996,0.7133165,1.167751256,0.3535179999999998
7995,0.002140141199999999,0.7133165,1.159711055,0.2731159999999999
7996,0.0021411011999999995,0.7133165,1.159711055,1.117337
7997,0.002142061199999999,0.7133165,1.159711055,2.564573
7998,0.0021430211999999994,0.7334170000000001,1.159711055,4.05201
7999,0.002143981199999999,0.693216,1.167751256,5.057035
8000,0.0021449411999999992,0.7133165,1.167751256,5.378643
8001,0.0021459011999999996,0.693216,1.151670854,4.815829
8002,0.002146861199999999,0.693216,1.159711055,3.529397
8003,0.0021478211999999995,0.693216,1.151670854,2.04196
8004,0.002148781199999999,0.7334170000000001,1.167751256,0.876131
8005,0.0021497411999999994,0.7133165,1.167751256,0.23291499999999976
8006,0.002150701199999999,0.693216,1.159711055,0.3535179999999998
8007,0.0021516611999999992,0.7334170000000001,1.159711055,1.23794
8008,0.0021526211999999996,0.7334170000000001,1.167751256,2.564573
8009,0.002153581199999999,0.7334170000000001,1.175791457,4.0118089999999995
8010,0.0021545411999999995,0.7334170000000001,1.167751256,5.016834
8011,0.002155501199999999,0.7334170000000001,1.159711055,5.338442
8012,0.0021564611999999993,0.7334170000000001,1.175791457,4.976633
8013,0.002157421199999999,0.7133165,1.167751256,3.931407
8014,0.002158381199999999,0.7133165,1.159711055,2.44397
8015,0.0021593411999999996,0.693216,1.167751256,1.117337
8016,0.002160301199999999,0.7133165,1.167751256,0.2731159999999999
8017,0.0021612611999999995,0.693216,1.167751256,0.23291499999999976
8018,0.002162221199999999,0.7133165,1.167751256,0.996734
8019,0.0021631811999999993,0.7133165,1.159711055,2.4037689999999996
8020,0.002164141199999999,0.7133165,1.159711055,3.931407
8021,0.002165101199999999,0.693216,1.167751256,5.057035
8022,0.0021660611999999996,0.7133165,1.159711055,5.338442
8023,0.002167021199999999,0.7133165,1.167751256,4.735427
8024,0.0021679811999999994,0.7133165,1.159711055,3.408794
8025,0.002168941199999999,0.7133165,1.159711055,1.800754
8026,0.0021699011999999993,0.7334170000000001,1.159711055,0.5545229999999997
8027,0.002170861199999999,0.7133165,1.159711055,0.19271400000000005
8028,0.002171821199999999,0.7133165,1.167751256,0.7153269999999998
8029,0.0021727811999999996,0.7133165,1.159711055,2.242965
8030,0.002173741199999999,0.7334170000000001,1.167751256,3.7304019999999998
8031,0.0021747011999999994,0.7535175000000001,1.175791457,5.016834
8032,0.002175661199999999,0.7334170000000001,1.167751256,5.378643
8033,0.0021766211999999993,0.7133165,1.167751256,4.695226
8034,0.002177581199999999,0.7133165,1.167751256,3.207789
8035,0.002178541199999999,0.693216,1.175791457,1.6399499999999998
8036,0.0021795011999999996,0.7133165,1.167751256,0.4741209999999998
8037,0.002180461199999999,0.693216,1.167751256,0.23291499999999976
8038,0.0021814211999999994,0.7334170000000001,1.167751256,1.0369349999999997
8039,0.002182381199999999,0.7334170000000001,1.159711055,2.564573
8040,0.0021833411999999993,0.7133165,1.151670854,4.05201
8041,0.002184301199999999,0.7334170000000001,1.159711055,5.177638
8042,0.002185261199999999,0.693216,1.159711055,5.338442
8043,0.0021862211999999995,0.7133165,1.151670854,4.45402
8044,0.002187181199999999,0.7133165,1.167751256,2.926382
8045,0.0021881411999999994,0.7133165,1.159711055,1.479146
8046,0.002189101199999999,0.7133165,1.159711055,0.3535179999999998
8047,0.0021900611999999993,0.7334170000000001,1.159711055,0.19271400000000005
8048,0.002191021199999999,0.7334170000000001,1.167751256,1.0771359999999999
8049,0.002191981199999999,0.7133165,1.167751256,2.4037689999999996
8050,0.0021929411999999995,0.7334170000000001,1.159711055,3.931407
8051,0.002193901199999999,0.7133165,1.175791457,5.057035
8052,0.0021948611999999994,0.7334170000000001,1.167751256,5.378643
8053,0.002195821199999999,0.7133165,1.159711055,4.775628
8054,0.0021967811999999993,0.7334170000000001,1.167751256,3.4891959999999997
8055,0.002197741199999999,0.7133165,1.175791457,1.961558
8056,0.002198701199999999,0.7133165,1.159711055,0.7957289999999997
8057,0.0021996611999999995,0.7133165,1.175791457,0.19271400000000005
8058,0.002200621199999999,0.7133165,1.175791457,0.514322
8059,0.0022015811999999994,0.7334170000000001,1.167751256,1.3987439999999998
8060,0.002202541199999999,0.7334170000000001,1.167751256,2.7655779999999996
8061,0.0022035011999999993,0.7334170000000001,1.167751256,4.172613
8062,0.0022044611999999996,0.7334170000000001,1.151670854,5.217839
8063,0.002205421199999999,0.7334170000000001,1.151670854,5.418844
8064,0.0022063811999999995,0.7334170000000001,1.159711055,4.735427
8065,0.002207341199999999,0.7133165,1.167751256,3.529397
8066,0.0022083011999999994,0.7133165,1.159711055,2.082161
8067,0.002209261199999999,0.7133165,1.167751256,0.876131
8068,0.0022102211999999993,0.7133165,1.167751256,0.23291499999999976
8069,0.0022111811999999996,0.7334170000000001,1.159711055,0.4339200000000001
8070,0.002212141199999999,0.7334170000000001,1.175791457,1.479146
8071,0.0022131011999999995,0.7334170000000001,1.159711055,3.0067839999999997
8072,0.002214061199999999,0.7535175000000001,1.159711055,4.413819
8073,0.0022150211999999994,0.7334170000000001,1.159711055,5.258039999999999
8074,0.002215981199999999,0.7334170000000001,1.167751256,5.258039999999999
8075,0.0022169411999999993,0.7133165,1.167751256,4.2530149999999995
8076,0.0022179011999999996,0.7133165,1.167751256,2.805779
8077,0.002218861199999999,0.7535175000000001,1.167751256,1.23794
8078,0.0022198211999999995,0.7334170000000001,1.175791457,0.2731159999999999
8079,0.002220781199999999,0.7535175000000001,1.167751256,0.31331700000000007
8080,0.0022217411999999994,0.7133165,1.175791457,1.3987439999999998
8081,0.002222701199999999,0.7334170000000001,1.167751256,2.966583
8082,0.0022236611999999992,0.7334170000000001,1.159711055,4.574623
8083,0.0022246211999999996,0.7334170000000001,1.175791457,5.338442
8084,0.002225581199999999,0.7535175000000001,1.159711055,5.137437
8085,0.0022265411999999995,0.7334170000000001,1.167751256,3.931407
8086,0.002227501199999999,0.7334170000000001,1.167751256,2.242965
8087,0.0022284611999999994,0.7133165,1.159711055,0.876131
8088,0.002229421199999999,0.7334170000000001,1.151670854,0.11231199999999975
8089,0.0022303811999999992,0.7334170000000001,1.159711055,0.5947239999999998
8090,0.0022313411999999996,0.7133165,1.167751256,1.800754
8091,0.002232301199999999,0.7334170000000001,1.159711055,3.4891959999999997
8092,0.0022332611999999995,0.7334170000000001,1.159711055,4.775628
8093,0.002234221199999999,0.7334170000000001,1.167751256,5.378643
8094,0.0022351811999999993,0.7334170000000001,1.167751256,4.976633
8095,0.002236141199999999,0.7334170000000001,1.151670854,3.770603
8096,0.0022371011999999992,0.7334170000000001,1.167751256,2.122362
8097,0.0022380611999999996,0.7133165,1.167751256,0.7957289999999997
8098,0.002239021199999999,0.7133165,1.167751256,0.19271400000000005
8099,0.0022399811999999995,0.7133165,1.175791457,0.514322
8100,0.002240941199999999,0.7334170000000001,1.167751256,1.599749
8101,0.0022419011999999993,0.7133165,1.167751256,3.046985
8102,0.002242861199999999,0.7535175000000001,1.167751256,4.534422
8103,0.002243821199999999,0.7334170000000001,1.167751256,5.338442
8104,0.0022447811999999996,0.7334170000000001,1.175791457,5.298241
8105,0.002245741199999999,0.7133165,1.175791457,4.45402
8106,0.0022467011999999995,0.7535175000000001,1.159711055,3.046985
8107,0.002247661199999999,0.7334170000000001,1.175791457,1.599749
8108,0.0022486211999999993,0.7334170000000001,1.1838316580000001,0.514322
8109,0.002249581199999999,0.7334170000000001,1.159711055,0.19271400000000005
8110,0.002250541199999999,0.7334170000000001,1.159711055,0.634925
8111,0.0022515011999999996,0.7334170000000001,1.159711055,1.7605529999999998
8112,0.002252461199999999,0.7334170000000001,1.175791457,3.288191
8113,0.0022534211999999994,0.7334170000000001,1.167751256,4.695226
8114,0.002254381199999999,0.7535175000000001,1.159711055,5.378643
8115,0.0022553411999999993,0.7133165,1.159711055,5.177638
8116,0.002256301199999999,0.7334170000000001,1.175791457,4.293216
8117,0.002257261199999999,0.7535175000000001,1.175791457,2.84598
8118,0.0022582211999999996,0.7334170000000001,1.167751256,1.3987439999999998
8119,0.002259181199999999,0.7334170000000001,1.175791457,0.39371899999999993
8120,0.0022601411999999994,0.7334170000000001,1.159711055,0.1525129999999999
8121,0.002261101199999999,0.7334170000000001,1.175791457,0.8359299999999998
8122,0.0022620611999999993,0.7334170000000001,1.167751256,2.04196
8123,0.002263021199999999,0.7535175000000001,1.167751256,3.6097989999999998
8124,0.002263981199999999,0.7535175000000001,1.159711055,4.85603
8125,0.0022649411999999996,0.7334170000000001,1.175791457,5.418844
8126,0.002265901199999999,0.7334170000000001,1.175791457,5.016834
8127,0.0022668611999999994,0.7334170000000001,1.175791457,3.931407
8128,0.002267821199999999,0.7133165,1.175791457,2.363568
8129,0.0022687811999999993,0.7535175000000001,1.175791457,0.9565329999999999
8130,0.002269741199999999,0.7535175000000001,1.167751256,0.23291499999999976
8131,0.002270701199999999,0.7334170000000001,1.159711055,0.3535179999999998
8132,0.0022716611999999995,0.7535175000000001,1.175791457,1.5193469999999998
8133,0.002272621199999999,0.7334170000000001,1.175791457,3.046985
8134,0.0022735811999999994,0.7535175000000001,1.167751256,4.494221
8135,0.002274541199999999,0.773618,1.159711055,5.338442
8136,0.0022755011999999993,0.7334170000000001,1.159711055,5.258039999999999
8137,0.002276461199999999,0.7133165,1.175791457,4.212814
8138,0.002277421199999999,0.7334170000000001,1.167751256,2.805779
8139,0.0022783811999999995,0.7334170000000001,1.159711055,1.23794
8140,0.002279341199999999,0.7334170000000001,1.159711055,0.3535179999999998
8141,0.0022803011999999985,0.773618,1.175791457,0.2731159999999999
8142,0.0022812611999999998,0.7334170000000001,1.167751256,1.117337
8143,0.0022822211999999993,0.7334170000000001,1.167751256,2.604774
8144,0.0022831811999999988,0.773618,1.167751256,4.092211
8145,0.0022841412,0.7334170000000001,1.175791457,5.097236
8146,0.0022851011999999995,0.7334170000000001,1.175791457,5.338442
8147,0.002286061199999999,0.7334170000000001,1.159711055,4.695226
8148,0.0022870211999999985,0.7334170000000001,1.175791457,3.3685929999999997
8149,0.0022879811999999998,0.7535175000000001,1.167751256,1.7203519999999999
8150,0.0022889411999999993,0.7535175000000001,1.175791457,0.634925
8151,0.0022899011999999988,0.7535175000000001,1.167751256,0.1525129999999999
8152,0.0022908612,0.7535175000000001,1.167751256,0.5947239999999998
8153,0.0022918211999999995,0.7535175000000001,1.167751256,1.680151
8154,0.002292781199999999,0.7334170000000001,1.159711055,3.207789
8155,0.0022937411999999985,0.7535175000000001,1.159711055,4.574623
8156,0.0022947011999999998,0.7334170000000001,1.159711055,5.298241
8157,0.0022956611999999993,0.7334170000000001,1.167751256,5.298241
8158,0.0022966211999999988,0.7334170000000001,1.159711055,4.45402
8159,0.0022975812,0.7535175000000001,1.175791457,3.046985
8160,0.0022985411999999995,0.7535175000000001,1.167751256,1.559548
8161,0.002299501199999999,0.7535175000000001,1.167751256,0.4741209999999998
8162,0.0023004611999999985,0.7535175000000001,1.167751256,0.19271400000000005
8163,0.0023014211999999997,0.7334170000000001,1.151670854,0.6751259999999997
8164,0.0023023811999999992,0.7133165,1.159711055,2.04196
8165,0.0023033411999999987,0.7535175000000001,1.167751256,3.4891959999999997
8166,0.0023043012,0.7535175000000001,1.167751256,4.695226
8167,0.0023052611999999995,0.7535175000000001,1.167751256,5.418844
8168,0.002306221199999999,0.7535175000000001,1.159711055,5.137437
8169,0.0023071811999999985,0.7334170000000001,1.167751256,4.092211
8170,0.0023081411999999997,0.7535175000000001,1.175791457,2.685176
8171,0.0023091011999999992,0.7334170000000001,1.175791457,1.1977389999999999
8172,0.0023100611999999987,0.7535175000000001,1.175791457,0.31331700000000007
8173,0.0023110212,0.7535175000000001,1.175791457,0.23291499999999976
8174,0.0023119811999999995,0.7334170000000001,1.175791457,1.117337
8175,0.002312941199999999,0.7535175000000001,1.167751256,2.4037689999999996
8176,0.0023139011999999985,0.7535175000000001,1.167751256,3.891206
8177,0.0023148611999999997,0.773618,1.175791457,5.016834
8178,0.0023158211999999992,0.7535175000000001,1.175791457,5.459045
8179,0.0023167811999999987,0.7535175000000001,1.167751256,4.896231
8180,0.0023177412,0.7133165,1.167751256,3.6097989999999998
8181,0.0023187011999999995,0.7334170000000001,1.159711055,2.242965
8182,0.002319661199999999,0.7535175000000001,1.175791457,0.8359299999999998
8183,0.0023206211999999985,0.773618,1.167751256,0.1525129999999999
8184,0.0023215811999999997,0.7535175000000001,1.167751256,0.4339200000000001
8185,0.002322541199999999,0.7535175000000001,1.159711055,1.479146
8186,0.0023235011999999987,0.773618,1.175791457,2.966583
8187,0.0023244612,0.7334170000000001,1.167751256,4.413819
8188,0.0023254211999999995,0.7535175000000001,1.167751256,5.298241
8189,0.002326381199999999,0.7535175000000001,1.167751256,5.338442
8190,0.0023273411999999985,0.773618,1.159711055,4.413819
8191,0.0023283011999999997,0.773618,1.175791457,2.966583
8192,0.002329261199999999,0.7535175000000001,1.167751256,1.479146
8193,0.0023302211999999987,0.773618,1.175791457,0.39371899999999993
8194,0.0023311812,0.7535175000000001,1.175791457,0.19271400000000005
8195,0.0023321411999999994,0.7535175000000001,1.159711055,0.9163319999999997
8196,0.002333101199999999,0.7535175000000001,1.175791457,2.323367
8197,0.0023340611999999985,0.7535175000000001,1.167751256,3.851005
8198,0.0023350211999999997,0.7535175000000001,1.175791457,5.016834
8199,0.002335981199999999,0.7334170000000001,1.159711055,5.378643
8200,0.0023369411999999987,0.7535175000000001,1.167751256,4.896231
8201,0.0023379012,0.773618,1.159711055,3.569598
8202,0.0023388611999999994,0.7535175000000001,1.167751256,2.04196
8203,0.002339821199999999,0.7334170000000001,1.167751256,0.7153269999999998
8204,0.0023407811999999984,0.7535175000000001,1.159711055,0.19271400000000005
8205,0.0023417411999999997,0.7334170000000001,1.167751256,0.634925
8206,0.002342701199999999,0.7334170000000001,1.175791457,1.800754
8207,0.0023436611999999987,0.7535175000000001,1.159711055,3.328392
8208,0.0023446212,0.7535175000000001,1.159711055,4.695226
8209,0.0023455811999999994,0.7937185000000001,1.159711055,5.378643
8210,0.002346541199999999,0.7334170000000001,1.175791457,5.137437
8211,0.0023475011999999984,0.773618,1.175791457,4.05201
8212,0.0023484611999999997,0.7535175000000001,1.175791457,2.4037689999999996
8213,0.002349421199999999,0.773618,1.159711055,0.996734
8214,0.0023503811999999987,0.7535175000000001,1.175791457,0.23291499999999976
8215,0.0023513412,0.7937185000000001,1.159711055,0.4339200000000001
8216,0.0023523011999999994,0.7535175000000001,1.167751256,1.479146
8217,0.002353261199999999,0.7535175000000001,1.167751256,3.0067839999999997
8218,0.0023542211999999984,0.773618,1.1838316580000001,4.45402
8219,0.0023551811999999997,0.7535175000000001,1.175791457,5.338442
8220,0.002356141199999999,0.7535175000000001,1.167751256,5.258039999999999
8221,0.0023571011999999987,0.773618,1.1838316580000001,4.212814
8222,0.0023580612,0.7535175000000001,1.167751256,2.7655779999999996
8223,0.0023590211999999994,0.7937185000000001,1.159711055,1.23794
8224,0.002359981199999999,0.773618,1.167751256,0.31331700000000007
8225,0.0023609411999999984,0.773618,1.167751256,0.19271400000000005
8226,0.0023619011999999997,0.7535175000000001,1.167751256,1.117337
8227,0.002362861199999999,0.773618,1.159711055,2.5243719999999996
8228,0.0023638211999999987,0.773618,1.159711055,4.0118089999999995
8229,0.0023647812,0.7535175000000001,1.167751256,5.097236
8230,0.0023657411999999994,0.773618,1.167751256,5.418844
8231,0.002366701199999999,0.773618,1.175791457,4.815829
8232,0.0023676611999999984,0.773618,1.175791457,3.569598
8233,0.0023686211999999996,0.773618,1.175791457,2.122362
8234,0.002369581199999999,0.7535175000000001,1.175791457,0.7957289999999997
8235,0.0023705411999999986,0.7334170000000001,1.175791457,0.1525129999999999
8236,0.0023715012,0.773618,1.167751256,0.4339200000000001
8237,0.0023724611999999994,0.773618,1.175791457,1.3987439999999998
8238,0.002373421199999999,0.773618,1.175791457,2.725377
8239,0.0023743811999999984,0.773618,1.167751256,4.172613
8240,0.0023753411999999996,0.7535175000000001,1.1838316580000001,5.217839
8241,0.002376301199999999,0.7535175000000001,1.175791457,5.338442
8242,0.0023772611999999986,0.7535175000000001,1.175791457,4.655025
8243,0.0023782212,0.773618,1.167751256,3.3685929999999997
8244,0.0023791811999999994,0.773618,1.167751256,1.8811559999999998
8245,0.002380141199999999,0.773618,1.175791457,0.5947239999999998
8246,0.0023811011999999984,0.773618,1.167751256,0.1525129999999999
8247,0.0023820611999999996,0.773618,1.167751256,0.6751259999999997
8248,0.002383021199999999,0.7937185000000001,1.167751256,2.082161
8249,0.0023839811999999986,0.7937185000000001,1.159711055,3.6097989999999998
8250,0.0023849412,0.773618,1.175791457,4.976633
8251,0.0023859011999999994,0.773618,1.167751256,5.418844
8252,0.002386861199999999,0.7535175000000001,1.159711055,4.976633
8253,0.0023878211999999984,0.773618,1.159711055,3.690201
8254,0.0023887811999999996,0.773618,1.167751256,2.082161
8255,0.002389741199999999,0.773618,1.175791457,0.755528
8256,0.0023907011999999986,0.7937185000000001,1.167751256,0.1525129999999999
8257,0.0023916612,0.773618,1.175791457,0.634925
8258,0.0023926211999999994,0.773618,1.1838316580000001,1.921357
8259,0.002393581199999999,0.7937185000000001,1.175791457,3.569598
8260,0.0023945411999999984,0.773618,1.167751256,4.896231
8261,0.0023955011999999996,0.773618,1.175791457,5.378643
8262,0.002396461199999999,0.773618,1.175791457,5.057035
8263,0.0023974211999999986,0.773618,1.175791457,3.770603
8264,0.0023983812,0.7937185000000001,1.1838316580000001,2.1625629999999996
8265,0.0023993411999999993,0.7937185000000001,1.167751256,0.7957289999999997
8266,0.002400301199999999,0.7937185000000001,1.175791457,0.19271400000000005
8267,0.0024012611999999984,0.773618,1.167751256,0.514322
8268,0.0024022211999999996,0.7937185000000001,1.167751256,1.599749
8269,0.002403181199999999,0.773618,1.1838316580000001,3.1273869999999997
8270,0.0024041411999999986,0.773618,1.159711055,4.534422
8271,0.0024051012,0.7535175000000001,1.167751256,5.378643
8272,0.0024060611999999993,0.773618,1.175791457,5.298241
8273,0.002407021199999999,0.7937185000000001,1.167751256,4.413819
8274,0.0024079811999999983,0.7937185000000001,1.167751256,2.966583
8275,0.0024089411999999996,0.7535175000000001,1.159711055,1.479146
8276,0.002409901199999999,0.7535175000000001,1.167751256,0.39371899999999993
8277,0.0024108611999999986,0.773618,1.167751256,0.19271400000000005
8278,0.0024118212,0.7937185000000001,1.167751256,0.8359299999999998
8279,0.0024127811999999993,0.773618,1.1838316580000001,2.122362
8280,0.002413741199999999,0.773618,1.175791457,3.65
8281,0.0024147011999999983,0.773618,1.175791457,4.695226
8282,0.0024156611999999996,0.7937185000000001,1.175791457,5.459045
8283,0.002416621199999999,0.7937185000000001,1.175791457,5.298241
8284,0.0024175811999999986,0.7937185000000001,1.175791457,4.293216
8285,0.0024185412,0.773618,1.1838316580000001,2.966583
8286,0.0024195011999999993,0.773618,1.167751256,1.5193469999999998
8287,0.002420461199999999,0.773618,1.175791457,0.4741209999999998
8288,0.0024214212,0.7937185000000001,1.1838316580000001,0.19271400000000005
8289,0.0024223811999999996,0.773618,1.175791457,0.6751259999999997
8290,0.002423341199999999,0.773618,1.1838316580000001,1.800754
8291,0.0024243011999999986,0.7937185000000001,1.167751256,3.288191
8292,0.0024252612,0.7937185000000001,1.175791457,4.534422
8293,0.0024262211999999993,0.8138190000000001,1.159711055,5.338442
8294,0.002427181199999999,0.773618,1.167751256,5.298241
8295,0.0024281412,0.7937185000000001,1.175791457,4.574623
8296,0.0024291011999999996,0.8138190000000001,1.167751256,3.207789
8297,0.002430061199999999,0.7535175000000001,1.167751256,1.680151
8298,0.0024310211999999986,0.773618,1.167751256,0.514322
8299,0.0024319812,0.773618,1.159711055,0.1525129999999999
8300,0.0024329411999999993,0.773618,1.167751256,0.7957289999999997
8301,0.002433901199999999,0.7937185000000001,1.167751256,1.961558
8302,0.0024348612,0.7937185000000001,1.175791457,3.65
8303,0.0024358211999999995,0.7937185000000001,1.1838316580000001,4.936432
8304,0.002436781199999999,0.773618,1.175791457,5.499245999999999
8305,0.0024377411999999985,0.773618,1.175791457,4.976633
8306,0.0024387012,0.773618,1.1838316580000001,3.7304019999999998
8307,0.0024396611999999993,0.7937185000000001,1.175791457,2.001759
8308,0.002440621199999999,0.7937185000000001,1.175791457,0.7153269999999998
8309,0.0024415812,0.773618,1.1838316580000001,0.11231199999999975
8310,0.0024425411999999995,0.7937185000000001,1.175791457,0.7153269999999998
8311,0.002443501199999999,0.773618,1.167751256,1.961558
8312,0.0024444611999999985,0.773618,1.167751256,3.6097989999999998
8313,0.0024454211999999998,0.773618,1.175791457,4.976633
8314,0.0024463811999999993,0.7937185000000001,1.175791457,5.418844
8315,0.0024473411999999988,0.773618,1.167751256,4.896231
8316,0.0024483012,0.8138190000000001,1.167751256,3.529397
8317,0.0024492611999999995,0.773618,1.175791457,1.8811559999999998
8318,0.002450221199999999,0.773618,1.175791457,0.634925
8319,0.0024511811999999985,0.7937185000000001,1.167751256,0.19271400000000005
8320,0.0024521411999999998,0.773618,1.175791457,0.634925
8321,0.0024531011999999993,0.7937185000000001,1.175791457,1.8811559999999998
8322,0.0024540611999999988,0.8138190000000001,1.175791457,3.408794
8323,0.0024550212,0.773618,1.175791457,4.735427
8324,0.0024559811999999995,0.8138190000000001,1.175791457,5.378643
8325,0.002456941199999999,0.8138190000000001,1.175791457,5.217839
8326,0.0024579011999999985,0.773618,1.175791457,4.172613
8327,0.0024588611999999998,0.773618,1.1838316580000001,2.84598
8328,0.0024598211999999993,0.8138190000000001,1.1838316580000001,1.358543
8329,0.0024607811999999988,0.773618,1.1838316580000001,0.4339200000000001
8330,0.0024617412,0.7937185000000001,1.175791457,0.23291499999999976
8331,0.0024627011999999995,0.7937185000000001,1.1838316580000001,0.7957289999999997
8332,0.002463661199999999,0.7937185000000001,1.167751256,2.04196
8333,0.0024646211999999985,0.8138190000000001,1.1838316580000001,3.4891959999999997
8334,0.0024655811999999997,0.7937185000000001,1.1838316580000001,4.775628
8335,0.0024665411999999992,0.7937185000000001,1.175791457,5.418844
8336,0.0024675011999999987,0.8138190000000001,1.175791457,5.338442
8337,0.0024684612,0.773618,1.175791457,4.413819
8338,0.0024694211999999995,0.8138190000000001,1.175791457,3.0067839999999997
8339,0.002470381199999999,0.7937185000000001,1.175791457,1.5193469999999998
8340,0.0024713411999999985,0.773618,1.167751256,0.4741209999999998
8341,0.0024723011999999997,0.773618,1.167751256,0.19271400000000005
8342,0.0024732611999999992,0.7937185000000001,1.175791457,0.7957289999999997
8343,0.0024742211999999987,0.773618,1.167751256,1.961558
8344,0.0024751812,0.7937185000000001,1.1838316580000001,3.529397
8345,0.0024761411999999995,0.7937185000000001,1.159711055,4.815829
8346,0.002477101199999999,0.7937185000000001,1.167751256,5.418844
8347,0.0024780611999999985,0.7937185000000001,1.175791457,5.217839
8348,0.0024790211999999997,0.7937185000000001,1.175791457,4.092211
8349,0.0024799811999999992,0.7937185000000001,1.175791457,2.6449749999999996
8350,0.0024809411999999987,0.773618,1.1838316580000001,1.117337
8351,0.0024819012,0.8138190000000001,1.1838316580000001,0.31331700000000007
8352,0.0024828611999999995,0.773618,1.175791457,0.31331700000000007
8353,0.002483821199999999,0.7937185000000001,1.175791457,1.2781409999999997
8354,0.0024847811999999985,0.8138190000000001,1.175791457,2.805779
8355,0.0024857411999999997,0.7937185000000001,1.175791457,4.293216
8356,0.002486701199999999,0.8339195,1.175791457,5.298241
8357,0.0024876611999999987,0.8339195,1.175791457,5.418844
8358,0.0024886212,0.8138190000000001,1.167751256,4.614824
8359,0.0024895811999999995,0.7937185000000001,1.167751256,2.926382
8360,0.002490541199999999,0.8138190000000001,1.167751256,1.438945
8361,0.0024915011999999985,0.8138190000000001,1.175791457,0.4339200000000001
8362,0.0024924611999999997,0.8138190000000001,1.175791457,0.2731159999999999
8363,0.002493421199999999,0.7937185000000001,1.159711055,1.0369349999999997
8364,0.0024943811999999987,0.7937185000000001,1.175791457,2.564573
8365,0.0024953412,0.8138190000000001,1.175791457,4.172613
8366,0.0024963011999999994,0.8339195,1.175791457,5.258039999999999
8367,0.002497261199999999,0.8339195,1.167751256,5.418844
8368,0.0024982211999999985,0.8138190000000001,1.175791457,4.695226
8369,0.0024991811999999997,0.8138190000000001,1.167751256,3.167588
8370,0.002500141199999999,0.773618,1.167751256,1.6399499999999998
8371,0.0025011011999999987,0.7937185000000001,1.167751256,0.4741209999999998
8372,0.0025020612,0.7937185000000001,1.175791457,0.19271400000000005
8373,0.0025030211999999994,0.7937185000000001,1.191871859,0.755528
8374,0.002503981199999999,0.7937185000000001,1.175791457,2.04196
8375,0.0025049411999999984,0.7937185000000001,1.1838316580000001,3.690201
8376,0.0025059011999999997,0.7937185000000001,1.175791457,4.936432
8377,0.002506861199999999,0.8138190000000001,1.175791457,5.459045
8378,0.0025078211999999987,0.8138190000000001,1.175791457,5.097236
8379,0.0025087812,0.8138190000000001,1.1838316580000001,3.971608
8380,0.0025097411999999994,0.7937185000000001,1.175791457,2.5243719999999996
8381,0.002510701199999999,0.8138190000000001,1.1838316580000001,1.117337
8382,0.0025116611999999984,0.7937185000000001,1.175791457,0.23291499999999976
8383,0.0025126211999999997,0.7937185000000001,1.175791457,0.31331700000000007
8384,0.002513581199999999,0.7937185000000001,1.167751256,1.117337
8385,0.0025145411999999987,0.8339195,1.167751256,2.484171
8386,0.0025155012,0.7937185000000001,1.167751256,3.971608
8387,0.0025164611999999994,0.7937185000000001,1.175791457,5.137437
8388,0.002517421199999999,0.8138190000000001,1.167751256,5.459045
8389,0.0025183811999999984,0.8138190000000001,1.175791457,4.896231
8390,0.0025193411999999997,0.8138190000000001,1.1838316580000001,3.770603
8391,0.002520301199999999,0.8138190000000001,1.167751256,2.242965
8392,0.0025212611999999987,0.8138190000000001,1.175791457,0.9163319999999997
8393,0.0025222212,0.8138190000000001,1.175791457,0.19271400000000005
8394,0.0025231811999999994,0.7937185000000001,1.167751256,0.4339200000000001
8395,0.002524141199999999,0.8138190000000001,1.167751256,1.358543
8396,0.0025251011999999984,0.7937185000000001,1.1838316580000001,2.966583
8397,0.0025260611999999997,0.8138190000000001,1.1838316580000001,4.494221
8398,0.002527021199999999,0.8138190000000001,1.167751256,5.298241
8399,0.0025279811999999987,0.8138190000000001,1.1838316580000001,5.418844
8400,0.0025289412,0.8138190000000001,1.1838316580000001,4.614824
8401,0.0025299011999999994,0.7937185000000001,1.175791457,3.2479899999999997
8402,0.002530861199999999,0.8138190000000001,1.1838316580000001,1.7605529999999998
8403,0.0025318211999999984,0.7937185000000001,1.1838316580000001,0.634925
8404,0.0025327811999999996,0.8138190000000001,1.1838316580000001,0.19271400000000005
8405,0.002533741199999999,0.8138190000000001,1.175791457,0.6751259999999997
8406,0.0025347011999999986,0.8339195,1.167751256,1.840955
8407,0.0025356612,0.8138190000000001,1.167751256,3.328392
8408,0.0025366211999999994,0.8138190000000001,1.167751256,4.695226
8409,0.002537581199999999,0.8138190000000001,1.175791457,5.459045
8410,0.0025385411999999984,0.7937185000000001,1.159711055,5.298241
8411,0.0025395011999999996,0.8138190000000001,1.167751256,4.333417
8412,0.002540461199999999,0.8138190000000001,1.175791457,2.805779
8413,0.0025414211999999986,0.85402,1.1838316580000001,1.23794
8414,0.0025423812,0.8138190000000001,1.1838316580000001,0.3535179999999998
8415,0.0025433411999999994,0.8339195,1.175791457,0.23291499999999976
8416,0.002544301199999999,0.8138190000000001,1.167751256,1.0771359999999999
8417,0.0025452611999999984,0.8339195,1.175791457,2.564573
8418,0.0025462211999999996,0.8138190000000001,1.175791457,4.0118089999999995
8419,0.002547181199999999,0.8138190000000001,1.1838316580000001,5.258039999999999
8420,0.0025481411999999986,0.7937185000000001,1.1838316580000001,5.418844
8421,0.0025491012,0.7937185000000001,1.175791457,4.815829
8422,0.0025500611999999994,0.7937185000000001,1.175791457,3.3685929999999997
8423,0.002551021199999999,0.8138190000000001,1.1838316580000001,1.8811559999999998
8424,0.0025519811999999984,0.85402,1.1838316580000001,0.5947239999999998
8425,0.0025529411999999996,0.7937185000000001,1.191871859,0.1525129999999999
8426,0.002553901199999999,0.8138190000000001,1.1838316580000001,0.5947239999999998
8427,0.0025548611999999986,0.8138190000000001,1.1838316580000001,1.800754
8428,0.0025558212,0.8339195,1.1838316580000001,3.4891959999999997
8429,0.0025567811999999994,0.8138190000000001,1.167751256,4.735427
8430,0.002557741199999999,0.85402,1.175791457,5.418844
8431,0.0025587011999999984,0.8339195,1.167751256,5.298241
8432,0.0025596611999999996,0.8339195,1.175791457,4.2530149999999995
8433,0.002560621199999999,0.8339195,1.167751256,2.84598
8434,0.0025615811999999986,0.8138190000000001,1.175791457,1.3987439999999998
8435,0.0025625412,0.8138190000000001,1.175791457,0.4339200000000001
8436,0.0025635011999999993,0.8138190000000001,1.175791457,0.19271400000000005
8437,0.002564461199999999,0.8138190000000001,1.167751256,0.876131
8438,0.0025654211999999984,0.8138190000000001,1.167751256,2.242965
8439,0.0025663811999999996,0.8138190000000001,1.175791457,3.65
8440,0.002567341199999999,0.8138190000000001,1.1838316580000001,4.976633
8441,0.0025683011999999986,0.8339195,1.175791457,5.499245999999999
8442,0.0025692612,0.8339195,1.175791457,5.177638
8443,0.0025702211999999993,0.8138190000000001,1.175791457,4.092211
8444,0.002571181199999999,0.8138190000000001,1.1838316580000001,2.6449749999999996
8445,0.0025721411999999983,0.8138190000000001,1.175791457,1.1977389999999999
8446,0.0025731011999999996,0.8138190000000001,1.1838316580000001,0.31331700000000007
8447,0.002574061199999999,0.8138190000000001,1.191871859,0.2731159999999999
8448,0.0025750211999999986,0.85402,1.191871859,1.0369349999999997
8449,0.0025759812,0.8138190000000001,1.191871859,2.44397
8450,0.0025769411999999993,0.8138190000000001,1.1838316580000001,3.931407
8451,0.002577901199999999,0.8138190000000001,1.1838316580000001,5.097236
8452,0.0025788611999999983,0.8138190000000001,1.1838316580000001,5.459045
8453,0.0025798211999999996,0.8339195,1.175791457,5.057035
8454,0.002580781199999999,0.85402,1.175791457,3.971608
8455,0.0025817411999999986,0.8339195,1.167751256,2.44397
8456,0.0025827012,0.8138190000000001,1.167751256,1.1575379999999997
8457,0.0025836611999999993,0.8138190000000001,1.175791457,0.31331700000000007
8458,0.002584621199999999,0.8339195,1.175791457,0.23291499999999976
8459,0.0025855811999999983,0.8138190000000001,1.167751256,0.996734
8460,0.0025865411999999996,0.8339195,1.175791457,2.2831659999999996
8461,0.002587501199999999,0.7937185000000001,1.167751256,3.851005
8462,0.0025884611999999986,0.85402,1.167751256,4.976633
8463,0.0025894212,0.8138190000000001,1.1838316580000001,5.499245999999999
8464,0.0025903811999999993,0.8138190000000001,1.1838316580000001,5.137437
8465,0.002591341199999999,0.8138190000000001,1.175791457,4.092211
8466,0.0025923012,0.7937185000000001,1.1838316580000001,2.604774
8467,0.0025932611999999996,0.85402,1.1838316580000001,1.23794
8468,0.002594221199999999,0.8339195,1.175791457,0.31331700000000007
8469,0.0025951811999999986,0.8339195,1.1838316580000001,0.2731159999999999
8470,0.0025961412,0.8339195,1.1838316580000001,1.117337
8471,0.0025971011999999993,0.8138190000000001,1.191871859,2.604774
8472,0.002598061199999999,0.85402,1.1838316580000001,4.1324119999999995
8473,0.0025990212,0.8138190000000001,1.191871859,5.217839
8474,0.0025999811999999995,0.8339195,1.1838316580000001,5.459045
8475,0.002600941199999999,0.8138190000000001,1.175791457,4.775628
8476,0.0026019011999999985,0.7937185000000001,1.175791457,3.207789
8477,0.0026028612,0.8138190000000001,1.1838316580000001,1.6399499999999998
8478,0.0026038211999999993,0.8138190000000001,1.175791457,0.4339200000000001
8479,0.002604781199999999,0.8138190000000001,1.175791457,0.23291499999999976
8480,0.0026057412,0.8339195,1.175791457,0.9565329999999999
8481,0.0026067011999999995,0.8138190000000001,1.175791457,2.5243719999999996
8482,0.002607661199999999,0.85402,1.175791457,4.092211
8483,0.0026086211999999985,0.8339195,1.1838316580000001,5.217839
8484,0.0026095811999999998,0.7937185000000001,1.175791457,5.459045
8485,0.0026105411999999993,0.8339195,1.175791457,4.735427
8486,0.0026115011999999988,0.85402,1.1838316580000001,3.2479899999999997
8487,0.0026124612,0.8138190000000001,1.167751256,1.680151
8488,0.0026134211999999995,0.8138190000000001,1.175791457,0.5947239999999998
8489,0.002614381199999999,0.85402,1.1838316580000001,0.1525129999999999
8490,0.0026153411999999985,0.8339195,1.1838316580000001,0.755528
8491,0.0026163011999999998,0.8138190000000001,1.175791457,1.961558
8492,0.0026172611999999993,0.85402,1.1838316580000001,3.529397
8493,0.0026182211999999988,0.85402,1.1838316580000001,4.815829
8494,0.0026191812,0.8339195,1.1838316580000001,5.499245999999999
8495,0.0026201411999999995,0.8339195,1.1838316580000001,5.298241
8496,0.002621101199999999,0.8339195,1.191871859,4.212814
8497,0.0026220611999999985,0.8339195,1.1838316580000001,2.8861809999999997
8498,0.0026230211999999998,0.8339195,1.191871859,1.479146
8499,0.0026239811999999993,0.8339195,1.191871859,0.514322
8500,0.0026249411999999988,0.8339195,1.1838316580000001,0.19271400000000005
8501,0.0026259012,0.8339195,1.191871859,0.7153269999999998
8502,0.0026268611999999995,0.8339195,1.1838316580000001,1.800754
8503,0.002627821199999999,0.8138190000000001,1.1838316580000001,3.408794
8504,0.0026287811999999985,0.8339195,1.167751256,4.695226
8505,0.0026297411999999997,0.8138190000000001,1.167751256,5.378643
8506,0.0026307011999999992,0.8339195,1.175791457,5.418844
8507,0.0026316611999999988,0.85402,1.175791457,4.534422
8508,0.0026326212,0.8339195,1.175791457,3.087186
8509,0.0026335811999999995,0.8339195,1.175791457,1.6399499999999998
8510,0.002634541199999999,0.85402,1.1838316580000001,0.514322
8511,0.0026355011999999985,0.8339195,1.175791457,0.19271400000000005
8512,0.0026364611999999997,0.8339195,1.1838316580000001,0.7153269999999998
8513,0.0026374211999999992,0.8138190000000001,1.175791457,1.961558
8514,0.0026383811999999987,0.8339195,1.1838316580000001,3.529397
8515,0.0026393412,0.8138190000000001,1.191871859,4.936432
8516,0.0026403011999999995,0.8741205000000001,1.191871859,5.499245999999999
8517,0.002641261199999999,0.8339195,1.1838316580000001,5.217839
8518,0.0026422211999999985,0.8741205000000001,1.1838316580000001,3.971608
8519,0.0026431811999999997,0.8339195,1.1838316580000001,2.363568
8520,0.0026441411999999992,0.85402,1.1838316580000001,0.9163319999999997
8521,0.0026451011999999987,0.8339195,1.191871859,0.1525129999999999
8522,0.0026460612,0.8339195,1.191871859,0.4741209999999998
8523,0.0026470211999999995,0.8138190000000001,1.191871859,1.559548
8524,0.002647981199999999,0.85402,1.1838316580000001,3.207789
8525,0.0026489411999999985,0.8339195,1.1838316580000001,4.695226
8526,0.0026499011999999997,0.85402,1.175791457,5.499245999999999
8527,0.002650861199999999,0.85402,1.175791457,5.258039999999999
8528,0.0026518211999999987,0.8339195,1.159711055,4.1324119999999995
8529,0.0026527812,0.8741205000000001,1.175791457,2.564573
8530,0.0026537411999999995,0.85402,1.175791457,0.9565329999999999
8531,0.002654701199999999,0.8138190000000001,1.175791457,0.19271400000000005
8532,0.0026556611999999985,0.8339195,1.175791457,0.3535179999999998
8533,0.0026566211999999997,0.85402,1.1838316580000001,1.559548
8534,0.002657581199999999,0.8339195,1.191871859,3.167588
8535,0.0026585411999999987,0.8339195,1.191871859,4.655025
8536,0.0026595012,0.85402,1.1838316580000001,5.499245999999999
8537,0.0026604611999999995,0.8339195,1.1838316580000001,5.338442
8538,0.002661421199999999,0.8339195,1.175791457,4.373618
8539,0.0026623811999999985,0.8339195,1.1838316580000001,2.926382
8540,0.0026633411999999997,0.8339195,1.175791457,1.318342
8541,0.002664301199999999,0.85402,1.1838316580000001,0.31331700000000007
8542,0.0026652611999999987,0.8339195,1.191871859,0.23291499999999976
8543,0.0026662212,0.85402,1.1838316580000001,0.996734
8544,0.0026671811999999994,0.8741205000000001,1.1838316580000001,2.44397
8545,0.002668141199999999,0.85402,1.1838316580000001,3.891206
8546,0.0026691011999999984,0.85402,1.1838316580000001,5.097236
8547,0.0026700611999999997,0.85402,1.1838316580000001,5.499245999999999
8548,0.002671021199999999,0.8339195,1.175791457,5.177638
8549,0.0026719811999999987,0.85402,1.175791457,4.172613
8550,0.0026729412,0.8339195,1.175791457,2.6449749999999996
8551,0.0026739011999999994,0.8339195,1.167751256,1.318342
8552,0.002674861199999999,0.8339195,1.175791457,0.39371899999999993
8553,0.0026758211999999984,0.85402,1.167751256,0.23291499999999976
8554,0.0026767811999999997,0.8339195,1.167751256,0.7957289999999997
8555,0.002677741199999999,0.85402,1.1838316580000001,1.961558
8556,0.0026787011999999987,0.8741205000000001,1.175791457,3.4891959999999997
8557,0.0026796612,0.8339195,1.175791457,4.735427
8558,0.0026806211999999994,0.85402,1.1838316580000001,5.459045
8559,0.002681581199999999,0.85402,1.1838316580000001,5.378643
8560,0.0026825411999999984,0.8339195,1.1838316580000001,4.45402
8561,0.0026835011999999997,0.85402,1.1838316580000001,3.046985
8562,0.002684461199999999,0.85402,1.191871859,1.559548
8563,0.0026854211999999987,0.8339195,1.175791457,0.514322
8564,0.0026863812,0.8339195,1.175791457,0.1525129999999999
8565,0.0026873411999999994,0.8138190000000001,1.1838316580000001,0.8359299999999998
8566,0.002688301199999999,0.85402,1.1838316580000001,2.1625629999999996
8567,0.0026892611999999984,0.85402,1.1838316580000001,3.770603
8568,0.0026902211999999997,0.85402,1.1838316580000001,5.016834
8569,0.002691181199999999,0.8741205000000001,1.191871859,5.499245999999999
8570,0.0026921411999999987,0.8339195,1.1838316580000001,5.016834
8571,0.0026931012,0.8339195,1.1838316580000001,3.7304019999999998
8572,0.0026940611999999994,0.8339195,1.1838316580000001,2.202764
8573,0.002695021199999999,0.85402,1.175791457,0.7153269999999998
8574,0.0026959811999999984,0.85402,1.167751256,0.1525129999999999
8575,0.0026969411999999996,0.85402,1.175791457,0.514322
8576,0.002697901199999999,0.8339195,1.167751256,1.7203519999999999
8577,0.0026988611999999986,0.8339195,1.175791457,3.288191
8578,0.0026998212,0.8339195,1.167751256,4.735427
8579,0.0027007811999999994,0.8741205000000001,1.175791457,5.459045
8580,0.002701741199999999,0.8339195,1.1838316580000001,5.298241
8581,0.0027027011999999984,0.85402,1.1838316580000001,4.172613
8582,0.0027036611999999996,0.8741205000000001,1.1838316580000001,2.725377
8583,0.002704621199999999,0.85402,1.167751256,1.23794
8584,0.0027055811999999986,0.8741205000000001,1.1838316580000001,0.3535179999999998
8585,0.0027065412,0.85402,1.191871859,0.23291499999999976
8586,0.0027075011999999994,0.8339195,1.1838316580000001,0.996734
8587,0.002708461199999999,0.85402,1.1838316580000001,2.4037689999999996
8588,0.0027094211999999984,0.85402,1.1838316580000001,3.851005
8589,0.0027103811999999996,0.8339195,1.175791457,5.057035
8590,0.002711341199999999,0.85402,1.1838316580000001,5.499245999999999
8591,0.0027123011999999986,0.85402,1.1838316580000001,5.137437
8592,0.0027132612,0.85402,1.1838316580000001,4.05201
8593,0.0027142211999999994,0.85402,1.191871859,2.564573
8594,0.002715181199999999,0.8741205000000001,1.191871859,1.1977389999999999
8595,0.0027161411999999984,0.85402,1.1838316580000001,0.3535179999999998
8596,0.0027171011999999996,0.85402,1.1838316580000001,0.23291499999999976
8597,0.002718061199999999,0.85402,1.175791457,0.9163319999999997
8598,0.0027190211999999986,0.85402,1.175791457,2.242965
8599,0.0027199812,0.85402,1.175791457,3.690201
8600,0.0027209411999999994,0.8741205000000001,1.175791457,4.976633
8601,0.002721901199999999,0.8339195,1.175791457,5.499245999999999
8602,0.0027228611999999984,0.85402,1.1838316580000001,5.338442
8603,0.0027238211999999996,0.8741205000000001,1.175791457,4.333417
8604,0.002724781199999999,0.85402,1.175791457,2.966583
8605,0.0027257411999999986,0.85402,1.1838316580000001,1.559548
8606,0.0027267012,0.85402,1.175791457,0.4339200000000001
8607,0.0027276611999999993,0.85402,1.191871859,0.1525129999999999
8608,0.002728621199999999,0.85402,1.1838316580000001,0.7957289999999997
8609,0.0027295811999999984,0.85402,1.175791457,2.082161
8610,0.0027305411999999996,0.85402,1.191871859,3.569598
8611,0.002731501199999999,0.85402,1.1838316580000001,4.896231
8612,0.0027324611999999986,0.85402,1.1838316580000001,5.539447
8613,0.0027334212,0.8741205000000001,1.1838316580000001,5.217839
8614,0.0027343811999999993,0.8741205000000001,1.191871859,4.172613
8615,0.002735341199999999,0.8339195,1.191871859,2.604774
8616,0.0027363011999999983,0.85402,1.1838316580000001,1.117337
8617,0.0027372611999999996,0.8741205000000001,1.1838316580000001,0.2731159999999999
8618,0.002738221199999999,0.8741205000000001,1.1838316580000001,0.3535179999999998
8619,0.0027391811999999986,0.85402,1.1838316580000001,1.318342
8620,0.0027401412,0.8741205000000001,1.191871859,2.8861809999999997
8621,0.0027411011999999993,0.85402,1.175791457,4.373618
8622,0.002742061199999999,0.85402,1.175791457,5.378643
8623,0.0027430211999999983,0.85402,1.167751256,5.499245999999999
8624,0.0027439811999999996,0.8741205000000001,1.175791457,4.574623
8625,0.002744941199999999,0.85402,1.175791457,3.046985
8626,0.0027459011999999986,0.8741205000000001,1.175791457,1.559548
8627,0.0027468612,0.8741205000000001,1.175791457,0.4339200000000001
8628,0.0027478211999999993,0.85402,1.167751256,0.19271400000000005
8629,0.002748781199999999,0.8741205000000001,1.1838316580000001,0.876131
8630,0.0027497411999999983,0.85402,1.175791457,2.202764
8631,0.0027507011999999996,0.85402,1.191871859,3.690201
8632,0.002751661199999999,0.85402,1.191871859,4.976633
8633,0.0027526211999999986,0.8741205000000001,1.1838316580000001,5.579648
8634,0.0027535812,0.85402,1.1838316580000001,5.298241
8635,0.0027545411999999993,0.8741205000000001,1.1838316580000001,4.2530149999999995
8636,0.002755501199999999,0.85402,1.1838316580000001,2.84598
8637,0.0027564611999999983,0.8339195,1.1838316580000001,1.3987439999999998
8638,0.0027574211999999996,0.85402,1.175791457,0.39371899999999993
8639,0.002758381199999999,0.85402,1.191871859,0.19271400000000005
8640,0.0027593411999999986,0.85402,1.1838316580000001,0.8359299999999998
8641,0.0027603012,0.85402,1.1838316580000001,2.122362
8642,0.0027612611999999993,0.85402,1.1838316580000001,3.690201
8643,0.002762221199999999,0.85402,1.1838316580000001,4.896231
8644,0.0027631811999999983,0.894221,1.191871859,5.579648
8645,0.0027641411999999995,0.85402,1.175791457,5.258039999999999
8646,0.002765101199999999,0.8741205000000001,1.1838316580000001,4.212814
8647,0.0027660611999999985,0.8741205000000001,1.175791457,2.685176
8648,0.0027670212,0.85402,1.175791457,1.23794
8649,0.0027679811999999993,0.85402,1.167751256,0.3535179999999998
8650,0.002768941199999999,0.85402,1.175791457,0.31331700000000007
8651,0.0027699012,0.85402,1.175791457,1.0771359999999999
8652,0.0027708611999999995,0.894221,1.1838316580000001,2.604774
8653,0.002771821199999999,0.8741205000000001,1.175791457,4.212814
8654,0.0027727811999999985,0.8741205000000001,1.191871859,5.298241
8655,0.0027737411999999998,0.85402,1.1838316580000001,5.499245999999999
8656,0.0027747011999999993,0.8741205000000001,1.19991206,4.815829
8657,0.0027756611999999988,0.8741205000000001,1.1838316580000001,3.408794
8658,0.0027766212,0.8741205000000001,1.1838316580000001,1.8811559999999998
8659,0.0027775811999999995,0.85402,1.191871859,0.5947239999999998
8660,0.002778541199999999,0.85402,1.175791457,0.19271400000000005
8661,0.0027795011999999985,0.894221,1.191871859,0.5947239999999998
8662,0.0027804611999999998,0.8741205000000001,1.175791457,1.7605529999999998
8663,0.0027814211999999993,0.8741205000000001,1.1838316580000001,3.328392
8664,0.0027823811999999988,0.85402,1.1838316580000001,4.735427
8665,0.0027833412,0.8741205000000001,1.175791457,5.459045
8666,0.0027843011999999995,0.8741205000000001,1.175791457,5.378643
8667,0.002785261199999999,0.85402,1.1838316580000001,4.614824
8668,0.0027862211999999985,0.8741205000000001,1.1838316580000001,3.207789
8669,0.0027871811999999998,0.8741205000000001,1.191871859,1.7203519999999999
8670,0.0027881411999999993,0.8741205000000001,1.175791457,0.5545229999999997
8671,0.0027891011999999988,0.85402,1.167751256,0.19271400000000005
8672,0.0027900612,0.8741205000000001,1.1838316580000001,0.6751259999999997
8673,0.0027910211999999995,0.894221,1.175791457,1.840955
8674,0.002791981199999999,0.8741205000000001,1.175791457,3.408794
8675,0.0027929411999999985,0.85402,1.175791457,4.775628
8676,0.0027939011999999997,0.8741205000000001,1.1838316580000001,5.459045
8677,0.0027948611999999992,0.894221,1.1838316580000001,5.459045
8678,0.0027958211999999988,0.8741205000000001,1.175791457,4.614824
8679,0.0027967812,0.8741205000000001,1.1838316580000001,3.167588
8680,0.0027977411999999995,0.8741205000000001,1.19991206,1.7203519999999999
8681,0.002798701199999999,0.8741205000000001,1.191871859,0.5545229999999997
8682,0.0027996611999999985,0.894221,1.191871859,0.1525129999999999
8683,0.0028006211999999997,0.894221,1.19991206,0.6751259999999997
8684,0.0028015811999999992,0.85402,1.19991206,1.840955
8685,0.0028025411999999987,0.85402,1.1838316580000001,3.288191
8686,0.0028035012,0.8741205000000001,1.191871859,4.695226
8687,0.0028044611999999995,0.8741205000000001,1.1838316580000001,5.499245999999999
8688,0.002805421199999999,0.894221,1.191871859,5.499245999999999
8689,0.0028063811999999985,0.8741205000000001,1.175791457,4.534422
8690,0.0028073411999999997,0.85402,1.191871859,3.1273869999999997
8691,0.0028083011999999992,0.8741205000000001,1.1838316580000001,1.559548
8692,0.0028092611999999987,0.8741205000000001,1.191871859,0.4741209999999998
8693,0.0028102212,0.8741205000000001,1.191871859,0.19271400000000005
8694,0.0028111811999999995,0.8741205000000001,1.175791457,0.6751259999999997
8695,0.002812141199999999,0.8741205000000001,1.167751256,1.840955
8696,0.0028131011999999985,0.894221,1.1838316580000001,3.448995
8697,0.0028140611999999997,0.894221,1.175791457,4.815829
8698,0.0028150211999999992,0.894221,1.1838316580000001,5.539447
8699,0.0028159811999999987,0.8741205000000001,1.1838316580000001,5.378643
8700,0.0028169412,0.894221,1.175791457,4.413819
8701,0.0028179011999999995,0.85402,1.167751256,2.926382
8702,0.002818861199999999,0.894221,1.175791457,1.3987439999999998
8703,0.0028198211999999985,0.8741205000000001,1.1838316580000001,0.4339200000000001
8704,0.0028207811999999997,0.85402,1.191871859,0.19271400000000005
8705,0.002821741199999999,0.8741205000000001,1.1838316580000001,0.9163319999999997
8706,0.0028227011999999987,0.8741205000000001,1.1838316580000001,2.323367
8707,0.0028236612,0.8741205000000001,1.1838316580000001,3.891206
8708,0.0028246211999999995,0.894221,1.1838316580000001,5.137437
8709,0.002825581199999999,0.894221,1.1838316580000001,5.579648
8710,0.0028265411999999985,0.894221,1.175791457,5.097236
8711,0.0028275011999999997,0.894221,1.175791457,3.891206
8712,0.002828461199999999,0.8741205000000001,1.175791457,2.242965
8713,0.0028294211999999987,0.894221,1.175791457,0.876131
8714,0.0028303812,0.894221,1.175791457,0.23291499999999976
8715,0.0028313411999999994,0.894221,1.1838316580000001,0.39371899999999993
8716,0.002832301199999999,0.894221,1.1838316580000001,1.23794
8717,0.0028332611999999984,0.894221,1.175791457,2.725377
8718,0.0028342211999999997,0.8741205000000001,1.191871859,4.212814
8719,0.002835181199999999,0.8741205000000001,1.1838316580000001,5.258039999999999
8720,0.0028361411999999987,0.894221,1.175791457,5.579648
8721,0.0028371012,0.8741205000000001,1.175791457,5.097236
8722,0.0028380611999999994,0.894221,1.167751256,4.0118089999999995
8723,0.002839021199999999,0.85402,1.175791457,2.44397
8724,0.0028399811999999984,0.9143215,1.1838316580000001,1.1575379999999997
8725,0.0028409411999999997,0.894221,1.175791457,0.31331700000000007
8726,0.002841901199999999,0.894221,1.1838316580000001,0.23291499999999976
8727,0.0028428611999999987,0.894221,1.175791457,0.9565329999999999
8728,0.0028438212,0.85402,1.191871859,2.202764
8729,0.0028447811999999994,0.894221,1.191871859,3.6097989999999998
8730,0.002845741199999999,0.894221,1.1838316580000001,4.815829
8731,0.0028467011999999984,0.8741205000000001,1.191871859,5.539447
8732,0.0028476611999999997,0.8741205000000001,1.191871859,5.459045
8733,0.002848621199999999,0.8741205000000001,1.1838316580000001,4.574623
8734,0.0028495811999999987,0.894221,1.1838316580000001,3.167588
8735,0.0028505412,0.8741205000000001,1.191871859,1.559548
8736,0.0028515011999999994,0.9143215,1.191871859,0.5545229999999997
8737,0.002852461199999999,0.894221,1.1838316580000001,0.19271400000000005
8738,0.0028534211999999984,0.8741205000000001,1.1838316580000001,0.7153269999999998
8739,0.0028543811999999997,0.8741205000000001,1.1838316580000001,2.082161
8740,0.002855341199999999,0.9143215,1.191871859,3.6097989999999998
8741,0.0028563011999999987,0.8741205000000001,1.1838316580000001,4.896231
8742,0.0028572612,0.894221,1.1838316580000001,5.619849
8743,0.0028582211999999994,0.8741205000000001,1.1838316580000001,5.298241
8744,0.002859181199999999,0.894221,1.167751256,4.05201
8745,0.0028601411999999984,0.894221,1.175791457,2.4037689999999996
8746,0.0028611011999999996,0.8741205000000001,1.1838316580000001,0.9565329999999999
8747,0.002862061199999999,0.894221,1.175791457,0.23291499999999976
8748,0.0028630211999999986,0.8741205000000001,1.1838316580000001,0.514322
8749,0.0028639812,0.8741205000000001,1.175791457,1.559548
8750,0.0028649411999999994,0.894221,1.175791457,3.1273869999999997
8751,0.002865901199999999,0.894221,1.1838316580000001,4.655025
8752,0.0028668611999999984,0.894221,1.191871859,5.459045
8753,0.0028678211999999996,0.9143215,1.191871859,5.459045
8754,0.002868781199999999,0.894221,1.1838316580000001,4.45402
8755,0.0028697411999999986,0.894221,1.191871859,2.926382
8756,0.0028707012,0.894221,1.1838316580000001,1.438945
8757,0.0028716611999999994,0.8741205000000001,1.175791457,0.4339200000000001
8758,0.002872621199999999,0.9143215,1.191871859,0.2731159999999999
8759,0.0028735811999999984,0.8741205000000001,1.175791457,0.9565329999999999
8760,0.0028745411999999996,0.8741205000000001,1.175791457,2.242965
8761,0.002875501199999999,0.9143215,1.1838316580000001,3.851005
8762,0.0028764611999999986,0.9344220000000001,1.175791457,5.137437
8763,0.0028774212,0.9143215,1.175791457,5.579648
8764,0.0028783811999999994,0.8741205000000001,1.175791457,5.258039999999999
8765,0.002879341199999999,0.894221,1.175791457,4.172613
8766,0.0028803011999999984,0.894221,1.191871859,2.604774
8767,0.0028812611999999996,0.85402,1.175791457,1.23794
8768,0.002882221199999999,0.894221,1.191871859,0.31331700000000007
8769,0.0028831811999999986,0.894221,1.175791457,0.2731159999999999
8770,0.0028841412,0.894221,1.175791457,1.0369349999999997
8771,0.0028851011999999994,0.8741205000000001,1.191871859,2.564573
8772,0.002886061199999999,0.85402,1.1838316580000001,3.971608
8773,0.0028870211999999984,0.894221,1.1838316580000001,5.177638
8774,0.0028879811999999996,0.894221,1.191871859,5.579648
8775,0.002888941199999999,0.894221,1.191871859,5.097236
8776,0.0028899011999999986,0.85402,1.1838316580000001,3.971608
8777,0.0028908612,0.894221,1.191871859,2.484171
8778,0.0028918211999999993,0.894221,1.19991206,1.117337
8779,0.002892781199999999,0.9143215,1.1838316580000001,0.2731159999999999
8780,0.0028937411999999984,0.9143215,1.191871859,0.31331700000000007
8781,0.0028947011999999996,0.894221,1.1838316580000001,1.1977389999999999
8782,0.002895661199999999,0.894221,1.191871859,2.685176
8783,0.0028966211999999986,0.894221,1.1838316580000001,4.172613
8784,0.0028975812,0.894221,1.175791457,5.258039999999999
8785,0.0028985411999999993,0.894221,1.1838316580000001,5.539447
8786,0.002899501199999999,0.9143215,1.191871859,5.016834
8787,0.0029004611999999983,0.9143215,1.1838316580000001,3.690201
8788,0.0029014211999999996,0.9143215,1.175791457,2.082161
8789,0.002902381199999999,0.894221,1.1838316580000001,0.7153269999999998
8790,0.0029033411999999986,0.9143215,1.175791457,0.19271400000000005
8791,0.0029043012,0.894221,1.175791457,0.5545229999999997
8792,0.0029052611999999993,0.894221,1.175791457,1.800754
8793,0.002906221199999999,0.9143215,1.1838316580000001,3.408794
8794,0.0029071811999999983,0.894221,1.1838316580000001,4.85603
8795,0.0029081411999999996,0.9143215,1.1838316580000001,5.579648
8796,0.002909101199999999,0.894221,1.191871859,5.298241
8797,0.0029100611999999986,0.9143215,1.167751256,4.092211
8798,0.0029110212,0.9143215,1.175791457,2.5243719999999996
8799,0.0029119811999999993,0.894221,1.1838316580000001,1.0771359999999999
8800,0.002912941199999999,0.9143215,1.175791457,0.23291499999999976
8801,0.0029139011999999983,0.894221,1.175791457,0.4339200000000001
8802,0.0029148611999999996,0.9143215,1.1838316580000001,1.6399499999999998
8803,0.002915821199999999,0.894221,1.191871859,3.3685929999999997
8804,0.0029167811999999986,0.894221,1.19991206,4.815829
8805,0.0029177412,0.894221,1.1838316580000001,5.539447
8806,0.0029187011999999993,0.894221,1.1838316580000001,5.298241
8807,0.002919661199999999,0.894221,1.1838316580000001,4.293216
8808,0.0029206211999999983,0.9143215,1.175791457,2.6449749999999996
8809,0.0029215811999999996,0.894221,1.1838316580000001,1.1575379999999997
8810,0.002922541199999999,0.9143215,1.167751256,0.2731159999999999
8811,0.0029235011999999986,0.9143215,1.175791457,0.2731159999999999
8812,0.0029244612,0.9143215,1.175791457,1.1575379999999997
8813,0.0029254211999999993,0.9143215,1.175791457,2.564573
8814,0.002926381199999999,0.9143215,1.175791457,4.092211
8815,0.0029273411999999983,0.894221,1.191871859,5.258039999999999
8816,0.0029283011999999995,0.894221,1.191871859,5.619849
8817,0.002929261199999999,0.9344220000000001,1.191871859,5.057035
8818,0.0029302211999999985,0.894221,1.1838316580000001,3.770603
8819,0.0029311812,0.894221,1.175791457,2.202764
8820,0.0029321411999999993,0.894221,1.1838316580000001,0.7957289999999997
8821,0.002933101199999999,0.9143215,1.191871859,0.2731159999999999
8822,0.0029340611999999983,0.9143215,1.1838316580000001,0.4339200000000001
8823,0.0029350211999999995,0.894221,1.191871859,1.438945
8824,0.002935981199999999,0.9143215,1.1838316580000001,2.8861809999999997
8825,0.0029369411999999985,0.9143215,1.175791457,4.45402
8826,0.0029379011999999998,0.9143215,1.1838316580000001,5.418844
8827,0.0029388611999999993,0.9143215,1.1838316580000001,5.619849
8828,0.0029398211999999988,0.9143215,1.1838316580000001,4.85603
8829,0.0029407811999999983,0.894221,1.191871859,3.529397
8830,0.0029417411999999995,0.9143215,1.1838316580000001,1.921357
8831,0.002942701199999999,0.9143215,1.1838316580000001,0.7153269999999998
8832,0.0029436611999999985,0.894221,1.1838316580000001,0.19271400000000005
8833,0.0029446211999999998,0.894221,1.1838316580000001,0.6751259999999997
8834,0.0029455811999999993,0.9143215,1.175791457,1.7605529999999998
8835,0.0029465411999999988,0.9344220000000001,1.167751256,3.4891959999999997
8836,0.0029475012,0.9143215,1.1838316580000001,4.775628
8837,0.0029484611999999995,0.894221,1.175791457,5.539447
8838,0.002949421199999999,0.9344220000000001,1.1838316580000001,5.418844
8839,0.0029503811999999985,0.894221,1.175791457,4.45402
8840,0.0029513411999999998,0.9143215,1.191871859,2.926382
8841,0.0029523011999999993,0.9143215,1.1838316580000001,1.3987439999999998
8842,0.0029532611999999988,0.894221,1.1838316580000001,0.39371899999999993
8843,0.0029542212,0.9143215,1.175791457,0.2731159999999999
8844,0.0029551811999999995,0.9143215,1.1838316580000001,0.876131
8845,0.002956141199999999,0.9143215,1.191871859,2.323367
8846,0.0029571011999999985,0.9143215,1.1838316580000001,3.891206
8847,0.0029580611999999997,0.9143215,1.1838316580000001,5.097236
8848,0.0029590211999999992,0.9143215,1.1838316580000001,5.539447
8849,0.0029599811999999988,0.9545225,1.191871859,5.177638
8850,0.0029609412,0.9344220000000001,1.191871859,3.971608
8851,0.0029619011999999995,0.9143215,1.175791457,2.4037689999999996
8852,0.002962861199999999,0.9143215,1.191871859,0.996734
8853,0.0029638211999999985,0.9143215,1.19991206,0.2731159999999999
8854,0.0029647811999999997,0.9143215,1.1838316580000001,0.3535179999999998
8855,0.0029657411999999992,0.9143215,1.1838316580000001,1.318342
8856,0.0029667011999999987,0.9143215,1.1838316580000001,2.8861809999999997
8857,0.0029676612,0.9344220000000001,1.1838316580000001,4.333417
8858,0.0029686211999999995,0.9344220000000001,1.19991206,5.338442
8859,0.002969581199999999,0.9143215,1.175791457,5.539447
8860,0.0029705411999999985,0.894221,1.1838316580000001,4.85603
8861,0.0029715011999999997,0.9344220000000001,1.1838316580000001,3.569598
8862,0.0029724611999999992,0.9143215,1.1838316580000001,2.04196
8863,0.0029734211999999987,0.894221,1.191871859,0.755528
8864,0.0029743812,0.9344220000000001,1.1838316580000001,0.23291499999999976
8865,0.0029753411999999995,0.894221,1.191871859,0.514322
8866,0.002976301199999999,0.894221,1.191871859,1.559548
8867,0.0029772611999999985,0.9344220000000001,1.175791457,3.087186
8868,0.0029782211999999997,0.9143215,1.1838316580000001,4.534422
8869,0.0029791811999999992,0.9344220000000001,1.1838316580000001,5.459045
8870,0.0029801411999999987,0.9143215,1.191871859,5.579648
8871,0.0029811012,0.9143215,1.1838316580000001,4.735427
8872,0.0029820611999999995,0.9143215,1.1838316580000001,3.448995
8873,0.002983021199999999,0.9545225,1.191871859,1.800754
8874,0.0029839811999999985,0.9143215,1.191871859,0.6751259999999997
8875,0.0029849411999999997,0.9143215,1.1838316580000001,0.19271400000000005
8876,0.002985901199999999,0.9143215,1.191871859,0.5545229999999997
8877,0.0029868611999999987,0.9143215,1.175791457,1.680151
8878,0.0029878212,0.9143215,1.1838316580000001,3.288191
8879,0.0029887811999999995,0.9143215,1.1838316580000001,4.775628
8880,0.002989741199999999,0.9143215,1.167751256,5.539447
8881,0.0029907011999999985,0.9143215,1.175791457,5.459045
8882,0.0029916611999999997,0.9344220000000001,1.1838316580000001,4.534422
8883,0.002992621199999999,0.9143215,1.175791457,3.1273869999999997
8884,0.0029935811999999987,0.9143215,1.1838316580000001,1.6399499999999998
8885,0.0029945412,0.9344220000000001,1.175791457,0.514322
8886,0.0029955011999999994,0.9344220000000001,1.1838316580000001,0.19271400000000005
8887,0.002996461199999999,0.9344220000000001,1.175791457,0.7153269999999998
8888,0.0029974211999999984,0.9143215,1.191871859,2.001759
8889,0.0029983811999999997,0.9143215,1.19991206,3.4891959999999997
8890,0.002999341199999999,0.9344220000000001,1.1838316580000001,4.896231
8891,0.0030003011999999987,0.9143215,1.175791457,5.619849
8892,0.0030012612,0.9344220000000001,1.1838316580000001,5.459045
8893,0.0030022211999999994,0.9344220000000001,1.191871859,4.494221
8894,0.003003181199999999,0.9344220000000001,1.19991206,2.966583
8895,0.0030041411999999984,0.9344220000000001,1.191871859,1.680151
8896,0.0030051011999999997,0.894221,1.191871859,0.4741209999999998
8897,0.003006061199999999,0.9143215,1.191871859,0.1525129999999999
8898,0.0030070211999999987,0.9143215,1.191871859,0.6751259999999997
8899,0.0030079812,0.9143215,1.19991206,1.921357
8900,0.0030089411999999994,0.9143215,1.175791457,3.4891959999999997
8901,0.003009901199999999,0.9344220000000001,1.175791457,4.815829
8902,0.0030108611999999984,0.9344220000000001,1.1838316580000001,5.579648
8903,0.0030118211999999997,0.9344220000000001,1.191871859,5.499245999999999
8904,0.003012781199999999,0.9344220000000001,1.1838316580000001,4.614824
8905,0.0030137411999999987,0.9344220000000001,1.159711055,3.167588
8906,0.0030147012,0.9143215,1.1838316580000001,1.680151
8907,0.0030156611999999994,0.9143215,1.191871859,0.5947239999999998
8908,0.003016621199999999,0.9344220000000001,1.167751256,0.1525129999999999
8909,0.0030175811999999984,0.9545225,1.1838316580000001,0.7153269999999998
8910,0.0030185411999999997,0.9143215,1.1838316580000001,1.961558
8911,0.003019501199999999,0.894221,1.175791457,3.4891959999999997
8912,0.0030204611999999987,0.9545225,1.191871859,4.85603
8913,0.0030214212,0.9143215,1.19991206,5.579648
8914,0.0030223811999999994,0.9344220000000001,1.175791457,5.459045
8915,0.003023341199999999,0.9344220000000001,1.1838316580000001,4.413819
8916,0.0030243011999999984,0.9344220000000001,1.191871859,2.926382
8917,0.0030252611999999996,0.9344220000000001,1.1838316580000001,1.438945
8918,0.003026221199999999,0.9143215,1.1838316580000001,0.39371899999999993
8919,0.0030271811999999986,0.9545225,1.191871859,0.23291499999999976
8920,0.0030281412,0.9545225,1.19991206,0.9163319999999997
8921,0.0030291011999999994,0.9344220000000001,1.19991206,2.323367
8922,0.003030061199999999,0.9545225,1.191871859,3.851005
8923,0.0030310211999999984,0.9545225,1.1838316580000001,5.137437
8924,0.0030319811999999996,0.9545225,1.191871859,5.619849
8925,0.003032941199999999,0.9344220000000001,1.1838316580000001,5.217839
8926,0.0030339011999999986,0.9344220000000001,1.1838316580000001,4.172613
8927,0.0030348612,0.9143215,1.175791457,2.6449749999999996
8928,0.0030358211999999994,0.9344220000000001,1.167751256,1.23794
8929,0.003036781199999999,0.9545225,1.175791457,0.31331700000000007
8930,0.0030377411999999984,0.9344220000000001,1.1838316580000001,0.2731159999999999
8931,0.0030387011999999996,0.894221,1.175791457,1.0771359999999999
8932,0.003039661199999999,0.9545225,1.1838316580000001,2.484171
8933,0.0030406211999999986,0.9344220000000001,1.175791457,3.971608
8934,0.0030415812,0.9143215,1.1838316580000001,5.177638
8935,0.0030425411999999994,0.9143215,1.1838316580000001,5.619849
8936,0.003043501199999999,0.9344220000000001,1.191871859,5.177638
8937,0.0030444611999999984,0.9545225,1.1838316580000001,4.092211
8938,0.0030454211999999996,0.9143215,1.191871859,2.5243719999999996
8939,0.003046381199999999,0.9344220000000001,1.191871859,1.0771359999999999
8940,0.0030473411999999986,0.9344220000000001,1.191871859,0.23291499999999976
8941,0.0030483012,0.9545225,1.19991206,0.31331700000000007
8942,0.0030492611999999994,0.9545225,1.19991206,1.318342
8943,0.003050221199999999,0.9143215,1.19991206,2.84598
8944,0.0030511811999999984,0.9344220000000001,1.175791457,4.45402
8945,0.0030521411999999996,0.9545225,1.1838316580000001,5.418844
8946,0.003053101199999999,0.9344220000000001,1.1838316580000001,5.619849
8947,0.0030540611999999986,0.9545225,1.1838316580000001,4.896231
8948,0.0030550212,0.9545225,1.191871859,3.408794
8949,0.0030559811999999993,0.9545225,1.1838316580000001,1.7605529999999998
8950,0.003056941199999999,0.9545225,1.1838316580000001,0.514322
8951,0.0030579011999999984,0.9344220000000001,1.1838316580000001,0.19271400000000005
8952,0.0030588611999999996,0.9344220000000001,1.167751256,0.6751259999999997
8953,0.003059821199999999,0.9344220000000001,1.175791457,2.001759
8954,0.0030607811999999986,0.9344220000000001,1.175791457,3.6097989999999998
8955,0.0030617412,0.9344220000000001,1.1838316580000001,4.896231
8956,0.0030627011999999993,0.9545225,1.175791457,5.619849
8957,0.003063661199999999,0.9545225,1.191871859,5.418844
8958,0.0030646211999999983,0.9344220000000001,1.1838316580000001,4.494221
8959,0.0030655811999999996,0.9344220000000001,1.1838316580000001,3.046985
8960,0.003066541199999999,0.9143215,1.1838316580000001,1.680151
8961,0.0030675011999999986,0.9545225,1.1838316580000001,0.5545229999999997
8962,0.0030684612,0.9545225,1.1838316580000001,0.19271400000000005
8963,0.0030694211999999993,0.9344220000000001,1.191871859,0.7153269999999998
8964,0.003070381199999999,0.9545225,1.191871859,1.840955
8965,0.0030713411999999983,0.9545225,1.191871859,3.408794
8966,0.0030723011999999996,0.9344220000000001,1.1838316580000001,4.735427
8967,0.003073261199999999,0.9344220000000001,1.1838316580000001,5.579648
8968,0.0030742211999999986,0.9545225,1.191871859,5.499245999999999
8969,0.0030751812,0.9545225,1.1838316580000001,4.534422
8970,0.0030761411999999993,0.9344220000000001,1.1838316580000001,3.087186
8971,0.003077101199999999,0.9344220000000001,1.175791457,1.479146
8972,0.0030780611999999983,0.9344220000000001,1.191871859,0.4741209999999998
8973,0.0030790211999999996,0.9344220000000001,1.1838316580000001,0.23291499999999976
8974,0.003079981199999999,0.9545225,1.1838316580000001,0.876131
8975,0.0030809411999999986,0.9545225,1.191871859,2.242965
8976,0.0030819012,0.9545225,1.1838316580000001,3.891206
8977,0.0030828611999999993,0.9545225,1.1838316580000001,5.177638
8978,0.003083821199999999,0.9545225,1.175791457,5.619849
8979,0.0030847811999999983,0.9344220000000001,1.175791457,5.177638
8980,0.0030857411999999996,0.9545225,1.1838316580000001,4.05201
8981,0.003086701199999999,0.9545225,1.191871859,2.44397
8982,0.0030876611999999986,0.9545225,1.191871859,0.996734
8983,0.0030886212,0.9545225,1.1838316580000001,0.2731159999999999
8984,0.0030895811999999993,0.9344220000000001,1.175791457,0.4339200000000001
8985,0.003090541199999999,0.9344220000000001,1.19991206,1.3987439999999998
8986,0.0030915011999999983,0.9545225,1.191871859,2.7655779999999996
8987,0.0030924611999999995,0.9545225,1.175791457,4.293216
8988,0.003093421199999999,0.9344220000000001,1.191871859,5.378643
8989,0.0030943811999999985,0.9545225,1.191871859,5.619849
8990,0.0030953412,0.974623,1.19991206,5.097236
8991,0.0030963011999999993,0.9545225,1.191871859,3.891206
8992,0.003097261199999999,0.974623,1.1838316580000001,2.323367
8993,0.0030982211999999983,0.974623,1.191871859,0.996734
8994,0.0030991811999999995,0.9545225,1.19991206,0.19271400000000005
8995,0.003100141199999999,0.9545225,1.191871859,0.3535179999999998
8996,0.0031011011999999985,0.974623,1.1838316580000001,1.318342
8997,0.0031020611999999998,0.9545225,1.191871859,2.84598
8998,0.0031030211999999993,0.9545225,1.1838316580000001,4.413819
8999,0.0031039811999999988,0.9545225,1.175791457,5.418844
9000,0.0031049411999999983,0.9545225,1.1838316580000001,5.619849
9001,0.0031059011999999995,0.9545225,1.167751256,4.936432
9002,0.003106861199999999,0.9344220000000001,1.167751256,3.6097989999999998
9003,0.0031078211999999985,0.9545225,1.167751256,1.961558
9004,0.0031087811999999998,0.9545225,1.175791457,0.7153269999999998
9005,0.0031097411999999993,0.9545225,1.1838316580000001,0.19271400000000005
9006,0.0031107011999999988,0.9545225,1.1838316580000001,0.5947239999999998
9007,0.0031116611999999983,0.9545225,1.167751256,1.6399499999999998
9008,0.0031126211999999995,0.9545225,1.1838316580000001,3.1273869999999997
9009,0.003113581199999999,0.9545225,1.1838316580000001,4.614824
9010,0.0031145411999999985,0.9344220000000001,1.1838316580000001,5.499245999999999
9011,0.0031155011999999998,0.9545225,1.1838316580000001,5.579648
9012,0.0031164611999999993,0.9545225,1.191871859,4.85603
9013,0.0031174211999999988,0.9545225,1.1838316580000001,3.4891959999999997
9014,0.0031183812,0.974623,1.191871859,2.04196
9015,0.0031193411999999995,0.974623,1.175791457,0.755528
9016,0.003120301199999999,0.974623,1.191871859,0.23291499999999976
9017,0.0031212611999999985,0.974623,1.1838316580000001,0.4339200000000001
9018,0.0031222211999999997,0.9545225,1.175791457,1.3987439999999998
9019,0.0031231811999999992,0.974623,1.191871859,2.8861809999999997
9020,0.0031241411999999988,0.9344220000000001,1.175791457,4.333417
9021,0.0031251012,0.9545225,1.175791457,5.338442
9022,0.0031260611999999995,0.9545225,1.175791457,5.66005
9023,0.003127021199999999,0.974623,1.175791457,5.137437
9024,0.0031279811999999985,0.9344220000000001,1.175791457,3.931407
9025,0.0031289411999999997,0.9545225,1.1838316580000001,2.4037689999999996
9026,0.0031299011999999992,0.974623,1.191871859,1.117337
9027,0.0031308611999999987,0.9545225,1.167751256,0.31331700000000007
9028,0.0031318212,0.9545225,1.167751256,0.3535179999999998
9029,0.0031327811999999995,0.9545225,1.175791457,1.1977389999999999
9030,0.003133741199999999,0.9545225,1.175791457,2.685176
9031,0.0031347011999999985,0.9545225,1.1838316580000001,4.212814
9032,0.0031356611999999997,0.9344220000000001,1.1838316580000001,5.298241
9033,0.0031366211999999992,0.974623,1.19991206,5.619849
9034,0.0031375811999999987,0.9545225,1.191871859,5.057035
9035,0.0031385412,0.9545225,1.1838316580000001,3.6097989999999998
9036,0.0031395011999999995,0.9545225,1.191871859,1.8811559999999998
9037,0.003140461199999999,0.9545225,1.191871859,0.7153269999999998
9038,0.0031414211999999985,0.974623,1.19991206,0.19271400000000005
9039,0.0031423811999999997,0.974623,1.175791457,0.7153269999999998
9040,0.0031433411999999992,0.9344220000000001,1.1838316580000001,1.8811559999999998
9041,0.0031443011999999987,0.9545225,1.1838316580000001,3.408794
9042,0.0031452612,0.9344220000000001,1.1838316580000001,4.815829
9043,0.0031462211999999995,0.974623,1.175791457,5.579648
9044,0.003147181199999999,0.9545225,1.1838316580000001,5.459045
9045,0.0031481411999999985,0.9545225,1.191871859,4.373618
9046,0.0031491011999999997,0.974623,1.1838316580000001,2.8861809999999997
9047,0.003150061199999999,0.9545225,1.191871859,1.358543
9048,0.0031510211999999987,0.974623,1.1838316580000001,0.39371899999999993
9049,0.0031519812,0.974623,1.1838316580000001,0.23291499999999976
9050,0.0031529411999999995,0.9545225,1.175791457,0.9565329999999999
9051,0.003153901199999999,0.9947235000000001,1.175791457,2.323367
9052,0.0031548611999999985,0.9344220000000001,1.1838316580000001,3.810804
9053,0.0031558211999999997,0.9545225,1.167751256,5.137437
9054,0.003156781199999999,0.9545225,1.175791457,5.619849
9055,0.0031577411999999987,0.9947235000000001,1.175791457,5.298241
9056,0.0031587012,0.974623,1.175791457,4.2530149999999995
9057,0.0031596611999999994,0.974623,1.1838316580000001,2.685176
9058,0.003160621199999999,0.9545225,1.19991206,1.2781409999999997
9059,0.0031615811999999984,0.974623,1.191871859,0.3535179999999998
9060,0.0031625411999999997,0.9545225,1.191871859,0.2731159999999999
9061,0.003163501199999999,0.9344220000000001,1.1838316580000001,0.996734
9062,0.0031644611999999987,0.9344220000000001,1.1838316580000001,2.363568
9063,0.0031654212,0.974623,1.175791457,3.931407
9064,0.0031663811999999994,0.9545225,1.175791457,5.137437
9065,0.003167341199999999,0.9947235000000001,1.175791457,5.619849
9066,0.0031683011999999984,0.974623,1.175791457,5.298241
9067,0.0031692611999999997,0.9947235000000001,1.175791457,4.212814
9068,0.003170221199999999,0.9947235000000001,1.1838316580000001,2.7655779999999996
9069,0.0031711811999999987,0.9545225,1.175791457,1.2781409999999997
9070,0.0031721412,0.9947235000000001,1.175791457,0.3535179999999998
9071,0.0031731011999999994,0.974623,1.175791457,0.19271400000000005
9072,0.003174061199999999,0.974623,1.175791457,0.9163319999999997
9073,0.0031750211999999984,0.974623,1.175791457,2.323367
9074,0.0031759811999999997,0.9947235000000001,1.1838316580000001,3.891206
9075,0.003176941199999999,0.9545225,1.1838316580000001,5.097236
9076,0.0031779011999999987,0.974623,1.191871859,5.700251
9077,0.0031788612,0.9947235000000001,1.175791457,5.338442
9078,0.0031798211999999994,0.9545225,1.191871859,4.1324119999999995
9079,0.003180781199999999,0.974623,1.175791457,2.604774
9080,0.0031817411999999984,0.974623,1.167751256,1.23794
9081,0.0031827011999999997,0.974623,1.191871859,0.31331700000000007
9082,0.003183661199999999,0.974623,1.191871859,0.31331700000000007
9083,0.0031846211999999987,0.974623,1.19991206,1.0771359999999999
9084,0.0031855812,0.974623,1.1838316580000001,2.484171
9085,0.0031865411999999994,0.974623,1.191871859,4.1324119999999995
9086,0.003187501199999999,0.974623,1.1838316580000001,5.378643
9087,0.0031884611999999984,0.9545225,1.19991206,5.66005
9088,0.0031894211999999996,0.9947235000000001,1.1838316580000001,5.177638
9089,0.003190381199999999,0.9947235000000001,1.1838316580000001,3.810804
9090,0.0031913411999999986,0.974623,1.175791457,2.242965
9091,0.0031923012,0.9545225,1.1838316580000001,0.7957289999999997
9092,0.0031932611999999994,0.9545225,1.175791457,0.19271400000000005
9093,0.003194221199999999,0.9947235000000001,1.175791457,0.5545229999999997
9094,0.0031951811999999984,0.9545225,1.1838316580000001,1.599749
9095,0.0031961411999999996,0.974623,1.175791457,3.087186
9096,0.003197101199999999,0.9344220000000001,1.1838316580000001,4.614824
9097,0.0031980611999999986,0.974623,1.175791457,5.539447
9098,0.0031990212,0.9545225,1.175791457,5.619849
9099,0.0031999811999999994,0.974623,1.1838316580000001,4.735427
9100,0.003200941199999999,0.9947235000000001,1.191871859,3.328392
9101,0.0032019011999999984,0.974623,1.1838316580000001,1.840955
9102,0.0032028611999999996,0.9947235000000001,1.175791457,0.6751259999999997
9103,0.003203821199999999,0.974623,1.1838316580000001,0.23291499999999976
9104,0.0032047811999999986,0.974623,1.1838316580000001,0.5545229999999997
9105,0.0032057412,0.9545225,1.1838316580000001,1.6399499999999998
9106,0.0032067011999999994,0.9545225,1.1838316580000001,3.087186
9107,0.003207661199999999,0.9545225,1.191871859,4.534422
9108,0.0032086211999999984,0.9947235000000001,1.191871859,5.459045
9109,0.0032095811999999996,0.974623,1.191871859,5.66005
9110,0.003210541199999999,0.9947235000000001,1.191871859,4.976633
9111,0.0032115011999999986,1.014824,1.19991206,3.690201
9112,0.0032124612,0.974623,1.191871859,2.1625629999999996
9113,0.0032134211999999994,0.974623,1.1838316580000001,0.7957289999999997
9114,0.003214381199999999,0.974623,1.191871859,0.23291499999999976
9115,0.0032153411999999984,0.9545225,1.167751256,0.39371899999999993
9116,0.0032163011999999996,0.974623,1.175791457,1.2781409999999997
9117,0.003217261199999999,0.9545225,1.1838316580000001,2.84598
9118,0.0032182211999999986,0.974623,1.167751256,4.333417
9119,0.0032191812,0.974623,1.175791457,5.378643
9120,0.0032201411999999993,0.9545225,1.175791457,5.66005
9121,0.003221101199999999,0.9947235000000001,1.1838316580000001,5.097236
9122,0.0032220611999999984,0.974623,1.191871859,3.891206
9123,0.0032230211999999996,0.974623,1.191871859,2.242965
9124,0.003223981199999999,0.9947235000000001,1.175791457,0.9565329999999999
9125,0.0032249411999999986,0.974623,1.1838316580000001,0.23291499999999976
9126,0.0032259012,0.9947235000000001,1.1838316580000001,0.39371899999999993
9127,0.0032268611999999993,0.974623,1.167751256,1.318342
9128,0.003227821199999999,0.9947235000000001,1.191871859,2.805779
9129,0.0032287811999999983,0.974623,1.191871859,4.373618
9130,0.0032297411999999996,0.974623,1.1838316580000001,5.378643
9131,0.003230701199999999,0.9947235000000001,1.1838316580000001,5.619849
9132,0.0032316611999999986,0.9947235000000001,1.1838316580000001,5.057035
9133,0.0032326212,0.974623,1.1838316580000001,3.810804
9134,0.0032335811999999993,0.9947235000000001,1.191871859,2.242965
9135,0.003234541199999999,0.974623,1.19991206,0.9163319999999997
9136,0.0032355011999999983,0.974623,1.175791457,0.23291499999999976
9137,0.0032364611999999996,0.9947235000000001,1.1838316580000001,0.3535179999999998
9138,0.003237421199999999,0.9545225,1.1838316580000001,1.23794
9139,0.0032383811999999986,0.9947235000000001,1.1838316580000001,2.685176
9140,0.0032393412,0.9947235000000001,1.175791457,4.172613
9141,0.0032403011999999993,0.9947235000000001,1.175791457,5.378643
9142,0.003241261199999999,0.974623,1.175791457,5.619849
9143,0.0032422211999999983,0.9947235000000001,1.175791457,5.137437
9144,0.0032431811999999996,0.974623,1.175791457,3.891206
9145,0.003244141199999999,0.9947235000000001,1.1838316580000001,2.484171
9146,0.0032451011999999986,0.9947235000000001,1.175791457,0.996734
9147,0.0032460612,0.9545225,1.1838316580000001,0.31331700000000007
9148,0.0032470211999999993,0.9947235000000001,1.175791457,0.31331700000000007
9149,0.003247981199999999,0.9947235000000001,1.1838316580000001,1.0369349999999997
9150,0.0032489411999999983,0.974623,1.175791457,2.484171
9151,0.0032499011999999996,0.974623,1.1838316580000001,3.971608
9152,0.003250861199999999,0.974623,1.1838316580000001,5.177638
9153,0.0032518211999999986,0.9947235000000001,1.175791457,5.700251
9154,0.0032527812,0.9947235000000001,1.1838316580000001,5.378643
9155,0.0032537411999999993,0.9947235000000001,1.175791457,4.212814
9156,0.003254701199999999,0.974623,1.167751256,2.84598
9157,0.0032556611999999983,0.974623,1.191871859,1.3987439999999998
9158,0.0032566211999999995,0.9947235000000001,1.191871859,0.4339200000000001
9159,0.003257581199999999,0.974623,1.191871859,0.19271400000000005
9160,0.0032585411999999985,0.9947235000000001,1.191871859,0.755528
9161,0.0032595012,0.9947235000000001,1.1838316580000001,1.8811559999999998
9162,0.0032604611999999993,0.974623,1.191871859,3.448995
9163,0.003261421199999999,1.014824,1.175791457,4.695226
9164,0.0032623811999999983,0.974623,1.167751256,5.539447
9165,0.0032633411999999995,0.974623,1.1838316580000001,5.579648
9166,0.003264301199999999,0.9947235000000001,1.175791457,4.815829
9167,0.0032652611999999985,0.974623,1.175791457,3.3685929999999997
9168,0.0032662211999999998,0.9947235000000001,1.175791457,1.8811559999999998
9169,0.0032671811999999993,0.9947235000000001,1.1838316580000001,0.6751259999999997
9170,0.0032681411999999988,0.9947235000000001,1.1838316580000001,0.23291499999999976
9171,0.0032691011999999983,0.9947235000000001,1.1838316580000001,0.514322
9172,0.0032700611999999995,0.9947235000000001,1.1838316580000001,1.6399499999999998
9173,0.003271021199999999,0.9947235000000001,1.1838316580000001,3.1273869999999997
9174,0.0032719811999999985,0.974623,1.1838316580000001,4.815829
9175,0.0032729411999999998,0.9947235000000001,1.175791457,5.579648
9176,0.0032739011999999993,1.014824,1.1838316580000001,5.539447
9177,0.0032748611999999988,1.014824,1.1838316580000001,4.695226
9178,0.0032758211999999983,0.974623,1.191871859,3.207789
9179,0.0032767811999999995,0.9947235000000001,1.191871859,1.680151
9180,0.003277741199999999,0.974623,1.191871859,0.514322
9181,0.0032787011999999985,1.014824,1.1838316580000001,0.2731159999999999
9182,0.0032796611999999998,0.9947235000000001,1.175791457,0.6751259999999997
9183,0.0032806211999999993,0.9947235000000001,1.175791457,1.8811559999999998
9184,0.0032815811999999988,0.9947235000000001,1.1838316580000001,3.529397
9185,0.0032825411999999983,1.014824,1.1838316580000001,4.896231
9186,0.0032835011999999995,0.9947235000000001,1.167751256,5.619849
9187,0.003284461199999999,0.9947235000000001,1.1838316580000001,5.499245999999999
9188,0.0032854211999999985,0.974623,1.1838316580000001,4.534422
9189,0.0032863811999999997,1.014824,1.1838316580000001,3.167588
9190,0.0032873411999999992,0.974623,1.1838316580000001,1.7203519999999999
9191,0.0032883011999999988,0.9947235000000001,1.175791457,0.5947239999999998
9192,0.0032892611999999983,0.974623,1.1838316580000001,0.19271400000000005
9193,0.0032902211999999995,0.9947235000000001,1.175791457,0.5947239999999998
9194,0.003291181199999999,0.974623,1.175791457,1.7605529999999998
9195,0.0032921411999999985,1.014824,1.175791457,3.1273869999999997
9196,0.0032931011999999997,0.9947235000000001,1.167751256,4.534422
9197,0.0032940611999999992,0.9947235000000001,1.175791457,5.499245999999999
9198,0.0032950211999999987,0.9947235000000001,1.175791457,5.619849
9199,0.0032959812,1.014824,1.1838316580000001,5.016834
9200,0.0032969411999999995,0.9947235000000001,1.175791457,3.7304019999999998
9201,0.003297901199999999,0.9947235000000001,1.175791457,2.323367
9202,0.0032988611999999985,0.974623,1.191871859,0.9565329999999999
9203,0.0032998211999999997,0.9947235000000001,1.1838316580000001,0.19271400000000005
9204,0.0033007811999999992,0.974623,1.191871859,0.3535179999999998
9205,0.0033017411999999987,1.014824,1.175791457,1.2781409999999997
9206,0.0033027012,0.974623,1.175791457,2.725377
9207,0.0033036611999999995,1.0349245,1.1838316580000001,4.333417
9208,0.003304621199999999,0.9947235000000001,1.1838316580000001,5.338442
9209,0.0033055811999999985,1.014824,1.175791457,5.66005
9210,0.0033065411999999997,0.974623,1.1838316580000001,5.137437
9211,0.0033075011999999992,0.974623,1.191871859,3.851005
9212,0.0033084611999999987,1.014824,1.1838316580000001,2.202764
9213,0.0033094212,1.014824,1.175791457,0.8359299999999998
9214,0.0033103811999999995,1.014824,1.175791457,0.19271400000000005
9215,0.003311341199999999,0.9947235000000001,1.175791457,0.4741209999999998
9216,0.0033123011999999985,0.9947235000000001,1.167751256,1.5193469999999998
9217,0.0033132611999999997,0.9947235000000001,1.1838316580000001,3.046985
9218,0.003314221199999999,0.9947235000000001,1.1838316580000001,4.45402
9219,0.0033151811999999987,1.014824,1.175791457,5.378643
9220,0.0033161412,1.014824,1.1838316580000001,5.619849
9221,0.0033171011999999995,0.9947235000000001,1.175791457,4.936432
9222,0.003318061199999999,1.014824,1.175791457,3.65
9223,0.0033190211999999985,1.014824,1.1838316580000001,2.04196
9224,0.0033199811999999997,0.9947235000000001,1.1838316580000001,0.7957289999999997
9225,0.003320941199999999,0.9947235000000001,1.1838316580000001,0.23291499999999976
9226,0.0033219011999999987,1.014824,1.175791457,0.39371899999999993
9227,0.0033228612,0.9947235000000001,1.175791457,1.3987439999999998
9228,0.0033238211999999994,0.974623,1.191871859,2.805779
9229,0.003324781199999999,0.9947235000000001,1.1838316580000001,4.293216
9230,0.0033257411999999984,0.9947235000000001,1.1838316580000001,5.338442
9231,0.0033267011999999997,0.974623,1.1838316580000001,5.619849
9232,0.003327661199999999,1.014824,1.191871859,5.097236
9233,0.0033286211999999987,1.014824,1.1838316580000001,3.891206
9234,0.0033295812,1.014824,1.1838316580000001,2.44397
9235,0.0033305411999999994,0.9947235000000001,1.175791457,1.0369349999999997
9236,0.003331501199999999,1.014824,1.175791457,0.2731159999999999
9237,0.0033324611999999984,0.9947235000000001,1.1838316580000001,0.23291499999999976
9238,0.0033334211999999997,1.014824,1.175791457,1.117337
9239,0.003334381199999999,1.014824,1.167751256,2.5243719999999996
9240,0.0033353411999999987,1.014824,1.175791457,3.971608
9241,0.0033363012,1.014824,1.167751256,5.177638
9242,0.0033372611999999994,0.9947235000000001,1.167751256,5.700251
9243,0.003338221199999999,1.014824,1.175791457,5.258039999999999
9244,0.0033391811999999984,0.9947235000000001,1.1838316580000001,4.212814
9245,0.0033401411999999997,1.014824,1.1838316580000001,2.7655779999999996
9246,0.003341101199999999,1.014824,1.1838316580000001,1.2781409999999997
9247,0.0033420611999999987,0.9947235000000001,1.1838316580000001,0.3535179999999998
9248,0.0033430212,1.014824,1.175791457,0.19271400000000005
9249,0.0033439811999999994,1.014824,1.175791457,0.9163319999999997
9250,0.003344941199999999,1.014824,1.175791457,2.323367
9251,0.0033459011999999984,1.014824,1.1838316580000001,3.770603
9252,0.0033468611999999997,1.014824,1.175791457,5.016834
9253,0.003347821199999999,1.0349245,1.191871859,5.700251
9254,0.0033487811999999987,1.014824,1.191871859,5.459045
9255,0.0033497412,1.014824,1.191871859,4.45402
9256,0.0033507011999999994,0.9947235000000001,1.1838316580000001,3.046985
9257,0.003351661199999999,1.014824,1.191871859,1.5193469999999998
9258,0.0033526211999999984,0.9947235000000001,1.1838316580000001,0.4741209999999998
9259,0.0033535811999999996,1.014824,1.1838316580000001,0.1525129999999999
9260,0.003354541199999999,1.014824,1.175791457,0.7153269999999998
9261,0.0033555011999999987,1.014824,1.175791457,1.921357
9262,0.0033564612,0.9947235000000001,1.175791457,3.408794
9263,0.0033574211999999994,1.014824,1.1838316580000001,4.85603
9264,0.003358381199999999,0.9947235000000001,1.1838316580000001,5.539447
9265,0.0033593411999999984,1.014824,1.175791457,5.539447
9266,0.0033603011999999996,0.974623,1.167751256,4.574623
9267,0.003361261199999999,1.0349245,1.1838316580000001,3.1273869999999997
9268,0.0033622211999999986,1.014824,1.175791457,1.599749
9269,0.0033631812,1.0349245,1.175791457,0.5947239999999998
9270,0.0033641411999999994,1.0349245,1.1838316580000001,0.19271400000000005
9271,0.003365101199999999,1.014824,1.1838316580000001,0.7153269999999998
9272,0.0033660611999999984,0.9947235000000001,1.175791457,1.921357
9273,0.0033670211999999996,1.014824,1.191871859,3.569598
9274,0.003367981199999999,1.014824,1.175791457,4.896231
9275,0.0033689411999999986,1.0349245,1.175791457,5.619849
9276,0.0033699012,1.0349245,1.1838316580000001,5.539447
9277,0.0033708611999999994,1.014824,1.1838316580000001,4.655025
9278,0.003371821199999999,1.0349245,1.1838316580000001,3.207789
9279,0.0033727811999999984,1.014824,1.175791457,1.680151
9280,0.0033737411999999996,1.014824,1.191871859,0.5947239999999998
9281,0.003374701199999999,1.0349245,1.175791457,0.1525129999999999
9282,0.0033756611999999986,1.0349245,1.175791457,0.5947239999999998
9283,0.0033766212,1.014824,1.167751256,1.6399499999999998
9284,0.0033775811999999994,1.014824,1.1838316580000001,3.046985
9285,0.003378541199999999,1.014824,1.175791457,4.45402
9286,0.0033795011999999984,1.0349245,1.175791457,5.459045
9287,0.0033804611999999996,1.014824,1.1838316580000001,5.619849
9288,0.003381421199999999,1.014824,1.175791457,5.097236
9289,0.0033823811999999986,1.0349245,1.1838316580000001,4.05201
9290,0.0033833412,1.014824,1.1838316580000001,2.5243719999999996
9291,0.0033843011999999994,1.014824,1.175791457,1.117337
9292,0.003385261199999999,1.0349245,1.167751256,0.3535179999999998
9293,0.0033862211999999984,1.014824,1.175791457,0.2731159999999999
9294,0.0033871811999999996,1.014824,1.175791457,0.9163319999999997
9295,0.003388141199999999,0.9947235000000001,1.1838316580000001,2.242965
9296,0.0033891011999999986,1.014824,1.167751256,3.770603
9297,0.0033900612,1.0349245,1.191871859,5.016834
9298,0.0033910211999999993,1.0349245,1.1838316580000001,5.619849
9299,0.003391981199999999,1.0349245,1.175791457,5.459045
9300,0.0033929411999999983,0.974623,1.1838316580000001,4.45402
9301,0.0033939011999999996,0.9947235000000001,1.1838316580000001,2.926382
9302,0.003394861199999999,1.014824,1.175791457,1.438945
9303,0.0033958211999999986,1.0349245,1.175791457,0.39371899999999993
9304,0.0033967812,1.0349245,1.175791457,0.19271400000000005
9305,0.0033977411999999993,0.9947235000000001,1.175791457,0.876131
9306,0.003398701199999999,1.014824,1.191871859,2.1625629999999996
9307,0.0033996611999999983,1.0349245,1.167751256,3.7304019999999998
9308,0.0034006211999999996,1.014824,1.1838316580000001,5.097236
9309,0.003401581199999999,1.0349245,1.175791457,5.66005
9310,0.0034025411999999986,1.0349245,1.167751256,5.378643
9311,0.0034035012,1.014824,1.175791457,4.373618
9312,0.0034044611999999993,0.9947235000000001,1.1838316580000001,2.926382
9313,0.003405421199999999,1.014824,1.167751256,1.3987439999999998
9314,0.0034063811999999983,1.0349245,1.175791457,0.4741209999999998
9315,0.0034073411999999996,1.0349245,1.175791457,0.19271400000000005
9316,0.003408301199999999,1.0349245,1.175791457,0.755528
9317,0.0034092611999999986,1.014824,1.175791457,2.001759
9318,0.0034102212,1.0349245,1.167751256,3.4891959999999997
9319,0.0034111811999999993,1.0349245,1.167751256,4.775628
9320,0.003412141199999999,1.014824,1.1838316580000001,5.539447
9321,0.0034131011999999983,1.0349245,1.191871859,5.579648
9322,0.0034140611999999996,1.014824,1.19991206,4.735427
9323,0.003415021199999999,0.9947235000000001,1.167751256,3.3685929999999997
9324,0.0034159811999999986,1.055025,1.175791457,1.7605529999999998
9325,0.0034169412,1.014824,1.1838316580000001,0.634925
9326,0.0034179011999999993,1.0349245,1.191871859,0.1525129999999999
9327,0.003418861199999999,1.0349245,1.1838316580000001,0.5947239999999998
9328,0.0034198211999999983,1.0349245,1.1838316580000001,1.680151
9329,0.0034207811999999995,1.014824,1.1838316580000001,3.207789
9330,0.003421741199999999,1.014824,1.175791457,4.574623
9331,0.0034227011999999985,1.0349245,1.1838316580000001,5.539447
9332,0.0034236612,1.014824,1.175791457,5.619849
9333,0.0034246211999999993,1.014824,1.175791457,4.85603
9334,0.003425581199999999,0.9947235000000001,1.175791457,3.4891959999999997
9335,0.0034265411999999983,1.014824,1.167751256,1.921357
9336,0.0034275011999999995,1.014824,1.167751256,0.755528
9337,0.003428461199999999,1.014824,1.175791457,0.19271400000000005
9338,0.0034294211999999985,1.0349245,1.175791457,0.4741209999999998
9339,0.0034303811999999998,1.0349245,1.167751256,1.6399499999999998
9340,0.0034313411999999993,1.014824,1.175791457,3.207789
9341,0.0034323011999999988,1.014824,1.175791457,4.534422
9342,0.0034332611999999983,1.014824,1.1838316580000001,5.539447
9343,0.0034342211999999995,0.9947235000000001,1.175791457,5.66005
9344,0.003435181199999999,1.0349245,1.1838316580000001,4.976633
9345,0.0034361411999999985,1.0349245,1.1838316580000001,3.6097989999999998
9346,0.0034371011999999998,1.0349245,1.175791457,2.001759
9347,0.0034380611999999993,1.055025,1.175791457,0.8359299999999998
9348,0.0034390211999999988,1.0349245,1.1838316580000001,0.19271400000000005
9349,0.0034399811999999983,1.055025,1.175791457,0.4741209999999998
9350,0.0034409411999999995,1.0349245,1.1838316580000001,1.559548
9351,0.003441901199999999,1.055025,1.167751256,3.0067839999999997
9352,0.0034428611999999985,1.0349245,1.175791457,4.534422
9353,0.0034438211999999998,1.014824,1.175791457,5.459045
9354,0.0034447811999999993,1.014824,1.175791457,5.66005
9355,0.0034457411999999988,1.014824,1.1838316580000001,5.057035
9356,0.0034467011999999983,1.0349245,1.175791457,3.770603
9357,0.0034476611999999995,1.055025,1.1838316580000001,2.202764
9358,0.003448621199999999,1.014824,1.175791457,0.8359299999999998
9359,0.0034495811999999985,1.0349245,1.175791457,0.19271400000000005
9360,0.0034505411999999997,1.014824,1.167751256,0.39371899999999993
9361,0.0034515011999999992,1.0349245,1.175791457,1.5193469999999998
9362,0.0034524611999999988,1.0349245,1.175791457,2.966583
9363,0.0034534211999999983,1.0349245,1.167751256,4.45402
9364,0.0034543811999999995,1.0349245,1.175791457,5.499245999999999
9365,0.003455341199999999,1.014824,1.1838316580000001,5.619849
9366,0.0034563011999999985,1.0349245,1.175791457,4.85603
9367,0.0034572611999999997,1.0349245,1.167751256,3.529397
9368,0.0034582211999999992,1.055025,1.167751256,1.921357
9369,0.0034591811999999987,1.0349245,1.167751256,0.634925
9370,0.0034601411999999982,1.014824,1.191871859,0.1525129999999999
9371,0.0034611011999999995,1.0349245,1.175791457,0.6751259999999997
9372,0.003462061199999999,1.0349245,1.175791457,1.840955
9373,0.0034630211999999985,1.0349245,1.191871859,3.4891959999999997
9374,0.0034639811999999997,1.055025,1.1838316580000001,4.936432
9375,0.0034649411999999992,1.0349245,1.175791457,5.66005
9376,0.0034659011999999987,1.055025,1.175791457,5.459045
9377,0.0034668612,1.0349245,1.175791457,4.373618
9378,0.0034678211999999995,1.0349245,1.175791457,2.966583
9379,0.003468781199999999,1.055025,1.175791457,1.438945
9380,0.0034697411999999985,1.055025,1.1838316580000001,0.4339200000000001
9381,0.0034707011999999997,1.055025,1.191871859,0.1525129999999999
9382,0.0034716611999999992,1.055025,1.175791457,0.8359299999999998
9383,0.0034726211999999987,1.0349245,1.175791457,2.242965
9384,0.0034735812,1.055025,1.167751256,3.690201
9385,0.0034745411999999995,1.055025,1.175791457,4.976633
9386,0.003475501199999999,1.0349245,1.167751256,5.619849
9387,0.0034764611999999985,1.0349245,1.175791457,5.378643
9388,0.0034774211999999997,1.055025,1.175791457,4.2530149999999995
9389,0.003478381199999999,1.055025,1.159711055,2.8861809999999997
9390,0.0034793411999999987,1.0349245,1.1838316580000001,1.3987439999999998
9391,0.0034803012,1.0349245,1.167751256,0.39371899999999993
9392,0.0034812611999999995,1.0349245,1.175791457,0.2731159999999999
9393,0.003482221199999999,1.0349245,1.1838316580000001,0.9565329999999999
9394,0.0034831811999999985,1.0349245,1.1838316580000001,2.323367
9395,0.0034841411999999997,1.014824,1.1838316580000001,3.851005
9396,0.003485101199999999,1.0349245,1.175791457,5.097236
9397,0.0034860611999999987,1.0349245,1.191871859,5.66005
9398,0.0034870212,1.055025,1.1838316580000001,5.418844
9399,0.0034879811999999994,1.055025,1.175791457,4.373618
9400,0.003488941199999999,1.055025,1.1838316580000001,2.84598
9401,0.0034899011999999984,1.0349245,1.175791457,1.438945
9402,0.0034908611999999997,1.0349245,1.1838316580000001,0.514322
9403,0.003491821199999999,1.055025,1.167751256,0.1525129999999999
9404,0.0034927811999999987,1.0349245,1.175791457,0.7153269999999998
9405,0.0034937412,1.0349245,1.1838316580000001,1.961558
9406,0.0034947011999999994,1.0349245,1.175791457,3.4891959999999997
9407,0.003495661199999999,1.0349245,1.175791457,4.896231
9408,0.0034966211999999984,1.055025,1.167751256,5.579648
9409,0.0034975811999999997,1.0751255,1.175791457,5.539447
9410,0.003498541199999999,1.055025,1.175791457,4.735427
9411,0.0034995011999999987,1.0349245,1.175791457,3.3685929999999997
9412,0.0035004612,1.0751255,1.167751256,1.840955
9413,0.0035014211999999994,1.0349245,1.175791457,0.5947239999999998
9414,0.003502381199999999,1.055025,1.175791457,0.19271400000000005
9415,0.0035033411999999984,1.0751255,1.175791457,0.5545229999999997
9416,0.0035043011999999997,1.0349245,1.1838316580000001,1.680151
9417,0.003505261199999999,1.0349245,1.167751256,3.207789
9418,0.0035062211999999987,1.0349245,1.167751256,4.735427
9419,0.0035071812,1.0349245,1.1838316580000001,5.539447
9420,0.0035081411999999994,1.055025,1.175791457,5.579648
9421,0.003509101199999999,1.055025,1.175791457,4.655025
9422,0.0035100611999999984,1.055025,1.175791457,3.207789
9423,0.0035110211999999997,1.0751255,1.1838316580000001,1.599749
9424,0.003511981199999999,1.0349245,1.1838316580000001,0.4741209999999998
9425,0.0035129411999999987,1.055025,1.191871859,0.23291499999999976
9426,0.0035139012,1.055025,1.191871859,0.8359299999999998
9427,0.0035148611999999994,1.0349245,1.1838316580000001,2.001759
9428,0.003515821199999999,1.055025,1.1838316580000001,3.569598
9429,0.0035167811999999984,1.055025,1.175791457,4.936432
9430,0.0035177411999999996,1.055025,1.175791457,5.66005
9431,0.003518701199999999,1.0751255,1.1838316580000001,5.459045
9432,0.0035196611999999987,1.055025,1.175791457,4.534422
9433,0.0035206212,1.055025,1.1838316580000001,3.0067839999999997
9434,0.0035215811999999994,1.055025,1.1838316580000001,1.559548
9435,0.003522541199999999,1.0349245,1.175791457,0.5545229999999997
9436,0.0035235011999999984,1.0349245,1.175791457,0.19271400000000005
9437,0.0035244611999999996,1.055025,1.167751256,0.755528
9438,0.003525421199999999,1.055025,1.167751256,2.001759
9439,0.0035263811999999986,1.0751255,1.167751256,3.4891959999999997
9440,0.0035273412,1.0751255,1.167751256,4.815829
9441,0.0035283011999999994,1.0349245,1.167751256,5.579648
9442,0.003529261199999999,1.055025,1.1838316580000001,5.619849
9443,0.0035302211999999984,1.0349245,1.167751256,4.85603
9444,0.0035311811999999996,1.055025,1.1838316580000001,3.6097989999999998
9445,0.003532141199999999,1.0751255,1.1838316580000001,2.122362
9446,0.0035331011999999986,1.0751255,1.175791457,0.7957289999999997
9447,0.0035340612,1.0751255,1.1838316580000001,0.19271400000000005
9448,0.0035350211999999994,1.055025,1.191871859,0.39371899999999993
9449,0.003535981199999999,1.0349245,1.1838316580000001,1.3987439999999998
9450,0.0035369411999999984,1.055025,1.1838316580000001,2.805779
9451,0.0035379011999999996,1.0349245,1.175791457,4.212814
9452,0.003538861199999999,1.055025,1.167751256,5.378643
9453,0.0035398211999999986,1.055025,1.167751256,5.700251
9454,0.0035407812,1.055025,1.175791457,5.258039999999999
9455,0.0035417411999999994,1.055025,1.167751256,4.092211
9456,0.003542701199999999,1.055025,1.167751256,2.6449749999999996
9457,0.0035436611999999984,1.0349245,1.175791457,1.23794
9458,0.0035446211999999996,1.055025,1.175791457,0.3535179999999998
9459,0.003545581199999999,1.055025,1.175791457,0.19271400000000005
9460,0.0035465411999999986,1.055025,1.167751256,0.996734
9461,0.0035475012,1.0751255,1.167751256,2.242965
9462,0.0035484611999999994,1.055025,1.167751256,3.810804
9463,0.003549421199999999,1.0349245,1.167751256,5.057035
9464,0.0035503811999999984,1.0751255,1.1838316580000001,5.700251
9465,0.0035513411999999996,1.055025,1.175791457,5.418844
9466,0.003552301199999999,1.055025,1.167751256,4.413819
9467,0.0035532611999999986,1.055025,1.175791457,2.8861809999999997
9468,0.0035542212,1.055025,1.175791457,1.3987439999999998
9469,0.0035551811999999993,1.0349245,1.175791457,0.39371899999999993
9470,0.003556141199999999,1.055025,1.167751256,0.1525129999999999
9471,0.0035571011999999983,1.055025,1.175791457,0.9565329999999999
9472,0.0035580611999999996,1.055025,1.1838316580000001,2.323367
9473,0.003559021199999999,1.0751255,1.175791457,3.931407
9474,0.0035599811999999986,1.0751255,1.167751256,5.177638
9475,0.0035609412,1.055025,1.175791457,5.700251
9476,0.0035619011999999993,1.0751255,1.1838316580000001,5.258039999999999
9477,0.003562861199999999,1.0751255,1.1838316580000001,4.092211
9478,0.0035638211999999983,1.0751255,1.175791457,2.6449749999999996
9479,0.0035647811999999996,1.0751255,1.1838316580000001,1.1575379999999997
9480,0.003565741199999999,1.0349245,1.1838316580000001,0.31331700000000007
9481,0.0035667011999999986,1.0751255,1.175791457,0.2731159999999999
9482,0.0035676612,1.055025,1.175791457,1.358543
9483,0.0035686211999999993,1.055025,1.167751256,2.564573
9484,0.003569581199999999,1.095226,1.175791457,4.0118089999999995
9485,0.0035705411999999983,1.0751255,1.175791457,5.217839
9486,0.0035715011999999996,1.055025,1.175791457,5.66005
9487,0.003572461199999999,1.0751255,1.175791457,5.378643
9488,0.0035734211999999986,1.0751255,1.1838316580000001,4.172613
9489,0.0035743812,1.0751255,1.175791457,2.6449749999999996
9490,0.0035753411999999993,1.0751255,1.167751256,1.2781409999999997
9491,0.003576301199999999,1.055025,1.175791457,0.23291499999999976
9492,0.0035772611999999983,1.055025,1.1838316580000001,0.23291499999999976
9493,0.0035782211999999996,1.0751255,1.175791457,0.876131
9494,0.003579181199999999,1.0751255,1.167751256,2.122362
9495,0.0035801411999999986,1.0349245,1.1838316580000001,3.6097989999999998
9496,0.0035811012,1.0751255,1.175791457,4.936432
9497,0.0035820611999999993,1.055025,1.175791457,5.66005
9498,0.003583021199999999,1.055025,1.175791457,5.499245999999999
9499,0.0035839811999999983,1.055025,1.167751256,4.534422
9500,0.0035849411999999995,1.0751255,1.167751256,2.44397
9501,0.003585901199999999,1.0751255,1.175791457,1.6399499999999998
9502,0.0035868611999999985,1.0751255,1.175791457,0.514322
9503,0.0035878212,1.0751255,1.175791457,0.19271400000000005
9504,0.0035887811999999993,1.0751255,1.167751256,0.7153269999999998
9505,0.003589741199999999,1.095226,1.175791457,1.961558
9506,0.0035907011999999983,1.055025,1.167751256,4.2530149999999995
9507,0.0035916611999999995,1.0751255,1.159711055,5.057035
9508,0.003592621199999999,1.0751255,1.159711055,5.619849
9509,0.0035935811999999985,1.0751255,1.167751256,5.378643
9510,0.0035945411999999998,1.0751255,1.175791457,4.212814
9511,0.0035955011999999993,1.0751255,1.167751256,2.6449749999999996
9512,0.0035964611999999988,1.055025,1.175791457,1.1977389999999999
9513,0.0035974211999999983,1.055025,1.1838316580000001,0.2731159999999999
9514,0.0035983811999999995,1.0751255,1.175791457,0.31331700000000007
9515,0.003599341199999999,1.095226,1.175791457,1.438945
9516,0.0036003011999999985,1.095226,1.159711055,2.5243719999999996
9517,0.0036012611999999998,1.095226,1.1838316580000001,4.092211
9518,0.0036022211999999993,1.0751255,1.175791457,5.298241
9519,0.0036031811999999988,1.0751255,1.175791457,5.66005
9520,0.0036041411999999983,1.055025,1.175791457,5.177638
9521,0.0036051011999999995,1.0349245,1.191871859,3.851005
9522,0.003606061199999999,1.095226,1.175791457,2.1625629999999996
9523,0.0036070211999999985,1.0349245,1.1838316580000001,0.996734
9524,0.0036079811999999998,1.0751255,1.175791457,0.23291499999999976
9525,0.0036089411999999993,1.0751255,1.1838316580000001,0.39371899999999993
9526,0.0036099011999999988,1.055025,1.175791457,1.318342
9527,0.0036108611999999983,1.095226,1.175791457,2.805779
9528,0.0036118211999999995,1.0751255,1.175791457,4.05201
9529,0.003612781199999999,1.0751255,1.167751256,5.298241
9530,0.0036137411999999985,1.055025,1.175791457,5.700251
9531,0.0036147011999999997,1.0751255,1.167751256,5.298241
9532,0.0036156611999999992,1.095226,1.175791457,4.092211
9533,0.0036166211999999988,1.095226,1.167751256,2.5243719999999996
9534,0.0036175811999999983,1.055025,1.159711055,1.1575379999999997
9535,0.0036185411999999995,1.095226,1.167751256,0.3535179999999998
9536,0.003619501199999999,1.095226,1.175791457,0.19271400000000005
9537,0.0036204611999999985,1.0751255,1.159711055,1.117337
9538,0.0036214211999999997,1.0751255,1.167751256,2.44397
9539,0.0036223811999999992,1.0751255,1.167751256,3.891206
9540,0.0036233411999999987,1.055025,1.175791457,5.137437
9541,0.0036243011999999982,1.0751255,1.167751256,5.740451999999999
9542,0.0036252611999999995,1.0751255,1.175791457,5.619849
9543,0.003626221199999999,1.055025,1.1838316580000001,4.1324119999999995
9544,0.0036271811999999985,1.0751255,1.191871859,2.6449749999999996
9545,0.0036281411999999997,1.0751255,1.175791457,1.318342
9546,0.0036291011999999992,1.0751255,1.167751256,0.4339200000000001
9547,0.0036300611999999987,1.0751255,1.175791457,0.2731159999999999
9548,0.0036310211999999982,1.095226,1.159711055,1.117337
9549,0.0036319811999999995,1.0751255,1.1838316580000001,2.44397
9550,0.003632941199999999,1.0751255,1.175791457,4.1324119999999995
9551,0.0036339011999999985,1.0751255,1.167751256,4.614824
9552,0.0036348611999999997,1.095226,1.175791457,5.619849
9553,0.0036358211999999992,1.0751255,1.175791457,5.258039999999999
9554,0.0036367811999999987,1.0751255,1.167751256,4.05201
9555,0.0036377411999999982,1.095226,1.175791457,2.564573
9556,0.0036387011999999995,1.095226,1.159711055,1.117337
9557,0.003639661199999999,1.0751255,1.167751256,0.2731159999999999
9558,0.0036406211999999985,1.095226,1.167751256,0.31331700000000007
9559,0.0036415811999999997,1.0751255,1.167751256,1.117337
9560,0.003642541199999999,1.0751255,1.159711055,2.564573
9561,0.0036435011999999987,1.095226,1.167751256,3.971608
9562,0.0036444612,1.0751255,1.175791457,5.177638
9563,0.0036454211999999995,1.0349245,1.175791457,5.66005
9564,0.003646381199999999,1.095226,1.175791457,5.258039999999999
9565,0.0036473411999999985,1.0751255,1.167751256,3.971608
9566,0.0036483011999999997,1.0751255,1.175791457,2.604774
9567,0.003649261199999999,1.0751255,1.175791457,1.0771359999999999
9568,0.0036502211999999987,1.055025,1.167751256,0.2731159999999999
9569,0.0036511812,1.095226,1.175791457,0.2731159999999999
9570,0.0036521411999999994,1.095226,1.1838316580000001,1.1575379999999997
9571,0.003653101199999999,1.095226,1.175791457,2.564573
9572,0.0036540611999999984,1.0751255,1.175791457,4.092211
9573,0.0036550211999999997,1.0751255,1.175791457,5.298241
9574,0.003655981199999999,1.0751255,1.175791457,5.66005
9575,0.0036569411999999987,1.095226,1.175791457,5.137437
9576,0.0036579012,1.0751255,1.175791457,3.891206
9577,0.0036588611999999994,1.095226,1.175791457,2.6449749999999996
9578,0.003659821199999999,1.0751255,1.175791457,1.1977389999999999
9579,0.0036607811999999984,1.095226,1.175791457,0.31331700000000007
9580,0.0036617411999999997,1.095226,1.167751256,0.2731159999999999
9581,0.003662701199999999,1.0751255,1.159711055,0.876131
9582,0.0036636611999999987,1.0751255,1.175791457,2.44397
9583,0.0036646212,1.095226,1.167751256,3.4891959999999997
9584,0.0036655811999999994,1.1153265,1.167751256,4.815829
9585,0.003666541199999999,1.095226,1.167751256,5.579648
9586,0.0036675011999999984,1.095226,1.167751256,5.539447
9587,0.0036684611999999997,1.095226,1.159711055,4.775628
9588,0.003669421199999999,1.095226,1.175791457,3.408794
9589,0.0036703811999999987,1.095226,1.167751256,1.840955
9590,0.0036713412,1.095226,1.175791457,0.7153269999999998
9591,0.0036723011999999994,1.095226,1.167751256,0.23291499999999976
9592,0.003673261199999999,1.095226,1.175791457,0.4741209999999998
9593,0.0036742211999999984,1.0751255,1.167751256,1.599749
9594,0.0036751811999999997,1.095226,1.167751256,3.207789
9595,0.003676141199999999,1.0751255,1.175791457,4.655025
9596,0.0036771011999999987,1.055025,1.167751256,5.579648
9597,0.0036780612,1.0751255,1.175791457,5.298241
9598,0.0036790211999999994,1.095226,1.1838316580000001,4.614824
9599,0.003679981199999999,1.1153265,1.175791457,3.087186
9600,0.0036809411999999984,1.095226,1.175791457,1.479146
9601,0.0036819011999999996,1.1153265,1.1838316580000001,0.4339200000000001
9602,0.003682861199999999,1.0751255,1.175791457,0.19271400000000005
9603,0.0036838211999999987,1.095226,1.159711055,1.0369349999999997
9604,0.0036847812,1.095226,1.167751256,2.5243719999999996
9605,0.0036857411999999994,1.095226,1.159711055,4.172613
9606,0.003686701199999999,1.1153265,1.159711055,5.459045
9607,0.0036876611999999984,1.0751255,1.167751256,5.66005
9608,0.0036886211999999996,1.1153265,1.159711055,5.016834
9609,0.003689581199999999,1.095226,1.159711055,3.690201
9610,0.0036905411999999986,1.095226,1.159711055,2.082161
9611,0.0036915012,1.0751255,1.167751256,0.7957289999999997
9612,0.0036924611999999994,1.095226,1.159711055,0.2731159999999999
9613,0.003693421199999999,1.095226,1.167751256,0.5947239999999998
9614,0.0036943811999999984,1.095226,1.175791457,1.438945
9615,0.0036953411999999996,1.095226,1.175791457,3.0067839999999997
9616,0.003696301199999999,1.095226,1.175791457,4.413819
9617,0.0036972611999999986,1.095226,1.167751256,5.378643
9618,0.0036982212,1.095226,1.175791457,5.619849
9619,0.0036991811999999994,1.095226,1.167751256,5.057035
9620,0.003700141199999999,1.095226,1.1838316580000001,3.770603
9621,0.0037011011999999984,1.095226,1.167751256,2.122362
9622,0.0037020611999999996,1.1153265,1.167751256,0.996734
9623,0.003703021199999999,1.0751255,1.1838316580000001,0.19271400000000005
9624,0.0037039811999999986,1.095226,1.175791457,0.3535179999999998
9625,0.0037049412,1.1153265,1.175791457,1.2781409999999997
9626,0.0037059011999999994,1.0751255,1.167751256,2.7655779999999996
9627,0.003706861199999999,1.1153265,1.167751256,3.4891959999999997
9628,0.0037078211999999984,1.095226,1.159711055,5.539447
9629,0.0037087811999999996,1.095226,1.159711055,5.66005
9630,0.003709741199999999,1.095226,1.167751256,5.217839
9631,0.0037107011999999986,1.095226,1.159711055,3.971608
9632,0.0037116612,1.095226,1.151670854,2.323367
9633,0.0037126211999999994,1.095226,1.167751256,1.0369349999999997
9634,0.003713581199999999,1.095226,1.159711055,0.2731159999999999
9635,0.0037145411999999984,1.095226,1.167751256,0.19271400000000005
9636,0.0037155011999999996,1.1153265,1.167751256,1.318342
9637,0.003716461199999999,1.095226,1.167751256,2.685176
9638,0.0037174211999999986,1.0751255,1.175791457,3.971608
9639,0.0037183812,1.0751255,1.167751256,5.298241
9640,0.0037193411999999993,1.1153265,1.1838316580000001,5.66005
9641,0.003720301199999999,1.0751255,1.175791457,5.177638
9642,0.0037212611999999983,1.095226,1.1838316580000001,3.971608
9643,0.0037222211999999996,1.095226,1.167751256,3.4891959999999997
9644,0.003723181199999999,1.0751255,1.191871859,1.0771359999999999
9645,0.0037241411999999986,1.095226,1.167751256,0.19271400000000005
9646,0.0037251012,1.095226,1.167751256,0.31331700000000007
9647,0.0037260611999999993,1.1153265,1.167751256,1.318342
9648,0.003727021199999999,1.0751255,1.167751256,2.84598
9649,0.0037279811999999983,1.095226,1.167751256,4.333417
9650,0.0037289411999999996,1.095226,1.175791457,5.418844
9651,0.003729901199999999,1.0751255,1.159711055,5.66005
9652,0.0037308611999999986,1.135427,1.159711055,4.936432
9653,0.0037318212,1.1153265,1.175791457,3.7304019999999998
9654,0.0037327811999999993,1.095226,1.159711055,2.04196
9655,0.003733741199999999,1.095226,1.159711055,0.7153269999999998
9656,0.0037347011999999983,1.0751255,1.159711055,0.1525129999999999
9657,0.0037356611999999996,1.095226,1.167751256,0.5947239999999998
9658,0.003736621199999999,1.0751255,1.159711055,1.5193469999999998
9659,0.0037375811999999986,1.095226,1.159711055,3.328392
9660,0.0037385412,1.0751255,1.167751256,4.936432
9661,0.0037395011999999993,1.095226,1.167751256,5.700251
9662,0.003740461199999999,1.095226,1.167751256,5.459045
9663,0.0037414211999999983,1.095226,1.159711055,4.413819
9664,0.0037423811999999996,1.095226,1.175791457,2.966583
9665,0.003743341199999999,1.095226,1.175791457,1.438945
9666,0.0037443011999999986,1.095226,1.1838316580000001,0.5947239999999998
9667,0.0037452612,1.095226,1.167751256,0.19271400000000005
9668,0.0037462211999999993,1.1153265,1.167751256,0.755528
9669,0.003747181199999999,1.1153265,1.167751256,1.8811559999999998
9670,0.0037481411999999983,1.1153265,1.167751256,3.448995
9671,0.0037491011999999995,1.095226,1.167751256,4.936432
9672,0.003750061199999999,1.0751255,1.1838316580000001,5.579648
9673,0.0037510211999999985,1.095226,1.159711055,5.539447
9674,0.0037519812,1.1153265,1.159711055,4.494221
9675,0.0037529411999999993,1.1153265,1.175791457,3.328392
9676,0.003753901199999999,1.095226,1.175791457,1.8811559999999998
9677,0.0037548611999999983,1.1153265,1.167751256,0.634925
9678,0.0037558211999999995,1.095226,1.159711055,0.19271400000000005
9679,0.003756781199999999,1.095226,1.167751256,0.4741209999999998
9680,0.0037577411999999985,1.095226,1.151670854,1.5193469999999998
9681,0.0037587011999999998,1.1153265,1.159711055,2.805779
9682,0.0037596611999999993,1.095226,1.159711055,4.293216
9683,0.0037606211999999988,1.1153265,1.159711055,5.579648
9684,0.0037615811999999983,1.0751255,1.167751256,5.700251
9685,0.0037625411999999995,1.135427,1.159711055,5.177638
9686,0.003763501199999999,1.095226,1.167751256,4.0118089999999995
9687,0.0037644611999999985,1.1153265,1.167751256,2.484171
9688,0.0037654211999999998,1.1153265,1.167751256,1.0369349999999997
9689,0.0037663811999999993,1.1153265,1.175791457,0.1525129999999999
9690,0.0037673411999999988,1.095226,1.175791457,0.2731159999999999
9691,0.0037683011999999983,1.095226,1.167751256,1.1977389999999999
9692,0.0037692611999999995,1.095226,1.1838316580000001,2.564573
9693,0.003770221199999999,1.095226,1.175791457,4.1324119999999995
9694,0.0037711811999999985,1.095226,1.175791457,5.298241
9695,0.0037721411999999998,1.1153265,1.167751256,5.539447
9696,0.0037731011999999993,1.095226,1.159711055,5.177638
9697,0.0037740611999999988,1.1153265,1.167751256,4.0118089999999995
9698,0.0037750211999999983,1.1153265,1.159711055,1.961558
9699,0.0037759811999999995,1.1153265,1.167751256,1.1575379999999997
9700,0.003776941199999999,1.1153265,1.167751256,0.2731159999999999
9701,0.0037779011999999985,1.1153265,1.175791457,0.23291499999999976
9702,0.0037788611999999997,1.1153265,1.167751256,1.0369349999999997
9703,0.0037798211999999992,1.095226,1.159711055,2.363568
9704,0.0037807811999999988,1.095226,1.167751256,4.293216
9705,0.0037817411999999983,1.135427,1.167751256,5.177638
9706,0.0037827011999999995,1.135427,1.167751256,5.66005
9707,0.003783661199999999,1.1153265,1.159711055,5.418844
9708,0.0037846211999999985,1.095226,1.151670854,4.45402
9709,0.0037855811999999997,1.1153265,1.167751256,3.1273869999999997
9710,0.0037865411999999992,1.1153265,1.167751256,1.7203519999999999
9711,0.0037875011999999987,1.1153265,1.175791457,0.634925
9712,0.0037884611999999982,1.095226,1.167751256,0.2731159999999999
9713,0.0037894211999999995,1.1153265,1.175791457,0.5947239999999998
9714,0.003790381199999999,1.135427,1.175791457,1.479146
9715,0.0037913411999999985,1.135427,1.167751256,2.926382
9716,0.0037923011999999997,1.1153265,1.175791457,4.373618
9717,0.0037932611999999992,1.1153265,1.167751256,5.338442
9718,0.0037942211999999987,1.095226,1.175791457,5.66005
9719,0.0037951811999999982,1.095226,1.159711055,5.298241
9720,0.0037961411999999995,1.1153265,1.175791457,3.971608
9721,0.003797101199999999,1.1153265,1.175791457,2.7655779999999996
9722,0.0037980611999999985,1.1153265,1.167751256,1.358543
9723,0.0037990211999999997,1.1153265,1.167751256,0.4741209999999998
9724,0.0037999811999999992,1.095226,1.167751256,0.19271400000000005
9725,0.0038009411999999987,1.1153265,1.167751256,0.634925
9726,0.0038019011999999982,1.135427,1.167751256,1.800754
9727,0.0038028611999999995,1.1153265,1.167751256,3.288191
9728,0.003803821199999999,1.135427,1.151670854,4.655025
9729,0.0038047811999999985,1.135427,1.159711055,5.338442
9730,0.0038057411999999997,1.1153265,1.167751256,5.619849
9731,0.003806701199999999,1.1153265,1.151670854,5.057035
9732,0.0038076611999999987,1.1153265,1.159711055,3.891206
9733,0.003808621199999998,1.135427,1.151670854,2.4037689999999996
9734,0.0038095811999999995,1.1153265,1.167751256,2.122362
9735,0.003810541199999999,1.1153265,1.167751256,0.39371899999999993
9736,0.0038115011999999985,1.1153265,1.175791457,0.23291499999999976
9737,0.0038124611999999997,1.1153265,1.175791457,0.8359299999999998
9738,0.003813421199999999,1.095226,1.159711055,2.001759
9739,0.0038143811999999987,1.095226,1.175791457,3.3685929999999997
9740,0.0038153412,1.095226,1.151670854,4.655025
9741,0.0038163011999999994,1.1153265,1.175791457,5.539447
9742,0.003817261199999999,1.1153265,1.167751256,5.579648
9743,0.0038182211999999984,1.135427,1.159711055,4.976633
9744,0.0038191811999999997,1.1153265,1.167751256,4.05201
9745,0.003820141199999999,1.1153265,1.167751256,2.44397
9746,0.0038211011999999987,1.135427,1.1838316580000001,1.0369349999999997
9747,0.0038220612,1.1153265,1.167751256,0.31331700000000007
9748,0.0038230211999999994,1.135427,1.167751256,0.2731159999999999
9749,0.003823981199999999,1.135427,1.167751256,0.5947239999999998
9750,0.0038249411999999984,1.1153265,1.159711055,2.242965
9751,0.0038259011999999997,1.1153265,1.159711055,3.770603
9752,0.003826861199999999,1.095226,1.159711055,4.976633
9753,0.0038278211999999987,1.1153265,1.175791457,5.579648
9754,0.0038287812,1.1153265,1.159711055,5.539447
9755,0.0038297411999999994,1.1153265,1.167751256,4.735427
9756,0.003830701199999999,1.1153265,1.159711055,3.529397
9757,0.0038316611999999984,1.1153265,1.159711055,2.001759
9758,0.0038326211999999997,1.1153265,1.159711055,0.755528
9759,0.003833581199999999,1.1555275,1.151670854,0.1525129999999999
9760,0.0038345411999999987,1.135427,1.167751256,0.2731159999999999
9761,0.0038355012,1.135427,1.159711055,1.1575379999999997
9762,0.0038364611999999994,1.1153265,1.167751256,2.5243719999999996
9763,0.003837421199999999,1.135427,1.175791457,3.891206
9764,0.0038383811999999984,1.135427,1.167751256,5.016834
9765,0.0038393411999999997,1.1153265,1.175791457,5.619849
9766,0.003840301199999999,1.135427,1.175791457,5.499245999999999
9767,0.0038412611999999987,1.1153265,1.1838316580000001,4.574623
9768,0.0038422212,1.1555275,1.175791457,3.328392
9769,0.0038431811999999994,1.135427,1.175791457,1.8811559999999998
9770,0.003844141199999999,1.1153265,1.1838316580000001,0.755528
9771,0.0038451011999999984,1.1555275,1.175791457,0.19271400000000005
9772,0.0038460611999999996,1.1153265,1.159711055,0.3535179999999998
9773,0.003847021199999999,1.1153265,1.159711055,1.318342
9774,0.0038479811999999987,1.135427,1.175791457,2.685176
9775,0.0038489412,1.135427,1.167751256,4.1324119999999995
9776,0.0038499011999999994,1.135427,1.167751256,5.258039999999999
9777,0.003850861199999999,1.135427,1.159711055,5.66005
9778,0.0038518211999999984,1.135427,1.159711055,5.298241
9779,0.0038527811999999996,1.1153265,1.159711055,4.2530149999999995
9780,0.003853741199999999,1.1555275,1.151670854,2.7655779999999996
9781,0.0038547011999999986,1.1153265,1.167751256,1.3987439999999998
9782,0.0038556612,1.135427,1.159711055,0.4339200000000001
9783,0.0038566211999999994,1.1756280000000001,1.159711055,0.23291499999999976
9784,0.003857581199999999,1.1153265,1.151670854,0.6751259999999997
9785,0.0038585411999999984,1.1153265,1.167751256,1.8811559999999998
9786,0.0038595011999999996,1.135427,1.159711055,3.328392
9787,0.003860461199999999,1.1153265,1.159711055,4.695226
9788,0.0038614211999999986,1.1555275,1.167751256,5.499245999999999
9789,0.0038623812,1.135427,1.159711055,5.579648
9790,0.0038633411999999994,1.135427,1.167751256,4.976633
9791,0.003864301199999999,1.135427,1.167751256,3.770603
9792,0.0038652611999999984,1.135427,1.159711055,2.2831659999999996
9793,0.0038662211999999996,1.1153265,1.175791457,0.9565329999999999
9794,0.003867181199999999,1.135427,1.175791457,0.2731159999999999
9795,0.0038681411999999986,1.135427,1.167751256,0.31331700000000007
9796,0.0038691012,1.1555275,1.159711055,1.0771359999999999
9797,0.0038700611999999994,1.1153265,1.159711055,2.4037689999999996
9798,0.003871021199999999,1.1555275,1.151670854,3.810804
9799,0.0038719811999999984,1.135427,1.151670854,4.936432
9800,0.0038729411999999996,1.1153265,1.159711055,5.619849
9801,0.003873901199999999,1.135427,1.167751256,5.499245999999999
9802,0.0038748611999999986,1.135427,1.159711055,4.574623
9803,0.0038758212,1.1153265,1.159711055,3.288191
9804,0.0038767811999999994,1.135427,1.151670854,1.8811559999999998
9805,0.003877741199999999,1.135427,1.159711055,0.7153269999999998
9806,0.0038787011999999984,1.135427,1.167751256,0.19271400000000005
9807,0.0038796611999999996,1.135427,1.159711055,0.514322
9808,0.003880621199999999,1.135427,1.167751256,1.479146
9809,0.0038815811999999986,1.1153265,1.159711055,2.926382
9810,0.0038825412,1.135427,1.143630653,4.373618
9811,0.0038835011999999993,1.1555275,1.159711055,5.378643
9812,0.003884461199999999,1.135427,1.167751256,5.619849
9813,0.0038854211999999983,1.135427,1.167751256,5.097236
9814,0.0038863811999999996,1.1153265,1.167751256,3.931407
9815,0.003887341199999999,1.1756280000000001,1.167751256,2.4037689999999996
9816,0.0038883011999999986,1.1555275,1.167751256,1.0771359999999999
9817,0.0038892612,1.1555275,1.167751256,0.31331700000000007
9818,0.0038902211999999993,1.135427,1.167751256,0.23291499999999976
9819,0.003891181199999999,1.1555275,1.167751256,1.0771359999999999
9820,0.0038921411999999983,1.135427,1.159711055,2.564573
9821,0.0038931011999999996,1.1555275,1.159711055,4.05201
9822,0.003894061199999999,1.1153265,1.167751256,5.177638
9823,0.0038950211999999986,1.135427,1.159711055,5.66005
9824,0.0038959812,1.1153265,1.167751256,5.298241
9825,0.0038969411999999993,1.135427,1.159711055,4.212814
9826,0.003897901199999999,1.1555275,1.159711055,2.7655779999999996
9827,0.0038988611999999983,1.135427,1.167751256,1.358543
9828,0.0038998211999999996,1.1555275,1.143630653,0.39371899999999993
9829,0.003900781199999999,1.1153265,1.151670854,0.1525129999999999
9830,0.0039017411999999986,1.135427,1.143630653,0.8359299999999998
9831,0.0039027012,1.135427,1.159711055,2.1625629999999996
9832,0.0039036611999999993,1.135427,1.151670854,3.690201
9833,0.003904621199999999,1.1555275,1.159711055,4.896231
9834,0.0039055811999999983,1.1555275,1.143630653,5.619849
9835,0.0039065411999999996,1.1555275,1.143630653,5.579648
9836,0.003907501199999999,1.135427,1.159711055,4.695226
9837,0.0039084611999999986,1.135427,1.167751256,3.328392
9838,0.0039094212,1.1555275,1.167751256,1.840955
9839,0.003910381199999999,1.135427,1.159711055,0.6751259999999997
9840,0.003911341199999999,1.135427,1.167751256,0.19271400000000005
9841,0.003912301199999998,1.1555275,1.159711055,0.514322
9842,0.0039132611999999995,1.135427,1.159711055,1.438945
9843,0.003914221199999999,1.1555275,1.167751256,2.926382
9844,0.0039151811999999986,1.135427,1.159711055,4.172613
9845,0.0039161412,1.135427,1.167751256,5.298241
9846,0.003917101199999999,1.1555275,1.159711055,5.66005
9847,0.003918061199999999,1.135427,1.167751256,5.217839
9848,0.003919021199999998,1.1555275,1.159711055,4.092211
9849,0.0039199811999999995,1.135427,1.159711055,2.564573
9850,0.003920941199999999,1.1555275,1.143630653,1.1977389999999999
9851,0.0039219011999999985,1.1555275,1.151670854,0.31331700000000007
9852,0.0039228612,1.1555275,1.143630653,0.23291499999999976
9853,0.003923821199999999,1.1756280000000001,1.159711055,0.9163319999999997
9854,0.003924781199999999,1.1555275,1.151670854,2.202764
9855,0.003925741199999998,1.135427,1.159711055,3.569598
9856,0.0039267011999999995,1.135427,1.151670854,4.85603
9857,0.003927661199999999,1.135427,1.151670854,5.579648
9858,0.0039286211999999985,1.1555275,1.167751256,5.499245999999999
9859,0.0039295812,1.1555275,1.151670854,4.775628
9860,0.003930541199999999,1.1957285,1.151670854,3.529397
9861,0.003931501199999999,1.1555275,1.159711055,2.082161
9862,0.003932461199999998,1.1555275,1.159711055,0.7957289999999997
9863,0.0039334211999999995,1.1555275,1.143630653,0.19271400000000005
9864,0.003934381199999999,1.1555275,1.159711055,0.4339200000000001
9865,0.0039353411999999985,1.135427,1.167751256,1.358543
9866,0.0039363012,1.135427,1.159711055,2.685176
9867,0.003937261199999999,1.1555275,1.159711055,4.1324119999999995
9868,0.003938221199999999,1.135427,1.167751256,5.217839
9869,0.003939181199999998,1.1555275,1.159711055,5.619849
9870,0.0039401411999999995,1.1555275,1.167751256,5.177638
9871,0.003941101199999999,1.135427,1.167751256,3.971608
9872,0.0039420611999999985,1.135427,1.159711055,2.604774
9873,0.0039430212,1.1555275,1.159711055,1.117337
9874,0.003943981199999999,1.1555275,1.151670854,0.31331700000000007
9875,0.003944941199999999,1.1555275,1.151670854,0.2731159999999999
9876,0.003945901199999998,1.1555275,1.143630653,0.996734
9877,0.0039468611999999995,1.1756280000000001,1.151670854,2.363568
9878,0.003947821199999999,1.1756280000000001,1.143630653,3.851005
9879,0.0039487811999999985,1.1756280000000001,1.159711055,5.057035
9880,0.0039497412,1.1957285,1.151670854,5.66005
9881,0.003950701199999999,1.1555275,1.143630653,5.418844
9882,0.003951661199999999,1.135427,1.159711055,4.45402
9883,0.003952621199999998,1.135427,1.159711055,3.207789
9884,0.0039535811999999995,1.1555275,1.175791457,1.7605529999999998
9885,0.003954541199999999,1.1555275,1.159711055,0.634925
9886,0.0039555011999999985,1.1756280000000001,1.159711055,0.19271400000000005
9887,0.0039564612,1.1756280000000001,1.159711055,0.4339200000000001
9888,0.003957421199999999,1.135427,1.159711055,1.2781409999999997
9889,0.003958381199999999,1.1555275,1.167751256,2.604774
9890,0.003959341199999998,1.1555275,1.159711055,4.0118089999999995
9891,0.0039603011999999995,1.1756280000000001,1.167751256,5.097236
9892,0.003961261199999999,1.1153265,1.159711055,5.619849
9893,0.0039622211999999985,1.1555275,1.159711055,5.338442
9894,0.0039631812,1.1555275,1.167751256,4.534422
9895,0.003964141199999999,1.1555275,1.167751256,3.207789
9896,0.003965101199999999,1.1555275,1.175791457,1.7605529999999998
9897,0.003966061199999998,1.1756280000000001,1.175791457,0.5947239999999998
9898,0.0039670211999999995,1.1555275,1.151670854,0.1525129999999999
9899,0.003967981199999999,1.1555275,1.151670854,0.4741209999999998
9900,0.0039689411999999985,1.1555275,1.159711055,1.5193469999999998
9901,0.0039699012,1.1555275,1.143630653,2.926382
9902,0.003970861199999999,1.1555275,1.159711055,4.293216
9903,0.003971821199999999,1.135427,1.151670854,5.338442
9904,0.003972781199999998,1.1957285,1.159711055,5.619849
9905,0.0039737411999999995,1.1756280000000001,1.159711055,5.177638
9906,0.003974701199999999,1.1555275,1.151670854,3.971608
9907,0.0039756611999999985,1.1555275,1.167751256,2.5243719999999996
9908,0.0039766212,1.1756280000000001,1.159711055,1.117337
9909,0.003977581199999999,1.1756280000000001,1.167751256,0.31331700000000007
9910,0.003978541199999999,1.1555275,1.167751256,0.2731159999999999
9911,0.003979501199999998,1.1555275,1.167751256,1.0369349999999997
9912,0.0039804611999999994,1.1555275,1.159711055,2.363568
9913,0.003981421199999999,1.1957285,1.143630653,3.891206
9914,0.0039823811999999984,1.1756280000000001,1.159711055,4.976633
9915,0.0039833412,1.1756280000000001,1.159711055,5.619849
9916,0.003984301199999999,1.1555275,1.159711055,5.418844
9917,0.003985261199999999,1.1555275,1.167751256,4.574623
9918,0.003986221199999998,1.1756280000000001,1.159711055,3.328392
9919,0.003987181199999999,1.1756280000000001,1.159711055,1.8811559999999998
9920,0.003988141199999999,1.1756280000000001,1.151670854,0.7153269999999998
9921,0.0039891011999999984,1.1555275,1.167751256,0.1525129999999999
9922,0.0039900612,1.1555275,1.167751256,0.3535179999999998
9923,0.003991021199999999,1.1555275,1.159711055,1.358543
9924,0.003991981199999999,1.1555275,1.151670854,2.685176
9925,0.0039929412,1.1555275,1.143630653,4.05201
9926,0.003993901199999999,1.1756280000000001,1.151670854,5.217839
9927,0.003994861199999999,1.1756280000000001,1.159711055,5.619849
9928,0.003995821199999998,1.1756280000000001,1.159711055,5.378643
9929,0.0039967812,1.1756280000000001,1.143630653,4.413819
9930,0.003997741199999999,1.1756280000000001,1.151670854,2.966583
9931,0.003998701199999999,1.135427,1.143630653,1.559548
9932,0.0039996612,1.135427,1.159711055,0.5545229999999997
9933,0.004000621199999999,1.1756280000000001,1.151670854,0.1525129999999999
9934,0.004001581199999999,1.1756280000000001,1.151670854,0.514322
9935,0.004002541199999998,1.1756280000000001,1.159711055,1.6399499999999998
9936,0.0040035012,1.1555275,1.151670854,3.046985
9937,0.004004461199999999,1.1756280000000001,1.159711055,4.45402
9938,0.004005421199999999,1.1555275,1.159711055,5.418844
9939,0.0040063812,1.1756280000000001,1.159711055,5.619849
9940,0.004007341199999999,1.1555275,1.159711055,4.976633
9941,0.004008301199999999,1.1756280000000001,1.151670854,3.770603
9942,0.004009261199999998,1.1555275,1.159711055,2.323367
9943,0.0040102212,1.1756280000000001,1.151670854,1.0771359999999999
9944,0.004011181199999999,1.1756280000000001,1.159711055,0.31331700000000007
9945,0.004012141199999999,1.1555275,1.151670854,0.23291499999999976
9946,0.0040131012,1.1756280000000001,1.159711055,1.117337
9947,0.004014061199999999,1.1756280000000001,1.159711055,2.323367
9948,0.004015021199999999,1.1957285,1.151670854,3.770603
9949,0.004015981199999998,1.1555275,1.143630653,4.936432
9950,0.0040169412,1.1756280000000001,1.151670854,5.539447
9951,0.004017901199999999,1.1555275,1.151670854,5.499245999999999
9952,0.004018861199999999,1.1555275,1.151670854,4.655025
9953,0.0040198212,1.1957285,1.143630653,3.408794
9954,0.004020781199999999,1.1756280000000001,1.143630653,1.921357
9955,0.004021741199999999,1.1957285,1.151670854,0.8359299999999998
9956,0.004022701199999998,1.1957285,1.159711055,0.23291499999999976
9957,0.0040236612,1.1756280000000001,1.143630653,0.2731159999999999
9958,0.004024621199999999,1.1555275,1.151670854,1.0369349999999997
9959,0.004025581199999999,1.1756280000000001,1.151670854,2.323367
9960,0.0040265412,1.1756280000000001,1.151670854,3.65
9961,0.004027501199999999,1.1555275,1.159711055,4.815829
9962,0.004028461199999999,1.1756280000000001,1.159711055,5.539447
9963,0.004029421199999998,1.1957285,1.159711055,5.579648
9964,0.0040303812,1.1957285,1.151670854,4.936432
9965,0.004031341199999999,1.1756280000000001,1.159711055,3.891206
9966,0.004032301199999999,1.1756280000000001,1.167751256,2.5243719999999996
9967,0.0040332612,1.1756280000000001,1.167751256,1.2781409999999997
9968,0.004034221199999999,1.1756280000000001,1.159711055,0.39371899999999993
9969,0.004035181199999999,1.1555275,1.151670854,0.19271400000000005
9970,0.004036141199999998,1.1756280000000001,1.159711055,0.6751259999999997
9971,0.0040371012,1.1756280000000001,1.151670854,1.800754
9972,0.004038061199999999,1.1555275,1.151670854,3.087186
9973,0.004039021199999999,1.1957285,1.159711055,4.45402
9974,0.0040399812,1.1756280000000001,1.159711055,5.298241
9975,0.004040941199999999,1.1756280000000001,1.159711055,5.619849
9976,0.004041901199999999,1.1957285,1.143630653,5.217839
9977,0.004042861199999998,1.1756280000000001,1.143630653,4.212814
9978,0.0040438212,1.1756280000000001,1.143630653,2.84598
9979,0.004044781199999999,1.1555275,1.151670854,1.5193469999999998
9980,0.004045741199999999,1.1756280000000001,1.159711055,0.514322
9981,0.0040467012,1.1756280000000001,1.143630653,0.19271400000000005
9982,0.004047661199999999,1.1756280000000001,1.143630653,0.5545229999999997
9983,0.004048621199999999,1.1756280000000001,1.151670854,1.599749
9984,0.004049581199999998,1.1756280000000001,1.159711055,3.0067839999999997
9985,0.0040505412,1.215829,1.143630653,4.293216
9986,0.004051501199999999,1.1555275,1.159711055,5.338442
9987,0.004052461199999999,1.1957285,1.151670854,5.619849
9988,0.0040534212,1.1555275,1.167751256,5.177638
9989,0.004054381199999999,1.1555275,1.159711055,4.092211
9990,0.004055341199999999,1.1957285,1.151670854,2.7655779999999996
9991,0.004056301199999998,1.1756280000000001,1.159711055,1.318342
9992,0.0040572612,1.1555275,1.159711055,0.4339200000000001
9993,0.004058221199999999,1.1957285,1.159711055,0.19271400000000005
9994,0.004059181199999999,1.1957285,1.151670854,0.755528
9995,0.0040601412,1.1756280000000001,1.143630653,1.961558
9996,0.004061101199999999,1.1756280000000001,1.151670854,3.408794
9997,0.004062061199999999,1.1756280000000001,1.151670854,4.735427
9998,0.004063021199999998,1.1756280000000001,1.151670854,5.499245999999999
9999,0.0040639811999999996,1.1957285,1.159711055,5.499245999999999
