,t,ramp,trans_pd,mzi_pd
0,-0.0055350588,-1.196231,1.143630653,3.7304019999999998
1,-0.0055340988,-1.196231,1.151670854,4.976633
2,-0.0055331388,-1.1761305,1.151670854,5.338442
3,-0.0055321788,-1.15603,1.143630653,4.614824
4,-0.0055312188,-1.1761305,1.159711055,3.167588
5,-0.0055302588,-1.196231,1.143630653,1.479146
6,-0.0055292988000000005,-1.196231,1.143630653,0.39371899999999993
7,-0.0055283388,-1.1761305,1.151670854,0.2731159999999999
8,-0.0055273788,-1.196231,1.143630653,1.1977389999999999
9,-0.0055264188,-1.1761305,1.143630653,2.8861809999999997
10,-0.0055254588,-1.196231,1.143630653,4.534422
11,-0.0055244988,-1.1761305,1.135590452,5.378643
12,-0.0055235388,-1.1761305,1.135590452,4.936432
13,-0.0055225788000000005,-1.1359295,1.135590452,3.448995
14,-0.0055216188,-1.1761305,1.143630653,1.7203519999999999
15,-0.0055206588,-1.196231,1.143630653,0.39371899999999993
16,-0.0055196988,-1.1761305,1.151670854,0.23291499999999976
17,-0.0055187388,-1.196231,1.151670854,1.23794
18,-0.0055177788,-1.196231,1.151670854,2.8861809999999997
19,-0.0055168188,-1.15603,1.159711055,4.534422
20,-0.0055158588000000005,-1.1761305,1.159711055,5.298241
21,-0.0055148988,-1.1761305,1.151670854,4.85603
22,-0.0055139388,-1.1761305,1.143630653,3.3685929999999997
23,-0.0055129788,-1.196231,1.151670854,1.599749
24,-0.0055120188,-1.196231,1.143630653,0.4339200000000001
25,-0.0055110588,-1.1761305,1.143630653,0.23291499999999976
26,-0.0055100988,-1.1761305,1.143630653,1.438945
27,-0.0055091388000000005,-1.2163315,1.151670854,3.167588
28,-0.0055081788,-1.15603,1.135590452,4.775628
29,-0.0055072188,-1.1761305,1.135590452,5.258039999999999
30,-0.0055062588,-1.1761305,1.151670854,4.574623
31,-0.0055052988,-1.196231,1.135590452,2.8861809999999997
32,-0.0055043388,-1.15603,1.151670854,1.117337
33,-0.0055033788,-1.15603,1.143630653,0.1525129999999999
34,-0.0055024188000000005,-1.1761305,1.143630653,0.5545229999999997
35,-0.0055014588,-1.196231,1.151670854,2.082161
36,-0.0055004988,-1.15603,1.151670854,4.0118089999999995
37,-0.0054995388,-1.196231,1.151670854,5.217839
38,-0.0054985788,-1.1761305,1.151670854,5.016834
39,-0.0054976188,-1.15603,1.159711055,3.569598
40,-0.0054966588,-1.15603,1.135590452,1.6399499999999998
41,-0.0054956988000000005,-1.196231,1.143630653,0.23291499999999976
42,-0.0054947388,-1.15603,1.143630653,0.4741209999999998
43,-0.0054937788,-1.15603,1.143630653,1.921357
44,-0.0054928188,-1.15603,1.143630653,3.971608
45,-0.0054918588,-1.1761305,1.135590452,5.217839
46,-0.0054908988,-1.15603,1.151670854,4.976633
47,-0.0054899388,-1.1761305,1.143630653,3.3685929999999997
48,-0.0054889788000000005,-1.196231,1.143630653,1.2781409999999997
49,-0.0054880188,-1.1761305,1.143630653,0.19271400000000005
50,-0.0054870588,-1.15603,1.143630653,0.7957289999999997
51,-0.0054860988,-1.1761305,1.143630653,2.604774
52,-0.0054851388,-1.1761305,1.151670854,4.614824
53,-0.0054841788,-1.15603,1.143630653,5.298241
54,-0.0054832188,-1.15603,1.159711055,4.333417
55,-0.0054822588,-1.15603,1.135590452,2.44397
56,-0.0054812988,-1.1761305,1.143630653,0.5545229999999997
57,-0.0054803388,-1.1761305,1.143630653,0.2731159999999999
58,-0.0054793788,-1.1761305,1.143630653,1.599749
59,-0.0054784188,-1.1761305,1.143630653,3.7304019999999998
60,-0.0054774588,-1.15603,1.135590452,5.177638
61,-0.0054764988,-1.1761305,1.135590452,5.057035
62,-0.0054755388,-1.2163315,1.135590452,3.328392
63,-0.0054745788,-1.1761305,1.135590452,1.2781409999999997
64,-0.0054736188,-1.1761305,1.143630653,0.19271400000000005
65,-0.0054726588,-1.1359295,1.151670854,0.7957289999999997
66,-0.0054716988,-1.15603,1.143630653,2.685176
67,-0.0054707388000000004,-1.15603,1.143630653,4.775628
68,-0.0054697788,-1.1761305,1.135590452,5.258039999999999
69,-0.0054688188,-1.15603,1.151670854,4.1324119999999995
70,-0.0054678588,-1.1761305,1.143630653,2.122362
71,-0.0054668988,-1.1761305,1.151670854,0.4339200000000001
72,-0.0054659388,-1.1761305,1.151670854,0.3535179999999998
73,-0.0054649788,-1.1761305,1.135590452,2.001759
74,-0.0054640188000000004,-1.1761305,1.143630653,4.092211
75,-0.0054630588,-1.15603,1.143630653,5.258039999999999
76,-0.0054620988,-1.196231,1.135590452,4.655025
77,-0.0054611388,-1.196231,1.135590452,2.6449749999999996
78,-0.0054601788,-1.1761305,1.143630653,0.7153269999999998
79,-0.0054592188,-1.1761305,1.143630653,0.19271400000000005
80,-0.0054582588,-1.1761305,1.135590452,1.599749
81,-0.0054572988000000005,-1.15603,1.135590452,3.770603
82,-0.0054563388,-1.15603,1.143630653,5.217839
83,-0.0054553788,-1.15603,1.143630653,4.85603
84,-0.0054544188,-1.1761305,1.143630653,2.8861809999999997
85,-0.0054534588,-1.15603,1.151670854,0.7957289999999997
86,-0.0054524988,-1.15603,1.143630653,0.19271400000000005
87,-0.0054515388,-1.1761305,1.135590452,1.6399499999999998
88,-0.0054505788000000005,-1.15603,1.143630653,3.851005
89,-0.0054496188,-1.1761305,1.135590452,5.217839
90,-0.0054486588,-1.15603,1.135590452,4.655025
91,-0.0054476988,-1.1359295,1.135590452,2.5243719999999996
92,-0.0054467388,-1.1761305,1.135590452,0.5545229999999997
93,-0.0054457788,-1.15603,1.151670854,0.3535179999999998
94,-0.0054448188,-1.1761305,1.143630653,2.122362
95,-0.0054438588000000005,-1.15603,1.143630653,4.373618
96,-0.0054428988,-1.15603,1.143630653,5.298241
97,-0.0054419388,-1.15603,1.143630653,4.212814
98,-0.0054409788,-1.15603,1.143630653,1.800754
99,-0.0054400188,-1.15603,1.135590452,0.23291499999999976
100,-0.0054390588,-1.1761305,1.143630653,0.755528
101,-0.0054380988,-1.15603,1.143630653,2.84598
102,-0.0054371388000000005,-1.1761305,1.135590452,4.85603
103,-0.0054361788,-1.1761305,1.135590452,5.137437
104,-0.0054352188,-1.1359295,1.135590452,3.408794
105,-0.0054342588,-1.1359295,1.135590452,1.117337
106,-0.0054332988,-1.1761305,1.135590452,0.23291499999999976
107,-0.0054323388,-1.15603,1.135590452,1.358543
108,-0.0054313788,-1.1761305,1.135590452,3.690201
109,-0.0054304188000000005,-1.15603,1.135590452,5.177638
110,-0.0054294588,-1.15603,1.1275502510000002,4.735427
111,-0.0054284988,-1.15603,1.143630653,2.484171
112,-0.0054275388,-1.15603,1.151670854,0.514322
113,-0.0054265788,-1.1761305,1.143630653,0.3535179999999998
114,-0.0054256188,-1.1359295,1.143630653,2.122362
115,-0.0054246588,-1.15603,1.1275502510000002,4.45402
116,-0.0054236988000000005,-1.15603,1.143630653,5.298241
117,-0.0054227388,-1.15603,1.135590452,3.931407
118,-0.0054217788,-1.1359295,1.143630653,1.7203519999999999
119,-0.0054208188,-1.1359295,1.1275502510000002,0.19271400000000005
120,-0.0054198588,-1.15603,1.135590452,0.755528
121,-0.0054188988,-1.15603,1.1195100500000001,3.0067839999999997
122,-0.0054179388,-1.1359295,1.135590452,5.016834
123,-0.0054169788000000005,-1.1359295,1.1275502510000002,5.097236
124,-0.0054160188,-1.15603,1.143630653,3.328392
125,-0.0054150588,-1.15603,1.143630653,1.0369349999999997
126,-0.0054140988,-1.15603,1.135590452,0.1525129999999999
127,-0.0054131388,-1.1761305,1.143630653,1.479146
128,-0.0054121788,-1.15603,1.135590452,3.770603
129,-0.0054112188,-1.15603,1.135590452,5.258039999999999
130,-0.0054102588,-1.15603,1.143630653,4.534422
131,-0.0054092988,-1.15603,1.135590452,2.242965
132,-0.0054083388,-1.1761305,1.143630653,0.39371899999999993
133,-0.0054073788,-1.1761305,1.143630653,0.5545229999999997
134,-0.0054064188,-1.1359295,1.135590452,2.604774
135,-0.0054054588,-1.15603,1.135590452,4.735427
136,-0.0054044988,-1.1761305,1.1275502510000002,5.177638
137,-0.0054035388,-1.15603,1.1275502510000002,3.408794
138,-0.0054025788,-1.15603,1.135590452,0.996734
139,-0.0054016188,-1.15603,1.135590452,0.1525129999999999
140,-0.0054006588,-1.15603,1.143630653,1.7203519999999999
141,-0.0053996988,-1.1359295,1.135590452,4.1324119999999995
142,-0.0053987388,-1.1359295,1.1275502510000002,5.338442
143,-0.0053977788,-1.1761305,1.143630653,3.971608
144,-0.0053968188,-1.15603,1.143630653,1.559548
145,-0.0053958588,-1.15603,1.143630653,0.19271400000000005
146,-0.0053948988,-1.1761305,1.135590452,1.318342
147,-0.0053939388,-1.1359295,1.135590452,3.690201
148,-0.0053929788,-1.1761305,1.135590452,5.258039999999999
149,-0.0053920188,-1.15603,1.1275502510000002,4.413819
150,-0.0053910588,-1.15603,1.1275502510000002,2.001759
151,-0.0053900988,-1.1761305,1.135590452,0.2731159999999999
152,-0.0053891388,-1.1359295,1.135590452,0.755528
153,-0.0053881788,-1.1359295,1.143630653,3.167588
154,-0.0053872188,-1.1761305,1.1275502510000002,5.016834
155,-0.0053862588,-1.15603,1.143630653,4.85603
156,-0.0053852988000000004,-1.15603,1.143630653,2.8861809999999997
157,-0.0053843388,-1.15603,1.143630653,0.6751259999999997
158,-0.0053833788,-1.15603,1.143630653,0.31331700000000007
159,-0.0053824188,-1.15603,1.143630653,2.202764
160,-0.0053814588,-1.1359295,1.135590452,4.494221
161,-0.0053804988,-1.115829,1.135590452,5.298241
162,-0.0053795388,-1.15603,1.135590452,3.7304019999999998
163,-0.0053785788000000005,-1.15603,1.1275502510000002,1.358543
164,-0.0053776188,-1.1359295,1.1275502510000002,0.19271400000000005
165,-0.0053766588,-1.15603,1.1275502510000002,1.1977389999999999
166,-0.0053756988,-1.1359295,1.135590452,3.529397
167,-0.0053747388,-1.1359295,1.1275502510000002,5.217839
168,-0.0053737788,-1.1359295,1.135590452,4.534422
169,-0.0053728188,-1.15603,1.143630653,2.242965
170,-0.0053718588000000005,-1.15603,1.135590452,0.31331700000000007
171,-0.0053708988,-1.15603,1.135590452,0.5947239999999998
172,-0.0053699388,-1.15603,1.143630653,2.7655779999999996
173,-0.0053689788,-1.115829,1.1195100500000001,4.896231
174,-0.0053680188,-1.15603,1.135590452,5.016834
175,-0.0053670588,-1.15603,1.1275502510000002,2.926382
176,-0.0053660988,-1.15603,1.135590452,0.5947239999999998
177,-0.0053651388000000005,-1.1359295,1.1195100500000001,0.4339200000000001
178,-0.0053641788,-1.1359295,1.1195100500000001,2.44397
179,-0.0053632188,-1.1359295,1.1275502510000002,4.655025
180,-0.0053622588,-1.115829,1.135590452,5.097236
181,-0.0053612988,-1.15603,1.1275502510000002,3.1273869999999997
182,-0.0053603388,-1.1359295,1.135590452,0.7957289999999997
183,-0.0053593788,-1.15603,1.151670854,0.31331700000000007
184,-0.0053584188000000005,-1.1761305,1.1275502510000002,2.2831659999999996
185,-0.0053574588,-1.1359295,1.135590452,4.614824
186,-0.0053564988,-1.1359295,1.135590452,5.137437
187,-0.0053555388,-1.115829,1.135590452,3.288191
188,-0.0053545788,-1.1359295,1.135590452,0.7957289999999997
189,-0.0053536188,-1.1359295,1.1195100500000001,0.23291499999999976
190,-0.0053526588,-1.115829,1.1275502510000002,2.082161
191,-0.0053516988000000005,-1.15603,1.135590452,4.574623
192,-0.0053507388,-1.1359295,1.1275502510000002,5.217839
193,-0.0053497788,-1.15603,1.135590452,3.529397
194,-0.0053488188,-1.1359295,1.135590452,1.0369349999999997
195,-0.0053478588,-1.1359295,1.135590452,0.23291499999999976
196,-0.0053468988,-1.1359295,1.143630653,1.7203519999999999
197,-0.0053459388,-1.115829,1.143630653,4.212814
198,-0.0053449788000000005,-1.15603,1.143630653,5.298241
199,-0.0053440188,-1.1359295,1.1275502510000002,3.931407
200,-0.0053430588,-1.1359295,1.1275502510000002,1.559548
201,-0.0053420988,-1.1359295,1.1275502510000002,0.23291499999999976
202,-0.0053411388,-1.1359295,1.1275502510000002,1.23794
203,-0.0053401788,-1.1359295,1.1275502510000002,3.569598
204,-0.0053392188,-1.1359295,1.1114698490000001,5.217839
205,-0.0053382588000000005,-1.1359295,1.1275502510000002,4.655025
206,-0.0053372988,-1.15603,1.1275502510000002,2.363568
207,-0.0053363388,-1.115829,1.1275502510000002,0.39371899999999993
208,-0.0053353788,-1.1359295,1.1195100500000001,0.5545229999999997
209,-0.0053344188,-1.115829,1.135590452,2.5243719999999996
210,-0.0053334588,-1.1359295,1.143630653,4.735427
211,-0.0053324988,-1.15603,1.135590452,5.137437
212,-0.0053315388000000005,-1.1359295,1.135590452,3.448995
213,-0.0053305788,-1.1359295,1.1275502510000002,1.0369349999999997
214,-0.0053296188,-1.1359295,1.1195100500000001,0.1525129999999999
215,-0.0053286588,-1.1359295,1.1195100500000001,1.6399499999999998
216,-0.0053276988,-1.115829,1.135590452,4.172613
217,-0.0053267388,-1.15603,1.1275502510000002,5.298241
218,-0.0053257788,-1.1359295,1.1275502510000002,4.05201
219,-0.0053248188000000005,-1.115829,1.1275502510000002,1.5193469999999998
220,-0.0053238588,-1.115829,1.1275502510000002,0.19271400000000005
221,-0.0053228988,-1.1359295,1.1275502510000002,1.23794
222,-0.0053219388,-1.115829,1.135590452,3.770603
223,-0.0053209788,-1.1359295,1.143630653,5.298241
224,-0.0053200188,-1.1359295,1.143630653,4.2530149999999995
225,-0.0053190588,-1.115829,1.1275502510000002,1.7605529999999998
226,-0.0053180988000000005,-1.0957284999999999,1.1275502510000002,0.19271400000000005
227,-0.0053171388,-1.1359295,1.1275502510000002,1.117337
228,-0.0053161788,-1.1359295,1.1275502510000002,3.690201
229,-0.0053152188,-1.115829,1.135590452,5.258039999999999
230,-0.0053142588,-1.1359295,1.1195100500000001,4.293216
231,-0.0053132988,-1.1359295,1.1195100500000001,1.7203519999999999
232,-0.0053123388,-1.115829,1.1195100500000001,0.19271400000000005
233,-0.0053113788000000006,-1.1359295,1.1275502510000002,1.2781409999999997
234,-0.0053104188,-1.1359295,1.1275502510000002,3.851005
235,-0.0053094588,-1.115829,1.135590452,5.258039999999999
236,-0.0053084988,-1.15603,1.1275502510000002,4.212814
237,-0.0053075388,-1.115829,1.135590452,1.599749
238,-0.0053065788000000004,-1.115829,1.135590452,0.19271400000000005
239,-0.0053056188,-1.15603,1.143630653,1.2781409999999997
240,-0.0053046588,-1.1359295,1.1275502510000002,3.810804
241,-0.0053036988,-1.115829,1.1275502510000002,5.298241
242,-0.0053027388,-1.1359295,1.1195100500000001,4.212814
243,-0.0053017788,-1.115829,1.1195100500000001,1.7203519999999999
244,-0.0053008188,-1.115829,1.1275502510000002,0.1525129999999999
245,-0.0052998588000000004,-1.115829,1.1195100500000001,1.23794
246,-0.0052988988,-1.1359295,1.1195100500000001,3.770603
247,-0.0052979388,-1.115829,1.1195100500000001,5.298241
248,-0.0052969788,-1.115829,1.1275502510000002,4.373618
249,-0.0052960188,-1.115829,1.135590452,1.921357
250,-0.0052950588,-1.115829,1.135590452,0.23291499999999976
251,-0.0052940988,-1.0957284999999999,1.135590452,0.7957289999999997
252,-0.0052931388000000005,-1.1359295,1.1275502510000002,3.046985
253,-0.0052921788,-1.1359295,1.1275502510000002,4.936432
254,-0.0052912188,-1.1359295,1.1195100500000001,4.976633
255,-0.0052902588,-1.115829,1.1195100500000001,2.84598
256,-0.0052892988,-1.1359295,1.1195100500000001,0.6751259999999997
257,-0.0052883388,-1.115829,1.1275502510000002,0.31331700000000007
258,-0.0052873788,-1.1359295,1.1195100500000001,2.1625629999999996
259,-0.0052864188000000005,-1.115829,1.1275502510000002,4.494221
260,-0.0052854588,-1.115829,1.135590452,5.258039999999999
261,-0.0052844988,-1.115829,1.1195100500000001,3.7304019999999998
262,-0.0052835388,-1.115829,1.1195100500000001,1.2781409999999997
263,-0.0052825788,-1.1359295,1.1275502510000002,0.23291499999999976
264,-0.0052816188,-1.115829,1.135590452,1.479146
265,-0.0052806588,-1.115829,1.1275502510000002,4.05201
266,-0.0052796988000000005,-1.1359295,1.1275502510000002,5.258039999999999
267,-0.0052787388,-1.1359295,1.1275502510000002,4.212814
268,-0.0052777788,-1.0957284999999999,1.1195100500000001,1.680151
269,-0.0052768188,-1.115829,1.1275502510000002,0.19271400000000005
270,-0.0052758588,-1.0957284999999999,1.1114698490000001,1.23794
271,-0.0052748988,-1.1359295,1.135590452,3.770603
272,-0.0052739388,-1.115829,1.1195100500000001,5.298241
273,-0.0052729788000000005,-1.0957284999999999,1.1195100500000001,4.092211
274,-0.0052720188,-1.115829,1.1275502510000002,1.5193469999999998
275,-0.0052710588,-1.115829,1.1275502510000002,0.1525129999999999
276,-0.0052700988,-1.115829,1.1195100500000001,1.318342
277,-0.0052691388,-1.115829,1.1275502510000002,3.931407
278,-0.0052681788,-1.115829,1.1275502510000002,5.298241
279,-0.0052672188,-1.115829,1.135590452,3.931407
280,-0.0052662588000000005,-1.0957284999999999,1.1195100500000001,1.3987439999999998
281,-0.0052652988,-1.0957284999999999,1.135590452,0.19271400000000005
282,-0.0052643388,-1.115829,1.1195100500000001,1.479146
283,-0.0052633788,-1.115829,1.1114698490000001,4.1324119999999995
284,-0.0052624188,-1.115829,1.1275502510000002,5.298241
285,-0.0052614588,-1.115829,1.1195100500000001,4.0118089999999995
286,-0.0052604988,-1.0957284999999999,1.1275502510000002,1.358543
287,-0.0052595388000000005,-1.0957284999999999,1.1195100500000001,0.19271400000000005
288,-0.0052585788,-1.1359295,1.1275502510000002,1.3987439999999998
289,-0.0052576188,-1.1359295,1.1275502510000002,3.891206
290,-0.0052566588,-1.1359295,1.135590452,5.338442
291,-0.0052556988,-1.0957284999999999,1.1275502510000002,4.212814
292,-0.0052547388,-1.115829,1.1275502510000002,1.7605529999999998
293,-0.0052537788,-1.0957284999999999,1.1275502510000002,0.23291499999999976
294,-0.0052528188000000005,-1.115829,1.1275502510000002,0.9565329999999999
295,-0.0052518588,-1.115829,1.1114698490000001,3.328392
296,-0.0052508988,-1.115829,1.1275502510000002,5.177638
297,-0.0052499388,-1.115829,1.1195100500000001,4.815829
298,-0.0052489788,-1.1359295,1.1195100500000001,2.564573
299,-0.0052480188,-1.115829,1.1275502510000002,0.4741209999999998
300,-0.0052470588,-1.0957284999999999,1.1195100500000001,0.4339200000000001
301,-0.0052460988,-1.115829,1.1275502510000002,2.44397
302,-0.0052451388,-1.115829,1.1195100500000001,4.655025
303,-0.0052441788,-1.075628,1.1275502510000002,5.217839
304,-0.0052432188,-1.0957284999999999,1.1275502510000002,3.65
305,-0.0052422588,-1.1359295,1.135590452,1.1977389999999999
306,-0.0052412988,-1.115829,1.1275502510000002,0.19271400000000005
307,-0.0052403388,-1.1359295,1.1275502510000002,1.438945
308,-0.0052393788,-1.115829,1.1195100500000001,3.810804
309,-0.0052384188,-1.0957284999999999,1.1275502510000002,5.258039999999999
310,-0.0052374588,-1.115829,1.1195100500000001,4.413819
311,-0.0052364988,-1.115829,1.1114698490000001,1.961558
312,-0.0052355388,-1.115829,1.1114698490000001,0.31331700000000007
313,-0.0052345788,-1.0957284999999999,1.1195100500000001,0.8359299999999998
314,-0.0052336188,-1.0957284999999999,1.1195100500000001,3.1273869999999997
315,-0.0052326588,-1.0957284999999999,1.1195100500000001,5.097236
316,-0.0052316988,-1.115829,1.1275502510000002,4.815829
317,-0.0052307388,-1.115829,1.1275502510000002,2.564573
318,-0.0052297788,-1.115829,1.1275502510000002,0.4741209999999998
319,-0.0052288188,-1.115829,1.1275502510000002,0.5545229999999997
320,-0.0052278588,-1.075628,1.135590452,2.685176
321,-0.0052268988,-1.0957284999999999,1.135590452,4.815829
322,-0.0052259388,-1.0957284999999999,1.1195100500000001,5.177638
323,-0.0052249788,-1.0957284999999999,1.1195100500000001,3.1273869999999997
324,-0.0052240188,-1.115829,1.1114698490000001,0.8359299999999998
325,-0.0052230588,-1.0957284999999999,1.103429648,0.19271400000000005
326,-0.0052220988,-1.115829,1.1195100500000001,1.8811559999999998
327,-0.0052211388000000004,-1.115829,1.1114698490000001,4.212814
328,-0.0052201788,-1.115829,1.1275502510000002,5.338442
329,-0.0052192188,-1.115829,1.1195100500000001,4.172613
330,-0.0052182588,-1.115829,1.1195100500000001,1.7605529999999998
331,-0.0052172988,-1.115829,1.1275502510000002,0.19271400000000005
332,-0.0052163388,-1.0957284999999999,1.1275502510000002,0.7957289999999997
333,-0.0052153788,-1.115829,1.1275502510000002,3.0067839999999997
334,-0.0052144188000000005,-1.0957284999999999,1.1275502510000002,4.936432
335,-0.0052134588,-1.0957284999999999,1.1195100500000001,5.016834
336,-0.0052124988,-1.115829,1.135590452,3.2479899999999997
337,-0.0052115388,-1.0957284999999999,1.1114698490000001,0.9565329999999999
338,-0.0052105788,-1.0957284999999999,1.1114698490000001,0.19271400000000005
339,-0.0052096188,-1.075628,1.135590452,1.438945
340,-0.0052086588,-1.075628,1.1195100500000001,3.810804
341,-0.0052076988000000005,-1.0957284999999999,1.1195100500000001,5.258039999999999
342,-0.0052067388,-1.0957284999999999,1.1195100500000001,4.655025
343,-0.0052057788,-1.0957284999999999,1.1195100500000001,2.564573
344,-0.0052048188,-1.115829,1.1195100500000001,0.514322
345,-0.0052038588,-1.0957284999999999,1.1275502510000002,0.39371899999999993
346,-0.0052028988,-1.0957284999999999,1.1275502510000002,2.082161
347,-0.0052019388,-1.0957284999999999,1.1275502510000002,4.333417
348,-0.0052009788000000005,-1.0957284999999999,1.1275502510000002,5.338442
349,-0.0052000188,-1.115829,1.135590452,4.212814
350,-0.0051990588,-1.0957284999999999,1.1195100500000001,1.961558
351,-0.0051980988,-1.0957284999999999,1.1275502510000002,0.23291499999999976
352,-0.0051971388,-1.075628,1.1195100500000001,0.5545229999999997
353,-0.0051961788,-1.115829,1.1275502510000002,2.564573
354,-0.0051952188,-1.115829,1.1275502510000002,4.655025
355,-0.0051942588000000005,-1.115829,1.1114698490000001,5.258039999999999
356,-0.0051932988,-1.075628,1.103429648,3.770603
357,-0.0051923388,-1.075628,1.1195100500000001,1.6399499999999998
358,-0.0051913788,-1.0957284999999999,1.1275502510000002,0.19271400000000005
359,-0.0051904188,-1.115829,1.1114698490000001,0.7957289999999997
360,-0.0051894588,-1.115829,1.1195100500000001,2.805779
361,-0.0051884988,-1.115829,1.135590452,4.775628
362,-0.0051875388000000005,-1.0957284999999999,1.1275502510000002,5.258039999999999
363,-0.0051865788,-1.115829,1.1195100500000001,3.770603
364,-0.0051856188,-1.0957284999999999,1.1195100500000001,1.559548
365,-0.0051846588,-1.0957284999999999,1.1275502510000002,0.19271400000000005
366,-0.0051836988,-1.115829,1.1195100500000001,0.7153269999999998
367,-0.0051827388,-1.075628,1.1114698490000001,2.685176
368,-0.0051817788,-1.115829,1.1195100500000001,4.695226
369,-0.0051808188000000005,-1.0957284999999999,1.1195100500000001,5.258039999999999
370,-0.0051798588,-1.0957284999999999,1.1195100500000001,3.971608
371,-0.0051788988,-1.0957284999999999,1.1114698490000001,1.921357
372,-0.0051779388,-1.075628,1.1114698490000001,0.3535179999999998
373,-0.0051769788,-1.075628,1.1275502510000002,0.4339200000000001
374,-0.0051760188,-1.075628,1.135590452,2.1625629999999996
375,-0.0051750588,-1.0957284999999999,1.1275502510000002,4.1324119999999995
376,-0.0051740988000000005,-1.075628,1.1275502510000002,5.258039999999999
377,-0.0051731388,-1.0957284999999999,1.1195100500000001,4.695226
378,-0.0051721788,-1.0957284999999999,1.1275502510000002,2.84598
379,-0.0051712188,-1.115829,1.135590452,0.9163319999999997
380,-0.0051702588,-1.115829,1.1195100500000001,0.1525129999999999
381,-0.0051692988,-1.0957284999999999,1.1195100500000001,1.117337
382,-0.0051683388,-1.0957284999999999,1.1195100500000001,3.0067839999999997
383,-0.0051673788000000005,-1.0957284999999999,1.1195100500000001,4.775628
384,-0.0051664188,-1.0957284999999999,1.1195100500000001,5.298241
385,-0.0051654588,-1.075628,1.1114698490000001,4.2530149999999995
386,-0.0051644988,-1.0555275,1.1114698490000001,2.202764
387,-0.0051635388,-1.075628,1.1114698490000001,0.5545229999999997
388,-0.0051625788,-1.075628,1.1195100500000001,0.1525129999999999
389,-0.0051616188,-1.0957284999999999,1.1195100500000001,1.3987439999999998
390,-0.0051606588000000005,-1.075628,1.1195100500000001,3.529397
391,-0.0051596988,-1.0957284999999999,1.1275502510000002,4.976633
392,-0.0051587388,-1.075628,1.135590452,5.177638
393,-0.0051577788,-1.075628,1.135590452,3.770603
394,-0.0051568188,-1.075628,1.1275502510000002,1.680151
395,-0.0051558588,-1.0957284999999999,1.1275502510000002,0.2731159999999999
396,-0.0051548988,-1.0957284999999999,1.1195100500000001,0.39371899999999993
397,-0.0051539388000000005,-1.0957284999999999,1.1195100500000001,1.961558
398,-0.0051529788,-1.0957284999999999,1.1195100500000001,3.971608
399,-0.0051520188,-1.075628,1.1275502510000002,5.258039999999999
400,-0.0051510588,-1.075628,1.1275502510000002,4.936432
401,-0.0051500988,-1.0957284999999999,1.1114698490000001,3.328392
402,-0.0051491388,-1.115829,1.1114698490000001,1.358543
403,-0.0051481788,-1.075628,1.1114698490000001,0.2731159999999999
404,-0.0051472188000000006,-1.0957284999999999,1.1195100500000001,0.634925
405,-0.0051462588,-1.075628,1.1275502510000002,2.4037689999999996
406,-0.0051452988,-1.0957284999999999,1.1195100500000001,4.293216
407,-0.0051443388,-1.0957284999999999,1.1114698490000001,5.258039999999999
408,-0.0051433788,-1.0957284999999999,1.1275502510000002,4.85603
409,-0.0051424188000000004,-1.075628,1.135590452,3.087186
410,-0.0051414588,-1.075628,1.1195100500000001,1.1575379999999997
411,-0.0051404988000000006,-1.075628,1.135590452,0.1525129999999999
412,-0.0051395388,-1.0957284999999999,1.1195100500000001,0.5947239999999998
413,-0.0051385788,-1.0957284999999999,1.1195100500000001,2.2831659999999996
414,-0.0051376188,-1.075628,1.1195100500000001,4.1324119999999995
415,-0.0051366588,-1.0957284999999999,1.1195100500000001,5.258039999999999
416,-0.0051356988000000004,-1.0957284999999999,1.1195100500000001,4.936432
417,-0.0051347388,-1.0555275,1.1114698490000001,3.4891959999999997
418,-0.005133778800000001,-1.0957284999999999,1.1195100500000001,1.6399499999999998
419,-0.0051328188,-1.0957284999999999,1.1195100500000001,0.3535179999999998
420,-0.0051318588,-1.0555275,1.1195100500000001,0.31331700000000007
421,-0.0051308988,-1.0354269999999999,1.1195100500000001,1.3987439999999998
422,-0.0051299388,-1.0555275,1.1195100500000001,3.046985
423,-0.0051289788000000005,-1.115829,1.1195100500000001,4.655025
424,-0.0051280188,-1.0957284999999999,1.1195100500000001,5.298241
425,-0.005127058800000001,-1.0957284999999999,1.1114698490000001,4.85603
426,-0.0051260988,-1.0957284999999999,1.1114698490000001,3.408794
427,-0.0051251388,-1.075628,1.135590452,1.6399499999999998
428,-0.0051241788,-1.075628,1.1195100500000001,0.4339200000000001
429,-0.0051232188,-1.075628,1.1275502510000002,0.19271400000000005
430,-0.0051222588000000005,-1.075628,1.1195100500000001,1.117337
431,-0.0051212988,-1.0957284999999999,1.135590452,2.685176
432,-0.0051203388,-1.0957284999999999,1.1195100500000001,4.2530149999999995
433,-0.0051193788,-1.075628,1.1195100500000001,5.217839
434,-0.0051184188,-1.075628,1.1195100500000001,5.057035
435,-0.0051174588,-1.075628,1.1195100500000001,3.891206
436,-0.0051164988,-1.0957284999999999,1.1195100500000001,2.2831659999999996
437,-0.0051155388000000005,-1.075628,1.1195100500000001,0.7957289999999997
438,-0.0051145788,-1.075628,1.1195100500000001,0.19271400000000005
439,-0.0051136188,-1.0957284999999999,1.1275502510000002,0.7957289999999997
440,-0.0051126588,-1.075628,1.1275502510000002,2.242965
441,-0.0051116988,-1.075628,1.1114698490000001,3.891206
442,-0.0051107388,-1.075628,1.1195100500000001,5.097236
443,-0.0051097788,-1.075628,1.1195100500000001,5.217839
444,-0.0051088188000000005,-1.075628,1.1195100500000001,4.172613
445,-0.0051078588,-1.075628,1.1195100500000001,2.44397
446,-0.0051068988,-1.075628,1.1275502510000002,0.9163319999999997
447,-0.0051059388,-1.0354269999999999,1.1195100500000001,0.19271400000000005
448,-0.0051049788,-1.075628,1.1195100500000001,0.634925
449,-0.0051040188,-1.075628,1.135590452,2.04196
450,-0.0051030588,-1.0555275,1.1275502510000002,3.690201
451,-0.0051020988000000005,-1.075628,1.1275502510000002,4.936432
452,-0.0051011388,-1.075628,1.1275502510000002,5.298241
453,-0.0051001788,-1.0957284999999999,1.1275502510000002,4.534422
454,-0.0050992188,-1.075628,1.1195100500000001,3.046985
455,-0.0050982588,-1.075628,1.1195100500000001,1.3987439999999998
456,-0.0050972988,-1.0555275,1.1195100500000001,0.31331700000000007
457,-0.0050963388,-1.075628,1.1195100500000001,0.2731159999999999
458,-0.0050953788000000005,-1.075628,1.1114698490000001,1.1977389999999999
459,-0.0050944188,-1.075628,1.1114698490000001,2.725377
460,-0.0050934588,-1.075628,1.1195100500000001,4.293216
461,-0.0050924988,-1.0957284999999999,1.1114698490000001,5.137437
462,-0.0050915388,-1.0555275,1.1275502510000002,5.258039999999999
463,-0.0050905788,-1.0555275,1.1114698490000001,4.333417
464,-0.0050896188,-1.075628,1.1275502510000002,2.8861809999999997
465,-0.0050886588000000005,-1.075628,1.1195100500000001,1.479146
466,-0.0050876988,-1.075628,1.1275502510000002,0.4339200000000001
467,-0.0050867388,-1.075628,1.1275502510000002,0.19271400000000005
468,-0.0050857788,-1.075628,1.1195100500000001,0.7957289999999997
469,-0.0050848188,-1.075628,1.1275502510000002,2.122362
470,-0.0050838588,-1.0957284999999999,1.1195100500000001,3.6097989999999998
471,-0.0050828988,-1.075628,1.135590452,4.815829
472,-0.0050819388000000005,-1.0555275,1.1275502510000002,5.338442
473,-0.0050809788,-1.075628,1.1275502510000002,4.976633
474,-0.0050800188,-1.0555275,1.1275502510000002,3.971608
475,-0.0050790588,-1.0555275,1.1195100500000001,2.604774
476,-0.0050780988,-1.0555275,1.1275502510000002,1.318342
477,-0.0050771388,-1.0555275,1.1275502510000002,0.3535179999999998
478,-0.0050761788,-1.075628,1.1195100500000001,0.19271400000000005
479,-0.0050752188000000005,-1.075628,1.1195100500000001,0.755528
480,-0.0050742588,-1.075628,1.1114698490000001,2.122362
481,-0.0050732988,-1.0555275,1.1275502510000002,3.529397
482,-0.0050723388,-1.075628,1.1114698490000001,4.695226
483,-0.0050713788,-1.0354269999999999,1.1114698490000001,5.298241
484,-0.0050704188,-1.0555275,1.1114698490000001,5.137437
485,-0.0050694588,-1.075628,1.1114698490000001,4.212814
486,-0.0050684988,-1.0957284999999999,1.1114698490000001,2.84598
487,-0.0050675388,-1.075628,1.1195100500000001,1.438945
488,-0.0050665788,-1.0555275,1.1195100500000001,0.514322
489,-0.0050656188,-1.0555275,1.1275502510000002,0.19271400000000005
490,-0.0050646588,-1.0354269999999999,1.1195100500000001,0.7153269999999998
491,-0.0050636988,-1.075628,1.1275502510000002,1.800754
492,-0.0050627388,-1.0555275,1.1275502510000002,3.288191
493,-0.0050617788,-1.0354269999999999,1.135590452,4.534422
494,-0.0050608188,-1.0555275,1.1195100500000001,5.298241
495,-0.0050598588,-1.0555275,1.135590452,5.177638
496,-0.0050588988,-1.075628,1.1275502510000002,4.413819
497,-0.0050579388,-1.0555275,1.1275502510000002,3.087186
498,-0.0050569788000000004,-1.075628,1.1275502510000002,1.680151
499,-0.0050560188,-1.0555275,1.135590452,0.634925
500,-0.0050550588,-1.0555275,1.1195100500000001,0.1525129999999999
501,-0.0050540988,-1.075628,1.1114698490000001,0.4741209999999998
502,-0.0050531388,-1.075628,1.1195100500000001,1.318342
503,-0.0050521788,-1.0957284999999999,1.1195100500000001,2.6449749999999996
504,-0.0050512188,-1.0555275,1.1195100500000001,3.931407
505,-0.0050502588000000005,-1.0354269999999999,1.1275502510000002,4.976633
506,-0.0050492988,-1.0555275,1.1114698490000001,5.338442
507,-0.0050483388,-1.0555275,1.1114698490000001,5.057035
508,-0.0050473788,-1.075628,1.1114698490000001,4.293216
509,-0.0050464188,-1.0354269999999999,1.103429648,3.087186
510,-0.0050454588,-1.0555275,1.1195100500000001,1.800754
511,-0.0050444988,-1.0555275,1.1114698490000001,0.7153269999999998
512,-0.0050435388000000005,-1.0555275,1.1114698490000001,0.1525129999999999
513,-0.0050425788,-1.0957284999999999,1.1195100500000001,0.2731159999999999
514,-0.0050416188,-1.0555275,1.1195100500000001,0.876131
515,-0.0050406588,-1.0354269999999999,1.1195100500000001,1.921357
516,-0.0050396988,-1.0555275,1.1195100500000001,3.087186
517,-0.0050387388,-1.0555275,1.1195100500000001,4.2530149999999995
518,-0.0050377788,-1.0555275,1.1195100500000001,5.057035
519,-0.0050368188000000005,-1.075628,1.1275502510000002,5.338442
520,-0.0050358588,-1.0555275,1.1195100500000001,5.057035
521,-0.0050348988,-1.075628,1.1114698490000001,4.293216
522,-0.0050339388,-1.0555275,1.1195100500000001,3.167588
523,-0.0050329788,-1.075628,1.1195100500000001,1.961558
524,-0.0050320188,-1.0354269999999999,1.1275502510000002,0.9163319999999997
525,-0.0050310588,-1.0354269999999999,1.1275502510000002,0.2731159999999999
526,-0.0050300988000000005,-1.0555275,1.1275502510000002,0.19271400000000005
527,-0.0050291388,-1.075628,1.1195100500000001,0.6751259999999997
528,-0.0050281788,-1.0354269999999999,1.1114698490000001,1.599749
529,-0.0050272188,-1.075628,1.1275502510000002,2.7655779999999996
530,-0.0050262588,-1.0555275,1.1195100500000001,3.851005
531,-0.0050252988,-1.0555275,1.1275502510000002,4.815829
532,-0.0050243388,-1.075628,1.1195100500000001,5.298241
533,-0.0050233788000000005,-1.0555275,1.1114698490000001,5.258039999999999
534,-0.0050224188,-1.0555275,1.1114698490000001,4.655025
535,-0.0050214588,-1.0555275,1.1195100500000001,3.7304019999999998
536,-0.0050204988,-1.0555275,1.1114698490000001,2.564573
537,-0.0050195388,-1.075628,1.1195100500000001,1.3987439999999998
538,-0.0050185788,-1.0555275,1.1114698490000001,0.514322
539,-0.0050176188,-1.0354269999999999,1.103429648,0.1525129999999999
540,-0.0050166588000000005,-1.075628,1.1275502510000002,0.2731159999999999
541,-0.0050156988,-1.0555275,1.1195100500000001,0.996734
542,-0.0050147388,-1.0555275,1.1195100500000001,2.001759
543,-0.0050137788,-1.0555275,1.1275502510000002,3.2479899999999997
544,-0.0050128188,-1.0555275,1.1114698490000001,4.293216
545,-0.0050118588,-1.0354269999999999,1.135590452,5.057035
546,-0.0050108988,-1.0555275,1.1114698490000001,5.298241
547,-0.0050099388000000005,-1.075628,1.1275502510000002,5.137437
548,-0.0050089788,-1.0354269999999999,1.1195100500000001,4.534422
549,-0.0050080188,-1.0555275,1.1275502510000002,3.690201
550,-0.0050070588,-1.0555275,1.1275502510000002,2.685176
551,-0.0050060988,-1.0354269999999999,1.1275502510000002,1.6399499999999998
552,-0.0050051388,-1.075628,1.1275502510000002,0.755528
553,-0.0050041788,-1.0354269999999999,1.135590452,0.2731159999999999
554,-0.0050032188000000005,-1.0555275,1.1195100500000001,0.1525129999999999
555,-0.0050022588,-1.0555275,1.1195100500000001,0.4339200000000001
556,-0.0050012988,-1.0555275,1.1275502510000002,1.0771359999999999
557,-0.0050003388,-1.0555275,1.1195100500000001,2.001759
558,-0.0049993788,-1.0555275,1.1195100500000001,2.8861809999999997
559,-0.0049984188,-1.0555275,1.1275502510000002,3.891206
560,-0.0049974588,-1.0354269999999999,1.1195100500000001,4.655025
561,-0.0049964988000000005,-1.0354269999999999,1.1275502510000002,5.217839
562,-0.0049955388,-1.075628,1.1195100500000001,5.338442
563,-0.0049945788,-1.0555275,1.1114698490000001,5.137437
564,-0.0049936188,-1.0555275,1.1195100500000001,4.655025
565,-0.0049926588,-1.0354269999999999,1.1195100500000001,3.851005
566,-0.0049916988,-1.0354269999999999,1.1195100500000001,2.84598
567,-0.0049907388,-1.0555275,1.1195100500000001,1.840955
568,-0.0049897788000000005,-1.0555275,1.1195100500000001,1.0369349999999997
569,-0.0049888188,-1.0555275,1.1114698490000001,0.39371899999999993
570,-0.0049878588,-1.0555275,1.103429648,0.23291499999999976
571,-0.0049868988,-1.0555275,1.1195100500000001,0.31331700000000007
572,-0.0049859388,-1.0354269999999999,1.1195100500000001,0.876131
573,-0.0049849788,-1.0555275,1.1114698490000001,1.7605529999999998
574,-0.0049840188,-1.0555275,1.1114698490000001,2.805779
575,-0.0049830588000000006,-1.0555275,1.1114698490000001,3.851005
576,-0.0049820988,-1.0354269999999999,1.1195100500000001,4.775628
577,-0.0049811388,-1.0555275,1.1114698490000001,5.258039999999999
578,-0.0049801788,-1.0555275,1.1275502510000002,5.338442
579,-0.0049792188,-1.0555275,1.1114698490000001,5.137437
580,-0.0049782588000000004,-1.0354269999999999,1.135590452,4.413819
581,-0.0049772988,-1.0555275,1.1195100500000001,3.4891959999999997
582,-0.0049763388000000006,-1.075628,1.1275502510000002,2.484171
583,-0.0049753788,-1.0555275,1.1195100500000001,1.438945
584,-0.0049744188,-1.0354269999999999,1.1275502510000002,0.6751259999999997
585,-0.0049734588,-1.0354269999999999,1.1275502510000002,0.23291499999999976
586,-0.0049724988,-1.0354269999999999,1.1275502510000002,0.1525129999999999
587,-0.0049715388000000004,-1.0354269999999999,1.1275502510000002,0.4741209999999998
588,-0.0049705788,-1.0555275,1.1195100500000001,1.0771359999999999
589,-0.004969618800000001,-1.0555275,1.1195100500000001,1.8811559999999998
590,-0.0049686588,-1.0153265,1.1195100500000001,2.725377
591,-0.0049676988,-1.0354269999999999,1.1275502510000002,3.690201
592,-0.0049667388,-1.0354269999999999,1.1275502510000002,4.45402
593,-0.0049657788,-1.0354269999999999,1.1275502510000002,5.016834
594,-0.0049648188000000005,-1.0555275,1.1275502510000002,5.298241
595,-0.0049638588,-1.0555275,1.1275502510000002,5.338442
596,-0.004962898800000001,-1.0354269999999999,1.1114698490000001,5.097236
597,-0.0049619388,-1.0555275,1.1195100500000001,4.695226
598,-0.0049609788,-1.0354269999999999,1.1195100500000001,4.05201
599,-0.0049600188,-1.0354269999999999,1.1195100500000001,3.328392
600,-0.0049590588,-1.0354269999999999,1.135590452,2.5243719999999996
601,-0.0049580988000000005,-1.0354269999999999,1.1195100500000001,1.680151
602,-0.0049571388,-1.0555275,1.1275502510000002,1.117337
603,-0.004956178800000001,-1.0354269999999999,1.1195100500000001,0.514322
604,-0.0049552188,-1.0354269999999999,1.1114698490000001,0.23291499999999976
605,-0.0049542588,-1.075628,1.1114698490000001,0.11231199999999975
606,-0.0049532988,-1.0555275,1.1275502510000002,0.23291499999999976
607,-0.0049523388,-1.0354269999999999,1.1114698490000001,0.634925
608,-0.0049513788000000005,-1.0555275,1.1114698490000001,1.1575379999999997
609,-0.0049504188,-1.0354269999999999,1.1195100500000001,1.8811559999999998
610,-0.004949458800000001,-1.0354269999999999,1.1114698490000001,2.604774
611,-0.0049484988,-1.0153265,1.1195100500000001,3.408794
612,-0.0049475388,-1.0354269999999999,1.1195100500000001,4.172613
613,-0.0049465788,-1.0153265,1.1114698490000001,4.815829
614,-0.0049456188,-1.0354269999999999,1.1114698490000001,5.177638
615,-0.0049446588000000005,-1.0555275,1.1195100500000001,5.378643
616,-0.0049436988,-1.0354269999999999,1.1195100500000001,5.298241
617,-0.004942738800000001,-1.0354269999999999,1.1195100500000001,4.936432
618,-0.0049417788,-1.0354269999999999,1.1114698490000001,4.333417
619,-0.0049408188,-1.0354269999999999,1.1114698490000001,3.569598
620,-0.0049398588,-1.0555275,1.1114698490000001,2.805779
621,-0.0049388988,-1.0354269999999999,1.1275502510000002,1.961558
622,-0.0049379388000000005,-1.0555275,1.1275502510000002,1.1575379999999997
623,-0.0049369788,-1.0153265,1.1195100500000001,0.514322
624,-0.004936018800000001,-0.9952259999999999,1.1275502510000002,0.2731159999999999
625,-0.0049350588,-1.0354269999999999,1.1195100500000001,0.19271400000000005
626,-0.0049340988,-1.0354269999999999,1.135590452,0.3535179999999998
627,-0.0049331388,-1.0354269999999999,1.1195100500000001,0.6751259999999997
628,-0.0049321788,-1.0153265,1.135590452,1.2781409999999997
629,-0.0049312188000000005,-1.0354269999999999,1.1275502510000002,2.1625629999999996
630,-0.0049302588,-1.0354269999999999,1.1275502510000002,2.8861809999999997
631,-0.004929298800000001,-1.0354269999999999,1.1195100500000001,3.690201
632,-0.0049283388,-1.0354269999999999,1.1195100500000001,4.333417
633,-0.0049273788,-1.0354269999999999,1.135590452,4.85603
634,-0.0049264188,-1.0555275,1.1195100500000001,5.177638
635,-0.0049254588,-1.0555275,1.1275502510000002,5.378643
636,-0.0049244988000000005,-1.0153265,1.1275502510000002,5.338442
637,-0.0049235388,-1.0354269999999999,1.1195100500000001,5.097236
638,-0.0049225788,-1.0555275,1.1195100500000001,4.695226
639,-0.0049216188,-1.0354269999999999,1.1275502510000002,4.1324119999999995
640,-0.0049206588,-1.0354269999999999,1.1195100500000001,3.569598
641,-0.0049196988,-1.0153265,1.1195100500000001,2.966583
642,-0.0049187388,-1.0153265,1.135590452,2.242965
643,-0.0049177788,-1.0354269999999999,1.1275502510000002,1.7203519999999999
644,-0.0049168188,-1.0354269999999999,1.1114698490000001,1.1977389999999999
645,-0.0049158588,-1.0153265,1.1275502510000002,0.7153269999999998
646,-0.0049148988,-1.0153265,1.1114698490000001,0.3535179999999998
647,-0.0049139388,-1.0153265,1.1195100500000001,0.23291499999999976
648,-0.0049129788,-1.0354269999999999,1.1275502510000002,0.11231199999999975
649,-0.0049120188,-1.0354269999999999,1.1114698490000001,0.23291499999999976
650,-0.0049110588,-1.0354269999999999,1.1195100500000001,0.4339200000000001
651,-0.0049100988,-1.0354269999999999,1.1195100500000001,0.8359299999999998
652,-0.0049091388,-1.0153265,1.1275502510000002,1.1575379999999997
653,-0.0049081788,-1.0354269999999999,1.1195100500000001,1.6399499999999998
654,-0.0049072188,-1.0153265,1.1114698490000001,2.1625629999999996
655,-0.0049062588,-1.0153265,1.1195100500000001,2.805779
656,-0.0049052988,-1.0354269999999999,1.1114698490000001,3.3685929999999997
657,-0.0049043388,-1.0354269999999999,1.1195100500000001,3.931407
658,-0.0049033788,-1.0354269999999999,1.1275502510000002,4.413819
659,-0.0049024188,-1.0354269999999999,1.1114698490000001,4.815829
660,-0.0049014588,-1.0354269999999999,1.1114698490000001,5.097236
661,-0.0049004988,-1.0153265,1.1195100500000001,5.338442
662,-0.0048995388,-0.9952259999999999,1.1195100500000001,5.378643
663,-0.0048985788,-1.0354269999999999,1.1114698490000001,5.217839
664,-0.0048976188,-1.0354269999999999,1.103429648,5.057035
665,-0.0048966588,-1.0153265,1.1195100500000001,4.655025
666,-0.0048956988,-1.0153265,1.1114698490000001,4.0118089999999995
667,-0.0048947388,-1.0354269999999999,1.1114698490000001,3.328392
668,-0.0048937788,-1.0354269999999999,1.1114698490000001,2.6449749999999996
669,-0.0048928188000000004,-1.0555275,1.1195100500000001,1.961558
670,-0.0048918588,-1.0354269999999999,1.1114698490000001,1.3987439999999998
671,-0.0048908988,-1.0354269999999999,1.1195100500000001,0.7957289999999997
672,-0.0048899388,-1.0153265,1.1195100500000001,0.4339200000000001
673,-0.0048889788,-1.0354269999999999,1.1195100500000001,0.23291499999999976
674,-0.0048880188,-1.0153265,1.1195100500000001,0.1525129999999999
675,-0.0048870588,-1.0153265,1.1195100500000001,0.2731159999999999
676,-0.0048860988000000004,-1.0354269999999999,1.1195100500000001,0.5545229999999997
677,-0.0048851388,-1.0354269999999999,1.1275502510000002,0.9565329999999999
678,-0.0048841788,-1.0354269999999999,1.1195100500000001,1.479146
679,-0.0048832188,-1.0153265,1.1195100500000001,2.04196
680,-0.0048822588,-1.0153265,1.1195100500000001,2.6449749999999996
681,-0.0048812988,-0.9952259999999999,1.135590452,3.2479899999999997
682,-0.0048803388,-1.0153265,1.1275502510000002,3.810804
683,-0.0048793788000000005,-1.0153265,1.1195100500000001,4.333417
684,-0.0048784188,-0.9952259999999999,1.1275502510000002,4.695226
685,-0.0048774588,-0.9952259999999999,1.1275502510000002,4.936432
686,-0.0048764988,-0.9952259999999999,1.1275502510000002,5.137437
687,-0.0048755388,-1.0153265,1.1275502510000002,5.298241
688,-0.0048745788,-0.9952259999999999,1.1195100500000001,5.378643
689,-0.0048736188,-1.0153265,1.1275502510000002,5.298241
690,-0.0048726588000000005,-1.0354269999999999,1.1275502510000002,5.177638
691,-0.0048716988,-1.0153265,1.1195100500000001,5.057035
692,-0.0048707388,-1.0354269999999999,1.135590452,4.695226
693,-0.0048697788,-1.0153265,1.135590452,4.413819
694,-0.0048688188,-1.0354269999999999,1.1275502510000002,4.05201
695,-0.0048678588,-1.0153265,1.1275502510000002,3.65
696,-0.0048668988,-1.0354269999999999,1.1275502510000002,3.167588
697,-0.0048659388000000005,-1.0153265,1.1195100500000001,2.725377
698,-0.0048649788,-1.0354269999999999,1.1275502510000002,2.1625629999999996
699,-0.0048640188,-1.0153265,1.135590452,1.680151
700,-0.0048630588,-1.0354269999999999,1.1195100500000001,1.2781409999999997
701,-0.0048620988,-1.0354269999999999,1.1275502510000002,0.8359299999999998
702,-0.0048611388,-1.0354269999999999,1.1275502510000002,0.514322
703,-0.0048601788,-0.9952259999999999,1.1195100500000001,0.31331700000000007
704,-0.0048592188000000005,-1.0153265,1.1275502510000002,0.1525129999999999
705,-0.0048582588,-1.0354269999999999,1.1195100500000001,0.11231199999999975
706,-0.0048572988,-1.0153265,1.1275502510000002,0.31331700000000007
707,-0.0048563388,-1.0354269999999999,1.1275502510000002,0.4741209999999998
708,-0.0048553788,-1.0354269999999999,1.1195100500000001,0.9565329999999999
709,-0.0048544188,-1.0153265,1.1275502510000002,1.3987439999999998
710,-0.0048534588,-0.9952259999999999,1.1195100500000001,2.001759
711,-0.0048524988000000005,-1.0153265,1.1195100500000001,2.6449749999999996
712,-0.0048515388,-1.0153265,1.135590452,3.328392
713,-0.0048505788,-0.9952259999999999,1.1195100500000001,3.891206
714,-0.0048496188,-1.0153265,1.1114698490000001,4.534422
715,-0.0048486588,-0.9952259999999999,1.1114698490000001,4.896231
716,-0.0048476988,-1.0354269999999999,1.1195100500000001,5.258039999999999
717,-0.0048467388,-1.0153265,1.1275502510000002,5.338442
718,-0.0048457788000000005,-1.0153265,1.1195100500000001,5.338442
719,-0.0048448188,-0.9952259999999999,1.1195100500000001,5.137437
720,-0.0048438588,-1.0153265,1.103429648,4.85603
721,-0.0048428988,-1.0354269999999999,1.1195100500000001,4.45402
722,-0.0048419388,-1.0354269999999999,1.1275502510000002,3.931407
723,-0.0048409788,-1.0153265,1.1195100500000001,3.3685929999999997
724,-0.0048400188,-1.0153265,1.1195100500000001,2.805779
725,-0.0048390588000000005,-1.0153265,1.1195100500000001,2.242965
726,-0.0048380988,-1.0153265,1.1114698490000001,1.7203519999999999
727,-0.0048371388,-1.0153265,1.1195100500000001,1.2781409999999997
728,-0.0048361788,-1.0153265,1.103429648,0.8359299999999998
729,-0.0048352188,-0.9952259999999999,1.1114698490000001,0.5545229999999997
730,-0.0048342588,-1.0153265,1.1114698490000001,0.2731159999999999
731,-0.0048332988,-1.0153265,1.1195100500000001,0.1525129999999999
732,-0.0048323388000000005,-1.0153265,1.1195100500000001,0.1525129999999999
733,-0.0048313788,-1.0153265,1.103429648,0.2731159999999999
734,-0.0048304188,-1.0153265,1.1114698490000001,0.39371899999999993
735,-0.0048294588,-0.9952259999999999,1.1275502510000002,0.6751259999999997
736,-0.0048284988,-0.9952259999999999,1.1275502510000002,0.9163319999999997
737,-0.0048275388,-1.0153265,1.1114698490000001,1.318342
738,-0.0048265788,-1.0354269999999999,1.1195100500000001,1.800754
739,-0.0048256188000000005,-1.0354269999999999,1.1195100500000001,2.2831659999999996
740,-0.0048246588,-1.0153265,1.1195100500000001,2.7655779999999996
741,-0.0048236988,-0.9751254999999999,1.1275502510000002,3.207789
742,-0.0048227388,-0.9952259999999999,1.1275502510000002,3.690201
743,-0.0048217788,-1.0153265,1.1275502510000002,4.172613
744,-0.0048208188,-0.9952259999999999,1.1195100500000001,4.655025
745,-0.0048198588,-1.0354269999999999,1.1275502510000002,4.896231
746,-0.0048188988000000006,-1.0153265,1.1275502510000002,5.177638
747,-0.0048179388,-1.0153265,1.1195100500000001,5.378643
748,-0.0048169788,-1.0354269999999999,1.135590452,5.378643
749,-0.0048160188,-0.9952259999999999,1.1195100500000001,5.298241
750,-0.0048150588,-0.9952259999999999,1.1275502510000002,5.016834
751,-0.0048140988000000004,-1.0153265,1.1195100500000001,4.735427
752,-0.0048131388,-1.0153265,1.135590452,4.1324119999999995
753,-0.0048121788000000006,-0.9952259999999999,1.1275502510000002,3.6097989999999998
754,-0.0048112188,-1.0153265,1.1275502510000002,3.087186
755,-0.0048102588,-0.9952259999999999,1.1275502510000002,2.44397
756,-0.0048092988,-0.9952259999999999,1.1275502510000002,1.840955
757,-0.0048083388,-0.9952259999999999,1.135590452,1.2781409999999997
758,-0.0048073788000000004,-0.9952259999999999,1.1275502510000002,0.755528
759,-0.0048064188,-0.9952259999999999,1.1195100500000001,0.4339200000000001
760,-0.004805458800000001,-0.9952259999999999,1.135590452,0.2731159999999999
761,-0.0048044988,-0.9751254999999999,1.1195100500000001,0.1525129999999999
762,-0.0048035388,-0.9751254999999999,1.1195100500000001,0.23291499999999976
763,-0.0048025788,-1.0153265,1.1195100500000001,0.5545229999999997
764,-0.0048016188,-0.9952259999999999,1.1195100500000001,0.9163319999999997
765,-0.0048006588000000005,-0.9751254999999999,1.1275502510000002,1.479146
766,-0.0047996988,-0.9952259999999999,1.135590452,2.001759
767,-0.004798738800000001,-1.0153265,1.135590452,2.685176
768,-0.0047977788,-1.0153265,1.1195100500000001,3.2479899999999997
769,-0.0047968188,-1.0153265,1.1275502510000002,3.891206
770,-0.0047958588,-0.9751254999999999,1.1195100500000001,4.333417
771,-0.0047948988,-1.0153265,1.1195100500000001,4.815829
772,-0.0047939388000000005,-0.9751254999999999,1.1275502510000002,5.097236
773,-0.0047929788,-0.9751254999999999,1.1275502510000002,5.258039999999999
774,-0.004792018800000001,-1.0153265,1.1275502510000002,5.378643
775,-0.0047910588,-1.0153265,1.1275502510000002,5.298241
776,-0.0047900988,-0.9952259999999999,1.1275502510000002,5.177638
777,-0.0047891388,-0.9952259999999999,1.1275502510000002,4.85603
778,-0.0047881788,-0.9952259999999999,1.1275502510000002,4.45402
779,-0.0047872188000000005,-0.9751254999999999,1.1195100500000001,4.092211
780,-0.0047862588,-0.9751254999999999,1.1195100500000001,3.529397
781,-0.004785298800000001,-0.9952259999999999,1.1114698490000001,3.0067839999999997
782,-0.0047843388,-0.9952259999999999,1.1275502510000002,2.44397
783,-0.0047833788,-0.9952259999999999,1.1195100500000001,1.921357
784,-0.0047824188,-0.9952259999999999,1.1195100500000001,1.438945
785,-0.0047814588,-0.9952259999999999,1.1195100500000001,1.0369349999999997
786,-0.0047804988000000005,-0.9952259999999999,1.1114698490000001,0.6751259999999997
787,-0.0047795388,-0.9952259999999999,1.1195100500000001,0.3535179999999998
788,-0.004778578800000001,-0.9751254999999999,1.1114698490000001,0.2731159999999999
789,-0.0047776188,-0.9751254999999999,1.1195100500000001,0.23291499999999976
790,-0.0047766588,-0.9751254999999999,1.1195100500000001,0.23291499999999976
791,-0.0047756988,-0.9952259999999999,1.1195100500000001,0.39371899999999993
792,-0.0047747388,-1.0153265,1.1114698490000001,0.755528
793,-0.0047737788000000005,-0.9751254999999999,1.1195100500000001,1.117337
794,-0.0047728188,-0.9952259999999999,1.103429648,1.680151
795,-0.004771858800000001,-1.0153265,1.1114698490000001,2.242965
796,-0.0047708988,-1.0153265,1.1114698490000001,2.8861809999999997
797,-0.0047699388,-0.9751254999999999,1.1114698490000001,3.529397
798,-0.0047689788,-0.9751254999999999,1.1195100500000001,4.172613
799,-0.0047680188,-0.9751254999999999,1.1114698490000001,4.695226
800,-0.0047670588000000005,-0.9952259999999999,1.1275502510000002,5.016834
801,-0.0047660988,-0.9952259999999999,1.1275502510000002,5.298241
802,-0.004765138800000001,-1.0153265,1.1275502510000002,5.378643
803,-0.0047641788,-0.9952259999999999,1.1275502510000002,5.258039999999999
804,-0.0047632188,-0.9952259999999999,1.1195100500000001,4.976633
805,-0.0047622588,-0.9952259999999999,1.1114698490000001,4.494221
806,-0.0047612988,-0.9751254999999999,1.1195100500000001,3.931407
807,-0.0047603388000000005,-0.9952259999999999,1.1275502510000002,3.207789
808,-0.0047593788,-0.9952259999999999,1.1275502510000002,2.484171
809,-0.004758418800000001,-0.9751254999999999,1.1275502510000002,1.800754
810,-0.0047574588,-0.9952259999999999,1.1275502510000002,1.23794
811,-0.0047564988,-1.0153265,1.1195100500000001,0.6751259999999997
812,-0.0047555388,-0.9952259999999999,1.1275502510000002,0.31331700000000007
813,-0.0047545788,-0.9751254999999999,1.143630653,0.1525129999999999
814,-0.0047536188000000005,-0.9952259999999999,1.1275502510000002,0.19271400000000005
815,-0.0047526588,-0.9952259999999999,1.1275502510000002,0.4339200000000001
816,-0.0047516988,-1.0153265,1.1195100500000001,0.6751259999999997
817,-0.0047507388,-0.9751254999999999,1.1195100500000001,1.23794
818,-0.0047497788,-0.9751254999999999,1.1195100500000001,1.800754
819,-0.0047488188,-0.9751254999999999,1.1275502510000002,2.363568
820,-0.0047478588,-1.0153265,1.1275502510000002,3.087186
821,-0.0047468988000000005,-0.9952259999999999,1.135590452,3.65
822,-0.0047459388,-0.9751254999999999,1.1275502510000002,4.333417
823,-0.0047449788,-0.9952259999999999,1.1275502510000002,4.775628
824,-0.0047440188,-0.9751254999999999,1.1275502510000002,5.137437
825,-0.0047430588,-0.9751254999999999,1.1195100500000001,5.338442
826,-0.0047420988,-0.9952259999999999,1.1275502510000002,5.338442
827,-0.0047411388,-0.9751254999999999,1.1195100500000001,5.298241
828,-0.0047401788,-0.9952259999999999,1.1195100500000001,5.057035
829,-0.0047392188,-0.9952259999999999,1.1275502510000002,4.695226
830,-0.0047382588,-0.9952259999999999,1.1275502510000002,4.172613
831,-0.0047372988,-0.9751254999999999,1.1195100500000001,3.529397
832,-0.0047363388,-0.9751254999999999,1.1275502510000002,2.926382
833,-0.0047353788,-1.0153265,1.1275502510000002,2.242965
834,-0.0047344188,-0.9952259999999999,1.1195100500000001,1.6399499999999998
835,-0.0047334588,-0.9751254999999999,1.1195100500000001,1.0369349999999997
836,-0.0047324988,-0.9952259999999999,1.1195100500000001,0.634925
837,-0.0047315388,-0.9952259999999999,1.1195100500000001,0.23291499999999976
838,-0.0047305788,-0.955025,1.1275502510000002,0.11231199999999975
839,-0.0047296188,-0.9952259999999999,1.1275502510000002,0.2731159999999999
840,-0.0047286588000000004,-0.9952259999999999,1.1195100500000001,0.5947239999999998
841,-0.0047276988,-0.9751254999999999,1.1195100500000001,1.0771359999999999
842,-0.0047267388,-0.9751254999999999,1.1114698490000001,1.800754
843,-0.0047257788,-0.9952259999999999,1.1114698490000001,2.564573
844,-0.0047248188,-1.0153265,1.1195100500000001,3.448995
845,-0.0047238588,-0.9751254999999999,1.1275502510000002,4.172613
846,-0.0047228988,-0.9751254999999999,1.1275502510000002,4.775628
847,-0.0047219388000000004,-0.9751254999999999,1.1114698490000001,5.217839
848,-0.0047209788,-0.9751254999999999,1.1195100500000001,5.378643
849,-0.0047200188,-0.9751254999999999,1.1275502510000002,5.338442
850,-0.0047190588,-1.0153265,1.1195100500000001,5.016834
851,-0.0047180988,-0.9952259999999999,1.1195100500000001,4.413819
852,-0.0047171388,-0.9751254999999999,1.1114698490000001,3.851005
853,-0.0047161788,-0.9751254999999999,1.1195100500000001,2.966583
854,-0.0047152188000000005,-0.9751254999999999,1.1195100500000001,2.242965
855,-0.0047142588,-0.9751254999999999,1.1195100500000001,1.438945
856,-0.0047132988,-0.955025,1.1114698490000001,0.8359299999999998
857,-0.0047123388,-0.9952259999999999,1.1275502510000002,0.4339200000000001
858,-0.0047113788,-0.9751254999999999,1.1195100500000001,0.1525129999999999
859,-0.0047104188,-0.9751254999999999,1.135590452,0.19271400000000005
860,-0.0047094588,-0.9751254999999999,1.135590452,0.4339200000000001
861,-0.0047084988000000005,-0.9751254999999999,1.1275502510000002,0.9163319999999997
862,-0.0047075388,-0.9751254999999999,1.1275502510000002,1.559548
863,-0.0047065788,-0.9751254999999999,1.135590452,2.4037689999999996
864,-0.0047056188,-0.9751254999999999,1.135590452,3.167588
865,-0.0047046588,-0.9751254999999999,1.1275502510000002,3.851005
866,-0.0047036988,-0.9952259999999999,1.1195100500000001,4.574623
867,-0.0047027388,-0.9952259999999999,1.135590452,5.097236
868,-0.0047017788000000005,-0.9751254999999999,1.1275502510000002,5.378643
869,-0.0047008188,-0.9751254999999999,1.135590452,5.378643
870,-0.0046998588,-0.9751254999999999,1.1275502510000002,5.137437
871,-0.0046988988,-0.9952259999999999,1.1275502510000002,4.655025
872,-0.0046979388,-0.9751254999999999,1.1275502510000002,4.0118089999999995
873,-0.0046969788,-0.955025,1.1275502510000002,3.207789
874,-0.0046960188,-0.9952259999999999,1.1275502510000002,2.323367
875,-0.0046950588000000005,-0.955025,1.1114698490000001,1.559548
876,-0.0046940988,-0.9751254999999999,1.1195100500000001,0.7957289999999997
877,-0.0046931388,-0.9751254999999999,1.1114698490000001,0.4339200000000001
878,-0.0046921788,-0.9751254999999999,1.1275502510000002,0.1525129999999999
879,-0.0046912188,-0.9751254999999999,1.1275502510000002,0.23291499999999976
880,-0.0046902588,-0.9751254999999999,1.1195100500000001,0.5545229999999997
881,-0.0046892988,-0.9751254999999999,1.1195100500000001,1.0771359999999999
882,-0.0046883388000000005,-0.9751254999999999,1.1195100500000001,1.8811559999999998
883,-0.0046873788,-0.9751254999999999,1.1195100500000001,2.805779
884,-0.0046864188,-0.9952259999999999,1.1114698490000001,3.7304019999999998
885,-0.0046854588,-0.9751254999999999,1.1195100500000001,4.45402
886,-0.0046844988,-0.9952259999999999,1.1195100500000001,5.057035
887,-0.0046835388,-0.9751254999999999,1.1195100500000001,5.338442
888,-0.0046825788,-0.9751254999999999,1.1275502510000002,5.338442
889,-0.0046816188000000005,-0.9751254999999999,1.1195100500000001,4.976633
890,-0.0046806588,-0.9751254999999999,1.1114698490000001,4.333417
891,-0.0046796988,-0.9751254999999999,1.1195100500000001,3.4891959999999997
892,-0.0046787388,-0.955025,1.1275502510000002,2.564573
893,-0.0046777788,-0.955025,1.1195100500000001,1.680151
894,-0.0046768188,-0.9751254999999999,1.1114698490000001,0.876131
895,-0.0046758588,-0.9751254999999999,1.1275502510000002,0.39371899999999993
896,-0.0046748988000000005,-0.955025,1.1275502510000002,0.19271400000000005
897,-0.0046739388,-0.9751254999999999,1.135590452,0.31331700000000007
898,-0.0046729788,-0.9751254999999999,1.1275502510000002,0.8359299999999998
899,-0.0046720188,-0.9751254999999999,1.1275502510000002,1.559548
900,-0.0046710588,-0.955025,1.1275502510000002,2.484171
901,-0.0046700988,-0.9751254999999999,1.1275502510000002,3.448995
902,-0.0046691388,-0.9751254999999999,1.1275502510000002,4.413819
903,-0.0046681788000000005,-0.9952259999999999,1.1275502510000002,5.016834
904,-0.0046672188,-0.9751254999999999,1.1195100500000001,5.338442
905,-0.0046662588,-0.9751254999999999,1.1275502510000002,5.338442
906,-0.0046652988,-0.9751254999999999,1.135590452,4.976633
907,-0.0046643388,-0.9751254999999999,1.1195100500000001,4.2530149999999995
908,-0.0046633788,-0.9751254999999999,1.1275502510000002,3.328392
909,-0.0046624188,-0.955025,1.1195100500000001,2.4037689999999996
910,-0.0046614588000000005,-0.955025,1.1275502510000002,1.438945
911,-0.0046604988,-0.9751254999999999,1.1195100500000001,0.634925
912,-0.0046595388,-0.9751254999999999,1.1275502510000002,0.2731159999999999
913,-0.0046585788,-0.9751254999999999,1.1114698490000001,0.1525129999999999
914,-0.0046576188,-0.955025,1.1275502510000002,0.4741209999999998
915,-0.0046566588,-0.955025,1.1195100500000001,1.0771359999999999
916,-0.0046556988,-0.955025,1.1275502510000002,1.961558
917,-0.0046547388000000006,-0.9751254999999999,1.1114698490000001,2.926382
918,-0.0046537788,-0.955025,1.1275502510000002,3.891206
919,-0.0046528188,-0.955025,1.1275502510000002,4.695226
920,-0.0046518588,-0.955025,1.1195100500000001,5.217839
921,-0.0046508988,-0.955025,1.1195100500000001,5.378643
922,-0.0046499388000000004,-0.955025,1.1195100500000001,5.217839
923,-0.0046489788,-0.9751254999999999,1.1195100500000001,4.614824
924,-0.0046480188000000006,-0.9751254999999999,1.1195100500000001,3.810804
925,-0.0046470588,-0.955025,1.1195100500000001,2.7655779999999996
926,-0.0046460988,-0.9751254999999999,1.1275502510000002,1.7605529999999998
927,-0.0046451388,-0.9349244999999999,1.1195100500000001,0.876131
928,-0.0046441788,-0.9349244999999999,1.1195100500000001,0.39371899999999993
929,-0.0046432188000000004,-0.955025,1.1195100500000001,0.19271400000000005
930,-0.0046422588,-0.955025,1.1195100500000001,0.4339200000000001
931,-0.004641298800000001,-0.9751254999999999,1.1275502510000002,0.9565329999999999
932,-0.0046403388,-0.955025,1.1275502510000002,1.840955
933,-0.0046393788,-0.955025,1.1275502510000002,2.8861809999999997
934,-0.0046384188,-0.9751254999999999,1.1275502510000002,3.931407
935,-0.0046374588,-0.9751254999999999,1.135590452,4.775628
936,-0.0046364988000000005,-0.955025,1.1275502510000002,5.258039999999999
937,-0.0046355388,-0.9349244999999999,1.1275502510000002,5.338442
938,-0.004634578800000001,-0.9751254999999999,1.1275502510000002,5.097236
939,-0.0046336188,-0.9751254999999999,1.1275502510000002,4.333417
940,-0.0046326588,-0.9751254999999999,1.1275502510000002,3.328392
941,-0.0046316988,-0.955025,1.135590452,2.1625629999999996
942,-0.0046307388,-0.955025,1.1275502510000002,1.1575379999999997
943,-0.0046297788000000005,-0.955025,1.135590452,0.514322
944,-0.0046288188,-0.955025,1.1275502510000002,0.1525129999999999
945,-0.004627858800000001,-0.9751254999999999,1.1195100500000001,0.2731159999999999
946,-0.0046268988,-0.955025,1.1195100500000001,0.755528
947,-0.0046259388,-0.955025,1.1275502510000002,1.7605529999999998
948,-0.0046249788,-0.955025,1.1275502510000002,2.725377
949,-0.0046240188,-0.955025,1.1275502510000002,3.690201
950,-0.0046230588000000005,-0.914824,1.1114698490000001,4.655025
951,-0.0046220988,-0.9349244999999999,1.1195100500000001,5.258039999999999
952,-0.004621138800000001,-0.955025,1.1195100500000001,5.378643
953,-0.0046201788,-0.955025,1.1195100500000001,5.097236
954,-0.0046192188,-0.9952259999999999,1.1275502510000002,4.45402
955,-0.0046182588,-0.955025,1.1114698490000001,3.448995
956,-0.0046172988,-0.955025,1.1275502510000002,2.4037689999999996
957,-0.0046163388000000005,-0.955025,1.1195100500000001,1.3987439999999998
958,-0.0046153788,-0.955025,1.1195100500000001,0.5947239999999998
959,-0.004614418800000001,-0.9751254999999999,1.1114698490000001,0.19271400000000005
960,-0.0046134588,-0.955025,1.1275502510000002,0.2731159999999999
961,-0.0046124988,-0.9751254999999999,1.1275502510000002,0.755528
962,-0.0046115388,-0.9751254999999999,1.1275502510000002,1.7203519999999999
963,-0.0046105788,-0.955025,1.1275502510000002,2.805779
964,-0.0046096188000000005,-0.955025,1.1275502510000002,3.931407
965,-0.0046086588,-0.9349244999999999,1.1195100500000001,4.775628
966,-0.004607698800000001,-0.9349244999999999,1.1195100500000001,5.338442
967,-0.0046067388,-0.955025,1.1195100500000001,5.378643
968,-0.0046057788,-0.955025,1.1275502510000002,4.896231
969,-0.0046048188,-0.955025,1.1275502510000002,3.891206
970,-0.0046038588,-0.955025,1.1275502510000002,2.7655779999999996
971,-0.0046028988000000005,-0.955025,1.1275502510000002,1.6399499999999998
972,-0.0046019388,-0.9751254999999999,1.1195100500000001,0.6751259999999997
973,-0.004600978800000001,-0.955025,1.1275502510000002,0.19271400000000005
974,-0.0046000188,-0.9751254999999999,1.1275502510000002,0.2731159999999999
975,-0.0045990588,-0.955025,1.135590452,0.9163319999999997
976,-0.0045980988,-0.9349244999999999,1.1195100500000001,1.921357
977,-0.0045971388,-0.955025,1.1275502510000002,3.2479899999999997
978,-0.0045961788000000005,-0.955025,1.1195100500000001,4.333417
979,-0.0045952188,-0.955025,1.1275502510000002,5.097236
980,-0.004594258800000001,-0.914824,1.1114698490000001,5.418844
981,-0.0045932988,-0.9349244999999999,1.1195100500000001,5.177638
982,-0.0045923388,-0.914824,1.1195100500000001,4.373618
983,-0.0045913788,-0.955025,1.1114698490000001,3.3685929999999997
984,-0.0045904188,-0.914824,1.1114698490000001,2.082161
985,-0.0045894588000000005,-0.955025,1.1275502510000002,1.0369349999999997
986,-0.0045884988,-0.9349244999999999,1.1195100500000001,0.39371899999999993
987,-0.004587538800000001,-0.914824,1.1195100500000001,0.1525129999999999
988,-0.0045865788,-0.955025,1.1195100500000001,0.514322
989,-0.0045856188,-0.9349244999999999,1.1275502510000002,1.3987439999999998
990,-0.0045846588,-0.955025,1.1195100500000001,2.564573
991,-0.0045836988,-0.9349244999999999,1.1195100500000001,3.7304019999999998
992,-0.0045827388000000005,-0.955025,1.1195100500000001,4.735427
993,-0.0045817788,-0.9751254999999999,1.1195100500000001,5.298241
994,-0.004580818800000001,-0.955025,1.1195100500000001,5.378643
995,-0.0045798588,-0.914824,1.1275502510000002,4.815829
996,-0.0045788988,-0.914824,1.1195100500000001,3.810804
997,-0.0045779388,-0.914824,1.1195100500000001,2.6449749999999996
998,-0.0045769788,-0.9349244999999999,1.1195100500000001,1.3987439999999998
999,-0.0045760188000000005,-0.955025,1.1195100500000001,0.5545229999999997
1000,-0.0045750588,-0.955025,1.135590452,0.19271400000000005
1001,-0.0045740988,-0.955025,1.135590452,0.39371899999999993
1002,-0.0045731388,-0.9349244999999999,1.1275502510000002,1.23794
1003,-0.0045721788,-0.955025,1.1195100500000001,2.484171
1004,-0.0045712188,-0.9349244999999999,1.135590452,3.65
1005,-0.0045702588,-0.955025,1.1195100500000001,4.775628
1006,-0.0045692988000000006,-0.9349244999999999,1.1114698490000001,5.378643
1007,-0.0045683388,-0.955025,1.1195100500000001,5.338442
1008,-0.0045673788,-0.955025,1.1195100500000001,4.614824
1009,-0.0045664188,-0.9349244999999999,1.1195100500000001,3.448995
1010,-0.0045654588,-0.955025,1.1195100500000001,2.04196
1011,-0.0045644988000000004,-0.9349244999999999,1.1195100500000001,0.876131
1012,-0.0045635388,-0.9349244999999999,1.1114698490000001,0.23291499999999976
1013,-0.0045625788,-0.914824,1.1195100500000001,0.23291499999999976
1014,-0.0045616188,-0.955025,1.1195100500000001,0.9565329999999999
1015,-0.0045606588,-0.955025,1.1114698490000001,2.082161
1016,-0.0045596988,-0.914824,1.1195100500000001,3.448995
1017,-0.0045587388,-0.9349244999999999,1.1195100500000001,4.655025
1018,-0.0045577788000000004,-0.9349244999999999,1.1195100500000001,5.298241
1019,-0.0045568188,-0.9349244999999999,1.1195100500000001,5.298241
1020,-0.0045558588,-0.955025,1.1195100500000001,4.655025
1021,-0.0045548988,-0.955025,1.1275502510000002,3.529397
1022,-0.004553938800000001,-0.955025,1.1275502510000002,2.122362
1023,-0.0045529788,-0.9349244999999999,1.1275502510000002,0.9565329999999999
1024,-0.0045520188,-0.955025,1.1195100500000001,0.19271400000000005
1025,-0.0045510588000000005,-0.9349244999999999,1.1275502510000002,0.23291499999999976
1026,-0.0045500988,-0.955025,1.1275502510000002,0.9163319999999997
1027,-0.0045491388,-0.914824,1.1195100500000001,2.122362
1028,-0.0045481788,-0.955025,1.143630653,3.4891959999999997
1029,-0.004547218800000001,-0.955025,1.1275502510000002,4.695226
1030,-0.0045462588,-0.955025,1.1275502510000002,5.378643
1031,-0.0045452988,-0.9751254999999999,1.135590452,5.258039999999999
1032,-0.0045443388000000005,-0.955025,1.1275502510000002,4.494221
1033,-0.0045433788,-0.9349244999999999,1.1195100500000001,3.2479899999999997
1034,-0.0045424188,-0.9349244999999999,1.1195100500000001,1.8811559999999998
1035,-0.0045414588,-0.9349244999999999,1.1275502510000002,0.6751259999999997
1036,-0.0045404988,-0.955025,1.1114698490000001,0.1525129999999999
1037,-0.0045395388,-0.9349244999999999,1.1195100500000001,0.4741209999999998
1038,-0.0045385788,-0.9349244999999999,1.1195100500000001,1.438945
1039,-0.0045376188000000005,-0.9349244999999999,1.1195100500000001,2.926382
1040,-0.0045366588,-0.9349244999999999,1.1195100500000001,4.293216
1041,-0.0045356988,-0.914824,1.1195100500000001,5.258039999999999
1042,-0.0045347388,-0.9349244999999999,1.1195100500000001,5.378643
1043,-0.0045337788,-0.914824,1.1195100500000001,4.695226
1044,-0.0045328188,-0.9349244999999999,1.1195100500000001,3.408794
1045,-0.0045318588,-0.9349244999999999,1.1195100500000001,1.961558
1046,-0.0045308988000000005,-0.9349244999999999,1.1195100500000001,0.755528
1047,-0.0045299388,-0.9349244999999999,1.1275502510000002,0.19271400000000005
1048,-0.0045289788,-0.914824,1.1195100500000001,0.4741209999999998
1049,-0.0045280188,-0.955025,1.1195100500000001,1.5193469999999998
1050,-0.0045270588,-0.9349244999999999,1.1195100500000001,2.926382
1051,-0.0045260988,-0.914824,1.1195100500000001,4.333417
1052,-0.0045251388,-0.914824,1.1275502510000002,5.258039999999999
1053,-0.0045241788000000005,-0.955025,1.1275502510000002,5.378643
1054,-0.0045232188,-0.9349244999999999,1.1195100500000001,4.655025
1055,-0.0045222588,-0.9349244999999999,1.1195100500000001,3.408794
1056,-0.0045212988,-0.9349244999999999,1.1275502510000002,1.800754
1057,-0.0045203388,-0.9349244999999999,1.1275502510000002,0.755528
1058,-0.0045193788,-0.9349244999999999,1.1275502510000002,0.19271400000000005
1059,-0.0045184188,-0.9349244999999999,1.135590452,0.514322
1060,-0.0045174588000000005,-0.914824,1.1195100500000001,1.438945
1061,-0.0045164988,-0.9349244999999999,1.1195100500000001,2.84598
1062,-0.0045155388,-0.914824,1.1195100500000001,4.293216
1063,-0.0045145788,-0.9349244999999999,1.1114698490000001,5.217839
1064,-0.0045136188,-0.9349244999999999,1.1114698490000001,5.378643
1065,-0.0045126588,-0.9349244999999999,1.103429648,4.695226
1066,-0.0045116988,-0.9349244999999999,1.1195100500000001,3.408794
1067,-0.0045107388000000005,-0.914824,1.1195100500000001,1.921357
1068,-0.0045097788,-0.9349244999999999,1.1195100500000001,0.634925
1069,-0.0045088188,-0.9349244999999999,1.1195100500000001,0.11231199999999975
1070,-0.0045078588,-0.955025,1.1275502510000002,0.5545229999999997
1071,-0.0045068988,-0.8947235,1.1195100500000001,1.7203519999999999
1072,-0.0045059388,-0.914824,1.1114698490000001,3.207789
1073,-0.0045049788,-0.914824,1.1275502510000002,4.574623
1074,-0.0045040188000000005,-0.9349244999999999,1.1195100500000001,5.298241
1075,-0.0045030588,-0.914824,1.1195100500000001,5.258039999999999
1076,-0.0045020988,-0.9349244999999999,1.1195100500000001,4.333417
1077,-0.0045011388,-0.9349244999999999,1.1275502510000002,2.8861809999999997
1078,-0.0045001788,-0.914824,1.1195100500000001,1.438945
1079,-0.0044992188,-0.914824,1.1275502510000002,0.31331700000000007
1080,-0.0044982588,-0.914824,1.135590452,0.23291499999999976
1081,-0.0044972988000000005,-0.9349244999999999,1.1275502510000002,0.9163319999999997
1082,-0.0044963388,-0.9349244999999999,1.1275502510000002,2.323367
1083,-0.0044953788,-0.914824,1.1114698490000001,3.891206
1084,-0.0044944188,-0.9349244999999999,1.1195100500000001,5.016834
1085,-0.0044934588,-0.914824,1.1195100500000001,5.418844
1086,-0.0044924988,-0.914824,1.1114698490000001,4.936432
1087,-0.0044915388,-0.914824,1.1114698490000001,3.6097989999999998
1088,-0.0044905788000000006,-0.914824,1.103429648,2.082161
1089,-0.0044896188,-0.9349244999999999,1.1114698490000001,0.755528
1090,-0.0044886588,-0.9349244999999999,1.103429648,0.23291499999999976
1091,-0.0044876988,-0.914824,1.1114698490000001,0.514322
1092,-0.0044867388,-0.914824,1.1195100500000001,1.7203519999999999
1093,-0.0044857788000000004,-0.9349244999999999,1.1195100500000001,3.448995
1094,-0.0044848188,-0.914824,1.1195100500000001,4.775628
1095,-0.0044838588000000006,-0.914824,1.1275502510000002,5.459045
1096,-0.0044828988,-0.9349244999999999,1.1114698490000001,5.016834
1097,-0.0044819388,-0.914824,1.1195100500000001,3.7304019999999998
1098,-0.0044809788,-0.914824,1.1195100500000001,2.122362
1099,-0.0044800188,-0.9349244999999999,1.1195100500000001,0.7957289999999997
1100,-0.0044790588000000004,-0.914824,1.1195100500000001,0.11231199999999975
1101,-0.0044780988,-0.9349244999999999,1.1195100500000001,0.5947239999999998
1102,-0.004477138800000001,-0.914824,1.1195100500000001,1.8811559999999998
1103,-0.0044761788,-0.8947235,1.1275502510000002,3.6097989999999998
1104,-0.0044752188,-0.9349244999999999,1.1195100500000001,4.936432
1105,-0.0044742588,-0.914824,1.1114698490000001,5.418844
1106,-0.0044732988,-0.914824,1.1114698490000001,4.896231
1107,-0.0044723388000000005,-0.914824,1.1195100500000001,3.569598
1108,-0.0044713788,-0.9349244999999999,1.1114698490000001,1.921357
1109,-0.004470418800000001,-0.8947235,1.1114698490000001,0.7153269999999998
1110,-0.0044694588,-0.955025,1.1114698490000001,0.23291499999999976
1111,-0.0044684988,-0.914824,1.1114698490000001,0.5947239999999998
1112,-0.0044675388,-0.914824,1.103429648,1.800754
1113,-0.0044665788,-0.914824,1.103429648,3.3685929999999997
1114,-0.0044656188000000005,-0.9349244999999999,1.1114698490000001,4.695226
1115,-0.0044646588,-0.8947235,1.1114698490000001,5.338442
1116,-0.004463698800000001,-0.914824,1.103429648,5.217839
1117,-0.0044627388,-0.914824,1.1195100500000001,4.1324119999999995
1118,-0.0044617788,-0.914824,1.1195100500000001,2.604774
1119,-0.0044608188,-0.914824,1.1195100500000001,1.117337
1120,-0.0044598588,-0.914824,1.1114698490000001,0.31331700000000007
1121,-0.0044588988000000005,-0.8947235,1.1114698490000001,0.31331700000000007
1122,-0.0044579388,-0.914824,1.1195100500000001,1.2781409999999997
1123,-0.004456978800000001,-0.8947235,1.1195100500000001,2.805779
1124,-0.0044560188,-0.8947235,1.1195100500000001,4.333417
1125,-0.0044550588,-0.914824,1.1195100500000001,5.258039999999999
1126,-0.0044540988,-0.8947235,1.1195100500000001,5.258039999999999
1127,-0.0044531388,-0.914824,1.103429648,4.293216
1128,-0.0044521788000000005,-0.914824,1.1114698490000001,2.7655779999999996
1129,-0.0044512188,-0.914824,1.1114698490000001,1.23794
1130,-0.004450258800000001,-0.9349244999999999,1.1195100500000001,0.2731159999999999
1131,-0.0044492988,-0.8947235,1.103429648,0.31331700000000007
1132,-0.0044483388,-0.914824,1.095389447,1.3987439999999998
1133,-0.0044473788,-0.8947235,1.103429648,3.087186
1134,-0.0044464188,-0.8947235,1.1114698490000001,4.695226
1135,-0.0044454588000000005,-0.914824,1.103429648,5.459045
1136,-0.0044444988,-0.8947235,1.1114698490000001,4.976633
1137,-0.004443538800000001,-0.914824,1.103429648,3.6097989999999998
1138,-0.0044425788,-0.914824,1.1195100500000001,1.840955
1139,-0.0044416188,-0.9349244999999999,1.1195100500000001,0.4741209999999998
1140,-0.0044406588,-0.9349244999999999,1.103429648,0.1525129999999999
1141,-0.0044396988,-0.914824,1.1114698490000001,1.1575379999999997
1142,-0.0044387388000000005,-0.8947235,1.1195100500000001,2.926382
1143,-0.0044377788,-0.914824,1.1114698490000001,4.614824
1144,-0.004436818800000001,-0.914824,1.095389447,5.418844
1145,-0.0044358588,-0.914824,1.1195100500000001,5.016834
1146,-0.0044348988,-0.914824,1.1114698490000001,3.529397
1147,-0.0044339388,-0.9349244999999999,1.103429648,1.7203519999999999
1148,-0.0044329788,-0.914824,1.103429648,0.4339200000000001
1149,-0.0044320188000000005,-0.914824,1.1114698490000001,0.23291499999999976
1150,-0.0044310588,-0.8947235,1.103429648,1.318342
1151,-0.004430098800000001,-0.8947235,1.087349246,3.1273869999999997
1152,-0.0044291388,-0.914824,1.095389447,4.695226
1153,-0.0044281788,-0.914824,1.095389447,5.459045
1154,-0.0044272188,-0.9349244999999999,1.095389447,4.976633
1155,-0.0044262588,-0.9349244999999999,1.095389447,3.529397
1156,-0.0044252988,-0.914824,1.103429648,1.8811559999999998
1157,-0.0044243388,-0.8947235,1.103429648,0.5947239999999998
1158,-0.004423378800000001,-0.8947235,1.095389447,0.19271400000000005
1159,-0.0044224188,-0.8947235,1.1114698490000001,0.9565329999999999
1160,-0.0044214588,-0.914824,1.103429648,2.44397
1161,-0.0044204988,-0.914824,1.103429648,4.05201
1162,-0.0044195388,-0.914824,1.095389447,5.217839
1163,-0.0044185788,-0.914824,1.103429648,5.378643
1164,-0.0044176188,-0.9349244999999999,1.095389447,4.494221
1165,-0.004416658800000001,-0.914824,1.095389447,3.046985
1166,-0.0044156988,-0.914824,1.095389447,1.318342
1167,-0.0044147388,-0.914824,1.095389447,0.3535179999999998
1168,-0.0044137788,-0.914824,1.095389447,0.31331700000000007
1169,-0.0044128188,-0.8947235,1.087349246,1.358543
1170,-0.0044118588,-0.914824,1.095389447,2.8861809999999997
1171,-0.0044108988,-0.8746229999999999,1.087349246,4.45402
1172,-0.004409938800000001,-0.8947235,1.087349246,5.378643
1173,-0.0044089788,-0.914824,1.095389447,5.217839
1174,-0.0044080188,-0.914824,1.087349246,4.0118089999999995
1175,-0.0044070588,-0.914824,1.087349246,2.2831659999999996
1176,-0.0044060988,-0.8947235,1.087349246,0.755528
1177,-0.0044051388,-0.8947235,1.087349246,0.23291499999999976
1178,-0.0044041788,-0.8947235,1.087349246,0.755528
1179,-0.004403218800000001,-0.8947235,1.079309045,2.242965
1180,-0.0044022588,-0.8947235,1.087349246,4.05201
1181,-0.0044012988,-0.8947235,1.087349246,5.258039999999999
1182,-0.0044003388000000004,-0.914824,1.087349246,5.298241
1183,-0.0043993788,-0.8947235,1.087349246,4.1324119999999995
1184,-0.0043984188,-0.9349244999999999,1.087349246,2.4037689999999996
1185,-0.0043974588,-0.914824,1.087349246,0.8359299999999998
1186,-0.004396498800000001,-0.914824,1.087349246,0.11231199999999975
1187,-0.0043955388,-0.8947235,1.071268844,0.8359299999999998
1188,-0.0043945788,-0.8947235,1.071268844,2.44397
1189,-0.0043936188000000004,-0.8947235,1.071268844,4.2530149999999995
1190,-0.0043926588,-0.8947235,1.079309045,5.338442
1191,-0.0043916988,-0.8947235,1.071268844,5.097236
1192,-0.0043907388,-0.914824,1.063228643,3.770603
1193,-0.004389778800000001,-0.914824,1.063228643,1.800754
1194,-0.0043888188,-0.8947235,1.063228643,0.4741209999999998
1195,-0.0043878588,-0.8947235,1.055188442,0.2731159999999999
1196,-0.0043868988000000005,-0.914824,1.063228643,1.3987439999999998
1197,-0.0043859388,-0.8947235,1.063228643,3.2479899999999997
1198,-0.0043849788,-0.914824,1.063228643,4.85603
1199,-0.0043840188,-0.8947235,1.063228643,5.418844
1200,-0.004383058800000001,-0.914824,1.063228643,4.574623
1201,-0.0043820988,-0.914824,1.071268844,2.926382
1202,-0.0043811388,-0.8947235,1.063228643,1.117337
1203,-0.0043801788000000005,-0.8947235,1.055188442,0.19271400000000005
1204,-0.0043792188,-0.8947235,1.055188442,0.514322
1205,-0.0043782588,-0.8746229999999999,1.047148241,1.921357
1206,-0.0043772988,-0.8746229999999999,1.047148241,3.690201
1207,-0.004376338800000001,-0.8947235,1.047148241,5.097236
1208,-0.0043753788,-0.8947235,1.031067839,5.459045
1209,-0.0043744188,-0.914824,1.03910804,4.614824
1210,-0.0043734588000000005,-0.914824,1.03910804,3.087186
1211,-0.0043724988,-0.914824,1.031067839,1.358543
1212,-0.0043715388,-0.8746229999999999,1.031067839,0.2731159999999999
1213,-0.0043705788,-0.8746229999999999,1.03910804,0.31331700000000007
1214,-0.004369618800000001,-0.914824,1.031067839,1.438945
1215,-0.0043686588,-0.8947235,1.023027638,3.167588
1216,-0.0043676988,-0.8947235,1.014987437,4.695226
1217,-0.0043667388000000005,-0.914824,1.023027638,5.378643
1218,-0.0043657788,-0.8947235,1.023027638,5.057035
1219,-0.0043648188,-0.8947235,1.014987437,3.7304019999999998
1220,-0.0043638588,-0.8947235,1.006947236,2.001759
1221,-0.0043628988,-0.8947235,1.023027638,0.6751259999999997
1222,-0.0043619388,-0.8947235,1.006947236,0.1525129999999999
1223,-0.0043609788,-0.8947235,1.023027638,0.876131
1224,-0.0043600188000000005,-0.8947235,0.998907035,2.484171
1225,-0.0043590588,-0.8947235,1.006947236,4.2530149999999995
1226,-0.0043580988,-0.914824,0.998907035,5.378643
1227,-0.0043571388,-0.8746229999999999,0.9828266330000001,5.298241
1228,-0.0043561788,-0.914824,0.9828266330000001,3.971608
1229,-0.0043552188,-0.8947235,0.9828266330000001,2.1625629999999996
1230,-0.0043542588,-0.914824,0.974786432,0.6751259999999997
1231,-0.0043532988000000005,-0.8947235,0.966746231,0.19271400000000005
1232,-0.0043523388,-0.8947235,0.966746231,0.996734
1233,-0.0043513788,-0.8947235,0.9506658290000001,2.725377
1234,-0.0043504188,-0.8947235,0.9506658290000001,4.494221
1235,-0.0043494588,-0.8746229999999999,0.9506658290000001,5.418844
1236,-0.0043484988,-0.8746229999999999,0.942625628,5.097236
1237,-0.0043475388,-0.914824,0.918505025,3.4891959999999997
1238,-0.0043465788000000005,-0.8746229999999999,0.926545226,1.599749
1239,-0.0043456188,-0.8746229999999999,0.918505025,0.3535179999999998
1240,-0.0043446588,-0.8746229999999999,0.926545226,0.3535179999999998
1241,-0.0043436988,-0.8545225,0.9104648240000001,1.599749
1242,-0.0043427388,-0.8947235,0.894384422,3.408794
1243,-0.0043417788,-0.8746229999999999,0.8783040200000001,5.016834
1244,-0.0043408188,-0.8947235,0.870263819,5.499245999999999
1245,-0.0043398588000000005,-0.914824,0.870263819,4.494221
1246,-0.0043388988,-0.8947235,0.846143216,2.805779
1247,-0.0043379388,-0.8545225,0.846143216,1.117337
1248,-0.0043369788,-0.8947235,0.8381030150000001,0.19271400000000005
1249,-0.0043360188,-0.8746229999999999,0.822022613,0.5947239999999998
1250,-0.0043350588,-0.8746229999999999,0.813982412,2.122362
1251,-0.0043340988,-0.8746229999999999,0.79790201,3.971608
1252,-0.0043331388000000005,-0.8947235,0.79790201,5.217839
1253,-0.0043321788,-0.8947235,0.781821608,5.338442
1254,-0.0043312188,-0.8947235,0.7657412060000001,4.45402
1255,-0.0043302588,-0.8746229999999999,0.749660804,2.725377
1256,-0.0043292988,-0.8947235,0.749660804,1.1575379999999997
1257,-0.0043283388,-0.8947235,0.725540201,0.23291499999999976
1258,-0.0043273788,-0.8947235,0.7175,0.4339200000000001
1259,-0.0043264188000000006,-0.8545225,0.709459799,1.6399499999999998
1260,-0.0043254588,-0.8746229999999999,0.6933793970000001,3.328392
1261,-0.0043244988,-0.8947235,0.685339196,4.85603
1262,-0.0043235388,-0.8947235,0.6612185930000001,5.459045
1263,-0.0043225788,-0.8746229999999999,0.653178392,4.976633
1264,-0.0043216188,-0.8947235,0.63709799,3.569598
1265,-0.0043206588,-0.8545225,0.629057789,1.7605529999999998
1266,-0.0043196988000000006,-0.8746229999999999,0.6210175880000001,0.514322
1267,-0.0043187388,-0.8947235,0.596896985,0.19271400000000005
1268,-0.0043177788,-0.8746229999999999,0.580816583,1.0771359999999999
1269,-0.0043168188,-0.8746229999999999,0.572776382,2.805779
1270,-0.0043158588,-0.914824,0.55669598,4.45402
1271,-0.0043148988000000004,-0.8746229999999999,0.55669598,5.418844
1272,-0.0043139388,-0.8947235,0.524535176,5.137437
1273,-0.004312978800000001,-0.8947235,0.524535176,3.690201
1274,-0.0043120188,-0.8746229999999999,0.5164949750000001,1.8811559999999998
1275,-0.0043110588,-0.8746229999999999,0.508454774,0.514322
1276,-0.0043100988,-0.8545225,0.492374372,0.19271400000000005
1277,-0.0043091388,-0.8746229999999999,0.484334171,1.318342
1278,-0.0043081788000000005,-0.8947235,0.484334171,3.087186
1279,-0.0043072188,-0.8746229999999999,0.46825376900000004,4.735427
1280,-0.004306258800000001,-0.8746229999999999,0.484334171,5.459045
1281,-0.0043052988,-0.8947235,0.460213568,4.85603
1282,-0.0043043388,-0.8746229999999999,0.460213568,3.3685929999999997
1283,-0.0043033788,-0.8947235,0.452173367,1.559548
1284,-0.0043024188,-0.8746229999999999,0.444133166,0.3535179999999998
1285,-0.0043014588000000005,-0.8947235,0.452173367,0.31331700000000007
1286,-0.0043004988,-0.8947235,0.444133166,1.599749
1287,-0.004299538800000001,-0.8947235,0.436092965,3.3685929999999997
1288,-0.0042985788,-0.8746229999999999,0.436092965,4.936432
1289,-0.0042976188,-0.8746229999999999,0.436092965,5.539447
1290,-0.0042966588,-0.8746229999999999,0.420012563,4.695226
1291,-0.0042956988,-0.8545225,0.436092965,3.087186
1292,-0.0042947388000000005,-0.8746229999999999,0.436092965,1.23794
1293,-0.0042937788,-0.8746229999999999,0.436092965,0.2731159999999999
1294,-0.004292818800000001,-0.8746229999999999,0.436092965,0.4741209999999998
1295,-0.0042918588,-0.8746229999999999,0.436092965,1.7605529999999998
1296,-0.0042908988,-0.8746229999999999,0.444133166,3.65
1297,-0.0042899388,-0.8746229999999999,0.452173367,5.137437
1298,-0.0042889788,-0.8545225,0.460213568,5.459045
1299,-0.0042880188000000005,-0.8947235,0.460213568,4.534422
1300,-0.0042870588,-0.8746229999999999,0.47629397,2.84598
1301,-0.004286098800000001,-0.8746229999999999,0.484334171,1.0771359999999999
1302,-0.0042851388,-0.8746229999999999,0.492374372,0.23291499999999976
1303,-0.0042841788,-0.8947235,0.500414573,0.514322
1304,-0.0042832188,-0.8746229999999999,0.5164949750000001,1.8811559999999998
1305,-0.0042822588,-0.8746229999999999,0.524535176,3.690201
1306,-0.0042812988000000005,-0.8746229999999999,0.532575377,5.137437
1307,-0.0042803388,-0.8746229999999999,0.540615578,5.499245999999999
1308,-0.004279378800000001,-0.8545225,0.548655779,4.695226
1309,-0.0042784188,-0.8746229999999999,0.572776382,3.1273869999999997
1310,-0.0042774588,-0.8947235,0.5888567840000001,1.318342
1311,-0.0042764988,-0.8947235,0.596896985,0.23291499999999976
1312,-0.0042755388,-0.8545225,0.6210175880000001,0.3535179999999998
1313,-0.0042745788000000005,-0.8746229999999999,0.629057789,1.559548
1314,-0.0042736188,-0.8746229999999999,0.653178392,3.408794
1315,-0.004272658800000001,-0.8545225,0.6612185930000001,5.016834
1316,-0.0042716988,-0.8947235,0.685339196,5.499245999999999
1317,-0.0042707388,-0.8746229999999999,0.6933793970000001,4.735427
1318,-0.0042697788,-0.8746229999999999,0.7175,3.046985
1319,-0.0042688188,-0.8746229999999999,0.725540201,1.318342
1320,-0.0042678588000000005,-0.8746229999999999,0.7335804020000001,0.2731159999999999
1321,-0.0042668988,-0.8545225,0.749660804,0.4741209999999998
1322,-0.004265938800000001,-0.8746229999999999,0.757701005,1.840955
1323,-0.0042649788,-0.8746229999999999,0.789861809,3.7304019999999998
1324,-0.0042640188,-0.8746229999999999,0.79790201,5.217839
1325,-0.0042630588,-0.8746229999999999,0.8059422110000001,5.378643
1326,-0.0042620988,-0.8746229999999999,0.813982412,4.333417
1327,-0.0042611388000000005,-0.8545225,0.8381030150000001,2.564573
1328,-0.0042601788,-0.8746229999999999,0.8381030150000001,0.8359299999999998
1329,-0.004259218800000001,-0.8746229999999999,0.846143216,0.1525129999999999
1330,-0.0042582588,-0.8746229999999999,0.854183417,0.7957289999999997
1331,-0.0042572988,-0.8746229999999999,0.870263819,2.4037689999999996
1332,-0.0042563388,-0.8947235,0.8863442210000001,4.212814
1333,-0.0042553788,-0.8545225,0.8863442210000001,5.378643
1334,-0.0042544188,-0.8746229999999999,0.894384422,5.258039999999999
1335,-0.0042534588,-0.8746229999999999,0.918505025,4.05201
1336,-0.004252498800000001,-0.8545225,0.918505025,2.082161
1337,-0.0042515388,-0.8947235,0.926545226,0.6751259999999997
1338,-0.0042505788,-0.8746229999999999,0.942625628,0.19271400000000005
1339,-0.0042496188,-0.8545225,0.942625628,0.876131
1340,-0.0042486588,-0.8746229999999999,0.9506658290000001,2.604774
1341,-0.0042476988,-0.8545225,0.966746231,4.293216
1342,-0.0042467388,-0.8545225,0.974786432,5.418844
1343,-0.004245778800000001,-0.8545225,0.966746231,5.258039999999999
1344,-0.0042448188,-0.8746229999999999,0.990866834,4.0118089999999995
1345,-0.0042438588,-0.8545225,0.974786432,2.1625629999999996
1346,-0.0042428988,-0.8746229999999999,0.9828266330000001,0.7153269999999998
1347,-0.0042419388,-0.8746229999999999,0.9828266330000001,0.1525129999999999
1348,-0.0042409788,-0.8545225,0.998907035,0.7957289999999997
1349,-0.0042400188,-0.8545225,0.998907035,2.44397
1350,-0.004239058800000001,-0.8746229999999999,0.990866834,4.172613
1351,-0.0042380988,-0.8746229999999999,0.998907035,5.338442
1352,-0.0042371388,-0.8545225,1.014987437,5.338442
1353,-0.0042361788000000004,-0.8746229999999999,1.014987437,4.373618
1354,-0.0042352188,-0.8746229999999999,1.014987437,2.5243719999999996
1355,-0.0042342588,-0.8545225,1.023027638,0.996734
1356,-0.0042332988,-0.8545225,1.03910804,0.19271400000000005
1357,-0.004232338800000001,-0.8746229999999999,1.031067839,0.5947239999999998
1358,-0.0042313788,-0.8746229999999999,1.03910804,1.921357
1359,-0.0042304188,-0.8545225,1.03910804,3.810804
1360,-0.0042294588000000004,-0.8545225,1.047148241,5.137437
1361,-0.0042284988,-0.8545225,1.047148241,5.459045
1362,-0.0042275388,-0.8746229999999999,1.047148241,4.534422
1363,-0.0042265788,-0.8746229999999999,1.047148241,2.805779
1364,-0.004225618800000001,-0.8545225,1.055188442,1.0771359999999999
1365,-0.0042246588,-0.8746229999999999,1.063228643,0.23291499999999976
1366,-0.0042236988,-0.8545225,1.055188442,0.5947239999999998
1367,-0.0042227388000000005,-0.8746229999999999,1.071268844,2.1625629999999996
1368,-0.0042217788,-0.8545225,1.055188442,4.0118089999999995
1369,-0.0042208188,-0.8545225,1.055188442,5.338442
1370,-0.0042198588,-0.834422,1.063228643,5.338442
1371,-0.004218898800000001,-0.8545225,1.063228643,4.0118089999999995
1372,-0.0042179388,-0.8746229999999999,1.071268844,2.1625629999999996
1373,-0.0042169788,-0.834422,1.063228643,0.5545229999999997
1374,-0.0042160188000000005,-0.834422,1.063228643,0.19271400000000005
1375,-0.0042150588,-0.8545225,1.071268844,1.0771359999999999
1376,-0.0042140988,-0.834422,1.071268844,2.8861809999999997
1377,-0.0042131388,-0.8545225,1.095389447,4.574623
1378,-0.004212178800000001,-0.8545225,1.079309045,5.459045
1379,-0.0042112188,-0.8545225,1.087349246,5.097236
1380,-0.0042102588,-0.8545225,1.087349246,3.690201
1381,-0.0042092988000000005,-0.8545225,1.087349246,1.8811559999999998
1382,-0.0042083388,-0.8545225,1.079309045,0.5947239999999998
1383,-0.0042073788,-0.8545225,1.087349246,0.19271400000000005
1384,-0.0042064188,-0.8545225,1.095389447,0.9565329999999999
1385,-0.004205458800000001,-0.834422,1.095389447,2.484171
1386,-0.0042044988,-0.8545225,1.087349246,4.1324119999999995
1387,-0.0042035388,-0.834422,1.087349246,5.338442
1388,-0.0042025788000000005,-0.8545225,1.087349246,5.378643
1389,-0.0042016188,-0.8545225,1.087349246,4.534422
1390,-0.0042006588,-0.8545225,1.079309045,2.8861809999999997
1391,-0.0041996988,-0.8545225,1.071268844,1.1575379999999997
1392,-0.004198738800000001,-0.834422,1.087349246,0.2731159999999999
1393,-0.0041977788,-0.8746229999999999,1.095389447,0.39371899999999993
1394,-0.0041968188,-0.834422,1.103429648,1.5193469999999998
1395,-0.0041958588000000005,-0.834422,1.103429648,3.207789
1396,-0.0041948988,-0.8746229999999999,1.095389447,4.735427
1397,-0.0041939388,-0.8545225,1.1114698490000001,5.418844
1398,-0.0041929788,-0.8545225,1.103429648,5.137437
1399,-0.004192018800000001,-0.8545225,1.103429648,3.891206
1400,-0.0041910588,-0.8545225,1.1114698490000001,2.1625629999999996
1401,-0.0041900988,-0.8545225,1.1114698490000001,0.7153269999999998
1402,-0.0041891388000000005,-0.8545225,1.1195100500000001,0.1525129999999999
1403,-0.0041881788,-0.8746229999999999,1.103429648,0.7153269999999998
1404,-0.0041872188,-0.8545225,1.1195100500000001,2.242965
1405,-0.0041862588,-0.8545225,1.103429648,3.851005
1406,-0.0041852988,-0.834422,1.103429648,5.137437
1407,-0.0041843388,-0.8545225,1.1114698490000001,5.499245999999999
1408,-0.0041833788,-0.8545225,1.1195100500000001,4.655025
1409,-0.0041824188000000005,-0.8545225,1.1114698490000001,3.167588
1410,-0.0041814588,-0.834422,1.1114698490000001,1.358543
1411,-0.0041804988,-0.8545225,1.103429648,0.31331700000000007
1412,-0.0041795388,-0.834422,1.1114698490000001,0.31331700000000007
1413,-0.0041785788,-0.834422,1.1114698490000001,1.3987439999999998
1414,-0.0041776188,-0.8545225,1.1114698490000001,3.087186
1415,-0.0041766588,-0.8746229999999999,1.1114698490000001,4.695226
1416,-0.0041756988000000005,-0.8545225,1.1195100500000001,5.499245999999999
1417,-0.0041747388,-0.8545225,1.1195100500000001,5.057035
1418,-0.0041737788,-0.8545225,1.1195100500000001,3.690201
1419,-0.0041728188,-0.834422,1.1195100500000001,1.840955
1420,-0.0041718588,-0.8545225,1.1114698490000001,0.5545229999999997
1421,-0.0041708988,-0.834422,1.1195100500000001,0.23291499999999976
1422,-0.0041699388,-0.834422,1.1195100500000001,1.0771359999999999
1423,-0.0041689788000000005,-0.834422,1.1195100500000001,2.685176
1424,-0.0041680188,-0.834422,1.1195100500000001,4.373618
1425,-0.0041670588,-0.8143214999999999,1.1275502510000002,5.378643
1426,-0.0041660988,-0.8545225,1.1195100500000001,5.298241
1427,-0.0041651388,-0.8545225,1.1114698490000001,4.212814
1428,-0.0041641788,-0.834422,1.1114698490000001,2.604774
1429,-0.0041632188,-0.834422,1.1114698490000001,1.0771359999999999
1430,-0.0041622588000000005,-0.834422,1.1195100500000001,0.1525129999999999
1431,-0.0041612988,-0.8746229999999999,1.1114698490000001,0.4339200000000001
1432,-0.0041603388,-0.8545225,1.1114698490000001,1.599749
1433,-0.0041593788,-0.8545225,1.1114698490000001,3.167588
1434,-0.0041584188,-0.8545225,1.1195100500000001,4.695226
1435,-0.0041574588,-0.8545225,1.1114698490000001,5.459045
1436,-0.0041564988,-0.834422,1.1114698490000001,5.258039999999999
1437,-0.0041555388000000006,-0.8545225,1.1275502510000002,4.092211
1438,-0.0041545788,-0.834422,1.1275502510000002,2.6449749999999996
1439,-0.0041536188,-0.834422,1.1195100500000001,1.0771359999999999
1440,-0.0041526588,-0.834422,1.1195100500000001,0.2731159999999999
1441,-0.0041516988,-0.8746229999999999,1.1275502510000002,0.31331700000000007
1442,-0.0041507388000000004,-0.834422,1.135590452,1.318342
1443,-0.0041497788,-0.8143214999999999,1.1275502510000002,2.84598
1444,-0.004148818800000001,-0.834422,1.1275502510000002,4.413819
1445,-0.0041478588,-0.8545225,1.1195100500000001,5.378643
1446,-0.0041468988,-0.8746229999999999,1.1195100500000001,5.418844
1447,-0.0041459388,-0.834422,1.1195100500000001,4.534422
1448,-0.0041449788,-0.8545225,1.1195100500000001,3.046985
1449,-0.0041440188000000005,-0.8545225,1.1275502510000002,1.479146
1450,-0.0041430588,-0.834422,1.1195100500000001,0.4339200000000001
1451,-0.004142098800000001,-0.8143214999999999,1.1195100500000001,0.23291499999999976
1452,-0.0041411388,-0.834422,1.1195100500000001,1.0369349999999997
1453,-0.0041401788,-0.8143214999999999,1.103429648,2.44397
1454,-0.0041392188,-0.8545225,1.1114698490000001,4.05201
1455,-0.0041382588,-0.834422,1.1195100500000001,5.258039999999999
1456,-0.0041372988000000005,-0.834422,1.1195100500000001,5.499245999999999
1457,-0.0041363388,-0.834422,1.1275502510000002,4.896231
1458,-0.004135378800000001,-0.8143214999999999,1.1195100500000001,3.448995
1459,-0.0041344188,-0.834422,1.1275502510000002,1.800754
1460,-0.0041334588,-0.834422,1.135590452,0.5545229999999997
1461,-0.0041324988,-0.8746229999999999,1.135590452,0.11231199999999975
1462,-0.0041315388,-0.8545225,1.1275502510000002,0.8359299999999998
1463,-0.0041305788000000005,-0.834422,1.143630653,2.242965
1464,-0.0041296188,-0.834422,1.1275502510000002,3.851005
1465,-0.004128658800000001,-0.8143214999999999,1.135590452,5.177638
1466,-0.0041276988,-0.8545225,1.1275502510000002,5.499245999999999
1467,-0.0041267388,-0.8143214999999999,1.135590452,4.815829
1468,-0.0041257788,-0.834422,1.135590452,3.288191
1469,-0.0041248188,-0.834422,1.1195100500000001,1.6399499999999998
1470,-0.0041238588000000005,-0.8545225,1.135590452,0.4339200000000001
1471,-0.0041228988,-0.834422,1.1275502510000002,0.19271400000000005
1472,-0.004121938800000001,-0.8143214999999999,1.1275502510000002,0.996734
1473,-0.0041209788,-0.834422,1.1195100500000001,2.44397
1474,-0.0041200188,-0.834422,1.1275502510000002,4.092211
1475,-0.0041190588,-0.834422,1.1275502510000002,5.217839
1476,-0.0041180988,-0.834422,1.1195100500000001,5.539447
1477,-0.0041171388000000005,-0.834422,1.1195100500000001,4.775628
1478,-0.0041161788,-0.834422,1.1114698490000001,3.408794
1479,-0.004115218800000001,-0.834422,1.1275502510000002,1.8811559999999998
1480,-0.0041142588,-0.834422,1.1275502510000002,0.5947239999999998
1481,-0.0041132988,-0.834422,1.1275502510000002,0.1525129999999999
1482,-0.0041123388,-0.834422,1.135590452,0.5947239999999998
1483,-0.0041113788,-0.834422,1.135590452,1.7203519999999999
1484,-0.0041104188000000005,-0.8143214999999999,1.143630653,3.207789
1485,-0.0041094588,-0.834422,1.135590452,4.574623
1486,-0.004108498800000001,-0.8143214999999999,1.143630653,5.338442
1487,-0.0041075388,-0.834422,1.135590452,5.459045
1488,-0.0041065788,-0.8545225,1.143630653,4.815829
1489,-0.0041056188,-0.834422,1.143630653,3.690201
1490,-0.0041046588,-0.834422,1.135590452,2.242965
1491,-0.0041036988000000005,-0.834422,1.1275502510000002,0.9565329999999999
1492,-0.0041027388,-0.8545225,1.135590452,0.23291499999999976
1493,-0.004101778800000001,-0.8143214999999999,1.135590452,0.2731159999999999
1494,-0.0041008188,-0.8143214999999999,1.143630653,1.0369349999999997
1495,-0.0040998588,-0.834422,1.135590452,2.202764
1496,-0.0040988988,-0.834422,1.135590452,3.65
1497,-0.0040979388,-0.834422,1.1275502510000002,4.85603
1498,-0.0040969788000000005,-0.834422,1.135590452,5.499245999999999
1499,-0.0040960188,-0.834422,1.1195100500000001,5.338442
1500,-0.004095058800000001,-0.834422,1.1275502510000002,4.45402
1501,-0.0040940988,-0.8143214999999999,1.1275502510000002,3.1273869999999997
1502,-0.0040931388,-0.834422,1.135590452,1.7203519999999999
1503,-0.0040921788,-0.834422,1.1275502510000002,0.634925
1504,-0.0040912188,-0.8143214999999999,1.1195100500000001,0.1525129999999999
1505,-0.0040902588000000005,-0.8143214999999999,1.1275502510000002,0.514322
1506,-0.0040892988,-0.8143214999999999,1.143630653,1.559548
1507,-0.004088338800000001,-0.8143214999999999,1.1275502510000002,3.0067839999999997
1508,-0.0040873788,-0.8143214999999999,1.135590452,4.45402
1509,-0.0040864188,-0.834422,1.143630653,5.338442
1510,-0.0040854588,-0.794221,1.143630653,5.499245999999999
1511,-0.0040844988,-0.8143214999999999,1.151670854,4.85603
1512,-0.0040835388000000005,-0.8143214999999999,1.135590452,3.529397
1513,-0.0040825788,-0.834422,1.135590452,2.082161
1514,-0.004081618800000001,-0.834422,1.143630653,0.8359299999999998
1515,-0.0040806588,-0.834422,1.135590452,0.23291499999999976
1516,-0.0040796988,-0.794221,1.1275502510000002,0.4339200000000001
1517,-0.0040787388,-0.8545225,1.143630653,1.2781409999999997
1518,-0.0040777788,-0.8143214999999999,1.143630653,2.6449749999999996
1519,-0.0040768188,-0.834422,1.151670854,4.0118089999999995
1520,-0.0040758588,-0.834422,1.1275502510000002,5.137437
1521,-0.004074898800000001,-0.794221,1.135590452,5.539447
1522,-0.0040739388,-0.834422,1.1275502510000002,5.177638
1523,-0.0040729788,-0.794221,1.135590452,4.05201
1524,-0.0040720188000000004,-0.834422,1.135590452,2.6449749999999996
1525,-0.0040710588,-0.8143214999999999,1.143630653,1.318342
1526,-0.0040700988,-0.834422,1.135590452,0.4339200000000001
1527,-0.0040691388,-0.8143214999999999,1.135590452,0.19271400000000005
1528,-0.004068178800000001,-0.8143214999999999,1.143630653,0.7153269999999998
1529,-0.0040672188,-0.8143214999999999,1.135590452,1.800754
1530,-0.0040662588,-0.8143214999999999,1.135590452,3.2479899999999997
1531,-0.0040652988000000004,-0.8143214999999999,1.135590452,4.534422
1532,-0.0040643388,-0.794221,1.143630653,5.378643
1533,-0.0040633788,-0.8143214999999999,1.135590452,5.459045
1534,-0.0040624188,-0.8143214999999999,1.143630653,4.936432
1535,-0.004061458800000001,-0.834422,1.143630653,3.851005
1536,-0.0040604988,-0.794221,1.159711055,2.44397
1537,-0.0040595388,-0.834422,1.143630653,1.1575379999999997
1538,-0.0040585788000000005,-0.834422,1.143630653,0.3535179999999998
1539,-0.0040576188,-0.8143214999999999,1.143630653,0.1525129999999999
1540,-0.0040566588,-0.8143214999999999,1.143630653,0.7153269999999998
1541,-0.0040556988,-0.8143214999999999,1.135590452,1.680151
1542,-0.004054738800000001,-0.8143214999999999,1.143630653,3.1273869999999997
1543,-0.0040537788,-0.834422,1.135590452,4.333417
1544,-0.0040528188,-0.8143214999999999,1.135590452,5.177638
1545,-0.0040518588000000005,-0.8143214999999999,1.135590452,5.539447
1546,-0.0040508988,-0.8143214999999999,1.143630653,5.177638
1547,-0.0040499388,-0.794221,1.143630653,4.333417
1548,-0.0040489788,-0.8143214999999999,1.135590452,3.1273869999999997
1549,-0.004048018800000001,-0.8143214999999999,1.135590452,1.840955
1550,-0.0040470588,-0.794221,1.135590452,0.755528
1551,-0.0040460988,-0.8143214999999999,1.143630653,0.19271400000000005
1552,-0.0040451388000000005,-0.8143214999999999,1.135590452,0.3535179999999998
1553,-0.0040441788,-0.794221,1.135590452,0.9163319999999997
1554,-0.0040432188,-0.794221,1.143630653,2.04196
1555,-0.0040422588,-0.8143214999999999,1.1275502510000002,3.3685929999999997
1556,-0.004041298800000001,-0.794221,1.143630653,4.614824
1557,-0.0040403388,-0.8143214999999999,1.135590452,5.298241
1558,-0.0040393788,-0.794221,1.135590452,5.539447
1559,-0.0040384188000000005,-0.8143214999999999,1.1275502510000002,5.016834
1560,-0.0040374588,-0.8143214999999999,1.1275502510000002,3.971608
1561,-0.0040364988,-0.794221,1.143630653,2.6449749999999996
1562,-0.0040355388,-0.834422,1.143630653,1.3987439999999998
1563,-0.004034578800000001,-0.834422,1.151670854,0.4741209999999998
1564,-0.0040336188,-0.8143214999999999,1.135590452,0.19271400000000005
1565,-0.0040326588,-0.834422,1.151670854,0.5545229999999997
1566,-0.0040316988000000005,-0.834422,1.143630653,1.5193469999999998
1567,-0.0040307388,-0.8143214999999999,1.151670854,2.8861809999999997
1568,-0.0040297788,-0.8143214999999999,1.143630653,4.212814
1569,-0.0040288188,-0.8143214999999999,1.143630653,5.217839
1570,-0.004027858800000001,-0.794221,1.143630653,5.579648
1571,-0.0040268988,-0.834422,1.143630653,5.097236
1572,-0.0040259388,-0.8143214999999999,1.143630653,4.0118089999999995
1573,-0.0040249788000000005,-0.834422,1.143630653,2.685176
1574,-0.0040240188,-0.8143214999999999,1.1275502510000002,1.318342
1575,-0.0040230588,-0.8143214999999999,1.143630653,0.514322
1576,-0.0040220988,-0.8143214999999999,1.143630653,0.11231199999999975
1577,-0.004021138800000001,-0.794221,1.135590452,0.5947239999999998
1578,-0.0040201788,-0.794221,1.143630653,1.680151
1579,-0.0040192188,-0.794221,1.135590452,3.0067839999999997
1580,-0.0040182588000000005,-0.8143214999999999,1.143630653,4.293216
1581,-0.0040172988,-0.8143214999999999,1.135590452,5.217839
1582,-0.0040163388,-0.794221,1.143630653,5.499245999999999
1583,-0.0040153788,-0.8143214999999999,1.135590452,5.217839
1584,-0.0040144188,-0.834422,1.143630653,4.333417
1585,-0.0040134588,-0.794221,1.143630653,3.046985
1586,-0.0040124988,-0.8143214999999999,1.135590452,1.800754
1587,-0.0040115388000000005,-0.8143214999999999,1.143630653,0.6751259999999997
1588,-0.0040105788,-0.794221,1.143630653,0.19271400000000005
1589,-0.0040096188,-0.8143214999999999,1.135590452,0.2731159999999999
1590,-0.0040086588,-0.794221,1.151670854,1.0771359999999999
1591,-0.0040076988,-0.794221,1.151670854,2.1625629999999996
1592,-0.0040067388,-0.794221,1.143630653,3.408794
1593,-0.0040057788,-0.794221,1.151670854,4.655025
1594,-0.0040048188000000005,-0.834422,1.143630653,5.378643
1595,-0.0040038588,-0.8143214999999999,1.143630653,5.539447
1596,-0.0040028988,-0.8143214999999999,1.143630653,5.016834
1597,-0.0040019388,-0.794221,1.151670854,4.05201
1598,-0.0040009788,-0.8143214999999999,1.151670854,2.7655779999999996
1599,-0.0040000188,-0.8143214999999999,1.135590452,1.5193469999999998
1600,-0.0039990588,-0.8143214999999999,1.143630653,0.5545229999999997
1601,-0.0039980988000000005,-0.7741205,1.143630653,0.19271400000000005
1602,-0.0039971388,-0.794221,1.151670854,0.39371899999999993
1603,-0.0039961788,-0.8143214999999999,1.151670854,1.1977389999999999
1604,-0.0039952188,-0.794221,1.143630653,2.44397
1605,-0.0039942588,-0.794221,1.143630653,3.65
1606,-0.0039932988,-0.794221,1.143630653,4.735427
1607,-0.0039923388,-0.7741205,1.135590452,5.459045
1608,-0.0039913788000000006,-0.8143214999999999,1.143630653,5.499245999999999
1609,-0.0039904188,-0.8143214999999999,1.1275502510000002,4.976633
1610,-0.0039894588,-0.794221,1.135590452,4.0118089999999995
1611,-0.0039884988,-0.794221,1.143630653,2.805779
1612,-0.0039875388,-0.8143214999999999,1.143630653,1.559548
1613,-0.0039865788000000004,-0.794221,1.135590452,0.634925
1614,-0.0039856188,-0.794221,1.151670854,0.1525129999999999
1615,-0.003984658800000001,-0.794221,1.143630653,0.31331700000000007
1616,-0.0039836988,-0.8143214999999999,1.143630653,0.996734
1617,-0.0039827388,-0.794221,1.135590452,2.082161
1618,-0.0039817788,-0.7741205,1.151670854,3.448995
1619,-0.0039808188,-0.794221,1.151670854,4.45402
1620,-0.0039798588000000005,-0.8143214999999999,1.143630653,5.298241
1621,-0.0039788988,-0.794221,1.151670854,5.579648
1622,-0.003977938800000001,-0.794221,1.143630653,5.217839
1623,-0.0039769788,-0.7741205,1.143630653,4.373618
1624,-0.0039760188,-0.794221,1.159711055,3.2479899999999997
1625,-0.0039750588,-0.794221,1.151670854,1.961558
1626,-0.0039740988,-0.8143214999999999,1.159711055,0.8359299999999998
1627,-0.0039731388000000005,-0.794221,1.143630653,0.23291499999999976
1628,-0.0039721788,-0.8143214999999999,1.151670854,0.23291499999999976
1629,-0.003971218800000001,-0.8143214999999999,1.135590452,0.8359299999999998
1630,-0.0039702588,-0.7741205,1.143630653,1.961558
1631,-0.0039692988,-0.8143214999999999,1.143630653,3.328392
1632,-0.0039683388,-0.8143214999999999,1.151670854,4.614824
1633,-0.0039673788,-0.794221,1.135590452,5.378643
1634,-0.0039664188000000005,-0.8143214999999999,1.1275502510000002,5.499245999999999
1635,-0.0039654588,-0.7741205,1.143630653,5.097236
1636,-0.003964498800000001,-0.794221,1.143630653,4.05201
1637,-0.0039635388,-0.7741205,1.135590452,2.7655779999999996
1638,-0.0039625788,-0.794221,1.135590452,1.438945
1639,-0.0039616188,-0.794221,1.143630653,0.5545229999999997
1640,-0.0039606588,-0.7741205,1.151670854,0.1525129999999999
1641,-0.0039596988000000005,-0.794221,1.143630653,0.4741209999999998
1642,-0.0039587388,-0.8143214999999999,1.143630653,1.318342
1643,-0.003957778800000001,-0.794221,1.143630653,2.5243719999999996
1644,-0.0039568188,-0.7741205,1.143630653,3.851005
1645,-0.0039558588,-0.7741205,1.159711055,4.815829
1646,-0.0039548988,-0.8143214999999999,1.151670854,5.459045
1647,-0.0039539388,-0.794221,1.159711055,5.539447
1648,-0.0039529788000000005,-0.794221,1.159711055,4.976633
1649,-0.0039520188,-0.794221,1.151670854,3.971608
1650,-0.003951058800000001,-0.794221,1.167751256,2.8861809999999997
1651,-0.0039500988,-0.8143214999999999,1.143630653,1.680151
1652,-0.0039491388,-0.794221,1.159711055,0.7957289999999997
1653,-0.0039481788,-0.8143214999999999,1.159711055,0.23291499999999976
1654,-0.0039472188,-0.7540199999999999,1.151670854,0.23291499999999976
1655,-0.0039462588000000005,-0.794221,1.151670854,0.6751259999999997
1656,-0.0039452988,-0.794221,1.151670854,1.5193469999999998
1657,-0.003944338800000001,-0.794221,1.143630653,2.564573
1658,-0.0039433788,-0.794221,1.143630653,3.690201
1659,-0.0039424188,-0.794221,1.143630653,4.695226
1660,-0.0039414588,-0.794221,1.143630653,5.338442
1661,-0.0039404988,-0.7741205,1.1275502510000002,5.579648
1662,-0.0039395388000000005,-0.7741205,1.135590452,5.338442
1663,-0.0039385788,-0.7741205,1.151670854,4.695226
1664,-0.003937618800000001,-0.794221,1.143630653,3.770603
1665,-0.0039366588,-0.794221,1.143630653,2.604774
1666,-0.0039356988,-0.7741205,1.143630653,1.559548
1667,-0.0039347388,-0.794221,1.135590452,0.6751259999999997
1668,-0.0039337788,-0.794221,1.135590452,0.2731159999999999
1669,-0.0039328188000000005,-0.794221,1.143630653,0.19271400000000005
1670,-0.0039318588,-0.794221,1.143630653,0.6751259999999997
1671,-0.003930898800000001,-0.7540199999999999,1.143630653,1.680151
1672,-0.0039299388,-0.7741205,1.143630653,2.84598
1673,-0.0039289788,-0.7540199999999999,1.135590452,3.931407
1674,-0.0039280188,-0.794221,1.143630653,4.976633
1675,-0.0039270588,-0.7540199999999999,1.159711055,5.539447
1676,-0.0039260988000000005,-0.7741205,1.143630653,5.499245999999999
1677,-0.0039251388,-0.794221,1.151670854,4.896231
1678,-0.003924178800000001,-0.7741205,1.151670854,3.851005
1679,-0.0039232188,-0.794221,1.151670854,2.685176
1680,-0.0039222588,-0.7741205,1.159711055,1.479146
1681,-0.0039212988,-0.794221,1.151670854,0.634925
1682,-0.0039203388,-0.7540199999999999,1.167751256,0.1525129999999999
1683,-0.0039193788000000005,-0.794221,1.159711055,0.3535179999999998
1684,-0.0039184188,-0.7741205,1.151670854,1.0771359999999999
1685,-0.003917458800000001,-0.794221,1.151670854,2.122362
1686,-0.0039164988,-0.7741205,1.151670854,3.408794
1687,-0.0039155388,-0.7741205,1.151670854,4.494221
1688,-0.0039145788,-0.7741205,1.159711055,5.298241
1689,-0.0039136188,-0.794221,1.143630653,5.539447
1690,-0.0039126588000000006,-0.8143214999999999,1.143630653,5.217839
1691,-0.0039116988,-0.7741205,1.143630653,4.413819
1692,-0.003910738800000001,-0.794221,1.135590452,3.288191
1693,-0.0039097788,-0.7741205,1.143630653,2.082161
1694,-0.0039088188,-0.794221,1.151670854,1.0369349999999997
1695,-0.0039078588000000004,-0.794221,1.143630653,0.3535179999999998
1696,-0.0039068988,-0.7540199999999999,1.151670854,0.19271400000000005
1697,-0.0039059388,-0.7741205,1.135590452,0.514322
1698,-0.0039049788,-0.794221,1.135590452,1.318342
1699,-0.0039040188000000003,-0.7741205,1.143630653,2.323367
1700,-0.0039030588000000003,-0.7741205,1.151670854,3.448995
1701,-0.0039020988,-0.7741205,1.135590452,4.45402
1702,-0.0039011388000000004,-0.7741205,1.143630653,5.177638
1703,-0.0039001788,-0.794221,1.159711055,5.579648
1704,-0.0038992188,-0.7741205,1.143630653,5.459045
1705,-0.0038982588,-0.7339195,1.143630653,4.815829
1706,-0.0038972988000000003,-0.7741205,1.151670854,3.971608
1707,-0.0038963388000000003,-0.794221,1.143630653,2.966583
1708,-0.0038953788,-0.7540199999999999,1.151670854,1.8811559999999998
1709,-0.0038944188000000005,-0.7741205,1.151670854,0.996734
1710,-0.0038934588,-0.7540199999999999,1.151670854,0.39371899999999993
1711,-0.0038924988,-0.7741205,1.159711055,0.1525129999999999
1712,-0.0038915388,-0.7741205,1.151670854,0.31331700000000007
1713,-0.0038905788000000003,-0.794221,1.143630653,0.8359299999999998
1714,-0.0038896188000000003,-0.7741205,1.159711055,1.7203519999999999
1715,-0.0038886588,-0.7741205,1.151670854,2.805779
1716,-0.0038876988000000005,-0.7741205,1.159711055,3.810804
1717,-0.0038867388,-0.794221,1.167751256,4.775628
1718,-0.0038857788,-0.7741205,1.151670854,5.338442
1719,-0.0038848188000000002,-0.7540199999999999,1.151670854,5.539447
1720,-0.0038838588000000003,-0.7741205,1.151670854,5.338442
1721,-0.0038828988000000004,-0.7540199999999999,1.143630653,4.534422
1722,-0.0038819388,-0.7741205,1.151670854,3.569598
1723,-0.0038809788000000005,-0.7741205,1.151670854,2.363568
1724,-0.0038800188,-0.7741205,1.143630653,1.358543
1725,-0.0038790588,-0.7741205,1.143630653,0.514322
1726,-0.0038780988000000002,-0.7741205,1.143630653,0.19271400000000005
1727,-0.0038771388000000003,-0.7540199999999999,1.143630653,0.3535179999999998
1728,-0.0038761788000000004,-0.7741205,1.143630653,1.0369349999999997
1729,-0.0038752188,-0.7741205,1.151670854,2.04196
1730,-0.0038742588000000005,-0.7741205,1.143630653,3.288191
1731,-0.0038732988,-0.7741205,1.143630653,4.373618
1732,-0.0038723388,-0.794221,1.151670854,5.217839
1733,-0.0038713788000000002,-0.7741205,1.143630653,5.579648
1734,-0.0038704188000000003,-0.7741205,1.151670854,5.298241
1735,-0.0038694588000000004,-0.794221,1.159711055,4.534422
1736,-0.0038684988,-0.7741205,1.151670854,3.3685929999999997
1737,-0.0038675388000000005,-0.7540199999999999,1.159711055,2.202764
1738,-0.0038665788,-0.7540199999999999,1.143630653,1.117337
1739,-0.0038656188,-0.7741205,1.151670854,0.3535179999999998
1740,-0.0038646588000000003,-0.7540199999999999,1.159711055,0.19271400000000005
1741,-0.0038636988000000003,-0.7741205,1.151670854,0.5545229999999997
1742,-0.0038627388000000004,-0.7741205,1.159711055,1.438945
1743,-0.0038617788,-0.7741205,1.151670854,2.5243719999999996
1744,-0.0038608188000000005,-0.7741205,1.159711055,3.690201
1745,-0.0038598588,-0.7741205,1.159711055,4.735427
1746,-0.0038588988,-0.7540199999999999,1.159711055,5.418844
1747,-0.0038579388000000003,-0.7540199999999999,1.151670854,5.539447
1748,-0.0038569788000000003,-0.7339195,1.167751256,5.217839
1749,-0.0038560188000000004,-0.7540199999999999,1.159711055,4.494221
1750,-0.0038550588,-0.7741205,1.159711055,3.4891959999999997
1751,-0.0038540988000000005,-0.7741205,1.151670854,2.363568
1752,-0.0038531388,-0.7540199999999999,1.151670854,1.358543
1753,-0.0038521788,-0.7741205,1.151670854,0.634925
1754,-0.0038512188000000003,-0.7741205,1.135590452,0.19271400000000005
1755,-0.0038502588000000003,-0.7540199999999999,1.151670854,0.23291499999999976
1756,-0.0038492988000000004,-0.7540199999999999,1.135590452,0.7153269999999998
1757,-0.0038483388,-0.7540199999999999,1.151670854,1.559548
1758,-0.0038473788000000005,-0.7540199999999999,1.135590452,2.604774
1759,-0.0038464188,-0.7741205,1.143630653,3.65
1760,-0.0038454588000000002,-0.7741205,1.143630653,4.655025
1761,-0.0038444988000000003,-0.7741205,1.143630653,5.298241
1762,-0.0038435388000000003,-0.7741205,1.143630653,5.619849
1763,-0.0038425788000000004,-0.7741205,1.143630653,5.378643
1764,-0.0038416188,-0.7540199999999999,1.143630653,4.775628
1765,-0.0038406588000000005,-0.7540199999999999,1.151670854,3.891206
1766,-0.0038396988,-0.7741205,1.143630653,2.725377
1767,-0.0038387388000000002,-0.7741205,1.151670854,1.559548
1768,-0.0038377788000000003,-0.7540199999999999,1.151670854,0.755528
1769,-0.0038368188,-0.7741205,1.159711055,0.2731159999999999
1770,-0.0038358588000000004,-0.7741205,1.143630653,0.19271400000000005
1771,-0.0038348988,-0.7540199999999999,1.151670854,0.755528
1772,-0.0038339388000000005,-0.7540199999999999,1.151670854,1.559548
1773,-0.0038329788,-0.7540199999999999,1.151670854,2.725377
1774,-0.0038320188000000002,-0.7540199999999999,1.151670854,3.851005
1775,-0.0038310588000000003,-0.7339195,1.167751256,4.936432
1776,-0.0038300988,-0.7741205,1.151670854,5.459045
1777,-0.0038291388000000004,-0.7540199999999999,1.151670854,5.539447
1778,-0.0038281788,-0.7540199999999999,1.167751256,5.097236
1779,-0.0038272188000000006,-0.7540199999999999,1.151670854,4.212814
1780,-0.0038262588,-0.794221,1.159711055,3.046985
1781,-0.0038252988000000003,-0.7540199999999999,1.151670854,1.8811559999999998
1782,-0.0038243388000000003,-0.7540199999999999,1.151670854,0.9163319999999997
1783,-0.0038233788,-0.7741205,1.143630653,0.2731159999999999
1784,-0.0038224188000000004,-0.7540199999999999,1.167751256,0.1525129999999999
1785,-0.0038214588,-0.7741205,1.159711055,0.634925
1786,-0.0038204988000000006,-0.7540199999999999,1.143630653,1.438945
1787,-0.0038195388,-0.7741205,1.159711055,2.564573
1788,-0.0038185788000000003,-0.7741205,1.151670854,3.7304019999999998
1789,-0.0038176188000000003,-0.7339195,1.151670854,4.775628
1790,-0.0038166588,-0.7540199999999999,1.143630653,5.459045
1791,-0.0038156988000000005,-0.7339195,1.135590452,5.619849
1792,-0.0038147388,-0.7540199999999999,1.143630653,5.177638
1793,-0.0038137788,-0.7339195,1.143630653,4.373618
1794,-0.0038128188,-0.7741205,1.143630653,3.288191
1795,-0.0038118588000000003,-0.7741205,1.151670854,2.122362
1796,-0.0038108988000000003,-0.7540199999999999,1.143630653,1.0369349999999997
1797,-0.0038099388,-0.7540199999999999,1.151670854,0.39371899999999993
1798,-0.0038089788000000005,-0.7540199999999999,1.151670854,0.19271400000000005
1799,-0.0038080188,-0.7741205,1.151670854,0.4741209999999998
1800,-0.0038070588,-0.7540199999999999,1.167751256,1.117337
1801,-0.0038060988000000002,-0.7540199999999999,1.151670854,2.122362
1802,-0.0038051388000000003,-0.7540199999999999,1.159711055,3.288191
1803,-0.0038041788000000003,-0.7540199999999999,1.159711055,4.333417
1804,-0.0038032188,-0.7339195,1.159711055,5.177638
1805,-0.0038022588000000005,-0.7339195,1.167751256,5.539447
1806,-0.0038012988,-0.7741205,1.167751256,5.459045
1807,-0.0038003388,-0.7540199999999999,1.159711055,4.936432
1808,-0.0037993788000000002,-0.7540199999999999,1.167751256,4.05201
1809,-0.0037984188000000003,-0.7540199999999999,1.167751256,2.926382
1810,-0.0037974588000000004,-0.7540199999999999,1.167751256,1.840955
1811,-0.0037964988,-0.7540199999999999,1.143630653,0.876131
1812,-0.0037955388000000005,-0.7741205,1.151670854,0.3535179999999998
1813,-0.0037945788,-0.7741205,1.167751256,0.23291499999999976
1814,-0.0037936188,-0.7540199999999999,1.151670854,0.4741209999999998
1815,-0.0037926588000000002,-0.7540199999999999,1.167751256,1.23794
1816,-0.0037916988000000003,-0.7741205,1.143630653,2.2831659999999996
1817,-0.0037907388000000004,-0.7540199999999999,1.151670854,3.4891959999999997
1818,-0.0037897788,-0.7741205,1.143630653,4.574623
1819,-0.0037888188000000005,-0.7540199999999999,1.151670854,5.258039999999999
1820,-0.0037878588,-0.7540199999999999,1.143630653,5.579648
1821,-0.0037868988,-0.7540199999999999,1.151670854,5.378643
1822,-0.0037859388000000002,-0.7540199999999999,1.143630653,4.655025
1823,-0.0037849788000000003,-0.7339195,1.135590452,3.690201
1824,-0.0037840188000000004,-0.7540199999999999,1.151670854,2.564573
1825,-0.0037830588,-0.7741205,1.1275502510000002,1.3987439999999998
1826,-0.0037820988000000005,-0.7540199999999999,1.143630653,0.6751259999999997
1827,-0.0037811388,-0.7339195,1.143630653,0.2731159999999999
1828,-0.0037801788,-0.7339195,1.151670854,0.2731159999999999
1829,-0.0037792188000000003,-0.7540199999999999,1.143630653,0.755528
1830,-0.0037782588000000003,-0.7540199999999999,1.151670854,1.7203519999999999
1831,-0.0037772988000000004,-0.7339195,1.143630653,2.8861809999999997
1832,-0.0037763388,-0.7741205,1.151670854,3.971608
1833,-0.0037753788000000005,-0.7540199999999999,1.159711055,4.896231
1834,-0.0037744188,-0.7339195,1.159711055,5.539447
1835,-0.0037734588,-0.7339195,1.159711055,5.539447
1836,-0.0037724988000000003,-0.7540199999999999,1.159711055,5.177638
1837,-0.0037715388000000003,-0.7540199999999999,1.159711055,4.2530149999999995
1838,-0.0037705788000000004,-0.7540199999999999,1.151670854,3.2479899999999997
1839,-0.0037696188,-0.7339195,1.159711055,2.082161
1840,-0.0037686588000000005,-0.7540199999999999,1.159711055,1.0771359999999999
1841,-0.0037676988,-0.7540199999999999,1.159711055,0.39371899999999993
1842,-0.0037667388,-0.7540199999999999,1.151670854,0.19271400000000005
1843,-0.0037657788000000003,-0.7339195,1.151670854,0.4339200000000001
1844,-0.0037648188000000003,-0.7339195,1.151670854,1.1575379999999997
1845,-0.0037638588000000004,-0.7339195,1.151670854,2.2831659999999996
1846,-0.0037628988,-0.7540199999999999,1.151670854,3.408794
1847,-0.0037619388000000005,-0.7339195,1.159711055,4.534422
1848,-0.0037609788,-0.7339195,1.159711055,5.217839
1849,-0.0037600188000000002,-0.7339195,1.151670854,5.579648
1850,-0.0037590588000000003,-0.7339195,1.159711055,5.338442
1851,-0.0037580988000000004,-0.7540199999999999,1.143630653,4.614824
1852,-0.0037571388000000004,-0.7540199999999999,1.151670854,3.529397
1853,-0.0037561788,-0.7339195,1.151670854,2.202764
1854,-0.0037552188000000005,-0.7540199999999999,1.143630653,1.117337
1855,-0.0037542588,-0.7540199999999999,1.151670854,0.39371899999999993
1856,-0.0037532988000000002,-0.7339195,1.151670854,0.19271400000000005
1857,-0.0037523388000000003,-0.7540199999999999,1.143630653,0.5947239999999998
1858,-0.0037513788,-0.7540199999999999,1.143630653,1.479146
1859,-0.0037504188000000004,-0.7339195,1.167751256,2.725377
1860,-0.0037494588,-0.7339195,1.151670854,4.0118089999999995
1861,-0.0037484988000000006,-0.713819,1.159711055,5.016834
1862,-0.0037475388,-0.7339195,1.151670854,5.539447
1863,-0.0037465788000000002,-0.7339195,1.151670854,5.418844
1864,-0.0037456188000000003,-0.7540199999999999,1.151670854,4.655025
1865,-0.0037446588,-0.7339195,1.151670854,3.569598
1866,-0.0037436988000000004,-0.7540199999999999,1.151670854,2.242965
1867,-0.0037427388,-0.7540199999999999,1.159711055,1.0369349999999997
1868,-0.0037417788000000006,-0.7339195,1.159711055,0.3535179999999998
1869,-0.0037408188,-0.7540199999999999,1.167751256,0.19271400000000005
1870,-0.0037398588000000003,-0.7339195,1.159711055,0.634925
1871,-0.0037388988000000003,-0.7540199999999999,1.151670854,1.6399499999999998
1872,-0.0037379388,-0.7339195,1.159711055,2.7655779999999996
1873,-0.0037369788000000004,-0.7339195,1.151670854,4.05201
1874,-0.0037360188,-0.7339195,1.151670854,4.976633
1875,-0.0037350588000000006,-0.7540199999999999,1.167751256,5.499245999999999
1876,-0.0037340988,-0.7540199999999999,1.151670854,5.499245999999999
1877,-0.0037331388000000003,-0.7339195,1.159711055,4.976633
1878,-0.0037321788000000003,-0.713819,1.151670854,4.05201
1879,-0.0037312188,-0.7741205,1.159711055,2.8861809999999997
1880,-0.0037302588000000005,-0.7540199999999999,1.151670854,1.7605529999999998
1881,-0.0037292988,-0.7339195,1.151670854,0.8359299999999998
1882,-0.0037283388,-0.7339195,1.143630653,0.31331700000000007
1883,-0.0037273788,-0.7339195,1.151670854,0.2731159999999999
1884,-0.0037264188000000003,-0.7339195,1.143630653,0.5947239999999998
1885,-0.0037254588000000003,-0.7339195,1.151670854,1.479146
1886,-0.0037244988,-0.7339195,1.143630653,2.604774
1887,-0.0037235388000000005,-0.7339195,1.143630653,3.7304019999999998
1888,-0.0037225788,-0.7540199999999999,1.135590452,4.775628
1889,-0.0037216188,-0.7540199999999999,1.151670854,5.459045
1890,-0.0037206588000000002,-0.7540199999999999,1.151670854,5.619849
1891,-0.0037196988000000003,-0.713819,1.151670854,5.137437
1892,-0.0037187388000000004,-0.7339195,1.159711055,4.2530149999999995
1893,-0.0037177788,-0.7339195,1.151670854,3.0067839999999997
1894,-0.0037168188000000005,-0.7339195,1.167751256,1.599749
1895,-0.0037158588,-0.7339195,1.159711055,0.634925
1896,-0.0037148988,-0.7540199999999999,1.159711055,0.1525129999999999
1897,-0.0037139388000000002,-0.7339195,1.167751256,0.4339200000000001
1898,-0.0037129788000000003,-0.713819,1.167751256,1.23794
1899,-0.0037120188000000004,-0.7540199999999999,1.167751256,2.6449749999999996
1900,-0.0037110588,-0.7339195,1.151670854,4.0118089999999995
1901,-0.0037100988000000005,-0.7339195,1.167751256,5.137437
1902,-0.0037091388,-0.6937185,1.143630653,5.539447
1903,-0.0037081788,-0.713819,1.159711055,5.298241
1904,-0.0037072188000000002,-0.7339195,1.159711055,4.2530149999999995
1905,-0.0037062588000000003,-0.713819,1.159711055,2.7655779999999996
1906,-0.0037052988000000004,-0.7339195,1.151670854,1.358543
1907,-0.0037043388,-0.7339195,1.151670854,0.514322
1908,-0.0037033788000000005,-0.713819,1.151670854,0.19271400000000005
1909,-0.0037024188,-0.7339195,1.159711055,0.6751259999999997
1910,-0.0037014588,-0.7339195,1.151670854,1.800754
1911,-0.0037004988000000003,-0.713819,1.151670854,3.2479899999999997
1912,-0.0036995388000000003,-0.7339195,1.151670854,4.45402
1913,-0.0036985788000000004,-0.713819,1.151670854,5.459045
1914,-0.0036976188,-0.7339195,1.151670854,5.619849
1915,-0.0036966588000000005,-0.7339195,1.143630653,5.137437
1916,-0.0036956988,-0.713819,1.159711055,4.092211
1917,-0.0036947388,-0.7540199999999999,1.143630653,2.7655779999999996
1918,-0.0036937788000000003,-0.713819,1.151670854,1.5193469999999998
1919,-0.0036928188000000003,-0.7339195,1.159711055,0.6751259999999997
1920,-0.0036918588000000004,-0.7339195,1.167751256,0.23291499999999976
1921,-0.0036908988,-0.7339195,1.167751256,0.31331700000000007
1922,-0.0036899388000000005,-0.7339195,1.159711055,0.996734
1923,-0.0036889788,-0.7339195,1.159711055,2.04196
1924,-0.0036880188,-0.7339195,1.167751256,3.207789
1925,-0.0036870588000000003,-0.7339195,1.167751256,4.333417
1926,-0.0036860988000000003,-0.7339195,1.159711055,5.137437
1927,-0.0036851388000000004,-0.713819,1.159711055,5.579648
1928,-0.0036841788,-0.713819,1.167751256,5.499245999999999
1929,-0.0036832188000000005,-0.7339195,1.159711055,4.976633
1930,-0.0036822588,-0.713819,1.159711055,4.05201
1931,-0.0036812988000000002,-0.7540199999999999,1.159711055,2.926382
1932,-0.0036803388000000003,-0.713819,1.143630653,1.7605529999999998
1933,-0.0036793788000000003,-0.6937185,1.159711055,0.7957289999999997
1934,-0.0036784188000000004,-0.713819,1.167751256,0.2731159999999999
1935,-0.0036774588,-0.7339195,1.159711055,0.19271400000000005
1936,-0.0036764988000000005,-0.7339195,1.159711055,0.755528
1937,-0.0036755388,-0.7339195,1.159711055,1.800754
1938,-0.0036745788000000002,-0.713819,1.159711055,3.0067839999999997
1939,-0.0036736188000000003,-0.713819,1.159711055,4.2530149999999995
1940,-0.0036726588000000004,-0.7339195,1.159711055,5.258039999999999
1941,-0.0036716988000000004,-0.7339195,1.151670854,5.579648
1942,-0.0036707388,-0.713819,1.143630653,5.217839
1943,-0.0036697788000000005,-0.7339195,1.143630653,4.293216
1944,-0.0036688188,-0.713819,1.143630653,2.966583
1945,-0.0036678588000000002,-0.6937185,1.151670854,1.599749
1946,-0.0036668988000000003,-0.713819,1.151670854,0.514322
1947,-0.0036659388,-0.7339195,1.159711055,0.19271400000000005
1948,-0.0036649788000000004,-0.713819,1.159711055,0.634925
1949,-0.0036640188,-0.713819,1.159711055,1.680151
1950,-0.0036630588000000006,-0.7339195,1.159711055,3.167588
1951,-0.0036620988,-0.7339195,1.167751256,4.574623
1952,-0.0036611388000000003,-0.713819,1.167751256,5.378643
1953,-0.0036601788000000003,-0.713819,1.159711055,5.539447
1954,-0.0036592188,-0.6937185,1.159711055,4.896231
1955,-0.0036582588000000004,-0.713819,1.167751256,3.690201
1956,-0.0036572988,-0.713819,1.159711055,2.2831659999999996
1957,-0.0036563388000000006,-0.713819,1.159711055,0.9163319999999997
1958,-0.0036553788,-0.7339195,1.159711055,0.23291499999999976
1959,-0.0036544188000000003,-0.7339195,1.167751256,0.2731159999999999
1960,-0.0036534588000000003,-0.713819,1.159711055,0.9565329999999999
1961,-0.0036524988,-0.713819,1.167751256,2.122362
1962,-0.0036515388000000005,-0.713819,1.159711055,3.6097989999999998
1963,-0.0036505788,-0.6937185,1.151670854,4.735427
1964,-0.0036496188000000006,-0.713819,1.159711055,5.499245999999999
1965,-0.0036486588,-0.713819,1.151670854,5.579648
1966,-0.0036476988000000003,-0.7339195,1.151670854,4.976633
1967,-0.0036467388000000003,-0.713819,1.151670854,4.0118089999999995
1968,-0.0036457788,-0.713819,1.167751256,2.725377
1969,-0.0036448188000000005,-0.6736179999999999,1.143630653,1.5193469999999998
1970,-0.0036438588,-0.713819,1.151670854,0.634925
1971,-0.0036428988,-0.6937185,1.151670854,0.1525129999999999
1972,-0.0036419388000000002,-0.713819,1.151670854,0.2731159999999999
1973,-0.0036409788000000003,-0.713819,1.159711055,0.9565329999999999
1974,-0.0036400188000000003,-0.713819,1.151670854,2.001759
1975,-0.0036390588,-0.713819,1.151670854,3.167588
1976,-0.0036380988000000005,-0.6937185,1.159711055,4.293216
1977,-0.0036371388,-0.713819,1.167751256,5.217839
1978,-0.0036361788,-0.7540199999999999,1.167751256,5.579648
1979,-0.0036352188000000002,-0.713819,1.159711055,5.418844
1980,-0.0036342588000000003,-0.7339195,1.159711055,4.775628
1981,-0.0036332988000000004,-0.713819,1.159711055,3.7304019999999998
1982,-0.0036323388,-0.713819,1.159711055,2.44397
1983,-0.0036313788000000005,-0.713819,1.159711055,1.1977389999999999
1984,-0.0036304188,-0.713819,1.167751256,0.4339200000000001
1985,-0.0036294588,-0.6937185,1.175791457,0.19271400000000005
1986,-0.0036284988000000002,-0.713819,1.159711055,0.514322
1987,-0.0036275388000000003,-0.713819,1.151670854,1.5193469999999998
1988,-0.0036265788000000004,-0.713819,1.159711055,2.84598
1989,-0.0036256188,-0.6937185,1.159711055,4.293216
1990,-0.0036246588000000005,-0.6937185,1.159711055,5.217839
1991,-0.0036236988,-0.6937185,1.151670854,5.579648
1992,-0.0036227388,-0.713819,1.151670854,5.217839
1993,-0.0036217788000000002,-0.6937185,1.159711055,4.05201
1994,-0.0036208188000000003,-0.713819,1.143630653,2.6449749999999996
1995,-0.0036198588000000004,-0.713819,1.151670854,1.1977389999999999
1996,-0.0036188988,-0.6937185,1.159711055,0.31331700000000007
1997,-0.0036179388000000005,-0.7339195,1.151670854,0.2731159999999999
1998,-0.0036169788,-0.6937185,1.151670854,1.117337
1999,-0.0036160188,-0.7339195,1.159711055,2.564573
2000,-0.0036150588000000003,-0.713819,1.151670854,4.05201
2001,-0.0036140988000000003,-0.6937185,1.151670854,5.217839
2002,-0.0036131388000000004,-0.713819,1.151670854,5.619849
2003,-0.0036121788,-0.713819,1.159711055,5.057035
2004,-0.0036112188000000005,-0.713819,1.167751256,3.770603
2005,-0.0036102588,-0.713819,1.159711055,2.1625629999999996
2006,-0.0036092988,-0.713819,1.175791457,0.876131
2007,-0.0036083388000000003,-0.6937185,1.167751256,0.1525129999999999
2008,-0.0036073788000000003,-0.713819,1.175791457,0.31331700000000007
2009,-0.0036064188000000004,-0.713819,1.167751256,1.2781409999999997
2010,-0.0036054588,-0.713819,1.159711055,2.685176
2011,-0.0036044988000000005,-0.713819,1.159711055,4.1324119999999995
2012,-0.0036035388,-0.713819,1.167751256,5.137437
2013,-0.0036025788,-0.6937185,1.159711055,5.579648
2014,-0.0036016188000000003,-0.713819,1.151670854,5.258039999999999
2015,-0.0036006588000000003,-0.6937185,1.167751256,4.333417
2016,-0.0035996988000000004,-0.6736179999999999,1.151670854,3.087186
2017,-0.0035987388,-0.713819,1.159711055,1.7203519999999999
2018,-0.0035977788000000005,-0.6937185,1.159711055,0.6751259999999997
2019,-0.0035968188,-0.7339195,1.159711055,0.19271400000000005
2020,-0.0035958588000000002,-0.713819,1.159711055,0.3535179999999998
2021,-0.0035948988000000003,-0.7339195,1.151670854,1.1575379999999997
2022,-0.0035939388000000004,-0.713819,1.151670854,2.323367
2023,-0.0035929788000000004,-0.6937185,1.143630653,3.690201
2024,-0.0035920188,-0.6937185,1.159711055,4.85603
2025,-0.0035910588000000005,-0.7339195,1.151670854,5.539447
2026,-0.0035900988,-0.6937185,1.151670854,5.539447
2027,-0.0035891388000000002,-0.7339195,1.151670854,4.815829
2028,-0.0035881788000000003,-0.6937185,1.159711055,3.65
2029,-0.0035872188000000004,-0.7339195,1.167751256,2.242965
2030,-0.0035862588000000004,-0.6937185,1.159711055,0.996734
2031,-0.0035852988,-0.713819,1.159711055,0.23291499999999976
2032,-0.0035843388000000006,-0.6736179999999999,1.159711055,0.2731159999999999
2033,-0.0035833788,-0.6937185,1.167751256,0.996734
2034,-0.0035824188000000002,-0.6937185,1.175791457,2.363568
2035,-0.0035814588000000003,-0.7339195,1.167751256,3.891206
2036,-0.0035804988000000004,-0.6937185,1.159711055,5.057035
2037,-0.0035795388000000004,-0.6736179999999999,1.159711055,5.619849
2038,-0.0035785788,-0.6937185,1.159711055,5.217839
2039,-0.0035776188,-0.6937185,1.159711055,4.05201
2040,-0.0035766588,-0.713819,1.159711055,2.5243719999999996
2041,-0.0035756988000000003,-0.6937185,1.159711055,1.0771359999999999
2042,-0.0035747388000000003,-0.6937185,1.159711055,0.23291499999999976
2043,-0.0035737788000000004,-0.6937185,1.143630653,0.31331700000000007
2044,-0.0035728188000000004,-0.6937185,1.151670854,1.318342
2045,-0.0035718588,-0.6937185,1.159711055,2.805779
2046,-0.0035708988,-0.6937185,1.143630653,4.373618
2047,-0.0035699388,-0.6937185,1.151670854,5.378643
2048,-0.0035689788000000003,-0.6937185,1.151670854,5.579648
2049,-0.0035680188000000003,-0.713819,1.151670854,4.85603
2050,-0.0035670588000000004,-0.6937185,1.159711055,3.448995
2051,-0.0035660988000000005,-0.6937185,1.159711055,1.8811559999999998
2052,-0.0035651388,-0.713819,1.159711055,0.634925
2053,-0.0035641788,-0.6937185,1.159711055,0.1525129999999999
2054,-0.0035632188,-0.6736179999999999,1.159711055,0.514322
2055,-0.0035622588000000003,-0.713819,1.159711055,1.7203519999999999
2056,-0.0035612988000000003,-0.6937185,1.167751256,3.167588
2057,-0.0035603388000000004,-0.713819,1.175791457,4.655025
2058,-0.0035593788000000005,-0.6937185,1.167751256,5.459045
2059,-0.0035584188,-0.6937185,1.175791457,5.539447
2060,-0.0035574588,-0.6937185,1.167751256,4.775628
2061,-0.0035564988000000002,-0.6736179999999999,1.159711055,3.448995
2062,-0.0035555388000000003,-0.6937185,1.151670854,1.840955
2063,-0.0035545788000000004,-0.713819,1.159711055,0.7153269999999998
2064,-0.0035536188000000004,-0.6736179999999999,1.151670854,0.19271400000000005
2065,-0.0035526588000000005,-0.6937185,1.151670854,0.5545229999999997
2066,-0.0035516988,-0.6937185,1.159711055,1.680151
2067,-0.0035507388,-0.6736179999999999,1.159711055,3.167588
2068,-0.0035497788000000002,-0.6937185,1.159711055,4.534422
2069,-0.0035488188000000003,-0.6937185,1.159711055,5.499245999999999
2070,-0.0035478588000000004,-0.6937185,1.159711055,5.539447
2071,-0.0035468988000000004,-0.6736179999999999,1.159711055,4.695226
2072,-0.0035459388,-0.6736179999999999,1.167751256,3.288191
2073,-0.0035449788,-0.6937185,1.159711055,1.800754
2074,-0.0035440188,-0.6937185,1.159711055,0.634925
2075,-0.0035430588000000002,-0.713819,1.159711055,0.11231199999999975
2076,-0.0035420988000000003,-0.6937185,1.167751256,0.5545229999999997
2077,-0.0035411388000000004,-0.6937185,1.159711055,1.921357
2078,-0.0035401788000000004,-0.6937185,1.159711055,3.3685929999999997
2079,-0.0035392188,-0.6736179999999999,1.167751256,4.775628
2080,-0.0035382588,-0.6937185,1.167751256,5.539447
2081,-0.0035372988,-0.6736179999999999,1.167751256,5.459045
2082,-0.0035363388000000003,-0.6937185,1.159711055,4.45402
2083,-0.0035353788000000003,-0.6937185,1.167751256,3.1273869999999997
2084,-0.0035344188000000004,-0.713819,1.167751256,1.559548
2085,-0.0035334588000000004,-0.6937185,1.159711055,0.4741209999999998
2086,-0.0035324988,-0.6937185,1.159711055,0.19271400000000005
2087,-0.0035315388,-0.6736179999999999,1.151670854,0.755528
2088,-0.0035305788,-0.6937185,1.151670854,2.04196
2089,-0.0035296188000000003,-0.6937185,1.143630653,3.6097989999999998
2090,-0.0035286588000000003,-0.6736179999999999,1.151670854,4.936432
2091,-0.0035276988000000004,-0.6937185,1.151670854,5.579648
2092,-0.0035267388000000005,-0.713819,1.151670854,5.338442
2093,-0.0035257788,-0.6937185,1.151670854,4.2530149999999995
2094,-0.0035248188,-0.6736179999999999,1.159711055,2.725377
2095,-0.0035238588,-0.6736179999999999,1.151670854,1.1977389999999999
2096,-0.0035228988000000003,-0.6937185,1.159711055,0.31331700000000007
2097,-0.0035219388000000003,-0.6937185,1.159711055,0.23291499999999976
2098,-0.0035209788000000004,-0.6736179999999999,1.167751256,1.117337
2099,-0.0035200188000000005,-0.6736179999999999,1.167751256,2.5243719999999996
2100,-0.0035190588,-0.6937185,1.167751256,4.05201
2101,-0.0035180988,-0.6736179999999999,1.159711055,5.217839
2102,-0.0035171388000000002,-0.6736179999999999,1.167751256,5.579648
2103,-0.0035161788000000003,-0.6736179999999999,1.167751256,5.137437
2104,-0.0035152188000000003,-0.6937185,1.159711055,4.0118089999999995
2105,-0.0035142588000000004,-0.6736179999999999,1.167751256,2.484171
2106,-0.0035132988000000005,-0.6937185,1.159711055,1.117337
2107,-0.0035123388,-0.6937185,1.159711055,0.31331700000000007
2108,-0.0035113788,-0.6736179999999999,1.151670854,0.2731159999999999
2109,-0.0035104188000000002,-0.6736179999999999,1.159711055,1.0771359999999999
2110,-0.0035094588000000003,-0.6535175,1.151670854,2.44397
2111,-0.0035084988000000004,-0.6937185,1.167751256,3.931407
2112,-0.0035075388000000004,-0.6736179999999999,1.151670854,5.137437
2113,-0.0035065788000000005,-0.6736179999999999,1.159711055,5.579648
2114,-0.0035056188,-0.6736179999999999,1.151670854,5.137437
2115,-0.0035046588,-0.6535175,1.151670854,4.05201
2116,-0.0035036988000000002,-0.6535175,1.159711055,2.44397
2117,-0.0035027388000000003,-0.6937185,1.159711055,0.996734
2118,-0.0035017788000000004,-0.6937185,1.159711055,0.2731159999999999
2119,-0.0035008188000000004,-0.6736179999999999,1.159711055,0.4339200000000001
2120,-0.0034998588,-0.6535175,1.151670854,1.559548
2121,-0.0034988988,-0.6535175,1.167751256,3.207789
2122,-0.0034979388,-0.6937185,1.151670854,4.735427
2123,-0.0034969788000000003,-0.6937185,1.159711055,5.579648
2124,-0.0034960188000000003,-0.6736179999999999,1.151670854,5.378643
2125,-0.0034950588000000004,-0.6535175,1.167751256,4.2530149999999995
2126,-0.0034940988000000004,-0.6736179999999999,1.159711055,2.604774
2127,-0.0034931388,-0.6535175,1.159711055,1.0771359999999999
2128,-0.0034921788,-0.6937185,1.151670854,0.23291499999999976
2129,-0.0034912188,-0.6736179999999999,1.167751256,0.39371899999999993
2130,-0.0034902588000000003,-0.633417,1.159711055,1.438945
2131,-0.0034892988000000003,-0.6937185,1.159711055,3.087186
2132,-0.0034883388000000004,-0.6736179999999999,1.159711055,4.614824
2133,-0.0034873788000000005,-0.6535175,1.159711055,5.539447
2134,-0.0034864188,-0.6736179999999999,1.167751256,5.499245999999999
2135,-0.0034854588,-0.6736179999999999,1.151670854,4.534422
2136,-0.0034844988,-0.6535175,1.159711055,3.087186
2137,-0.0034835388000000003,-0.6937185,1.159711055,1.479146
2138,-0.0034825788000000003,-0.6535175,1.159711055,0.4741209999999998
2139,-0.0034816188000000004,-0.6736179999999999,1.151670854,0.19271400000000005
2140,-0.0034806588000000005,-0.6736179999999999,1.143630653,0.7957289999999997
2141,-0.0034796988,-0.6736179999999999,1.151670854,2.04196
2142,-0.0034787388,-0.6937185,1.159711055,3.569598
2143,-0.0034777788000000002,-0.6535175,1.159711055,4.815829
2144,-0.0034768188000000003,-0.6736179999999999,1.167751256,5.579648
2145,-0.0034758588000000003,-0.6937185,1.167751256,5.459045
2146,-0.0034748988000000004,-0.6736179999999999,1.159711055,4.534422
2147,-0.0034739388000000005,-0.6535175,1.167751256,3.046985
2148,-0.0034729788,-0.6736179999999999,1.159711055,1.6399499999999998
2149,-0.0034720188,-0.6937185,1.167751256,0.5545229999999997
2150,-0.0034710588000000002,-0.6535175,1.167751256,0.23291499999999976
2151,-0.0034700988000000003,-0.6535175,1.159711055,0.7153269999999998
2152,-0.0034691388000000004,-0.6535175,1.167751256,2.001759
2153,-0.0034681788000000004,-0.6937185,1.159711055,3.6097989999999998
2154,-0.0034672188000000005,-0.6535175,1.159711055,4.896231
2155,-0.0034662588,-0.6736179999999999,1.159711055,5.579648
2156,-0.0034652988,-0.6535175,1.159711055,5.298241
2157,-0.0034643388000000002,-0.6535175,1.151670854,4.172613
2158,-0.0034633788000000003,-0.6736179999999999,1.151670854,2.5243719999999996
2159,-0.0034624188000000004,-0.6736179999999999,1.159711055,0.996734
2160,-0.0034614588000000004,-0.633417,1.159711055,0.2731159999999999
2161,-0.0034604988000000005,-0.6535175,1.151670854,0.4741209999999998
2162,-0.0034595388,-0.6736179999999999,1.151670854,1.6399499999999998
2163,-0.0034585788,-0.6736179999999999,1.143630653,3.3685929999999997
2164,-0.0034576188000000002,-0.6736179999999999,1.143630653,4.85603
2165,-0.0034566588000000003,-0.6736179999999999,1.151670854,5.619849
2166,-0.0034556988000000004,-0.6736179999999999,1.151670854,5.217839
2167,-0.0034547388000000004,-0.6937185,1.159711055,3.810804
2168,-0.0034537788,-0.6736179999999999,1.167751256,2.082161
2169,-0.0034528188,-0.6736179999999999,1.159711055,0.634925
2170,-0.0034518588,-0.633417,1.167751256,0.19271400000000005
2171,-0.0034508988000000003,-0.6535175,1.167751256,0.8359299999999998
2172,-0.0034499388000000003,-0.6736179999999999,1.159711055,2.363568
2173,-0.0034489788000000004,-0.6535175,1.159711055,4.1324119999999995
2174,-0.0034480188000000004,-0.6736179999999999,1.151670854,5.338442
2175,-0.0034470588,-0.6736179999999999,1.175791457,5.619849
2176,-0.0034460988,-0.6535175,1.159711055,4.574623
2177,-0.0034451388,-0.6535175,1.151670854,2.966583
2178,-0.0034441788000000003,-0.6535175,1.159711055,1.2781409999999997
2179,-0.0034432188000000003,-0.6736179999999999,1.151670854,0.2731159999999999
2180,-0.0034422588000000004,-0.6535175,1.159711055,0.2731159999999999
2181,-0.0034412988000000005,-0.6535175,1.151670854,1.23794
2182,-0.0034403388,-0.6535175,1.159711055,2.926382
2183,-0.0034393788,-0.6736179999999999,1.151670854,4.574623
2184,-0.0034384188,-0.6736179999999999,1.151670854,5.539447
2185,-0.0034374588000000003,-0.6736179999999999,1.151670854,5.459045
2186,-0.0034364988000000003,-0.6937185,1.159711055,4.373618
2187,-0.0034355388000000004,-0.6535175,1.159711055,2.84598
2188,-0.0034345788000000005,-0.6736179999999999,1.167751256,1.358543
2189,-0.0034336188,-0.6736179999999999,1.159711055,0.3535179999999998
2190,-0.0034326588,-0.6736179999999999,1.159711055,0.2731159999999999
2191,-0.0034316988000000002,-0.6736179999999999,1.159711055,1.0369349999999997
2192,-0.0034307388000000003,-0.6535175,1.159711055,2.44397
2193,-0.0034297788000000004,-0.6535175,1.167751256,4.05201
2194,-0.0034288188000000004,-0.6937185,1.159711055,5.217839
2195,-0.0034278588000000005,-0.6736179999999999,1.167751256,5.579648
2196,-0.0034268988,-0.633417,1.175791457,4.976633
2197,-0.0034259388,-0.6736179999999999,1.159711055,3.7304019999999998
2198,-0.0034249788000000002,-0.6736179999999999,1.167751256,2.04196
2199,-0.0034240188000000003,-0.6736179999999999,1.167751256,0.7957289999999997
2200,-0.0034230588000000004,-0.6736179999999999,1.143630653,0.1525129999999999
2201,-0.0034220988000000004,-0.6535175,1.159711055,0.5545229999999997
2202,-0.0034211388000000005,-0.6937185,1.159711055,1.8811559999999998
2203,-0.0034201788,-0.633417,1.159711055,3.569598
2204,-0.0034192188,-0.6535175,1.143630653,5.016834
2205,-0.0034182588000000002,-0.6736179999999999,1.159711055,5.619849
2206,-0.0034172988000000003,-0.6535175,1.151670854,5.057035
2207,-0.0034163388000000004,-0.6535175,1.159711055,3.65
2208,-0.0034153788000000004,-0.6736179999999999,1.159711055,1.8811559999999998
2209,-0.0034144188,-0.6736179999999999,1.151670854,0.514322
2210,-0.0034134588,-0.6535175,1.159711055,0.23291499999999976
2211,-0.0034124988,-0.6535175,1.167751256,1.0369349999999997
2212,-0.0034115388000000003,-0.633417,1.159711055,2.725377
2213,-0.0034105788000000003,-0.6535175,1.159711055,4.413819
2214,-0.0034096188000000004,-0.633417,1.167751256,5.499245999999999
2215,-0.0034086588000000004,-0.6535175,1.167751256,5.378643
2216,-0.0034076988,-0.6535175,1.175791457,4.172613
2217,-0.0034067388,-0.6535175,1.167751256,2.44397
2218,-0.0034057788,-0.6535175,1.159711055,0.8359299999999998
2219,-0.0034048188000000003,-0.6535175,1.159711055,0.1525129999999999
2220,-0.0034038588000000003,-0.6535175,1.159711055,0.634925
2221,-0.0034028988000000004,-0.6736179999999999,1.159711055,2.122362
2222,-0.0034019388000000005,-0.6736179999999999,1.159711055,3.971608
2223,-0.0034009788,-0.6736179999999999,1.151670854,5.217839
2224,-0.0034000188,-0.6535175,1.151670854,5.579648
2225,-0.0033990588,-0.6535175,1.143630653,4.735427
2226,-0.0033980988000000003,-0.6535175,1.159711055,3.207789
2227,-0.0033971388000000003,-0.6736179999999999,1.143630653,1.479146
2228,-0.0033961788000000004,-0.6736179999999999,1.167751256,0.3535179999999998
2229,-0.0033952188000000005,-0.6535175,1.151670854,0.23291499999999976
2230,-0.0033942588,-0.6736179999999999,1.167751256,1.117337
2231,-0.0033932988,-0.6535175,1.167751256,2.725377
2232,-0.0033923388000000002,-0.6736179999999999,1.159711055,4.413819
2233,-0.0033913788000000003,-0.6535175,1.175791457,5.378643
2234,-0.0033904188000000004,-0.6535175,1.175791457,5.499245999999999
2235,-0.0033894588000000004,-0.633417,1.159711055,4.614824
2236,-0.0033884988000000005,-0.6535175,1.159711055,3.1273869999999997
2237,-0.0033875388,-0.6535175,1.167751256,1.5193469999999998
2238,-0.0033865788,-0.6535175,1.159711055,0.39371899999999993
2239,-0.0033856188000000002,-0.633417,1.167751256,0.1525129999999999
2240,-0.0033846588000000003,-0.6535175,1.159711055,0.9565329999999999
2241,-0.0033836988000000004,-0.633417,1.159711055,2.323367
2242,-0.0033827388000000004,-0.6535175,1.159711055,3.931407
2243,-0.0033817788000000005,-0.633417,1.159711055,5.177638
2244,-0.0033808188,-0.6535175,1.151670854,5.579648
2245,-0.0033798588,-0.6535175,1.151670854,5.137437
2246,-0.0033788988000000002,-0.633417,1.159711055,3.891206
2247,-0.0033779388000000003,-0.6535175,1.151670854,2.323367
2248,-0.0033769788000000004,-0.633417,1.167751256,0.8359299999999998
2249,-0.0033760188000000004,-0.6736179999999999,1.151670854,0.19271400000000005
2250,-0.0033750588000000005,-0.6736179999999999,1.159711055,0.514322
2251,-0.0033740988,-0.6736179999999999,1.151670854,1.6399499999999998
2252,-0.0033731388,-0.633417,1.159711055,3.2479899999999997
2253,-0.0033721788000000003,-0.6736179999999999,1.167751256,4.85603
2254,-0.0033712188000000003,-0.6535175,1.167751256,5.579648
2255,-0.0033702588000000004,-0.6535175,1.167751256,5.298241
2256,-0.0033692988000000004,-0.6736179999999999,1.159711055,4.092211
2257,-0.0033683388,-0.633417,1.159711055,2.44397
2258,-0.0033673788,-0.6535175,1.175791457,0.8359299999999998
2259,-0.0033664188,-0.6535175,1.159711055,0.19271400000000005
2260,-0.0033654588000000003,-0.6535175,1.159711055,0.5947239999999998
2261,-0.0033644988000000003,-0.633417,1.159711055,2.04196
2262,-0.0033635388000000004,-0.6535175,1.151670854,3.770603
2263,-0.0033625788000000005,-0.633417,1.167751256,5.177638
2264,-0.0033616188,-0.6736179999999999,1.159711055,5.619849
2265,-0.0033606588,-0.6535175,1.151670854,4.896231
2266,-0.0033596988,-0.6535175,1.143630653,3.328392
2267,-0.0033587388000000003,-0.6535175,1.151670854,1.559548
2268,-0.0033577788000000003,-0.633417,1.151670854,0.4339200000000001
2269,-0.0033568188000000004,-0.6535175,1.151670854,0.23291499999999976
2270,-0.0033558588000000005,-0.6736179999999999,1.143630653,1.0771359999999999
2271,-0.0033548988,-0.6535175,1.159711055,2.6449749999999996
2272,-0.0033539388,-0.6535175,1.151670854,4.293216
2273,-0.0033529788000000002,-0.633417,1.143630653,5.378643
2274,-0.0033520188000000003,-0.6133164999999999,1.151670854,5.539447
2275,-0.0033510588000000003,-0.6736179999999999,1.167751256,4.815829
2276,-0.0033500988000000004,-0.6535175,1.159711055,3.3685929999999997
2277,-0.0033491388000000005,-0.633417,1.167751256,1.800754
2278,-0.0033481788,-0.633417,1.159711055,0.514322
2279,-0.0033472188,-0.633417,1.159711055,0.19271400000000005
2280,-0.0033462588000000002,-0.633417,1.159711055,0.6751259999999997
2281,-0.0033452988000000003,-0.6535175,1.159711055,1.8811559999999998
2282,-0.0033443388000000004,-0.6535175,1.167751256,3.4891959999999997
2283,-0.0033433788000000004,-0.633417,1.167751256,4.85603
2284,-0.0033424188000000005,-0.6133164999999999,1.143630653,5.619849
2285,-0.0033414588,-0.633417,1.159711055,5.298241
2286,-0.0033404988,-0.6535175,1.167751256,4.212814
2287,-0.0033395388000000002,-0.6535175,1.159711055,2.685176
2288,-0.0033385788000000003,-0.633417,1.159711055,1.1575379999999997
2289,-0.0033376188000000004,-0.6535175,1.143630653,0.2731159999999999
2290,-0.0033366588000000004,-0.6535175,1.143630653,0.31331700000000007
2291,-0.0033356988000000005,-0.6535175,1.151670854,1.358543
2292,-0.0033347388,-0.6535175,1.159711055,2.926382
2293,-0.0033337788,-0.633417,1.151670854,4.494221
2294,-0.0033328188000000003,-0.6535175,1.151670854,5.499245999999999
2295,-0.0033318588000000003,-0.633417,1.151670854,5.499245999999999
2296,-0.0033308988000000004,-0.633417,1.159711055,4.45402
2297,-0.0033299388000000004,-0.633417,1.159711055,2.7655779999999996
2298,-0.0033289788000000005,-0.633417,1.159711055,1.117337
2299,-0.0033280188,-0.6736179999999999,1.167751256,0.23291499999999976
2300,-0.0033270588,-0.6736179999999999,1.167751256,0.39371899999999993
2301,-0.0033260988000000003,-0.633417,1.159711055,1.479146
2302,-0.0033251388000000003,-0.633417,1.159711055,3.2479899999999997
2303,-0.0033241788000000004,-0.6535175,1.167751256,4.815829
2304,-0.0033232188000000005,-0.6535175,1.167751256,5.539447
2305,-0.0033222588,-0.633417,1.167751256,5.338442
2306,-0.0033212988,-0.6133164999999999,1.159711055,4.212814
2307,-0.0033203388,-0.6133164999999999,1.167751256,2.484171
2308,-0.0033193788000000003,-0.6133164999999999,1.159711055,1.0771359999999999
2309,-0.0033184188000000003,-0.633417,1.151670854,0.19271400000000005
2310,-0.0033174588000000004,-0.633417,1.151670854,0.39371899999999993
2311,-0.0033164988000000005,-0.633417,1.151670854,1.599749
2312,-0.0033155388,-0.633417,1.159711055,3.288191
2313,-0.0033145788,-0.6133164999999999,1.151670854,4.815829
2314,-0.0033136188000000002,-0.6535175,1.159711055,5.539447
2315,-0.0033126588000000003,-0.633417,1.151670854,5.418844
2316,-0.0033116988000000003,-0.633417,1.151670854,4.212814
2317,-0.0033107388000000004,-0.633417,1.159711055,2.604774
2318,-0.0033097788000000005,-0.633417,1.167751256,1.117337
2319,-0.0033088188,-0.6535175,1.159711055,0.23291499999999976
2320,-0.0033078588,-0.633417,1.167751256,0.3535179999999998
2321,-0.0033068988000000002,-0.6133164999999999,1.159711055,1.3987439999999998
2322,-0.0033059388000000003,-0.633417,1.175791457,2.966583
2323,-0.0033049788000000004,-0.633417,1.167751256,4.494221
2324,-0.0033040188000000004,-0.6133164999999999,1.167751256,5.378643
2325,-0.0033030588000000005,-0.633417,1.159711055,5.459045
2326,-0.0033020988,-0.633417,1.159711055,4.614824
2327,-0.0033011388,-0.633417,1.151670854,3.1273869999999997
2328,-0.0033001788000000002,-0.633417,1.159711055,1.559548
2329,-0.0032992188000000003,-0.6133164999999999,1.159711055,0.39371899999999993
2330,-0.0032982588000000004,-0.633417,1.151670854,0.19271400000000005
2331,-0.0032972988000000004,-0.633417,1.151670854,0.996734
2332,-0.0032963388000000005,-0.633417,1.151670854,2.4037689999999996
2333,-0.0032953788,-0.6133164999999999,1.143630653,4.05201
2334,-0.0032944188,-0.6133164999999999,1.151670854,5.217839
2335,-0.0032934588000000002,-0.633417,1.159711055,5.579648
2336,-0.0032924988000000003,-0.633417,1.159711055,4.936432
2337,-0.0032915388000000004,-0.633417,1.151670854,3.529397
2338,-0.0032905788000000004,-0.633417,1.159711055,1.8811559999999998
2339,-0.0032896188000000005,-0.6133164999999999,1.159711055,0.5545229999999997
2340,-0.0032886588,-0.633417,1.159711055,0.19271400000000005
2341,-0.0032876988,-0.633417,1.151670854,0.876131
2342,-0.0032867388000000003,-0.6133164999999999,1.159711055,2.44397
2343,-0.0032857788000000003,-0.6133164999999999,1.159711055,4.05201
2344,-0.0032848188000000004,-0.633417,1.175791457,5.298241
2345,-0.0032838588000000004,-0.6133164999999999,1.167751256,5.579648
2346,-0.0032828988,-0.633417,1.159711055,4.775628
2347,-0.0032819388,-0.633417,1.159711055,3.2479899999999997
2348,-0.0032809788,-0.6133164999999999,1.159711055,1.559548
2349,-0.0032800188000000003,-0.6133164999999999,1.151670854,0.4741209999999998
2350,-0.0032790588000000003,-0.593216,1.159711055,0.19271400000000005
2351,-0.0032780988000000004,-0.633417,1.151670854,0.9565329999999999
2352,-0.0032771388000000005,-0.6133164999999999,1.151670854,2.484171
2353,-0.0032761788,-0.633417,1.151670854,4.1324119999999995
2354,-0.0032752188,-0.6133164999999999,1.151670854,5.217839
2355,-0.0032742588,-0.633417,1.151670854,5.619849
2356,-0.0032732988000000003,-0.633417,1.159711055,5.016834
2357,-0.0032723388000000003,-0.633417,1.151670854,3.6097989999999998
2358,-0.0032713788000000004,-0.633417,1.151670854,2.122362
2359,-0.0032704188000000005,-0.633417,1.151670854,0.7957289999999997
2360,-0.0032694588,-0.633417,1.167751256,0.23291499999999976
2361,-0.0032684988,-0.633417,1.159711055,0.4741209999999998
2362,-0.0032675388000000002,-0.6133164999999999,1.151670854,1.559548
2363,-0.0032665788000000003,-0.6535175,1.167751256,3.0067839999999997
2364,-0.0032656188000000004,-0.633417,1.151670854,4.494221
2365,-0.0032646588000000004,-0.633417,1.159711055,5.459045
2366,-0.0032636988000000005,-0.6133164999999999,1.159711055,5.499245999999999
2367,-0.0032627388,-0.6133164999999999,1.167751256,4.655025
2368,-0.0032617788,-0.6133164999999999,1.159711055,3.288191
2369,-0.0032608188000000002,-0.6133164999999999,1.175791457,1.7203519999999999
2370,-0.0032598588000000003,-0.633417,1.159711055,0.514322
2371,-0.0032588988000000004,-0.6133164999999999,1.159711055,0.19271400000000005
2372,-0.0032579388000000004,-0.6535175,1.151670854,0.7153269999999998
2373,-0.0032569788000000005,-0.6133164999999999,1.167751256,2.082161
2374,-0.0032560188,-0.6133164999999999,1.151670854,3.6097989999999998
2375,-0.0032550588,-0.6133164999999999,1.159711055,5.016834
2376,-0.0032540988000000002,-0.6133164999999999,1.143630653,5.579648
2377,-0.0032531388000000003,-0.6133164999999999,1.151670854,5.217839
2378,-0.0032521788000000004,-0.6133164999999999,1.159711055,4.05201
2379,-0.0032512188000000004,-0.633417,1.151670854,2.44397
2380,-0.0032502588000000005,-0.633417,1.151670854,0.876131
2381,-0.0032492988,-0.6133164999999999,1.151670854,0.1525129999999999
2382,-0.0032483388,-0.6133164999999999,1.159711055,0.514322
2383,-0.0032473788000000003,-0.6133164999999999,1.151670854,1.7203519999999999
2384,-0.0032464188000000003,-0.6133164999999999,1.159711055,3.448995
2385,-0.0032454588000000004,-0.6133164999999999,1.159711055,4.936432
2386,-0.0032444988000000004,-0.6133164999999999,1.151670854,5.579648
2387,-0.0032435388000000005,-0.6133164999999999,1.159711055,5.217839
2388,-0.0032425788,-0.6133164999999999,1.159711055,3.971608
2389,-0.0032416188,-0.593216,1.167751256,2.202764
2390,-0.0032406588000000003,-0.6133164999999999,1.159711055,0.8359299999999998
2391,-0.0032396988000000003,-0.6133164999999999,1.159711055,0.1525129999999999
2392,-0.0032387388000000004,-0.6133164999999999,1.159711055,0.6751259999999997
2393,-0.0032377788000000005,-0.6133164999999999,1.159711055,2.001759
2394,-0.0032368188,-0.593216,1.159711055,3.7304019999999998
2395,-0.0032358588,-0.593216,1.159711055,5.057035
2396,-0.0032348988,-0.6133164999999999,1.167751256,5.579648
2397,-0.0032339388000000003,-0.6133164999999999,1.151670854,5.137437
2398,-0.0032329788000000003,-0.6133164999999999,1.151670854,3.65
2399,-0.0032320188000000004,-0.6133164999999999,1.151670854,2.04196
2400,-0.0032310588000000005,-0.6133164999999999,1.143630653,0.6751259999999997
2401,-0.0032300988,-0.633417,1.151670854,0.23291499999999976
2402,-0.0032291388,-0.633417,1.151670854,0.634925
2403,-0.0032281788000000002,-0.633417,1.143630653,1.7605529999999998
2404,-0.0032272188000000003,-0.633417,1.151670854,3.3685929999999997
2405,-0.0032262588000000003,-0.6133164999999999,1.159711055,4.695226
2406,-0.0032252988000000004,-0.593216,1.159711055,5.499245999999999
2407,-0.0032243388000000005,-0.6133164999999999,1.159711055,5.499245999999999
2408,-0.0032233788,-0.6133164999999999,1.159711055,4.695226
2409,-0.0032224188,-0.593216,1.151670854,3.3685929999999997
2410,-0.0032214588000000002,-0.6133164999999999,1.159711055,1.961558
2411,-0.0032204988000000003,-0.6535175,1.159711055,0.7957289999999997
2412,-0.0032195388000000004,-0.633417,1.159711055,0.19271400000000005
2413,-0.0032185788000000004,-0.6133164999999999,1.159711055,0.39371899999999993
2414,-0.0032176188000000005,-0.633417,1.159711055,1.2781409999999997
2415,-0.0032166588,-0.6133164999999999,1.159711055,2.685176
2416,-0.0032156988,-0.6133164999999999,1.151670854,4.172613
2417,-0.0032147388000000002,-0.593216,1.159711055,5.258039999999999
2418,-0.0032137788000000003,-0.633417,1.159711055,5.619849
2419,-0.0032128188000000004,-0.6133164999999999,1.151670854,5.097236
2420,-0.0032118588000000004,-0.6133164999999999,1.151670854,3.851005
2421,-0.0032108988000000005,-0.6133164999999999,1.151670854,2.1625629999999996
2422,-0.0032099388,-0.593216,1.151670854,0.876131
2423,-0.0032089788,-0.6133164999999999,1.135590452,0.1525129999999999
2424,-0.0032080188000000003,-0.6133164999999999,1.159711055,0.4741209999999998
2425,-0.0032070588000000003,-0.6133164999999999,1.151670854,1.7203519999999999
2426,-0.0032060988000000004,-0.6133164999999999,1.151670854,3.529397
2427,-0.0032051388000000004,-0.6133164999999999,1.151670854,4.976633
2428,-0.0032041788000000005,-0.6133164999999999,1.143630653,5.579648
2429,-0.0032032188,-0.6133164999999999,1.167751256,5.057035
2430,-0.0032022588,-0.633417,1.151670854,3.6097989999999998
2431,-0.0032012988000000003,-0.6133164999999999,1.159711055,1.840955
2432,-0.0032003388000000003,-0.6133164999999999,1.159711055,0.4741209999999998
2433,-0.0031993788000000004,-0.593216,1.159711055,0.2731159999999999
2434,-0.0031984188000000005,-0.6133164999999999,1.167751256,1.1575379999999997
2435,-0.0031974588,-0.6133164999999999,1.167751256,2.84598
2436,-0.0031964988,-0.593216,1.167751256,4.534422
2437,-0.0031955388,-0.6133164999999999,1.167751256,5.499245999999999
2438,-0.0031945788000000003,-0.6133164999999999,1.151670854,5.418844
2439,-0.0031936188000000003,-0.6133164999999999,1.143630653,4.293216
2440,-0.0031926588000000004,-0.593216,1.159711055,2.604774
2441,-0.0031916988000000005,-0.6133164999999999,1.151670854,0.996734
2442,-0.0031907388,-0.593216,1.151670854,0.1525129999999999
2443,-0.0031897788,-0.593216,1.151670854,0.39371899999999993
2444,-0.0031888188000000002,-0.5731155,1.143630653,1.599749
2445,-0.0031878588000000003,-0.5731155,1.135590452,3.207789
2446,-0.0031868988000000003,-0.6133164999999999,1.151670854,4.735427
2447,-0.0031859388000000004,-0.6133164999999999,1.151670854,5.539447
2448,-0.0031849788000000005,-0.6133164999999999,1.151670854,5.499245999999999
2449,-0.0031840188,-0.593216,1.151670854,4.373618
2450,-0.0031830588,-0.6133164999999999,1.159711055,2.8861809999999997
2451,-0.0031820988000000002,-0.6133164999999999,1.159711055,1.479146
2452,-0.0031811388000000003,-0.6133164999999999,1.167751256,0.4339200000000001
2453,-0.0031801788000000004,-0.593216,1.159711055,0.1525129999999999
2454,-0.0031792188000000004,-0.633417,1.159711055,0.7153269999999998
2455,-0.0031782588000000005,-0.593216,1.159711055,2.001759
2456,-0.0031772988,-0.6133164999999999,1.159711055,3.529397
2457,-0.0031763388,-0.6133164999999999,1.159711055,4.775628
2458,-0.0031753788000000002,-0.633417,1.159711055,5.539447
2459,-0.0031744188000000003,-0.593216,1.159711055,5.499245999999999
2460,-0.0031734588000000004,-0.5731155,1.167751256,4.735427
2461,-0.0031724988000000004,-0.593216,1.167751256,3.3685929999999997
2462,-0.0031715388000000005,-0.593216,1.159711055,1.8811559999999998
2463,-0.0031705788,-0.6133164999999999,1.143630653,0.6751259999999997
2464,-0.0031696188,-0.6133164999999999,1.151670854,0.23291499999999976
2465,-0.0031686588000000003,-0.5731155,1.159711055,0.514322
2466,-0.0031676988000000003,-0.6133164999999999,1.159711055,1.599749
2467,-0.0031667388000000004,-0.6133164999999999,1.143630653,3.087186
2468,-0.0031657788000000004,-0.6133164999999999,1.143630653,4.574623
2469,-0.0031648188000000005,-0.5731155,1.143630653,5.418844
2470,-0.0031638588,-0.593216,1.143630653,5.539447
2471,-0.0031628988,-0.593216,1.143630653,4.655025
2472,-0.0031619388000000003,-0.6133164999999999,1.143630653,3.2479899999999997
2473,-0.0031609788000000003,-0.593216,1.151670854,1.559548
2474,-0.0031600188000000004,-0.593216,1.159711055,0.4741209999999998
2475,-0.0031590588000000005,-0.5731155,1.159711055,0.1525129999999999
2476,-0.0031580988000000005,-0.6133164999999999,1.151670854,0.9565329999999999
2477,-0.0031571388,-0.593216,1.159711055,2.484171
2478,-0.0031561788,-0.5731155,1.167751256,4.172613
2479,-0.0031552188000000003,-0.6133164999999999,1.159711055,5.338442
2480,-0.0031542588000000003,-0.593216,1.167751256,5.579648
2481,-0.0031532988000000004,-0.6133164999999999,1.151670854,4.614824
2482,-0.0031523388000000005,-0.6133164999999999,1.159711055,3.087186
2483,-0.0031513788,-0.5731155,1.167751256,1.318342
2484,-0.0031504188,-0.593216,1.159711055,0.3535179999999998
2485,-0.0031494588000000002,-0.593216,1.151670854,0.31331700000000007
2486,-0.0031484988000000003,-0.6133164999999999,1.151670854,1.358543
2487,-0.0031475388000000003,-0.6133164999999999,1.151670854,2.966583
2488,-0.0031465788000000004,-0.593216,1.151670854,4.534422
2489,-0.0031456188000000005,-0.593216,1.151670854,5.499245999999999
2490,-0.0031446588,-0.5731155,1.143630653,5.459045
2491,-0.0031436988,-0.593216,1.143630653,4.45402
2492,-0.0031427388000000002,-0.593216,1.143630653,2.966583
2493,-0.0031417788000000003,-0.5731155,1.143630653,1.438945
2494,-0.0031408188000000004,-0.5731155,1.151670854,0.4339200000000001
2495,-0.0031398588000000004,-0.593216,1.159711055,0.1525129999999999
2496,-0.0031388988000000005,-0.593216,1.159711055,0.876131
2497,-0.0031379388,-0.593216,1.159711055,2.202764
2498,-0.0031369788,-0.5731155,1.159711055,3.65
2499,-0.0031360188000000002,-0.5731155,1.151670854,4.896231
2500,-0.0031350588000000003,-0.5731155,1.159711055,5.579648
2501,-0.0031340988000000004,-0.5731155,1.159711055,5.418844
2502,-0.0031331388000000004,-0.593216,1.159711055,4.614824
2503,-0.0031321788000000005,-0.5731155,1.167751256,3.2479899999999997
2504,-0.0031312188,-0.593216,1.151670854,1.800754
2505,-0.0031302588,-0.593216,1.159711055,0.7957289999999997
2506,-0.0031292988000000002,-0.593216,1.159711055,0.19271400000000005
2507,-0.0031283388000000003,-0.6133164999999999,1.159711055,0.31331700000000007
2508,-0.0031273788000000004,-0.593216,1.151670854,1.1977389999999999
2509,-0.0031264188000000004,-0.5731155,1.143630653,2.44397
2510,-0.0031254588000000005,-0.593216,1.159711055,3.931407
2511,-0.0031244988,-0.5731155,1.151670854,4.976633
2512,-0.0031235388,-0.593216,1.143630653,5.579648
2513,-0.0031225788000000003,-0.6133164999999999,1.151670854,5.338442
2514,-0.0031216188000000003,-0.593216,1.135590452,4.413819
2515,-0.0031206588000000004,-0.5731155,1.143630653,3.087186
2516,-0.0031196988000000004,-0.5731155,1.135590452,1.599749
2517,-0.0031187388000000005,-0.5530149999999999,1.143630653,0.514322
2518,-0.0031177788,-0.6133164999999999,1.135590452,0.1525129999999999
2519,-0.0031168188,-0.5731155,1.135590452,0.6751259999999997
2520,-0.0031158588000000003,-0.6133164999999999,1.151670854,1.800754
2521,-0.0031148988000000003,-0.593216,1.151670854,3.328392
2522,-0.0031139388000000004,-0.593216,1.151670854,4.735427
2523,-0.0031129788000000005,-0.593216,1.159711055,5.539447
2524,-0.0031120188000000005,-0.593216,1.159711055,5.418844
2525,-0.0031110588,-0.5731155,1.143630653,4.373618
2526,-0.0031100988,-0.5731155,1.159711055,2.84598
2527,-0.0031091388000000003,-0.593216,1.159711055,1.318342
2528,-0.0031081788000000003,-0.593216,1.159711055,0.31331700000000007
2529,-0.0031072188000000004,-0.593216,1.159711055,0.2731159999999999
2530,-0.0031062588000000005,-0.5530149999999999,1.151670854,1.117337
2531,-0.0031052988,-0.593216,1.159711055,2.44397
2532,-0.0031043388,-0.593216,1.159711055,4.05201
2533,-0.0031033788000000002,-0.5731155,1.143630653,5.298241
2534,-0.0031024188000000003,-0.5731155,1.151670854,5.579648
2535,-0.0031014588000000004,-0.5731155,1.159711055,5.016834
2536,-0.0031004988000000004,-0.5731155,1.151670854,3.770603
2537,-0.0030995388000000005,-0.593216,1.151670854,2.1625629999999996
2538,-0.0030985788,-0.593216,1.143630653,0.876131
2539,-0.0030976188,-0.6133164999999999,1.151670854,0.23291499999999976
2540,-0.0030966588000000002,-0.593216,1.143630653,0.3535179999999998
2541,-0.0030956988000000003,-0.5530149999999999,1.143630653,1.358543
2542,-0.0030947388000000004,-0.5530149999999999,1.143630653,2.685176
2543,-0.0030937788000000004,-0.5530149999999999,1.151670854,4.0118089999999995
2544,-0.0030928188000000005,-0.5731155,1.143630653,5.177638
2545,-0.0030918588,-0.5731155,1.159711055,5.619849
2546,-0.0030908988,-0.5731155,1.151670854,5.258039999999999
2547,-0.0030899388000000002,-0.593216,1.159711055,4.373618
2548,-0.0030889788000000003,-0.5731155,1.159711055,3.087186
2549,-0.0030880188000000004,-0.5530149999999999,1.159711055,1.7605529999999998
2550,-0.0030870588000000004,-0.593216,1.143630653,0.6751259999999997
2551,-0.0030860988000000005,-0.5731155,1.159711055,0.19271400000000005
2552,-0.0030851388,-0.5731155,1.151670854,0.3535179999999998
2553,-0.0030841788,-0.593216,1.159711055,1.1575379999999997
2554,-0.0030832188000000003,-0.593216,1.151670854,2.2831659999999996
2555,-0.0030822588000000003,-0.593216,1.159711055,3.7304019999999998
2556,-0.0030812988000000004,-0.5731155,1.159711055,4.85603
2557,-0.0030803388000000004,-0.5530149999999999,1.143630653,5.539447
2558,-0.0030793788000000005,-0.5731155,1.167751256,5.539447
2559,-0.0030784188,-0.593216,1.143630653,4.976633
2560,-0.0030774588,-0.5329145,1.151670854,3.7304019999999998
2561,-0.0030764988000000003,-0.593216,1.159711055,2.44397
2562,-0.0030755388000000003,-0.5530149999999999,1.143630653,1.1575379999999997
2563,-0.0030745788000000004,-0.5731155,1.159711055,0.39371899999999993
2564,-0.0030736188000000005,-0.5530149999999999,1.143630653,0.1525129999999999
2565,-0.0030726588000000005,-0.6133164999999999,1.151670854,0.634925
2566,-0.0030716988,-0.593216,1.143630653,1.680151
2567,-0.0030707388,-0.593216,1.151670854,3.087186
2568,-0.0030697788000000003,-0.5530149999999999,1.143630653,4.494221
2569,-0.0030688188000000003,-0.5731155,1.143630653,5.338442
2570,-0.0030678588000000004,-0.5530149999999999,1.143630653,5.579648
2571,-0.0030668988000000005,-0.5731155,1.143630653,5.057035
2572,-0.0030659388,-0.593216,1.151670854,3.810804
2573,-0.0030649788,-0.5530149999999999,1.151670854,2.44397
2574,-0.0030640188000000002,-0.5530149999999999,1.151670854,1.0771359999999999
2575,-0.0030630588000000003,-0.5530149999999999,1.159711055,0.2731159999999999
2576,-0.0030620988000000003,-0.5731155,1.167751256,0.2731159999999999
2577,-0.0030611388000000004,-0.5731155,1.151670854,1.0369349999999997
2578,-0.0030601788000000005,-0.5731155,1.159711055,2.363568
2579,-0.0030592188,-0.5731155,1.151670854,3.891206
2580,-0.0030582588,-0.5731155,1.159711055,5.016834
2581,-0.0030572988000000002,-0.5731155,1.159711055,5.579648
2582,-0.0030563388000000003,-0.5731155,1.159711055,5.298241
2583,-0.0030553788000000004,-0.5731155,1.159711055,4.293216
2584,-0.0030544188000000004,-0.5731155,1.151670854,2.8861809999999997
2585,-0.0030534588000000005,-0.5731155,1.143630653,1.438945
2586,-0.0030524988,-0.5329145,1.151670854,0.4741209999999998
2587,-0.0030515388,-0.5530149999999999,1.143630653,0.1525129999999999
2588,-0.0030505788000000002,-0.5731155,1.151670854,0.634925
2589,-0.0030496188000000003,-0.5731155,1.143630653,1.7203519999999999
2590,-0.0030486588000000004,-0.593216,1.151670854,3.087186
2591,-0.0030476988000000004,-0.593216,1.151670854,4.373618
2592,-0.0030467388000000005,-0.593216,1.143630653,5.338442
2593,-0.0030457788,-0.5530149999999999,1.151670854,5.579648
2594,-0.0030448188,-0.593216,1.151670854,5.097236
2595,-0.0030438588000000003,-0.5530149999999999,1.143630653,4.05201
2596,-0.0030428988000000003,-0.5329145,1.143630653,2.604774
2597,-0.0030419388000000004,-0.5329145,1.151670854,1.2781409999999997
2598,-0.0030409788000000004,-0.5731155,1.151670854,0.4339200000000001
2599,-0.0030400188000000005,-0.593216,1.151670854,0.19271400000000005
2600,-0.0030390588,-0.5530149999999999,1.159711055,0.6751259999999997
2601,-0.0030380988,-0.5530149999999999,1.151670854,1.7605529999999998
2602,-0.0030371388000000003,-0.5731155,1.159711055,3.1273869999999997
2603,-0.0030361788000000003,-0.5530149999999999,1.159711055,4.45402
2604,-0.0030352188000000004,-0.593216,1.151670854,5.298241
2605,-0.0030342588000000005,-0.5731155,1.151670854,5.579648
2606,-0.0030332988000000005,-0.5731155,1.159711055,5.137437
2607,-0.0030323388,-0.5731155,1.151670854,4.05201
2608,-0.0030313788,-0.5731155,1.159711055,2.725377
2609,-0.0030304188000000003,-0.5731155,1.159711055,1.438945
2610,-0.0030294588000000003,-0.5530149999999999,1.159711055,0.4741209999999998
2611,-0.0030284988000000004,-0.5329145,1.143630653,0.19271400000000005
2612,-0.0030275388000000005,-0.5731155,1.159711055,0.634925
2613,-0.0030265788000000005,-0.5731155,1.151670854,1.800754
2614,-0.0030256188,-0.5530149999999999,1.159711055,3.167588
2615,-0.0030246588000000002,-0.5731155,1.143630653,4.413819
2616,-0.0030236988000000003,-0.5530149999999999,1.143630653,5.338442
2617,-0.0030227388000000003,-0.5329145,1.143630653,5.579648
2618,-0.0030217788000000004,-0.5731155,1.143630653,4.976633
2619,-0.0030208188000000005,-0.5731155,1.143630653,3.891206
2620,-0.0030198588,-0.5731155,1.143630653,2.44397
2621,-0.0030188988,-0.5530149999999999,1.143630653,1.1977389999999999
2622,-0.0030179388000000002,-0.5731155,1.151670854,0.31331700000000007
2623,-0.0030169788000000003,-0.5731155,1.151670854,0.19271400000000005
2624,-0.0030160188000000004,-0.5530149999999999,1.159711055,0.8359299999999998
2625,-0.0030150588000000004,-0.5530149999999999,1.143630653,2.122362
2626,-0.0030140988000000005,-0.5530149999999999,1.143630653,3.6097989999999998
2627,-0.0030131388,-0.5530149999999999,1.167751256,4.85603
2628,-0.0030121788,-0.5731155,1.151670854,5.539447
2629,-0.0030112188000000002,-0.5530149999999999,1.159711055,5.499245999999999
2630,-0.0030102588000000003,-0.5530149999999999,1.159711055,4.614824
2631,-0.0030092988000000004,-0.5329145,1.151670854,3.2479899999999997
2632,-0.0030083388000000004,-0.5530149999999999,1.151670854,1.840955
2633,-0.0030073788000000005,-0.5530149999999999,1.159711055,0.7153269999999998
2634,-0.0030064188,-0.5530149999999999,1.159711055,0.1525129999999999
2635,-0.0030054588,-0.5530149999999999,1.151670854,0.4741209999999998
2636,-0.0030044988000000003,-0.5530149999999999,1.143630653,1.3987439999999998
2637,-0.0030035388000000003,-0.5530149999999999,1.143630653,2.7655779999999996
2638,-0.0030025788000000004,-0.5530149999999999,1.151670854,4.172613
2639,-0.0030016188000000004,-0.5530149999999999,1.143630653,5.177638
2640,-0.0030006588000000005,-0.5530149999999999,1.151670854,5.619849
2641,-0.0029996988,-0.5329145,1.151670854,5.217839
2642,-0.0029987388,-0.5329145,1.151670854,4.172613
2643,-0.0029977788000000003,-0.5530149999999999,1.143630653,2.805779
2644,-0.0029968188000000003,-0.5731155,1.143630653,1.438945
2645,-0.0029958588000000004,-0.5530149999999999,1.143630653,0.5545229999999997
2646,-0.0029948988000000005,-0.5731155,1.135590452,0.1525129999999999
2647,-0.0029939388000000005,-0.5530149999999999,1.143630653,0.5947239999999998
2648,-0.0029929788,-0.5329145,1.143630653,1.680151
2649,-0.0029920188,-0.5731155,1.135590452,3.087186
2650,-0.0029910588000000003,-0.5530149999999999,1.151670854,4.45402
2651,-0.0029900988000000003,-0.5731155,1.151670854,5.298241
2652,-0.0029891388000000004,-0.5530149999999999,1.159711055,5.579648
2653,-0.0029881788000000005,-0.5731155,1.151670854,5.097236
2654,-0.0029872188000000005,-0.5530149999999999,1.143630653,4.05201
2655,-0.0029862588,-0.5530149999999999,1.159711055,2.6449749999999996
2656,-0.0029852988000000002,-0.5329145,1.143630653,1.318342
2657,-0.0029843388000000003,-0.5329145,1.159711055,0.4339200000000001
2658,-0.0029833788000000003,-0.5329145,1.159711055,0.19271400000000005
2659,-0.0029824188000000004,-0.5530149999999999,1.151670854,0.634925
2660,-0.0029814588000000005,-0.5329145,1.143630653,1.680151
2661,-0.0029804988000000005,-0.5329145,1.151670854,3.046985
2662,-0.0029795388,-0.5530149999999999,1.135590452,4.373618
2663,-0.0029785788000000002,-0.5329145,1.143630653,5.298241
2664,-0.0029776188000000003,-0.5530149999999999,1.143630653,5.579648
2665,-0.0029766588000000004,-0.5530149999999999,1.143630653,5.057035
2666,-0.0029756988000000004,-0.5530149999999999,1.143630653,4.0118089999999995
2667,-0.0029747388000000005,-0.5530149999999999,1.143630653,2.604774
2668,-0.0029737788,-0.5530149999999999,1.151670854,1.2781409999999997
2669,-0.0029728188,-0.5530149999999999,1.135590452,0.39371899999999993
2670,-0.0029718588000000002,-0.5329145,1.143630653,0.19271400000000005
2671,-0.0029708988000000003,-0.512814,1.143630653,0.6751259999999997
2672,-0.0029699388000000004,-0.5329145,1.143630653,1.7605529999999998
2673,-0.0029689788000000004,-0.5530149999999999,1.151670854,3.046985
2674,-0.0029680188000000005,-0.512814,1.151670854,4.373618
2675,-0.0029670588,-0.5530149999999999,1.143630653,5.298241
2676,-0.0029660988,-0.5530149999999999,1.143630653,5.579648
2677,-0.0029651388000000002,-0.5329145,1.143630653,5.137437
2678,-0.0029641788000000003,-0.5731155,1.143630653,4.1324119999999995
2679,-0.0029632188000000004,-0.5530149999999999,1.151670854,2.7655779999999996
2680,-0.0029622588000000004,-0.5329145,1.167751256,1.5193469999999998
2681,-0.0029612988000000005,-0.5731155,1.151670854,0.5947239999999998
2682,-0.0029603388,-0.5530149999999999,1.151670854,0.1525129999999999
2683,-0.0029593788,-0.5530149999999999,1.151670854,0.4741209999999998
2684,-0.0029584188000000003,-0.5530149999999999,1.159711055,1.358543
2685,-0.0029574588000000003,-0.5530149999999999,1.159711055,2.6449749999999996
2686,-0.0029564988000000004,-0.5530149999999999,1.151670854,3.971608
2687,-0.0029555388000000004,-0.5530149999999999,1.151670854,5.016834
2688,-0.0029545788000000005,-0.5530149999999999,1.151670854,5.619849
2689,-0.0029536188,-0.5329145,1.143630653,5.378643
2690,-0.0029526588,-0.5329145,1.143630653,4.534422
2691,-0.0029516988000000003,-0.5530149999999999,1.143630653,3.328392
2692,-0.0029507388000000003,-0.5530149999999999,1.135590452,1.921357
2693,-0.0029497788000000004,-0.5731155,1.143630653,0.755528
2694,-0.0029488188000000005,-0.5329145,1.143630653,0.19271400000000005
2695,-0.0029478588000000005,-0.5530149999999999,1.135590452,0.3535179999999998
2696,-0.0029468988,-0.5530149999999999,1.143630653,1.23794
2697,-0.0029459388,-0.5329145,1.143630653,2.564573
2698,-0.0029449788000000003,-0.5329145,1.143630653,4.05201
2699,-0.0029440188000000003,-0.5530149999999999,1.143630653,5.137437
2700,-0.0029430588000000004,-0.5329145,1.151670854,5.579648
2701,-0.0029420988000000005,-0.5530149999999999,1.143630653,5.298241
2702,-0.0029411388000000005,-0.5731155,1.143630653,4.333417
2703,-0.0029401788,-0.5329145,1.143630653,2.966583
2704,-0.0029392188000000002,-0.5530149999999999,1.151670854,1.559548
2705,-0.0029382588000000003,-0.5530149999999999,1.143630653,0.4741209999999998
2706,-0.0029372988000000004,-0.5329145,1.159711055,0.1525129999999999
2707,-0.0029363388000000004,-0.5530149999999999,1.143630653,0.5947239999999998
2708,-0.0029353788000000005,-0.5329145,1.143630653,1.680151
2709,-0.0029344188,-0.512814,1.151670854,3.0067839999999997
2710,-0.0029334588,-0.5329145,1.151670854,4.333417
2711,-0.0029324988000000002,-0.512814,1.159711055,5.298241
2712,-0.0029315388000000003,-0.5530149999999999,1.167751256,5.579648
2713,-0.0029305788000000004,-0.5329145,1.143630653,5.097236
2714,-0.0029296188000000004,-0.5329145,1.151670854,4.092211
2715,-0.0029286588000000005,-0.5530149999999999,1.151670854,2.7655779999999996
2716,-0.0029276988,-0.512814,1.151670854,1.438945
2717,-0.0029267388,-0.5530149999999999,1.143630653,0.4741209999999998
2718,-0.0029257788000000002,-0.5329145,1.135590452,0.1525129999999999
2719,-0.0029248188000000003,-0.5329145,1.135590452,0.514322
2720,-0.0029238588000000004,-0.5329145,1.143630653,1.479146
2721,-0.0029228988000000004,-0.5329145,1.143630653,2.7655779999999996
2722,-0.0029219388000000005,-0.5530149999999999,1.135590452,4.1324119999999995
2723,-0.0029209788,-0.5329145,1.143630653,5.177638
2724,-0.0029200188,-0.5530149999999999,1.143630653,5.579648
2725,-0.0029190588000000003,-0.5329145,1.143630653,5.378643
2726,-0.0029180988000000003,-0.5329145,1.143630653,4.494221
2727,-0.0029171388000000004,-0.5530149999999999,1.151670854,3.288191
2728,-0.0029161788000000004,-0.5329145,1.143630653,1.961558
2729,-0.0029152188000000005,-0.5731155,1.143630653,0.8359299999999998
2730,-0.0029142588,-0.5329145,1.143630653,0.23291499999999976
2731,-0.0029132988,-0.5329145,1.135590452,0.23291499999999976
2732,-0.0029123388000000003,-0.5329145,1.151670854,0.9565329999999999
2733,-0.0029113788000000003,-0.5329145,1.135590452,2.082161
2734,-0.0029104188000000004,-0.512814,1.143630653,3.4891959999999997
2735,-0.0029094588000000005,-0.5329145,1.143630653,4.614824
2736,-0.0029084988000000005,-0.5329145,1.143630653,5.459045
2737,-0.0029075388,-0.512814,1.143630653,5.539447
2738,-0.0029065788,-0.5329145,1.159711055,4.936432
2739,-0.0029056188000000003,-0.5530149999999999,1.151670854,3.770603
2740,-0.0029046588000000003,-0.5329145,1.151670854,2.44397
2741,-0.0029036988000000004,-0.5329145,1.151670854,1.117337
2742,-0.0029027388000000005,-0.5530149999999999,1.143630653,0.3535179999999998
2743,-0.0029017788000000005,-0.5530149999999999,1.159711055,0.19271400000000005
2744,-0.0029008188,-0.5329145,1.143630653,0.7957289999999997
2745,-0.0028998588000000002,-0.5329145,1.1275502510000002,1.961558
2746,-0.0028988988000000003,-0.512814,1.135590452,3.448995
2747,-0.0028979388000000003,-0.5329145,1.143630653,4.735427
2748,-0.0028969788000000004,-0.5329145,1.151670854,5.459045
2749,-0.0028960188000000005,-0.5329145,1.135590452,5.499245999999999
2750,-0.0028950588000000005,-0.5530149999999999,1.143630653,4.775628
2751,-0.0028940988,-0.5329145,1.143630653,3.448995
2752,-0.0028931388000000002,-0.512814,1.1275502510000002,1.961558
2753,-0.0028921788000000003,-0.5329145,1.143630653,0.7957289999999997
2754,-0.0028912188000000004,-0.512814,1.143630653,0.23291499999999976
2755,-0.0028902588000000004,-0.5530149999999999,1.143630653,0.3535179999999998
2756,-0.0028892988000000005,-0.5329145,1.151670854,1.318342
2757,-0.0028883388,-0.5329145,1.135590452,2.604774
2758,-0.0028873788,-0.5329145,1.143630653,4.05201
2759,-0.0028864188000000002,-0.5731155,1.143630653,5.137437
2760,-0.0028854588000000003,-0.5530149999999999,1.151670854,5.539447
2761,-0.0028844988000000004,-0.512814,1.143630653,5.258039999999999
2762,-0.0028835388000000004,-0.512814,1.151670854,4.212814
2763,-0.0028825788000000005,-0.5329145,1.143630653,2.8861809999999997
2764,-0.0028816188,-0.5329145,1.159711055,1.5193469999999998
2765,-0.0028806588,-0.512814,1.159711055,0.514322
2766,-0.0028796988000000003,-0.5329145,1.143630653,0.1525129999999999
2767,-0.0028787388000000003,-0.512814,1.159711055,0.5545229999999997
2768,-0.0028777788000000004,-0.5329145,1.151670854,1.599749
2769,-0.0028768188000000004,-0.512814,1.151670854,2.8861809999999997
2770,-0.0028758588000000005,-0.5530149999999999,1.143630653,4.172613
2771,-0.0028748988,-0.512814,1.151670854,5.137437
2772,-0.0028739388,-0.5329145,1.135590452,5.579648
2773,-0.0028729788000000003,-0.512814,1.143630653,5.378643
2774,-0.0028720188000000003,-0.512814,1.1275502510000002,4.534422
2775,-0.0028710588000000004,-0.5329145,1.135590452,3.3685929999999997
2776,-0.0028700988000000005,-0.5329145,1.135590452,2.04196
2777,-0.0028691388000000005,-0.512814,1.135590452,0.996734
2778,-0.0028681788,-0.5329145,1.151670854,0.31331700000000007
2779,-0.0028672188,-0.5329145,1.143630653,0.19271400000000005
2780,-0.0028662588000000003,-0.5329145,1.151670854,0.6751259999999997
2781,-0.0028652988000000003,-0.5329145,1.143630653,1.5193469999999998
2782,-0.0028643388000000004,-0.5329145,1.143630653,2.805779
2783,-0.0028633788000000005,-0.5329145,1.159711055,3.971608
2784,-0.0028624188000000005,-0.5329145,1.151670854,4.976633
2785,-0.0028614588,-0.512814,1.143630653,5.499245999999999
2786,-0.0028604988000000002,-0.5329145,1.1275502510000002,5.459045
2787,-0.0028595388000000003,-0.512814,1.151670854,4.815829
2788,-0.0028585788000000003,-0.512814,1.143630653,3.65
2789,-0.0028576188000000004,-0.512814,1.143630653,2.44397
2790,-0.0028566588000000005,-0.512814,1.151670854,1.117337
2791,-0.0028556988000000005,-0.512814,1.143630653,0.39371899999999993
2792,-0.0028547388,-0.512814,1.143630653,0.11231199999999975
2793,-0.0028537788000000002,-0.5329145,1.151670854,0.634925
2794,-0.0028528188000000003,-0.512814,1.151670854,1.7605529999999998
2795,-0.0028518588000000004,-0.512814,1.143630653,3.1273869999999997
2796,-0.0028508988000000004,-0.512814,1.151670854,4.333417
2797,-0.0028499388000000005,-0.49271349999999997,1.143630653,5.298241
2798,-0.0028489788000000005,-0.5329145,1.143630653,5.579648
2799,-0.0028480188,-0.512814,1.135590452,5.057035
2800,-0.0028470588000000002,-0.49271349999999997,1.143630653,3.891206
2801,-0.0028460988000000003,-0.512814,1.143630653,2.44397
2802,-0.0028451388000000004,-0.5329145,1.143630653,1.117337
2803,-0.0028441788000000004,-0.5329145,1.1275502510000002,0.31331700000000007
2804,-0.0028432188000000005,-0.49271349999999997,1.135590452,0.19271400000000005
2805,-0.0028422588,-0.49271349999999997,1.143630653,0.9565329999999999
2806,-0.0028412988,-0.5329145,1.143630653,2.1625629999999996
2807,-0.0028403388000000003,-0.49271349999999997,1.143630653,3.569598
2808,-0.0028393788000000003,-0.5329145,1.151670854,4.775628
2809,-0.0028384188000000004,-0.49271349999999997,1.143630653,5.459045
2810,-0.0028374588000000004,-0.512814,1.151670854,5.459045
2811,-0.0028364988000000005,-0.5329145,1.151670854,4.815829
2812,-0.0028355388,-0.512814,1.135590452,3.65
2813,-0.0028345788,-0.5329145,1.151670854,2.242965
2814,-0.0028336188000000003,-0.5530149999999999,1.143630653,0.996734
2815,-0.0028326588000000003,-0.512814,1.151670854,0.31331700000000007
2816,-0.0028316988000000004,-0.512814,1.143630653,0.19271400000000005
2817,-0.0028307388000000005,-0.5329145,1.143630653,0.7957289999999997
2818,-0.0028297788000000005,-0.49271349999999997,1.151670854,1.840955
2819,-0.0028288188,-0.512814,1.143630653,3.167588
2820,-0.0028278588,-0.512814,1.151670854,4.373618
2821,-0.0028268988000000003,-0.49271349999999997,1.143630653,5.258039999999999
2822,-0.0028259388000000003,-0.49271349999999997,1.159711055,5.579648
2823,-0.0028249788000000004,-0.512814,1.143630653,5.298241
2824,-0.0028240188000000005,-0.512814,1.143630653,4.534422
2825,-0.0028230588000000005,-0.512814,1.143630653,3.408794
2826,-0.0028220988,-0.512814,1.135590452,2.202764
2827,-0.0028211388000000002,-0.5329145,1.143630653,1.0771359999999999
2828,-0.0028201788000000003,-0.49271349999999997,1.135590452,0.4339200000000001
2829,-0.0028192188000000003,-0.49271349999999997,1.135590452,0.1525129999999999
2830,-0.0028182588000000004,-0.512814,1.1275502510000002,0.4741209999999998
2831,-0.0028172988000000005,-0.512814,1.143630653,1.318342
2832,-0.0028163388000000005,-0.5329145,1.143630653,2.484171
2833,-0.0028153788,-0.5329145,1.135590452,3.65
2834,-0.0028144188000000002,-0.512814,1.143630653,4.735427
2835,-0.0028134588000000003,-0.512814,1.135590452,5.418844
2836,-0.0028124988000000004,-0.512814,1.143630653,5.539447
2837,-0.0028115388000000004,-0.49271349999999997,1.135590452,5.097236
2838,-0.0028105788000000005,-0.512814,1.143630653,4.2530149999999995
2839,-0.0028096188000000005,-0.512814,1.151670854,2.966583
2840,-0.0028086588,-0.49271349999999997,1.143630653,1.7203519999999999
2841,-0.0028076988000000002,-0.5329145,1.143630653,0.6751259999999997
2842,-0.0028067388000000003,-0.49271349999999997,1.151670854,0.19271400000000005
2843,-0.0028057788000000004,-0.512814,1.143630653,0.31331700000000007
2844,-0.0028048188000000004,-0.49271349999999997,1.151670854,1.1575379999999997
2845,-0.0028038588000000005,-0.5329145,1.159711055,2.2831659999999996
2846,-0.0028028988,-0.49271349999999997,1.151670854,3.690201
2847,-0.0028019388,-0.49271349999999997,1.151670854,4.896231
2848,-0.0028009788000000002,-0.472613,1.143630653,5.579648
2849,-0.0028000188000000003,-0.512814,1.143630653,5.459045
2850,-0.0027990588000000004,-0.49271349999999997,1.143630653,4.494221
2851,-0.0027980988000000004,-0.512814,1.151670854,3.288191
2852,-0.0027971388000000005,-0.512814,1.143630653,1.800754
2853,-0.0027961788,-0.49271349999999997,1.143630653,0.6751259999999997
2854,-0.0027952188,-0.5329145,1.143630653,0.1525129999999999
2855,-0.0027942588000000003,-0.512814,1.143630653,0.514322
2856,-0.0027932988000000003,-0.512814,1.143630653,1.559548
2857,-0.0027923388000000004,-0.512814,1.143630653,2.926382
2858,-0.0027913788000000004,-0.472613,1.135590452,4.413819
2859,-0.0027904188000000005,-0.49271349999999997,1.135590452,5.298241
2860,-0.0027894588,-0.512814,1.135590452,5.579648
2861,-0.0027884988,-0.5329145,1.135590452,4.976633
2862,-0.0027875388000000003,-0.512814,1.151670854,3.851005
2863,-0.0027865788000000003,-0.49271349999999997,1.135590452,2.363568
2864,-0.0027856188000000004,-0.49271349999999997,1.151670854,1.0369349999999997
2865,-0.0027846588000000005,-0.49271349999999997,1.143630653,0.31331700000000007
2866,-0.0027836988000000005,-0.512814,1.151670854,0.23291499999999976
2867,-0.0027827388,-0.49271349999999997,1.151670854,0.876131
2868,-0.0027817788,-0.49271349999999997,1.143630653,2.001759
2869,-0.0027808188000000003,-0.512814,1.159711055,3.4891959999999997
2870,-0.0027798588000000003,-0.49271349999999997,1.151670854,4.655025
2871,-0.0027788988000000004,-0.512814,1.143630653,5.459045
2872,-0.0027779388000000005,-0.512814,1.151670854,5.499245999999999
2873,-0.0027769788000000005,-0.512814,1.143630653,4.976633
2874,-0.0027760188,-0.5329145,1.143630653,3.971608
2875,-0.0027750588000000002,-0.49271349999999997,1.151670854,2.604774
2876,-0.0027740988000000003,-0.49271349999999997,1.143630653,1.438945
2877,-0.0027731388000000004,-0.512814,1.143630653,0.4741209999999998
2878,-0.0027721788000000004,-0.512814,1.143630653,0.1525129999999999
2879,-0.0027712188000000005,-0.49271349999999997,1.143630653,0.4339200000000001
2880,-0.0027702588000000005,-0.512814,1.135590452,1.23794
2881,-0.0027692988,-0.512814,1.143630653,2.363568
2882,-0.0027683388000000002,-0.512814,1.143630653,3.6097989999999998
2883,-0.0027673788000000003,-0.49271349999999997,1.1275502510000002,4.695226
2884,-0.0027664188000000004,-0.512814,1.143630653,5.459045
2885,-0.0027654588000000004,-0.512814,1.1275502510000002,5.539447
2886,-0.0027644988000000005,-0.49271349999999997,1.143630653,4.976633
2887,-0.0027635388000000006,-0.512814,1.143630653,3.971608
2888,-0.0027625788,-0.49271349999999997,1.135590452,2.725377
2889,-0.0027616188000000002,-0.5329145,1.143630653,1.3987439999999998
2890,-0.0027606588000000003,-0.49271349999999997,1.1275502510000002,0.4741209999999998
2891,-0.0027596988000000004,-0.472613,1.135590452,0.19271400000000005
2892,-0.0027587388000000004,-0.512814,1.143630653,0.4741209999999998
2893,-0.0027577788000000005,-0.512814,1.1275502510000002,1.5193469999999998
2894,-0.0027568188,-0.49271349999999997,1.143630653,2.8861809999999997
2895,-0.0027558588,-0.49271349999999997,1.143630653,4.293216
2896,-0.0027548988000000003,-0.49271349999999997,1.151670854,5.298241
2897,-0.0027539388000000003,-0.512814,1.159711055,5.539447
2898,-0.0027529788000000004,-0.512814,1.159711055,5.016834
2899,-0.0027520188000000004,-0.49271349999999997,1.151670854,3.851005
2900,-0.0027510588000000005,-0.512814,1.159711055,2.44397
2901,-0.0027500988,-0.472613,1.143630653,1.0771359999999999
2902,-0.0027491388,-0.49271349999999997,1.143630653,0.2731159999999999
2903,-0.0027481788000000003,-0.472613,1.151670854,0.31331700000000007
2904,-0.0027472188000000003,-0.512814,1.135590452,1.1977389999999999
2905,-0.0027462588000000004,-0.49271349999999997,1.151670854,2.564573
2906,-0.0027452988000000005,-0.5329145,1.151670854,4.1324119999999995
2907,-0.0027443388000000005,-0.49271349999999997,1.135590452,5.217839
2908,-0.0027433788,-0.49271349999999997,1.1275502510000002,5.579648
2909,-0.0027424188,-0.512814,1.143630653,5.057035
2910,-0.0027414588000000003,-0.49271349999999997,1.143630653,3.810804
2911,-0.0027404988000000003,-0.49271349999999997,1.143630653,2.2831659999999996
2912,-0.0027395388000000004,-0.472613,1.135590452,0.9565329999999999
2913,-0.0027385788000000005,-0.472613,1.135590452,0.23291499999999976
2914,-0.0027376188000000005,-0.49271349999999997,1.135590452,0.3535179999999998
2915,-0.0027366588,-0.49271349999999997,1.1275502510000002,1.0771359999999999
2916,-0.0027356988000000002,-0.49271349999999997,1.151670854,2.484171
2917,-0.0027347388000000003,-0.49271349999999997,1.143630653,3.971608
2918,-0.0027337788000000003,-0.512814,1.143630653,5.097236
2919,-0.0027328188000000004,-0.472613,1.143630653,5.539447
2920,-0.0027318588000000005,-0.49271349999999997,1.151670854,5.298241
2921,-0.0027308988000000005,-0.49271349999999997,1.143630653,4.172613
2922,-0.0027299388,-0.472613,1.151670854,2.805779
2923,-0.0027289788000000002,-0.49271349999999997,1.151670854,1.438945
2924,-0.0027280188000000003,-0.49271349999999997,1.151670854,0.4741209999999998
2925,-0.0027270588000000004,-0.49271349999999997,1.159711055,0.1525129999999999
2926,-0.0027260988000000004,-0.49271349999999997,1.143630653,0.6751259999999997
2927,-0.0027251388000000005,-0.49271349999999997,1.143630653,1.7203519999999999
2928,-0.0027241788000000005,-0.49271349999999997,1.143630653,3.1273869999999997
2929,-0.0027232188,-0.472613,1.143630653,4.494221
2930,-0.0027222588000000002,-0.49271349999999997,1.151670854,5.378643
2931,-0.0027212988000000003,-0.512814,1.143630653,5.539447
2932,-0.0027203388000000004,-0.49271349999999997,1.143630653,5.016834
2933,-0.0027193788000000004,-0.49271349999999997,1.135590452,3.971608
2934,-0.0027184188000000005,-0.472613,1.143630653,2.564573
2935,-0.0027174588000000006,-0.472613,1.143630653,1.2781409999999997
2936,-0.0027164988,-0.512814,1.143630653,0.39371899999999993
2937,-0.0027155388000000003,-0.49271349999999997,1.143630653,0.19271400000000005
2938,-0.0027145788000000003,-0.49271349999999997,1.151670854,0.7153269999999998
2939,-0.0027136188000000004,-0.49271349999999997,1.135590452,1.800754
2940,-0.0027126588000000004,-0.512814,1.1275502510000002,3.328392
2941,-0.0027116988000000005,-0.472613,1.1275502510000002,4.614824
2942,-0.0027107388,-0.45251250000000004,1.1275502510000002,5.378643
2943,-0.0027097788,-0.49271349999999997,1.135590452,5.499245999999999
2944,-0.0027088188000000003,-0.49271349999999997,1.143630653,4.896231
2945,-0.0027078588000000003,-0.49271349999999997,1.143630653,3.65
2946,-0.0027068988000000004,-0.49271349999999997,1.143630653,2.1625629999999996
2947,-0.0027059388000000005,-0.512814,1.143630653,0.9163319999999997
2948,-0.0027049788000000005,-0.472613,1.159711055,0.19271400000000005
2949,-0.0027040188,-0.49271349999999997,1.151670854,0.2731159999999999
2950,-0.0027030588,-0.472613,1.159711055,1.23794
2951,-0.0027020988000000003,-0.472613,1.159711055,2.725377
2952,-0.0027011388000000003,-0.472613,1.159711055,4.1324119999999995
2953,-0.0027001788000000004,-0.49271349999999997,1.143630653,5.217839
2954,-0.0026992188000000005,-0.49271349999999997,1.143630653,5.619849
2955,-0.0026982588000000005,-0.45251250000000004,1.143630653,5.097236
2956,-0.0026972988,-0.472613,1.143630653,3.810804
2957,-0.0026963388000000002,-0.49271349999999997,1.143630653,2.323367
2958,-0.0026953788000000003,-0.472613,1.143630653,0.9565329999999999
2959,-0.0026944188000000003,-0.472613,1.135590452,0.2731159999999999
2960,-0.0026934588000000004,-0.472613,1.135590452,0.3535179999999998
2961,-0.0026924988000000005,-0.472613,1.143630653,1.2781409999999997
2962,-0.0026915388000000005,-0.472613,1.135590452,2.725377
2963,-0.0026905788,-0.472613,1.1275502510000002,4.1324119999999995
2964,-0.0026896188000000002,-0.472613,1.1275502510000002,5.258039999999999
2965,-0.0026886588000000003,-0.49271349999999997,1.135590452,5.539447
2966,-0.0026876988000000004,-0.472613,1.1275502510000002,5.016834
2967,-0.0026867388000000004,-0.472613,1.143630653,3.810804
2968,-0.0026857788000000005,-0.472613,1.135590452,2.323367
2969,-0.0026848188000000005,-0.472613,1.143630653,0.9565329999999999
2970,-0.0026838588,-0.472613,1.143630653,0.2731159999999999
2971,-0.0026828988000000002,-0.472613,1.143630653,0.31331700000000007
2972,-0.0026819388000000003,-0.49271349999999997,1.151670854,1.0369349999999997
2973,-0.0026809788000000004,-0.472613,1.151670854,2.44397
2974,-0.0026800188000000004,-0.49271349999999997,1.159711055,3.810804
2975,-0.0026790588000000005,-0.512814,1.159711055,4.976633
2976,-0.0026780988000000006,-0.49271349999999997,1.159711055,5.499245999999999
2977,-0.0026771388,-0.49271349999999997,1.143630653,5.298241
2978,-0.0026761788000000002,-0.472613,1.151670854,4.373618
2979,-0.0026752188000000003,-0.45251250000000004,1.135590452,3.1273869999999997
2980,-0.0026742588000000004,-0.45251250000000004,1.151670854,1.7203519999999999
2981,-0.0026732988000000004,-0.49271349999999997,1.143630653,0.634925
2982,-0.0026723388000000005,-0.472613,1.135590452,0.19271400000000005
2983,-0.0026713788,-0.512814,1.135590452,0.4741209999999998
2984,-0.0026704188,-0.512814,1.143630653,1.438945
2985,-0.0026694588000000003,-0.49271349999999997,1.1275502510000002,2.805779
2986,-0.0026684988000000003,-0.472613,1.143630653,4.172613
2987,-0.0026675388000000004,-0.45251250000000004,1.135590452,5.217839
2988,-0.0026665788000000005,-0.49271349999999997,1.1275502510000002,5.619849
2989,-0.0026656188000000005,-0.472613,1.135590452,5.177638
2990,-0.0026646588,-0.49271349999999997,1.143630653,4.1324119999999995
2991,-0.0026636988,-0.472613,1.135590452,2.725377
2992,-0.0026627388000000003,-0.472613,1.135590452,1.2781409999999997
2993,-0.0026617788000000003,-0.49271349999999997,1.135590452,0.39371899999999993
2994,-0.0026608188000000004,-0.45251250000000004,1.135590452,0.19271400000000005
2995,-0.0026598588000000005,-0.45251250000000004,1.143630653,0.7957289999999997
2996,-0.0026588988000000005,-0.472613,1.143630653,2.04196
2997,-0.0026579388,-0.45251250000000004,1.151670854,3.529397
2998,-0.0026569788,-0.472613,1.151670854,4.735427
2999,-0.0026560188000000003,-0.472613,1.143630653,5.459045
3000,-0.0026550588000000003,-0.472613,1.151670854,5.378643
3001,-0.0026540988000000004,-0.45251250000000004,1.135590452,4.574623
3002,-0.0026531388000000005,-0.472613,1.159711055,3.2479899999999997
3003,-0.0026521788000000005,-0.472613,1.151670854,1.7605529999999998
3004,-0.0026512188,-0.49271349999999997,1.143630653,0.5947239999999998
3005,-0.0026502588000000002,-0.472613,1.143630653,0.11231199999999975
3006,-0.0026492988000000003,-0.472613,1.1275502510000002,0.514322
3007,-0.0026483388000000004,-0.49271349999999997,1.135590452,1.5193469999999998
3008,-0.0026473788000000004,-0.49271349999999997,1.1275502510000002,2.966583
3009,-0.0026464188000000005,-0.472613,1.1275502510000002,4.333417
3010,-0.0026454588000000005,-0.45251250000000004,1.143630653,5.338442
3011,-0.0026444988,-0.49271349999999997,1.135590452,5.579648
3012,-0.0026435388000000002,-0.472613,1.135590452,4.85603
3013,-0.0026425788000000003,-0.49271349999999997,1.143630653,3.65
3014,-0.0026416188000000004,-0.45251250000000004,1.135590452,2.122362
3015,-0.0026406588000000004,-0.472613,1.135590452,0.8359299999999998
3016,-0.0026396988000000005,-0.45251250000000004,1.159711055,0.1525129999999999
3017,-0.0026387388000000006,-0.472613,1.1275502510000002,0.39371899999999993
3018,-0.0026377788,-0.472613,1.143630653,1.358543
3019,-0.0026368188000000002,-0.472613,1.143630653,2.7655779999999996
3020,-0.0026358588000000003,-0.472613,1.151670854,4.293216
3021,-0.0026348988000000004,-0.49271349999999997,1.143630653,5.378643
3022,-0.0026339388000000004,-0.472613,1.143630653,5.499245999999999
3023,-0.0026329788000000005,-0.45251250000000004,1.143630653,4.775628
3024,-0.0026320188000000006,-0.45251250000000004,1.151670854,3.448995
3025,-0.0026310588,-0.472613,1.143630653,1.8811559999999998
3026,-0.0026300988000000003,-0.45251250000000004,1.151670854,0.6751259999999997
3027,-0.0026291388000000003,-0.472613,1.143630653,0.19271400000000005
3028,-0.0026281788000000004,-0.472613,1.151670854,0.5947239999999998
3029,-0.0026272188000000004,-0.472613,1.143630653,1.7605529999999998
3030,-0.0026262588000000005,-0.45251250000000004,1.143630653,3.288191
3031,-0.0026252988,-0.49271349999999997,1.135590452,4.655025
3032,-0.0026243388,-0.472613,1.1275502510000002,5.539447
3033,-0.0026233788000000003,-0.45251250000000004,1.135590452,5.418844
3034,-0.0026224188000000003,-0.45251250000000004,1.135590452,4.534422
3035,-0.0026214588000000004,-0.472613,1.135590452,3.207789
3036,-0.0026204988000000005,-0.45251250000000004,1.135590452,1.680151
3037,-0.0026195388000000005,-0.472613,1.135590452,0.634925
3038,-0.0026185788,-0.45251250000000004,1.1275502510000002,0.11231199999999975
3039,-0.0026176188,-0.472613,1.1275502510000002,0.5545229999999997
3040,-0.0026166588000000003,-0.45251250000000004,1.143630653,1.559548
3041,-0.0026156988000000003,-0.49271349999999997,1.143630653,3.0067839999999997
3042,-0.0026147388000000004,-0.472613,1.1275502510000002,4.413819
3043,-0.0026137788000000005,-0.472613,1.143630653,5.338442
3044,-0.0026128188000000005,-0.45251250000000004,1.135590452,5.539447
3045,-0.0026118588,-0.472613,1.135590452,4.976633
3046,-0.0026108988000000002,-0.432412,1.151670854,3.851005
3047,-0.0026099388000000003,-0.472613,1.143630653,2.4037689999999996
3048,-0.0026089788000000004,-0.472613,1.143630653,0.996734
3049,-0.0026080188000000004,-0.472613,1.151670854,0.2731159999999999
3050,-0.0026070588000000005,-0.472613,1.151670854,0.23291499999999976
3051,-0.0026060988000000005,-0.45251250000000004,1.159711055,0.996734
3052,-0.0026051388,-0.45251250000000004,1.143630653,2.4037689999999996
3053,-0.0026041788000000002,-0.45251250000000004,1.159711055,3.891206
3054,-0.0026032188000000003,-0.45251250000000004,1.143630653,5.097236
3055,-0.0026022588000000004,-0.432412,1.143630653,5.539447
3056,-0.0026012988000000004,-0.45251250000000004,1.135590452,5.137437
3057,-0.0026003388000000005,-0.45251250000000004,1.135590452,3.931407
3058,-0.0025993788000000006,-0.45251250000000004,1.143630653,2.484171
3059,-0.0025984188,-0.45251250000000004,1.1275502510000002,1.117337
3060,-0.0025974588000000002,-0.472613,1.135590452,0.31331700000000007
3061,-0.0025964988000000003,-0.472613,1.143630653,0.2731159999999999
3062,-0.0025955388000000004,-0.45251250000000004,1.1275502510000002,1.23794
3063,-0.0025945788000000004,-0.432412,1.135590452,2.685176
3064,-0.0025936188000000005,-0.432412,1.143630653,4.212814
3065,-0.0025926588000000006,-0.45251250000000004,1.1275502510000002,5.258039999999999
3066,-0.0025916988,-0.45251250000000004,1.135590452,5.459045
3067,-0.0025907388000000003,-0.45251250000000004,1.143630653,4.735427
3068,-0.0025897788000000003,-0.472613,1.135590452,3.3685929999999997
3069,-0.0025888188000000004,-0.472613,1.151670854,1.7605529999999998
3070,-0.0025878588000000004,-0.45251250000000004,1.135590452,0.514322
3071,-0.0025868988000000005,-0.45251250000000004,1.151670854,0.1525129999999999
3072,-0.0025859388000000006,-0.432412,1.1275502510000002,0.6751259999999997
3073,-0.0025849788,-0.45251250000000004,1.143630653,1.921357
3074,-0.0025840188000000003,-0.472613,1.143630653,3.448995
3075,-0.0025830588000000003,-0.472613,1.151670854,4.85603
3076,-0.0025820988000000004,-0.45251250000000004,1.159711055,5.459045
3077,-0.0025811388000000005,-0.45251250000000004,1.143630653,5.298241
3078,-0.0025801788000000005,-0.432412,1.143630653,4.333417
3079,-0.0025792188,-0.45251250000000004,1.1275502510000002,2.805779
3080,-0.0025782588,-0.45251250000000004,1.1275502510000002,1.318342
3081,-0.0025772988000000003,-0.432412,1.135590452,0.3535179999999998
3082,-0.0025763388000000003,-0.432412,1.135590452,0.19271400000000005
3083,-0.0025753788000000004,-0.472613,1.1275502510000002,0.9565329999999999
3084,-0.0025744188000000005,-0.45251250000000004,1.1195100500000001,2.44397
3085,-0.0025734588000000005,-0.472613,1.135590452,3.931407
3086,-0.0025724988,-0.432412,1.1275502510000002,5.097236
3087,-0.0025715388000000002,-0.432412,1.1275502510000002,5.499245999999999
3088,-0.0025705788000000003,-0.45251250000000004,1.1275502510000002,5.097236
3089,-0.0025696188000000003,-0.45251250000000004,1.1275502510000002,3.891206
3090,-0.0025686588000000004,-0.432412,1.135590452,2.44397
3091,-0.0025676988000000005,-0.432412,1.135590452,1.0369349999999997
3092,-0.0025667388000000005,-0.472613,1.143630653,0.31331700000000007
3093,-0.0025657788,-0.45251250000000004,1.143630653,0.31331700000000007
3094,-0.0025648188000000002,-0.45251250000000004,1.143630653,1.0369349999999997
3095,-0.0025638588000000003,-0.45251250000000004,1.143630653,2.323367
3096,-0.0025628988000000004,-0.432412,1.151670854,3.891206
3097,-0.0025619388000000004,-0.432412,1.143630653,5.016834
3098,-0.0025609788000000005,-0.472613,1.135590452,5.539447
3099,-0.0025600188000000005,-0.45251250000000004,1.151670854,5.258039999999999
3100,-0.0025590588,-0.45251250000000004,1.143630653,4.172613
3101,-0.0025580988000000002,-0.432412,1.143630653,2.725377
3102,-0.0025571388000000003,-0.45251250000000004,1.151670854,1.318342
3103,-0.0025561788000000004,-0.45251250000000004,1.135590452,0.39371899999999993
3104,-0.0025552188000000004,-0.472613,1.135590452,0.23291499999999976
3105,-0.0025542588000000005,-0.432412,1.1275502510000002,0.8359299999999998
3106,-0.0025532988000000006,-0.45251250000000004,1.135590452,2.202764
3107,-0.0025523388,-0.432412,1.135590452,3.65
3108,-0.0025513788000000003,-0.472613,1.1275502510000002,4.896231
3109,-0.0025504188000000003,-0.432412,1.1275502510000002,5.499245999999999
3110,-0.0025494588000000004,-0.432412,1.143630653,5.217839
3111,-0.0025484988000000004,-0.4123115,1.135590452,4.2530149999999995
3112,-0.0025475388000000005,-0.45251250000000004,1.1275502510000002,2.6449749999999996
3113,-0.0025465788000000006,-0.472613,1.135590452,1.1977389999999999
3114,-0.0025456188,-0.432412,1.135590452,0.31331700000000007
3115,-0.0025446588000000003,-0.432412,1.1275502510000002,0.2731159999999999
3116,-0.0025436988000000003,-0.472613,1.143630653,1.1575379999999997
3117,-0.0025427388000000004,-0.45251250000000004,1.143630653,2.604774
3118,-0.0025417788000000005,-0.432412,1.135590452,4.1324119999999995
3119,-0.0025408188000000005,-0.432412,1.143630653,5.258039999999999
3120,-0.0025398588,-0.45251250000000004,1.143630653,5.418844
3121,-0.0025388988,-0.432412,1.151670854,4.655025
3122,-0.0025379388000000003,-0.45251250000000004,1.135590452,3.328392
3123,-0.0025369788000000003,-0.432412,1.143630653,1.680151
3124,-0.0025360188000000004,-0.472613,1.135590452,0.5545229999999997
3125,-0.0025350588000000005,-0.45251250000000004,1.151670854,0.19271400000000005
3126,-0.0025340988000000005,-0.45251250000000004,1.151670854,0.755528
3127,-0.0025331388,-0.45251250000000004,1.143630653,2.082161
3128,-0.0025321788000000002,-0.432412,1.135590452,3.6097989999999998
3129,-0.0025312188000000003,-0.45251250000000004,1.1275502510000002,4.936432
3130,-0.0025302588000000003,-0.432412,1.1275502510000002,5.499245999999999
3131,-0.0025292988000000004,-0.432412,1.135590452,5.177638
3132,-0.0025283388000000005,-0.45251250000000004,1.1275502510000002,4.05201
3133,-0.0025273788000000005,-0.432412,1.135590452,2.564573
3134,-0.0025264188,-0.45251250000000004,1.135590452,1.23794
3135,-0.0025254588000000002,-0.432412,1.143630653,0.2731159999999999
3136,-0.0025244988000000003,-0.45251250000000004,1.143630653,0.2731159999999999
3137,-0.0025235388000000004,-0.432412,1.135590452,1.0771359999999999
3138,-0.0025225788000000004,-0.432412,1.143630653,2.5243719999999996
3139,-0.0025216188000000005,-0.432412,1.135590452,3.931407
3140,-0.0025206588000000005,-0.432412,1.151670854,5.097236
3141,-0.0025196988,-0.432412,1.143630653,5.539447
3142,-0.0025187388000000002,-0.432412,1.135590452,5.137437
3143,-0.0025177788000000003,-0.45251250000000004,1.143630653,4.0118089999999995
3144,-0.0025168188000000004,-0.45251250000000004,1.143630653,2.4037689999999996
3145,-0.0025158588000000004,-0.432412,1.143630653,1.0771359999999999
3146,-0.0025148988000000005,-0.432412,1.151670854,0.23291499999999976
3147,-0.0025139388000000006,-0.432412,1.143630653,0.3535179999999998
3148,-0.0025129788,-0.4123115,1.143630653,1.1977389999999999
3149,-0.0025120188000000002,-0.432412,1.135590452,2.725377
3150,-0.0025110588000000003,-0.472613,1.135590452,4.212814
3151,-0.0025100988000000004,-0.45251250000000004,1.135590452,5.338442
3152,-0.0025091388000000004,-0.45251250000000004,1.135590452,5.459045
3153,-0.0025081788000000005,-0.432412,1.1195100500000001,4.655025
3154,-0.0025072188000000006,-0.432412,1.1275502510000002,3.288191
3155,-0.0025062588,-0.45251250000000004,1.1275502510000002,1.680151
3156,-0.0025052988000000003,-0.432412,1.1195100500000001,0.5545229999999997
3157,-0.0025043388000000003,-0.432412,1.1275502510000002,0.11231199999999975
3158,-0.0025033788000000004,-0.4123115,1.1275502510000002,0.755528
3159,-0.0025024188000000004,-0.432412,1.135590452,2.082161
3160,-0.0025014588000000005,-0.45251250000000004,1.1275502510000002,3.7304019999999998
3161,-0.0025004988000000006,-0.45251250000000004,1.135590452,4.976633
3162,-0.0024995388,-0.45251250000000004,1.135590452,5.499245999999999
3163,-0.0024985788000000003,-0.45251250000000004,1.135590452,4.976633
3164,-0.0024976188000000003,-0.432412,1.143630653,3.7304019999999998
3165,-0.0024966588000000004,-0.4123115,1.135590452,2.082161
3166,-0.0024956988000000005,-0.39221100000000003,1.151670854,0.6751259999999997
3167,-0.0024947388000000005,-0.432412,1.151670854,0.23291499999999976
3168,-0.0024937788,-0.432412,1.143630653,0.5545229999999997
3169,-0.0024928188,-0.432412,1.143630653,1.840955
3170,-0.0024918588000000003,-0.432412,1.135590452,3.529397
3171,-0.0024908988000000003,-0.45251250000000004,1.151670854,4.896231
3172,-0.0024899388000000004,-0.4123115,1.143630653,5.459045
3173,-0.0024889788000000005,-0.432412,1.135590452,5.177638
3174,-0.0024880188000000005,-0.4123115,1.1275502510000002,3.931407
3175,-0.0024870588,-0.4123115,1.1275502510000002,2.323367
3176,-0.0024860988000000002,-0.432412,1.135590452,0.876131
3177,-0.0024851388000000003,-0.45251250000000004,1.1275502510000002,0.19271400000000005
3178,-0.0024841788000000004,-0.432412,1.135590452,0.4741209999999998
3179,-0.0024832188000000004,-0.45251250000000004,1.135590452,1.599749
3180,-0.0024822588000000005,-0.432412,1.1275502510000002,3.207789
3181,-0.0024812988000000005,-0.45251250000000004,1.143630653,4.655025
3182,-0.0024803388,-0.45251250000000004,1.143630653,5.459045
3183,-0.0024793788000000002,-0.39221100000000003,1.143630653,5.258039999999999
3184,-0.0024784188000000003,-0.4123115,1.151670854,4.172613
3185,-0.0024774588000000004,-0.432412,1.143630653,2.564573
3186,-0.0024764988000000004,-0.4123115,1.1275502510000002,1.0771359999999999
3187,-0.0024755388000000005,-0.432412,1.143630653,0.23291499999999976
3188,-0.0024745788000000006,-0.472613,1.143630653,0.3535179999999998
3189,-0.0024736188,-0.45251250000000004,1.135590452,1.479146
3190,-0.0024726588000000002,-0.432412,1.135590452,3.046985
3191,-0.0024716988000000003,-0.4123115,1.143630653,4.574623
3192,-0.0024707388000000004,-0.4123115,1.143630653,5.499245999999999
3193,-0.0024697788000000004,-0.432412,1.143630653,5.338442
3194,-0.0024688188000000005,-0.4123115,1.143630653,4.2530149999999995
3195,-0.0024678588000000006,-0.432412,1.143630653,2.5243719999999996
3196,-0.0024668988,-0.432412,1.1275502510000002,0.996734
3197,-0.0024659388000000003,-0.432412,1.1275502510000002,0.1525129999999999
3198,-0.0024649788000000003,-0.432412,1.1195100500000001,0.4741209999999998
3199,-0.0024640188000000004,-0.432412,1.1195100500000001,1.6399499999999998
3200,-0.0024630588000000004,-0.4123115,1.135590452,3.328392
3201,-0.0024620988000000005,-0.432412,1.135590452,4.735427
3202,-0.0024611388000000006,-0.4123115,1.135590452,5.459045
3203,-0.0024601788,-0.4123115,1.135590452,5.217839
3204,-0.0024592188000000003,-0.432412,1.135590452,4.092211
3205,-0.0024582588000000003,-0.432412,1.143630653,2.5243719999999996
3206,-0.0024572988000000004,-0.4123115,1.143630653,0.9565329999999999
3207,-0.0024563388000000005,-0.45251250000000004,1.143630653,0.23291499999999976
3208,-0.0024553788000000005,-0.432412,1.151670854,0.4339200000000001
3209,-0.0024544188,-0.432412,1.143630653,1.318342
3210,-0.0024534588,-0.432412,1.143630653,2.84598
3211,-0.0024524988000000003,-0.39221100000000003,1.135590452,4.413819
3212,-0.0024515388000000003,-0.4123115,1.135590452,5.378643
3213,-0.0024505788000000004,-0.4123115,1.135590452,5.459045
3214,-0.0024496188000000005,-0.4123115,1.143630653,4.494221
3215,-0.0024486588000000005,-0.432412,1.1275502510000002,3.087186
3216,-0.0024476988,-0.432412,1.143630653,1.5193469999999998
3217,-0.0024467388000000002,-0.4123115,1.1275502510000002,0.4339200000000001
3218,-0.0024457788000000003,-0.4123115,1.1275502510000002,0.19271400000000005
3219,-0.0024448188000000004,-0.39221100000000003,1.135590452,0.876131
3220,-0.0024438588000000004,-0.4123115,1.135590452,2.323367
3221,-0.0024428988000000005,-0.4123115,1.1195100500000001,3.971608
3222,-0.0024419388000000005,-0.4123115,1.1275502510000002,5.177638
3223,-0.0024409788,-0.432412,1.135590452,5.459045
3224,-0.0024400188000000002,-0.4123115,1.143630653,4.85603
3225,-0.0024390588000000003,-0.432412,1.135590452,3.3685929999999997
3226,-0.0024380988000000004,-0.4123115,1.1275502510000002,1.7605529999999998
3227,-0.0024371388000000004,-0.4123115,1.135590452,0.514322
3228,-0.0024361788000000005,-0.39221100000000003,1.135590452,0.1525129999999999
3229,-0.0024352188000000006,-0.432412,1.143630653,0.876131
3230,-0.0024342588,-0.4123115,1.1275502510000002,2.363568
3231,-0.0024332988000000002,-0.4123115,1.143630653,4.05201
3232,-0.0024323388000000003,-0.39221100000000003,1.135590452,5.217839
3233,-0.0024313788000000004,-0.432412,1.143630653,5.499245999999999
3234,-0.0024304188000000004,-0.39221100000000003,1.135590452,4.735427
3235,-0.0024294588000000005,-0.432412,1.143630653,3.167588
3236,-0.0024284988000000006,-0.4123115,1.1275502510000002,1.559548
3237,-0.0024275388,-0.4123115,1.135590452,0.39371899999999993
3238,-0.0024265788000000003,-0.39221100000000003,1.143630653,0.23291499999999976
3239,-0.0024256188000000003,-0.4123115,1.1275502510000002,1.0771359999999999
3240,-0.0024246588000000004,-0.39221100000000003,1.135590452,2.564573
3241,-0.0024236988000000004,-0.4123115,1.135590452,4.2530149999999995
3242,-0.0024227388000000005,-0.39221100000000003,1.1275502510000002,5.338442
3243,-0.0024217788000000006,-0.4123115,1.1195100500000001,5.459045
3244,-0.0024208188,-0.45251250000000004,1.1275502510000002,4.574623
3245,-0.0024198588000000003,-0.4123115,1.135590452,3.0067839999999997
3246,-0.0024188988000000003,-0.45251250000000004,1.135590452,1.438945
3247,-0.0024179388000000004,-0.4123115,1.135590452,0.39371899999999993
3248,-0.0024169788000000005,-0.432412,1.135590452,0.19271400000000005
3249,-0.0024160188000000005,-0.4123115,1.143630653,1.1575379999999997
3250,-0.0024150588000000006,-0.432412,1.135590452,2.6449749999999996
3251,-0.0024140988,-0.432412,1.135590452,4.172613
3252,-0.0024131388000000003,-0.432412,1.135590452,5.338442
3253,-0.0024121788000000003,-0.432412,1.143630653,5.378643
3254,-0.0024112188000000004,-0.4123115,1.135590452,4.574623
3255,-0.0024102588000000005,-0.4123115,1.135590452,3.1273869999999997
3256,-0.0024092988000000005,-0.4123115,1.135590452,1.559548
3257,-0.0024083388,-0.4123115,1.143630653,0.4741209999999998
3258,-0.0024073788000000002,-0.4123115,1.1275502510000002,0.19271400000000005
3259,-0.0024064188000000003,-0.432412,1.135590452,0.8359299999999998
3260,-0.0024054588000000003,-0.4123115,1.135590452,2.242965
3261,-0.0024044988000000004,-0.39221100000000003,1.135590452,3.690201
3262,-0.0024035388000000005,-0.432412,1.1275502510000002,5.057035
3263,-0.0024025788000000005,-0.4123115,1.1275502510000002,5.499245999999999
3264,-0.0024016188,-0.39221100000000003,1.1275502510000002,5.057035
3265,-0.0024006588000000002,-0.3721105,1.1275502510000002,3.851005
3266,-0.0023996988000000003,-0.432412,1.1275502510000002,2.4037689999999996
3267,-0.0023987388000000004,-0.4123115,1.1275502510000002,0.9565329999999999
3268,-0.0023977788000000004,-0.35201,1.1275502510000002,0.19271400000000005
3269,-0.0023968188000000005,-0.4123115,1.1275502510000002,0.3535179999999998
3270,-0.0023958588000000005,-0.4123115,1.1275502510000002,1.318342
3271,-0.0023948988,-0.4123115,1.1275502510000002,2.8861809999999997
3272,-0.0023939388000000002,-0.4123115,1.135590452,4.333417
3273,-0.0023929788000000003,-0.4123115,1.1275502510000002,5.298241
3274,-0.0023920188000000004,-0.4123115,1.1275502510000002,5.378643
3275,-0.0023910588000000004,-0.4123115,1.1275502510000002,4.614824
3276,-0.0023900988000000005,-0.4123115,1.135590452,3.046985
3277,-0.0023891388000000006,-0.4123115,1.151670854,1.438945
3278,-0.0023881788,-0.432412,1.135590452,0.3535179999999998
3279,-0.0023872188000000003,-0.432412,1.135590452,0.2731159999999999
3280,-0.0023862588000000003,-0.432412,1.135590452,1.1575379999999997
3281,-0.0023852988000000004,-0.432412,1.143630653,2.685176
3282,-0.0023843388000000004,-0.4123115,1.143630653,4.333417
3283,-0.0023833788000000005,-0.39221100000000003,1.1275502510000002,5.338442
3284,-0.0023824188000000006,-0.39221100000000003,1.1195100500000001,5.418844
3285,-0.0023814588,-0.4123115,1.135590452,4.373618
3286,-0.0023804988000000003,-0.432412,1.1275502510000002,2.725377
3287,-0.0023795388000000003,-0.4123115,1.1275502510000002,1.1977389999999999
3288,-0.0023785788000000004,-0.4123115,1.1195100500000001,0.19271400000000005
3289,-0.0023776188000000005,-0.4123115,1.1275502510000002,0.39371899999999993
3290,-0.0023766588000000005,-0.4123115,1.135590452,1.5193469999999998
3291,-0.0023756988000000006,-0.39221100000000003,1.1275502510000002,3.1273869999999997
3292,-0.0023747388,-0.39221100000000003,1.135590452,4.695226
3293,-0.0023737788000000003,-0.4123115,1.135590452,5.459045
3294,-0.0023728188000000003,-0.432412,1.143630653,5.137437
3295,-0.0023718588000000004,-0.4123115,1.143630653,4.0118089999999995
3296,-0.0023708988000000005,-0.4123115,1.143630653,2.44397
3297,-0.0023699388000000005,-0.39221100000000003,1.143630653,0.9565329999999999
3298,-0.0023689788000000006,-0.39221100000000003,1.151670854,0.1525129999999999
3299,-0.0023680188000000002,-0.4123115,1.135590452,0.4339200000000001
3300,-0.0023670588000000003,-0.39221100000000003,1.135590452,1.438945
3301,-0.0023660988000000003,-0.39221100000000003,1.143630653,2.966583
3302,-0.0023651388000000004,-0.39221100000000003,1.135590452,4.45402
3303,-0.0023641788000000005,-0.39221100000000003,1.135590452,5.418844
3304,-0.0023632188000000005,-0.4123115,1.1195100500000001,5.378643
3305,-0.0023622588,-0.39221100000000003,1.135590452,4.494221
3306,-0.0023612988000000002,-0.4123115,1.1275502510000002,3.046985
3307,-0.0023603388000000003,-0.39221100000000003,1.1275502510000002,1.5193469999999998
3308,-0.0023593788000000004,-0.39221100000000003,1.1275502510000002,0.4339200000000001
3309,-0.0023584188000000004,-0.4123115,1.1275502510000002,0.19271400000000005
3310,-0.0023574588000000005,-0.4123115,1.135590452,0.755528
3311,-0.0023564988000000005,-0.4123115,1.1275502510000002,2.001759
3312,-0.0023555388,-0.4123115,1.135590452,3.529397
3313,-0.0023545788000000002,-0.3721105,1.135590452,4.85603
3314,-0.0023536188000000003,-0.4123115,1.143630653,5.539447
3315,-0.0023526588000000004,-0.4123115,1.135590452,5.177638
3316,-0.0023516988000000004,-0.39221100000000003,1.135590452,4.05201
3317,-0.0023507388000000005,-0.39221100000000003,1.143630653,2.484171
3318,-0.0023497788000000006,-0.39221100000000003,1.143630653,1.0369349999999997
3319,-0.0023488188,-0.3721105,1.143630653,0.23291499999999976
3320,-0.0023478588000000002,-0.39221100000000003,1.143630653,0.3535179999999998
3321,-0.0023468988000000003,-0.4123115,1.143630653,1.318342
3322,-0.0023459388000000004,-0.4123115,1.1275502510000002,2.805779
3323,-0.0023449788000000004,-0.39221100000000003,1.135590452,4.333417
3324,-0.0023440188000000005,-0.4123115,1.135590452,5.338442
3325,-0.0023430588000000006,-0.4123115,1.143630653,5.338442
3326,-0.0023420988,-0.39221100000000003,1.1275502510000002,4.45402
3327,-0.0023411388000000003,-0.4123115,1.1275502510000002,2.8861809999999997
3328,-0.0023401788000000003,-0.4123115,1.1195100500000001,1.23794
3329,-0.0023392188000000004,-0.4123115,1.1275502510000002,0.31331700000000007
3330,-0.0023382588000000004,-0.39221100000000003,1.1275502510000002,0.31331700000000007
3331,-0.0023372988000000005,-0.39221100000000003,1.1275502510000002,1.23794
3332,-0.0023363388000000006,-0.4123115,1.1275502510000002,2.805779
3333,-0.0023353788,-0.39221100000000003,1.1275502510000002,4.45402
3334,-0.0023344188000000003,-0.39221100000000003,1.1195100500000001,5.378643
3335,-0.0023334588000000003,-0.39221100000000003,1.1275502510000002,5.298241
3336,-0.0023324988000000004,-0.35201,1.1275502510000002,4.373618
3337,-0.0023315388000000005,-0.3721105,1.1275502510000002,2.725377
3338,-0.0023305788000000005,-0.3721105,1.1275502510000002,1.117337
3339,-0.0023296188000000006,-0.39221100000000003,1.1275502510000002,0.23291499999999976
3340,-0.0023286588,-0.39221100000000003,1.143630653,0.3535179999999998
3341,-0.0023276988000000003,-0.4123115,1.143630653,1.358543
3342,-0.0023267388000000003,-0.4123115,1.151670854,2.926382
3343,-0.0023257788000000004,-0.39221100000000003,1.1275502510000002,4.494221
3344,-0.0023248188000000005,-0.39221100000000003,1.151670854,5.378643
3345,-0.0023238588000000005,-0.39221100000000003,1.143630653,5.338442
3346,-0.0023228988,-0.39221100000000003,1.143630653,4.45402
3347,-0.0023219388000000002,-0.39221100000000003,1.135590452,2.8861809999999997
3348,-0.0023209788000000003,-0.3721105,1.135590452,1.358543
3349,-0.0023200188000000004,-0.39221100000000003,1.143630653,0.3535179999999998
3350,-0.0023190588000000004,-0.3721105,1.135590452,0.23291499999999976
3351,-0.0023180988000000005,-0.4123115,1.1195100500000001,0.996734
3352,-0.0023171388000000005,-0.3721105,1.1195100500000001,2.4037689999999996
3353,-0.0023161788,-0.3721105,1.1275502510000002,3.971608
3354,-0.0023152188000000002,-0.39221100000000003,1.1275502510000002,5.057035
3355,-0.0023142588000000003,-0.39221100000000003,1.1275502510000002,5.499245999999999
3356,-0.0023132988000000004,-0.39221100000000003,1.1275502510000002,4.936432
3357,-0.0023123388000000004,-0.4123115,1.1275502510000002,3.6097989999999998
3358,-0.0023113788000000005,-0.39221100000000003,1.1195100500000001,2.082161
3359,-0.0023104188000000006,-0.39221100000000003,1.1275502510000002,0.8359299999999998
3360,-0.0023094588,-0.39221100000000003,1.1275502510000002,0.19271400000000005
3361,-0.0023084988000000002,-0.39221100000000003,1.143630653,0.4741209999999998
3362,-0.0023075388000000003,-0.39221100000000003,1.135590452,1.599749
3363,-0.0023065788000000004,-0.3721105,1.135590452,3.167588
3364,-0.0023056188000000004,-0.39221100000000003,1.135590452,4.574623
3365,-0.0023046588000000005,-0.39221100000000003,1.143630653,5.338442
3366,-0.0023036988000000006,-0.3721105,1.135590452,5.298241
3367,-0.0023027388,-0.39221100000000003,1.135590452,4.373618
3368,-0.0023017788000000003,-0.39221100000000003,1.1275502510000002,2.84598
3369,-0.0023008188000000003,-0.3721105,1.135590452,1.3987439999999998
3370,-0.0022998588000000004,-0.39221100000000003,1.1275502510000002,0.3535179999999998
3371,-0.0022988988000000004,-0.3721105,1.135590452,0.23291499999999976
3372,-0.0022979388000000005,-0.3721105,1.1195100500000001,0.9565329999999999
3373,-0.0022969788000000006,-0.35201,1.135590452,2.44397
3374,-0.0022960188,-0.39221100000000003,1.1195100500000001,4.0118089999999995
3375,-0.0022950588000000003,-0.3721105,1.1275502510000002,5.177638
3376,-0.0022940988000000003,-0.3721105,1.135590452,5.418844
3377,-0.0022931388000000004,-0.3721105,1.1275502510000002,4.735427
3378,-0.0022921788000000005,-0.39221100000000003,1.1275502510000002,3.448995
3379,-0.0022912188000000005,-0.39221100000000003,1.1275502510000002,1.800754
3380,-0.0022902588000000006,-0.35201,1.135590452,0.634925
3381,-0.0022892988,-0.3721105,1.135590452,0.1525129999999999
3382,-0.0022883388000000003,-0.3721105,1.135590452,0.5947239999999998
3383,-0.0022873788000000003,-0.39221100000000003,1.143630653,1.921357
3384,-0.0022864188000000004,-0.3721105,1.135590452,3.569598
3385,-0.0022854588000000005,-0.3721105,1.143630653,4.896231
3386,-0.0022844988000000005,-0.3721105,1.1275502510000002,5.418844
3387,-0.0022835388000000006,-0.3721105,1.143630653,5.097236
3388,-0.0022825788000000002,-0.3721105,1.135590452,3.971608
3389,-0.0022816188000000003,-0.3721105,1.135590452,2.4037689999999996
3390,-0.0022806588000000004,-0.3721105,1.135590452,0.996734
3391,-0.0022796988000000004,-0.3721105,1.1275502510000002,0.2731159999999999
3392,-0.0022787388000000005,-0.3721105,1.1275502510000002,0.3535179999999998
3393,-0.0022777788000000005,-0.39221100000000003,1.1275502510000002,1.479146
3394,-0.0022768188,-0.39221100000000003,1.1275502510000002,2.966583
3395,-0.0022758588000000002,-0.3721105,1.1195100500000001,4.413819
3396,-0.0022748988000000003,-0.39221100000000003,1.1275502510000002,5.338442
3397,-0.0022739388000000004,-0.3721105,1.135590452,5.378643
3398,-0.0022729788000000004,-0.39221100000000003,1.1275502510000002,4.574623
3399,-0.0022720188000000005,-0.39221100000000003,1.1275502510000002,3.207789
3400,-0.0022710588000000006,-0.39221100000000003,1.1195100500000001,1.6399499999999998
3401,-0.0022700988,-0.39221100000000003,1.135590452,0.5545229999999997
3402,-0.0022691388000000002,-0.3721105,1.1275502510000002,0.1525129999999999
3403,-0.0022681788000000003,-0.39221100000000003,1.135590452,0.6751259999999997
3404,-0.0022672188000000004,-0.39221100000000003,1.1275502510000002,1.921357
3405,-0.0022662588000000004,-0.35201,1.1275502510000002,3.408794
3406,-0.0022652988000000005,-0.4123115,1.135590452,4.735427
3407,-0.0022643388000000006,-0.3721105,1.143630653,5.378643
3408,-0.0022633788,-0.39221100000000003,1.143630653,5.258039999999999
3409,-0.0022624188000000003,-0.3721105,1.135590452,4.212814
3410,-0.0022614588000000003,-0.3721105,1.143630653,2.84598
3411,-0.0022604988000000004,-0.3721105,1.135590452,1.358543
3412,-0.0022595388000000004,-0.39221100000000003,1.143630653,0.39371899999999993
3413,-0.0022585788000000005,-0.3721105,1.135590452,0.23291499999999976
3414,-0.0022576188000000006,-0.39221100000000003,1.1275502510000002,0.9565329999999999
3415,-0.0022566588,-0.3721105,1.1275502510000002,2.242965
3416,-0.0022556988000000003,-0.3721105,1.135590452,3.810804
3417,-0.0022547388000000003,-0.39221100000000003,1.1275502510000002,4.976633
3418,-0.0022537788000000004,-0.35201,1.135590452,5.418844
3419,-0.0022528188000000005,-0.3721105,1.1195100500000001,4.976633
3420,-0.0022518588000000005,-0.35201,1.1195100500000001,3.690201
3421,-0.0022508988000000006,-0.3721105,1.135590452,2.122362
3422,-0.0022499388,-0.3721105,1.1275502510000002,0.7957289999999997
3423,-0.0022489788000000003,-0.3721105,1.1275502510000002,0.1525129999999999
3424,-0.0022480188000000003,-0.3721105,1.1275502510000002,0.514322
3425,-0.0022470588000000004,-0.3721105,1.1275502510000002,1.6399499999999998
3426,-0.0022460988000000005,-0.35201,1.1195100500000001,3.167588
3427,-0.0022451388000000005,-0.3721105,1.1275502510000002,4.655025
3428,-0.0022441788000000006,-0.3721105,1.135590452,5.378643
3429,-0.0022432188000000002,-0.35201,1.135590452,5.298241
3430,-0.0022422588000000003,-0.3721105,1.135590452,4.333417
3431,-0.0022412988000000003,-0.3721105,1.143630653,2.84598
3432,-0.0022403388000000004,-0.3721105,1.1275502510000002,1.358543
3433,-0.0022393788000000005,-0.3721105,1.1275502510000002,0.3535179999999998
3434,-0.0022384188000000005,-0.3721105,1.143630653,0.2731159999999999
3435,-0.0022374588000000006,-0.3721105,1.143630653,0.9163319999999997
3436,-0.0022364988000000002,-0.3721105,1.143630653,2.2831659999999996
3437,-0.0022355388000000003,-0.3721105,1.135590452,3.851005
3438,-0.0022345788000000004,-0.3721105,1.135590452,5.016834
3439,-0.0022336188000000004,-0.39221100000000003,1.1275502510000002,5.459045
3440,-0.0022326588000000005,-0.39221100000000003,1.1275502510000002,4.976633
3441,-0.0022316988000000005,-0.3721105,1.1275502510000002,3.770603
3442,-0.0022307388,-0.39221100000000003,1.1195100500000001,2.242965
3443,-0.0022297788000000002,-0.3721105,1.1195100500000001,0.876131
3444,-0.0022288188000000003,-0.35201,1.1195100500000001,0.19271400000000005
3445,-0.0022278588000000004,-0.35201,1.1275502510000002,0.39371899999999993
3446,-0.0022268988000000004,-0.35201,1.1195100500000001,1.5193469999999998
3447,-0.0022259388000000005,-0.35201,1.1195100500000001,3.0067839999999997
3448,-0.0022249788000000006,-0.35201,1.1275502510000002,4.45402
3449,-0.0022240188,-0.39221100000000003,1.1195100500000001,5.298241
3450,-0.0022230588000000003,-0.35201,1.1275502510000002,5.298241
3451,-0.0022220988000000003,-0.35201,1.1275502510000002,4.413819
3452,-0.0022211388000000004,-0.39221100000000003,1.135590452,2.84598
3453,-0.0022201788000000004,-0.39221100000000003,1.1275502510000002,1.358543
3454,-0.0022192188000000005,-0.35201,1.143630653,0.31331700000000007
3455,-0.0022182588000000006,-0.3721105,1.143630653,0.2731159999999999
3456,-0.0022172988,-0.3319095,1.135590452,1.0369349999999997
3457,-0.0022163388000000003,-0.3721105,1.135590452,2.564573
3458,-0.0022153788000000003,-0.3721105,1.143630653,4.05201
3459,-0.0022144188000000004,-0.35201,1.1275502510000002,5.177638
3460,-0.0022134588000000005,-0.3721105,1.135590452,5.459045
3461,-0.0022124988000000005,-0.3721105,1.143630653,4.815829
3462,-0.0022115388000000006,-0.39221100000000003,1.135590452,3.4891959999999997
3463,-0.0022105788,-0.3721105,1.1275502510000002,1.840955
3464,-0.0022096188000000003,-0.3721105,1.1275502510000002,0.634925
3465,-0.0022086588000000003,-0.3319095,1.1195100500000001,0.19271400000000005
3466,-0.0022076988000000004,-0.3721105,1.1275502510000002,0.634925
3467,-0.0022067388000000005,-0.35201,1.1114698490000001,1.7203519999999999
3468,-0.0022057788000000005,-0.35201,1.1195100500000001,3.2479899999999997
3469,-0.0022048188000000006,-0.39221100000000003,1.1275502510000002,4.695226
3470,-0.0022038588000000002,-0.35201,1.1275502510000002,5.378643
3471,-0.0022028988000000003,-0.39221100000000003,1.135590452,5.298241
3472,-0.0022019388000000003,-0.3721105,1.143630653,4.293216
3473,-0.0022009788000000004,-0.3721105,1.143630653,2.84598
3474,-0.0022000188000000005,-0.3721105,1.135590452,1.358543
3475,-0.0021990588000000005,-0.3319095,1.1275502510000002,0.3535179999999998
3476,-0.0021980988000000006,-0.3721105,1.143630653,0.19271400000000005
3477,-0.0021971388000000002,-0.3721105,1.1275502510000002,1.0369349999999997
3478,-0.0021961788000000003,-0.39221100000000003,1.143630653,2.4037689999999996
3479,-0.0021952188000000004,-0.3721105,1.143630653,3.971608
3480,-0.0021942588000000004,-0.35201,1.135590452,5.137437
3481,-0.0021932988000000005,-0.35201,1.143630653,5.499245999999999
3482,-0.0021923388000000005,-0.35201,1.1275502510000002,4.85603
3483,-0.0021913788,-0.3721105,1.1275502510000002,3.4891959999999997
3484,-0.0021904188000000002,-0.35201,1.1275502510000002,1.8811559999999998
3485,-0.0021894588000000003,-0.35201,1.135590452,0.6751259999999997
3486,-0.0021884988000000004,-0.3721105,1.1275502510000002,0.1525129999999999
3487,-0.0021875388000000004,-0.35201,1.1195100500000001,0.634925
3488,-0.0021865788000000005,-0.3721105,1.1195100500000001,1.961558
3489,-0.0021856188000000006,-0.35201,1.1195100500000001,3.65
3490,-0.0021846588,-0.35201,1.1275502510000002,4.936432
3491,-0.0021836988000000002,-0.35201,1.1195100500000001,5.459045
3492,-0.0021827388000000003,-0.35201,1.1275502510000002,4.976633
3493,-0.0021817788000000004,-0.3721105,1.1195100500000001,3.770603
3494,-0.0021808188000000004,-0.3721105,1.1195100500000001,2.082161
3495,-0.0021798588000000005,-0.35201,1.135590452,0.755528
3496,-0.0021788988000000006,-0.3319095,1.143630653,0.11231199999999975
3497,-0.0021779388,-0.3721105,1.135590452,0.5545229999999997
3498,-0.0021769788000000003,-0.3721105,1.135590452,1.7203519999999999
3499,-0.0021760188000000003,-0.3721105,1.143630653,3.288191
3500,-0.0021750588000000004,-0.35201,1.1275502510000002,4.735427
3501,-0.0021740988000000004,-0.35201,1.1275502510000002,5.418844
3502,-0.0021731388000000005,-0.3721105,1.1275502510000002,5.217839
3503,-0.0021721788000000006,-0.35201,1.1275502510000002,4.05201
3504,-0.0021712188,-0.3319095,1.135590452,2.484171
3505,-0.0021702588000000003,-0.3319095,1.135590452,1.117337
3506,-0.0021692988000000003,-0.35201,1.1275502510000002,0.2731159999999999
3507,-0.0021683388000000004,-0.3319095,1.1275502510000002,0.31331700000000007
3508,-0.0021673788000000005,-0.35201,1.1275502510000002,1.1977389999999999
3509,-0.0021664188000000005,-0.3319095,1.1275502510000002,2.685176
3510,-0.0021654588000000006,-0.3721105,1.1275502510000002,4.172613
3511,-0.0021644988,-0.35201,1.1195100500000001,5.217839
3512,-0.0021635388000000003,-0.35201,1.1275502510000002,5.418844
3513,-0.0021625788000000003,-0.35201,1.1275502510000002,4.695226
3514,-0.0021616188000000004,-0.311809,1.1195100500000001,3.4891959999999997
3515,-0.0021606588000000005,-0.3721105,1.1195100500000001,1.921357
3516,-0.0021596988000000005,-0.35201,1.1275502510000002,0.755528
3517,-0.0021587388000000006,-0.35201,1.135590452,0.11231199999999975
3518,-0.0021577788000000002,-0.35201,1.1275502510000002,0.4339200000000001
3519,-0.0021568188000000003,-0.35201,1.135590452,1.559548
3520,-0.0021558588000000004,-0.3319095,1.135590452,2.966583
3521,-0.0021548988000000004,-0.3721105,1.1275502510000002,4.413819
3522,-0.0021539388000000005,-0.35201,1.143630653,5.298241
3523,-0.0021529788000000005,-0.35201,1.1275502510000002,5.378643
3524,-0.0021520188000000006,-0.35201,1.135590452,4.695226
3525,-0.0021510588000000002,-0.3319095,1.1275502510000002,3.328392
3526,-0.0021500988000000003,-0.3319095,1.135590452,1.8811559999999998
3527,-0.0021491388000000004,-0.3319095,1.1275502510000002,0.6751259999999997
3528,-0.0021481788000000004,-0.35201,1.1275502510000002,0.1525129999999999
3529,-0.0021472188000000005,-0.35201,1.1275502510000002,0.514322
3530,-0.0021462588000000006,-0.35201,1.1275502510000002,1.599749
3531,-0.0021452988,-0.3319095,1.1275502510000002,3.046985
3532,-0.0021443388000000002,-0.35201,1.1195100500000001,4.494221
3533,-0.0021433788000000003,-0.35201,1.1275502510000002,5.338442
3534,-0.0021424188000000004,-0.3319095,1.1195100500000001,5.338442
3535,-0.0021414588000000004,-0.35201,1.1195100500000001,4.45402
3536,-0.0021404988000000005,-0.3319095,1.1195100500000001,3.0067839999999997
3537,-0.0021395388000000006,-0.3319095,1.1275502510000002,1.5193469999999998
3538,-0.0021385788,-0.3319095,1.1195100500000001,0.4741209999999998
3539,-0.0021376188000000003,-0.35201,1.1275502510000002,0.23291499999999976
3540,-0.0021366588000000003,-0.3319095,1.1275502510000002,0.755528
3541,-0.0021356988000000004,-0.3721105,1.135590452,2.122362
3542,-0.0021347388000000004,-0.35201,1.1275502510000002,3.7304019999999998
3543,-0.0021337788000000005,-0.3319095,1.135590452,4.936432
3544,-0.0021328188000000006,-0.35201,1.135590452,5.499245999999999
3545,-0.0021318588,-0.3319095,1.143630653,5.016834
3546,-0.0021308988000000003,-0.3319095,1.143630653,3.810804
3547,-0.0021299388000000003,-0.35201,1.135590452,2.323367
3548,-0.0021289788000000004,-0.35201,1.143630653,0.9163319999999997
3549,-0.0021280188000000005,-0.35201,1.1195100500000001,0.23291499999999976
3550,-0.0021270588000000005,-0.3721105,1.135590452,0.3535179999999998
3551,-0.0021260988000000006,-0.35201,1.1275502510000002,1.2781409999999997
3552,-0.0021251388,-0.3319095,1.135590452,2.7655779999999996
3553,-0.0021241788000000003,-0.3319095,1.1275502510000002,4.172613
3554,-0.0021232188000000003,-0.3319095,1.143630653,5.217839
3555,-0.0021222588000000004,-0.3319095,1.1195100500000001,5.378643
3556,-0.0021212988000000005,-0.3319095,1.1275502510000002,4.775628
3557,-0.0021203388000000005,-0.3319095,1.1195100500000001,3.569598
3558,-0.0021193788000000006,-0.35201,1.1275502510000002,2.202764
3559,-0.0021184188000000002,-0.3319095,1.1275502510000002,0.876131
3560,-0.0021174588000000003,-0.35201,1.1195100500000001,0.19271400000000005
3561,-0.0021164988000000003,-0.3319095,1.1275502510000002,0.31331700000000007
3562,-0.0021155388000000004,-0.3319095,1.1275502510000002,1.0771359999999999
3563,-0.0021145788000000005,-0.3319095,1.135590452,2.4037689999999996
3564,-0.0021136188000000005,-0.311809,1.1275502510000002,3.851005
3565,-0.0021126588000000006,-0.3319095,1.1195100500000001,4.976633
3566,-0.0021116988000000002,-0.29170850000000004,1.135590452,5.459045
3567,-0.0021107388000000003,-0.3319095,1.143630653,5.097236
3568,-0.0021097788000000004,-0.3319095,1.135590452,4.1324119999999995
3569,-0.0021088188000000004,-0.3721105,1.143630653,2.7655779999999996
3570,-0.0021078588000000005,-0.3319095,1.143630653,1.479146
3571,-0.0021068988000000006,-0.3319095,1.1275502510000002,0.4339200000000001
3572,-0.0021059388000000006,-0.35201,1.143630653,0.23291499999999976
3573,-0.0021049788000000002,-0.35201,1.143630653,0.6751259999999997
3574,-0.0021040188000000003,-0.3319095,1.1275502510000002,1.8811559999999998
3575,-0.0021030588000000004,-0.3319095,1.135590452,3.288191
3576,-0.0021020988000000004,-0.35201,1.1275502510000002,4.614824
3577,-0.0021011388000000005,-0.3319095,1.135590452,5.338442
3578,-0.0021001788000000006,-0.3319095,1.143630653,5.177638
3579,-0.0020992188,-0.311809,1.1275502510000002,4.293216
3580,-0.0020982588000000003,-0.3319095,1.1275502510000002,2.966583
3581,-0.0020972988000000003,-0.3319095,1.1195100500000001,1.479146
3582,-0.0020963388000000004,-0.35201,1.1195100500000001,0.39371899999999993
3583,-0.0020953788000000004,-0.3319095,1.1275502510000002,0.19271400000000005
3584,-0.0020944188000000005,-0.3721105,1.1275502510000002,0.876131
3585,-0.0020934588000000006,-0.3319095,1.1275502510000002,2.202764
3586,-0.0020924988,-0.3319095,1.1195100500000001,3.770603
3587,-0.0020915388000000003,-0.3319095,1.1275502510000002,5.057035
3588,-0.0020905788000000003,-0.3319095,1.1195100500000001,5.499245999999999
3589,-0.0020896188000000004,-0.3319095,1.1275502510000002,4.896231
3590,-0.0020886588000000005,-0.35201,1.135590452,3.690201
3591,-0.0020876988000000005,-0.35201,1.135590452,2.001759
3592,-0.0020867388000000006,-0.35201,1.135590452,0.7153269999999998
3593,-0.0020857788,-0.311809,1.143630653,0.19271400000000005
3594,-0.0020848188000000003,-0.35201,1.143630653,0.4741209999999998
3595,-0.0020838588000000003,-0.35201,1.143630653,1.599749
3596,-0.0020828988000000004,-0.3319095,1.135590452,3.1273869999999997
3597,-0.0020819388000000005,-0.311809,1.135590452,4.534422
3598,-0.0020809788000000005,-0.311809,1.143630653,5.338442
3599,-0.0020800188000000006,-0.35201,1.143630653,5.298241
3600,-0.0020790588000000002,-0.3319095,1.1195100500000001,4.45402
3601,-0.0020780988000000003,-0.35201,1.135590452,3.087186
3602,-0.0020771388000000003,-0.311809,1.1195100500000001,1.7203519999999999
3603,-0.0020761788000000004,-0.3319095,1.1195100500000001,0.5545229999999997
3604,-0.0020752188000000005,-0.3319095,1.1275502510000002,0.1525129999999999
3605,-0.0020742588000000005,-0.3319095,1.1195100500000001,0.5545229999999997
3606,-0.0020732988000000006,-0.3319095,1.1275502510000002,1.5193469999999998
3607,-0.0020723388000000002,-0.35201,1.1195100500000001,2.926382
3608,-0.0020713788000000003,-0.311809,1.1275502510000002,4.293216
3609,-0.0020704188000000004,-0.311809,1.1275502510000002,5.177638
3610,-0.0020694588000000004,-0.3319095,1.1195100500000001,5.418844
3611,-0.0020684988000000005,-0.3319095,1.1275502510000002,4.896231
3612,-0.0020675388000000005,-0.3319095,1.1275502510000002,3.690201
3613,-0.0020665788000000006,-0.35201,1.1275502510000002,2.323367
3614,-0.0020656188000000002,-0.3319095,1.135590452,1.0771359999999999
3615,-0.0020646588000000003,-0.311809,1.135590452,0.23291499999999976
3616,-0.0020636988000000004,-0.3319095,1.1275502510000002,0.23291499999999976
3617,-0.0020627388000000004,-0.3319095,1.143630653,0.9565329999999999
3618,-0.0020617788000000005,-0.311809,1.135590452,2.2831659999999996
3619,-0.0020608188000000006,-0.35201,1.135590452,3.7304019999999998
3620,-0.0020598588,-0.311809,1.135590452,4.85603
3621,-0.0020588988000000003,-0.311809,1.143630653,5.418844
3622,-0.0020579388000000003,-0.311809,1.135590452,5.137437
3623,-0.0020569788000000004,-0.35201,1.135590452,4.092211
3624,-0.0020560188000000004,-0.35201,1.1275502510000002,2.6449749999999996
3625,-0.0020550588000000005,-0.29170850000000004,1.1275502510000002,1.23794
3626,-0.0020540988000000006,-0.311809,1.1275502510000002,0.3535179999999998
3627,-0.0020531388,-0.3319095,1.1275502510000002,0.23291499999999976
3628,-0.0020521788000000003,-0.3319095,1.1195100500000001,1.0771359999999999
3629,-0.0020512188000000003,-0.3319095,1.1195100500000001,2.4037689999999996
3630,-0.0020502588000000004,-0.3319095,1.1275502510000002,3.891206
3631,-0.0020492988000000005,-0.311809,1.1275502510000002,5.057035
3632,-0.0020483388000000005,-0.3319095,1.135590452,5.459045
3633,-0.0020473788000000006,-0.311809,1.1275502510000002,5.016834
3634,-0.0020464188,-0.29170850000000004,1.1275502510000002,3.7304019999999998
3635,-0.0020454588000000003,-0.29170850000000004,1.1275502510000002,2.242965
3636,-0.0020444988000000003,-0.3319095,1.1275502510000002,0.9565329999999999
3637,-0.0020435388000000004,-0.3319095,1.1195100500000001,0.23291499999999976
3638,-0.0020425788000000005,-0.3319095,1.1275502510000002,0.31331700000000007
3639,-0.0020416188000000005,-0.35201,1.1195100500000001,1.2781409999999997
3640,-0.0020406588000000006,-0.3319095,1.151670854,2.6449749999999996
3641,-0.0020396988000000002,-0.3319095,1.1275502510000002,4.092211
3642,-0.0020387388000000003,-0.311809,1.135590452,5.177638
3643,-0.0020377788000000003,-0.311809,1.143630653,5.459045
3644,-0.0020368188000000004,-0.3319095,1.135590452,4.936432
3645,-0.0020358588000000005,-0.3319095,1.135590452,3.690201
3646,-0.0020348988000000005,-0.3319095,1.143630653,2.2831659999999996
3647,-0.0020339388000000006,-0.3319095,1.135590452,0.996734
3648,-0.0020329788000000002,-0.311809,1.135590452,0.2731159999999999
3649,-0.0020320188000000003,-0.311809,1.1275502510000002,0.31331700000000007
3650,-0.0020310588000000004,-0.3319095,1.1275502510000002,1.117337
3651,-0.0020300988000000004,-0.311809,1.135590452,2.44397
3652,-0.0020291388000000005,-0.3319095,1.1275502510000002,3.931407
3653,-0.0020281788000000005,-0.311809,1.1275502510000002,5.016834
3654,-0.0020272188000000006,-0.311809,1.1275502510000002,5.459045
3655,-0.0020262588000000002,-0.311809,1.1195100500000001,5.016834
3656,-0.0020252988000000003,-0.311809,1.1195100500000001,3.971608
3657,-0.0020243388000000004,-0.3319095,1.1275502510000002,2.6449749999999996
3658,-0.0020233788000000004,-0.311809,1.1195100500000001,1.2781409999999997
3659,-0.0020224188000000005,-0.311809,1.1275502510000002,0.3535179999999998
3660,-0.0020214588000000006,-0.3319095,1.135590452,0.23291499999999976
3661,-0.0020204988000000006,-0.311809,1.1275502510000002,0.8359299999999998
3662,-0.0020195388000000002,-0.29170850000000004,1.135590452,2.04196
3663,-0.0020185788000000003,-0.311809,1.135590452,3.4891959999999997
3664,-0.0020176188000000004,-0.311809,1.1275502510000002,4.695226
3665,-0.0020166588000000004,-0.311809,1.143630653,5.378643
3666,-0.0020156988000000005,-0.3319095,1.143630653,5.258039999999999
3667,-0.0020147388000000006,-0.311809,1.143630653,4.333417
3668,-0.0020137788,-0.311809,1.143630653,2.966583
3669,-0.0020128188000000003,-0.3319095,1.143630653,1.559548
3670,-0.0020118588000000003,-0.3319095,1.135590452,0.4741209999999998
3671,-0.0020108988000000004,-0.29170850000000004,1.135590452,0.1525129999999999
3672,-0.0020099388000000004,-0.311809,1.143630653,0.7153269999999998
3673,-0.0020089788000000005,-0.29170850000000004,1.1275502510000002,1.921357
3674,-0.0020080188000000006,-0.311809,1.1195100500000001,3.408794
3675,-0.0020070588,-0.29170850000000004,1.135590452,4.695226
3676,-0.0020060988000000003,-0.311809,1.1195100500000001,5.378643
3677,-0.0020051388000000003,-0.29170850000000004,1.135590452,5.217839
3678,-0.0020041788000000004,-0.3319095,1.1275502510000002,4.333417
3679,-0.0020032188000000005,-0.311809,1.1275502510000002,2.84598
3680,-0.0020022588000000005,-0.3319095,1.1195100500000001,1.318342
3681,-0.0020012988000000006,-0.29170850000000004,1.1195100500000001,0.4339200000000001
3682,-0.0020003388,-0.3319095,1.1195100500000001,0.23291499999999976
3683,-0.0019993788000000003,-0.29170850000000004,1.135590452,0.876131
3684,-0.0019984188000000003,-0.311809,1.1195100500000001,2.082161
3685,-0.0019974588000000004,-0.29170850000000004,1.1195100500000001,3.529397
3686,-0.0019964988000000005,-0.29170850000000004,1.1195100500000001,4.815829
3687,-0.0019955388000000005,-0.311809,1.1275502510000002,5.378643
3688,-0.0019945788000000006,-0.3319095,1.1195100500000001,5.217839
3689,-0.0019936188000000002,-0.29170850000000004,1.1275502510000002,4.293216
3690,-0.0019926588000000003,-0.311809,1.135590452,2.926382
3691,-0.0019916988000000004,-0.29170850000000004,1.1275502510000002,1.438945
3692,-0.0019907388000000004,-0.311809,1.135590452,0.4339200000000001
3693,-0.0019897788000000005,-0.311809,1.1275502510000002,0.11231199999999975
3694,-0.0019888188000000005,-0.29170850000000004,1.143630653,0.5947239999999998
3695,-0.0019878588000000006,-0.311809,1.135590452,1.680151
3696,-0.0019868988000000002,-0.29170850000000004,1.143630653,3.0067839999999997
3697,-0.0019859388000000003,-0.311809,1.143630653,4.333417
3698,-0.0019849788000000004,-0.311809,1.135590452,5.258039999999999
3699,-0.0019840188000000004,-0.29170850000000004,1.135590452,5.338442
3700,-0.0019830588000000005,-0.29170850000000004,1.135590452,4.815829
3701,-0.0019820988000000006,-0.29170850000000004,1.1275502510000002,3.7304019999999998
3702,-0.0019811388000000006,-0.29170850000000004,1.1275502510000002,2.2831659999999996
3703,-0.0019801788000000002,-0.311809,1.1275502510000002,1.0369349999999997
3704,-0.0019792188000000003,-0.29170850000000004,1.1195100500000001,0.23291499999999976
3705,-0.0019782588000000004,-0.311809,1.1195100500000001,0.23291499999999976
3706,-0.0019772988000000004,-0.29170850000000004,1.1195100500000001,0.996734
3707,-0.0019763388000000005,-0.311809,1.135590452,2.2831659999999996
3708,-0.0019753788000000006,-0.311809,1.1275502510000002,3.770603
3709,-0.0019744188000000006,-0.311809,1.1275502510000002,4.936432
3710,-0.0019734588000000003,-0.29170850000000004,1.135590452,5.418844
3711,-0.0019724988000000003,-0.3319095,1.135590452,5.016834
3712,-0.0019715388000000004,-0.311809,1.135590452,3.931407
3713,-0.0019705788000000004,-0.271608,1.1275502510000002,2.4037689999999996
3714,-0.0019696188000000005,-0.311809,1.1275502510000002,0.996734
3715,-0.0019686588000000006,-0.311809,1.135590452,0.2731159999999999
3716,-0.0019676988,-0.311809,1.135590452,0.3535179999999998
3717,-0.0019667388000000003,-0.311809,1.1275502510000002,1.318342
3718,-0.0019657788000000003,-0.29170850000000004,1.143630653,2.7655779999999996
3719,-0.0019648188000000004,-0.311809,1.135590452,4.293216
3720,-0.0019638588000000005,-0.29170850000000004,1.143630653,5.298241
3721,-0.0019628988000000005,-0.29170850000000004,1.1275502510000002,5.378643
3722,-0.0019619388000000006,-0.311809,1.1275502510000002,4.494221
3723,-0.0019609788,-0.29170850000000004,1.143630653,3.1273869999999997
3724,-0.0019600188000000003,-0.29170850000000004,1.1275502510000002,1.559548
3725,-0.0019590588000000003,-0.311809,1.1195100500000001,0.4741209999999998
3726,-0.0019580988000000004,-0.29170850000000004,1.1195100500000001,0.23291499999999976
3727,-0.0019571388000000005,-0.311809,1.1195100500000001,0.755528
3728,-0.0019561788000000005,-0.311809,1.1195100500000001,2.082161
3729,-0.0019552188000000006,-0.29170850000000004,1.1275502510000002,3.529397
3730,-0.0019542588000000002,-0.311809,1.1195100500000001,4.775628
3731,-0.0019532988000000003,-0.29170850000000004,1.135590452,5.418844
3732,-0.0019523388000000003,-0.29170850000000004,1.1275502510000002,5.137437
3733,-0.0019513788000000004,-0.29170850000000004,1.1275502510000002,4.1324119999999995
3734,-0.0019504188000000005,-0.271608,1.1195100500000001,2.805779
3735,-0.0019494588000000005,-0.311809,1.1275502510000002,1.358543
3736,-0.0019484988000000006,-0.311809,1.143630653,0.4339200000000001
3737,-0.0019475388000000002,-0.29170850000000004,1.143630653,0.11231199999999975
3738,-0.0019465788000000003,-0.311809,1.1275502510000002,0.6751259999999997
3739,-0.0019456188000000004,-0.311809,1.1275502510000002,1.840955
3740,-0.0019446588000000004,-0.29170850000000004,1.135590452,3.288191
3741,-0.0019436988000000005,-0.271608,1.1275502510000002,4.534422
3742,-0.0019427388000000005,-0.29170850000000004,1.1275502510000002,5.298241
3743,-0.0019417788000000006,-0.271608,1.1275502510000002,5.338442
3744,-0.0019408188000000002,-0.311809,1.143630653,4.534422
3745,-0.0019398588000000003,-0.29170850000000004,1.135590452,3.2479899999999997
3746,-0.0019388988000000004,-0.311809,1.135590452,1.800754
3747,-0.0019379388000000004,-0.29170850000000004,1.135590452,0.634925
3748,-0.0019369788000000005,-0.271608,1.1275502510000002,0.19271400000000005
3749,-0.0019360188000000006,-0.29170850000000004,1.1275502510000002,0.4741209999999998
3750,-0.0019350588000000006,-0.29170850000000004,1.135590452,1.6399499999999998
3751,-0.0019340988000000003,-0.29170850000000004,1.143630653,3.087186
3752,-0.0019331388000000003,-0.29170850000000004,1.1195100500000001,4.494221
3753,-0.0019321788000000004,-0.29170850000000004,1.1195100500000001,5.298241
3754,-0.0019312188000000004,-0.29170850000000004,1.1114698490000001,5.298241
3755,-0.0019302588000000005,-0.29170850000000004,1.1275502510000002,4.293216
3756,-0.0019292988000000006,-0.29170850000000004,1.1275502510000002,2.926382
3757,-0.0019283388000000002,-0.311809,1.1275502510000002,1.3987439999999998
3758,-0.0019273788000000003,-0.271608,1.1275502510000002,0.3535179999999998
3759,-0.0019264188000000003,-0.29170850000000004,1.143630653,0.23291499999999976
3760,-0.0019254588000000004,-0.271608,1.1275502510000002,0.9565329999999999
3761,-0.0019244988000000005,-0.29170850000000004,1.135590452,2.4037689999999996
3762,-0.0019235388000000005,-0.311809,1.1275502510000002,3.891206
3763,-0.0019225788000000006,-0.29170850000000004,1.135590452,5.097236
3764,-0.0019216188000000002,-0.3319095,1.143630653,5.418844
3765,-0.0019206588000000003,-0.29170850000000004,1.143630653,4.815829
3766,-0.0019196988000000003,-0.271608,1.143630653,3.448995
3767,-0.0019187388000000004,-0.271608,1.135590452,1.8811559999999998
3768,-0.0019177788000000005,-0.29170850000000004,1.135590452,0.6751259999999997
3769,-0.0019168188000000005,-0.29170850000000004,1.135590452,0.11231199999999975
3770,-0.0019158588000000006,-0.29170850000000004,1.143630653,0.5545229999999997
3771,-0.0019148988000000002,-0.29170850000000004,1.135590452,1.800754
3772,-0.0019139388000000003,-0.29170850000000004,1.135590452,3.3685929999999997
3773,-0.0019129788000000003,-0.29170850000000004,1.1275502510000002,4.695226
3774,-0.0019120188000000004,-0.29170850000000004,1.1195100500000001,5.378643
3775,-0.0019110588000000005,-0.29170850000000004,1.1195100500000001,5.177638
3776,-0.0019100988000000005,-0.29170850000000004,1.1195100500000001,4.172613
3777,-0.0019091388000000006,-0.29170850000000004,1.135590452,2.685176
3778,-0.0019081788000000002,-0.29170850000000004,1.1195100500000001,1.23794
3779,-0.0019072188000000003,-0.271608,1.1275502510000002,0.31331700000000007
3780,-0.0019062588000000004,-0.29170850000000004,1.1195100500000001,0.19271400000000005
3781,-0.0019052988000000004,-0.271608,1.1275502510000002,0.9163319999999997
3782,-0.0019043388000000005,-0.311809,1.135590452,2.1625629999999996
3783,-0.0019033788000000005,-0.271608,1.135590452,3.65
3784,-0.0019024188000000006,-0.271608,1.1195100500000001,4.85603
3785,-0.0019014588000000002,-0.271608,1.135590452,5.418844
3786,-0.0019004988000000003,-0.271608,1.1195100500000001,5.177638
3787,-0.0018995388000000004,-0.29170850000000004,1.1275502510000002,4.1324119999999995
3788,-0.0018985788000000004,-0.29170850000000004,1.1275502510000002,2.725377
3789,-0.0018976188000000005,-0.29170850000000004,1.1275502510000002,1.3987439999999998
3790,-0.0018966588000000006,-0.271608,1.143630653,0.39371899999999993
3791,-0.0018956988000000006,-0.29170850000000004,1.135590452,0.1525129999999999
3792,-0.0018947388000000003,-0.29170850000000004,1.1275502510000002,0.7153269999999998
3793,-0.0018937788000000003,-0.29170850000000004,1.1275502510000002,1.8811559999999998
3794,-0.0018928188000000004,-0.29170850000000004,1.143630653,3.448995
3795,-0.0018918588000000004,-0.271608,1.1275502510000002,4.695226
3796,-0.0018908988000000005,-0.2515075,1.1195100500000001,5.338442
3797,-0.0018899388000000006,-0.311809,1.135590452,5.217839
3798,-0.0018889788000000006,-0.2515075,1.143630653,4.293216
3799,-0.0018880188000000003,-0.271608,1.1275502510000002,2.8861809999999997
3800,-0.0018870588000000003,-0.271608,1.1275502510000002,1.3987439999999998
3801,-0.0018860988000000004,-0.29170850000000004,1.1195100500000001,0.39371899999999993
3802,-0.0018851388000000005,-0.311809,1.1195100500000001,0.19271400000000005
3803,-0.0018841788000000005,-0.29170850000000004,1.1195100500000001,0.8359299999999998
3804,-0.0018832188000000006,-0.29170850000000004,1.1275502510000002,2.1625629999999996
3805,-0.0018822588000000002,-0.271608,1.1275502510000002,3.7304019999999998
3806,-0.0018812988000000003,-0.29170850000000004,1.135590452,4.936432
3807,-0.0018803388000000003,-0.271608,1.1275502510000002,5.418844
3808,-0.0018793788000000004,-0.29170850000000004,1.135590452,4.976633
3809,-0.0018784188000000005,-0.29170850000000004,1.1275502510000002,3.7304019999999998
3810,-0.0018774588000000005,-0.29170850000000004,1.135590452,2.1625629999999996
3811,-0.0018764988000000006,-0.29170850000000004,1.1275502510000002,0.7957289999999997
3812,-0.0018755388000000002,-0.271608,1.143630653,0.1525129999999999
3813,-0.0018745788000000003,-0.271608,1.135590452,0.4741209999999998
3814,-0.0018736188000000003,-0.29170850000000004,1.135590452,1.479146
3815,-0.0018726588000000004,-0.271608,1.143630653,3.046985
3816,-0.0018716988000000005,-0.2515075,1.143630653,4.413819
3817,-0.0018707388000000005,-0.29170850000000004,1.135590452,5.298241
3818,-0.0018697788000000006,-0.29170850000000004,1.135590452,5.258039999999999
3819,-0.0018688188000000002,-0.29170850000000004,1.1275502510000002,4.373618
3820,-0.0018678588000000003,-0.271608,1.135590452,2.926382
3821,-0.0018668988000000004,-0.311809,1.135590452,1.479146
3822,-0.0018659388000000004,-0.271608,1.1275502510000002,0.514322
3823,-0.0018649788000000005,-0.2515075,1.1275502510000002,0.19271400000000005
3824,-0.0018640188000000005,-0.29170850000000004,1.1275502510000002,0.6751259999999997
3825,-0.0018630588000000006,-0.271608,1.1195100500000001,1.921357
3826,-0.0018620988000000002,-0.29170850000000004,1.1275502510000002,3.3685929999999997
3827,-0.0018611388000000003,-0.271608,1.1114698490000001,4.614824
3828,-0.0018601788000000004,-0.271608,1.1275502510000002,5.378643
3829,-0.0018592188000000004,-0.271608,1.1275502510000002,5.258039999999999
3830,-0.0018582588000000005,-0.271608,1.135590452,4.413819
3831,-0.0018572988000000006,-0.271608,1.1275502510000002,3.2479899999999997
3832,-0.0018563388000000006,-0.29170850000000004,1.135590452,1.7203519999999999
3833,-0.0018553788000000002,-0.271608,1.135590452,0.6751259999999997
3834,-0.0018544188000000003,-0.271608,1.135590452,0.1525129999999999
3835,-0.0018534588000000004,-0.29170850000000004,1.1275502510000002,0.4339200000000001
3836,-0.0018524988000000004,-0.271608,1.135590452,1.358543
3837,-0.0018515388000000005,-0.29170850000000004,1.135590452,2.6449749999999996
3838,-0.0018505788000000006,-0.271608,1.1275502510000002,4.05201
3839,-0.0018496188000000006,-0.271608,1.135590452,5.097236
3840,-0.0018486588000000003,-0.29170850000000004,1.143630653,5.418844
3841,-0.0018476988000000003,-0.29170850000000004,1.135590452,5.016834
3842,-0.0018467388000000004,-0.2515075,1.143630653,3.891206
3843,-0.0018457788000000004,-0.29170850000000004,1.135590452,2.5243719999999996
3844,-0.0018448188000000005,-0.271608,1.143630653,1.117337
3845,-0.0018438588000000006,-0.2515075,1.143630653,0.31331700000000007
3846,-0.0018428988000000002,-0.29170850000000004,1.143630653,0.19271400000000005
3847,-0.0018419388000000003,-0.271608,1.1275502510000002,0.876131
3848,-0.0018409788000000003,-0.29170850000000004,1.135590452,2.202764
3849,-0.0018400188000000004,-0.271608,1.1275502510000002,3.690201
3850,-0.0018390588000000005,-0.2515075,1.1195100500000001,4.85603
3851,-0.0018380988000000005,-0.29170850000000004,1.1275502510000002,5.418844
3852,-0.0018371388000000006,-0.271608,1.1195100500000001,5.057035
3853,-0.0018361788000000002,-0.271608,1.1195100500000001,3.931407
3854,-0.0018352188000000003,-0.29170850000000004,1.1275502510000002,2.484171
3855,-0.0018342588000000003,-0.2515075,1.1275502510000002,1.0771359999999999
3856,-0.0018332988000000004,-0.2515075,1.135590452,0.2731159999999999
3857,-0.0018323388000000005,-0.271608,1.1275502510000002,0.2731159999999999
3858,-0.0018313788000000005,-0.271608,1.135590452,0.996734
3859,-0.0018304188000000006,-0.2515075,1.143630653,2.4037689999999996
3860,-0.0018294588000000002,-0.29170850000000004,1.143630653,3.931407
3861,-0.0018284988000000003,-0.271608,1.135590452,5.057035
3862,-0.0018275388000000004,-0.23140700000000003,1.135590452,5.459045
3863,-0.0018265788000000004,-0.23140700000000003,1.135590452,4.936432
3864,-0.0018256188000000005,-0.271608,1.135590452,3.810804
3865,-0.0018246588000000005,-0.29170850000000004,1.135590452,2.323367
3866,-0.0018236988000000006,-0.271608,1.135590452,1.0369349999999997
3867,-0.0018227388000000002,-0.2515075,1.143630653,0.23291499999999976
3868,-0.0018217788000000003,-0.271608,1.1275502510000002,0.2731159999999999
3869,-0.0018208188000000004,-0.271608,1.1275502510000002,1.0771359999999999
3870,-0.0018198588000000004,-0.271608,1.143630653,2.4037689999999996
3871,-0.0018188988000000005,-0.271608,1.135590452,3.851005
3872,-0.0018179388000000006,-0.2515075,1.1275502510000002,4.896231
3873,-0.0018169788000000006,-0.29170850000000004,1.1275502510000002,5.418844
3874,-0.0018160188000000002,-0.29170850000000004,1.1275502510000002,5.016834
3875,-0.0018150588000000003,-0.271608,1.1275502510000002,3.931407
3876,-0.0018140988000000004,-0.2515075,1.135590452,2.5243719999999996
3877,-0.0018131388000000004,-0.2515075,1.1195100500000001,1.117337
3878,-0.0018121788000000005,-0.271608,1.1275502510000002,0.3535179999999998
3879,-0.0018112188000000006,-0.2515075,1.1275502510000002,0.23291499999999976
3880,-0.0018102588000000006,-0.271608,1.1275502510000002,0.9565329999999999
3881,-0.0018092988000000003,-0.2515075,1.143630653,2.2831659999999996
3882,-0.0018083388000000003,-0.271608,1.135590452,3.810804
3883,-0.0018073788000000004,-0.271608,1.143630653,4.936432
3884,-0.0018064188000000004,-0.271608,1.143630653,5.378643
3885,-0.0018054588000000005,-0.2515075,1.151670854,5.016834
3886,-0.0018044988000000006,-0.29170850000000004,1.135590452,3.891206
3887,-0.0018035388000000006,-0.23140700000000003,1.143630653,2.484171
3888,-0.0018025788000000003,-0.29170850000000004,1.135590452,1.0771359999999999
3889,-0.0018016188000000003,-0.271608,1.135590452,0.23291499999999976
3890,-0.0018006588000000004,-0.271608,1.143630653,0.23291499999999976
3891,-0.0017996988000000005,-0.271608,1.135590452,1.0369349999999997
3892,-0.0017987388000000005,-0.2515075,1.143630653,2.484171
3893,-0.0017977788000000006,-0.2515075,1.1275502510000002,3.931407
3894,-0.0017968188000000002,-0.2515075,1.1275502510000002,5.016834
3895,-0.0017958588000000003,-0.271608,1.1275502510000002,5.378643
3896,-0.0017948988000000003,-0.271608,1.1195100500000001,4.936432
3897,-0.0017939388000000004,-0.271608,1.1195100500000001,3.851005
3898,-0.0017929788000000005,-0.23140700000000003,1.1195100500000001,2.2831659999999996
3899,-0.0017920188000000005,-0.23140700000000003,1.135590452,0.996734
3900,-0.0017910588000000006,-0.29170850000000004,1.1195100500000001,0.23291499999999976
3901,-0.0017900988000000002,-0.2515075,1.1275502510000002,0.31331700000000007
3902,-0.0017891388000000003,-0.271608,1.1195100500000001,1.1977389999999999
3903,-0.0017881788000000003,-0.271608,1.1275502510000002,2.5243719999999996
3904,-0.0017872188000000004,-0.2515075,1.1275502510000002,4.0118089999999995
3905,-0.0017862588000000005,-0.2113065,1.135590452,4.976633
3906,-0.0017852988000000005,-0.271608,1.135590452,5.378643
3907,-0.0017843388000000006,-0.2515075,1.135590452,4.936432
3908,-0.0017833788000000002,-0.23140700000000003,1.143630653,3.770603
3909,-0.0017824188000000003,-0.271608,1.135590452,2.242965
3910,-0.0017814588000000004,-0.2515075,1.143630653,0.9163319999999997
3911,-0.0017804988000000004,-0.2515075,1.135590452,0.23291499999999976
3912,-0.0017795388000000005,-0.2515075,1.143630653,0.31331700000000007
3913,-0.0017785788000000005,-0.2515075,1.135590452,1.318342
3914,-0.0017776188000000006,-0.271608,1.135590452,2.805779
3915,-0.0017766588000000002,-0.2515075,1.135590452,4.212814
3916,-0.0017756988000000003,-0.23140700000000003,1.135590452,5.177638
3917,-0.0017747388000000004,-0.2515075,1.135590452,5.338442
3918,-0.0017737788000000004,-0.2515075,1.1275502510000002,4.655025
3919,-0.0017728188000000005,-0.2515075,1.1275502510000002,3.288191
3920,-0.0017718588000000006,-0.2515075,1.1275502510000002,1.7203519999999999
3921,-0.0017708988000000006,-0.2515075,1.1195100500000001,0.5545229999999997
3922,-0.0017699388000000003,-0.2515075,1.1275502510000002,0.1525129999999999
3923,-0.0017689788000000003,-0.271608,1.1275502510000002,0.7153269999999998
3924,-0.0017680188000000004,-0.2515075,1.135590452,2.001759
3925,-0.0017670588000000004,-0.271608,1.143630653,3.6097989999999998
3926,-0.0017660988000000005,-0.23140700000000003,1.1195100500000001,4.85603
3927,-0.0017651388000000006,-0.2515075,1.135590452,5.378643
3928,-0.0017641788000000006,-0.2515075,1.1275502510000002,4.976633
3929,-0.0017632188000000003,-0.271608,1.1275502510000002,3.810804
3930,-0.0017622588000000003,-0.2515075,1.1275502510000002,2.1625629999999996
3931,-0.0017612988000000004,-0.2515075,1.135590452,0.876131
3932,-0.0017603388000000005,-0.23140700000000003,1.135590452,0.19271400000000005
3933,-0.0017593788000000005,-0.2515075,1.143630653,0.4339200000000001
3934,-0.0017584188000000006,-0.2515075,1.135590452,1.438945
3935,-0.0017574588000000006,-0.23140700000000003,1.143630653,2.8861809999999997
3936,-0.0017564988000000003,-0.271608,1.143630653,4.293216
3937,-0.0017555388000000003,-0.2515075,1.135590452,5.258039999999999
3938,-0.0017545788000000004,-0.2113065,1.1275502510000002,5.378643
3939,-0.0017536188000000005,-0.2515075,1.135590452,4.614824
3940,-0.0017526588000000005,-0.2515075,1.135590452,3.328392
3941,-0.0017516988000000006,-0.23140700000000003,1.1275502510000002,1.7605529999999998
3942,-0.0017507388000000002,-0.2515075,1.1275502510000002,0.6751259999999997
3943,-0.0017497788000000003,-0.2515075,1.135590452,0.19271400000000005
3944,-0.0017488188000000003,-0.2515075,1.1275502510000002,0.4741209999999998
3945,-0.0017478588000000004,-0.2515075,1.1275502510000002,1.479146
3946,-0.0017468988000000005,-0.271608,1.135590452,2.966583
3947,-0.0017459388000000005,-0.2515075,1.1195100500000001,4.2530149999999995
3948,-0.0017449788000000006,-0.2515075,1.1195100500000001,5.217839
3949,-0.0017440188000000002,-0.2515075,1.135590452,5.378643
3950,-0.0017430588000000003,-0.2515075,1.135590452,4.775628
3951,-0.0017420988000000004,-0.23140700000000003,1.135590452,3.4891959999999997
3952,-0.0017411388000000004,-0.2515075,1.1275502510000002,1.961558
3953,-0.0017401788000000005,-0.23140700000000003,1.1275502510000002,0.7957289999999997
3954,-0.0017392188000000005,-0.2515075,1.135590452,0.19271400000000005
3955,-0.0017382588000000006,-0.23140700000000003,1.143630653,0.39371899999999993
3956,-0.0017372988000000002,-0.271608,1.143630653,1.358543
3957,-0.0017363388000000003,-0.2515075,1.135590452,2.7655779999999996
3958,-0.0017353788000000004,-0.2515075,1.143630653,4.212814
3959,-0.0017344188000000004,-0.23140700000000003,1.143630653,5.217839
3960,-0.0017334588000000005,-0.2113065,1.143630653,5.378643
3961,-0.0017324988000000006,-0.2113065,1.143630653,4.735427
3962,-0.0017315388000000006,-0.23140700000000003,1.143630653,3.4891959999999997
3963,-0.0017305788000000003,-0.23140700000000003,1.135590452,1.8811559999999998
3964,-0.0017296188000000003,-0.2515075,1.143630653,0.6751259999999997
3965,-0.0017286588000000004,-0.2515075,1.1195100500000001,0.19271400000000005
3966,-0.0017276988000000004,-0.2515075,1.1195100500000001,0.514322
3967,-0.0017267388000000005,-0.2515075,1.143630653,1.7203519999999999
3968,-0.0017257788000000006,-0.2515075,1.1195100500000001,3.328392
3969,-0.0017248188000000006,-0.2515075,1.143630653,4.655025
3970,-0.0017238588000000003,-0.23140700000000003,1.1275502510000002,5.378643
3971,-0.0017228988000000003,-0.23140700000000003,1.1195100500000001,5.137437
3972,-0.0017219388000000004,-0.2515075,1.1275502510000002,3.891206
3973,-0.0017209788000000005,-0.2515075,1.135590452,2.323367
3974,-0.0017200188000000005,-0.271608,1.143630653,0.876131
3975,-0.0017190588000000006,-0.2515075,1.1275502510000002,0.1525129999999999
3976,-0.0017180988000000006,-0.271608,1.1275502510000002,0.4741209999999998
3977,-0.0017171388000000003,-0.23140700000000003,1.143630653,1.7203519999999999
3978,-0.0017161788000000003,-0.2515075,1.135590452,3.288191
3979,-0.0017152188000000004,-0.23140700000000003,1.143630653,4.735427
3980,-0.0017142588000000005,-0.23140700000000003,1.135590452,5.298241
3981,-0.0017132988000000005,-0.2515075,1.151670854,5.057035
3982,-0.0017123388000000006,-0.2515075,1.143630653,3.891206
3983,-0.0017113788000000002,-0.29170850000000004,1.135590452,2.363568
3984,-0.0017104188000000003,-0.2515075,1.143630653,0.9163319999999997
3985,-0.0017094588000000003,-0.23140700000000003,1.143630653,0.19271400000000005
3986,-0.0017084988000000004,-0.2515075,1.135590452,0.4339200000000001
3987,-0.0017075388000000005,-0.2515075,1.135590452,1.479146
3988,-0.0017065788000000005,-0.2515075,1.1275502510000002,3.0067839999999997
3989,-0.0017056188000000006,-0.23140700000000003,1.1275502510000002,4.373618
3990,-0.0017046588000000002,-0.2515075,1.1195100500000001,5.258039999999999
3991,-0.0017036988000000003,-0.2515075,1.1275502510000002,5.298241
3992,-0.0017027388000000004,-0.23140700000000003,1.135590452,4.534422
3993,-0.0017017788000000004,-0.2515075,1.135590452,3.2479899999999997
3994,-0.0017008188000000005,-0.23140700000000003,1.1275502510000002,1.800754
3995,-0.0016998588000000005,-0.23140700000000003,1.135590452,0.6751259999999997
3996,-0.0016988988000000006,-0.23140700000000003,1.143630653,0.19271400000000005
3997,-0.0016979388000000002,-0.2515075,1.135590452,0.39371899999999993
3998,-0.0016969788000000003,-0.191206,1.1275502510000002,1.438945
3999,-0.0016960188000000004,-0.23140700000000003,1.1275502510000002,2.805779
4000,-0.0016950588000000004,-0.23140700000000003,1.143630653,4.1324119999999995
4001,-0.0016940988000000005,-0.23140700000000003,1.143630653,5.057035
4002,-0.0016931388000000006,-0.2515075,1.135590452,5.378643
4003,-0.0016921788000000006,-0.2515075,1.135590452,4.85603
4004,-0.0016912188000000002,-0.2113065,1.143630653,3.690201
4005,-0.0016902588000000003,-0.2113065,1.143630653,2.122362
4006,-0.0016892988000000004,-0.23140700000000003,1.143630653,0.9163319999999997
4007,-0.0016883388000000004,-0.2515075,1.143630653,0.2731159999999999
4008,-0.0016873788000000005,-0.271608,1.135590452,0.39371899999999993
4009,-0.0016864188000000006,-0.271608,1.143630653,1.2781409999999997
4010,-0.0016854588000000006,-0.23140700000000003,1.135590452,2.7655779999999996
4011,-0.0016844988000000003,-0.2515075,1.1275502510000002,4.2530149999999995
4012,-0.0016835388000000003,-0.23140700000000003,1.135590452,5.217839
4013,-0.0016825788000000004,-0.23140700000000003,1.1275502510000002,5.298241
4014,-0.0016816188000000004,-0.2113065,1.1275502510000002,4.373618
4015,-0.0016806588000000005,-0.2113065,1.1275502510000002,2.966583
4016,-0.0016796988000000006,-0.2113065,1.1195100500000001,1.318342
4017,-0.0016787388000000006,-0.2113065,1.1275502510000002,0.31331700000000007
4018,-0.0016777788000000003,-0.2515075,1.135590452,0.23291499999999976
4019,-0.0016768188000000003,-0.2515075,1.143630653,1.23794
4020,-0.0016758588000000004,-0.2113065,1.1275502510000002,2.805779
4021,-0.0016748988000000005,-0.2113065,1.135590452,4.45402
4022,-0.0016739388000000005,-0.191206,1.1275502510000002,5.298241
4023,-0.0016729788000000006,-0.2113065,1.143630653,5.177638
4024,-0.0016720188000000006,-0.2113065,1.135590452,4.0118089999999995
4025,-0.0016710588000000003,-0.2113065,1.135590452,2.4037689999999996
4026,-0.0016700988000000003,-0.2515075,1.143630653,0.876131
4027,-0.0016691388000000004,-0.23140700000000003,1.143630653,0.23291499999999976
4028,-0.0016681788000000005,-0.23140700000000003,1.135590452,0.514322
4029,-0.0016672188000000005,-0.23140700000000003,1.151670854,1.7605529999999998
4030,-0.0016662588000000006,-0.23140700000000003,1.135590452,3.3685929999999997
4031,-0.0016652988000000002,-0.2113065,1.143630653,4.775628
4032,-0.0016643388000000003,-0.2113065,1.135590452,5.459045
4033,-0.0016633788000000004,-0.23140700000000003,1.1275502510000002,5.016834
4034,-0.0016624188000000004,-0.2113065,1.135590452,3.770603
4035,-0.0016614588000000005,-0.2515075,1.1275502510000002,2.323367
4036,-0.0016604988000000005,-0.2515075,1.135590452,0.876131
4037,-0.0016595388000000006,-0.23140700000000003,1.135590452,0.19271400000000005
4038,-0.0016585788000000002,-0.23140700000000003,1.1275502510000002,0.3535179999999998
4039,-0.0016576188000000003,-0.23140700000000003,1.135590452,1.438945
4040,-0.0016566588000000004,-0.2113065,1.1275502510000002,2.84598
4041,-0.0016556988000000004,-0.2515075,1.143630653,4.333417
4042,-0.0016547388000000005,-0.2113065,1.1275502510000002,5.217839
4043,-0.0016537788000000006,-0.23140700000000003,1.143630653,5.338442
4044,-0.0016528188000000006,-0.191206,1.135590452,4.655025
4045,-0.0016518588000000002,-0.23140700000000003,1.143630653,3.2479899999999997
4046,-0.0016508988000000003,-0.23140700000000003,1.143630653,1.7203519999999999
4047,-0.0016499388000000004,-0.2113065,1.143630653,0.5545229999999997
4048,-0.0016489788000000004,-0.23140700000000003,1.143630653,0.1525129999999999
4049,-0.0016480188000000005,-0.2113065,1.151670854,0.5545229999999997
4050,-0.0016470588000000006,-0.2113065,1.143630653,1.800754
4051,-0.0016460988000000006,-0.23140700000000003,1.135590452,3.328392
4052,-0.0016451388000000003,-0.23140700000000003,1.143630653,4.655025
4053,-0.0016441788000000003,-0.2113065,1.143630653,5.378643
4054,-0.0016432188000000004,-0.2113065,1.135590452,5.137437
4055,-0.0016422588000000004,-0.2113065,1.143630653,4.092211
4056,-0.0016412988000000005,-0.191206,1.151670854,2.564573
4057,-0.0016403388000000006,-0.2113065,1.135590452,1.117337
4058,-0.0016393788000000006,-0.2113065,1.135590452,0.23291499999999976
4059,-0.0016384188000000003,-0.191206,1.1275502510000002,0.3535179999999998
4060,-0.0016374588000000003,-0.2113065,1.135590452,1.318342
4061,-0.0016364988000000004,-0.2515075,1.1275502510000002,2.8861809999999997
4062,-0.0016355388000000005,-0.2113065,1.135590452,4.413819
4063,-0.0016345788000000005,-0.2113065,1.143630653,5.258039999999999
4064,-0.0016336188000000006,-0.23140700000000003,1.135590452,5.258039999999999
4065,-0.0016326588000000006,-0.2113065,1.135590452,4.212814
4066,-0.0016316988000000003,-0.2113065,1.1275502510000002,2.604774
4067,-0.0016307388000000003,-0.23140700000000003,1.1275502510000002,1.0771359999999999
4068,-0.0016297788000000004,-0.2113065,1.151670854,0.19271400000000005
4069,-0.0016288188000000005,-0.23140700000000003,1.143630653,0.3535179999999998
4070,-0.0016278588000000005,-0.2113065,1.143630653,1.438945
4071,-0.0016268988000000002,-0.2113065,1.143630653,3.0067839999999997
4072,-0.0016259388000000007,-0.23140700000000003,1.143630653,4.534422
4073,-0.0016249788000000003,-0.2113065,1.143630653,5.418844
4074,-0.0016240188000000008,-0.2113065,1.151670854,5.137437
4075,-0.0016230588000000004,-0.2113065,1.135590452,4.0118089999999995
4076,-0.0016220988,-0.23140700000000003,1.143630653,2.4037689999999996
4077,-0.0016211388000000005,-0.23140700000000003,1.143630653,0.996734
4078,-0.0016201788000000002,-0.23140700000000003,1.143630653,0.19271400000000005
4079,-0.0016192188000000007,-0.23140700000000003,1.135590452,0.4339200000000001
4080,-0.0016182588000000003,-0.23140700000000003,1.1275502510000002,1.5193469999999998
4081,-0.0016172988000000008,-0.2113065,1.135590452,3.046985
4082,-0.0016163388000000004,-0.23140700000000003,1.1275502510000002,4.494221
4083,-0.0016153788,-0.23140700000000003,1.135590452,5.378643
4084,-0.0016144188000000005,-0.2113065,1.1275502510000002,5.258039999999999
4085,-0.0016134588000000002,-0.2113065,1.143630653,4.212814
4086,-0.0016124988000000007,-0.2113065,1.1275502510000002,2.7655779999999996
4087,-0.0016115388000000003,-0.2113065,1.135590452,1.358543
4088,-0.0016105788000000008,-0.191206,1.143630653,0.3535179999999998
4089,-0.0016096188000000004,-0.2113065,1.143630653,0.23291499999999976
4090,-0.0016086588,-0.2113065,1.151670854,0.9565329999999999
4091,-0.0016076988000000006,-0.23140700000000003,1.151670854,2.2831659999999996
4092,-0.0016067388000000002,-0.2113065,1.135590452,3.851005
4093,-0.0016057788000000007,-0.2113065,1.151670854,5.016834
4094,-0.0016048188000000003,-0.2113065,1.151670854,5.418844
4095,-0.0016038588000000008,-0.2113065,1.143630653,4.976633
4096,-0.0016028988000000004,-0.191206,1.135590452,3.770603
4097,-0.0016019388,-0.2113065,1.143630653,2.242965
4098,-0.0016009788000000006,-0.23140700000000003,1.151670854,0.876131
4099,-0.0016000188000000002,-0.2113065,1.1275502510000002,0.11231199999999975
4100,-0.0015990588000000007,-0.2113065,1.143630653,0.39371899999999993
4101,-0.0015980988000000003,-0.23140700000000003,1.143630653,1.3987439999999998
4102,-0.0015971388000000008,-0.2113065,1.135590452,3.0067839999999997
4103,-0.0015961788000000005,-0.2113065,1.1275502510000002,4.494221
4104,-0.0015952188,-0.23140700000000003,1.135590452,5.298241
4105,-0.0015942588000000006,-0.2113065,1.135590452,5.298241
4106,-0.0015932988000000002,-0.191206,1.135590452,4.293216
4107,-0.0015923388000000007,-0.2113065,1.1275502510000002,2.725377
4108,-0.0015913788000000003,-0.2113065,1.135590452,1.23794
4109,-0.0015904188000000008,-0.2113065,1.1275502510000002,0.2731159999999999
4110,-0.0015894588000000005,-0.23140700000000003,1.143630653,0.31331700000000007
4111,-0.0015884988,-0.2113065,1.143630653,1.0771359999999999
4112,-0.0015875388000000006,-0.2113065,1.135590452,2.6449749999999996
4113,-0.0015865788000000002,-0.191206,1.143630653,4.212814
4114,-0.0015856188000000007,-0.2113065,1.143630653,5.258039999999999
4115,-0.0015846588000000003,-0.23140700000000003,1.151670854,5.338442
4116,-0.0015836988000000008,-0.191206,1.143630653,4.534422
4117,-0.0015827388000000005,-0.191206,1.143630653,3.1273869999999997
4118,-0.0015817788,-0.2113065,1.143630653,1.5193469999999998
4119,-0.0015808188000000006,-0.191206,1.151670854,0.4339200000000001
4120,-0.0015798588000000002,-0.2113065,1.151670854,0.1525129999999999
4121,-0.0015788988000000007,-0.191206,1.143630653,0.755528
4122,-0.0015779388000000004,-0.191206,1.143630653,2.082161
4123,-0.0015769788000000009,-0.2113065,1.143630653,3.690201
4124,-0.0015760188000000005,-0.191206,1.143630653,4.936432
4125,-0.0015750588000000001,-0.191206,1.143630653,5.338442
4126,-0.0015740988000000006,-0.2113065,1.143630653,4.936432
4127,-0.0015731388000000002,-0.2113065,1.135590452,3.810804
4128,-0.0015721788000000007,-0.2113065,1.1275502510000002,2.323367
4129,-0.0015712188000000004,-0.2113065,1.1275502510000002,0.9565329999999999
4130,-0.0015702588000000009,-0.2113065,1.135590452,0.19271400000000005
4131,-0.0015692988000000005,-0.2113065,1.135590452,0.2731159999999999
4132,-0.0015683388000000001,-0.2113065,1.1275502510000002,1.1575379999999997
4133,-0.0015673788000000006,-0.2113065,1.135590452,2.564573
4134,-0.0015664188000000002,-0.2113065,1.143630653,4.0118089999999995
4135,-0.0015654588000000007,-0.2113065,1.143630653,5.097236
4136,-0.0015644988000000004,-0.191206,1.143630653,5.418844
4137,-0.0015635388000000009,-0.2113065,1.135590452,4.775628
4138,-0.0015625788000000005,-0.2113065,1.143630653,3.529397
4139,-0.0015616188000000001,-0.2113065,1.143630653,2.001759
4140,-0.0015606588000000006,-0.2113065,1.143630653,0.7153269999999998
4141,-0.0015596988000000003,-0.2113065,1.143630653,0.1525129999999999
4142,-0.0015587388000000008,-0.191206,1.151670854,0.5545229999999997
4143,-0.0015577788000000004,-0.2113065,1.159711055,1.680151
4144,-0.0015568188,-0.2113065,1.135590452,3.207789
4145,-0.0015558588000000005,-0.2113065,1.159711055,4.614824
4146,-0.0015548988000000001,-0.17110550000000002,1.143630653,5.338442
4147,-0.0015539388000000006,-0.2113065,1.135590452,5.097236
4148,-0.0015529788000000003,-0.2113065,1.143630653,3.971608
4149,-0.0015520188000000008,-0.2113065,1.143630653,2.2831659999999996
4150,-0.0015510588000000004,-0.2113065,1.135590452,0.8359299999999998
4151,-0.0015500988,-0.2113065,1.1275502510000002,0.19271400000000005
4152,-0.0015491388000000005,-0.191206,1.135590452,0.514322
4153,-0.0015481788000000002,-0.2113065,1.135590452,1.7605529999999998
4154,-0.0015472188000000007,-0.2113065,1.135590452,3.448995
4155,-0.0015462588000000003,-0.191206,1.135590452,4.85603
4156,-0.0015452988000000008,-0.2113065,1.151670854,5.338442
4157,-0.0015443388000000004,-0.2113065,1.151670854,4.896231
4158,-0.0015433788,-0.191206,1.151670854,3.569598
4159,-0.0015424188000000005,-0.191206,1.159711055,1.840955
4160,-0.0015414588000000002,-0.17110550000000002,1.151670854,0.5545229999999997
4161,-0.0015404988000000007,-0.191206,1.143630653,0.19271400000000005
4162,-0.0015395388000000003,-0.191206,1.143630653,0.755528
4163,-0.0015385788000000008,-0.2113065,1.143630653,2.082161
4164,-0.0015376188000000004,-0.191206,1.151670854,3.65
4165,-0.0015366588,-0.191206,1.151670854,4.936432
4166,-0.0015356988000000005,-0.2113065,1.143630653,5.418844
4167,-0.0015347388000000002,-0.191206,1.143630653,4.936432
4168,-0.0015337788000000007,-0.191206,1.135590452,3.65
4169,-0.0015328188000000003,-0.191206,1.143630653,2.122362
4170,-0.0015318588000000008,-0.191206,1.151670854,0.755528
4171,-0.0015308988000000004,-0.191206,1.135590452,0.19271400000000005
4172,-0.0015299388,-0.17110550000000002,1.143630653,0.3535179999999998
4173,-0.0015289788000000006,-0.2113065,1.143630653,1.3987439999999998
4174,-0.0015280188000000002,-0.191206,1.143630653,2.84598
4175,-0.0015270588000000007,-0.2113065,1.135590452,4.293216
4176,-0.0015260988000000003,-0.2113065,1.143630653,5.177638
4177,-0.0015251388000000008,-0.2113065,1.143630653,5.338442
4178,-0.0015241788000000004,-0.23140700000000003,1.151670854,4.655025
4179,-0.0015232188,-0.191206,1.151670854,3.328392
4180,-0.0015222588000000006,-0.17110550000000002,1.151670854,1.840955
4181,-0.0015212988000000002,-0.191206,1.143630653,0.6751259999999997
4182,-0.0015203388000000007,-0.191206,1.143630653,0.11231199999999975
4183,-0.0015193788000000003,-0.191206,1.159711055,0.5545229999999997
4184,-0.0015184188000000008,-0.191206,1.151670854,1.680151
4185,-0.0015174588000000004,-0.191206,1.151670854,3.1273869999999997
4186,-0.0015164988,-0.191206,1.151670854,4.574623
4187,-0.0015155388000000006,-0.191206,1.151670854,5.378643
4188,-0.0015145788000000002,-0.2113065,1.151670854,5.258039999999999
4189,-0.0015136188000000007,-0.17110550000000002,1.151670854,4.2530149999999995
4190,-0.0015126588000000003,-0.2113065,1.151670854,2.685176
4191,-0.0015116988000000008,-0.191206,1.151670854,1.1977389999999999
4192,-0.0015107388000000005,-0.191206,1.143630653,0.2731159999999999
4193,-0.0015097788,-0.191206,1.143630653,0.31331700000000007
4194,-0.0015088188000000006,-0.191206,1.143630653,1.318342
4195,-0.0015078588000000002,-0.191206,1.143630653,2.8861809999999997
4196,-0.0015068988000000007,-0.191206,1.143630653,4.413819
4197,-0.0015059388000000003,-0.191206,1.143630653,5.338442
4198,-0.0015049788000000008,-0.2113065,1.143630653,5.177638
4199,-0.0015040188000000005,-0.191206,1.143630653,4.092211
4200,-0.0015030588,-0.17110550000000002,1.143630653,2.4037689999999996
4201,-0.0015020988000000006,-0.191206,1.143630653,0.9565329999999999
4202,-0.0015011388000000002,-0.191206,1.159711055,0.19271400000000005
4203,-0.0015001788000000007,-0.191206,1.143630653,0.514322
4204,-0.0014992188000000004,-0.17110550000000002,1.159711055,1.8811559999999998
4205,-0.0014982588000000008,-0.191206,1.159711055,3.529397
4206,-0.0014972988000000005,-0.191206,1.151670854,4.976633
4207,-0.0014963388,-0.191206,1.159711055,5.418844
4208,-0.0014953788000000006,-0.17110550000000002,1.151670854,4.735427
4209,-0.0014944188000000002,-0.191206,1.143630653,3.328392
4210,-0.0014934588000000007,-0.2113065,1.159711055,1.680151
4211,-0.0014924988000000004,-0.17110550000000002,1.143630653,0.5545229999999997
4212,-0.0014915388000000009,-0.17110550000000002,1.159711055,0.1525129999999999
4213,-0.0014905788000000005,-0.191206,1.151670854,0.9565329999999999
4214,-0.0014896188000000001,-0.17110550000000002,1.143630653,2.363568
4215,-0.0014886588000000006,-0.191206,1.1275502510000002,3.931407
4216,-0.0014876988000000002,-0.191206,1.135590452,5.137437
4217,-0.0014867388000000007,-0.17110550000000002,1.143630653,5.378643
4218,-0.0014857788000000004,-0.17110550000000002,1.135590452,4.695226
4219,-0.0014848188000000009,-0.17110550000000002,1.135590452,3.3685929999999997
4220,-0.0014838588000000005,-0.17110550000000002,1.135590452,1.8811559999999998
4221,-0.0014828988000000001,-0.191206,1.143630653,0.634925
4222,-0.0014819388000000006,-0.17110550000000002,1.151670854,0.19271400000000005
4223,-0.0014809788000000003,-0.191206,1.159711055,0.5947239999999998
4224,-0.0014800188000000008,-0.191206,1.143630653,1.6399499999999998
4225,-0.0014790588000000004,-0.17110550000000002,1.143630653,3.087186
4226,-0.0014780988000000009,-0.17110550000000002,1.159711055,4.494221
4227,-0.0014771388000000005,-0.17110550000000002,1.151670854,5.338442
4228,-0.0014761788000000001,-0.17110550000000002,1.159711055,5.298241
4229,-0.0014752188000000006,-0.17110550000000002,1.143630653,4.574623
4230,-0.0014742588000000003,-0.17110550000000002,1.151670854,3.1273869999999997
4231,-0.0014732988000000008,-0.151005,1.151670854,1.6399499999999998
4232,-0.0014723388000000004,-0.17110550000000002,1.159711055,0.5947239999999998
4233,-0.0014713788,-0.17110550000000002,1.151670854,0.1525129999999999
4234,-0.0014704188000000005,-0.191206,1.143630653,0.5947239999999998
4235,-0.0014694588000000001,-0.17110550000000002,1.143630653,1.840955
4236,-0.0014684988000000006,-0.191206,1.143630653,3.448995
4237,-0.0014675388000000003,-0.17110550000000002,1.143630653,4.695226
4238,-0.0014665788000000008,-0.17110550000000002,1.159711055,5.418844
4239,-0.0014656188000000004,-0.17110550000000002,1.143630653,5.016834
4240,-0.0014646588,-0.17110550000000002,1.143630653,3.931407
4241,-0.0014636988000000005,-0.151005,1.143630653,2.242965
4242,-0.0014627388000000002,-0.191206,1.151670854,0.7957289999999997
4243,-0.0014617788000000007,-0.191206,1.135590452,0.19271400000000005
4244,-0.0014608188000000003,-0.151005,1.151670854,0.514322
4245,-0.0014598588000000008,-0.17110550000000002,1.135590452,1.7203519999999999
4246,-0.0014588988000000004,-0.17110550000000002,1.143630653,3.4891959999999997
4247,-0.0014579388,-0.191206,1.159711055,4.85603
4248,-0.0014569788000000005,-0.151005,1.151670854,5.418844
4249,-0.0014560188000000002,-0.17110550000000002,1.159711055,4.85603
4250,-0.0014550588000000007,-0.151005,1.159711055,3.4891959999999997
4251,-0.0014540988000000003,-0.17110550000000002,1.151670854,1.800754
4252,-0.0014531388000000008,-0.17110550000000002,1.151670854,0.5545229999999997
4253,-0.0014521788000000004,-0.151005,1.151670854,0.1525129999999999
4254,-0.0014512188,-0.17110550000000002,1.151670854,0.7957289999999997
4255,-0.0014502588000000005,-0.191206,1.143630653,2.363568
4256,-0.0014492988000000002,-0.17110550000000002,1.143630653,4.05201
4257,-0.0014483388000000007,-0.151005,1.143630653,5.177638
4258,-0.0014473788000000003,-0.17110550000000002,1.135590452,5.418844
4259,-0.0014464188000000008,-0.17110550000000002,1.151670854,4.574623
4260,-0.0014454588000000004,-0.17110550000000002,1.143630653,3.167588
4261,-0.0014444988,-0.17110550000000002,1.143630653,1.599749
4262,-0.0014435388000000006,-0.151005,1.143630653,0.514322
4263,-0.0014425788000000002,-0.191206,1.143630653,0.1525129999999999
4264,-0.0014416188000000007,-0.17110550000000002,1.143630653,0.8359299999999998
4265,-0.0014406588000000003,-0.17110550000000002,1.135590452,2.202764
4266,-0.0014396988000000008,-0.17110550000000002,1.143630653,3.7304019999999998
4267,-0.0014387388000000004,-0.151005,1.151670854,4.896231
4268,-0.0014377788,-0.191206,1.159711055,5.338442
4269,-0.0014368188000000006,-0.17110550000000002,1.151670854,5.016834
4270,-0.0014358588000000002,-0.191206,1.151670854,3.891206
4271,-0.0014348988000000007,-0.17110550000000002,1.151670854,2.242965
4272,-0.0014339388000000003,-0.17110550000000002,1.151670854,0.9565329999999999
4273,-0.0014329788000000008,-0.17110550000000002,1.159711055,0.2731159999999999
4274,-0.0014320188000000005,-0.17110550000000002,1.159711055,0.31331700000000007
4275,-0.0014310588,-0.17110550000000002,1.151670854,1.23794
4276,-0.0014300988000000006,-0.191206,1.151670854,2.6449749999999996
4277,-0.0014291388000000002,-0.17110550000000002,1.159711055,4.05201
4278,-0.0014281788000000007,-0.151005,1.151670854,5.137437
4279,-0.0014272188000000003,-0.151005,1.143630653,5.378643
4280,-0.0014262588000000008,-0.191206,1.143630653,4.85603
4281,-0.0014252988000000005,-0.191206,1.151670854,3.569598
4282,-0.0014243388,-0.17110550000000002,1.151670854,2.082161
4283,-0.0014233788000000006,-0.17110550000000002,1.143630653,0.8359299999999998
4284,-0.0014224188000000002,-0.17110550000000002,1.143630653,0.19271400000000005
4285,-0.0014214588000000007,-0.17110550000000002,1.151670854,0.4741209999999998
4286,-0.0014204988000000003,-0.17110550000000002,1.151670854,1.479146
4287,-0.0014195388000000008,-0.17110550000000002,1.151670854,2.966583
4288,-0.0014185788000000005,-0.151005,1.143630653,4.413819
4289,-0.0014176188,-0.17110550000000002,1.151670854,5.378643
4290,-0.0014166588000000006,-0.17110550000000002,1.151670854,5.298241
4291,-0.0014156988000000002,-0.17110550000000002,1.143630653,4.333417
4292,-0.0014147388000000007,-0.17110550000000002,1.159711055,2.84598
4293,-0.0014137788000000004,-0.191206,1.159711055,1.358543
4294,-0.0014128188000000009,-0.17110550000000002,1.151670854,0.39371899999999993
4295,-0.0014118588000000005,-0.17110550000000002,1.159711055,0.23291499999999976
4296,-0.0014108988000000001,-0.17110550000000002,1.159711055,1.1575379999999997
4297,-0.0014099388000000006,-0.151005,1.159711055,2.6449749999999996
4298,-0.0014089788000000002,-0.17110550000000002,1.151670854,4.172613
4299,-0.0014080188000000007,-0.191206,1.159711055,5.217839
4300,-0.0014070588000000004,-0.17110550000000002,1.159711055,5.298241
4301,-0.0014060988000000009,-0.17110550000000002,1.151670854,4.413819
4302,-0.0014051388000000005,-0.13090449999999998,1.135590452,2.8861809999999997
4303,-0.0014041788000000001,-0.151005,1.159711055,1.318342
4304,-0.0014032188000000006,-0.191206,1.143630653,0.2731159999999999
4305,-0.0014022588000000002,-0.151005,1.151670854,0.2731159999999999
4306,-0.0014012988000000007,-0.191206,1.151670854,1.1575379999999997
4307,-0.0014003388000000004,-0.17110550000000002,1.135590452,2.805779
4308,-0.0013993788000000009,-0.17110550000000002,1.143630653,4.2530149999999995
4309,-0.0013984188000000005,-0.151005,1.143630653,5.298241
4310,-0.0013974588000000001,-0.151005,1.151670854,5.298241
4311,-0.0013964988000000006,-0.191206,1.143630653,4.373618
4312,-0.0013955388000000003,-0.151005,1.143630653,2.84598
4313,-0.0013945788000000008,-0.13090449999999998,1.159711055,1.2781409999999997
4314,-0.0013936188000000004,-0.17110550000000002,1.143630653,0.31331700000000007
4315,-0.0013926588000000009,-0.151005,1.143630653,0.23291499999999976
4316,-0.0013916988000000005,-0.17110550000000002,1.151670854,1.0771359999999999
4317,-0.0013907388000000001,-0.17110550000000002,1.159711055,2.484171
4318,-0.0013897788000000006,-0.17110550000000002,1.151670854,4.0118089999999995
4319,-0.0013888188000000003,-0.17110550000000002,1.167751256,5.097236
4320,-0.0013878588000000008,-0.151005,1.159711055,5.378643
4321,-0.0013868988000000004,-0.151005,1.167751256,4.85603
4322,-0.001385938800000001,-0.17110550000000002,1.159711055,3.529397
4323,-0.0013849788000000005,-0.17110550000000002,1.143630653,2.001759
4324,-0.0013840188000000002,-0.17110550000000002,1.159711055,0.755528
4325,-0.0013830588000000007,-0.17110550000000002,1.151670854,0.19271400000000005
4326,-0.0013820988000000003,-0.151005,1.159711055,0.514322
4327,-0.0013811388000000008,-0.151005,1.151670854,1.5193469999999998
4328,-0.0013801788000000004,-0.151005,1.151670854,2.966583
4329,-0.0013792188,-0.151005,1.151670854,4.333417
4330,-0.0013782588000000005,-0.17110550000000002,1.143630653,5.258039999999999
4331,-0.0013772988000000002,-0.17110550000000002,1.151670854,5.378643
4332,-0.0013763388000000007,-0.17110550000000002,1.151670854,4.534422
4333,-0.0013753788000000003,-0.151005,1.135590452,3.288191
4334,-0.0013744188000000008,-0.17110550000000002,1.151670854,1.7203519999999999
4335,-0.0013734588000000004,-0.17110550000000002,1.159711055,0.5947239999999998
4336,-0.0013724988,-0.17110550000000002,1.159711055,0.19271400000000005
4337,-0.0013715388000000005,-0.151005,1.159711055,0.634925
4338,-0.0013705788000000002,-0.151005,1.159711055,1.840955
4339,-0.0013696188000000007,-0.151005,1.151670854,3.3685929999999997
4340,-0.0013686588000000003,-0.151005,1.159711055,4.695226
4341,-0.0013676988000000008,-0.17110550000000002,1.151670854,5.378643
4342,-0.0013667388000000004,-0.151005,1.167751256,5.097236
4343,-0.0013657788,-0.13090449999999998,1.167751256,4.05201
4344,-0.0013648188000000006,-0.151005,1.159711055,2.484171
4345,-0.0013638588000000002,-0.17110550000000002,1.175791457,1.0369349999999997
4346,-0.0013628988000000007,-0.17110550000000002,1.159711055,0.23291499999999976
4347,-0.0013619388000000003,-0.13090449999999998,1.151670854,0.4339200000000001
4348,-0.0013609788000000008,-0.151005,1.159711055,1.438945
4349,-0.0013600188000000004,-0.13090449999999998,1.151670854,2.966583
4350,-0.0013590588,-0.151005,1.151670854,4.494221
4351,-0.0013580988000000006,-0.151005,1.159711055,5.338442
4352,-0.0013571388000000002,-0.13090449999999998,1.143630653,5.217839
4353,-0.0013561788000000007,-0.151005,1.151670854,4.212814
4354,-0.0013552188000000003,-0.13090449999999998,1.159711055,2.685176
4355,-0.0013542588000000008,-0.151005,1.151670854,1.1977389999999999
4356,-0.0013532988000000004,-0.151005,1.151670854,0.2731159999999999
4357,-0.0013523388,-0.17110550000000002,1.159711055,0.31331700000000007
4358,-0.0013513788000000006,-0.151005,1.159711055,1.1977389999999999
4359,-0.0013504188000000002,-0.13090449999999998,1.159711055,2.685176
4360,-0.0013494588000000007,-0.151005,1.159711055,4.172613
4361,-0.0013484988000000003,-0.13090449999999998,1.151670854,5.177638
4362,-0.0013475388000000008,-0.151005,1.159711055,5.378643
4363,-0.0013465788000000005,-0.151005,1.151670854,4.574623
4364,-0.0013456188,-0.151005,1.167751256,3.2479899999999997
4365,-0.0013446588000000006,-0.151005,1.167751256,1.680151
4366,-0.0013436988000000002,-0.13090449999999998,1.167751256,0.5947239999999998
4367,-0.0013427388000000007,-0.151005,1.167751256,0.19271400000000005
4368,-0.0013417788000000003,-0.151005,1.159711055,0.5947239999999998
4369,-0.0013408188000000008,-0.151005,1.159711055,1.7605529999999998
4370,-0.0013398588000000005,-0.151005,1.151670854,3.328392
4371,-0.0013388988,-0.13090449999999998,1.151670854,4.614824
4372,-0.0013379388000000006,-0.151005,1.143630653,5.378643
4373,-0.0013369788000000002,-0.17110550000000002,1.151670854,5.258039999999999
4374,-0.0013360188000000007,-0.151005,1.151670854,4.373618
4375,-0.0013350588000000004,-0.17110550000000002,1.159711055,2.8861809999999997
4376,-0.0013340988000000008,-0.151005,1.151670854,1.438945
4377,-0.0013331388000000005,-0.13090449999999998,1.151670854,0.4339200000000001
4378,-0.0013321788,-0.13090449999999998,1.151670854,0.19271400000000005
4379,-0.0013312188000000006,-0.151005,1.159711055,0.7957289999999997
4380,-0.0013302588000000002,-0.13090449999999998,1.159711055,2.001759
4381,-0.0013292988000000007,-0.151005,1.167751256,3.529397
4382,-0.0013283388000000004,-0.13090449999999998,1.151670854,4.775628
4383,-0.0013273788000000009,-0.17110550000000002,1.159711055,5.338442
4384,-0.0013264188000000005,-0.13090449999999998,1.159711055,5.217839
4385,-0.0013254588000000001,-0.13090449999999998,1.175791457,4.172613
4386,-0.0013244988000000006,-0.17110550000000002,1.151670854,2.725377
4387,-0.0013235388000000002,-0.151005,1.167751256,1.2781409999999997
4388,-0.0013225788000000007,-0.13090449999999998,1.167751256,0.39371899999999993
4389,-0.0013216188000000004,-0.151005,1.167751256,0.1525129999999999
4390,-0.0013206588000000009,-0.17110550000000002,1.159711055,0.8359299999999998
4391,-0.0013196988000000005,-0.13090449999999998,1.159711055,2.122362
4392,-0.0013187388000000001,-0.151005,1.167751256,3.65
4393,-0.0013177788000000006,-0.151005,1.159711055,4.815829
4394,-0.0013168188000000003,-0.13090449999999998,1.159711055,5.378643
4395,-0.0013158588000000008,-0.13090449999999998,1.151670854,5.177638
4396,-0.0013148988000000004,-0.151005,1.159711055,4.1324119999999995
4397,-0.0013139388000000009,-0.13090449999999998,1.151670854,2.6449749999999996
4398,-0.0013129788000000005,-0.151005,1.159711055,1.1977389999999999
4399,-0.0013120188000000001,-0.17110550000000002,1.159711055,0.3535179999999998
4400,-0.0013110588000000006,-0.151005,1.167751256,0.23291499999999976
4401,-0.0013100988000000003,-0.13090449999999998,1.167751256,0.9565329999999999
4402,-0.0013091388000000008,-0.151005,1.159711055,2.363568
4403,-0.0013081788000000004,-0.151005,1.159711055,3.891206
4404,-0.0013072188000000009,-0.151005,1.167751256,5.016834
4405,-0.0013062588000000005,-0.13090449999999998,1.151670854,5.378643
4406,-0.0013052988000000001,-0.110804,1.167751256,5.016834
4407,-0.0013043388000000006,-0.151005,1.159711055,3.810804
4408,-0.0013033788000000003,-0.13090449999999998,1.167751256,2.2831659999999996
4409,-0.0013024188000000008,-0.151005,1.159711055,0.9163319999999997
4410,-0.0013014588000000004,-0.13090449999999998,1.167751256,0.23291499999999976
4411,-0.001300498800000001,-0.13090449999999998,1.167751256,0.31331700000000007
4412,-0.0012995388000000005,-0.17110550000000002,1.167751256,1.1977389999999999
4413,-0.0012985788000000002,-0.151005,1.167751256,2.604774
4414,-0.0012976188000000007,-0.110804,1.175791457,4.1324119999999995
4415,-0.0012966588000000003,-0.151005,1.159711055,5.137437
4416,-0.0012956988000000008,-0.151005,1.159711055,5.378643
4417,-0.0012947388000000004,-0.151005,1.159711055,4.775628
4418,-0.0012937788,-0.151005,1.151670854,3.6097989999999998
4419,-0.0012928188000000005,-0.17110550000000002,1.167751256,2.122362
4420,-0.0012918588000000002,-0.17110550000000002,1.151670854,0.876131
4421,-0.0012908988000000007,-0.17110550000000002,1.151670854,0.23291499999999976
4422,-0.0012899388000000003,-0.13090449999999998,1.159711055,0.2731159999999999
4423,-0.0012889788000000008,-0.13090449999999998,1.159711055,1.1977389999999999
4424,-0.0012880188000000004,-0.13090449999999998,1.159711055,2.564573
4425,-0.0012870588,-0.110804,1.151670854,3.971608
4426,-0.0012860988000000005,-0.110804,1.151670854,5.057035
4427,-0.0012851388000000002,-0.110804,1.167751256,5.459045
4428,-0.0012841788000000007,-0.151005,1.175791457,5.016834
4429,-0.0012832188000000003,-0.151005,1.167751256,3.851005
4430,-0.0012822588000000008,-0.151005,1.167751256,2.4037689999999996
4431,-0.0012812988000000004,-0.151005,1.159711055,1.117337
4432,-0.0012803388,-0.13090449999999998,1.167751256,0.2731159999999999
4433,-0.0012793788000000006,-0.110804,1.167751256,0.23291499999999976
4434,-0.0012784188000000002,-0.151005,1.175791457,1.0369349999999997
4435,-0.0012774588000000007,-0.13090449999999998,1.167751256,2.44397
4436,-0.0012764988000000003,-0.13090449999999998,1.167751256,3.891206
4437,-0.0012755388000000008,-0.13090449999999998,1.167751256,4.936432
4438,-0.0012745788000000004,-0.110804,1.167751256,5.378643
4439,-0.0012736188,-0.13090449999999998,1.167751256,4.976633
4440,-0.0012726588000000006,-0.13090449999999998,1.167751256,3.851005
4441,-0.0012716988000000002,-0.110804,1.167751256,2.363568
4442,-0.0012707388000000007,-0.13090449999999998,1.167751256,1.0369349999999997
4443,-0.0012697788000000003,-0.13090449999999998,1.159711055,0.23291499999999976
4444,-0.0012688188000000008,-0.13090449999999998,1.159711055,0.23291499999999976
4445,-0.0012678588000000005,-0.13090449999999998,1.143630653,1.23794
4446,-0.0012668988,-0.110804,1.151670854,2.5243719999999996
4447,-0.0012659388000000006,-0.151005,1.167751256,4.1324119999999995
4448,-0.0012649788000000002,-0.110804,1.151670854,5.137437
4449,-0.0012640188000000007,-0.13090449999999998,1.159711055,5.378643
4450,-0.0012630588000000003,-0.13090449999999998,1.159711055,4.815829
4451,-0.0012620988000000008,-0.13090449999999998,1.167751256,3.529397
4452,-0.0012611388000000005,-0.110804,1.175791457,2.04196
4453,-0.0012601788,-0.110804,1.167751256,0.755528
4454,-0.0012592188000000006,-0.13090449999999998,1.175791457,0.23291499999999976
4455,-0.0012582588000000002,-0.110804,1.1838316580000001,0.3535179999999998
4456,-0.0012572988000000007,-0.17110550000000002,1.175791457,1.3987439999999998
4457,-0.0012563388000000003,-0.151005,1.167751256,2.84598
4458,-0.0012553788000000008,-0.13090449999999998,1.175791457,4.172613
4459,-0.0012544188000000005,-0.13090449999999998,1.167751256,5.137437
4460,-0.0012534588,-0.151005,1.175791457,5.459045
4461,-0.0012524988000000006,-0.13090449999999998,1.167751256,4.85603
4462,-0.0012515388000000002,-0.13090449999999998,1.167751256,3.6097989999999998
4463,-0.0012505788000000007,-0.110804,1.167751256,2.242965
4464,-0.0012496188000000004,-0.13090449999999998,1.175791457,0.9163319999999997
4465,-0.0012486588000000009,-0.13090449999999998,1.159711055,0.23291499999999976
4466,-0.0012476988000000005,-0.13090449999999998,1.167751256,0.3535179999999998
4467,-0.0012467388000000001,-0.13090449999999998,1.159711055,1.1575379999999997
4468,-0.0012457788000000006,-0.13090449999999998,1.159711055,2.5243719999999996
4469,-0.0012448188000000002,-0.13090449999999998,1.167751256,4.0118089999999995
4470,-0.0012438588000000007,-0.110804,1.159711055,5.137437
4471,-0.0012428988000000004,-0.13090449999999998,1.167751256,5.418844
4472,-0.0012419388000000009,-0.13090449999999998,1.143630653,4.896231
4473,-0.0012409788000000005,-0.110804,1.151670854,3.65
4474,-0.0012400188000000001,-0.110804,1.159711055,2.122362
4475,-0.0012390588000000006,-0.110804,1.167751256,0.7957289999999997
4476,-0.0012380988000000002,-0.13090449999999998,1.167751256,0.1525129999999999
4477,-0.0012371388000000007,-0.13090449999999998,1.175791457,0.4339200000000001
4478,-0.0012361788000000004,-0.151005,1.175791457,1.438945
4479,-0.0012352188000000009,-0.17110550000000002,1.175791457,3.0067839999999997
4480,-0.0012342588000000005,-0.13090449999999998,1.175791457,4.413819
4481,-0.0012332988000000001,-0.110804,1.167751256,5.338442
4482,-0.0012323388000000006,-0.13090449999999998,1.167751256,5.338442
4483,-0.0012313788000000003,-0.0907035,1.167751256,4.45402
4484,-0.0012304188000000008,-0.110804,1.175791457,3.046985
4485,-0.0012294588000000004,-0.151005,1.159711055,1.5193469999999998
4486,-0.0012284988000000009,-0.13090449999999998,1.167751256,0.4339200000000001
4487,-0.0012275388000000005,-0.110804,1.167751256,0.23291499999999976
4488,-0.0012265788000000001,-0.110804,1.175791457,0.755528
4489,-0.0012256188000000006,-0.110804,1.167751256,2.082161
4490,-0.0012246588000000003,-0.0907035,1.167751256,3.6097989999999998
4491,-0.0012236988000000008,-0.13090449999999998,1.159711055,4.85603
4492,-0.0012227388000000004,-0.13090449999999998,1.167751256,5.378643
4493,-0.001221778800000001,-0.0907035,1.159711055,5.097236
4494,-0.0012208188000000005,-0.110804,1.151670854,4.092211
4495,-0.0012198588000000002,-0.0907035,1.167751256,2.6449749999999996
4496,-0.0012188988000000006,-0.0907035,1.167751256,1.23794
4497,-0.0012179388000000003,-0.110804,1.167751256,0.31331700000000007
4498,-0.0012169788000000008,-0.110804,1.167751256,0.19271400000000005
4499,-0.0012160188000000004,-0.110804,1.175791457,0.876131
4500,-0.001215058800000001,-0.110804,1.175791457,2.1625629999999996
4501,-0.0012140988000000005,-0.13090449999999998,1.175791457,3.6097989999999998
4502,-0.0012131388000000002,-0.13090449999999998,1.1838316580000001,4.815829
4503,-0.0012121788000000007,-0.070603,1.167751256,5.378643
4504,-0.0012112188000000003,-0.13090449999999998,1.167751256,5.217839
4505,-0.0012102588000000008,-0.13090449999999998,1.175791457,4.2530149999999995
4506,-0.0012092988000000004,-0.13090449999999998,1.1838316580000001,2.8861809999999997
4507,-0.0012083388,-0.13090449999999998,1.167751256,1.5193469999999998
4508,-0.0012073788000000005,-0.13090449999999998,1.175791457,0.4339200000000001
4509,-0.0012064188000000002,-0.13090449999999998,1.1838316580000001,0.1525129999999999
4510,-0.0012054588000000007,-0.110804,1.175791457,0.634925
4511,-0.0012044988000000003,-0.0907035,1.167751256,1.599749
4512,-0.0012035388000000008,-0.110804,1.167751256,3.1273869999999997
4513,-0.0012025788000000004,-0.110804,1.175791457,4.45402
4514,-0.0012016188,-0.110804,1.175791457,5.258039999999999
4515,-0.0012006588000000006,-0.13090449999999998,1.175791457,5.378643
4516,-0.0011996988000000002,-0.110804,1.167751256,4.695226
4517,-0.0011987388000000007,-0.0907035,1.159711055,3.4891959999999997
4518,-0.0011977788000000003,-0.110804,1.159711055,1.8811559999999998
4519,-0.0011968188000000008,-0.110804,1.167751256,0.755528
4520,-0.0011958588000000004,-0.110804,1.159711055,0.19271400000000005
4521,-0.0011948988,-0.13090449999999998,1.167751256,0.4339200000000001
4522,-0.0011939388000000006,-0.13090449999999998,1.159711055,1.479146
4523,-0.0011929788000000002,-0.13090449999999998,1.175791457,2.966583
4524,-0.0011920188000000007,-0.13090449999999998,1.159711055,4.293216
4525,-0.0011910588000000003,-0.13090449999999998,1.175791457,5.258039999999999
4526,-0.0011900988000000008,-0.110804,1.1838316580000001,5.298241
4527,-0.0011891388000000004,-0.0907035,1.175791457,4.614824
4528,-0.0011881788,-0.13090449999999998,1.1838316580000001,3.207789
4529,-0.0011872188000000006,-0.110804,1.1838316580000001,1.6399499999999998
4530,-0.0011862588000000002,-0.110804,1.175791457,0.4741209999999998
4531,-0.0011852988000000007,-0.110804,1.175791457,0.23291499999999976
4532,-0.0011843388000000003,-0.110804,1.175791457,0.755528
4533,-0.0011833788000000008,-0.0907035,1.1838316580000001,2.082161
4534,-0.0011824188000000005,-0.110804,1.167751256,3.690201
4535,-0.0011814588,-0.110804,1.167751256,4.896231
4536,-0.0011804988000000006,-0.110804,1.167751256,5.378643
4537,-0.0011795388000000002,-0.0907035,1.167751256,4.976633
4538,-0.0011785788000000007,-0.0907035,1.167751256,3.851005
4539,-0.0011776188000000003,-0.0907035,1.167751256,2.363568
4540,-0.0011766588000000008,-0.0907035,1.167751256,0.9565329999999999
4541,-0.0011756988000000005,-0.13090449999999998,1.151670854,0.23291499999999976
4542,-0.0011747388,-0.0907035,1.167751256,0.31331700000000007
4543,-0.0011737788000000006,-0.0907035,1.167751256,1.1977389999999999
4544,-0.0011728188000000002,-0.110804,1.167751256,2.6449749999999996
4545,-0.0011718588000000007,-0.13090449999999998,1.159711055,4.1324119999999995
4546,-0.0011708988000000004,-0.0907035,1.1838316580000001,5.137437
4547,-0.0011699388000000008,-0.0907035,1.1838316580000001,5.418844
4548,-0.0011689788000000005,-0.110804,1.1838316580000001,4.936432
4549,-0.0011680188,-0.13090449999999998,1.1838316580000001,3.810804
4550,-0.0011670588000000006,-0.110804,1.191871859,2.363568
4551,-0.0011660988000000002,-0.0907035,1.1838316580000001,1.0771359999999999
4552,-0.0011651388000000007,-0.110804,1.1838316580000001,0.3535179999999998
4553,-0.0011641788000000004,-0.110804,1.175791457,0.23291499999999976
4554,-0.0011632188000000009,-0.110804,1.1838316580000001,0.7957289999999997
4555,-0.0011622588000000005,-0.110804,1.1838316580000001,2.04196
4556,-0.0011612988000000001,-0.0907035,1.175791457,3.408794
4557,-0.0011603388000000006,-0.13090449999999998,1.175791457,4.695226
4558,-0.0011593788000000002,-0.110804,1.167751256,5.378643
4559,-0.0011584188000000007,-0.0907035,1.1838316580000001,5.378643
4560,-0.0011574588000000004,-0.110804,1.167751256,4.614824
4561,-0.0011564988000000009,-0.13090449999999998,1.167751256,3.448995
4562,-0.0011555388000000005,-0.110804,1.1838316580000001,2.001759
4563,-0.0011545788000000001,-0.13090449999999998,1.159711055,0.7153269999999998
4564,-0.0011536188000000006,-0.0907035,1.159711055,0.23291499999999976
4565,-0.0011526588000000003,-0.0907035,1.167751256,0.39371899999999993
4566,-0.0011516988000000008,-0.110804,1.159711055,1.2781409999999997
4567,-0.0011507388000000004,-0.0907035,1.159711055,2.6449749999999996
4568,-0.0011497788000000009,-0.0907035,1.167751256,4.092211
4569,-0.0011488188000000005,-0.0907035,1.151670854,5.137437
4570,-0.0011478588000000001,-0.110804,1.175791457,5.378643
4571,-0.0011468988000000006,-0.110804,1.167751256,4.85603
4572,-0.0011459388000000003,-0.0907035,1.1838316580000001,3.6097989999999998
4573,-0.0011449788000000008,-0.110804,1.175791457,2.04196
4574,-0.0011440188000000004,-0.110804,1.1838316580000001,0.755528
4575,-0.0011430588000000009,-0.0907035,1.175791457,0.11231199999999975
4576,-0.0011420988000000005,-0.0907035,1.1838316580000001,0.4339200000000001
4577,-0.0011411388000000001,-0.0907035,1.175791457,1.680151
4578,-0.0011401788000000006,-0.110804,1.191871859,3.328392
4579,-0.0011392188000000003,-0.110804,1.1838316580000001,4.775628
4580,-0.0011382588000000008,-0.0907035,1.175791457,5.459045
4581,-0.0011372988000000004,-0.0907035,1.1838316580000001,5.137437
4582,-0.001136338800000001,-0.0907035,1.167751256,3.971608
4583,-0.0011353788000000005,-0.0907035,1.167751256,2.242965
4584,-0.0011344188000000002,-0.0907035,1.167751256,0.9163319999999997
4585,-0.0011334588000000007,-0.0907035,1.175791457,0.23291499999999976
4586,-0.0011324988000000003,-0.0907035,1.175791457,0.4339200000000001
4587,-0.0011315388000000008,-0.05050249999999999,1.175791457,1.559548
4588,-0.0011305788000000004,-0.0907035,1.167751256,3.087186
4589,-0.001129618800000001,-0.110804,1.151670854,4.534422
4590,-0.0011286588000000005,-0.110804,1.167751256,5.338442
4591,-0.0011276988000000002,-0.0907035,1.175791457,5.298241
4592,-0.0011267388000000007,-0.0907035,1.159711055,4.413819
4593,-0.0011257788000000003,-0.110804,1.175791457,2.966583
4594,-0.0011248188000000008,-0.0907035,1.167751256,1.559548
4595,-0.0011238588000000004,-0.0907035,1.1838316580000001,0.514322
4596,-0.001122898800000001,-0.0907035,1.175791457,0.11231199999999975
4597,-0.0011219388000000005,-0.0907035,1.191871859,0.5947239999999998
4598,-0.0011209788000000002,-0.0907035,1.191871859,1.840955
4599,-0.0011200188000000007,-0.0907035,1.19991206,3.288191
4600,-0.0011190588000000003,-0.070603,1.191871859,4.534422
4601,-0.0011180988000000008,-0.0907035,1.1838316580000001,5.338442
4602,-0.0011171388000000004,-0.0907035,1.191871859,5.338442
4603,-0.0011161788,-0.0907035,1.191871859,4.695226
4604,-0.0011152188000000006,-0.0907035,1.1838316580000001,3.408794
4605,-0.0011142588000000002,-0.0907035,1.1838316580000001,2.04196
4606,-0.0011132988000000007,-0.110804,1.175791457,0.7957289999999997
4607,-0.0011123388000000003,-0.0907035,1.175791457,0.19271400000000005
4608,-0.0011113788000000008,-0.0907035,1.175791457,0.3535179999999998
4609,-0.0011104188000000004,-0.110804,1.191871859,1.23794
4610,-0.0011094588,-0.0907035,1.1838316580000001,2.5243719999999996
4611,-0.0011084988000000006,-0.070603,1.1838316580000001,3.971608
4612,-0.0011075388000000002,-0.0907035,1.175791457,5.016834
4613,-0.0011065788000000007,-0.0907035,1.175791457,5.459045
4614,-0.0011056188000000003,-0.0907035,1.175791457,5.016834
4615,-0.0011046588000000008,-0.110804,1.159711055,3.971608
4616,-0.0011036988000000005,-0.070603,1.175791457,2.564573
4617,-0.0011027388,-0.0907035,1.167751256,1.1977389999999999
4618,-0.0011017788000000006,-0.0907035,1.175791457,0.2731159999999999
4619,-0.0011008188000000002,-0.0907035,1.175791457,0.2731159999999999
4620,-0.0010998588000000007,-0.070603,1.1838316580000001,1.1575379999999997
4621,-0.0010988988000000003,-0.0907035,1.1838316580000001,2.484171
4622,-0.0010979388000000008,-0.070603,1.191871859,3.931407
4623,-0.0010969788000000005,-0.070603,1.1838316580000001,5.137437
4624,-0.0010960188,-0.0907035,1.1838316580000001,5.459045
4625,-0.0010950588000000006,-0.070603,1.175791457,4.85603
4626,-0.0010940988000000002,-0.05050249999999999,1.1838316580000001,3.529397
4627,-0.0010931388000000007,-0.110804,1.191871859,1.921357
4628,-0.0010921788000000003,-0.070603,1.1838316580000001,0.6751259999999997
4629,-0.0010912188000000008,-0.0907035,1.1838316580000001,0.1525129999999999
4630,-0.0010902588000000005,-0.070603,1.175791457,0.5947239999999998
4631,-0.0010892988,-0.070603,1.1838316580000001,1.800754
4632,-0.0010883388000000006,-0.070603,1.175791457,3.328392
4633,-0.0010873788000000002,-0.0907035,1.1838316580000001,4.815829
4634,-0.0010864188000000007,-0.110804,1.167751256,5.418844
4635,-0.0010854588000000004,-0.070603,1.175791457,5.177638
4636,-0.0010844988000000009,-0.0907035,1.167751256,4.1324119999999995
4637,-0.0010835388000000005,-0.070603,1.175791457,2.685176
4638,-0.0010825788000000001,-0.070603,1.175791457,1.1977389999999999
4639,-0.0010816188000000006,-0.0907035,1.175791457,0.2731159999999999
4640,-0.0010806588000000002,-0.0907035,1.175791457,0.23291499999999976
4641,-0.0010796988000000007,-0.0907035,1.175791457,1.0369349999999997
4642,-0.0010787388000000004,-0.0907035,1.1838316580000001,2.4037689999999996
4643,-0.0010777788000000009,-0.0907035,1.175791457,4.0118089999999995
4644,-0.0010768188000000005,-0.110804,1.1838316580000001,5.097236
4645,-0.0010758588000000001,-0.110804,1.1838316580000001,5.459045
4646,-0.0010748988000000006,-0.05050249999999999,1.19991206,4.896231
4647,-0.0010739388000000002,-0.110804,1.191871859,3.65
4648,-0.0010729788000000007,-0.05050249999999999,1.1838316580000001,2.122362
4649,-0.0010720188000000004,-0.0907035,1.191871859,0.7957289999999997
4650,-0.0010710588000000009,-0.0907035,1.191871859,0.1525129999999999
4651,-0.0010700988000000005,-0.0907035,1.191871859,0.39371899999999993
4652,-0.0010691388000000001,-0.070603,1.191871859,1.3987439999999998
4653,-0.0010681788000000006,-0.0907035,1.175791457,2.725377
4654,-0.0010672188000000003,-0.05050249999999999,1.1838316580000001,4.1324119999999995
4655,-0.0010662588000000008,-0.05050249999999999,1.1838316580000001,5.137437
4656,-0.0010652988000000004,-0.070603,1.175791457,5.499245999999999
4657,-0.0010643388000000009,-0.070603,1.1838316580000001,4.936432
4658,-0.0010633788000000005,-0.0907035,1.175791457,3.891206
4659,-0.0010624188000000001,-0.0907035,1.167751256,2.4037689999999996
4660,-0.0010614588000000006,-0.070603,1.1838316580000001,1.1575379999999997
4661,-0.0010604988000000003,-0.0907035,1.1838316580000001,0.2731159999999999
4662,-0.0010595388000000008,-0.070603,1.175791457,0.23291499999999976
4663,-0.0010585788000000004,-0.070603,1.1838316580000001,0.7957289999999997
4664,-0.001057618800000001,-0.070603,1.175791457,2.04196
4665,-0.0010566588000000005,-0.070603,1.1838316580000001,3.4891959999999997
4666,-0.0010556988000000002,-0.070603,1.175791457,4.775628
4667,-0.0010547388000000006,-0.070603,1.175791457,5.459045
4668,-0.0010537788000000003,-0.0907035,1.191871859,5.298241
4669,-0.0010528188000000008,-0.070603,1.1838316580000001,4.494221
4670,-0.0010518588000000004,-0.0907035,1.191871859,3.087186
4671,-0.001050898800000001,-0.070603,1.19991206,1.6399499999999998
4672,-0.0010499388000000005,-0.070603,1.191871859,0.5545229999999997
4673,-0.0010489788000000002,-0.05050249999999999,1.19991206,0.1525129999999999
4674,-0.0010480188000000007,-0.05050249999999999,1.191871859,0.5947239999999998
4675,-0.0010470588000000003,-0.070603,1.191871859,1.7605529999999998
4676,-0.0010460988000000008,-0.070603,1.1838316580000001,3.2479899999999997
4677,-0.0010451388000000004,-0.070603,1.191871859,4.614824
4678,-0.001044178800000001,-0.070603,1.1838316580000001,5.418844
4679,-0.0010432188000000005,-0.0907035,1.1838316580000001,5.338442
4680,-0.0010422588000000002,-0.05050249999999999,1.175791457,4.534422
4681,-0.0010412988000000007,-0.070603,1.175791457,2.966583
4682,-0.0010403388000000003,-0.070603,1.167751256,1.5193469999999998
4683,-0.0010393788000000008,-0.070603,1.167751256,0.4741209999999998
4684,-0.0010384188000000004,-0.110804,1.1838316580000001,0.11231199999999975
4685,-0.001037458800000001,-0.05050249999999999,1.175791457,0.6751259999999997
4686,-0.0010364988000000006,-0.0907035,1.1838316580000001,1.921357
4687,-0.0010355388000000002,-0.070603,1.1838316580000001,3.448995
4688,-0.0010345788000000007,-0.070603,1.1838316580000001,4.775628
4689,-0.0010336188000000003,-0.070603,1.1838316580000001,5.418844
4690,-0.0010326588000000008,-0.0907035,1.191871859,5.338442
4691,-0.0010316988000000004,-0.070603,1.175791457,4.413819
4692,-0.0010307388,-0.070603,1.191871859,2.966583
4693,-0.0010297788000000006,-0.05050249999999999,1.1838316580000001,1.559548
4694,-0.0010288188000000002,-0.05050249999999999,1.1838316580000001,0.4741209999999998
4695,-0.0010278588000000007,-0.05050249999999999,1.19991206,0.19271400000000005
4696,-0.0010268988000000003,-0.070603,1.191871859,0.6751259999999997
4697,-0.0010259388000000008,-0.0907035,1.19991206,1.840955
4698,-0.0010249788000000004,-0.0907035,1.207952261,3.328392
4699,-0.0010240188,-0.070603,1.19991206,4.655025
4700,-0.0010230588000000006,-0.05050249999999999,1.191871859,5.418844
4701,-0.0010220988000000002,-0.070603,1.19991206,5.338442
4702,-0.0010211388000000007,-0.070603,1.175791457,4.413819
4703,-0.0010201788000000003,-0.05050249999999999,1.191871859,3.087186
4704,-0.0010192188000000008,-0.070603,1.191871859,1.6399499999999998
4705,-0.0010182588000000005,-0.070603,1.191871859,0.5545229999999997
4706,-0.0010172988,-0.070603,1.191871859,0.1525129999999999
4707,-0.0010163388000000006,-0.070603,1.175791457,0.634925
4708,-0.0010153788000000002,-0.0907035,1.1838316580000001,1.7605529999999998
4709,-0.0010144188000000007,-0.070603,1.191871859,3.2479899999999997
4710,-0.0010134588000000003,-0.05050249999999999,1.1838316580000001,4.574623
4711,-0.0010124988000000008,-0.070603,1.1838316580000001,5.338442
4712,-0.0010115388000000005,-0.0907035,1.191871859,5.418844
4713,-0.0010105788,-0.0907035,1.1838316580000001,4.655025
4714,-0.0010096188000000006,-0.05050249999999999,1.191871859,3.3685929999999997
4715,-0.0010086588000000002,-0.070603,1.175791457,1.800754
4716,-0.0010076988000000007,-0.0907035,1.1838316580000001,0.6751259999999997
4717,-0.0010067388000000004,-0.05050249999999999,1.1838316580000001,0.1525129999999999
4718,-0.0010057788000000008,-0.070603,1.19991206,0.39371899999999993
4719,-0.0010048188000000005,-0.070603,1.191871859,1.3987439999999998
4720,-0.0010038588,-0.05050249999999999,1.1838316580000001,2.805779
4721,-0.0010028988000000006,-0.070603,1.19991206,4.2530149999999995
4722,-0.0010019388000000002,-0.070603,1.19991206,5.217839
4723,-0.0010009788000000007,-0.05050249999999999,1.191871859,5.459045
4724,-0.0010000188000000004,-0.070603,1.191871859,4.936432
4725,-0.0009990588000000009,-0.070603,1.19991206,3.810804
4726,-0.0009980988000000005,-0.030402,1.191871859,2.4037689999999996
4727,-0.0009971388000000001,-0.070603,1.191871859,1.0369349999999997
4728,-0.0009961788000000006,-0.030402,1.1838316580000001,0.2731159999999999
4729,-0.0009952188000000002,-0.070603,1.191871859,0.23291499999999976
4730,-0.0009942588000000007,-0.0907035,1.1838316580000001,1.117337
4731,-0.0009932988000000004,-0.05050249999999999,1.1838316580000001,2.484171
4732,-0.0009923388000000009,-0.070603,1.1838316580000001,4.0118089999999995
4733,-0.0009913788000000005,-0.05050249999999999,1.175791457,5.097236
4734,-0.0009904188000000001,-0.070603,1.1838316580000001,5.499245999999999
4735,-0.0009894588000000006,-0.05050249999999999,1.1838316580000001,5.016834
4736,-0.0009884988000000003,-0.070603,1.191871859,3.770603
4737,-0.0009875388000000008,-0.070603,1.191871859,2.242965
4738,-0.0009865788000000004,-0.05050249999999999,1.1838316580000001,0.9163319999999997
4739,-0.0009856188000000009,-0.070603,1.19991206,0.19271400000000005
4740,-0.0009846588000000005,-0.070603,1.191871859,0.4339200000000001
4741,-0.0009836988000000001,-0.070603,1.191871859,1.479146
4742,-0.0009827388000000006,-0.0907035,1.19991206,2.966583
4743,-0.0009817788000000003,-0.070603,1.191871859,4.494221
4744,-0.0009808188000000008,-0.070603,1.19991206,5.378643
4745,-0.0009798588000000004,-0.030402,1.19991206,5.338442
4746,-0.0009788988000000009,-0.05050249999999999,1.207952261,4.413819
4747,-0.0009779388000000005,-0.05050249999999999,1.207952261,2.966583
4748,-0.0009769788000000001,-0.05050249999999999,1.19991206,1.318342
4749,-0.0009760188000000006,-0.05050249999999999,1.191871859,0.31331700000000007
4750,-0.0009750588000000003,-0.05050249999999999,1.191871859,0.19271400000000005
4751,-0.0009740988000000008,-0.05050249999999999,1.19991206,0.996734
4752,-0.0009731388000000004,-0.05050249999999999,1.1838316580000001,2.44397
4753,-0.0009721788000000009,-0.070603,1.1838316580000001,3.891206
4754,-0.0009712188000000005,-0.070603,1.1838316580000001,5.177638
4755,-0.0009702588000000002,-0.070603,1.175791457,5.499245999999999
4756,-0.0009692988000000007,-0.030402,1.191871859,4.976633
4757,-0.0009683388000000003,-0.05050249999999999,1.175791457,3.65
4758,-0.0009673788000000008,-0.05050249999999999,1.191871859,2.122362
4759,-0.0009664188000000004,-0.05050249999999999,1.191871859,0.8359299999999998
4760,-0.0009654588000000009,-0.030402,1.191871859,0.19271400000000005
4761,-0.0009644988000000005,-0.05050249999999999,1.19991206,0.4339200000000001
4762,-0.0009635388000000002,-0.030402,1.19991206,1.438945
4763,-0.0009625788000000007,-0.05050249999999999,1.191871859,2.966583
4764,-0.0009616188000000003,-0.05050249999999999,1.19991206,4.373618
4765,-0.0009606588000000008,-0.05050249999999999,1.191871859,5.378643
4766,-0.0009596988000000004,-0.05050249999999999,1.191871859,5.418844
4767,-0.0009587388000000009,-0.05050249999999999,1.19991206,4.655025
4768,-0.0009577788000000005,-0.05050249999999999,1.19991206,3.2479899999999997
4769,-0.0009568188000000002,-0.070603,1.19991206,1.7203519999999999
4770,-0.0009558588000000007,-0.070603,1.19991206,0.5545229999999997
4771,-0.0009548988000000003,-0.05050249999999999,1.191871859,0.1525129999999999
4772,-0.0009539388000000008,-0.05050249999999999,1.19991206,0.5545229999999997
4773,-0.0009529788000000004,-0.030402,1.19991206,1.800754
4774,-0.0009520188000000009,-0.030402,1.19991206,3.328392
4775,-0.0009510588000000006,-0.05050249999999999,1.19991206,4.695226
4776,-0.0009500988000000002,-0.05050249999999999,1.19991206,5.378643
4777,-0.0009491388000000007,-0.070603,1.1838316580000001,5.258039999999999
4778,-0.0009481788000000003,-0.070603,1.1838316580000001,4.413819
4779,-0.0009472188000000008,-0.05050249999999999,1.1838316580000001,2.8861809999999997
4780,-0.0009462588000000004,-0.010301499999999998,1.1838316580000001,1.358543
4781,-0.0009452988000000001,-0.070603,1.191871859,0.39371899999999993
4782,-0.0009443388000000006,-0.030402,1.191871859,0.23291499999999976
4783,-0.0009433788000000002,-0.070603,1.19991206,0.9163319999999997
4784,-0.0009424188000000007,-0.030402,1.19991206,2.2831659999999996
4785,-0.0009414588000000003,-0.030402,1.191871859,3.851005
4786,-0.0009404988000000008,-0.05050249999999999,1.19991206,5.057035
4787,-0.0009395388000000005,-0.05050249999999999,1.19991206,5.499245999999999
4788,-0.0009385788000000001,-0.05050249999999999,1.19991206,4.936432
4789,-0.0009376188000000006,-0.030402,1.207952261,3.770603
4790,-0.0009366588000000002,-0.05050249999999999,1.19991206,2.122362
4791,-0.0009356988000000007,-0.05050249999999999,1.19991206,0.755528
4792,-0.0009347388000000003,-0.05050249999999999,1.207952261,0.19271400000000005
4793,-0.0009337788000000008,-0.05050249999999999,1.19991206,0.4741209999999998
4794,-0.0009328188000000005,-0.05050249999999999,1.19991206,1.680151
4795,-0.0009318588000000001,-0.05050249999999999,1.19991206,3.2479899999999997
4796,-0.0009308988000000006,-0.05050249999999999,1.19991206,4.614824
4797,-0.0009299388000000002,-0.030402,1.207952261,5.418844
4798,-0.0009289788000000007,-0.05050249999999999,1.19991206,5.298241
4799,-0.0009280188000000003,-0.05050249999999999,1.191871859,4.172613
4800,-0.0009270588000000008,-0.030402,1.191871859,2.604774
4801,-0.0009260988000000005,-0.05050249999999999,1.191871859,1.117337
4802,-0.0009251388000000001,-0.05050249999999999,1.1838316580000001,0.23291499999999976
4803,-0.0009241788000000006,-0.05050249999999999,1.175791457,0.3535179999999998
4804,-0.0009232188000000002,-0.05050249999999999,1.207952261,1.318342
4805,-0.0009222588000000007,-0.030402,1.19991206,2.805779
4806,-0.0009212988000000004,-0.070603,1.191871859,4.413819
4807,-0.0009203388000000009,-0.030402,1.19991206,5.338442
4808,-0.0009193788000000005,-0.05050249999999999,1.19991206,5.338442
4809,-0.0009184188000000001,-0.070603,1.207952261,4.534422
4810,-0.0009174588000000006,-0.05050249999999999,1.19991206,3.087186
4811,-0.0009164988000000002,-0.05050249999999999,1.191871859,1.479146
4812,-0.0009155388000000007,-0.010301499999999998,1.19991206,0.4339200000000001
4813,-0.0009145788000000004,-0.070603,1.19991206,0.1525129999999999
4814,-0.0009136188000000009,-0.05050249999999999,1.191871859,0.876131
4815,-0.0009126588000000005,-0.05050249999999999,1.19991206,2.242965
4816,-0.0009116988000000001,-0.030402,1.19991206,3.810804
4817,-0.0009107388000000006,-0.05050249999999999,1.207952261,5.057035
4818,-0.0009097788000000002,-0.05050249999999999,1.19991206,5.499245999999999
4819,-0.0009088188000000007,-0.05050249999999999,1.19991206,5.057035
4820,-0.0009078588000000004,-0.030402,1.19991206,3.851005
4821,-0.0009068988000000009,-0.030402,1.191871859,2.323367
4822,-0.0009059388000000005,-0.05050249999999999,1.1838316580000001,0.8359299999999998
4823,-0.0009049788000000001,-0.030402,1.1838316580000001,0.23291499999999976
4824,-0.0009040188000000006,-0.030402,1.191871859,0.39371899999999993
4825,-0.0009030588000000003,-0.030402,1.19991206,1.3987439999999998
4826,-0.0009020988000000008,-0.030402,1.19991206,2.966583
4827,-0.0009011388000000004,-0.010301499999999998,1.191871859,4.45402
4828,-0.0009001788000000009,-0.05050249999999999,1.207952261,5.298241
4829,-0.0008992188000000005,-0.05050249999999999,1.19991206,5.418844
4830,-0.0008982588000000001,-0.030402,1.19991206,4.614824
4831,-0.0008972988000000006,-0.030402,1.207952261,3.2479899999999997
4832,-0.0008963388000000003,-0.05050249999999999,1.19991206,1.7203519999999999
4833,-0.0008953788000000008,-0.030402,1.215992462,0.5947239999999998
4834,-0.0008944188000000004,-0.010301499999999998,1.207952261,0.1525129999999999
4835,-0.0008934588000000009,-0.030402,1.207952261,0.5947239999999998
4836,-0.0008924988000000005,-0.030402,1.207952261,1.800754
4837,-0.0008915388000000002,-0.030402,1.207952261,3.288191
4838,-0.0008905788000000006,-0.010301499999999998,1.207952261,4.695226
4839,-0.0008896188000000003,-0.030402,1.19991206,5.459045
4840,-0.0008886588000000008,-0.030402,1.191871859,5.338442
4841,-0.0008876988000000004,-0.030402,1.207952261,4.413819
4842,-0.0008867388000000009,-0.030402,1.19991206,3.087186
4843,-0.0008857788000000005,-0.010301499999999998,1.19991206,1.479146
4844,-0.0008848188000000002,-0.030402,1.191871859,0.4741209999999998
4845,-0.0008838588000000007,-0.05050249999999999,1.19991206,0.11231199999999975
4846,-0.0008828988000000003,-0.030402,1.191871859,0.8359299999999998
4847,-0.0008819388000000008,-0.030402,1.19991206,2.122362
4848,-0.0008809788000000004,-0.030402,1.1838316580000001,3.7304019999999998
4849,-0.0008800188000000009,-0.010301499999999998,1.191871859,5.016834
4850,-0.0008790588000000005,-0.030402,1.191871859,5.499245999999999
4851,-0.0008780988000000002,-0.030402,1.191871859,5.137437
4852,-0.0008771388000000007,-0.030402,1.19991206,3.891206
4853,-0.0008761788000000003,-0.05050249999999999,1.207952261,2.2831659999999996
4854,-0.0008752188000000008,-0.05050249999999999,1.191871859,0.876131
4855,-0.0008742588000000004,-0.030402,1.207952261,0.19271400000000005
4856,-0.0008732988000000009,-0.010301499999999998,1.19991206,0.3535179999999998
4857,-0.0008723388000000006,-0.030402,1.207952261,1.5193469999999998
4858,-0.0008713788000000002,-0.010301499999999998,1.215992462,3.046985
4859,-0.0008704188000000007,-0.030402,1.207952261,4.614824
4860,-0.0008694588000000003,-0.030402,1.207952261,5.418844
4861,-0.0008684988000000008,-0.05050249999999999,1.19991206,5.378643
4862,-0.0008675388000000004,-0.030402,1.19991206,4.373618
4863,-0.0008665788000000009,-0.010301499999999998,1.19991206,2.84598
4864,-0.0008656188000000006,-0.030402,1.19991206,1.318342
4865,-0.0008646588000000002,-0.05050249999999999,1.207952261,0.31331700000000007
4866,-0.0008636988000000007,-0.030402,1.19991206,0.31331700000000007
4867,-0.0008627388000000003,-0.05050249999999999,1.207952261,1.1575379999999997
4868,-0.0008617788000000008,-0.010301499999999998,1.19991206,2.564573
4869,-0.0008608188000000004,-0.05050249999999999,1.1838316580000001,4.1324119999999995
4870,-0.0008598588000000001,-0.030402,1.19991206,5.217839
4871,-0.0008588988000000006,-0.05050249999999999,1.191871859,5.539447
4872,-0.0008579388000000002,-0.030402,1.19991206,4.695226
4873,-0.0008569788000000007,-0.010301499999999998,1.191871859,3.167588
4874,-0.0008560188000000003,-0.030402,1.19991206,1.6399499999999998
4875,-0.0008550588000000008,-0.05050249999999999,1.19991206,0.4741209999999998
4876,-0.0008540988000000005,-0.030402,1.19991206,0.19271400000000005
4877,-0.0008531388000000001,-0.030402,1.207952261,0.876131
4878,-0.0008521788000000006,0.009799000000000002,1.207952261,2.2831659999999996
4879,-0.0008512188000000002,-0.030402,1.207952261,3.891206
4880,-0.0008502588000000007,-0.010301499999999998,1.207952261,5.137437
4881,-0.0008492988000000003,-0.010301499999999998,1.207952261,5.459045
4882,-0.0008483388000000008,-0.030402,1.207952261,4.976633
4883,-0.0008473788000000005,-0.030402,1.19991206,3.65
4884,-0.0008464188000000001,0.009799000000000002,1.215992462,2.082161
4885,-0.0008454588000000006,-0.010301499999999998,1.207952261,0.7153269999999998
4886,-0.0008444988000000002,-0.030402,1.207952261,0.1525129999999999
4887,-0.0008435388000000007,-0.010301499999999998,1.19991206,0.514322
4888,-0.0008425788000000003,-0.030402,1.19991206,1.680151
4889,-0.0008416188000000008,-0.010301499999999998,1.19991206,3.207789
4890,-0.0008406588000000005,-0.030402,1.191871859,4.574623
4891,-0.0008396988000000001,-0.030402,1.19991206,5.378643
4892,-0.0008387388000000006,-0.010301499999999998,1.19991206,5.378643
4893,-0.0008377788000000002,-0.030402,1.191871859,4.45402
4894,-0.0008368188000000007,-0.030402,1.207952261,3.0067839999999997
4895,-0.0008358588000000004,-0.05050249999999999,1.19991206,1.5193469999999998
4896,-0.0008348988000000009,-0.05050249999999999,1.19991206,0.4741209999999998
4897,-0.0008339388000000005,-0.010301499999999998,1.19991206,0.1525129999999999
4898,-0.0008329788000000001,-0.05050249999999999,1.19991206,0.755528
4899,-0.0008320188000000006,-0.05050249999999999,1.19991206,2.1625629999999996
4900,-0.0008310588000000002,-0.030402,1.207952261,3.690201
4901,-0.0008300988000000007,-0.010301499999999998,1.215992462,5.016834
4902,-0.0008291388000000004,-0.030402,1.215992462,5.619849
4903,-0.0008281788000000009,-0.010301499999999998,1.207952261,5.057035
4904,-0.0008272188000000005,-0.030402,1.215992462,3.770603
4905,-0.0008262588000000001,-0.010301499999999998,1.207952261,2.122362
4906,-0.0008252988000000006,-0.030402,1.207952261,0.7153269999999998
4907,-0.0008243388000000003,-0.030402,1.207952261,0.1525129999999999
4908,-0.0008233788000000008,-0.030402,1.207952261,0.5947239999999998
4909,-0.0008224188000000004,-0.030402,1.19991206,1.8811559999999998
4910,-0.0008214588000000009,-0.010301499999999998,1.19991206,3.6097989999999998
4911,-0.0008204988000000005,-0.010301499999999998,1.207952261,5.057035
4912,-0.0008195388000000001,-0.030402,1.207952261,5.539447
4913,-0.0008185788000000006,0.009799000000000002,1.19991206,4.976633
4914,-0.0008176188000000003,-0.030402,1.215992462,3.65
4915,-0.0008166588000000008,-0.010301499999999998,1.207952261,1.961558
4916,-0.0008156988000000004,-0.010301499999999998,1.215992462,0.634925
4917,-0.0008147388000000009,0.009799000000000002,1.191871859,0.19271400000000005
4918,-0.0008137788000000005,-0.010301499999999998,1.207952261,0.6751259999999997
4919,-0.0008128188000000001,-0.010301499999999998,1.207952261,2.082161
4920,-0.0008118588000000006,-0.030402,1.207952261,3.7304019999999998
4921,-0.0008108988000000003,-0.010301499999999998,1.207952261,5.057035
4922,-0.0008099388000000008,0.009799000000000002,1.207952261,5.579648
4923,-0.0008089788000000004,-0.010301499999999998,1.207952261,5.016834
4924,-0.0008080188000000009,-0.030402,1.207952261,3.7304019999999998
4925,-0.0008070588000000005,-0.030402,1.215992462,2.1625629999999996
4926,-0.0008060988000000002,-0.030402,1.215992462,0.755528
4927,-0.0008051388000000007,-0.030402,1.207952261,0.23291499999999976
4928,-0.0008041788000000003,-0.030402,1.224032663,0.5545229999999997
4929,-0.0008032188000000008,-0.010301499999999998,1.215992462,1.6399499999999998
4930,-0.0008022588000000004,-0.010301499999999998,1.215992462,3.2479899999999997
4931,-0.0008012988000000009,-0.030402,1.207952261,4.775628
4932,-0.0008003388000000005,-0.030402,1.215992462,5.499245999999999
4933,-0.0007993788000000002,-0.010301499999999998,1.19991206,5.298241
4934,-0.0007984188000000007,-0.030402,1.19991206,4.2530149999999995
4935,-0.0007974588000000003,-0.030402,1.19991206,2.725377
4936,-0.0007964988000000008,-0.010301499999999998,1.207952261,1.1977389999999999
4937,-0.0007955388000000004,-0.010301499999999998,1.207952261,0.3535179999999998
4938,-0.0007945788000000009,-0.010301499999999998,1.207952261,0.19271400000000005
4939,-0.0007936188000000005,-0.030402,1.19991206,0.996734
4940,-0.0007926588000000002,-0.010301499999999998,1.19991206,2.4037689999999996
4941,-0.0007916988000000007,-0.010301499999999998,1.207952261,3.931407
4942,-0.0007907388000000003,-0.010301499999999998,1.19991206,5.137437
4943,-0.0007897788000000008,0.009799000000000002,1.207952261,5.539447
4944,-0.0007888188000000004,-0.030402,1.207952261,5.016834
4945,-0.0007878588000000009,0.009799000000000002,1.207952261,3.7304019999999998
4946,-0.0007868988000000006,-0.010301499999999998,1.207952261,2.2831659999999996
4947,-0.0007859388000000002,-0.010301499999999998,1.215992462,0.9163319999999997
4948,-0.0007849788000000007,-0.030402,1.224032663,0.19271400000000005
4949,-0.0007840188000000003,-0.010301499999999998,1.215992462,0.31331700000000007
4950,-0.0007830588000000008,-0.010301499999999998,1.215992462,1.318342
4951,-0.0007820988000000004,-0.010301499999999998,1.215992462,2.84598
4952,-0.0007811388000000009,-0.010301499999999998,1.215992462,4.333417
4953,-0.0007801788000000006,-0.010301499999999998,1.207952261,5.338442
4954,-0.0007792188000000002,0.009799000000000002,1.207952261,5.499245999999999
4955,-0.0007782588000000007,-0.010301499999999998,1.19991206,4.735427
4956,-0.0007772988000000003,0.009799000000000002,1.207952261,3.328392
4957,-0.0007763388000000008,-0.030402,1.215992462,1.599749
4958,-0.0007753788000000005,0.009799000000000002,1.207952261,0.4741209999999998
4959,-0.000774418800000001,0.009799000000000002,1.19991206,0.1525129999999999
4960,-0.0007734588000000006,-0.030402,1.207952261,0.755528
4961,-0.0007724988000000002,-0.010301499999999998,1.207952261,2.082161
4962,-0.0007715388000000007,-0.030402,1.19991206,3.770603
4963,-0.0007705788000000003,-0.010301499999999998,1.19991206,5.057035
4964,-0.0007696188000000008,-0.030402,1.215992462,5.539447
4965,-0.0007686588000000005,-0.010301499999999998,1.207952261,5.016834
4966,-0.0007676988000000001,-0.010301499999999998,1.19991206,3.690201
4967,-0.0007667388000000006,-0.030402,1.215992462,2.04196
4968,-0.0007657788000000002,-0.030402,1.207952261,0.6751259999999997
4969,-0.0007648188000000007,0.009799000000000002,1.215992462,0.1525129999999999
4970,-0.0007638588000000003,-0.030402,1.215992462,0.5947239999999998
4971,-0.0007628988000000008,-0.010301499999999998,1.215992462,1.961558
4972,-0.0007619388000000005,0.009799000000000002,1.224032663,3.690201
4973,-0.0007609788000000001,0.029899500000000002,1.224032663,5.016834
4974,-0.0007600188000000006,0.009799000000000002,1.224032663,5.539447
4975,-0.0007590588000000002,0.009799000000000002,1.215992462,5.057035
4976,-0.0007580988000000007,-0.010301499999999998,1.215992462,3.810804
4977,-0.0007571388000000004,0.009799000000000002,1.215992462,2.1625629999999996
4978,-0.0007561788000000009,0.009799000000000002,1.215992462,0.8359299999999998
4979,-0.0007552188000000005,0.009799000000000002,1.215992462,0.19271400000000005
4980,-0.0007542588000000001,0.009799000000000002,1.215992462,0.4339200000000001
4981,-0.0007532988000000006,0.029899500000000002,1.207952261,1.6399499999999998
4982,-0.0007523388000000002,0.009799000000000002,1.207952261,3.207789
4983,-0.0007513788000000007,0.009799000000000002,1.215992462,4.695226
4984,-0.0007504188000000004,-0.010301499999999998,1.19991206,5.418844
4985,-0.0007494588000000009,0.009799000000000002,1.207952261,5.378643
4986,-0.0007484988000000005,0.009799000000000002,1.215992462,4.373618
4987,-0.0007475388000000001,-0.030402,1.224032663,2.926382
4988,-0.0007465788000000006,-0.010301499999999998,1.224032663,1.438945
4989,-0.0007456188000000002,-0.030402,1.215992462,0.3535179999999998
4990,-0.0007446588000000007,-0.010301499999999998,1.215992462,0.23291499999999976
4991,-0.0007436988000000004,0.009799000000000002,1.215992462,0.8359299999999998
4992,-0.0007427388000000009,0.029899500000000002,1.215992462,2.1625629999999996
4993,-0.0007417788000000005,0.009799000000000002,1.215992462,3.65
4994,-0.0007408188000000001,0.009799000000000002,1.215992462,4.976633
4995,-0.0007398588000000006,-0.010301499999999998,1.224032663,5.499245999999999
4996,-0.0007388988000000003,0.009799000000000002,1.224032663,5.258039999999999
4997,-0.0007379388000000008,-0.010301499999999998,1.232072864,4.1324119999999995
4998,-0.0007369788000000004,-0.010301499999999998,1.224032663,2.685176
4999,-0.0007360188000000009,0.009799000000000002,1.207952261,1.1977389999999999
5000,-0.0007350588000000005,-0.010301499999999998,1.215992462,0.31331700000000007
5001,-0.0007340988000000001,-0.010301499999999998,1.207952261,0.23291499999999976
5002,-0.0007331388000000006,-0.010301499999999998,1.207952261,0.996734
5003,-0.0007321788000000003,-0.030402,1.215992462,2.363568
5004,-0.0007312188000000008,-0.010301499999999998,1.207952261,3.891206
5005,-0.0007302588000000004,-0.010301499999999998,1.207952261,5.137437
5006,-0.0007292988000000009,0.009799000000000002,1.207952261,5.579648
5007,-0.0007283388000000005,0.009799000000000002,1.207952261,5.097236
5008,-0.0007273788000000002,0.029899500000000002,1.207952261,3.810804
5009,-0.0007264188000000006,-0.010301499999999998,1.207952261,2.2831659999999996
5010,-0.0007254588000000003,-0.010301499999999998,1.215992462,0.9163319999999997
5011,-0.0007244988000000008,0.029899500000000002,1.215992462,0.19271400000000005
5012,-0.0007235388000000004,0.029899500000000002,1.215992462,0.39371899999999993
5013,-0.0007225788000000009,-0.010301499999999998,1.215992462,1.5193469999999998
5014,-0.0007216188000000005,0.009799000000000002,1.215992462,3.087186
5015,-0.0007206588000000002,0.009799000000000002,1.215992462,4.614824
5016,-0.0007196988000000007,0.009799000000000002,1.207952261,5.459045
5017,-0.0007187388000000003,-0.010301499999999998,1.224032663,5.338442
5018,-0.0007177788000000008,0.009799000000000002,1.224032663,4.293216
5019,-0.0007168188000000004,0.009799000000000002,1.215992462,2.725377
5020,-0.0007158588000000009,0.009799000000000002,1.224032663,1.117337
5021,-0.0007148988000000005,0.009799000000000002,1.215992462,0.19271400000000005
5022,-0.0007139388000000002,-0.010301499999999998,1.224032663,0.3535179999999998
5023,-0.0007129788000000007,-0.010301499999999998,1.215992462,1.438945
5024,-0.0007120188000000003,0.009799000000000002,1.224032663,3.167588
5025,-0.0007110588000000008,0.009799000000000002,1.207952261,4.735427
5026,-0.0007100988000000004,0.009799000000000002,1.19991206,5.539447
5027,-0.0007091388000000009,0.009799000000000002,1.19991206,5.258039999999999
5028,-0.0007081788000000006,0.029899500000000002,1.19991206,4.05201
5029,-0.0007072188000000002,-0.010301499999999998,1.207952261,2.363568
5030,-0.0007062588000000007,0.009799000000000002,1.215992462,0.876131
5031,-0.0007052988000000003,0.009799000000000002,1.207952261,0.1525129999999999
5032,-0.0007043388000000008,0.009799000000000002,1.207952261,0.5545229999999997
5033,-0.0007033788000000004,0.029899500000000002,1.215992462,1.840955
5034,-0.0007024188000000009,0.009799000000000002,1.207952261,3.529397
5035,-0.0007014588000000006,0.009799000000000002,1.215992462,4.85603
5036,-0.0007004988000000002,-0.010301499999999998,1.224032663,5.539447
5037,-0.0006995388000000007,0.009799000000000002,1.215992462,5.097236
5038,-0.0006985788000000003,-0.010301499999999998,1.215992462,3.770603
5039,-0.0006976188000000008,-0.010301499999999998,1.224032663,2.122362
5040,-0.0006966588000000004,0.009799000000000002,1.232072864,0.755528
5041,-0.0006956988000000009,0.029899500000000002,1.224032663,0.23291499999999976
5042,-0.0006947388000000006,0.009799000000000002,1.215992462,0.5545229999999997
5043,-0.0006937788000000002,-0.010301499999999998,1.224032663,1.800754
5044,-0.0006928188000000007,0.009799000000000002,1.215992462,3.3685929999999997
5045,-0.0006918588000000003,-0.010301499999999998,1.215992462,4.775628
5046,-0.0006908988000000008,0.009799000000000002,1.215992462,5.499245999999999
5047,-0.0006899388000000005,0.009799000000000002,1.215992462,5.298241
5048,-0.000688978800000001,0.029899500000000002,1.215992462,4.212814
5049,-0.0006880188000000006,-0.010301499999999998,1.215992462,2.6449749999999996
5050,-0.0006870588000000002,0.009799000000000002,1.207952261,1.1575379999999997
5051,-0.0006860988000000007,0.029899500000000002,1.207952261,0.2731159999999999
5052,-0.0006851388000000003,-0.010301499999999998,1.215992462,0.31331700000000007
5053,-0.0006841788000000008,0.009799000000000002,1.215992462,1.1977389999999999
5054,-0.0006832188000000005,0.009799000000000002,1.215992462,2.604774
5055,-0.0006822588000000001,0.029899500000000002,1.207952261,4.092211
5056,-0.0006812988000000006,-0.010301499999999998,1.224032663,5.258039999999999
5057,-0.0006803388000000002,0.009799000000000002,1.215992462,5.579648
5058,-0.0006793788000000007,0.009799000000000002,1.215992462,4.85603
5059,-0.0006784188000000003,0.029899500000000002,1.215992462,3.569598
5060,-0.0006774588000000008,0.009799000000000002,1.224032663,2.04196
5061,-0.0006764988000000005,0.009799000000000002,1.224032663,0.6751259999999997
5062,-0.0006755388000000001,0.009799000000000002,1.232072864,0.19271400000000005
5063,-0.0006745788000000006,0.009799000000000002,1.224032663,0.5947239999999998
5064,-0.0006736188000000002,-0.010301499999999998,1.224032663,1.8811559999999998
5065,-0.0006726588000000007,-0.010301499999999998,1.224032663,3.4891959999999997
5066,-0.0006716988000000004,0.029899500000000002,1.224032663,4.936432
5067,-0.0006707388000000009,-0.030402,1.232072864,5.539447
5068,-0.0006697788000000005,-0.010301499999999998,1.215992462,5.057035
5069,-0.0006688188000000001,0.009799000000000002,1.224032663,3.690201
5070,-0.0006678588000000006,-0.010301499999999998,1.215992462,1.961558
5071,-0.0006668988000000002,0.029899500000000002,1.207952261,0.5947239999999998
5072,-0.0006659388000000007,0.009799000000000002,1.215992462,0.11231199999999975
5073,-0.0006649788000000004,0.009799000000000002,1.207952261,0.9565329999999999
5074,-0.0006640188000000009,0.029899500000000002,1.207952261,2.484171
5075,-0.0006630588000000005,0.029899500000000002,1.215992462,4.2530149999999995
5076,-0.0006620988000000001,0.009799000000000002,1.224032663,5.338442
5077,-0.0006611388000000006,0.009799000000000002,1.215992462,5.378643
5078,-0.0006601788000000003,0.009799000000000002,1.215992462,4.212814
5079,-0.0006592188000000008,0.009799000000000002,1.224032663,2.484171
5080,-0.0006582588000000004,0.009799000000000002,1.224032663,0.8359299999999998
5081,-0.0006572988000000009,0.009799000000000002,1.224032663,0.19271400000000005
5082,-0.0006563388000000005,0.009799000000000002,1.232072864,0.5947239999999998
5083,-0.0006553788000000001,0.029899500000000002,1.224032663,2.04196
5084,-0.0006544188000000006,0.009799000000000002,1.232072864,3.7304019999999998
5085,-0.0006534588000000003,0.029899500000000002,1.215992462,5.057035
5086,-0.0006524988000000008,-0.010301499999999998,1.232072864,5.579648
5087,-0.0006515388000000004,0.009799000000000002,1.232072864,4.936432
5088,-0.0006505788000000009,0.029899500000000002,1.232072864,3.569598
5089,-0.0006496188000000005,0.009799000000000002,1.232072864,1.8811559999999998
5090,-0.0006486588000000001,0.029899500000000002,1.224032663,0.634925
5091,-0.0006476988000000006,0.029899500000000002,1.215992462,0.1525129999999999
5092,-0.0006467388000000003,0.009799000000000002,1.224032663,0.755528
5093,-0.0006457788000000008,0.009799000000000002,1.215992462,2.04196
5094,-0.0006448188000000004,0.029899500000000002,1.215992462,3.569598
5095,-0.0006438588000000009,0.009799000000000002,1.224032663,4.936432
5096,-0.0006428988000000005,0.009799000000000002,1.215992462,5.539447
5097,-0.0006419388000000002,0.029899500000000002,1.215992462,5.258039999999999
5098,-0.0006409788000000007,0.009799000000000002,1.207952261,4.1324119999999995
5099,-0.0006400188000000003,0.029899500000000002,1.207952261,2.5243719999999996
5100,-0.0006390588000000008,0.009799000000000002,1.224032663,1.1575379999999997
5101,-0.0006380988000000004,0.05,1.215992462,0.3535179999999998
5102,-0.0006371388000000009,0.029899500000000002,1.224032663,0.31331700000000007
5103,-0.0006361788000000005,0.029899500000000002,1.232072864,1.1575379999999997
5104,-0.0006352188000000002,0.029899500000000002,1.224032663,2.6449749999999996
5105,-0.0006342588000000007,0.029899500000000002,1.232072864,4.212814
5106,-0.0006332988000000003,0.009799000000000002,1.224032663,5.258039999999999
5107,-0.0006323388000000008,0.009799000000000002,1.232072864,5.539447
5108,-0.0006313788000000004,0.009799000000000002,1.224032663,4.85603
5109,-0.0006304188000000009,0.029899500000000002,1.224032663,3.448995
5110,-0.0006294588000000005,0.029899500000000002,1.224032663,1.800754
5111,-0.0006284988000000002,0.009799000000000002,1.232072864,0.634925
5112,-0.0006275388000000007,0.05,1.232072864,0.19271400000000005
5113,-0.0006265788000000003,0.029899500000000002,1.232072864,0.634925
5114,-0.0006256188000000008,0.029899500000000002,1.232072864,1.961558
5115,-0.0006246588000000004,0.009799000000000002,1.215992462,3.6097989999999998
5116,-0.0006236988000000009,0.009799000000000002,1.224032663,4.976633
5117,-0.0006227388000000006,0.029899500000000002,1.215992462,5.539447
5118,-0.0006217788000000002,0.029899500000000002,1.207952261,5.137437
5119,-0.0006208188000000007,0.029899500000000002,1.19991206,3.770603
5120,-0.0006198588000000003,0.009799000000000002,1.215992462,2.082161
5121,-0.0006188988000000008,0.05,1.215992462,0.7153269999999998
5122,-0.0006179388000000004,0.05,1.224032663,0.1525129999999999
5123,-0.0006169788000000009,0.029899500000000002,1.232072864,0.6751259999999997
5124,-0.0006160188000000006,0.009799000000000002,1.232072864,2.04196
5125,-0.0006150588000000002,0.009799000000000002,1.232072864,3.810804
5126,-0.0006140988000000007,0.029899500000000002,1.232072864,5.097236
5127,-0.0006131388000000003,0.029899500000000002,1.232072864,5.539447
5128,-0.0006121788000000008,0.029899500000000002,1.232072864,4.896231
5129,-0.0006112188000000005,0.029899500000000002,1.232072864,3.328392
5130,-0.000610258800000001,0.029899500000000002,1.232072864,1.559548
5131,-0.0006092988000000006,0.05,1.232072864,0.3535179999999998
5132,-0.0006083388000000002,0.029899500000000002,1.232072864,0.1525129999999999
5133,-0.0006073788000000007,0.009799000000000002,1.224032663,1.117337
5134,-0.0006064188000000003,0.029899500000000002,1.224032663,2.7655779999999996
5135,-0.0006054588000000008,0.029899500000000002,1.224032663,4.333417
5136,-0.0006044988000000005,0.05,1.224032663,5.378643
5137,-0.000603538800000001,0.029899500000000002,1.224032663,5.459045
5138,-0.0006025788000000006,0.05,1.224032663,4.45402
5139,-0.0006016188000000002,0.029899500000000002,1.215992462,2.84598
5140,-0.0006006588000000007,0.029899500000000002,1.215992462,1.2781409999999997
5141,-0.0005996988000000003,0.05,1.224032663,0.3535179999999998
5142,-0.0005987388000000008,0.05,1.215992462,0.19271400000000005
5143,-0.0005977788000000005,0.029899500000000002,1.215992462,1.117337
5144,-0.0005968188000000001,0.029899500000000002,1.215992462,2.564573
5145,-0.0005958588000000006,0.029899500000000002,1.224032663,4.1324119999999995
5146,-0.0005948988000000002,0.05,1.232072864,5.177638
5147,-0.0005939388000000007,0.029899500000000002,1.224032663,5.499245999999999
5148,-0.0005929788000000004,0.029899500000000002,1.232072864,5.016834
5149,-0.0005920188000000009,0.029899500000000002,1.232072864,3.690201
5150,-0.0005910588000000005,0.029899500000000002,1.232072864,2.1625629999999996
5151,-0.0005900988000000001,0.029899500000000002,1.232072864,0.8359299999999998
5152,-0.0005891388000000006,0.029899500000000002,1.232072864,0.1525129999999999
5153,-0.0005881788000000002,0.05,1.232072864,0.39371899999999993
5154,-0.0005872188000000007,0.029899500000000002,1.232072864,1.3987439999999998
5155,-0.0005862588000000004,0.05,1.232072864,2.966583
5156,-0.0005852988000000009,0.05,1.232072864,4.413819
5157,-0.0005843388000000005,0.029899500000000002,1.215992462,5.338442
5158,-0.0005833788000000001,0.029899500000000002,1.224032663,5.459045
5159,-0.0005824188000000006,0.05,1.215992462,4.775628
5160,-0.0005814588000000002,0.05,1.232072864,3.3685929999999997
5161,-0.0005804988000000007,0.05,1.224032663,1.7605529999999998
5162,-0.0005795388000000004,0.05,1.232072864,0.5947239999999998
5163,-0.0005785788000000009,0.029899500000000002,1.232072864,0.19271400000000005
5164,-0.0005776188000000005,0.05,1.215992462,0.7153269999999998
5165,-0.0005766588000000001,0.029899500000000002,1.215992462,2.082161
5166,-0.0005756988000000006,0.029899500000000002,1.224032663,3.7304019999999998
5167,-0.0005747388000000003,0.05,1.232072864,5.057035
5168,-0.0005737788000000008,0.05,1.224032663,5.579648
5169,-0.0005728188000000004,0.029899500000000002,1.232072864,5.057035
5170,-0.0005718588000000009,0.029899500000000002,1.232072864,3.690201
5171,-0.0005708988000000005,0.029899500000000002,1.240113065,2.001759
5172,-0.0005699388000000001,0.029899500000000002,1.232072864,0.6751259999999997
5173,-0.0005689788000000006,0.029899500000000002,1.248153266,0.19271400000000005
5174,-0.0005680188000000003,0.05,1.240113065,0.6751259999999997
5175,-0.0005670588000000008,0.05,1.232072864,2.122362
5176,-0.0005660988000000004,0.029899500000000002,1.240113065,3.810804
5177,-0.0005651388000000009,0.05,1.240113065,5.137437
5178,-0.0005641788000000005,0.07010050000000001,1.224032663,5.579648
5179,-0.0005632188000000002,0.029899500000000002,1.232072864,4.936432
5180,-0.0005622588000000006,0.05,1.232072864,3.4891959999999997
5181,-0.0005612988000000003,0.029899500000000002,1.224032663,1.840955
5182,-0.0005603388000000008,0.05,1.232072864,0.5545229999999997
5183,-0.0005593788000000004,0.029899500000000002,1.224032663,0.19271400000000005
5184,-0.0005584188000000009,0.029899500000000002,1.215992462,0.876131
5185,-0.0005574588000000005,0.009799000000000002,1.232072864,2.4037689999999996
5186,-0.0005564988000000002,0.05,1.215992462,4.0118089999999995
5187,-0.0005555388000000007,0.05,1.215992462,5.217839
5188,-0.0005545788000000003,0.05,1.215992462,5.539447
5189,-0.0005536188000000008,0.05,1.215992462,4.775628
5190,-0.0005526588000000004,0.05,1.215992462,3.448995
5191,-0.0005516988000000009,0.029899500000000002,1.215992462,1.800754
5192,-0.0005507388000000005,0.05,1.232072864,0.5947239999999998
5193,-0.0005497788000000002,0.029899500000000002,1.240113065,0.1525129999999999
5194,-0.0005488188000000007,0.05,1.248153266,0.7153269999999998
5195,-0.0005478588000000003,0.029899500000000002,1.240113065,2.001759
5196,-0.0005468988000000008,0.05,1.240113065,3.65
5197,-0.0005459388000000004,0.029899500000000002,1.240113065,5.016834
5198,-0.0005449788000000009,0.009799000000000002,1.232072864,5.619849
5199,-0.0005440188000000006,0.05,1.232072864,5.177638
5200,-0.0005430588000000002,0.029899500000000002,1.215992462,3.931407
5201,-0.0005420988000000007,0.05,1.224032663,2.2831659999999996
5202,-0.0005411388000000003,0.029899500000000002,1.240113065,0.8359299999999998
5203,-0.0005401788000000008,0.029899500000000002,1.232072864,0.1525129999999999
5204,-0.0005392188000000004,0.05,1.240113065,0.4741209999999998
5205,-0.0005382588000000009,0.029899500000000002,1.232072864,1.559548
5206,-0.0005372988000000006,0.07010050000000001,1.232072864,3.288191
5207,-0.0005363388000000002,0.05,1.224032663,4.735427
5208,-0.0005353788000000007,0.05,1.215992462,5.579648
5209,-0.0005344188000000003,0.05,1.224032663,5.338442
5210,-0.0005334588000000008,0.029899500000000002,1.232072864,4.172613
5211,-0.0005324988000000004,0.05,1.232072864,2.604774
5212,-0.0005315388000000009,0.029899500000000002,1.215992462,1.0771359999999999
5213,-0.0005305788000000006,0.029899500000000002,1.232072864,0.19271400000000005
5214,-0.0005296188000000002,0.05,1.232072864,0.3535179999999998
5215,-0.0005286588000000007,0.05,1.240113065,1.479146
5216,-0.0005276988000000003,0.05,1.248153266,3.046985
5217,-0.0005267388000000008,0.05,1.240113065,4.534422
5218,-0.0005257788000000005,0.05,1.248153266,5.459045
5219,-0.000524818800000001,0.029899500000000002,1.240113065,5.378643
5220,-0.0005238588000000006,0.05,1.240113065,4.494221
5221,-0.0005228988000000002,0.05,1.248153266,2.966583
5222,-0.0005219388000000007,0.07010050000000001,1.248153266,1.438945
5223,-0.0005209788000000003,0.05,1.232072864,0.3535179999999998
5224,-0.0005200188000000008,0.07010050000000001,1.232072864,0.23291499999999976
5225,-0.0005190588000000005,0.05,1.232072864,0.9565329999999999
5226,-0.000518098800000001,0.05,1.232072864,2.363568
5227,-0.0005171388000000006,0.05,1.240113065,3.971608
5228,-0.0005161788000000002,0.07010050000000001,1.224032663,5.217839
5229,-0.0005152188000000007,0.029899500000000002,1.240113065,5.579648
5230,-0.0005142588000000003,0.029899500000000002,1.215992462,5.016834
5231,-0.0005132988000000008,0.05,1.232072864,3.690201
5232,-0.0005123388000000005,0.07010050000000001,1.215992462,2.122362
5233,-0.000511378800000001,0.07010050000000001,1.224032663,0.755528
5234,-0.0005104188000000006,0.05,1.232072864,0.19271400000000005
5235,-0.0005094588000000002,0.090201,1.240113065,0.5947239999999998
5236,-0.0005084988000000007,0.05,1.224032663,1.7605529999999998
5237,-0.0005075388000000004,0.05,1.240113065,3.3685929999999997
5238,-0.0005065788000000009,0.05,1.232072864,4.815829
5239,-0.0005056188000000005,0.07010050000000001,1.232072864,5.499245999999999
5240,-0.0005046588000000001,0.029899500000000002,1.248153266,5.298241
5241,-0.0005036988000000006,0.05,1.240113065,4.1324119999999995
5242,-0.0005027388000000002,0.07010050000000001,1.2561934670000001,2.5243719999999996
5243,-0.0005017788000000007,0.07010050000000001,1.2561934670000001,1.0369349999999997
5244,-0.0005008188000000004,0.05,1.248153266,0.19271400000000005
5245,-0.0004998588000000009,0.05,1.248153266,0.39371899999999993
5246,-0.0004988988000000005,0.05,1.232072864,1.559548
5247,-0.0004979388000000001,0.07010050000000001,1.232072864,3.1273869999999997
5248,-0.0004969788000000006,0.05,1.224032663,4.695226
5249,-0.0004960188000000003,0.05,1.232072864,5.539447
5250,-0.0004950588000000007,0.07010050000000001,1.215992462,5.338442
5251,-0.0004940988000000004,0.07010050000000001,1.232072864,4.293216
5252,-0.0004931388000000009,0.05,1.232072864,2.604774
5253,-0.0004921788000000005,0.07010050000000001,1.232072864,1.0771359999999999
5254,-0.0004912188000000001,0.07010050000000001,1.232072864,0.1525129999999999
5255,-0.0004902588000000006,0.05,1.232072864,0.31331700000000007
5256,-0.0004892988000000003,0.05,1.232072864,1.358543
5257,-0.0004883388000000008,0.090201,1.232072864,2.926382
5258,-0.0004873788000000004,0.05,1.232072864,4.45402
5259,-0.0004864188000000009,0.05,1.240113065,5.378643
5260,-0.0004854588000000005,0.05,1.232072864,5.499245999999999
5261,-0.00048449880000000015,0.07010050000000001,1.232072864,4.735427
5262,-0.00048353880000000064,0.07010050000000001,1.248153266,3.207789
5263,-0.00048257880000000027,0.07010050000000001,1.240113065,1.7203519999999999
5264,-0.00048161880000000077,0.07010050000000001,1.232072864,0.514322
5265,-0.0004806588000000004,0.05,1.232072864,0.1525129999999999
5266,-0.0004796988000000009,0.07010050000000001,1.248153266,0.6751259999999997
5267,-0.0004787388000000005,0.05,1.240113065,1.921357
5268,-0.00047777880000000016,0.07010050000000001,1.240113065,3.448995
5269,-0.00047681880000000065,0.07010050000000001,1.248153266,4.815829
5270,-0.0004758588000000003,0.07010050000000001,1.248153266,5.539447
5271,-0.0004748988000000008,0.090201,1.232072864,5.378643
5272,-0.0004739388000000004,0.07010050000000001,1.232072864,4.494221
5273,-0.0004729788000000009,0.090201,1.232072864,2.966583
5274,-0.00047201880000000054,0.07010050000000001,1.240113065,1.479146
5275,-0.00047105880000000017,0.05,1.232072864,0.514322
5276,-0.00047009880000000066,0.05,1.224032663,0.1525129999999999
5277,-0.0004691388000000003,0.05,1.232072864,0.7153269999999998
5278,-0.0004681788000000008,0.090201,1.232072864,1.921357
5279,-0.0004672188000000004,0.07010050000000001,1.232072864,3.4891959999999997
5280,-0.0004662588000000009,0.07010050000000001,1.232072864,4.775628
5281,-0.00046529880000000055,0.05,1.240113065,5.499245999999999
5282,-0.0004643388000000002,0.07010050000000001,1.224032663,5.418844
5283,-0.0004633788000000007,0.07010050000000001,1.240113065,4.45402
5284,-0.0004624188000000003,0.05,1.232072864,2.966583
5285,-0.0004614588000000008,0.05,1.240113065,1.438945
5286,-0.00046049880000000043,0.07010050000000001,1.248153266,0.4339200000000001
5287,-0.0004595388000000009,0.07010050000000001,1.248153266,0.1525129999999999
5288,-0.00045857880000000056,0.07010050000000001,1.240113065,0.9163319999999997
5289,-0.0004576188000000002,0.07010050000000001,1.240113065,2.242965
5290,-0.0004566588000000007,0.07010050000000001,1.248153266,3.931407
5291,-0.0004556988000000003,0.090201,1.240113065,5.137437
5292,-0.0004547388000000008,0.090201,1.232072864,5.579648
5293,-0.00045377880000000044,0.07010050000000001,1.248153266,5.016834
5294,-0.00045281880000000094,0.05,1.240113065,3.569598
5295,-0.00045185880000000057,0.07010050000000001,1.232072864,1.921357
5296,-0.0004508988000000002,0.07010050000000001,1.232072864,0.5545229999999997
5297,-0.0004499388000000007,0.090201,1.240113065,0.19271400000000005
5298,-0.0004489788000000003,0.05,1.232072864,0.8359299999999998
5299,-0.0004480188000000008,0.090201,1.232072864,2.44397
5300,-0.00044705880000000045,0.07010050000000001,1.232072864,4.0118089999999995
5301,-0.00044609880000000095,0.07010050000000001,1.232072864,5.258039999999999
5302,-0.0004451388000000006,0.090201,1.232072864,5.539447
5303,-0.0004441788000000002,0.05,1.240113065,4.614824
5304,-0.0004432188000000007,0.07010050000000001,1.232072864,3.046985
5305,-0.00044225880000000033,0.05,1.232072864,1.358543
5306,-0.00044129880000000083,0.090201,1.240113065,0.31331700000000007
5307,-0.00044033880000000046,0.07010050000000001,1.240113065,0.31331700000000007
5308,-0.00043937880000000096,0.090201,1.248153266,1.23794
5309,-0.0004384188000000006,0.07010050000000001,1.240113065,2.805779
5310,-0.0004374588000000002,0.07010050000000001,1.248153266,4.413819
5311,-0.0004364988000000007,0.090201,1.2561934670000001,5.378643
5312,-0.00043553880000000034,0.05,1.240113065,5.499245999999999
5313,-0.00043457880000000084,0.07010050000000001,1.248153266,4.655025
5314,-0.00043361880000000047,0.07010050000000001,1.248153266,3.167588
5315,-0.00043265880000000097,0.090201,1.232072864,1.559548
5316,-0.0004316988000000006,0.1103015,1.240113065,0.4741209999999998
5317,-0.0004307388000000002,0.07010050000000001,1.240113065,0.19271400000000005
5318,-0.0004297788000000007,0.090201,1.248153266,0.755528
5319,-0.00042881880000000035,0.07010050000000001,1.232072864,2.082161
5320,-0.00042785880000000085,0.07010050000000001,1.232072864,3.569598
5321,-0.0004268988000000005,0.07010050000000001,1.232072864,4.85603
5322,-0.000425938800000001,0.090201,1.232072864,5.499245999999999
5323,-0.0004249788000000006,0.05,1.232072864,5.378643
5324,-0.00042401880000000024,0.07010050000000001,1.240113065,4.293216
5325,-0.00042305880000000073,0.07010050000000001,1.232072864,2.805779
5326,-0.00042209880000000036,0.07010050000000001,1.240113065,1.3987439999999998
5327,-0.00042113880000000086,0.07010050000000001,1.240113065,0.31331700000000007
5328,-0.0004201788000000005,0.05,1.240113065,0.19271400000000005
5329,-0.0004192188000000001,0.090201,1.240113065,0.8359299999999998
5330,-0.0004182588000000006,0.05,1.240113065,2.202764
5331,-0.00041729880000000025,0.07010050000000001,1.248153266,3.810804
5332,-0.00041633880000000074,0.07010050000000001,1.248153266,5.016834
5333,-0.0004153788000000004,0.07010050000000001,1.2561934670000001,5.539447
5334,-0.00041441880000000087,0.07010050000000001,1.248153266,5.137437
5335,-0.0004134588000000005,0.07010050000000001,1.2561934670000001,3.891206
5336,-0.00041249880000000013,0.090201,1.2561934670000001,2.242965
5337,-0.00041153880000000063,0.05,1.248153266,0.8359299999999998
5338,-0.00041057880000000026,0.05,1.240113065,0.19271400000000005
5339,-0.00040961880000000075,0.05,1.248153266,0.514322
5340,-0.0004086588000000004,0.090201,1.240113065,1.800754
5341,-0.0004076988000000009,0.07010050000000001,1.232072864,3.4891959999999997
5342,-0.0004067388000000005,0.090201,1.240113065,4.936432
5343,-0.00040577880000000014,0.07010050000000001,1.232072864,5.579648
5344,-0.00040481880000000064,0.090201,1.232072864,5.097236
5345,-0.00040385880000000027,0.090201,1.224032663,3.7304019999999998
5346,-0.00040289880000000076,0.07010050000000001,1.232072864,1.961558
5347,-0.0004019388000000004,0.090201,1.240113065,0.5947239999999998
5348,-0.0004009788000000009,0.07010050000000001,1.248153266,0.19271400000000005
5349,-0.0004000188000000005,0.090201,1.248153266,0.876131
5350,-0.00039905880000000015,0.07010050000000001,1.248153266,2.44397
5351,-0.00039809880000000065,0.090201,1.240113065,4.1324119999999995
5352,-0.0003971388000000003,0.090201,1.248153266,5.418844
5353,-0.0003961788000000008,0.090201,1.248153266,5.499245999999999
5354,-0.0003952188000000004,0.07010050000000001,1.248153266,4.45402
5355,-0.0003942588000000009,0.07010050000000001,1.2561934670000001,2.926382
5356,-0.00039329880000000053,0.07010050000000001,1.2561934670000001,1.1977389999999999
5357,-0.00039233880000000016,0.090201,1.2561934670000001,0.2731159999999999
5358,-0.00039137880000000066,0.090201,1.232072864,0.3535179999999998
5359,-0.0003904188000000003,0.07010050000000001,1.248153266,1.358543
5360,-0.0003894588000000008,0.05,1.248153266,2.926382
5361,-0.0003884988000000004,0.090201,1.248153266,4.45402
5362,-0.0003875388000000009,0.05,1.240113065,5.418844
5363,-0.00038657880000000054,0.090201,1.240113065,5.499245999999999
5364,-0.00038561880000000017,0.07010050000000001,1.248153266,4.614824
5365,-0.00038465880000000067,0.090201,1.232072864,3.087186
5366,-0.0003836988000000003,0.090201,1.232072864,1.559548
5367,-0.0003827388000000008,0.07010050000000001,1.240113065,0.514322
5368,-0.0003817788000000004,0.07010050000000001,1.240113065,0.19271400000000005
5369,-0.0003808188000000009,0.07010050000000001,1.240113065,0.7957289999999997
5370,-0.00037985880000000055,0.1103015,1.240113065,2.122362
5371,-0.0003788988000000002,0.090201,1.248153266,3.7304019999999998
5372,-0.0003779388000000007,0.07010050000000001,1.240113065,4.976633
5373,-0.0003769788000000003,0.1103015,1.240113065,5.579648
5374,-0.0003760188000000008,0.07010050000000001,1.2561934670000001,5.217839
5375,-0.00037505880000000043,0.090201,1.2561934670000001,4.1324119999999995
5376,-0.00037409880000000093,0.090201,1.248153266,2.604774
5377,-0.00037313880000000056,0.090201,1.2642336680000001,1.117337
5378,-0.0003721788000000002,0.090201,1.248153266,0.2731159999999999
5379,-0.0003712188000000007,0.090201,1.248153266,0.31331700000000007
5380,-0.0003702588000000003,0.090201,1.2561934670000001,1.1977389999999999
5381,-0.0003692988000000008,0.090201,1.2561934670000001,2.685176
5382,-0.00036833880000000045,0.090201,1.248153266,4.2530149999999995
5383,-0.00036737880000000094,0.1103015,1.248153266,5.338442
5384,-0.00036641880000000057,0.07010050000000001,1.248153266,5.539447
5385,-0.0003654588000000002,0.090201,1.248153266,4.85603
5386,-0.0003644988000000007,0.090201,1.232072864,3.448995
5387,-0.00036353880000000033,0.090201,1.232072864,1.7203519999999999
5388,-0.0003625788000000008,0.090201,1.240113065,0.4741209999999998
5389,-0.00036161880000000046,0.090201,1.240113065,0.19271400000000005
5390,-0.00036065880000000095,0.090201,1.240113065,0.7957289999999997
5391,-0.0003596988000000006,0.07010050000000001,1.248153266,2.202764
5392,-0.0003587388000000002,0.090201,1.248153266,3.891206
5393,-0.0003577788000000007,0.090201,1.248153266,5.177638
5394,-0.00035681880000000034,0.07010050000000001,1.240113065,5.579648
5395,-0.00035585880000000084,0.090201,1.240113065,5.057035
5396,-0.00035489880000000047,0.090201,1.240113065,3.65
5397,-0.00035393880000000096,0.090201,1.248153266,1.961558
5398,-0.0003529788000000006,0.090201,1.240113065,0.6751259999999997
5399,-0.0003520188000000002,0.07010050000000001,1.248153266,0.1525129999999999
5400,-0.0003510588000000007,0.090201,1.248153266,0.634925
5401,-0.00035009880000000035,0.090201,1.2561934670000001,1.961558
5402,-0.00034913880000000085,0.1103015,1.248153266,3.690201
5403,-0.0003481788000000005,0.090201,1.2561934670000001,5.016834
5404,-0.00034721880000000097,0.07010050000000001,1.2561934670000001,5.619849
5405,-0.0003462588000000006,0.090201,1.248153266,5.057035
5406,-0.00034529880000000023,0.07010050000000001,1.248153266,3.770603
5407,-0.00034433880000000073,0.090201,1.240113065,2.122362
5408,-0.00034337880000000036,0.090201,1.240113065,0.8359299999999998
5409,-0.00034241880000000086,0.090201,1.240113065,0.19271400000000005
5410,-0.0003414588000000005,0.090201,1.240113065,0.514322
5411,-0.000340498800000001,0.1103015,1.232072864,1.680151
5412,-0.0003395388000000006,0.13040200000000002,1.232072864,3.328392
5413,-0.00033857880000000024,0.1103015,1.248153266,4.695226
5414,-0.00033761880000000074,0.090201,1.248153266,5.499245999999999
5415,-0.00033665880000000037,0.090201,1.2642336680000001,5.378643
5416,-0.00033569880000000087,0.090201,1.2561934670000001,4.494221
5417,-0.0003347388000000005,0.07010050000000001,1.2561934670000001,3.087186
5418,-0.0003337788000000001,0.090201,1.248153266,1.599749
5419,-0.0003328188000000006,0.090201,1.2561934670000001,0.4741209999999998
5420,-0.00033185880000000025,0.090201,1.248153266,0.11231199999999975
5421,-0.00033089880000000075,0.090201,1.248153266,0.7153269999999998
5422,-0.0003299388000000004,0.1103015,1.2561934670000001,1.921357
5423,-0.0003289788000000009,0.090201,1.2561934670000001,3.4891959999999997
5424,-0.0003280188000000005,0.1103015,1.248153266,4.85603
5425,-0.00032705880000000014,0.090201,1.248153266,5.539447
5426,-0.00032609880000000063,0.090201,1.248153266,5.418844
5427,-0.00032513880000000026,0.090201,1.2561934670000001,4.413819
5428,-0.00032417880000000076,0.090201,1.240113065,3.046985
5429,-0.0003232188000000004,0.090201,1.240113065,1.559548
5430,-0.0003222588000000009,0.1103015,1.240113065,0.4339200000000001
5431,-0.0003212988000000005,0.1103015,1.240113065,0.19271400000000005
5432,-0.00032033880000000015,0.1103015,1.248153266,0.755528
5433,-0.00031937880000000064,0.090201,1.240113065,2.04196
5434,-0.00031841880000000027,0.1103015,1.240113065,3.529397
5435,-0.00031745880000000077,0.1103015,1.240113065,4.896231
5436,-0.0003164988000000004,0.090201,1.248153266,5.619849
5437,-0.0003155388000000009,0.13040200000000002,1.232072864,5.298241
5438,-0.0003145788000000005,0.1103015,1.248153266,4.092211
5439,-0.00031361880000000016,0.090201,1.248153266,2.604774
5440,-0.00031265880000000065,0.090201,1.248153266,1.117337
5441,-0.0003116988000000003,0.090201,1.2561934670000001,0.2731159999999999
5442,-0.0003107388000000008,0.1103015,1.2561934670000001,0.31331700000000007
5443,-0.0003097788000000004,0.1103015,1.248153266,1.23794
5444,-0.0003088188000000009,0.1103015,1.2561934670000001,2.725377
5445,-0.00030785880000000054,0.07010050000000001,1.248153266,4.172613
5446,-0.00030689880000000017,0.1103015,1.248153266,5.298241
5447,-0.00030593880000000066,0.1103015,1.2561934670000001,5.579648
5448,-0.0003049788000000003,0.1103015,1.2561934670000001,4.936432
5449,-0.0003040188000000008,0.13040200000000002,1.2561934670000001,3.690201
5450,-0.0003030588000000004,0.1103015,1.248153266,2.1625629999999996
5451,-0.0003020988000000009,0.1103015,1.240113065,0.8359299999999998
5452,-0.00030113880000000055,0.1103015,1.2561934670000001,0.19271400000000005
5453,-0.0003001788000000002,0.1103015,1.2561934670000001,0.39371899999999993
5454,-0.0002992188000000007,0.1103015,1.248153266,1.479146
5455,-0.0002982588000000003,0.13040200000000002,1.240113065,2.966583
5456,-0.0002972988000000008,0.090201,1.232072864,4.45402
5457,-0.00029633880000000043,0.13040200000000002,1.240113065,5.418844
5458,-0.0002953788000000009,0.1103015,1.232072864,5.539447
5459,-0.00029441880000000056,0.090201,1.248153266,4.735427
5460,-0.0002934588000000002,0.13040200000000002,1.240113065,3.328392
5461,-0.0002924988000000007,0.090201,1.240113065,1.7203519999999999
5462,-0.0002915388000000003,0.090201,1.248153266,0.5545229999999997
5463,-0.0002905788000000008,0.1103015,1.2561934670000001,0.1525129999999999
5464,-0.00028961880000000044,0.090201,1.2561934670000001,0.6751259999999997
5465,-0.00028865880000000094,0.1103015,1.248153266,2.001759
5466,-0.00028769880000000057,0.1103015,1.2561934670000001,3.690201
5467,-0.0002867388000000002,0.090201,1.2561934670000001,5.016834
5468,-0.0002857788000000007,0.13040200000000002,1.2561934670000001,5.579648
5469,-0.0002848188000000003,0.090201,1.248153266,5.217839
5470,-0.0002838588000000008,0.1103015,1.248153266,3.971608
5471,-0.00028289880000000045,0.1103015,1.248153266,2.363568
5472,-0.00028193880000000095,0.090201,1.248153266,0.9163319999999997
5473,-0.0002809788000000006,0.090201,1.2561934670000001,0.23291499999999976
5474,-0.0002800188000000002,0.090201,1.248153266,0.4339200000000001
5475,-0.0002790588000000007,0.1103015,1.2561934670000001,1.599749
5476,-0.00027809880000000033,0.13040200000000002,1.2561934670000001,3.1273869999999997
5477,-0.00027713880000000083,0.13040200000000002,1.240113065,4.614824
5478,-0.00027617880000000046,0.1103015,1.240113065,5.499245999999999
5479,-0.00027521880000000096,0.13040200000000002,1.248153266,5.418844
5480,-0.0002742588000000006,0.090201,1.248153266,4.494221
5481,-0.0002732988000000002,0.090201,1.232072864,3.0067839999999997
5482,-0.0002723388000000007,0.1103015,1.248153266,1.5193469999999998
5483,-0.00027137880000000034,0.1103015,1.248153266,0.4339200000000001
5484,-0.00027041880000000084,0.1103015,1.248153266,0.19271400000000005
5485,-0.00026945880000000047,0.1103015,1.2642336680000001,0.8359299999999998
5486,-0.00026849880000000097,0.13040200000000002,1.2642336680000001,2.082161
5487,-0.0002675388000000006,0.13040200000000002,1.2642336680000001,3.569598
5488,-0.0002665788000000002,0.1103015,1.2642336680000001,4.976633
5489,-0.0002656188000000007,0.1103015,1.2561934670000001,5.539447
5490,-0.00026465880000000035,0.1103015,1.2561934670000001,5.338442
5491,-0.00026369880000000085,0.1103015,1.2561934670000001,4.333417
5492,-0.0002627388000000005,0.090201,1.2642336680000001,2.84598
5493,-0.000261778800000001,0.1103015,1.248153266,1.438945
5494,-0.0002608188000000006,0.1103015,1.2561934670000001,0.39371899999999993
5495,-0.00025985880000000024,0.13040200000000002,1.248153266,0.1525129999999999
5496,-0.00025889880000000073,0.1103015,1.248153266,0.8359299999999998
5497,-0.00025793880000000036,0.13040200000000002,1.248153266,2.04196
5498,-0.00025697880000000086,0.1103015,1.248153266,3.569598
5499,-0.0002560188000000005,0.1103015,1.248153266,4.976633
5500,-0.000255058800000001,0.1103015,1.2561934670000001,5.539447
5501,-0.0002540988000000006,0.1103015,1.2561934670000001,5.258039999999999
5502,-0.00025313880000000025,0.1103015,1.240113065,4.212814
5503,-0.00025217880000000074,0.15050249999999998,1.248153266,2.725377
5504,-0.0002512188000000004,0.13040200000000002,1.240113065,1.1977389999999999
5505,-0.00025025880000000087,0.15050249999999998,1.2561934670000001,0.2731159999999999
5506,-0.0002492988000000005,0.090201,1.2642336680000001,0.2731159999999999
5507,-0.00024833880000000013,0.090201,1.240113065,1.1977389999999999
5508,-0.00024737880000000063,0.13040200000000002,1.2561934670000001,2.6449749999999996
5509,-0.00024641880000000026,0.13040200000000002,1.2561934670000001,4.1324119999999995
5510,-0.00024545880000000075,0.1103015,1.2561934670000001,5.298241
5511,-0.0002444988000000004,0.1103015,1.2642336680000001,5.539447
5512,-0.00024353880000000088,0.13040200000000002,1.2561934670000001,4.896231
5513,-0.0002425788000000005,0.13040200000000002,1.2722738690000002,3.4891959999999997
5514,-0.00024161880000000014,0.13040200000000002,1.2642336680000001,1.921357
5515,-0.00024065880000000064,0.15050249999999998,1.2642336680000001,0.6751259999999997
5516,-0.00023969880000000027,0.1103015,1.2561934670000001,0.07211100000000004
5517,-0.00023873880000000076,0.13040200000000002,1.2561934670000001,0.634925
5518,-0.0002377788000000004,0.090201,1.2561934670000001,1.921357
5519,-0.0002368188000000009,0.1103015,1.248153266,3.569598
5520,-0.00023585880000000052,0.13040200000000002,1.248153266,4.976633
5521,-0.00023489880000000015,0.1103015,1.248153266,5.539447
5522,-0.00023393880000000065,0.13040200000000002,1.2561934670000001,5.177638
5523,-0.00023297880000000028,0.090201,1.248153266,3.971608
5524,-0.00023201880000000077,0.1103015,1.248153266,2.323367
5525,-0.0002310588000000004,0.15050249999999998,1.240113065,0.876131
5526,-0.0002300988000000009,0.13040200000000002,1.232072864,0.19271400000000005
5527,-0.00022913880000000053,0.090201,1.2561934670000001,0.4741209999999998
5528,-0.00022817880000000016,0.1103015,1.248153266,1.599749
5529,-0.00022721880000000066,0.1103015,1.240113065,3.1273869999999997
5530,-0.0002262588000000003,0.1103015,1.240113065,4.614824
5531,-0.00022529880000000078,0.1103015,1.248153266,5.418844
5532,-0.00022433880000000041,0.15050249999999998,1.2561934670000001,5.459045
5533,-0.0002233788000000009,0.13040200000000002,1.2642336680000001,4.534422
5534,-0.00022241880000000054,0.1103015,1.2642336680000001,3.167588
5535,-0.00022145880000000017,0.1103015,1.2722738690000002,1.559548
5536,-0.00022049880000000067,0.13040200000000002,1.2722738690000002,0.4339200000000001
5537,-0.0002195388000000003,0.13040200000000002,1.2642336680000001,0.1525129999999999
5538,-0.0002185788000000008,0.1103015,1.2561934670000001,0.7153269999999998
5539,-0.00021761880000000042,0.13040200000000002,1.2561934670000001,1.8811559999999998
5540,-0.00021665880000000092,0.13040200000000002,1.2642336680000001,3.3685929999999997
5541,-0.00021569880000000055,0.1103015,1.240113065,4.735427
5542,-0.00021473880000000018,0.13040200000000002,1.2561934670000001,5.499245999999999
5543,-0.00021377880000000068,0.13040200000000002,1.2561934670000001,5.459045
5544,-0.0002128188000000003,0.13040200000000002,1.2642336680000001,4.614824
5545,-0.0002118588000000008,0.13040200000000002,1.2561934670000001,3.2479899999999997
5546,-0.00021089880000000043,0.13040200000000002,1.248153266,1.7605529999999998
5547,-0.00020993880000000093,0.13040200000000002,1.2561934670000001,0.5947239999999998
5548,-0.00020897880000000056,0.13040200000000002,1.240113065,0.1525129999999999
5549,-0.0002080188000000002,0.13040200000000002,1.248153266,0.5545229999999997
5550,-0.0002070588000000007,0.15050249999999998,1.248153266,1.7203519999999999
5551,-0.00020609880000000032,0.1103015,1.2561934670000001,3.288191
5552,-0.00020513880000000081,0.13040200000000002,1.240113065,4.655025
5553,-0.00020417880000000044,0.1103015,1.240113065,5.539447
5554,-0.00020321880000000094,0.15050249999999998,1.248153266,5.418844
5555,-0.00020225880000000057,0.13040200000000002,1.2561934670000001,4.45402
5556,-0.0002012988000000002,0.13040200000000002,1.2642336680000001,2.966583
5557,-0.0002003388000000007,0.13040200000000002,1.2642336680000001,1.3987439999999998
5558,-0.00019937880000000033,0.1103015,1.2642336680000001,0.39371899999999993
5559,-0.00019841880000000083,0.13040200000000002,1.2722738690000002,0.19271400000000005
5560,-0.00019745880000000045,0.13040200000000002,1.2642336680000001,0.9565329999999999
5561,-0.00019649880000000095,0.13040200000000002,1.2722738690000002,2.4037689999999996
5562,-0.00019553880000000058,0.1103015,1.2561934670000001,4.092211
5563,-0.0001945788000000002,0.13040200000000002,1.2561934670000001,5.217839
5564,-0.0001936188000000007,0.13040200000000002,1.248153266,5.539447
5565,-0.00019265880000000034,0.1103015,1.2561934670000001,4.936432
5566,-0.00019169880000000084,0.13040200000000002,1.2561934670000001,3.569598
5567,-0.00019073880000000046,0.1103015,1.2561934670000001,1.961558
5568,-0.00018977880000000096,0.090201,1.240113065,0.634925
5569,-0.0001888188000000006,0.15050249999999998,1.248153266,0.19271400000000005
5570,-0.00018785880000000022,0.13040200000000002,1.2561934670000001,0.6751259999999997
5571,-0.00018689880000000072,0.13040200000000002,1.2561934670000001,1.921357
5572,-0.00018593880000000035,0.13040200000000002,1.248153266,3.529397
5573,-0.00018497880000000085,0.1103015,1.248153266,4.896231
5574,-0.00018401880000000048,0.13040200000000002,1.2561934670000001,5.579648
5575,-0.00018305880000000097,0.15050249999999998,1.2561934670000001,5.258039999999999
5576,-0.0001820988000000006,0.1103015,1.2561934670000001,4.092211
5577,-0.00018113880000000023,0.1103015,1.2642336680000001,2.604774
5578,-0.00018017880000000073,0.13040200000000002,1.2561934670000001,1.1575379999999997
5579,-0.00017921880000000036,0.15050249999999998,1.2642336680000001,0.2731159999999999
5580,-0.00017825880000000086,0.13040200000000002,1.2722738690000002,0.31331700000000007
5581,-0.00017729880000000049,0.13040200000000002,1.2642336680000001,1.23794
5582,-0.00017633880000000098,0.13040200000000002,1.2722738690000002,2.6449749999999996
5583,-0.0001753788000000006,0.13040200000000002,1.2642336680000001,4.172613
5584,-0.00017441880000000024,0.15050249999999998,1.2722738690000002,5.258039999999999
5585,-0.00017345880000000074,0.15050249999999998,1.2642336680000001,5.579648
5586,-0.00017249880000000037,0.1103015,1.248153266,4.976633
5587,-0.00017153880000000087,0.15050249999999998,1.2561934670000001,3.7304019999999998
5588,-0.0001705788000000005,0.13040200000000002,1.240113065,2.202764
5589,-0.000169618800000001,0.13040200000000002,1.2561934670000001,0.876131
5590,-0.00016865880000000062,0.13040200000000002,1.240113065,0.23291499999999976
5591,-0.00016769880000000025,0.1103015,1.248153266,0.3535179999999998
5592,-0.00016673880000000075,0.13040200000000002,1.240113065,1.318342
5593,-0.00016577880000000038,0.15050249999999998,1.248153266,2.725377
5594,-0.00016481880000000088,0.13040200000000002,1.248153266,4.212814
5595,-0.0001638588000000005,0.13040200000000002,1.248153266,5.258039999999999
5596,-0.000162898800000001,0.15050249999999998,1.2561934670000001,5.579648
5597,-0.00016193880000000063,0.13040200000000002,1.2561934670000001,4.936432
5598,-0.00016097880000000026,0.13040200000000002,1.2561934670000001,3.569598
5599,-0.00016001880000000076,0.13040200000000002,1.2561934670000001,2.082161
5600,-0.0001590588000000004,0.15050249999999998,1.2561934670000001,0.755528
5601,-0.00015809880000000089,0.1103015,1.2642336680000001,0.1525129999999999
5602,-0.00015713880000000052,0.1103015,1.2561934670000001,0.634925
5603,-0.00015617880000000015,0.13040200000000002,1.2642336680000001,1.840955
5604,-0.00015521880000000064,0.13040200000000002,1.2642336680000001,3.529397
5605,-0.00015425880000000027,0.13040200000000002,1.2642336680000001,4.896231
5606,-0.00015329880000000077,0.13040200000000002,1.2722738690000002,5.619849
5607,-0.0001523388000000004,0.15050249999999998,1.2642336680000001,5.137437
5608,-0.0001513788000000009,0.13040200000000002,1.2722738690000002,3.931407
5609,-0.00015041880000000053,0.15050249999999998,1.2561934670000001,2.2831659999999996
5610,-0.00014945880000000016,0.15050249999999998,1.2561934670000001,0.876131
5611,-0.00014849880000000065,0.15050249999999998,1.240113065,0.1525129999999999
5612,-0.00014753880000000028,0.15050249999999998,1.248153266,0.4741209999999998
5613,-0.00014657880000000078,0.1103015,1.248153266,1.800754
5614,-0.0001456188000000004,0.15050249999999998,1.2642336680000001,3.4891959999999997
5615,-0.0001446588000000009,0.15050249999999998,1.248153266,4.936432
5616,-0.00014369880000000054,0.170603,1.2561934670000001,5.539447
5617,-0.00014273880000000017,0.15050249999999998,1.248153266,5.217839
5618,-0.00014177880000000066,0.13040200000000002,1.248153266,3.971608
5619,-0.0001408188000000003,0.15050249999999998,1.2561934670000001,2.4037689999999996
5620,-0.0001398588000000008,0.15050249999999998,1.2642336680000001,0.9565329999999999
5621,-0.00013889880000000042,0.13040200000000002,1.2561934670000001,0.19271400000000005
5622,-0.00013793880000000092,0.13040200000000002,1.2642336680000001,0.4339200000000001
5623,-0.00013697880000000055,0.1103015,1.2561934670000001,1.438945
5624,-0.00013601880000000018,0.170603,1.2561934670000001,2.966583
5625,-0.00013505880000000067,0.15050249999999998,1.2642336680000001,4.534422
5626,-0.0001340988000000003,0.15050249999999998,1.2642336680000001,5.459045
5627,-0.0001331388000000008,0.15050249999999998,1.2561934670000001,5.418844
5628,-0.00013217880000000043,0.1103015,1.2722738690000002,4.534422
5629,-0.00013121880000000093,0.13040200000000002,1.2642336680000001,3.0067839999999997
5630,-0.00013025880000000056,0.13040200000000002,1.2642336680000001,1.358543
5631,-0.00012929880000000019,0.13040200000000002,1.2642336680000001,0.3535179999999998
5632,-0.00012833880000000068,0.13040200000000002,1.2561934670000001,0.23291499999999976
5633,-0.0001273788000000003,0.13040200000000002,1.2561934670000001,1.0771359999999999
5634,-0.0001264188000000008,0.15050249999999998,1.2561934670000001,2.564573
5635,-0.00012545880000000044,0.15050249999999998,1.248153266,4.1324119999999995
5636,-0.00012449880000000094,0.15050249999999998,1.248153266,5.298241
5637,-0.00012353880000000057,0.13040200000000002,1.248153266,5.579648
5638,-0.0001225788000000002,0.15050249999999998,1.240113065,4.775628
5639,-0.00012161880000000069,0.15050249999999998,1.248153266,3.2479899999999997
5640,-0.00012065880000000032,0.15050249999999998,1.248153266,1.680151
5641,-0.00011969880000000082,0.13040200000000002,1.2561934670000001,0.514322
5642,-0.00011873880000000045,0.15050249999999998,1.2642336680000001,0.19271400000000005
5643,-0.00011777880000000095,0.15050249999999998,1.2642336680000001,0.9163319999999997
5644,-0.00011681880000000058,0.15050249999999998,1.2642336680000001,2.323367
5645,-0.0001158588000000002,0.15050249999999998,1.2722738690000002,3.931407
5646,-0.0001148988000000007,0.15050249999999998,1.2561934670000001,5.177638
5647,-0.00011393880000000033,0.15050249999999998,1.2561934670000001,5.539447
5648,-0.00011297880000000083,0.15050249999999998,1.2642336680000001,4.976633
5649,-0.00011201880000000046,0.13040200000000002,1.2722738690000002,3.569598
5650,-0.00011105880000000096,0.13040200000000002,1.2561934670000001,1.961558
5651,-0.00011009880000000059,0.15050249999999998,1.2722738690000002,0.5947239999999998
5652,-0.00010913880000000022,0.15050249999999998,1.2561934670000001,0.1525129999999999
5653,-0.00010817880000000071,0.15050249999999998,1.2642336680000001,0.6751259999999997
5654,-0.00010721880000000034,0.13040200000000002,1.2642336680000001,1.961558
5655,-0.00010625880000000084,0.15050249999999998,1.2642336680000001,3.529397
5656,-0.00010529880000000047,0.13040200000000002,1.2561934670000001,4.936432
5657,-0.00010433880000000097,0.13040200000000002,1.2561934670000001,5.539447
5658,-0.0001033788000000006,0.15050249999999998,1.248153266,5.258039999999999
5659,-0.00010241880000000023,0.13040200000000002,1.2561934670000001,4.05201
5660,-0.00010145880000000072,0.13040200000000002,1.240113065,2.564573
5661,-0.00010049880000000035,0.13040200000000002,1.2561934670000001,1.0369349999999997
5662,-9.953880000000085e-05,0.15050249999999998,1.240113065,0.23291499999999976
5663,-9.857880000000048e-05,0.15050249999999998,1.2561934670000001,0.31331700000000007
5664,-9.761880000000098e-05,0.13040200000000002,1.2561934670000001,1.2781409999999997
5665,-9.66588000000006e-05,0.15050249999999998,1.2561934670000001,2.805779
5666,-9.569880000000024e-05,0.170603,1.2642336680000001,4.373618
5667,-9.473880000000073e-05,0.15050249999999998,1.2642336680000001,5.378643
5668,-9.377880000000036e-05,0.170603,1.2803140700000002,5.539447
5669,-9.281880000000086e-05,0.15050249999999998,1.2561934670000001,4.775628
5670,-9.185880000000049e-05,0.170603,1.2561934670000001,3.288191
5671,-9.089880000000099e-05,0.170603,1.2561934670000001,1.6399499999999998
5672,-8.993880000000062e-05,0.15050249999999998,1.2642336680000001,0.5545229999999997
5673,-8.897880000000025e-05,0.15050249999999998,1.2642336680000001,0.1525129999999999
5674,-8.801880000000074e-05,0.15050249999999998,1.2642336680000001,0.7153269999999998
5675,-8.705880000000037e-05,0.15050249999999998,1.2642336680000001,1.961558
5676,-8.609880000000087e-05,0.15050249999999998,1.2642336680000001,3.6097989999999998
5677,-8.51388000000005e-05,0.15050249999999998,1.2561934670000001,4.976633
5678,-8.4178800000001e-05,0.15050249999999998,1.2561934670000001,5.539447
5679,-8.321880000000063e-05,0.170603,1.2561934670000001,5.177638
5680,-8.225880000000026e-05,0.15050249999999998,1.248153266,4.0118089999999995
5681,-8.129880000000075e-05,0.13040200000000002,1.2561934670000001,2.4037689999999996
5682,-8.033880000000038e-05,0.15050249999999998,1.248153266,1.0771359999999999
5683,-7.937880000000088e-05,0.13040200000000002,1.2561934670000001,0.23291499999999976
5684,-7.841880000000051e-05,0.15050249999999998,1.2561934670000001,0.3535179999999998
5685,-7.745880000000101e-05,0.19070350000000003,1.2561934670000001,1.318342
5686,-7.649880000000064e-05,0.170603,1.248153266,2.926382
5687,-7.553880000000027e-05,0.15050249999999998,1.2561934670000001,4.45402
5688,-7.457880000000076e-05,0.170603,1.2642336680000001,5.378643
5689,-7.36188000000004e-05,0.170603,1.2642336680000001,5.499245999999999
5690,-7.265880000000089e-05,0.15050249999999998,1.2642336680000001,4.534422
5691,-7.169880000000052e-05,0.15050249999999998,1.2642336680000001,3.046985
5692,-7.073880000000015e-05,0.15050249999999998,1.2642336680000001,1.438945
5693,-6.977880000000065e-05,0.15050249999999998,1.2561934670000001,0.3535179999999998
5694,-6.881880000000028e-05,0.170603,1.2561934670000001,0.19271400000000005
5695,-6.785880000000077e-05,0.170603,1.2642336680000001,1.0771359999999999
5696,-6.68988000000004e-05,0.15050249999999998,1.2722738690000002,2.604774
5697,-6.59388000000009e-05,0.170603,1.2642336680000001,4.2530149999999995
5698,-6.497880000000053e-05,0.170603,1.2722738690000002,5.338442
5699,-6.401880000000016e-05,0.170603,1.2642336680000001,5.579648
5700,-6.305880000000066e-05,0.15050249999999998,1.2642336680000001,4.775628
5701,-6.209880000000029e-05,0.170603,1.2642336680000001,3.408794
5702,-6.113880000000078e-05,0.170603,1.248153266,1.800754
5703,-6.0178800000000414e-05,0.170603,1.248153266,0.5947239999999998
5704,-5.921880000000091e-05,0.15050249999999998,1.240113065,0.07211100000000004
5705,-5.825880000000054e-05,0.15050249999999998,1.248153266,0.5947239999999998
5706,-5.729880000000017e-05,0.15050249999999998,1.2561934670000001,1.800754
5707,-5.633880000000067e-05,0.15050249999999998,1.248153266,3.328392
5708,-5.53788000000003e-05,0.15050249999999998,1.2561934670000001,4.614824
5709,-5.4418800000000794e-05,0.170603,1.2561934670000001,5.499245999999999
5710,-5.3458800000000424e-05,0.170603,1.248153266,5.418844
5711,-5.249880000000092e-05,0.170603,1.2642336680000001,4.574623
5712,-5.153880000000055e-05,0.19070350000000003,1.2642336680000001,3.207789
5713,-5.057880000000018e-05,0.15050249999999998,1.2722738690000002,1.6399499999999998
5714,-4.961880000000068e-05,0.170603,1.2642336680000001,0.5947239999999998
5715,-4.865880000000031e-05,0.13040200000000002,1.2642336680000001,0.1525129999999999
5716,-4.7698800000000804e-05,0.19070350000000003,1.2561934670000001,0.514322
5717,-4.6738800000000434e-05,0.170603,1.2642336680000001,1.680151
5718,-4.577880000000093e-05,0.170603,1.2642336680000001,3.167588
5719,-4.481880000000056e-05,0.170603,1.2642336680000001,4.574623
5720,-4.385880000000019e-05,0.19070350000000003,1.2561934670000001,5.459045
5721,-4.289880000000069e-05,0.170603,1.2642336680000001,5.499245999999999
5722,-4.193880000000032e-05,0.15050249999999998,1.2722738690000002,4.655025
5723,-4.0978800000000815e-05,0.13040200000000002,1.2561934670000001,3.2479899999999997
5724,-4.0018800000000444e-05,0.170603,1.2642336680000001,1.6399499999999998
5725,-3.905880000000094e-05,0.15050249999999998,1.2642336680000001,0.514322
5726,-3.809880000000057e-05,0.170603,1.2561934670000001,0.19271400000000005
5727,-3.71388000000002e-05,0.170603,1.248153266,0.7153269999999998
5728,-3.61788000000007e-05,0.170603,1.2561934670000001,2.1625629999999996
5729,-3.521880000000033e-05,0.19070350000000003,1.2561934670000001,3.690201
5730,-3.4258800000000825e-05,0.170603,1.248153266,5.057035
5731,-3.3298800000000454e-05,0.19070350000000003,1.2561934670000001,5.579648
5732,-3.233880000000095e-05,0.170603,1.2561934670000001,5.097236
5733,-3.137880000000058e-05,0.170603,1.2642336680000001,3.690201
5734,-3.041880000000021e-05,0.19070350000000003,1.2642336680000001,2.082161
5735,-2.9458800000000708e-05,0.170603,1.2561934670000001,0.7153269999999998
5736,-2.8498800000000338e-05,0.19070350000000003,1.2642336680000001,0.19271400000000005
5737,-2.7538800000000835e-05,0.170603,1.2642336680000001,0.6751259999999997
5738,-2.6578800000000465e-05,0.170603,1.2722738690000002,2.001759
5739,-2.561880000000096e-05,0.170603,1.2642336680000001,3.6097989999999998
5740,-2.465880000000059e-05,0.15050249999999998,1.2722738690000002,4.976633
5741,-2.369880000000022e-05,0.170603,1.2642336680000001,5.539447
5742,-2.2738800000000718e-05,0.15050249999999998,1.2642336680000001,5.057035
5743,-2.1778800000000348e-05,0.170603,1.2561934670000001,3.891206
5744,-2.0818800000000845e-05,0.15050249999999998,1.2642336680000001,2.202764
5745,-1.9858800000000475e-05,0.170603,1.2561934670000001,0.7153269999999998
5746,-1.8898800000000972e-05,0.19070350000000003,1.2642336680000001,0.19271400000000005
5747,-1.79388000000006e-05,0.170603,1.248153266,0.5545229999999997
5748,-1.697880000000023e-05,0.19070350000000003,1.2561934670000001,1.7605529999999998
5749,-1.6018800000000728e-05,0.19070350000000003,1.2561934670000001,3.408794
5750,-1.5058800000000358e-05,0.170603,1.2561934670000001,4.815829
5751,-1.4098800000000855e-05,0.170603,1.240113065,5.499245999999999
5752,-1.3138800000000485e-05,0.19070350000000003,1.2561934670000001,5.338442
5753,-1.2178800000000982e-05,0.170603,1.248153266,4.293216
5754,-1.1218800000000612e-05,0.170603,1.248153266,2.725377
5755,-1.0258800000000241e-05,0.15050249999999998,1.2561934670000001,1.318342
5756,-9.298800000000738e-06,0.15050249999999998,1.2561934670000001,0.31331700000000007
5757,-8.338800000000368e-06,0.170603,1.2722738690000002,0.23291499999999976
5758,-7.378800000000865e-06,0.170603,1.2561934670000001,1.0369349999999997
5759,-6.418800000000495e-06,0.15050249999999998,1.2642336680000001,2.4037689999999996
5760,-5.458800000000992e-06,0.170603,1.2561934670000001,3.971608
5761,-4.498800000000622e-06,0.15050249999999998,1.2642336680000001,5.137437
5762,-3.5388000000002515e-06,0.170603,1.2722738690000002,5.539447
5763,-2.5788000000007485e-06,0.19070350000000003,1.2642336680000001,5.057035
5764,-1.6188000000003783e-06,0.19070350000000003,1.2561934670000001,3.851005
5765,-6.588000000008754e-07,0.170603,1.2722738690000002,2.2831659999999996
5766,3.0119999999949493e-07,0.170603,1.2642336680000001,0.9565329999999999
5767,1.2611999999989978e-06,0.170603,1.2642336680000001,0.1525129999999999
5768,2.221199999999368e-06,0.170603,1.2642336680000001,0.31331700000000007
5769,3.1811999999997384e-06,0.19070350000000003,1.2642336680000001,1.358543
5770,4.141199999999241e-06,0.210804,1.2561934670000001,2.8861809999999997
5771,5.101199999999612e-06,0.170603,1.2642336680000001,4.45402
5772,6.0611999999991145e-06,0.15050249999999998,1.2561934670000001,5.338442
5773,7.021199999999485e-06,0.170603,1.2561934670000001,5.499245999999999
5774,7.981199999998988e-06,0.170603,1.2561934670000001,4.494221
5775,8.941199999999358e-06,0.19070350000000003,1.248153266,2.966583
5776,9.901199999999728e-06,0.19070350000000003,1.240113065,1.3987439999999998
5777,1.0861199999999231e-05,0.19070350000000003,1.2561934670000001,0.31331700000000007
5778,1.1821199999999601e-05,0.170603,1.2642336680000001,0.2731159999999999
5779,1.2781199999999104e-05,0.170603,1.2642336680000001,1.318342
5780,1.3741199999999475e-05,0.170603,1.2642336680000001,2.966583
5781,1.4701199999999845e-05,0.170603,1.2642336680000001,4.534422
5782,1.5661199999999348e-05,0.210804,1.2722738690000002,5.499245999999999
5783,1.6621199999999718e-05,0.19070350000000003,1.2722738690000002,5.378643
5784,1.758119999999922e-05,0.170603,1.2642336680000001,4.212814
5785,1.854119999999959e-05,0.170603,1.2642336680000001,2.5243719999999996
5786,1.9501199999999094e-05,0.19070350000000003,1.2561934670000001,1.0369349999999997
5787,2.0461199999999465e-05,0.210804,1.2642336680000001,0.1525129999999999
5788,2.1421199999999835e-05,0.19070350000000003,1.2561934670000001,0.4339200000000001
5789,2.2381199999999338e-05,0.19070350000000003,1.2642336680000001,1.7203519999999999
5790,2.3341199999999708e-05,0.170603,1.2561934670000001,3.3685929999999997
5791,2.430119999999921e-05,0.15050249999999998,1.248153266,4.815829
5792,2.526119999999958e-05,0.19070350000000003,1.2561934670000001,5.539447
5793,2.6221199999999084e-05,0.170603,1.2561934670000001,5.258039999999999
5794,2.7181199999999454e-05,0.210804,1.240113065,3.971608
5795,2.8141199999999825e-05,0.210804,1.2561934670000001,2.242965
5796,2.9101199999999328e-05,0.170603,1.2561934670000001,0.8359299999999998
5797,3.0061199999999698e-05,0.210804,1.248153266,0.1525129999999999
5798,3.10211999999992e-05,0.19070350000000003,1.2561934670000001,0.5947239999999998
5799,3.198119999999957e-05,0.210804,1.248153266,1.7605529999999998
5800,3.2941199999999074e-05,0.15050249999999998,1.2561934670000001,3.4891959999999997
5801,3.3901199999999444e-05,0.19070350000000003,1.2561934670000001,4.936432
5802,3.4861199999999815e-05,0.19070350000000003,1.2642336680000001,5.619849
5803,3.582119999999932e-05,0.170603,1.2722738690000002,5.217839
5804,3.678119999999969e-05,0.210804,1.2722738690000002,3.971608
5805,3.774119999999919e-05,0.210804,1.2642336680000001,2.2831659999999996
5806,3.870119999999956e-05,0.19070350000000003,1.2642336680000001,0.876131
5807,3.9661199999999064e-05,0.210804,1.2722738690000002,0.19271400000000005
5808,4.0621199999999434e-05,0.210804,1.2642336680000001,0.514322
5809,4.1581199999999804e-05,0.19070350000000003,1.2561934670000001,1.680151
5810,4.254119999999931e-05,0.210804,1.2561934670000001,3.2479899999999997
5811,4.350119999999968e-05,0.170603,1.2722738690000002,4.695226
5812,4.446119999999918e-05,0.19070350000000003,1.2561934670000001,5.539447
5813,4.542119999999955e-05,0.19070350000000003,1.2642336680000001,5.338442
5814,4.6381199999999054e-05,0.19070350000000003,1.2642336680000001,4.333417
5815,4.7341199999999424e-05,0.210804,1.2561934670000001,2.805779
5816,4.8301199999999794e-05,0.170603,1.2561934670000001,1.2781409999999997
5817,4.92611999999993e-05,0.210804,1.2722738690000002,0.31331700000000007
5818,5.022119999999967e-05,0.210804,1.2561934670000001,0.2731159999999999
5819,5.118119999999917e-05,0.170603,1.2561934670000001,1.0369349999999997
5820,5.214119999999954e-05,0.210804,1.248153266,2.484171
5821,5.3101199999999044e-05,0.19070350000000003,1.2561934670000001,4.1324119999999995
5822,5.4061199999999414e-05,0.210804,1.248153266,5.298241
5823,5.5021199999999784e-05,0.210804,1.2561934670000001,5.499245999999999
5824,5.598119999999929e-05,0.19070350000000003,1.2722738690000002,4.775628
5825,5.694119999999966e-05,0.170603,1.2642336680000001,3.207789
5826,5.790119999999916e-05,0.19070350000000003,1.2642336680000001,1.559548
5827,5.886119999999953e-05,0.19070350000000003,1.2722738690000002,0.4339200000000001
5828,5.9821199999999033e-05,0.19070350000000003,1.2561934670000001,0.19271400000000005
5829,6.0781199999999404e-05,0.210804,1.2561934670000001,0.996734
5830,6.174119999999977e-05,0.19070350000000003,1.2722738690000002,2.5243719999999996
5831,6.270119999999928e-05,0.210804,1.2722738690000002,4.212814
5832,6.366119999999965e-05,0.210804,1.2642336680000001,5.298241
5833,6.462119999999915e-05,0.19070350000000003,1.2642336680000001,5.499245999999999
5834,6.558119999999952e-05,0.210804,1.2642336680000001,4.574623
5835,6.654119999999902e-05,0.19070350000000003,1.2561934670000001,2.966583
5836,6.75011999999994e-05,0.19070350000000003,1.2642336680000001,1.2781409999999997
5837,6.846119999999976e-05,0.170603,1.248153266,0.2731159999999999
5838,6.942119999999927e-05,0.210804,1.248153266,0.3535179999999998
5839,7.038119999999964e-05,0.19070350000000003,1.2561934670000001,1.438945
5840,7.134119999999914e-05,0.19070350000000003,1.248153266,3.087186
5841,7.230119999999951e-05,0.210804,1.2561934670000001,4.574623
5842,7.326119999999901e-05,0.210804,1.248153266,5.499245999999999
5843,7.422119999999938e-05,0.2309045,1.2561934670000001,5.338442
5844,7.518119999999975e-05,0.19070350000000003,1.2561934670000001,4.333417
5845,7.614119999999926e-05,0.19070350000000003,1.2561934670000001,2.685176
5846,7.710119999999963e-05,0.210804,1.2642336680000001,1.117337
5847,7.806119999999913e-05,0.19070350000000003,1.2642336680000001,0.2731159999999999
5848,7.90211999999995e-05,0.19070350000000003,1.2642336680000001,0.31331700000000007
5849,7.9981199999999e-05,0.210804,1.2722738690000002,1.2781409999999997
5850,8.094119999999937e-05,0.210804,1.2642336680000001,2.805779
5851,8.190119999999974e-05,0.19070350000000003,1.2642336680000001,4.413819
5852,8.286119999999925e-05,0.19070350000000003,1.2642336680000001,5.418844
5853,8.382119999999962e-05,0.19070350000000003,1.2722738690000002,5.499245999999999
5854,8.478119999999912e-05,0.19070350000000003,1.2642336680000001,4.655025
5855,8.574119999999949e-05,0.19070350000000003,1.2722738690000002,3.1273869999999997
5856,8.670119999999899e-05,0.2309045,1.2642336680000001,1.5193469999999998
5857,8.766119999999936e-05,0.19070350000000003,1.2561934670000001,0.39371899999999993
5858,8.862119999999973e-05,0.170603,1.2561934670000001,0.19271400000000005
5859,8.958119999999924e-05,0.210804,1.248153266,0.9163319999999997
5860,9.05411999999996e-05,0.19070350000000003,1.2561934670000001,2.4037689999999996
5861,9.150119999999911e-05,0.19070350000000003,1.2561934670000001,4.05201
5862,9.246119999999948e-05,0.210804,1.2561934670000001,5.298241
5863,9.342119999999898e-05,0.210804,1.2642336680000001,5.539447
5864,9.438119999999935e-05,0.210804,1.2561934670000001,4.815829
5865,9.534119999999972e-05,0.210804,1.2561934670000001,3.408794
5866,9.630119999999923e-05,0.19070350000000003,1.2561934670000001,1.680151
5867,9.72611999999996e-05,0.210804,1.2561934670000001,0.4741209999999998
5868,9.82211999999991e-05,0.19070350000000003,1.2561934670000001,0.19271400000000005
5869,9.918119999999947e-05,0.19070350000000003,1.2642336680000001,0.8359299999999998
5870,0.00010014119999999897,0.210804,1.2642336680000001,2.242965
5871,0.00010110119999999934,0.19070350000000003,1.2722738690000002,3.931407
5872,0.00010206119999999971,0.210804,1.2722738690000002,5.057035
5873,0.00010302119999999922,0.19070350000000003,1.2722738690000002,5.539447
5874,0.00010398119999999959,0.19070350000000003,1.2642336680000001,4.896231
5875,0.00010494119999999909,0.170603,1.2722738690000002,3.448995
5876,0.00010590119999999946,0.19070350000000003,1.2642336680000001,1.800754
5877,0.00010686119999999983,0.170603,1.2561934670000001,0.5947239999999998
5878,0.00010782119999999933,0.210804,1.2561934670000001,0.19271400000000005
5879,0.0001087811999999997,0.19070350000000003,1.2561934670000001,0.876131
5880,0.0001097411999999992,0.2309045,1.2642336680000001,2.1625629999999996
5881,0.00011070119999999958,0.210804,1.2561934670000001,3.851005
5882,0.00011166119999999908,0.2309045,1.2642336680000001,5.097236
5883,0.00011262119999999945,0.210804,1.2561934670000001,5.539447
5884,0.00011358119999999982,0.19070350000000003,1.2561934670000001,4.896231
5885,0.00011454119999999932,0.19070350000000003,1.248153266,3.4891959999999997
5886,0.00011550119999999969,0.210804,1.248153266,1.840955
5887,0.0001164611999999992,0.2309045,1.2561934670000001,0.514322
5888,0.00011742119999999957,0.210804,1.2561934670000001,0.19271400000000005
5889,0.00011838119999999907,0.170603,1.2561934670000001,0.8359299999999998
5890,0.00011934119999999944,0.210804,1.2561934670000001,2.323367
5891,0.00012030119999999981,0.210804,1.2561934670000001,3.971608
5892,0.00012126119999999931,0.210804,1.2561934670000001,5.177638
5893,0.00012222119999999968,0.210804,1.2642336680000001,5.579648
5894,0.00012318119999999919,0.210804,1.2722738690000002,4.896231
5895,0.00012414119999999956,0.2309045,1.2722738690000002,3.4891959999999997
5896,0.00012510119999999906,0.19070350000000003,1.2642336680000001,1.7605529999999998
5897,0.00012606119999999943,0.19070350000000003,1.2722738690000002,0.5545229999999997
5898,0.0001270211999999998,0.210804,1.2561934670000001,0.19271400000000005
5899,0.0001279811999999993,0.210804,1.2642336680000001,0.8359299999999998
5900,0.00012894119999999967,0.2309045,1.2561934670000001,2.323367
5901,0.00012990119999999918,0.210804,1.2561934670000001,3.931407
5902,0.00013086119999999955,0.2309045,1.2561934670000001,5.177638
5903,0.00013182119999999905,0.2309045,1.2561934670000001,5.539447
5904,0.00013278119999999942,0.2309045,1.2561934670000001,4.815829
5905,0.0001337411999999998,0.210804,1.2561934670000001,3.3685929999999997
5906,0.0001347011999999993,0.210804,1.248153266,1.680151
5907,0.00013566119999999966,0.210804,1.2561934670000001,0.4741209999999998
5908,0.00013662119999999917,0.210804,1.2561934670000001,0.19271400000000005
5909,0.00013758119999999954,0.19070350000000003,1.2561934670000001,0.7957289999999997
5910,0.00013854119999999904,0.210804,1.2561934670000001,2.1625629999999996
5911,0.0001395011999999994,0.2309045,1.2642336680000001,3.851005
5912,0.00014046119999999978,0.2309045,1.2561934670000001,5.177638
5913,0.00014142119999999928,0.210804,1.2642336680000001,5.579648
5914,0.00014238119999999965,0.210804,1.2642336680000001,4.936432
5915,0.00014334119999999916,0.19070350000000003,1.2642336680000001,3.529397
5916,0.00014430119999999953,0.19070350000000003,1.2642336680000001,1.7605529999999998
5917,0.00014526119999999903,0.210804,1.2642336680000001,0.5545229999999997
5918,0.0001462211999999994,0.210804,1.2722738690000002,0.19271400000000005
5919,0.00014718119999999977,0.2309045,1.2642336680000001,0.7957289999999997
5920,0.00014814119999999927,0.2309045,1.2642336680000001,2.242965
5921,0.00014910119999999964,0.210804,1.2642336680000001,3.931407
5922,0.00015006119999999915,0.210804,1.2561934670000001,5.097236
5923,0.00015102119999999952,0.210804,1.2561934670000001,5.499245999999999
5924,0.00015198119999999902,0.19070350000000003,1.2642336680000001,4.896231
5925,0.0001529411999999994,0.210804,1.2561934670000001,3.448995
5926,0.00015390119999999976,0.210804,1.2561934670000001,1.7605529999999998
5927,0.00015486119999999926,0.210804,1.2561934670000001,0.514322
5928,0.00015582119999999963,0.2309045,1.248153266,0.19271400000000005
5929,0.00015678119999999914,0.210804,1.248153266,0.9163319999999997
5930,0.0001577411999999995,0.2309045,1.2561934670000001,2.323367
5931,0.000158701199999999,0.2309045,1.2642336680000001,4.0118089999999995
5932,0.00015966119999999938,0.210804,1.2642336680000001,5.217839
5933,0.00016062119999999975,0.210804,1.2642336680000001,5.499245999999999
5934,0.00016158119999999925,0.210804,1.2561934670000001,4.775628
5935,0.00016254119999999962,0.210804,1.2561934670000001,3.3685929999999997
5936,0.00016350119999999913,0.210804,1.2722738690000002,1.6399499999999998
5937,0.0001644611999999995,0.2309045,1.2642336680000001,0.39371899999999993
5938,0.000165421199999999,0.210804,1.2642336680000001,0.23291499999999976
5939,0.00016638119999999937,0.210804,1.2642336680000001,1.0771359999999999
5940,0.00016734119999999974,0.2309045,1.2642336680000001,2.604774
5941,0.00016830119999999924,0.210804,1.2722738690000002,4.2530149999999995
5942,0.0001692611999999996,0.210804,1.2561934670000001,5.338442
5943,0.00017022119999999911,0.210804,1.2642336680000001,5.459045
5944,0.00017118119999999949,0.2309045,1.248153266,4.534422
5945,0.000172141199999999,0.210804,1.248153266,3.046985
5946,0.00017310119999999936,0.2309045,1.2642336680000001,1.3987439999999998
5947,0.00017406119999999973,0.2309045,1.240113065,0.31331700000000007
5948,0.00017502119999999923,0.2309045,1.2642336680000001,0.23291499999999976
5949,0.0001759811999999996,0.2309045,1.2561934670000001,1.0771359999999999
5950,0.0001769411999999991,0.2309045,1.2561934670000001,2.604774
5951,0.00017790119999999948,0.210804,1.2561934670000001,4.212814
5952,0.00017886119999999898,0.2309045,1.248153266,5.378643
5953,0.00017982119999999935,0.2309045,1.2561934670000001,5.539447
5954,0.00018078119999999972,0.2309045,1.2561934670000001,4.695226
5955,0.00018174119999999922,0.2309045,1.2561934670000001,3.207789
5956,0.0001827011999999996,0.19070350000000003,1.248153266,1.6399499999999998
5957,0.0001836611999999991,0.2309045,1.2642336680000001,0.514322
5958,0.00018462119999999946,0.210804,1.248153266,0.19271400000000005
5959,0.00018558119999999897,0.210804,1.2642336680000001,0.8359299999999998
5960,0.00018654119999999934,0.2309045,1.2642336680000001,2.323367
5961,0.0001875011999999997,0.2309045,1.2722738690000002,3.891206
5962,0.0001884611999999992,0.210804,1.2642336680000001,5.137437
5963,0.00018942119999999958,0.210804,1.2722738690000002,5.539447
5964,0.00019038119999999908,0.2309045,1.2561934670000001,4.896231
5965,0.00019134119999999945,0.210804,1.2561934670000001,3.4891959999999997
5966,0.00019230119999999983,0.251005,1.2561934670000001,1.7605529999999998
5967,0.00019326119999999933,0.210804,1.248153266,0.4741209999999998
5968,0.0001942211999999997,0.251005,1.248153266,0.1525129999999999
5969,0.0001951811999999992,0.210804,1.248153266,0.8359299999999998
5970,0.00019614119999999957,0.2309045,1.2561934670000001,2.2831659999999996
5971,0.00019710119999999907,0.210804,1.248153266,3.931407
5972,0.00019806119999999944,0.2309045,1.2561934670000001,5.217839
5973,0.00019902119999999981,0.2309045,1.240113065,5.499245999999999
5974,0.00019998119999999932,0.210804,1.2561934670000001,4.815829
5975,0.0002009411999999997,0.210804,1.2642336680000001,3.408794
5976,0.0002019011999999992,0.251005,1.2561934670000001,1.680151
5977,0.00020286119999999956,0.210804,1.2561934670000001,0.4741209999999998
5978,0.00020382119999999906,0.2309045,1.2642336680000001,0.19271400000000005
5979,0.00020478119999999943,0.210804,1.2642336680000001,0.876131
5980,0.0002057411999999998,0.2309045,1.2561934670000001,2.323367
5981,0.0002067011999999993,0.210804,1.2561934670000001,3.971608
5982,0.00020766119999999968,0.251005,1.2642336680000001,5.137437
5983,0.00020862119999999918,0.210804,1.2642336680000001,5.579648
5984,0.00020958119999999955,0.2309045,1.2561934670000001,4.936432
5985,0.00021054119999999905,0.210804,1.2561934670000001,3.529397
5986,0.00021150119999999942,0.210804,1.2642336680000001,1.840955
5987,0.0002124611999999998,0.210804,1.2642336680000001,0.5947239999999998
5988,0.0002134211999999993,0.210804,1.2561934670000001,0.1525129999999999
5989,0.00021438119999999967,0.2309045,1.2561934670000001,0.6751259999999997
5990,0.00021534119999999917,0.210804,1.248153266,1.961558
5991,0.00021630119999999954,0.251005,1.240113065,3.6097989999999998
5992,0.00021726119999999904,0.251005,1.2561934670000001,4.976633
5993,0.00021822119999999941,0.2309045,1.248153266,5.499245999999999
5994,0.00021918119999999978,0.2309045,1.248153266,5.137437
5995,0.0002201411999999993,0.2309045,1.2561934670000001,3.891206
5996,0.00022110119999999966,0.2309045,1.2561934670000001,2.2831659999999996
5997,0.00022206119999999916,0.210804,1.2561934670000001,0.9163319999999997
5998,0.00022302119999999953,0.2309045,1.2561934670000001,0.19271400000000005
5999,0.00022398119999999903,0.2309045,1.2642336680000001,0.4339200000000001
6000,0.0002249411999999994,0.251005,1.2642336680000001,1.599749
6001,0.00022590119999999977,0.2711055,1.2642336680000001,3.167588
6002,0.00022686119999999928,0.2309045,1.2642336680000001,4.655025
6003,0.00022782119999999965,0.251005,1.2642336680000001,5.459045
6004,0.00022878119999999915,0.2309045,1.2642336680000001,5.378643
6005,0.00022974119999999952,0.2309045,1.2642336680000001,4.333417
6006,0.00023070119999999902,0.2309045,1.2561934670000001,2.7655779999999996
6007,0.0002316611999999994,0.2309045,1.2642336680000001,1.23794
6008,0.00023262119999999976,0.2309045,1.2642336680000001,0.2731159999999999
6009,0.00023358119999999927,0.2309045,1.2642336680000001,0.2731159999999999
6010,0.00023454119999999964,0.251005,1.2561934670000001,1.1575379999999997
6011,0.00023550119999999914,0.2309045,1.2561934670000001,2.604774
6012,0.0002364611999999995,0.251005,1.248153266,4.1324119999999995
6013,0.00023742119999999901,0.2309045,1.2561934670000001,5.217839
6014,0.00023838119999999938,0.2309045,1.248153266,5.499245999999999
6015,0.00023934119999999975,0.2711055,1.2561934670000001,4.775628
6016,0.00024030119999999926,0.251005,1.240113065,3.448995
6017,0.00024126119999999963,0.251005,1.240113065,1.800754
6018,0.00024222119999999913,0.251005,1.240113065,0.5545229999999997
6019,0.0002431811999999995,0.251005,1.240113065,0.19271400000000005
6020,0.000244141199999999,0.2309045,1.248153266,0.755528
6021,0.0002451011999999994,0.2309045,1.2561934670000001,2.1625629999999996
6022,0.00024606119999999974,0.251005,1.2561934670000001,3.810804
6023,0.00024702119999999925,0.251005,1.2561934670000001,5.097236
6024,0.0002479811999999996,0.2309045,1.2642336680000001,5.539447
6025,0.0002489411999999991,0.251005,1.2561934670000001,4.85603
6026,0.0002499011999999995,0.251005,1.2642336680000001,3.4891959999999997
6027,0.000250861199999999,0.251005,1.2642336680000001,1.7203519999999999
6028,0.00025182119999999936,0.251005,1.2642336680000001,0.514322
6029,0.00025278119999999973,0.2309045,1.2561934670000001,0.19271400000000005
6030,0.00025374119999999924,0.251005,1.2642336680000001,0.9163319999999997
6031,0.0002547011999999996,0.251005,1.2642336680000001,2.44397
6032,0.0002556611999999991,0.251005,1.2722738690000002,4.05201
6033,0.0002566211999999995,0.2309045,1.2561934670000001,5.217839
6034,0.000257581199999999,0.2711055,1.2561934670000001,5.459045
6035,0.00025854119999999935,0.251005,1.2561934670000001,4.695226
6036,0.0002595011999999997,0.251005,1.2561934670000001,3.207789
6037,0.0002604611999999992,0.2309045,1.2561934670000001,1.599749
6038,0.0002614211999999996,0.2309045,1.248153266,0.4339200000000001
6039,0.0002623811999999991,0.251005,1.248153266,0.19271400000000005
6040,0.00026334119999999947,0.251005,1.248153266,0.9163319999999997
6041,0.000264301199999999,0.251005,1.248153266,2.363568
6042,0.00026526119999999934,0.2711055,1.2561934670000001,3.971608
6043,0.0002662211999999997,0.251005,1.248153266,5.217839
6044,0.0002671811999999992,0.251005,1.2642336680000001,5.499245999999999
6045,0.0002681411999999996,0.251005,1.2561934670000001,4.85603
6046,0.0002691011999999991,0.2711055,1.2642336680000001,3.4891959999999997
6047,0.00027006119999999946,0.2309045,1.2561934670000001,1.8811559999999998
6048,0.00027102119999999896,0.251005,1.2722738690000002,0.5947239999999998
6049,0.00027198119999999933,0.2711055,1.2561934670000001,0.1525129999999999
6050,0.0002729411999999997,0.251005,1.2722738690000002,0.6751259999999997
6051,0.0002739011999999992,0.2309045,1.2642336680000001,2.001759
6052,0.0002748611999999996,0.251005,1.2642336680000001,3.569598
6053,0.0002758211999999991,0.251005,1.2561934670000001,4.896231
6054,0.00027678119999999945,0.251005,1.2561934670000001,5.579648
6055,0.0002777411999999998,0.2309045,1.2561934670000001,5.137437
6056,0.0002787011999999993,0.2711055,1.2561934670000001,3.891206
6057,0.0002796611999999997,0.251005,1.2561934670000001,2.363568
6058,0.0002806211999999992,0.251005,1.2561934670000001,0.9163319999999997
6059,0.00028158119999999957,0.251005,1.2642336680000001,0.19271400000000005
6060,0.00028254119999999907,0.251005,1.2561934670000001,0.4339200000000001
6061,0.00028350119999999944,0.251005,1.2561934670000001,1.6399499999999998
6062,0.0002844611999999998,0.251005,1.240113065,3.2479899999999997
6063,0.0002854211999999993,0.251005,1.248153266,4.735427
6064,0.0002863811999999997,0.251005,1.232072864,5.499245999999999
6065,0.0002873411999999992,0.251005,1.2561934670000001,5.258039999999999
6066,0.00028830119999999956,0.251005,1.2642336680000001,4.1324119999999995
6067,0.00028926119999999906,0.251005,1.2722738690000002,2.5243719999999996
6068,0.00029022119999999943,0.2309045,1.2722738690000002,0.996734
6069,0.0002911811999999998,0.2309045,1.2642336680000001,0.1525129999999999
6070,0.0002921411999999993,0.251005,1.2561934670000001,0.4339200000000001
6071,0.0002931011999999997,0.251005,1.2561934670000001,1.599749
6072,0.0002940611999999992,0.251005,1.2561934670000001,3.3685929999999997
6073,0.00029502119999999955,0.251005,1.2642336680000001,4.85603
6074,0.00029598119999999905,0.2309045,1.2561934670000001,5.499245999999999
6075,0.0002969411999999994,0.291206,1.2561934670000001,5.097236
6076,0.0002979011999999998,0.251005,1.2561934670000001,3.770603
6077,0.0002988611999999993,0.2309045,1.248153266,2.1625629999999996
6078,0.00029982119999999966,0.251005,1.2561934670000001,0.7153269999999998
6079,0.00030078119999999917,0.210804,1.2561934670000001,0.1525129999999999
6080,0.00030174119999999954,0.2711055,1.2561934670000001,0.755528
6081,0.00030270119999999904,0.2711055,1.2561934670000001,2.122362
6082,0.0003036611999999994,0.251005,1.248153266,3.770603
6083,0.0003046211999999998,0.2711055,1.240113065,5.137437
6084,0.0003055811999999993,0.251005,1.248153266,5.539447
6085,0.00030654119999999965,0.251005,1.2642336680000001,4.896231
6086,0.00030750119999999916,0.251005,1.2561934670000001,3.65
6087,0.0003084611999999995,0.251005,1.248153266,1.921357
6088,0.00030942119999999903,0.251005,1.2561934670000001,0.5947239999999998
6089,0.0003103811999999994,0.2711055,1.2642336680000001,0.11231199999999975
6090,0.00031134119999999977,0.251005,1.2642336680000001,0.6751259999999997
6091,0.00031230119999999927,0.251005,1.2722738690000002,1.921357
6092,0.00031326119999999964,0.251005,1.2561934670000001,3.529397
6093,0.00031422119999999915,0.2309045,1.248153266,4.896231
6094,0.0003151811999999995,0.2711055,1.2642336680000001,5.499245999999999
6095,0.000316141199999999,0.2711055,1.2561934670000001,5.137437
6096,0.0003171011999999994,0.251005,1.2561934670000001,4.05201
6097,0.00031806119999999976,0.251005,1.2561934670000001,2.44397
6098,0.00031902119999999926,0.251005,1.2642336680000001,0.9163319999999997
6099,0.00031998119999999963,0.2711055,1.2561934670000001,0.19271400000000005
6100,0.00032094119999999914,0.251005,1.2561934670000001,0.3535179999999998
6101,0.0003219011999999995,0.251005,1.248153266,1.3987439999999998
6102,0.000322861199999999,0.2711055,1.248153266,3.046985
6103,0.0003238211999999994,0.251005,1.2642336680000001,4.534422
6104,0.00032478119999999975,0.251005,1.248153266,5.459045
6105,0.00032574119999999925,0.291206,1.248153266,5.338442
6106,0.0003267011999999996,0.251005,1.2561934670000001,4.2530149999999995
6107,0.0003276611999999991,0.2711055,1.248153266,2.725377
6108,0.0003286211999999995,0.251005,1.2561934670000001,1.1575379999999997
6109,0.000329581199999999,0.2309045,1.240113065,0.23291499999999976
6110,0.00033054119999999937,0.2711055,1.240113065,0.4339200000000001
6111,0.00033150119999999974,0.251005,1.2561934670000001,1.358543
6112,0.00033246119999999924,0.2711055,1.2561934670000001,3.0067839999999997
6113,0.0003334211999999996,0.251005,1.2642336680000001,4.534422
6114,0.0003343811999999991,0.2309045,1.2561934670000001,5.378643
6115,0.0003353411999999995,0.2711055,1.2561934670000001,5.338442
6116,0.000336301199999999,0.251005,1.2642336680000001,4.333417
6117,0.00033726119999999936,0.251005,1.2642336680000001,2.6449749999999996
6118,0.00033822119999999973,0.251005,1.248153266,1.0771359999999999
6119,0.00033918119999999923,0.2711055,1.2561934670000001,0.23291499999999976
6120,0.0003401411999999996,0.2711055,1.248153266,0.39371899999999993
6121,0.0003411011999999991,0.251005,1.240113065,1.438945
6122,0.0003420611999999995,0.251005,1.2561934670000001,3.046985
6123,0.000343021199999999,0.251005,1.248153266,4.534422
6124,0.00034398119999999935,0.2711055,1.240113065,5.378643
6125,0.0003449411999999997,0.2711055,1.248153266,5.298241
6126,0.0003459011999999992,0.251005,1.240113065,4.212814
6127,0.0003468611999999996,0.2711055,1.248153266,2.685176
6128,0.0003478211999999991,0.251005,1.248153266,1.0369349999999997
6129,0.00034878119999999947,0.2711055,1.248153266,0.23291499999999976
6130,0.00034974119999999897,0.251005,1.240113065,0.3535179999999998
6131,0.00035070119999999934,0.251005,1.240113065,1.438945
6132,0.0003516611999999997,0.251005,1.240113065,3.046985
6133,0.0003526211999999992,0.2711055,1.2561934670000001,4.494221
6134,0.0003535811999999996,0.251005,1.2561934670000001,5.418844
6135,0.0003545411999999991,0.251005,1.2642336680000001,5.338442
6136,0.00035550119999999946,0.291206,1.2561934670000001,4.413819
6137,0.00035646119999999896,0.2711055,1.2561934670000001,2.84598
6138,0.00035742119999999933,0.2711055,1.2642336680000001,1.318342
6139,0.0003583811999999997,0.291206,1.2561934670000001,0.31331700000000007
6140,0.0003593411999999992,0.291206,1.2642336680000001,0.1525129999999999
6141,0.00036030119999999957,0.2711055,1.2561934670000001,0.9565329999999999
6142,0.0003612611999999991,0.2711055,1.2642336680000001,2.323367
6143,0.00036222119999999945,0.291206,1.2561934670000001,3.931407
6144,0.00036318119999999895,0.291206,1.2642336680000001,5.057035
6145,0.0003641411999999993,0.2711055,1.240113065,5.539447
6146,0.0003651011999999997,0.2711055,1.248153266,5.016834
6147,0.0003660611999999992,0.2711055,1.248153266,3.851005
6148,0.00036702119999999956,0.251005,1.248153266,2.323367
6149,0.00036798119999999906,0.2711055,1.2561934670000001,0.9163319999999997
6150,0.00036894119999999943,0.251005,1.248153266,0.1525129999999999
6151,0.0003699011999999998,0.291206,1.240113065,0.3535179999999998
6152,0.0003708611999999993,0.2711055,1.2561934670000001,1.479146
6153,0.0003718211999999997,0.2711055,1.240113065,2.966583
6154,0.0003727811999999992,0.2711055,1.240113065,4.45402
6155,0.00037374119999999955,0.251005,1.232072864,5.378643
6156,0.00037470119999999905,0.251005,1.248153266,5.338442
6157,0.0003756611999999994,0.2711055,1.2561934670000001,4.373618
6158,0.0003766211999999998,0.2711055,1.2561934670000001,2.725377
6159,0.0003775811999999993,0.2711055,1.2722738690000002,1.1977389999999999
6160,0.00037854119999999967,0.251005,1.2642336680000001,0.23291499999999976
6161,0.00037950119999999917,0.291206,1.2561934670000001,0.3535179999999998
6162,0.00038046119999999954,0.2711055,1.2642336680000001,1.438945
6163,0.00038142119999999904,0.2711055,1.2561934670000001,3.167588
6164,0.0003823811999999994,0.251005,1.2561934670000001,4.655025
6165,0.0003833411999999998,0.251005,1.240113065,5.499245999999999
6166,0.0003843011999999993,0.291206,1.248153266,5.177638
6167,0.00038526119999999966,0.291206,1.248153266,3.971608
6168,0.00038622119999999916,0.2711055,1.240113065,2.2831659999999996
6169,0.00038718119999999953,0.2711055,1.248153266,0.7957289999999997
6170,0.00038814119999999903,0.2711055,1.240113065,0.1525129999999999
6171,0.0003891011999999994,0.2711055,1.240113065,0.5947239999999998
6172,0.0003900611999999998,0.251005,1.240113065,1.961558
6173,0.0003910211999999993,0.2711055,1.248153266,3.569598
6174,0.00039198119999999965,0.2711055,1.224032663,4.896231
6175,0.00039294119999999915,0.2711055,1.240113065,5.539447
6176,0.0003939011999999995,0.2711055,1.248153266,5.057035
6177,0.000394861199999999,0.2711055,1.240113065,3.810804
6178,0.0003958211999999994,0.291206,1.240113065,2.2831659999999996
6179,0.00039678119999999976,0.251005,1.2561934670000001,0.8359299999999998
6180,0.00039774119999999927,0.251005,1.248153266,0.19271400000000005
6181,0.00039870119999999964,0.2711055,1.2561934670000001,0.4741209999999998
6182,0.00039966119999999914,0.251005,1.2561934670000001,1.7203519999999999
6183,0.0004006211999999995,0.251005,1.2642336680000001,3.1273869999999997
6184,0.000401581199999999,0.2711055,1.2642336680000001,4.494221
6185,0.0004025411999999994,0.2711055,1.2561934670000001,5.418844
6186,0.00040350119999999975,0.291206,1.2561934670000001,5.338442
6187,0.00040446119999999926,0.2711055,1.240113065,4.293216
6188,0.00040542119999999963,0.291206,1.2561934670000001,2.84598
6189,0.00040638119999999913,0.291206,1.248153266,1.438945
6190,0.0004073411999999995,0.2711055,1.248153266,0.3535179999999998
6191,0.000408301199999999,0.251005,1.240113065,0.23291499999999976
6192,0.0004092611999999994,0.291206,1.232072864,0.9565329999999999
6193,0.00041022119999999974,0.2711055,1.232072864,2.44397
6194,0.00041118119999999925,0.2711055,1.248153266,4.0118089999999995
6195,0.0004121411999999996,0.251005,1.248153266,5.097236
6196,0.0004131011999999991,0.251005,1.240113065,5.499245999999999
6197,0.0004140611999999995,0.2711055,1.248153266,4.85603
6198,0.000415021199999999,0.2711055,1.240113065,3.4891959999999997
6199,0.00041598119999999936,0.2711055,1.248153266,1.8811559999999998
6200,0.00041694119999999973,0.291206,1.240113065,0.5545229999999997
6201,0.00041790119999999924,0.291206,1.2561934670000001,0.1525129999999999
6202,0.0004188611999999996,0.2711055,1.248153266,0.6751259999999997
6203,0.0004198211999999991,0.291206,1.2561934670000001,2.001759
6204,0.0004207811999999995,0.291206,1.248153266,3.690201
6205,0.000421741199999999,0.291206,1.2642336680000001,5.016834
6206,0.00042270119999999935,0.291206,1.2561934670000001,5.418844
6207,0.0004236611999999997,0.291206,1.2561934670000001,4.896231
6208,0.0004246211999999992,0.291206,1.2561934670000001,3.448995
6209,0.0004255811999999996,0.291206,1.2561934670000001,1.7605529999999998
6210,0.0004265411999999991,0.291206,1.240113065,0.4741209999999998
6211,0.00042750119999999947,0.3113065,1.2561934670000001,0.19271400000000005
6212,0.000428461199999999,0.2711055,1.240113065,0.9163319999999997
6213,0.00042942119999999934,0.2711055,1.240113065,2.4037689999999996
6214,0.0004303811999999997,0.2711055,1.232072864,4.05201
6215,0.0004313411999999992,0.2711055,1.224032663,5.177638
6216,0.0004323011999999996,0.291206,1.2561934670000001,5.499245999999999
6217,0.0004332611999999991,0.291206,1.240113065,4.534422
6218,0.00043422119999999946,0.2711055,1.240113065,3.046985
6219,0.00043518119999999896,0.291206,1.2561934670000001,1.479146
6220,0.00043614119999999933,0.291206,1.248153266,0.39371899999999993
6221,0.0004371011999999997,0.291206,1.240113065,0.2731159999999999
6222,0.0004380611999999992,0.3113065,1.240113065,1.0771359999999999
6223,0.0004390211999999996,0.2711055,1.248153266,2.484171
6224,0.0004399811999999991,0.291206,1.248153266,4.092211
6225,0.00044094119999999945,0.291206,1.248153266,5.217839
6226,0.00044190119999999895,0.291206,1.2561934670000001,5.499245999999999
6227,0.0004428611999999993,0.291206,1.2561934670000001,4.85603
6228,0.0004438211999999997,0.291206,1.2561934670000001,3.529397
6229,0.0004447811999999992,0.291206,1.2561934670000001,1.961558
6230,0.00044574119999999957,0.291206,1.2561934670000001,0.755528
6231,0.00044670119999999907,0.291206,1.2561934670000001,0.19271400000000005
6232,0.00044766119999999944,0.2711055,1.248153266,0.4339200000000001
6233,0.00044862119999999894,0.3113065,1.248153266,1.5193469999999998
6234,0.0004495811999999993,0.291206,1.248153266,3.0067839999999997
6235,0.0004505411999999997,0.251005,1.248153266,4.45402
6236,0.0004515011999999992,0.291206,1.240113065,5.378643
6237,0.00045246119999999956,0.291206,1.240113065,5.459045
6238,0.00045342119999999906,0.3113065,1.240113065,4.655025
6239,0.00045438119999999943,0.291206,1.240113065,3.167588
6240,0.0004553411999999998,0.251005,1.248153266,1.559548
6241,0.0004563011999999993,0.3113065,1.248153266,0.514322
6242,0.0004572611999999997,0.291206,1.232072864,0.19271400000000005
6243,0.0004582211999999992,0.3113065,1.240113065,0.755528
6244,0.00045918119999999955,0.291206,1.248153266,2.04196
6245,0.00046014119999999905,0.291206,1.240113065,3.65
6246,0.0004611011999999994,0.291206,1.240113065,4.936432
6247,0.0004620611999999998,0.291206,1.248153266,5.459045
6248,0.0004630211999999993,0.291206,1.248153266,5.057035
6249,0.00046398119999999966,0.3113065,1.248153266,3.851005
6250,0.00046494119999999917,0.291206,1.248153266,2.202764
6251,0.00046590119999999954,0.291206,1.2561934670000001,0.755528
6252,0.00046686119999999904,0.291206,1.2561934670000001,0.19271400000000005
6253,0.0004678211999999994,0.291206,1.2561934670000001,0.514322
6254,0.0004687811999999998,0.291206,1.2561934670000001,1.800754
6255,0.0004697411999999993,0.291206,1.248153266,3.448995
6256,0.00047070119999999965,0.291206,1.248153266,4.85603
6257,0.00047166119999999916,0.291206,1.248153266,5.459045
6258,0.0004726211999999995,0.291206,1.232072864,5.097236
6259,0.00047358119999999903,0.3113065,1.240113065,3.891206
6260,0.0004745411999999994,0.3113065,1.248153266,2.1625629999999996
6261,0.00047550119999999977,0.291206,1.240113065,0.8359299999999998
6262,0.00047646119999999927,0.291206,1.240113065,0.19271400000000005
6263,0.00047742119999999964,0.291206,1.240113065,0.514322
6264,0.00047838119999999915,0.291206,1.240113065,1.7605529999999998
6265,0.0004793411999999995,0.291206,1.240113065,3.3685929999999997
6266,0.000480301199999999,0.291206,1.240113065,4.735427
6267,0.0004812611999999994,0.3113065,1.248153266,5.499245999999999
6268,0.00048222119999999976,0.291206,1.248153266,5.217839
6269,0.00048318119999999926,0.3113065,1.240113065,4.172613
6270,0.00048414119999999963,0.2711055,1.248153266,2.725377
6271,0.00048510119999999914,0.3113065,1.248153266,1.1977389999999999
6272,0.0004860611999999995,0.291206,1.248153266,0.31331700000000007
6273,0.000487021199999999,0.291206,1.248153266,0.2731159999999999
6274,0.0004879811999999994,0.291206,1.248153266,1.0369349999999997
6275,0.0004889411999999997,0.3113065,1.248153266,2.484171
6276,0.0004899011999999993,0.291206,1.2561934670000001,3.931407
6277,0.0004908611999999996,0.3113065,1.240113065,5.057035
6278,0.0004918211999999991,0.3113065,1.2561934670000001,5.459045
6279,0.0004927811999999995,0.3113065,1.2561934670000001,5.016834
6280,0.000493741199999999,0.3113065,1.240113065,3.891206
6281,0.0004947011999999994,0.291206,1.240113065,2.323367
6282,0.0004956611999999997,0.291206,1.248153266,0.996734
6283,0.0004966211999999992,0.331407,1.232072864,0.23291499999999976
6284,0.0004975811999999996,0.3113065,1.240113065,0.19271400000000005
6285,0.0004985411999999991,0.291206,1.240113065,1.1575379999999997
6286,0.0004995011999999995,0.3113065,1.232072864,2.5243719999999996
6287,0.000500461199999999,0.291206,1.232072864,3.971608
6288,0.0005014211999999994,0.291206,1.232072864,5.137437
6289,0.0005023811999999997,0.291206,1.240113065,5.459045
6290,0.0005033411999999992,0.291206,1.240113065,4.976633
6291,0.0005043011999999996,0.291206,1.248153266,3.690201
6292,0.0005052611999999991,0.3113065,1.240113065,2.122362
6293,0.0005062211999999995,0.291206,1.2561934670000001,0.7153269999999998
6294,0.000507181199999999,0.3113065,1.2561934670000001,0.1525129999999999
6295,0.0005081411999999993,0.291206,1.240113065,0.4339200000000001
6296,0.0005091011999999997,0.3113065,1.240113065,1.559548
6297,0.0005100611999999992,0.291206,1.248153266,3.167588
6298,0.0005110211999999996,0.3113065,1.2561934670000001,4.574623
6299,0.0005119811999999991,0.291206,1.2642336680000001,5.378643
6300,0.0005129411999999995,0.2711055,1.248153266,5.217839
6301,0.000513901199999999,0.291206,1.2561934670000001,4.212814
6302,0.0005148611999999993,0.3113065,1.248153266,2.604774
6303,0.0005158211999999997,0.331407,1.248153266,1.1575379999999997
6304,0.0005167811999999992,0.3113065,1.248153266,0.31331700000000007
6305,0.0005177411999999996,0.3113065,1.232072864,0.31331700000000007
6306,0.0005187011999999991,0.331407,1.248153266,1.358543
6307,0.0005196611999999995,0.3113065,1.240113065,2.926382
6308,0.000520621199999999,0.3113065,1.240113065,4.333417
6309,0.0005215811999999993,0.3113065,1.232072864,5.378643
6310,0.0005225411999999997,0.3113065,1.232072864,5.418844
6311,0.0005235011999999992,0.291206,1.240113065,4.45402
6312,0.0005244611999999996,0.291206,1.248153266,3.046985
6313,0.0005254211999999991,0.3113065,1.240113065,1.438945
6314,0.0005263811999999994,0.291206,1.232072864,0.4339200000000001
6315,0.000527341199999999,0.331407,1.240113065,0.23291499999999976
6316,0.0005283011999999993,0.291206,1.232072864,0.8359299999999998
6317,0.0005292611999999997,0.3113065,1.248153266,2.202764
6318,0.0005302211999999992,0.3113065,1.248153266,3.7304019999999998
6319,0.0005311811999999996,0.3113065,1.240113065,4.976633
6320,0.0005321411999999991,0.291206,1.248153266,5.499245999999999
6321,0.0005331011999999994,0.331407,1.248153266,5.137437
6322,0.0005340611999999989,0.3113065,1.240113065,3.851005
6323,0.0005350211999999993,0.3113065,1.240113065,2.2831659999999996
6324,0.0005359811999999997,0.291206,1.248153266,0.9163319999999997
6325,0.0005369411999999992,0.3113065,1.240113065,0.23291499999999976
6326,0.0005379011999999996,0.331407,1.248153266,0.31331700000000007
6327,0.0005388611999999991,0.3113065,1.240113065,1.2781409999999997
6328,0.0005398211999999994,0.331407,1.248153266,2.7655779999999996
6329,0.0005407811999999998,0.331407,1.2561934670000001,4.333417
6330,0.0005417411999999993,0.3113065,1.232072864,5.258039999999999
6331,0.0005427011999999997,0.291206,1.232072864,5.378643
6332,0.0005436611999999992,0.3113065,1.232072864,4.494221
6333,0.0005446211999999995,0.3113065,1.232072864,3.087186
6334,0.000545581199999999,0.331407,1.224032663,1.479146
6335,0.0005465411999999994,0.3113065,1.240113065,0.4339200000000001
6336,0.0005475011999999998,0.331407,1.248153266,0.19271400000000005
6337,0.0005484611999999993,0.3113065,1.240113065,0.876131
6338,0.0005494211999999997,0.331407,1.240113065,2.323367
6339,0.0005503811999999992,0.291206,1.248153266,3.851005
6340,0.0005513411999999995,0.3113065,1.248153266,5.057035
6341,0.000552301199999999,0.3113065,1.240113065,5.459045
6342,0.0005532611999999994,0.331407,1.248153266,4.936432
6343,0.0005542211999999998,0.3113065,1.248153266,3.6097989999999998
6344,0.0005551811999999993,0.3113065,1.248153266,2.082161
6345,0.0005561411999999996,0.3113065,1.240113065,0.7153269999999998
6346,0.0005571011999999992,0.291206,1.248153266,0.19271400000000005
6347,0.0005580611999999995,0.3113065,1.240113065,0.5947239999999998
6348,0.000559021199999999,0.331407,1.248153266,1.800754
6349,0.0005599811999999994,0.3113065,1.248153266,3.448995
6350,0.0005609411999999998,0.3113065,1.248153266,4.775628
6351,0.0005619011999999993,0.331407,1.232072864,5.418844
6352,0.0005628611999999996,0.331407,1.240113065,5.137437
6353,0.0005638211999999991,0.3113065,1.232072864,3.971608
6354,0.0005647811999999995,0.3515075,1.240113065,2.323367
6355,0.000565741199999999,0.3113065,1.232072864,0.8359299999999998
6356,0.0005667011999999994,0.331407,1.232072864,0.1525129999999999
6357,0.0005676611999999998,0.3113065,1.240113065,0.514322
6358,0.0005686211999999993,0.331407,1.240113065,1.7203519999999999
6359,0.0005695811999999996,0.331407,1.232072864,3.328392
6360,0.0005705411999999991,0.331407,1.240113065,4.775628
6361,0.0005715011999999995,0.3113065,1.248153266,5.418844
6362,0.000572461199999999,0.3113065,1.240113065,5.097236
6363,0.0005734211999999994,0.331407,1.240113065,3.971608
6364,0.0005743811999999997,0.3113065,1.248153266,2.363568
6365,0.0005753411999999992,0.3113065,1.248153266,0.9163319999999997
6366,0.0005763011999999996,0.331407,1.240113065,0.19271400000000005
6367,0.0005772611999999991,0.3113065,1.248153266,0.39371899999999993
6368,0.0005782211999999995,0.3113065,1.240113065,1.479146
6369,0.000579181199999999,0.3515075,1.248153266,3.046985
6370,0.0005801411999999994,0.331407,1.232072864,4.494221
6371,0.0005811011999999997,0.331407,1.232072864,5.378643
6372,0.0005820611999999992,0.291206,1.240113065,5.298241
6373,0.0005830211999999996,0.331407,1.232072864,4.373618
6374,0.0005839811999999991,0.331407,1.240113065,2.805779
6375,0.0005849411999999995,0.331407,1.232072864,1.318342
6376,0.000585901199999999,0.331407,1.232072864,0.3535179999999998
6377,0.0005868611999999994,0.331407,1.232072864,0.23291499999999976
6378,0.0005878211999999997,0.3113065,1.232072864,1.0369349999999997
6379,0.0005887811999999992,0.3113065,1.232072864,2.484171
6380,0.0005897411999999996,0.331407,1.232072864,4.0118089999999995
6381,0.0005907011999999991,0.331407,1.232072864,5.177638
6382,0.0005916611999999995,0.3113065,1.240113065,5.418844
6383,0.000592621199999999,0.331407,1.240113065,4.815829
6384,0.0005935811999999993,0.331407,1.232072864,3.3685929999999997
6385,0.0005945411999999997,0.3515075,1.240113065,1.800754
6386,0.0005955011999999992,0.331407,1.232072864,0.5545229999999997
6387,0.0005964611999999996,0.3515075,1.232072864,0.19271400000000005
6388,0.0005974211999999991,0.331407,1.240113065,0.5947239999999998
6389,0.0005983811999999995,0.331407,1.248153266,2.082161
6390,0.000599341199999999,0.3113065,1.232072864,3.569598
6391,0.0006003011999999993,0.331407,1.232072864,4.936432
6392,0.0006012611999999997,0.331407,1.240113065,5.459045
6393,0.0006022211999999992,0.331407,1.240113065,5.097236
6394,0.0006031811999999996,0.3113065,1.240113065,3.891206
6395,0.0006041411999999991,0.3113065,1.240113065,2.363568
6396,0.0006051011999999995,0.331407,1.240113065,0.9163319999999997
6397,0.000606061199999999,0.331407,1.240113065,0.23291499999999976
6398,0.0006070211999999993,0.331407,1.240113065,0.39371899999999993
6399,0.0006079811999999997,0.331407,1.240113065,1.318342
6400,0.0006089411999999992,0.331407,1.232072864,2.84598
6401,0.0006099011999999996,0.331407,1.224032663,4.333417
6402,0.0006108611999999991,0.331407,1.240113065,5.338442
6403,0.0006118211999999994,0.3515075,1.232072864,5.338442
6404,0.0006127811999999989,0.331407,1.232072864,4.534422
6405,0.0006137411999999993,0.331407,1.240113065,3.167588
6406,0.0006147011999999997,0.3515075,1.232072864,1.5193469999999998
6407,0.0006156611999999992,0.331407,1.240113065,0.4339200000000001
6408,0.0006166211999999996,0.3113065,1.232072864,0.11231199999999975
6409,0.0006175811999999991,0.331407,1.248153266,0.755528
6410,0.0006185411999999994,0.331407,1.248153266,2.122362
6411,0.0006195011999999989,0.3515075,1.240113065,3.6097989999999998
6412,0.0006204611999999993,0.331407,1.232072864,4.896231
6413,0.0006214211999999997,0.3515075,1.232072864,5.459045
6414,0.0006223811999999992,0.331407,1.232072864,5.137437
6415,0.0006233411999999995,0.331407,1.248153266,3.971608
6416,0.000624301199999999,0.3113065,1.248153266,2.44397
6417,0.0006252611999999994,0.3515075,1.248153266,0.996734
6418,0.0006262211999999998,0.331407,1.232072864,0.19271400000000005
6419,0.0006271811999999993,0.3113065,1.232072864,0.31331700000000007
6420,0.0006281411999999997,0.3113065,1.232072864,1.2781409999999997
6421,0.0006291011999999992,0.331407,1.232072864,2.7655779999999996
6422,0.0006300611999999995,0.331407,1.232072864,4.2530149999999995
6423,0.000631021199999999,0.331407,1.232072864,5.258039999999999
6424,0.0006319811999999994,0.3515075,1.232072864,5.378643
6425,0.0006329411999999998,0.3515075,1.224032663,4.574623
6426,0.0006339011999999993,0.331407,1.240113065,3.207789
6427,0.0006348611999999997,0.331407,1.232072864,1.6399499999999998
6428,0.0006358211999999992,0.3515075,1.240113065,0.514322
6429,0.0006367811999999995,0.3515075,1.232072864,0.19271400000000005
6430,0.000637741199999999,0.3515075,1.232072864,0.5947239999999998
6431,0.0006387011999999994,0.331407,1.240113065,1.8811559999999998
6432,0.0006396611999999998,0.3113065,1.240113065,3.448995
6433,0.0006406211999999993,0.331407,1.240113065,4.775628
6434,0.0006415811999999996,0.331407,1.248153266,5.459045
6435,0.0006425411999999991,0.331407,1.240113065,5.177638
6436,0.0006435011999999995,0.3515075,1.248153266,4.05201
6437,0.000644461199999999,0.3515075,1.232072864,2.5243719999999996
6438,0.0006454211999999994,0.331407,1.240113065,1.117337
6439,0.0006463811999999998,0.3515075,1.232072864,0.2731159999999999
6440,0.0006473411999999993,0.3515075,1.232072864,0.31331700000000007
6441,0.0006483011999999996,0.3515075,1.224032663,1.1977389999999999
6442,0.0006492611999999991,0.331407,1.232072864,2.604774
6443,0.0006502211999999995,0.331407,1.224032663,4.092211
6444,0.000651181199999999,0.331407,1.232072864,5.097236
6445,0.0006521411999999994,0.3515075,1.232072864,5.418844
6446,0.0006531011999999997,0.331407,1.232072864,4.896231
6447,0.0006540611999999993,0.3515075,1.232072864,3.529397
6448,0.0006550211999999996,0.3515075,1.232072864,2.04196
6449,0.0006559811999999991,0.3515075,1.224032663,0.876131
6450,0.0006569411999999995,0.331407,1.232072864,0.19271400000000005
6451,0.000657901199999999,0.331407,1.224032663,0.4339200000000001
6452,0.0006588611999999994,0.331407,1.248153266,1.438945
6453,0.0006598211999999997,0.331407,1.232072864,2.926382
6454,0.0006607811999999992,0.371608,1.232072864,4.413819
6455,0.0006617411999999996,0.331407,1.240113065,5.258039999999999
6456,0.0006627011999999991,0.331407,1.248153266,5.378643
6457,0.0006636611999999995,0.3515075,1.240113065,4.614824
6458,0.000664621199999999,0.331407,1.240113065,3.207789
6459,0.0006655811999999994,0.3515075,1.232072864,1.680151
6460,0.0006665411999999997,0.331407,1.240113065,0.5545229999999997
6461,0.0006675011999999992,0.331407,1.232072864,0.1525129999999999
6462,0.0006684611999999996,0.371608,1.240113065,0.6751259999999997
6463,0.0006694211999999991,0.3515075,1.232072864,1.8811559999999998
6464,0.0006703811999999995,0.331407,1.232072864,3.408794
6465,0.000671341199999999,0.3515075,1.224032663,4.775628
6466,0.0006723011999999993,0.3515075,1.232072864,5.418844
6467,0.0006732611999999997,0.3515075,1.224032663,5.137437
6468,0.0006742211999999992,0.3515075,1.224032663,4.092211
6469,0.0006751811999999996,0.3515075,1.240113065,2.484171
6470,0.0006761411999999991,0.3515075,1.232072864,1.0771359999999999
6471,0.0006771011999999995,0.331407,1.232072864,0.23291499999999976
6472,0.000678061199999999,0.371608,1.232072864,0.31331700000000007
6473,0.0006790211999999993,0.371608,1.232072864,1.23794
6474,0.0006799811999999997,0.331407,1.232072864,2.725377
6475,0.0006809411999999992,0.3515075,1.224032663,4.172613
6476,0.0006819011999999996,0.3515075,1.240113065,5.258039999999999
6477,0.0006828611999999991,0.3515075,1.232072864,5.418844
6478,0.0006838211999999995,0.371608,1.224032663,4.695226
6479,0.000684781199999999,0.3515075,1.240113065,3.328392
6480,0.0006857411999999993,0.3515075,1.232072864,1.7605529999999998
6481,0.0006867011999999997,0.331407,1.248153266,0.5545229999999997
6482,0.0006876611999999992,0.331407,1.232072864,0.1525129999999999
6483,0.0006886211999999996,0.331407,1.248153266,0.5947239999999998
6484,0.0006895811999999991,0.3515075,1.232072864,1.840955
6485,0.0006905411999999994,0.3515075,1.232072864,3.448995
6486,0.000691501199999999,0.3515075,1.240113065,4.735427
6487,0.0006924611999999993,0.3515075,1.224032663,5.378643
6488,0.0006934211999999997,0.3515075,1.232072864,5.177638
6489,0.0006943811999999992,0.3113065,1.232072864,4.092211
6490,0.0006953411999999996,0.3515075,1.232072864,2.604774
6491,0.0006963011999999991,0.371608,1.232072864,1.0771359999999999
6492,0.0006972611999999994,0.371608,1.224032663,0.2731159999999999
6493,0.0006982211999999989,0.3515075,1.215992462,0.31331700000000007
6494,0.0006991811999999993,0.371608,1.224032663,1.23794
6495,0.0007001411999999997,0.3917085,1.232072864,2.685176
6496,0.0007011011999999992,0.371608,1.232072864,4.2530149999999995
6497,0.0007020611999999996,0.3515075,1.232072864,5.298241
6498,0.0007030211999999991,0.3515075,1.232072864,5.378643
6499,0.0007039811999999994,0.3515075,1.232072864,4.574623
6500,0.0007049411999999989,0.331407,1.232072864,3.046985
6501,0.0007059011999999993,0.331407,1.224032663,1.559548
6502,0.0007068611999999997,0.3515075,1.232072864,0.4339200000000001
6503,0.0007078211999999992,0.371608,1.232072864,0.19271400000000005
6504,0.0007087811999999995,0.371608,1.232072864,0.876131
6505,0.000709741199999999,0.331407,1.232072864,2.202764
6506,0.0007107011999999994,0.3515075,1.240113065,3.690201
6507,0.0007116611999999989,0.331407,1.232072864,4.936432
6508,0.0007126211999999993,0.331407,1.232072864,5.418844
6509,0.0007135811999999997,0.3515075,1.232072864,5.016834
6510,0.0007145411999999992,0.371608,1.224032663,3.851005
6511,0.0007155011999999995,0.3515075,1.224032663,2.323367
6512,0.000716461199999999,0.3515075,1.232072864,0.9565329999999999
6513,0.0007174211999999994,0.3515075,1.224032663,0.23291499999999976
6514,0.0007183811999999998,0.371608,1.240113065,0.3535179999999998
6515,0.0007193411999999993,0.331407,1.224032663,1.318342
6516,0.0007203011999999996,0.3515075,1.224032663,2.7655779999999996
6517,0.0007212611999999992,0.3515075,1.224032663,4.172613
6518,0.0007222211999999995,0.371608,1.224032663,5.177638
6519,0.000723181199999999,0.371608,1.232072864,5.378643
6520,0.0007241411999999994,0.3515075,1.232072864,4.735427
6521,0.0007251011999999998,0.371608,1.215992462,3.408794
6522,0.0007260611999999993,0.3515075,1.215992462,1.840955
6523,0.0007270211999999996,0.3515075,1.224032663,0.634925
6524,0.0007279811999999991,0.3515075,1.240113065,0.1525129999999999
6525,0.0007289411999999995,0.3515075,1.232072864,0.5947239999999998
6526,0.000729901199999999,0.371608,1.232072864,1.7605529999999998
6527,0.0007308611999999994,0.331407,1.240113065,3.288191
6528,0.0007318211999999998,0.331407,1.240113065,4.695226
6529,0.0007327811999999993,0.371608,1.232072864,5.378643
6530,0.0007337411999999996,0.3515075,1.232072864,5.137437
6531,0.0007347011999999991,0.3917085,1.232072864,4.05201
6532,0.0007356611999999995,0.371608,1.224032663,2.44397
6533,0.000736621199999999,0.3515075,1.224032663,0.9163319999999997
6534,0.0007375811999999994,0.3917085,1.224032663,0.1525129999999999
6535,0.0007385411999999997,0.371608,1.215992462,0.3535179999999998
6536,0.0007395011999999992,0.3515075,1.224032663,1.358543
6537,0.0007404611999999996,0.371608,1.224032663,2.8861809999999997
6538,0.0007414211999999991,0.371608,1.215992462,4.333417
6539,0.0007423811999999995,0.371608,1.232072864,5.217839
6540,0.000743341199999999,0.3515075,1.232072864,5.298241
6541,0.0007443011999999994,0.3917085,1.224032663,4.534422
6542,0.0007452611999999997,0.3917085,1.224032663,3.1273869999999997
6543,0.0007462211999999992,0.3515075,1.232072864,1.559548
6544,0.0007471811999999996,0.331407,1.232072864,0.4741209999999998
6545,0.0007481411999999991,0.331407,1.232072864,0.1525129999999999
6546,0.0007491011999999995,0.3515075,1.232072864,0.755528
6547,0.000750061199999999,0.331407,1.240113065,2.082161
6548,0.0007510211999999994,0.371608,1.232072864,3.6097989999999998
6549,0.0007519811999999997,0.3917085,1.224032663,4.85603
6550,0.0007529411999999992,0.3515075,1.232072864,5.378643
6551,0.0007539011999999996,0.371608,1.232072864,5.057035
6552,0.0007548611999999991,0.3515075,1.232072864,3.931407
6553,0.0007558211999999995,0.3917085,1.240113065,2.323367
6554,0.000756781199999999,0.371608,1.232072864,1.0369349999999997
6555,0.0007577411999999993,0.371608,1.232072864,0.19271400000000005
6556,0.0007587011999999997,0.371608,1.232072864,0.31331700000000007
6557,0.0007596611999999992,0.371608,1.224032663,1.318342
6558,0.0007606211999999996,0.371608,1.215992462,2.805779
6559,0.0007615811999999991,0.371608,1.224032663,4.2530149999999995
6560,0.0007625411999999995,0.3917085,1.215992462,5.217839
6561,0.000763501199999999,0.331407,1.224032663,5.338442
6562,0.0007644611999999993,0.371608,1.224032663,4.614824
6563,0.0007654211999999997,0.371608,1.224032663,3.288191
6564,0.0007663811999999992,0.3515075,1.232072864,1.7605529999999998
6565,0.0007673411999999996,0.3515075,1.224032663,0.634925
6566,0.0007683011999999991,0.371608,1.232072864,0.19271400000000005
6567,0.0007692611999999995,0.3917085,1.224032663,0.5947239999999998
6568,0.000770221199999999,0.371608,1.224032663,1.680151
6569,0.0007711811999999993,0.371608,1.215992462,3.2479899999999997
6570,0.0007721411999999997,0.3515075,1.232072864,4.45402
6571,0.0007731011999999992,0.3515075,1.232072864,5.338442
6572,0.0007740611999999996,0.3515075,1.232072864,5.258039999999999
6573,0.0007750211999999991,0.3917085,1.232072864,4.45402
6574,0.0007759811999999994,0.371608,1.232072864,3.087186
6575,0.0007769411999999989,0.3917085,1.232072864,1.6399499999999998
6576,0.0007779011999999993,0.371608,1.240113065,0.514322
6577,0.0007788611999999997,0.371608,1.232072864,0.19271400000000005
6578,0.0007798211999999992,0.371608,1.240113065,0.7153269999999998
6579,0.0007807811999999996,0.3917085,1.232072864,1.921357
6580,0.0007817411999999991,0.3515075,1.232072864,3.529397
6581,0.0007827011999999994,0.331407,1.232072864,4.815829
6582,0.0007836611999999989,0.371608,1.224032663,5.378643
6583,0.0007846211999999993,0.371608,1.215992462,5.057035
6584,0.0007855811999999997,0.371608,1.207952261,3.891206
6585,0.0007865411999999992,0.371608,1.224032663,2.323367
6586,0.0007875011999999995,0.3917085,1.224032663,0.996734
6587,0.000788461199999999,0.3515075,1.224032663,0.23291499999999976
6588,0.0007894211999999994,0.371608,1.232072864,0.39371899999999993
6589,0.0007903811999999989,0.3917085,1.215992462,1.3987439999999998
6590,0.0007913411999999993,0.371608,1.232072864,2.966583
6591,0.0007923011999999997,0.3917085,1.232072864,4.45402
6592,0.0007932611999999992,0.371608,1.232072864,5.338442
6593,0.0007942211999999995,0.371608,1.224032663,5.258039999999999
6594,0.000795181199999999,0.371608,1.232072864,4.172613
6595,0.0007961411999999994,0.3917085,1.224032663,2.6449749999999996
6596,0.0007971011999999989,0.3917085,1.232072864,1.1977389999999999
6597,0.0007980611999999993,0.3917085,1.215992462,0.2731159999999999
6598,0.0007990211999999997,0.371608,1.232072864,0.31331700000000007
6599,0.0007999811999999992,0.3917085,1.232072864,1.2781409999999997
6600,0.0008009411999999995,0.3917085,1.232072864,2.7655779999999996
6601,0.000801901199999999,0.371608,1.232072864,4.333417
6602,0.0008028611999999994,0.371608,1.215992462,5.258039999999999
6603,0.0008038211999999998,0.3917085,1.207952261,5.298241
6604,0.0008047811999999993,0.3917085,1.232072864,4.45402
6605,0.0008057411999999996,0.3917085,1.215992462,3.0067839999999997
6606,0.0008067011999999991,0.3917085,1.215992462,1.5193469999999998
6607,0.0008076611999999995,0.3917085,1.207952261,0.4339200000000001
6608,0.000808621199999999,0.3917085,1.215992462,0.19271400000000005
6609,0.0008095811999999994,0.371608,1.215992462,0.876131
6610,0.0008105411999999998,0.3917085,1.215992462,2.323367
6611,0.0008115011999999993,0.371608,1.207952261,3.810804
6612,0.0008124611999999996,0.3917085,1.215992462,5.016834
6613,0.0008134211999999991,0.3917085,1.215992462,5.459045
6614,0.0008143811999999995,0.3917085,1.224032663,4.85603
6615,0.000815341199999999,0.3917085,1.224032663,3.690201
6616,0.0008163011999999994,0.411809,1.215992462,2.122362
6617,0.0008172611999999998,0.371608,1.240113065,0.7957289999999997
6618,0.0008182211999999993,0.371608,1.232072864,0.19271400000000005
6619,0.0008191811999999996,0.3917085,1.224032663,0.4741209999999998
6620,0.0008201411999999991,0.3917085,1.215992462,1.5193469999999998
6621,0.0008211011999999995,0.3515075,1.215992462,3.0067839999999997
6622,0.000822061199999999,0.371608,1.224032663,4.45402
6623,0.0008230211999999994,0.3917085,1.232072864,5.338442
6624,0.0008239811999999997,0.371608,1.240113065,5.258039999999999
6625,0.0008249411999999992,0.3917085,1.232072864,4.373618
6626,0.0008259011999999996,0.411809,1.207952261,2.966583
6627,0.0008268611999999991,0.3917085,1.224032663,1.479146
6628,0.0008278211999999995,0.3917085,1.215992462,0.3535179999999998
6629,0.000828781199999999,0.371608,1.215992462,0.1525129999999999
6630,0.0008297411999999994,0.371608,1.215992462,0.8359299999999998
6631,0.0008307011999999997,0.3917085,1.215992462,2.242965
6632,0.0008316611999999992,0.3917085,1.215992462,3.891206
6633,0.0008326211999999996,0.3917085,1.215992462,4.976633
6634,0.0008335811999999991,0.411809,1.224032663,5.378643
6635,0.0008345411999999995,0.411809,1.232072864,4.775628
6636,0.000835501199999999,0.3917085,1.215992462,3.529397
6637,0.0008364611999999993,0.371608,1.224032663,1.8811559999999998
6638,0.0008374211999999997,0.371608,1.232072864,0.634925
6639,0.0008383811999999992,0.3917085,1.232072864,0.19271400000000005
6640,0.0008393411999999996,0.3917085,1.232072864,0.755528
6641,0.0008403011999999991,0.411809,1.215992462,2.001759
6642,0.0008412611999999995,0.3917085,1.215992462,3.6097989999999998
6643,0.000842221199999999,0.3917085,1.224032663,4.896231
6644,0.0008431811999999993,0.411809,1.215992462,5.338442
6645,0.0008441411999999997,0.3917085,1.224032663,4.85603
6646,0.0008451011999999992,0.3917085,1.232072864,3.6097989999999998
6647,0.0008460611999999996,0.3917085,1.224032663,1.961558
6648,0.0008470211999999991,0.411809,1.232072864,0.6751259999999997
6649,0.0008479811999999995,0.3917085,1.224032663,0.11231199999999975
6650,0.000848941199999999,0.3917085,1.215992462,0.5947239999999998
6651,0.0008499011999999993,0.3515075,1.215992462,1.921357
6652,0.0008508611999999997,0.3917085,1.207952261,3.569598
6653,0.0008518211999999992,0.411809,1.207952261,4.896231
6654,0.0008527811999999996,0.3917085,1.215992462,5.418844
6655,0.0008537411999999991,0.3917085,1.215992462,4.976633
6656,0.0008547011999999994,0.3917085,1.215992462,3.690201
6657,0.000855661199999999,0.411809,1.215992462,2.082161
6658,0.0008566211999999993,0.3917085,1.232072864,0.7153269999999998
6659,0.0008575811999999997,0.411809,1.224032663,0.1525129999999999
6660,0.0008585411999999992,0.3917085,1.232072864,0.634925
6661,0.0008595011999999996,0.411809,1.240113065,1.800754
6662,0.0008604611999999991,0.3917085,1.224032663,3.448995
6663,0.0008614211999999994,0.411809,1.224032663,4.85603
6664,0.0008623811999999989,0.3917085,1.224032663,5.378643
6665,0.0008633411999999993,0.3917085,1.232072864,4.936432
6666,0.0008643011999999997,0.411809,1.232072864,3.7304019999999998
6667,0.0008652611999999992,0.3917085,1.224032663,2.122362
6668,0.0008662211999999996,0.411809,1.224032663,0.755528
6669,0.0008671811999999991,0.411809,1.224032663,0.19271400000000005
6670,0.0008681411999999994,0.3917085,1.232072864,0.514322
6671,0.0008691011999999989,0.3917085,1.215992462,1.680151
6672,0.0008700611999999993,0.411809,1.224032663,3.207789
6673,0.0008710211999999997,0.411809,1.215992462,4.574623
6674,0.0008719811999999992,0.411809,1.19991206,5.378643
6675,0.0008729411999999995,0.411809,1.207952261,5.217839
6676,0.000873901199999999,0.411809,1.207952261,4.212814
6677,0.0008748611999999994,0.3917085,1.215992462,2.805779
6678,0.0008758211999999989,0.4319095,1.215992462,1.318342
6679,0.0008767811999999993,0.411809,1.215992462,0.31331700000000007
6680,0.0008777411999999997,0.371608,1.215992462,0.19271400000000005
6681,0.0008787011999999992,0.411809,1.215992462,0.996734
6682,0.0008796611999999995,0.3917085,1.224032663,2.323367
6683,0.000880621199999999,0.3917085,1.224032663,3.851005
6684,0.0008815811999999994,0.3917085,1.232072864,5.016834
6685,0.0008825411999999989,0.3917085,1.232072864,5.378643
6686,0.0008835011999999993,0.411809,1.215992462,4.815829
6687,0.0008844611999999996,0.411809,1.224032663,3.690201
6688,0.0008854211999999992,0.3917085,1.224032663,2.04196
6689,0.0008863811999999995,0.4319095,1.224032663,0.755528
6690,0.000887341199999999,0.3917085,1.215992462,0.19271400000000005
6691,0.0008883011999999994,0.411809,1.224032663,0.514322
6692,0.0008892611999999998,0.411809,1.215992462,1.680151
6693,0.0008902211999999993,0.411809,1.215992462,3.288191
6694,0.0008911811999999996,0.411809,1.224032663,4.655025
6695,0.0008921411999999991,0.411809,1.207952261,5.378643
6696,0.0008931011999999995,0.3917085,1.215992462,5.097236
6697,0.000894061199999999,0.411809,1.207952261,3.891206
6698,0.0008950211999999994,0.3917085,1.215992462,2.323367
6699,0.0008959811999999998,0.3917085,1.215992462,0.9163319999999997
6700,0.0008969411999999993,0.411809,1.215992462,0.19271400000000005
6701,0.0008979011999999996,0.411809,1.207952261,0.4339200000000001
6702,0.0008988611999999991,0.411809,1.215992462,1.6399499999999998
6703,0.0008998211999999995,0.3917085,1.215992462,3.2479899999999997
6704,0.000900781199999999,0.3917085,1.224032663,4.574623
6705,0.0009017411999999994,0.3917085,1.215992462,5.418844
6706,0.0009027011999999997,0.3917085,1.224032663,5.097236
6707,0.0009036611999999992,0.411809,1.224032663,4.0118089999999995
6708,0.0009046211999999996,0.3917085,1.224032663,2.44397
6709,0.0009055811999999991,0.3917085,1.232072864,1.0369349999999997
6710,0.0009065411999999995,0.411809,1.215992462,0.2731159999999999
6711,0.000907501199999999,0.4319095,1.224032663,0.39371899999999993
6712,0.0009084611999999994,0.4319095,1.232072864,1.3987439999999998
6713,0.0009094211999999997,0.411809,1.215992462,2.84598
6714,0.0009103811999999992,0.3917085,1.215992462,4.333417
6715,0.0009113411999999996,0.3917085,1.215992462,5.177638
6716,0.0009123011999999991,0.371608,1.215992462,5.258039999999999
6717,0.0009132611999999995,0.411809,1.215992462,4.373618
6718,0.000914221199999999,0.411809,1.215992462,3.0067839999999997
6719,0.0009151811999999994,0.371608,1.207952261,1.438945
6720,0.0009161411999999997,0.411809,1.207952261,0.514322
6721,0.0009171011999999992,0.411809,1.215992462,0.1525129999999999
6722,0.0009180611999999996,0.3917085,1.215992462,0.7957289999999997
6723,0.0009190211999999991,0.3917085,1.215992462,2.122362
6724,0.0009199811999999995,0.3917085,1.207952261,3.7304019999999998
6725,0.000920941199999999,0.411809,1.215992462,4.85603
6726,0.0009219011999999993,0.411809,1.215992462,5.338442
6727,0.0009228611999999997,0.411809,1.224032663,4.936432
6728,0.0009238211999999992,0.411809,1.232072864,3.810804
6729,0.0009247811999999996,0.3917085,1.224032663,2.242965
6730,0.0009257411999999991,0.411809,1.224032663,0.996734
6731,0.0009267011999999995,0.3917085,1.224032663,0.19271400000000005
6732,0.000927661199999999,0.411809,1.224032663,0.39371899999999993
6733,0.0009286211999999993,0.411809,1.224032663,1.358543
6734,0.0009295811999999997,0.371608,1.232072864,2.685176
6735,0.0009305411999999992,0.411809,1.215992462,4.172613
6736,0.0009315011999999996,0.4319095,1.224032663,5.177638
6737,0.0009324611999999991,0.411809,1.215992462,5.378643
6738,0.0009334211999999995,0.411809,1.207952261,4.614824
6739,0.000934381199999999,0.4319095,1.224032663,3.328392
6740,0.0009353411999999993,0.411809,1.232072864,1.7203519999999999
6741,0.0009363011999999997,0.3917085,1.215992462,0.5947239999999998
6742,0.0009372611999999992,0.411809,1.207952261,0.1525129999999999
6743,0.0009382211999999996,0.411809,1.215992462,0.634925
6744,0.0009391811999999991,0.4319095,1.215992462,1.800754
6745,0.0009401411999999994,0.4319095,1.19991206,3.408794
6746,0.0009411011999999989,0.3917085,1.207952261,4.695226
6747,0.0009420611999999993,0.45200999999999997,1.19991206,5.378643
6748,0.0009430211999999997,0.411809,1.207952261,5.057035
6749,0.0009439811999999992,0.411809,1.215992462,3.851005
6750,0.0009449411999999996,0.4319095,1.215992462,2.323367
6751,0.0009459011999999991,0.411809,1.215992462,0.9565329999999999
6752,0.0009468611999999994,0.411809,1.232072864,0.1525129999999999
6753,0.0009478211999999989,0.411809,1.224032663,0.514322
6754,0.0009487811999999993,0.411809,1.224032663,1.7203519999999999
6755,0.0009497411999999997,0.3917085,1.224032663,3.3685929999999997
6756,0.0009507011999999992,0.3917085,1.215992462,4.775628
6757,0.0009516611999999995,0.4319095,1.232072864,5.418844
6758,0.000952621199999999,0.411809,1.224032663,4.936432
6759,0.0009535811999999994,0.3917085,1.224032663,3.569598
6760,0.0009545411999999989,0.4319095,1.224032663,1.961558
6761,0.0009555011999999993,0.3917085,1.215992462,0.634925
6762,0.0009564611999999997,0.411809,1.215992462,0.1525129999999999
6763,0.0009574211999999992,0.4319095,1.207952261,0.6751259999999997
6764,0.0009583811999999995,0.411809,1.207952261,2.082161
6765,0.000959341199999999,0.411809,1.207952261,3.690201
6766,0.0009603011999999994,0.4319095,1.215992462,4.976633
6767,0.0009612611999999989,0.411809,1.215992462,5.338442
6768,0.0009622211999999993,0.411809,1.215992462,4.85603
6769,0.0009631811999999997,0.411809,1.215992462,3.529397
6770,0.0009641411999999992,0.411809,1.215992462,2.04196
6771,0.0009651011999999995,0.411809,1.207952261,0.7153269999999998
6772,0.000966061199999999,0.411809,1.207952261,0.1525129999999999
6773,0.0009670211999999994,0.4319095,1.215992462,0.514322
6774,0.0009679811999999989,0.4319095,1.215992462,1.680151
6775,0.0009689411999999993,0.411809,1.224032663,3.167588
6776,0.0009699011999999996,0.411809,1.224032663,4.494221
6777,0.0009708611999999991,0.411809,1.207952261,5.298241
6778,0.0009718211999999995,0.411809,1.215992462,5.217839
6779,0.000972781199999999,0.3917085,1.215992462,4.212814
6780,0.0009737411999999994,0.45200999999999997,1.207952261,2.805779
6781,0.0009747011999999989,0.411809,1.215992462,1.2781409999999997
6782,0.0009756611999999993,0.411809,1.215992462,0.3535179999999998
6783,0.0009766211999999996,0.411809,1.232072864,0.23291499999999976
6784,0.0009775811999999991,0.411809,1.224032663,0.8359299999999998
6785,0.0009785411999999995,0.411809,1.207952261,2.242965
6786,0.000979501199999999,0.411809,1.215992462,3.770603
6787,0.0009804611999999994,0.411809,1.215992462,4.936432
6788,0.0009814211999999998,0.411809,1.207952261,5.378643
6789,0.0009823811999999993,0.411809,1.215992462,4.85603
6790,0.0009833411999999996,0.411809,1.19991206,3.569598
6791,0.0009843011999999991,0.4319095,1.19991206,1.961558
6792,0.0009852611999999995,0.411809,1.207952261,0.634925
6793,0.000986221199999999,0.411809,1.207952261,0.1525129999999999
6794,0.0009871811999999994,0.4319095,1.215992462,0.5947239999999998
6795,0.0009881411999999997,0.4319095,1.207952261,1.800754
6796,0.0009891011999999992,0.45200999999999997,1.215992462,3.448995
6797,0.0009900611999999996,0.4319095,1.215992462,4.735427
6798,0.0009910211999999991,0.45200999999999997,1.224032663,5.378643
6799,0.0009919811999999995,0.4319095,1.215992462,4.896231
6800,0.000992941199999999,0.4319095,1.215992462,3.690201
6801,0.0009939011999999994,0.45200999999999997,1.215992462,2.04196
6802,0.0009948611999999997,0.4319095,1.215992462,0.6751259999999997
6803,0.0009958211999999992,0.4319095,1.207952261,0.1525129999999999
6804,0.0009967811999999996,0.411809,1.207952261,0.6751259999999997
6805,0.000997741199999999,0.411809,1.215992462,1.921357
6806,0.0009987011999999995,0.4319095,1.207952261,3.7304019999999998
6807,0.000999661199999999,0.411809,1.207952261,5.016834
6808,0.0010006211999999994,0.411809,1.19991206,5.378643
6809,0.0010015811999999997,0.411809,1.19991206,4.735427
6810,0.0010025411999999992,0.411809,1.207952261,3.288191
6811,0.0010035011999999996,0.411809,1.19991206,1.680151
6812,0.001004461199999999,0.45200999999999997,1.19991206,0.4741209999999998
6813,0.0010054211999999995,0.4319095,1.19991206,0.1525129999999999
6814,0.001006381199999999,0.411809,1.215992462,0.7957289999999997
6815,0.0010073411999999993,0.411809,1.207952261,2.2831659999999996
6816,0.0010083011999999997,0.411809,1.207952261,3.931407
6817,0.0010092611999999992,0.45200999999999997,1.215992462,5.057035
6818,0.0010102211999999996,0.45200999999999997,1.215992462,5.338442
6819,0.001011181199999999,0.4319095,1.224032663,4.775628
6820,0.0010121411999999995,0.4319095,1.215992462,3.448995
6821,0.001013101199999999,0.45200999999999997,1.215992462,1.800754
6822,0.0010140611999999993,0.411809,1.207952261,0.5947239999999998
6823,0.0010150211999999997,0.45200999999999997,1.215992462,0.1525129999999999
6824,0.0010159811999999992,0.4319095,1.19991206,0.6751259999999997
6825,0.0010169411999999996,0.4319095,1.19991206,1.961558
6826,0.001017901199999999,0.4319095,1.207952261,3.4891959999999997
6827,0.0010188611999999994,0.4319095,1.207952261,4.775628
6828,0.001019821199999999,0.45200999999999997,1.207952261,5.338442
6829,0.0010207811999999993,0.4319095,1.207952261,4.976633
6830,0.0010217411999999997,0.4319095,1.19991206,3.770603
6831,0.0010227011999999992,0.4319095,1.215992462,2.1625629999999996
6832,0.0010236611999999996,0.4319095,1.207952261,0.8359299999999998
6833,0.001024621199999999,0.45200999999999997,1.215992462,0.19271400000000005
6834,0.0010255811999999994,0.4319095,1.215992462,0.4741209999999998
6835,0.001026541199999999,0.45200999999999997,1.207952261,1.6399499999999998
6836,0.0010275011999999993,0.4319095,1.207952261,3.1273869999999997
6837,0.0010284611999999997,0.45200999999999997,1.19991206,4.534422
6838,0.0010294211999999992,0.4319095,1.215992462,5.298241
6839,0.0010303811999999996,0.4319095,1.215992462,5.137437
6840,0.001031341199999999,0.4319095,1.215992462,4.05201
6841,0.0010323011999999994,0.4319095,1.224032663,2.484171
6842,0.001033261199999999,0.4319095,1.207952261,1.0771359999999999
6843,0.0010342211999999993,0.4721105,1.215992462,0.23291499999999976
6844,0.0010351811999999997,0.45200999999999997,1.215992462,0.31331700000000007
6845,0.0010361411999999992,0.4319095,1.215992462,1.318342
6846,0.0010371011999999995,0.4319095,1.224032663,2.805779
6847,0.001038061199999999,0.45200999999999997,1.207952261,4.293216
6848,0.0010390211999999994,0.45200999999999997,1.207952261,5.298241
6849,0.001039981199999999,0.411809,1.207952261,5.217839
6850,0.0010409411999999993,0.4319095,1.19991206,4.293216
6851,0.0010419011999999997,0.4319095,1.19991206,2.805779
6852,0.0010428611999999992,0.4319095,1.207952261,1.23794
6853,0.0010438211999999995,0.4319095,1.207952261,0.3535179999999998
6854,0.001044781199999999,0.45200999999999997,1.215992462,0.31331700000000007
6855,0.0010457411999999994,0.4319095,1.19991206,1.23794
6856,0.001046701199999999,0.45200999999999997,1.215992462,2.805779
6857,0.0010476611999999993,0.45200999999999997,1.207952261,4.2530149999999995
6858,0.0010486211999999996,0.4319095,1.207952261,5.258039999999999
6859,0.0010495811999999992,0.45200999999999997,1.207952261,5.298241
6860,0.0010505411999999995,0.45200999999999997,1.215992462,4.293216
6861,0.001051501199999999,0.45200999999999997,1.207952261,2.8861809999999997
6862,0.0010524611999999994,0.4319095,1.215992462,1.318342
6863,0.001053421199999999,0.45200999999999997,1.207952261,0.3535179999999998
6864,0.0010543811999999993,0.411809,1.215992462,0.23291499999999976
6865,0.0010553411999999996,0.45200999999999997,1.215992462,1.117337
6866,0.0010563011999999991,0.45200999999999997,1.215992462,2.604774
6867,0.0010572611999999995,0.45200999999999997,1.207952261,4.1324119999999995
6868,0.001058221199999999,0.4319095,1.215992462,5.177638
6869,0.0010591811999999994,0.4319095,1.215992462,5.298241
6870,0.0010601411999999989,0.45200999999999997,1.215992462,4.45402
6871,0.0010611011999999993,0.45200999999999997,1.19991206,2.966583
6872,0.0010620611999999996,0.45200999999999997,1.19991206,1.5193469999999998
6873,0.0010630211999999991,0.4319095,1.19991206,0.4339200000000001
6874,0.0010639811999999995,0.4721105,1.19991206,0.19271400000000005
6875,0.001064941199999999,0.45200999999999997,1.19991206,0.9163319999999997
6876,0.0010659011999999994,0.45200999999999997,1.19991206,2.2831659999999996
6877,0.0010668611999999997,0.4319095,1.207952261,3.770603
6878,0.0010678211999999992,0.45200999999999997,1.215992462,5.057035
6879,0.0010687811999999996,0.45200999999999997,1.207952261,5.378643
6880,0.0010697411999999991,0.45200999999999997,1.207952261,4.655025
6881,0.0010707011999999995,0.45200999999999997,1.207952261,3.207789
6882,0.001071661199999999,0.4319095,1.19991206,1.7203519999999999
6883,0.0010726211999999994,0.45200999999999997,1.207952261,0.4741209999999998
6884,0.0010735811999999997,0.4319095,1.215992462,0.1525129999999999
6885,0.0010745411999999992,0.45200999999999997,1.207952261,0.9565329999999999
6886,0.0010755011999999996,0.45200999999999997,1.207952261,2.2831659999999996
6887,0.0010764611999999991,0.4319095,1.207952261,3.971608
6888,0.0010774211999999995,0.45200999999999997,1.207952261,5.097236
6889,0.001078381199999999,0.45200999999999997,1.207952261,5.338442
6890,0.0010793411999999994,0.4319095,1.215992462,4.494221
6891,0.0010803011999999997,0.45200999999999997,1.215992462,3.0067839999999997
6892,0.0010812611999999992,0.4319095,1.215992462,1.3987439999999998
6893,0.0010822211999999996,0.45200999999999997,1.19991206,0.3535179999999998
6894,0.001083181199999999,0.45200999999999997,1.19991206,0.23291499999999976
6895,0.0010841411999999995,0.4319095,1.19991206,1.0369349999999997
6896,0.001085101199999999,0.45200999999999997,1.19991206,2.484171
6897,0.0010860611999999993,0.4721105,1.207952261,4.1324119999999995
6898,0.0010870211999999997,0.4319095,1.207952261,5.137437
6899,0.0010879811999999992,0.45200999999999997,1.19991206,5.338442
6900,0.0010889411999999996,0.4319095,1.19991206,4.413819
6901,0.001089901199999999,0.4721105,1.207952261,3.0067839999999997
6902,0.0010908611999999995,0.4721105,1.207952261,1.479146
6903,0.001091821199999999,0.45200999999999997,1.207952261,0.4339200000000001
6904,0.0010927811999999993,0.4721105,1.207952261,0.1525129999999999
6905,0.0010937411999999997,0.45200999999999997,1.19991206,0.9163319999999997
6906,0.0010947011999999992,0.4319095,1.207952261,2.323367
6907,0.0010956611999999996,0.4721105,1.207952261,3.810804
6908,0.001096621199999999,0.4721105,1.207952261,5.057035
6909,0.0010975811999999995,0.4721105,1.207952261,5.298241
6910,0.001098541199999999,0.4721105,1.215992462,4.775628
6911,0.0010995011999999993,0.4721105,1.215992462,3.408794
6912,0.0011004611999999997,0.4721105,1.207952261,1.840955
6913,0.0011014211999999992,0.45200999999999997,1.207952261,0.634925
6914,0.0011023811999999996,0.4319095,1.207952261,0.1525129999999999
6915,0.001103341199999999,0.4721105,1.19991206,0.634925
6916,0.0011043011999999994,0.45200999999999997,1.19991206,1.8811559999999998
6917,0.001105261199999999,0.4319095,1.19991206,3.529397
6918,0.0011062211999999993,0.4319095,1.191871859,4.815829
6919,0.0011071811999999997,0.45200999999999997,1.19991206,5.378643
6920,0.0011081411999999992,0.45200999999999997,1.19991206,4.85603
6921,0.0011091011999999996,0.45200999999999997,1.19991206,3.529397
6922,0.001110061199999999,0.4319095,1.19991206,1.800754
6923,0.0011110211999999994,0.4721105,1.19991206,0.5947239999999998
6924,0.001111981199999999,0.45200999999999997,1.215992462,0.1525129999999999
6925,0.0011129411999999993,0.45200999999999997,1.19991206,0.9163319999999997
6926,0.0011139011999999997,0.45200999999999997,1.19991206,2.363568
6927,0.0011148611999999992,0.45200999999999997,1.207952261,4.0118089999999995
6928,0.0011158211999999995,0.45200999999999997,1.207952261,5.137437
6929,0.001116781199999999,0.4721105,1.19991206,5.298241
6930,0.0011177411999999994,0.4721105,1.207952261,4.333417
6931,0.001118701199999999,0.4721105,1.215992462,2.685176
6932,0.0011196611999999993,0.45200999999999997,1.207952261,1.0771359999999999
6933,0.0011206211999999997,0.45200999999999997,1.19991206,0.19271400000000005
6934,0.0011215811999999992,0.4721105,1.19991206,0.4339200000000001
6935,0.0011225411999999995,0.45200999999999997,1.207952261,1.599749
6936,0.001123501199999999,0.4721105,1.19991206,3.288191
6937,0.0011244611999999994,0.4721105,1.19991206,4.735427
6938,0.001125421199999999,0.4721105,1.19991206,5.378643
6939,0.0011263811999999993,0.4319095,1.19991206,4.85603
6940,0.0011273411999999997,0.45200999999999997,1.19991206,3.7304019999999998
6941,0.0011283011999999992,0.45200999999999997,1.19991206,2.001759
6942,0.0011292611999999995,0.4721105,1.207952261,0.7153269999999998
6943,0.001130221199999999,0.4721105,1.19991206,0.23291499999999976
6944,0.0011311811999999994,0.4319095,1.207952261,0.4741209999999998
6945,0.001132141199999999,0.45200999999999997,1.207952261,1.680151
6946,0.0011331011999999993,0.4721105,1.207952261,3.3685929999999997
6947,0.0011340611999999996,0.4721105,1.19991206,4.695226
6948,0.0011350211999999991,0.4721105,1.19991206,5.338442
6949,0.0011359811999999995,0.45200999999999997,1.207952261,5.057035
6950,0.001136941199999999,0.4721105,1.19991206,4.1324119999999995
6951,0.0011379011999999994,0.45200999999999997,1.207952261,2.685176
6952,0.001138861199999999,0.45200999999999997,1.215992462,1.1575379999999997
6953,0.0011398211999999993,0.45200999999999997,1.215992462,0.31331700000000007
6954,0.0011407811999999996,0.45200999999999997,1.19991206,0.23291499999999976
6955,0.0011417411999999991,0.4319095,1.207952261,0.876131
6956,0.0011427011999999995,0.45200999999999997,1.207952261,2.2831659999999996
6957,0.001143661199999999,0.4721105,1.19991206,3.7304019999999998
6958,0.0011446211999999994,0.45200999999999997,1.191871859,4.936432
6959,0.0011455811999999989,0.4721105,1.19991206,5.338442
6960,0.0011465411999999993,0.45200999999999997,1.191871859,4.976633
6961,0.0011475011999999996,0.45200999999999997,1.191871859,3.7304019999999998
6962,0.0011484611999999991,0.45200999999999997,1.19991206,2.242965
6963,0.0011494211999999995,0.4721105,1.19991206,0.7957289999999997
6964,0.001150381199999999,0.4721105,1.19991206,0.1525129999999999
6965,0.0011513411999999994,0.4721105,1.19991206,0.4339200000000001
6966,0.0011523011999999997,0.4721105,1.19991206,1.5193469999999998
6967,0.0011532611999999992,0.45200999999999997,1.191871859,3.0067839999999997
6968,0.0011542211999999996,0.45200999999999997,1.207952261,4.534422
6969,0.0011551811999999991,0.4721105,1.207952261,5.298241
6970,0.0011561411999999995,0.4721105,1.19991206,5.137437
6971,0.001157101199999999,0.4721105,1.207952261,3.931407
6972,0.0011580611999999994,0.4721105,1.224032663,2.242965
6973,0.0011590211999999997,0.492211,1.19991206,0.876131
6974,0.0011599811999999992,0.492211,1.207952261,0.1525129999999999
6975,0.0011609411999999996,0.4721105,1.19991206,0.634925
6976,0.001161901199999999,0.45200999999999997,1.207952261,1.921357
6977,0.0011628611999999995,0.45200999999999997,1.19991206,3.6097989999999998
6978,0.001163821199999999,0.4721105,1.207952261,4.936432
6979,0.0011647811999999994,0.4721105,1.19991206,5.298241
6980,0.0011657411999999997,0.45200999999999997,1.191871859,4.614824
6981,0.0011667011999999992,0.492211,1.191871859,3.167588
6982,0.0011676611999999996,0.4721105,1.191871859,1.438945
6983,0.001168621199999999,0.492211,1.207952261,0.3535179999999998
6984,0.0011695811999999995,0.4721105,1.19991206,0.2731159999999999
6985,0.001170541199999999,0.4721105,1.19991206,1.1977389999999999
6986,0.0011715011999999993,0.45200999999999997,1.19991206,2.84598
6987,0.0011724611999999997,0.4721105,1.191871859,4.333417
6988,0.0011734211999999992,0.4721105,1.19991206,5.258039999999999
6989,0.0011743811999999996,0.4721105,1.19991206,5.177638
6990,0.001175341199999999,0.45200999999999997,1.207952261,4.2530149999999995
6991,0.0011763011999999995,0.45200999999999997,1.207952261,2.805779
6992,0.001177261199999999,0.4721105,1.207952261,1.2781409999999997
6993,0.0011782211999999993,0.492211,1.207952261,0.3535179999999998
6994,0.0011791811999999997,0.45200999999999997,1.207952261,0.19271400000000005
6995,0.0011801411999999992,0.4721105,1.207952261,0.9565329999999999
6996,0.0011811011999999996,0.4721105,1.19991206,2.242965
6997,0.001182061199999999,0.492211,1.19991206,3.770603
6998,0.0011830211999999994,0.4721105,1.207952261,4.976633
6999,0.001183981199999999,0.4721105,1.19991206,5.378643
7000,0.0011849411999999993,0.4721105,1.207952261,5.016834
7001,0.0011859011999999997,0.492211,1.19991206,3.931407
7002,0.0011868611999999992,0.492211,1.19991206,2.564573
7003,0.0011878211999999996,0.4721105,1.19991206,1.2781409999999997
7004,0.001188781199999999,0.4721105,1.19991206,0.39371899999999993
7005,0.0011897411999999994,0.4721105,1.191871859,0.1525129999999999
7006,0.001190701199999999,0.4721105,1.175791457,0.755528
7007,0.0011916611999999993,0.4721105,1.1838316580000001,2.001759
7008,0.0011926211999999997,0.492211,1.191871859,3.4891959999999997
7009,0.0011935811999999992,0.492211,1.19991206,4.695226
7010,0.0011945411999999996,0.492211,1.191871859,5.338442
7011,0.001195501199999999,0.4721105,1.19991206,5.097236
7012,0.0011964611999999994,0.4721105,1.191871859,4.092211
7013,0.001197421199999999,0.4721105,1.19991206,2.6449749999999996
7014,0.0011983811999999993,0.4721105,1.19991206,1.23794
7015,0.0011993411999999997,0.4721105,1.19991206,0.2731159999999999
7016,0.0012003011999999992,0.5123115,1.207952261,0.23291499999999976
7017,0.0012012611999999995,0.4721105,1.19991206,1.1575379999999997
7018,0.001202221199999999,0.4721105,1.19991206,2.725377
7019,0.0012031811999999994,0.492211,1.19991206,4.333417
7020,0.001204141199999999,0.4721105,1.207952261,5.258039999999999
7021,0.0012051011999999993,0.4721105,1.191871859,5.217839
7022,0.0012060611999999997,0.4721105,1.207952261,4.1324119999999995
7023,0.0012070211999999992,0.492211,1.19991206,2.484171
7024,0.0012079811999999995,0.4721105,1.19991206,0.9163319999999997
7025,0.001208941199999999,0.492211,1.19991206,0.19271400000000005
7026,0.0012099011999999994,0.4721105,1.19991206,0.514322
7027,0.001210861199999999,0.4721105,1.191871859,1.961558
7028,0.0012118211999999993,0.492211,1.175791457,3.569598
7029,0.0012127811999999996,0.4721105,1.19991206,4.976633
7030,0.0012137411999999992,0.4721105,1.19991206,5.378643
7031,0.0012147011999999995,0.5123115,1.19991206,4.534422
7032,0.001215661199999999,0.4721105,1.207952261,2.966583
7033,0.0012166211999999994,0.492211,1.19991206,1.2781409999999997
7034,0.001217581199999999,0.492211,1.19991206,0.31331700000000007
7035,0.0012185411999999993,0.5123115,1.19991206,0.3535179999999998
7036,0.0012195011999999996,0.4721105,1.207952261,1.358543
7037,0.0012204611999999991,0.4721105,1.19991206,2.966583
7038,0.0012214211999999995,0.4721105,1.19991206,4.413819
7039,0.001222381199999999,0.492211,1.19991206,5.217839
7040,0.0012233411999999994,0.4721105,1.207952261,5.177638
7041,0.0012243011999999989,0.492211,1.207952261,4.092211
7042,0.0012252611999999993,0.4721105,1.19991206,2.685176
7043,0.0012262211999999996,0.4721105,1.19991206,1.23794
7044,0.0012271811999999991,0.4721105,1.191871859,0.31331700000000007
7045,0.0012281411999999995,0.492211,1.19991206,0.23291499999999976
7046,0.001229101199999999,0.492211,1.19991206,0.9565329999999999
7047,0.0012300611999999994,0.492211,1.19991206,2.242965
7048,0.0012310211999999989,0.492211,1.191871859,3.770603
7049,0.0012319811999999992,0.492211,1.19991206,4.896231
7050,0.0012329411999999996,0.492211,1.191871859,5.378643
7051,0.0012339011999999991,0.4721105,1.191871859,4.936432
7052,0.0012348611999999995,0.5123115,1.191871859,3.770603
7053,0.001235821199999999,0.492211,1.1838316580000001,2.363568
7054,0.0012367811999999994,0.4721105,1.191871859,0.996734
7055,0.0012377411999999997,0.492211,1.1838316580000001,0.2731159999999999
7056,0.0012387011999999992,0.4721105,1.191871859,0.31331700000000007
7057,0.0012396611999999996,0.4721105,1.191871859,1.1977389999999999
7058,0.0012406211999999991,0.492211,1.19991206,2.685176
7059,0.0012415811999999995,0.492211,1.19991206,4.172613
7060,0.001242541199999999,0.5123115,1.207952261,5.137437
7061,0.0012435011999999994,0.492211,1.207952261,5.298241
7062,0.0012444611999999997,0.5123115,1.19991206,4.534422
7063,0.0012454211999999992,0.4721105,1.19991206,3.1273869999999997
7064,0.0012463811999999996,0.492211,1.19991206,1.559548
7065,0.001247341199999999,0.492211,1.207952261,0.4339200000000001
7066,0.0012483011999999995,0.5123115,1.191871859,0.23291499999999976
7067,0.001249261199999999,0.5123115,1.191871859,0.9565329999999999
7068,0.0012502211999999993,0.4721105,1.19991206,2.363568
7069,0.0012511811999999997,0.492211,1.191871859,4.0118089999999995
7070,0.0012521411999999992,0.492211,1.1838316580000001,5.137437
7071,0.0012531011999999996,0.492211,1.191871859,5.258039999999999
7072,0.001254061199999999,0.492211,1.191871859,4.494221
7073,0.0012550211999999995,0.4721105,1.19991206,3.0067839999999997
7074,0.001255981199999999,0.492211,1.191871859,1.358543
7075,0.0012569411999999993,0.492211,1.191871859,0.31331700000000007
7076,0.0012579011999999997,0.492211,1.191871859,0.31331700000000007
7077,0.0012588611999999992,0.492211,1.191871859,1.2781409999999997
7078,0.0012598211999999996,0.492211,1.191871859,2.926382
7079,0.001260781199999999,0.492211,1.19991206,4.45402
7080,0.0012617411999999995,0.492211,1.1838316580000001,5.298241
7081,0.001262701199999999,0.5123115,1.191871859,5.097236
7082,0.0012636611999999993,0.4721105,1.215992462,3.891206
7083,0.0012646211999999997,0.492211,1.19991206,2.242965
7084,0.0012655811999999992,0.492211,1.207952261,0.8359299999999998
7085,0.0012665411999999996,0.492211,1.19991206,0.19271400000000005
7086,0.001267501199999999,0.492211,1.19991206,0.5947239999999998
7087,0.0012684611999999994,0.5123115,1.191871859,1.800754
7088,0.001269421199999999,0.492211,1.19991206,3.4891959999999997
7089,0.0012703811999999993,0.492211,1.191871859,4.775628
7090,0.0012713411999999997,0.492211,1.19991206,5.378643
7091,0.0012723011999999992,0.492211,1.191871859,4.896231
7092,0.0012732611999999996,0.4721105,1.19991206,3.690201
7093,0.001274221199999999,0.4721105,1.1838316580000001,2.082161
7094,0.0012751811999999994,0.492211,1.207952261,0.755528
7095,0.001276141199999999,0.492211,1.191871859,0.19271400000000005
7096,0.0012771011999999993,0.5123115,1.191871859,0.514322
7097,0.0012780611999999997,0.4721105,1.19991206,1.7203519999999999
7098,0.0012790211999999992,0.492211,1.191871859,3.167588
7099,0.0012799811999999995,0.532412,1.191871859,4.534422
7100,0.001280941199999999,0.492211,1.19991206,5.258039999999999
7101,0.0012819011999999994,0.492211,1.207952261,5.217839
7102,0.001282861199999999,0.492211,1.191871859,4.212814
7103,0.0012838211999999993,0.4721105,1.19991206,2.725377
7104,0.0012847811999999997,0.492211,1.19991206,1.318342
7105,0.0012857411999999992,0.5123115,1.19991206,0.31331700000000007
7106,0.0012867011999999995,0.5123115,1.19991206,0.19271400000000005
7107,0.001287661199999999,0.5123115,1.207952261,0.9163319999999997
7108,0.0012886211999999994,0.5123115,1.207952261,2.2831659999999996
7109,0.001289581199999999,0.492211,1.191871859,3.851005
7110,0.0012905411999999993,0.492211,1.1838316580000001,4.936432
7111,0.0012915011999999997,0.5123115,1.19991206,5.378643
7112,0.0012924611999999992,0.492211,1.191871859,4.85603
7113,0.0012934211999999995,0.4721105,1.191871859,3.6097989999999998
7114,0.001294381199999999,0.492211,1.191871859,2.001759
7115,0.0012953411999999994,0.532412,1.1838316580000001,0.7153269999999998
7116,0.001296301199999999,0.492211,1.19991206,0.19271400000000005
7117,0.0012972611999999993,0.492211,1.1838316580000001,0.5545229999999997
7118,0.0012982211999999996,0.5123115,1.191871859,1.559548
7119,0.0012991811999999991,0.492211,1.191871859,3.087186
7120,0.0013001411999999995,0.492211,1.175791457,4.494221
7121,0.001301101199999999,0.492211,1.191871859,5.258039999999999
7122,0.0013020611999999994,0.5123115,1.19991206,5.177638
7123,0.001303021199999999,0.5123115,1.191871859,4.293216
7124,0.0013039811999999993,0.5123115,1.191871859,2.805779
7125,0.0013049411999999996,0.5123115,1.191871859,1.2781409999999997
7126,0.0013059011999999991,0.5123115,1.19991206,0.31331700000000007
7127,0.0013068611999999995,0.492211,1.19991206,0.2731159999999999
7128,0.001307821199999999,0.492211,1.207952261,0.996734
7129,0.0013087811999999994,0.5123115,1.19991206,2.4037689999999996
7130,0.0013097411999999989,0.5123115,1.19991206,3.931407
7131,0.0013107011999999993,0.492211,1.207952261,5.016834
7132,0.0013116611999999996,0.5123115,1.1838316580000001,5.338442
7133,0.0013126211999999991,0.5123115,1.1838316580000001,4.574623
7134,0.0013135811999999995,0.5123115,1.19991206,3.3685929999999997
7135,0.001314541199999999,0.4721105,1.191871859,1.7605529999999998
7136,0.0013155011999999994,0.5123115,1.19991206,0.5545229999999997
7137,0.0013164611999999989,0.5123115,1.19991206,0.19271400000000005
7138,0.0013174211999999992,0.5123115,1.19991206,0.7153269999999998
7139,0.0013183811999999996,0.5123115,1.1838316580000001,2.082161
7140,0.0013193411999999991,0.5123115,1.191871859,3.6097989999999998
7141,0.0013203011999999995,0.5123115,1.191871859,4.775628
7142,0.001321261199999999,0.532412,1.191871859,5.378643
7143,0.0013222211999999994,0.5123115,1.175791457,4.896231
7144,0.0013231811999999989,0.5123115,1.1838316580000001,3.6097989999999998
7145,0.0013241411999999992,0.492211,1.191871859,2.04196
7146,0.0013251011999999996,0.492211,1.19991206,0.7153269999999998
7147,0.001326061199999999,0.5123115,1.19991206,0.11231199999999975
7148,0.0013270211999999995,0.5123115,1.207952261,0.634925
7149,0.001327981199999999,0.492211,1.207952261,1.840955
7150,0.0013289411999999994,0.492211,1.19991206,3.408794
7151,0.0013299011999999997,0.5123115,1.19991206,4.695226
7152,0.0013308611999999992,0.532412,1.19991206,5.338442
7153,0.0013318211999999996,0.532412,1.19991206,5.016834
7154,0.001332781199999999,0.5123115,1.191871859,3.851005
7155,0.0013337411999999995,0.5123115,1.191871859,2.202764
7156,0.001334701199999999,0.5123115,1.1838316580000001,0.876131
7157,0.0013356611999999993,0.492211,1.1838316580000001,0.1525129999999999
7158,0.0013366211999999997,0.5123115,1.1838316580000001,0.3535179999999998
7159,0.0013375811999999992,0.492211,1.191871859,1.438945
7160,0.0013385411999999996,0.5123115,1.175791457,2.926382
7161,0.001339501199999999,0.5123115,1.191871859,4.373618
7162,0.0013404611999999995,0.5123115,1.1838316580000001,5.217839
7163,0.001341421199999999,0.5123115,1.191871859,5.298241
7164,0.0013423811999999993,0.5123115,1.191871859,4.373618
7165,0.0013433411999999997,0.492211,1.191871859,3.087186
7166,0.0013443011999999992,0.5123115,1.191871859,1.599749
7167,0.0013452611999999996,0.5123115,1.19991206,0.4741209999999998
7168,0.001346221199999999,0.5123115,1.191871859,0.1525129999999999
7169,0.0013471811999999994,0.492211,1.191871859,0.634925
7170,0.001348141199999999,0.532412,1.19991206,1.7203519999999999
7171,0.0013491011999999993,0.5123115,1.191871859,3.207789
7172,0.0013500611999999997,0.532412,1.191871859,4.494221
7173,0.0013510211999999992,0.5123115,1.191871859,5.258039999999999
7174,0.0013519811999999996,0.5123115,1.19991206,5.258039999999999
7175,0.001352941199999999,0.492211,1.191871859,4.45402
7176,0.0013539011999999994,0.5123115,1.19991206,2.8861809999999997
7177,0.001354861199999999,0.5123115,1.191871859,1.7203519999999999
7178,0.0013558211999999993,0.5123115,1.191871859,0.5947239999999998
7179,0.0013567811999999997,0.5123115,1.1838316580000001,0.19271400000000005
7180,0.0013577411999999992,0.532412,1.1838316580000001,0.6751259999999997
7181,0.0013587011999999996,0.532412,1.1838316580000001,1.840955
7182,0.001359661199999999,0.532412,1.191871859,3.408794
7183,0.0013606211999999994,0.492211,1.1838316580000001,4.735427
7184,0.001361581199999999,0.532412,1.191871859,5.338442
7185,0.0013625411999999993,0.532412,1.1838316580000001,4.655025
7186,0.0013635011999999997,0.532412,1.1838316580000001,3.891206
7187,0.0013644611999999992,0.5123115,1.191871859,2.202764
7188,0.0013654211999999995,0.532412,1.1838316580000001,0.755528
7189,0.001366381199999999,0.492211,1.191871859,0.1525129999999999
7190,0.0013673411999999994,0.532412,1.175791457,0.5545229999999997
7191,0.001368301199999999,0.532412,1.207952261,2.4037689999999996
7192,0.0013692611999999993,0.492211,1.19991206,3.65
7193,0.0013702211999999997,0.5123115,1.191871859,4.936432
7194,0.0013711811999999992,0.5123115,1.19991206,5.338442
7195,0.0013721411999999995,0.532412,1.191871859,4.695226
7196,0.001373101199999999,0.492211,1.19991206,3.207789
7197,0.0013740611999999994,0.5123115,1.19991206,1.559548
7198,0.001375021199999999,0.532412,1.19991206,0.4339200000000001
7199,0.0013759811999999993,0.5525125000000001,1.191871859,0.23291499999999976
7200,0.0013769411999999997,0.5123115,1.19991206,1.2781409999999997
7201,0.0013779011999999992,0.5123115,1.1838316580000001,2.484171
7202,0.0013788611999999995,0.5123115,1.1838316580000001,4.172613
7203,0.001379821199999999,0.5123115,1.1838316580000001,5.177638
7204,0.0013807811999999994,0.532412,1.1838316580000001,5.258039999999999
7205,0.001381741199999999,0.532412,1.175791457,4.373618
7206,0.0013827011999999993,0.5123115,1.175791457,2.7655779999999996
7207,0.0013836611999999996,0.5525125000000001,1.191871859,1.23794
7208,0.0013846211999999991,0.532412,1.191871859,0.3535179999999998
7209,0.0013855811999999995,0.532412,1.1838316580000001,0.23291499999999976
7210,0.001386541199999999,0.532412,1.191871859,0.876131
7211,0.0013875011999999994,0.5123115,1.191871859,2.242965
7212,0.0013884611999999989,0.532412,1.191871859,3.931407
7213,0.0013894211999999993,0.5123115,1.1838316580000001,4.896231
7214,0.0013903811999999996,0.5525125000000001,1.191871859,5.338442
7215,0.0013913411999999991,0.5525125000000001,1.1838316580000001,4.85603
7216,0.0013923011999999995,0.5123115,1.191871859,3.891206
7217,0.001393261199999999,0.532412,1.19991206,2.4037689999999996
7218,0.0013942211999999994,0.5123115,1.191871859,1.0369349999999997
7219,0.0013951811999999989,0.532412,1.191871859,0.23291499999999976
7220,0.0013961411999999992,0.5123115,1.19991206,0.31331700000000007
7221,0.0013971011999999996,0.5123115,1.191871859,0.7153269999999998
7222,0.0013980611999999991,0.532412,1.191871859,2.564573
7223,0.0013990211999999995,0.5525125000000001,1.191871859,3.931407
7224,0.001399981199999999,0.532412,1.19991206,4.976633
7225,0.0014009411999999994,0.5525125000000001,1.191871859,5.378643
7226,0.0014019011999999989,0.532412,1.191871859,4.85603
7227,0.0014028611999999992,0.532412,1.1838316580000001,4.212814
7228,0.0014038211999999996,0.5525125000000001,1.1838316580000001,2.082161
7229,0.0014047811999999991,0.532412,1.1838316580000001,0.6751259999999997
7230,0.0014057411999999995,0.532412,1.191871859,0.11231199999999975
7231,0.001406701199999999,0.5123115,1.1838316580000001,0.3535179999999998
7232,0.0014076611999999994,0.532412,1.191871859,1.559548
7233,0.0014086211999999989,0.532412,1.175791457,3.167588
7234,0.0014095811999999992,0.5123115,1.1838316580000001,4.614824
7235,0.0014105411999999996,0.572613,1.1838316580000001,5.338442
7236,0.001411501199999999,0.5525125000000001,1.191871859,5.258039999999999
7237,0.0014124611999999995,0.5123115,1.191871859,4.0118089999999995
7238,0.001413421199999999,0.5123115,1.191871859,2.323367
7239,0.0014143811999999993,0.532412,1.19991206,0.8359299999999998
7240,0.0014153411999999997,0.532412,1.191871859,0.19271400000000005
7241,0.0014163011999999992,0.5123115,1.191871859,0.4339200000000001
7242,0.0014172611999999996,0.5525125000000001,1.191871859,1.6399499999999998
7243,0.001418221199999999,0.532412,1.19991206,3.2479899999999997
7244,0.0014191811999999995,0.532412,1.1838316580000001,4.735427
7245,0.001420141199999999,0.532412,1.19991206,5.298241
7246,0.0014211011999999993,0.5525125000000001,1.191871859,5.016834
7247,0.0014220611999999997,0.5123115,1.1838316580000001,3.690201
7248,0.0014230211999999992,0.532412,1.1838316580000001,1.961558
7249,0.0014239811999999996,0.5123115,1.1838316580000001,0.6751259999999997
7250,0.001424941199999999,0.532412,1.175791457,0.1525129999999999
7251,0.0014259011999999995,0.532412,1.175791457,0.5545229999999997
7252,0.001426861199999999,0.532412,1.1838316580000001,1.8811559999999998
7253,0.0014278211999999993,0.532412,1.1838316580000001,3.569598
7254,0.0014287811999999997,0.5525125000000001,1.191871859,4.896231
7255,0.0014297411999999992,0.5525125000000001,1.1838316580000001,5.338442
7256,0.0014307011999999996,0.5123115,1.191871859,4.775628
7257,0.001431661199999999,0.5525125000000001,1.191871859,3.6097989999999998
7258,0.0014326211999999994,0.5525125000000001,1.19991206,2.001759
7259,0.001433581199999999,0.5123115,1.19991206,0.7957289999999997
7260,0.0014345411999999993,0.532412,1.1838316580000001,0.19271400000000005
7261,0.0014355011999999997,0.532412,1.191871859,0.514322
7262,0.0014364611999999992,0.532412,1.191871859,1.438945
7263,0.0014374211999999996,0.572613,1.175791457,3.0067839999999997
7264,0.001438381199999999,0.532412,1.191871859,4.373618
7265,0.0014393411999999994,0.532412,1.191871859,5.217839
7266,0.001440301199999999,0.532412,1.19991206,5.298241
7267,0.0014412611999999993,0.5123115,1.19991206,4.413819
7268,0.0014422211999999997,0.5525125000000001,1.191871859,3.288191
7269,0.0014431811999999992,0.532412,1.1838316580000001,1.800754
7270,0.0014441411999999995,0.5525125000000001,1.191871859,0.6751259999999997
7271,0.001445101199999999,0.532412,1.1838316580000001,0.1525129999999999
7272,0.0014460611999999994,0.532412,1.1838316580000001,0.4339200000000001
7273,0.001447021199999999,0.5525125000000001,1.167751256,1.479146
7274,0.0014479811999999993,0.572613,1.175791457,2.926382
7275,0.0014489411999999997,0.532412,1.175791457,4.293216
7276,0.0014499011999999992,0.5525125000000001,1.1838316580000001,5.258039999999999
7277,0.0014508611999999995,0.532412,1.1838316580000001,5.298241
7278,0.001451821199999999,0.532412,1.1838316580000001,4.574623
7279,0.0014527811999999994,0.5525125000000001,1.191871859,3.167588
7280,0.001453741199999999,0.532412,1.1838316580000001,1.7203519999999999
7281,0.0014547011999999993,0.5525125000000001,1.191871859,0.5545229999999997
7282,0.0014556611999999997,0.572613,1.1838316580000001,0.23291499999999976
7283,0.0014566211999999992,0.5525125000000001,1.191871859,0.634925
7284,0.0014575811999999995,0.532412,1.1838316580000001,1.8811559999999998
7285,0.001458541199999999,0.532412,1.191871859,3.408794
7286,0.0014595011999999994,0.5525125000000001,1.175791457,4.695226
7287,0.001460461199999999,0.532412,1.191871859,5.338442
7288,0.0014614211999999993,0.5525125000000001,1.191871859,5.057035
7289,0.0014623811999999996,0.5525125000000001,1.191871859,3.931407
7290,0.0014633411999999991,0.5525125000000001,1.1838316580000001,2.323367
7291,0.0014643011999999995,0.532412,1.1838316580000001,0.6751259999999997
7292,0.001465261199999999,0.5525125000000001,1.1838316580000001,0.2731159999999999
7293,0.0014662211999999994,0.572613,1.1838316580000001,0.3535179999999998
7294,0.001467181199999999,0.532412,1.175791457,1.3987439999999998
7295,0.0014681411999999993,0.532412,1.1838316580000001,2.84598
7296,0.0014691011999999996,0.532412,1.1838316580000001,4.293216
7297,0.0014700611999999991,0.532412,1.175791457,5.217839
7298,0.0014710211999999995,0.5525125000000001,1.175791457,5.217839
7299,0.001471981199999999,0.532412,1.1838316580000001,4.413819
7300,0.0014729411999999994,0.532412,1.1838316580000001,3.046985
7301,0.0014739011999999989,0.5525125000000001,1.1838316580000001,1.5193469999999998
7302,0.0014748611999999993,0.572613,1.1838316580000001,0.4339200000000001
7303,0.0014758211999999996,0.5525125000000001,1.1838316580000001,0.19271400000000005
7304,0.0014767811999999991,0.5525125000000001,1.1838316580000001,0.755528
7305,0.0014777411999999995,0.532412,1.175791457,2.082161
7306,0.001478701199999999,0.5525125000000001,1.1838316580000001,3.690201
7307,0.0014796611999999994,0.5525125000000001,1.191871859,4.735427
7308,0.0014806211999999989,0.532412,1.1838316580000001,5.338442
7309,0.0014815811999999992,0.5525125000000001,1.191871859,5.057035
7310,0.0014825411999999996,0.572613,1.1838316580000001,3.971608
7311,0.0014835011999999991,0.572613,1.1838316580000001,2.484171
7312,0.0014844611999999995,0.5525125000000001,1.1838316580000001,1.3987439999999998
7313,0.001485421199999999,0.532412,1.175791457,0.19271400000000005
7314,0.0014863811999999994,0.5525125000000001,1.1838316580000001,0.31331700000000007
7315,0.0014873411999999989,0.5525125000000001,1.19991206,1.1575379999999997
7316,0.0014883011999999992,0.5525125000000001,1.191871859,2.604774
7317,0.0014892611999999996,0.572613,1.19991206,4.092211
7318,0.001490221199999999,0.5525125000000001,1.175791457,5.057035
7319,0.0014911811999999995,0.5525125000000001,1.1838316580000001,5.338442
7320,0.001492141199999999,0.5525125000000001,1.1838316580000001,4.976633
7321,0.0014931011999999994,0.532412,1.175791457,3.207789
7322,0.0014940611999999989,0.5525125000000001,1.175791457,1.7605529999999998
7323,0.0014950211999999992,0.5525125000000001,1.175791457,0.7153269999999998
7324,0.0014959811999999996,0.5525125000000001,1.1838316580000001,0.19271400000000005
7325,0.001496941199999999,0.5525125000000001,1.191871859,0.5545229999999997
7326,0.0014979011999999995,0.532412,1.1838316580000001,1.680151
7327,0.001498861199999999,0.5525125000000001,1.1838316580000001,3.2479899999999997
7328,0.0014998211999999993,0.532412,1.19991206,4.0118089999999995
7329,0.0015007811999999997,0.532412,1.191871859,5.298241
7330,0.0015017411999999992,0.5525125000000001,1.191871859,5.057035
7331,0.0015027011999999996,0.5525125000000001,1.1838316580000001,4.05201
7332,0.001503661199999999,0.5525125000000001,1.191871859,2.6449749999999996
7333,0.0015046211999999995,0.5525125000000001,1.191871859,1.1977389999999999
7334,0.001505581199999999,0.5525125000000001,1.19991206,0.31331700000000007
7335,0.0015065411999999993,0.532412,1.191871859,0.23291499999999976
7336,0.0015075011999999997,0.5525125000000001,1.1838316580000001,0.996734
7337,0.0015084611999999992,0.572613,1.191871859,2.363568
7338,0.0015094211999999996,0.5525125000000001,1.1838316580000001,3.65
7339,0.001510381199999999,0.572613,1.1838316580000001,4.896231
7340,0.0015113411999999994,0.532412,1.1838316580000001,5.378643
7341,0.001512301199999999,0.5525125000000001,1.191871859,4.896231
7342,0.0015132611999999993,0.572613,1.175791457,3.690201
7343,0.0015142211999999997,0.5525125000000001,1.175791457,2.6449749999999996
7344,0.0015151811999999992,0.572613,1.167751256,0.9565329999999999
7345,0.0015161411999999996,0.5525125000000001,1.175791457,0.19271400000000005
7346,0.001517101199999999,0.532412,1.175791457,0.39371899999999993
7347,0.0015180611999999994,0.5525125000000001,1.1838316580000001,1.2781409999999997
7348,0.001519021199999999,0.5525125000000001,1.167751256,2.725377
7349,0.0015199811999999993,0.572613,1.167751256,4.172613
7350,0.0015209411999999997,0.572613,1.1838316580000001,5.177638
7351,0.0015219011999999992,0.5525125000000001,1.1838316580000001,5.258039999999999
7352,0.0015228611999999996,0.5525125000000001,1.191871859,4.494221
7353,0.001523821199999999,0.5525125000000001,1.191871859,3.0067839999999997
7354,0.0015247811999999994,0.572613,1.19991206,1.599749
7355,0.001525741199999999,0.572613,1.191871859,0.39371899999999993
7356,0.0015267011999999993,0.5525125000000001,1.19991206,0.23291499999999976
7357,0.0015276611999999997,0.572613,1.191871859,0.9565329999999999
7358,0.0015286211999999992,0.5525125000000001,1.191871859,2.4037689999999996
7359,0.0015295811999999995,0.5525125000000001,1.191871859,4.05201
7360,0.001530541199999999,0.5525125000000001,1.175791457,5.137437
7361,0.0015315011999999994,0.572613,1.191871859,5.338442
7362,0.001532461199999999,0.5525125000000001,1.1838316580000001,4.534422
7363,0.0015334211999999993,0.572613,1.191871859,3.087186
7364,0.0015343811999999997,0.5525125000000001,1.1838316580000001,1.5193469999999998
7365,0.0015353411999999992,0.5525125000000001,1.175791457,0.4339200000000001
7366,0.0015363011999999995,0.5525125000000001,1.1838316580000001,0.23291499999999976
7367,0.001537261199999999,0.5525125000000001,1.167751256,0.996734
7368,0.0015382211999999994,0.572613,1.1838316580000001,2.7655779999999996
7369,0.001539181199999999,0.5525125000000001,1.175791457,3.891206
7370,0.0015401411999999993,0.572613,1.175791457,5.097236
7371,0.0015411011999999997,0.572613,1.1838316580000001,5.338442
7372,0.0015420611999999992,0.5525125000000001,1.1838316580000001,4.655025
7373,0.0015430211999999995,0.532412,1.1838316580000001,3.408794
7374,0.001543981199999999,0.5525125000000001,1.191871859,1.479146
7375,0.0015449411999999994,0.5927135,1.191871859,0.6751259999999997
7376,0.001545901199999999,0.5525125000000001,1.191871859,0.1525129999999999
7377,0.0015468611999999993,0.532412,1.191871859,0.514322
7378,0.0015478211999999996,0.572613,1.1838316580000001,1.6399499999999998
7379,0.0015487811999999991,0.572613,1.1838316580000001,3.1273869999999997
7380,0.0015497411999999995,0.5525125000000001,1.1838316580000001,4.775628
7381,0.001550701199999999,0.572613,1.191871859,5.258039999999999
7382,0.0015516611999999994,0.5525125000000001,1.191871859,5.217839
7383,0.0015526211999999989,0.572613,1.191871859,4.05201
7384,0.0015535811999999993,0.5525125000000001,1.191871859,3.207789
7385,0.0015545411999999996,0.5525125000000001,1.1838316580000001,1.680151
7386,0.0015555011999999991,0.572613,1.1838316580000001,0.634925
7387,0.0015564611999999995,0.572613,1.191871859,0.1525129999999999
7388,0.001557421199999999,0.572613,1.1838316580000001,0.514322
7389,0.0015583811999999994,0.5525125000000001,1.175791457,2.04196
7390,0.0015593411999999989,0.5525125000000001,1.1838316580000001,3.087186
7391,0.0015603011999999992,0.5927135,1.1838316580000001,4.2530149999999995
7392,0.0015612611999999996,0.5927135,1.1838316580000001,5.217839
7393,0.0015622211999999991,0.5525125000000001,1.167751256,5.258039999999999
7394,0.0015631811999999995,0.572613,1.1838316580000001,4.534422
7395,0.001564141199999999,0.572613,1.1838316580000001,3.2479899999999997
7396,0.0015651011999999994,0.572613,1.175791457,1.7605529999999998
7397,0.0015660611999999989,0.572613,1.175791457,0.6751259999999997
7398,0.0015670211999999992,0.572613,1.175791457,0.19271400000000005
7399,0.0015679811999999996,0.5525125000000001,1.191871859,0.514322
7400,0.0015689411999999991,0.5525125000000001,1.1838316580000001,1.6399499999999998
7401,0.0015699011999999995,0.5927135,1.191871859,3.087186
7402,0.001570861199999999,0.572613,1.191871859,4.534422
7403,0.0015718211999999994,0.572613,1.1838316580000001,5.298241
7404,0.0015727811999999989,0.572613,1.1838316580000001,5.057035
7405,0.0015737411999999992,0.5927135,1.191871859,4.05201
7406,0.0015747011999999996,0.5525125000000001,1.191871859,2.6449749999999996
7407,0.001575661199999999,0.5525125000000001,1.1838316580000001,1.1977389999999999
7408,0.0015766211999999995,0.572613,1.191871859,0.23291499999999976
7409,0.001577581199999999,0.5927135,1.1838316580000001,0.2731159999999999
7410,0.0015785411999999993,0.5525125000000001,1.1838316580000001,1.318342
7411,0.0015795011999999988,0.5927135,1.1838316580000001,2.7655779999999996
7412,0.0015804611999999992,0.572613,1.175791457,4.293216
7413,0.0015814211999999996,0.572613,1.1838316580000001,5.258039999999999
7414,0.001582381199999999,0.572613,1.175791457,5.258039999999999
7415,0.0015833411999999995,0.5927135,1.175791457,4.373618
7416,0.001584301199999999,0.572613,1.175791457,2.7655779999999996
7417,0.0015852611999999993,0.5525125000000001,1.175791457,1.2781409999999997
7418,0.0015862211999999988,0.572613,1.175791457,0.31331700000000007
7419,0.0015871811999999992,0.572613,1.175791457,0.19271400000000005
7420,0.0015881411999999996,0.572613,1.175791457,1.1575379999999997
7421,0.001589101199999999,0.5927135,1.175791457,2.484171
7422,0.0015900611999999995,0.5927135,1.1838316580000001,3.971608
7423,0.001591021199999999,0.5927135,1.1838316580000001,5.097236
7424,0.0015919811999999993,0.572613,1.191871859,5.298241
7425,0.0015929411999999997,0.572613,1.191871859,4.735427
7426,0.0015939011999999992,0.572613,1.191871859,3.4891959999999997
7427,0.0015948611999999996,0.5525125000000001,1.191871859,2.001759
7428,0.001595821199999999,0.5927135,1.175791457,0.8359299999999998
7429,0.0015967811999999994,0.5927135,1.1838316580000001,0.23291499999999976
7430,0.001597741199999999,0.5927135,1.1838316580000001,0.3535179999999998
7431,0.0015987011999999993,0.572613,1.1838316580000001,1.1575379999999997
7432,0.0015996611999999997,0.5525125000000001,1.1838316580000001,2.5243719999999996
7433,0.0016006211999999992,0.572613,1.1838316580000001,3.851005
7434,0.0016015811999999996,0.572613,1.175791457,4.494221
7435,0.001602541199999999,0.5927135,1.175791457,5.338442
7436,0.0016035011999999994,0.572613,1.1838316580000001,4.976633
7437,0.001604461199999999,0.5525125000000001,1.175791457,4.0118089999999995
7438,0.0016054211999999993,0.5525125000000001,1.167751256,2.685176
7439,0.0016063811999999997,0.5927135,1.167751256,1.358543
7440,0.0016073411999999992,0.5927135,1.175791457,0.4741209999999998
7441,0.0016083011999999995,0.5525125000000001,1.167751256,0.07211100000000004
7442,0.001609261199999999,0.572613,1.175791457,0.634925
7443,0.0016102211999999994,0.572613,1.1838316580000001,1.7605529999999998
7444,0.001611181199999999,0.572613,1.167751256,3.087186
7445,0.0016121411999999993,0.5927135,1.1838316580000001,4.45402
7446,0.0016131011999999997,0.5927135,1.175791457,5.258039999999999
7447,0.0016140611999999992,0.5927135,1.191871859,5.298241
7448,0.0016150211999999995,0.5927135,1.191871859,4.373618
7449,0.001615981199999999,0.5927135,1.1838316580000001,3.087186
7450,0.0016169411999999994,0.572613,1.1838316580000001,1.559548
7451,0.001617901199999999,0.572613,1.1838316580000001,0.4339200000000001
7452,0.0016188611999999993,0.5927135,1.1838316580000001,0.19271400000000005
7453,0.0016198211999999997,0.5927135,1.191871859,0.876131
7454,0.0016207811999999992,0.572613,1.191871859,2.2831659999999996
7455,0.0016217411999999995,0.6128140000000001,1.1838316580000001,3.891206
7456,0.001622701199999999,0.572613,1.175791457,5.097236
7457,0.0016236611999999994,0.572613,1.175791457,5.378643
7458,0.001624621199999999,0.5525125000000001,1.1838316580000001,4.574623
7459,0.0016255811999999993,0.5927135,1.1838316580000001,3.087186
7460,0.0016265411999999996,0.5927135,1.175791457,1.599749
7461,0.0016275011999999991,0.572613,1.175791457,0.39371899999999993
7462,0.0016284611999999995,0.572613,1.1838316580000001,0.2731159999999999
7463,0.001629421199999999,0.5927135,1.175791457,0.996734
7464,0.0016303811999999994,0.5927135,1.167751256,2.484171
7465,0.001631341199999999,0.5927135,1.175791457,4.092211
7466,0.0016323011999999993,0.572613,1.175791457,5.177638
7467,0.0016332611999999996,0.572613,1.1838316580000001,5.298241
7468,0.0016342211999999991,0.5927135,1.191871859,4.45402
7469,0.0016351811999999995,0.5927135,1.191871859,3.1273869999999997
7470,0.001636141199999999,0.5927135,1.175791457,1.559548
7471,0.0016371011999999994,0.5927135,1.175791457,0.4339200000000001
7472,0.0016380611999999989,0.6128140000000001,1.191871859,0.19271400000000005
7473,0.0016390211999999993,0.5927135,1.191871859,0.7153269999999998
7474,0.0016399811999999996,0.5927135,1.1838316580000001,2.001759
7475,0.0016409411999999991,0.5927135,1.1838316580000001,3.529397
7476,0.0016419011999999995,0.572613,1.191871859,4.775628
7477,0.001642861199999999,0.5927135,1.1838316580000001,5.338442
7478,0.0016438211999999994,0.572613,1.167751256,5.137437
7479,0.0016447811999999989,0.5927135,1.175791457,4.1324119999999995
7480,0.0016457411999999992,0.572613,1.1838316580000001,2.685176
7481,0.0016467011999999996,0.5927135,1.191871859,1.318342
7482,0.0016476611999999991,0.5927135,1.175791457,0.31331700000000007
7483,0.0016486211999999995,0.572613,1.175791457,0.19271400000000005
7484,0.001649581199999999,0.5927135,1.175791457,0.8359299999999998
7485,0.0016505411999999994,0.5927135,1.175791457,2.122362
7486,0.0016515011999999989,0.5927135,1.175791457,3.569598
7487,0.0016524611999999992,0.5927135,1.1838316580000001,4.775628
7488,0.0016534211999999996,0.572613,1.1838316580000001,5.338442
7489,0.001654381199999999,0.5927135,1.1838316580000001,5.097236
7490,0.0016553411999999995,0.6128140000000001,1.167751256,4.0118089999999995
7491,0.001656301199999999,0.5927135,1.167751256,2.5243719999999996
7492,0.0016572611999999994,0.5927135,1.1838316580000001,1.1575379999999997
7493,0.0016582211999999989,0.5927135,1.1838316580000001,0.2731159999999999
7494,0.0016591811999999992,0.5927135,1.1838316580000001,0.31331700000000007
7495,0.0016601411999999996,0.572613,1.191871859,1.0771359999999999
7496,0.001661101199999999,0.5927135,1.191871859,2.4037689999999996
7497,0.0016620611999999995,0.572613,1.191871859,3.971608
7498,0.001663021199999999,0.5927135,1.1838316580000001,5.097236
7499,0.0016639811999999993,0.5927135,1.1838316580000001,5.378643
7500,0.0016649411999999988,0.6128140000000001,1.1838316580000001,4.655025
7501,0.0016659011999999992,0.5927135,1.167751256,3.448995
7502,0.0016668611999999996,0.572613,1.175791457,1.800754
7503,0.001667821199999999,0.6128140000000001,1.175791457,0.514322
7504,0.0016687811999999995,0.5927135,1.175791457,0.1525129999999999
7505,0.001669741199999999,0.6128140000000001,1.1838316580000001,0.7153269999999998
7506,0.0016707011999999993,0.5927135,1.1838316580000001,2.082161
7507,0.0016716611999999988,0.6128140000000001,1.175791457,3.6097989999999998
7508,0.0016726211999999992,0.6329145,1.1838316580000001,4.936432
7509,0.0016735811999999996,0.5927135,1.1838316580000001,5.378643
7510,0.001674541199999999,0.5927135,1.191871859,4.775628
7511,0.0016755011999999994,0.5927135,1.1838316580000001,3.4891959999999997
7512,0.001676461199999999,0.5927135,1.175791457,1.961558
7513,0.0016774211999999993,0.572613,1.175791457,0.634925
7514,0.0016783811999999997,0.572613,1.175791457,0.1525129999999999
7515,0.0016793411999999992,0.6128140000000001,1.175791457,0.6751259999999997
7516,0.0016803011999999996,0.6128140000000001,1.1838316580000001,1.961558
7517,0.001681261199999999,0.6128140000000001,1.19991206,3.569598
7518,0.0016822211999999994,0.6128140000000001,1.175791457,4.85603
7519,0.001683181199999999,0.6329145,1.1838316580000001,5.338442
7520,0.0016841411999999993,0.572613,1.1838316580000001,4.976633
7521,0.0016851011999999997,0.5927135,1.191871859,3.7304019999999998
7522,0.0016860611999999992,0.5927135,1.191871859,2.082161
7523,0.0016870211999999996,0.5927135,1.175791457,0.7957289999999997
7524,0.001687981199999999,0.572613,1.191871859,0.19271400000000005
7525,0.0016889411999999994,0.6128140000000001,1.175791457,0.4741209999999998
7526,0.001689901199999999,0.6128140000000001,1.167751256,1.599749
7527,0.0016908611999999993,0.6128140000000001,1.175791457,3.046985
7528,0.0016918211999999997,0.6128140000000001,1.175791457,4.494221
7529,0.0016927811999999992,0.6128140000000001,1.175791457,5.258039999999999
7530,0.0016937411999999995,0.5927135,1.1838316580000001,5.258039999999999
7531,0.001694701199999999,0.5927135,1.175791457,4.333417
7532,0.0016956611999999994,0.5927135,1.175791457,2.966583
7533,0.001696621199999999,0.6128140000000001,1.175791457,1.599749
7534,0.0016975811999999993,0.6329145,1.175791457,0.4741209999999998
7535,0.0016985411999999997,0.5927135,1.1838316580000001,0.1525129999999999
7536,0.0016995011999999992,0.6329145,1.175791457,0.755528
7537,0.0017004611999999995,0.5927135,1.1838316580000001,1.961558
7538,0.001701421199999999,0.6128140000000001,1.175791457,3.4891959999999997
7539,0.0017023811999999994,0.5927135,1.1838316580000001,4.735427
7540,0.001703341199999999,0.5927135,1.1838316580000001,5.298241
7541,0.0017043011999999993,0.5927135,1.175791457,5.137437
7542,0.0017052611999999997,0.6128140000000001,1.175791457,4.2530149999999995
7543,0.0017062211999999992,0.6329145,1.191871859,2.7655779999999996
7544,0.0017071811999999995,0.6128140000000001,1.175791457,1.318342
7545,0.001708141199999999,0.6128140000000001,1.1838316580000001,0.39371899999999993
7546,0.0017091011999999994,0.572613,1.191871859,0.23291499999999976
7547,0.001710061199999999,0.6128140000000001,1.175791457,0.876131
7548,0.0017110211999999993,0.5927135,1.1838316580000001,2.122362
7549,0.0017119811999999996,0.5927135,1.175791457,3.569598
7550,0.0017129411999999991,0.6128140000000001,1.175791457,4.815829
7551,0.0017139011999999995,0.6128140000000001,1.167751256,5.378643
7552,0.001714861199999999,0.6128140000000001,1.1838316580000001,5.057035
7553,0.0017158211999999994,0.6329145,1.175791457,3.891206
7554,0.0017167811999999989,0.6128140000000001,1.1838316580000001,2.363568
7555,0.0017177411999999993,0.6128140000000001,1.1838316580000001,0.996734
7556,0.0017187011999999996,0.5927135,1.175791457,0.23291499999999976
7557,0.0017196611999999991,0.6128140000000001,1.1838316580000001,0.31331700000000007
7558,0.0017206211999999995,0.6128140000000001,1.1838316580000001,1.23794
7559,0.001721581199999999,0.6128140000000001,1.167751256,2.725377
7560,0.0017225411999999994,0.5927135,1.1838316580000001,4.172613
7561,0.0017235011999999989,0.6128140000000001,1.1838316580000001,5.217839
7562,0.0017244611999999993,0.572613,1.175791457,5.338442
7563,0.0017254211999999996,0.6128140000000001,1.1838316580000001,4.574623
7564,0.0017263811999999991,0.6128140000000001,1.1838316580000001,3.167588
7565,0.0017273411999999995,0.6128140000000001,1.1838316580000001,1.7203519999999999
7566,0.001728301199999999,0.6128140000000001,1.1838316580000001,0.5545229999999997
7567,0.0017292611999999994,0.6128140000000001,1.1838316580000001,0.11231199999999975
7568,0.0017302211999999989,0.6128140000000001,1.175791457,0.6751259999999997
7569,0.0017311811999999992,0.6128140000000001,1.167751256,1.961558
7570,0.0017321411999999996,0.5927135,1.1838316580000001,3.448995
7571,0.0017331011999999991,0.5927135,1.1838316580000001,4.735427
7572,0.0017340611999999995,0.6128140000000001,1.167751256,5.338442
7573,0.001735021199999999,0.6128140000000001,1.1838316580000001,5.057035
7574,0.0017359811999999994,0.6128140000000001,1.175791457,4.0118089999999995
7575,0.0017369411999999989,0.6329145,1.175791457,2.5243719999999996
7576,0.0017379011999999992,0.6128140000000001,1.167751256,1.117337
7577,0.0017388611999999996,0.6128140000000001,1.1838316580000001,0.23291499999999976
7578,0.001739821199999999,0.6329145,1.175791457,0.23291499999999976
7579,0.0017407811999999995,0.6128140000000001,1.175791457,1.117337
7580,0.001741741199999999,0.5927135,1.175791457,2.44397
7581,0.0017427011999999993,0.6128140000000001,1.175791457,3.931407
7582,0.0017436611999999988,0.6128140000000001,1.1838316580000001,5.057035
7583,0.0017446211999999992,0.5927135,1.1838316580000001,5.338442
7584,0.0017455811999999996,0.6128140000000001,1.1838316580000001,4.896231
7585,0.001746541199999999,0.6128140000000001,1.175791457,3.6097989999999998
7586,0.0017475011999999995,0.6329145,1.1838316580000001,2.1625629999999996
7587,0.001748461199999999,0.6128140000000001,1.1838316580000001,0.876131
7588,0.0017494211999999993,0.6128140000000001,1.175791457,0.19271400000000005
7589,0.0017503811999999988,0.572613,1.1838316580000001,0.3535179999999998
7590,0.0017513411999999992,0.6128140000000001,1.175791457,1.23794
7591,0.0017523011999999996,0.5927135,1.191871859,2.685176
7592,0.001753261199999999,0.6128140000000001,1.175791457,4.092211
7593,0.0017542211999999995,0.6329145,1.175791457,5.097236
7594,0.001755181199999999,0.6128140000000001,1.1838316580000001,5.338442
7595,0.0017561411999999993,0.6128140000000001,1.1838316580000001,4.85603
7596,0.0017571011999999988,0.6329145,1.175791457,3.690201
7597,0.0017580611999999992,0.6329145,1.167751256,2.202764
7598,0.0017590211999999996,0.6128140000000001,1.167751256,0.9565329999999999
7599,0.001759981199999999,0.5927135,1.175791457,0.2731159999999999
7600,0.0017609411999999994,0.5927135,1.1838316580000001,0.31331700000000007
7601,0.001761901199999999,0.6128140000000001,1.1838316580000001,1.117337
7602,0.0017628611999999993,0.6128140000000001,1.175791457,2.484171
7603,0.0017638211999999997,0.6329145,1.1838316580000001,3.931407
7604,0.0017647811999999992,0.5927135,1.191871859,4.976633
7605,0.0017657411999999996,0.6329145,1.175791457,5.418844
7606,0.001766701199999999,0.6128140000000001,1.175791457,4.936432
7607,0.0017676611999999994,0.5927135,1.1838316580000001,3.770603
7608,0.001768621199999999,0.6329145,1.175791457,2.242965
7609,0.0017695811999999993,0.6329145,1.191871859,0.9565329999999999
7610,0.0017705411999999997,0.5927135,1.1838316580000001,0.2731159999999999
7611,0.0017715011999999992,0.6329145,1.175791457,0.2731159999999999
7612,0.0017724611999999995,0.6128140000000001,1.1838316580000001,1.2781409999999997
7613,0.001773421199999999,0.6128140000000001,1.191871859,2.685176
7614,0.0017743811999999994,0.6128140000000001,1.167751256,4.172613
7615,0.001775341199999999,0.6128140000000001,1.175791457,5.177638
7616,0.0017763011999999993,0.653015,1.1838316580000001,5.298241
7617,0.0017772611999999997,0.6128140000000001,1.1838316580000001,4.574623
7618,0.0017782211999999992,0.653015,1.1838316580000001,3.207789
7619,0.0017791811999999995,0.6128140000000001,1.1838316580000001,1.599749
7620,0.001780141199999999,0.6128140000000001,1.167751256,0.4741209999999998
7621,0.0017811011999999994,0.6128140000000001,1.1838316580000001,0.1525129999999999
7622,0.001782061199999999,0.6128140000000001,1.167751256,0.7957289999999997
7623,0.0017830211999999993,0.6128140000000001,1.175791457,2.082161
7624,0.0017839811999999997,0.6329145,1.175791457,3.569598
7625,0.0017849411999999992,0.6329145,1.1838316580000001,4.85603
7626,0.0017859011999999995,0.6329145,1.175791457,5.338442
7627,0.001786861199999999,0.653015,1.1838316580000001,4.976633
7628,0.0017878211999999994,0.6128140000000001,1.1838316580000001,3.810804
7629,0.001788781199999999,0.6329145,1.1838316580000001,2.323367
7630,0.0017897411999999993,0.6128140000000001,1.191871859,0.876131
7631,0.0017907011999999996,0.6128140000000001,1.1838316580000001,0.19271400000000005
7632,0.0017916611999999991,0.6128140000000001,1.1838316580000001,0.3535179999999998
7633,0.0017926211999999995,0.6329145,1.191871859,1.318342
7634,0.001793581199999999,0.653015,1.175791457,2.685176
7635,0.0017945411999999994,0.5927135,1.191871859,4.212814
7636,0.001795501199999999,0.5927135,1.191871859,5.137437
7637,0.0017964611999999993,0.653015,1.175791457,5.378643
7638,0.0017974211999999996,0.6329145,1.1838316580000001,4.735427
7639,0.0017983811999999991,0.6329145,1.1838316580000001,3.4891959999999997
7640,0.0017993411999999995,0.6128140000000001,1.1838316580000001,2.001759
7641,0.001800301199999999,0.6128140000000001,1.1838316580000001,0.876131
7642,0.0018012611999999994,0.6329145,1.175791457,0.1525129999999999
7643,0.0018022211999999989,0.6128140000000001,1.1838316580000001,0.4741209999999998
7644,0.0018031811999999993,0.653015,1.175791457,1.2781409999999997
7645,0.0018041411999999996,0.5927135,1.167751256,2.685176
7646,0.0018051011999999991,0.653015,1.167751256,4.092211
7647,0.0018060611999999995,0.6329145,1.167751256,5.137437
7648,0.001807021199999999,0.653015,1.175791457,5.418844
7649,0.0018079811999999994,0.6329145,1.167751256,4.775628
7650,0.0018089411999999989,0.6329145,1.167751256,3.569598
7651,0.0018099011999999992,0.653015,1.1838316580000001,2.001759
7652,0.0018108611999999996,0.6329145,1.175791457,0.5947239999999998
7653,0.0018118211999999991,0.6329145,1.1838316580000001,0.19271400000000005
7654,0.0018127811999999995,0.6329145,1.1838316580000001,0.4339200000000001
7655,0.001813741199999999,0.653015,1.175791457,1.479146
7656,0.0018147011999999994,0.6329145,1.191871859,3.167588
7657,0.0018156611999999989,0.653015,1.175791457,4.494221
7658,0.0018166211999999992,0.653015,1.1838316580000001,5.338442
7659,0.0018175811999999996,0.6128140000000001,1.175791457,5.217839
7660,0.001818541199999999,0.6329145,1.1838316580000001,4.172613
7661,0.0018195011999999995,0.6329145,1.191871859,2.725377
7662,0.001820461199999999,0.6329145,1.167751256,1.2781409999999997
7663,0.0018214211999999994,0.653015,1.175791457,0.2731159999999999
7664,0.0018223811999999989,0.6329145,1.175791457,0.31331700000000007
7665,0.0018233411999999992,0.6128140000000001,1.175791457,1.1977389999999999
7666,0.0018243011999999996,0.6329145,1.1838316580000001,2.7655779999999996
7667,0.001825261199999999,0.6128140000000001,1.175791457,4.614824
7668,0.0018262211999999995,0.6329145,1.167751256,5.177638
7669,0.001827181199999999,0.6128140000000001,1.167751256,5.258039999999999
7670,0.0018281411999999993,0.6329145,1.167751256,4.494221
7671,0.0018291011999999988,0.653015,1.175791457,3.046985
7672,0.0018300611999999992,0.6329145,1.167751256,1.479146
7673,0.0018310211999999996,0.653015,1.167751256,0.2731159999999999
7674,0.001831981199999999,0.6128140000000001,1.1838316580000001,0.19271400000000005
7675,0.0018329411999999995,0.6329145,1.1838316580000001,0.876131
7676,0.001833901199999999,0.653015,1.191871859,2.202764
7677,0.0018348611999999993,0.653015,1.191871859,3.690201
7678,0.0018358211999999988,0.6128140000000001,1.191871859,4.976633
7679,0.0018367811999999992,0.653015,1.191871859,5.378643
7680,0.0018377411999999996,0.6329145,1.191871859,4.976633
7681,0.001838701199999999,0.6329145,1.1838316580000001,3.770603
7682,0.0018396611999999994,0.653015,1.1838316580000001,1.8811559999999998
7683,0.001840621199999999,0.6329145,1.1838316580000001,0.9163319999999997
7684,0.0018415811999999993,0.6329145,1.1838316580000001,0.19271400000000005
7685,0.0018425411999999988,0.6329145,1.175791457,0.3535179999999998
7686,0.0018435011999999992,0.653015,1.1838316580000001,1.1977389999999999
7687,0.0018444611999999996,0.653015,1.1838316580000001,2.6449749999999996
7688,0.001845421199999999,0.6329145,1.175791457,4.333417
7689,0.0018463811999999994,0.653015,1.167751256,5.137437
7690,0.001847341199999999,0.6329145,1.175791457,5.338442
7691,0.0018483011999999993,0.6329145,1.159711055,4.85603
7692,0.0018492611999999997,0.6329145,1.167751256,3.569598
7693,0.0018502211999999992,0.653015,1.175791457,2.1625629999999996
7694,0.0018511811999999996,0.653015,1.175791457,0.876131
7695,0.001852141199999999,0.653015,1.175791457,0.19271400000000005
7696,0.0018531011999999994,0.6329145,1.159711055,0.3535179999999998
7697,0.001854061199999999,0.6329145,1.167751256,1.358543
7698,0.0018550211999999993,0.6128140000000001,1.1838316580000001,2.5243719999999996
7699,0.0018559811999999997,0.6329145,1.1838316580000001,4.1324119999999995
7700,0.0018569411999999992,0.6329145,1.175791457,5.097236
7701,0.0018579011999999995,0.653015,1.191871859,5.338442
7702,0.001858861199999999,0.653015,1.175791457,4.775628
7703,0.0018598211999999994,0.653015,1.1838316580000001,3.770603
7704,0.001860781199999999,0.6128140000000001,1.1838316580000001,1.680151
7705,0.0018617411999999993,0.653015,1.175791457,0.5947239999999998
7706,0.0018627011999999997,0.653015,1.175791457,0.1525129999999999
7707,0.0018636611999999992,0.6329145,1.1838316580000001,0.5545229999999997
7708,0.0018646211999999995,0.653015,1.175791457,1.7605529999999998
7709,0.001865581199999999,0.653015,1.167751256,3.408794
7710,0.0018665411999999994,0.6329145,1.175791457,4.735427
7711,0.001867501199999999,0.6731155000000001,1.175791457,5.418844
7712,0.0018684611999999993,0.653015,1.175791457,5.057035
7713,0.0018694211999999997,0.653015,1.175791457,4.172613
7714,0.0018703811999999992,0.6329145,1.175791457,2.323367
7715,0.0018713411999999995,0.6329145,1.175791457,0.9163319999999997
7716,0.001872301199999999,0.6329145,1.1838316580000001,0.19271400000000005
7717,0.0018732611999999994,0.653015,1.175791457,0.3535179999999998
7718,0.001874221199999999,0.653015,1.175791457,0.876131
7719,0.0018751811999999993,0.6329145,1.167751256,3.046985
7720,0.0018761411999999996,0.653015,1.175791457,4.574623
7721,0.0018771011999999991,0.653015,1.191871859,5.378643
7722,0.0018780611999999995,0.653015,1.1838316580000001,5.177638
7723,0.001879021199999999,0.653015,1.1838316580000001,4.172613
7724,0.0018799811999999994,0.653015,1.191871859,2.7655779999999996
7725,0.0018809411999999989,0.653015,1.175791457,1.5193469999999998
7726,0.0018819011999999993,0.653015,1.191871859,0.3535179999999998
7727,0.0018828611999999996,0.6329145,1.175791457,0.2731159999999999
7728,0.0018838211999999991,0.653015,1.1838316580000001,0.8359299999999998
7729,0.0018847811999999995,0.653015,1.175791457,2.1625629999999996
7730,0.001885741199999999,0.653015,1.1838316580000001,3.770603
7731,0.0018867011999999994,0.653015,1.175791457,4.976633
7732,0.0018876611999999989,0.6329145,1.175791457,5.418844
7733,0.0018886211999999993,0.6329145,1.167751256,5.217839
7734,0.0018895811999999996,0.6329145,1.1838316580000001,4.092211
7735,0.0018905411999999991,0.653015,1.1838316580000001,2.4037689999999996
7736,0.0018915011999999995,0.653015,1.175791457,1.0369349999999997
7737,0.001892461199999999,0.653015,1.175791457,0.2731159999999999
7738,0.0018934211999999994,0.6329145,1.175791457,0.2731159999999999
7739,0.0018943811999999989,0.653015,1.175791457,0.996734
7740,0.0018953411999999992,0.653015,1.175791457,2.363568
7741,0.0018963011999999996,0.653015,1.175791457,3.891206
7742,0.0018972611999999991,0.653015,1.175791457,5.057035
7743,0.0018982211999999995,0.6329145,1.175791457,5.418844
7744,0.001899181199999999,0.653015,1.167751256,4.976633
7745,0.0019001411999999994,0.6731155000000001,1.1838316580000001,3.690201
7746,0.0019011011999999989,0.653015,1.167751256,2.1625629999999996
7747,0.0019020611999999992,0.653015,1.175791457,0.7957289999999997
7748,0.0019030211999999996,0.6329145,1.1838316580000001,0.1525129999999999
7749,0.001903981199999999,0.653015,1.1838316580000001,0.5545229999999997
7750,0.0019049411999999995,0.6731155000000001,1.191871859,1.6399499999999998
7751,0.001905901199999999,0.653015,1.191871859,3.207789
7752,0.0019068611999999993,0.6731155000000001,1.1838316580000001,4.655025
7753,0.0019078211999999988,0.653015,1.1838316580000001,5.378643
7754,0.0019087811999999992,0.6329145,1.191871859,5.137437
7755,0.0019097411999999996,0.6329145,1.1838316580000001,3.810804
7756,0.001910701199999999,0.653015,1.175791457,2.5243719999999996
7757,0.0019116611999999995,0.6731155000000001,1.1838316580000001,0.996734
7758,0.001912621199999999,0.653015,1.175791457,0.19271400000000005
7759,0.0019135811999999993,0.6731155000000001,1.167751256,0.3535179999999998
7760,0.0019145411999999988,0.6731155000000001,1.175791457,1.5193469999999998
7761,0.0019155011999999992,0.653015,1.1838316580000001,3.087186
7762,0.0019164611999999996,0.6731155000000001,1.175791457,4.574623
7763,0.001917421199999999,0.6329145,1.1838316580000001,5.338442
7764,0.0019183811999999995,0.653015,1.1838316580000001,5.258039999999999
7765,0.001919341199999999,0.6329145,1.1838316580000001,4.1324119999999995
7766,0.0019203011999999993,0.653015,1.167751256,2.5243719999999996
7767,0.0019212611999999988,0.653015,1.1838316580000001,1.117337
7768,0.0019222211999999992,0.693216,1.1838316580000001,0.2731159999999999
7769,0.0019231811999999996,0.653015,1.175791457,0.2731159999999999
7770,0.001924141199999999,0.693216,1.1838316580000001,1.1977389999999999
7771,0.0019251011999999994,0.6731155000000001,1.1838316580000001,2.6449749999999996
7772,0.001926061199999999,0.6731155000000001,1.1838316580000001,4.1324119999999995
7773,0.0019270211999999993,0.653015,1.1838316580000001,5.298241
7774,0.0019279811999999988,0.6731155000000001,1.191871859,5.378643
7775,0.0019289411999999992,0.653015,1.1838316580000001,4.655025
7776,0.0019299011999999996,0.653015,1.175791457,3.288191
7777,0.001930861199999999,0.6731155000000001,1.191871859,1.680151
7778,0.0019318211999999994,0.6329145,1.175791457,0.5545229999999997
7779,0.001932781199999999,0.653015,1.175791457,0.39371899999999993
7780,0.0019337411999999993,0.6731155000000001,1.175791457,0.7153269999999998
7781,0.0019347011999999988,0.653015,1.175791457,1.800754
7782,0.0019356611999999992,0.653015,1.1838316580000001,3.4891959999999997
7783,0.0019366211999999995,0.6731155000000001,1.1838316580000001,4.815829
7784,0.001937581199999999,0.653015,1.167751256,5.418844
7785,0.0019385411999999994,0.653015,1.175791457,5.097236
7786,0.001939501199999999,0.653015,1.1838316580000001,3.931407
7787,0.0019404611999999993,0.653015,1.167751256,2.363568
7788,0.0019414211999999997,0.693216,1.159711055,0.9163319999999997
7789,0.0019423811999999992,0.6731155000000001,1.1838316580000001,0.23291499999999976
7790,0.0019433411999999995,0.6731155000000001,1.175791457,0.4339200000000001
7791,0.001944301199999999,0.6731155000000001,1.175791457,1.318342
7792,0.0019452611999999994,0.653015,1.175791457,2.8861809999999997
7793,0.001946221199999999,0.6731155000000001,1.175791457,4.333417
7794,0.0019471811999999993,0.6731155000000001,1.191871859,5.298241
7795,0.0019481411999999997,0.6731155000000001,1.1838316580000001,5.338442
7796,0.0019491011999999992,0.6731155000000001,1.191871859,4.2530149999999995
7797,0.0019500611999999995,0.6731155000000001,1.1838316580000001,2.84598
7798,0.001951021199999999,0.6731155000000001,1.1838316580000001,1.318342
7799,0.0019519811999999994,0.6329145,1.191871859,0.31331700000000007
7800,0.001952941199999999,0.6329145,1.1838316580000001,0.19271400000000005
7801,0.0019539011999999993,0.693216,1.1838316580000001,0.755528
7802,0.0019548611999999996,0.6731155000000001,1.175791457,2.6449749999999996
7803,0.001955821199999999,0.6731155000000001,1.175791457,4.092211
7804,0.0019567811999999995,0.6731155000000001,1.1838316580000001,5.137437
7805,0.001957741199999999,0.6731155000000001,1.175791457,5.418844
7806,0.0019587011999999994,0.693216,1.167751256,4.735427
7807,0.001959661199999999,0.6731155000000001,1.175791457,3.448995
7808,0.0019606211999999993,0.6329145,1.167751256,1.840955
7809,0.0019615811999999996,0.653015,1.175791457,0.5947239999999998
7810,0.001962541199999999,0.693216,1.175791457,0.2731159999999999
7811,0.0019635011999999995,0.6731155000000001,1.175791457,0.6751259999999997
7812,0.001964461199999999,0.6731155000000001,1.175791457,2.001759
7813,0.0019654211999999994,0.6731155000000001,1.1838316580000001,3.4891959999999997
7814,0.001966381199999999,0.693216,1.1838316580000001,4.775628
7815,0.0019673411999999993,0.6731155000000001,1.1838316580000001,5.378643
7816,0.0019683011999999996,0.6731155000000001,1.1838316580000001,5.137437
7817,0.001969261199999999,0.6731155000000001,1.191871859,4.293216
7818,0.0019702211999999995,0.653015,1.1838316580000001,2.564573
7819,0.001971181199999999,0.6731155000000001,1.1838316580000001,1.117337
7820,0.0019721411999999994,0.653015,1.1838316580000001,0.39371899999999993
7821,0.001973101199999999,0.6731155000000001,1.191871859,0.2731159999999999
7822,0.0019740611999999992,0.6731155000000001,1.1838316580000001,1.0771359999999999
7823,0.0019750211999999996,0.693216,1.191871859,2.44397
7824,0.001975981199999999,0.693216,1.175791457,3.971608
7825,0.0019769411999999995,0.6731155000000001,1.175791457,4.655025
7826,0.001977901199999999,0.653015,1.1838316580000001,5.418844
7827,0.0019788611999999994,0.693216,1.1838316580000001,4.775628
7828,0.001979821199999999,0.693216,1.1838316580000001,3.529397
7829,0.0019807811999999992,0.6731155000000001,1.167751256,2.001759
7830,0.0019817411999999996,0.653015,1.175791457,0.755528
7831,0.001982701199999999,0.6731155000000001,1.175791457,0.1525129999999999
7832,0.0019836611999999995,0.6731155000000001,1.1838316580000001,0.514322
7833,0.001984621199999999,0.6731155000000001,1.175791457,1.800754
7834,0.0019855811999999994,0.693216,1.1838316580000001,3.328392
7835,0.001986541199999999,0.6731155000000001,1.175791457,4.695226
7836,0.0019875011999999992,0.653015,1.175791457,5.418844
7837,0.0019884611999999996,0.693216,1.1838316580000001,5.177638
7838,0.001989421199999999,0.6731155000000001,1.1838316580000001,4.05201
7839,0.0019903811999999995,0.693216,1.191871859,2.5243719999999996
7840,0.001991341199999999,0.693216,1.1838316580000001,1.0369349999999997
7841,0.0019923011999999993,0.653015,1.191871859,0.2731159999999999
7842,0.001993261199999999,0.6731155000000001,1.1838316580000001,0.2731159999999999
7843,0.001994221199999999,0.6731155000000001,1.191871859,1.1977389999999999
7844,0.0019951811999999996,0.693216,1.175791457,2.7655779999999996
7845,0.001996141199999999,0.6731155000000001,1.1838316580000001,4.293216
7846,0.0019971011999999995,0.653015,1.1838316580000001,5.217839
7847,0.001998061199999999,0.6731155000000001,1.1838316580000001,5.338442
7848,0.0019990211999999993,0.6731155000000001,1.175791457,4.614824
7849,0.001999981199999999,0.7133165,1.1838316580000001,3.288191
7850,0.002000941199999999,0.6731155000000001,1.175791457,1.479146
7851,0.0020019011999999996,0.693216,1.175791457,0.634925
7852,0.002002861199999999,0.6731155000000001,1.175791457,0.19271400000000005
7853,0.0020038211999999994,0.693216,1.1838316580000001,0.514322
7854,0.002004781199999999,0.6731155000000001,1.175791457,1.599749
7855,0.0020057411999999993,0.653015,1.167751256,3.087186
7856,0.002006701199999999,0.693216,1.175791457,4.695226
7857,0.002007661199999999,0.693216,1.1838316580000001,5.338442
7858,0.0020086211999999996,0.6731155000000001,1.1838316580000001,5.338442
7859,0.002009581199999999,0.693216,1.175791457,4.574623
7860,0.0020105411999999994,0.693216,1.1838316580000001,3.167588
7861,0.002011501199999999,0.693216,1.1838316580000001,1.800754
7862,0.0020124611999999993,0.6731155000000001,1.175791457,0.5545229999999997
7863,0.002013421199999999,0.693216,1.1838316580000001,0.1525129999999999
7864,0.002014381199999999,0.693216,1.175791457,0.4741209999999998
7865,0.0020153411999999996,0.6731155000000001,1.191871859,2.1625629999999996
7866,0.002016301199999999,0.6731155000000001,1.191871859,3.046985
7867,0.0020172611999999994,0.6731155000000001,1.1838316580000001,4.413819
7868,0.002018221199999999,0.693216,1.191871859,5.298241
7869,0.0020191811999999993,0.6731155000000001,1.1838316580000001,5.378643
7870,0.002020141199999999,0.6731155000000001,1.1838316580000001,4.614824
7871,0.002021101199999999,0.693216,1.175791457,2.725377
7872,0.0020220611999999995,0.6731155000000001,1.175791457,1.7203519999999999
7873,0.002023021199999999,0.6731155000000001,1.175791457,0.634925
7874,0.0020239811999999994,0.6731155000000001,1.175791457,0.07211100000000004
7875,0.002024941199999999,0.7133165,1.167751256,0.634925
7876,0.0020259011999999993,0.693216,1.175791457,1.840955
7877,0.0020268611999999997,0.693216,1.167751256,3.448995
7878,0.002027821199999999,0.6731155000000001,1.175791457,4.815829
7879,0.0020287811999999995,0.693216,1.1838316580000001,5.459045
7880,0.002029741199999999,0.693216,1.1838316580000001,4.815829
7881,0.0020307011999999994,0.6731155000000001,1.175791457,3.810804
7882,0.002031661199999999,0.693216,1.1838316580000001,2.122362
7883,0.0020326211999999993,0.693216,1.1838316580000001,0.755528
7884,0.0020335811999999997,0.7133165,1.1838316580000001,0.1525129999999999
7885,0.002034541199999999,0.693216,1.1838316580000001,0.634925
7886,0.0020355011999999995,0.693216,1.167751256,2.04196
7887,0.002036461199999999,0.6731155000000001,1.191871859,3.770603
7888,0.0020374211999999994,0.6731155000000001,1.1838316580000001,4.936432
7889,0.002038381199999999,0.693216,1.191871859,5.499245999999999
7890,0.0020393411999999993,0.693216,1.1838316580000001,4.85603
7891,0.0020403011999999996,0.693216,1.1838316580000001,3.529397
7892,0.002041261199999999,0.693216,1.175791457,1.8811559999999998
7893,0.0020422211999999995,0.6731155000000001,1.175791457,0.5947239999999998
7894,0.002043181199999999,0.693216,1.175791457,0.1525129999999999
7895,0.0020441411999999994,0.693216,1.1838316580000001,0.755528
7896,0.002045101199999999,0.7133165,1.167751256,1.961558
7897,0.0020460611999999993,0.693216,1.175791457,3.569598
7898,0.0020470211999999996,0.693216,1.175791457,4.976633
7899,0.002047981199999999,0.6731155000000001,1.167751256,5.459045
7900,0.0020489411999999995,0.693216,1.175791457,4.976633
7901,0.002049901199999999,0.693216,1.175791457,4.373618
7902,0.0020508611999999994,0.693216,1.175791457,2.242965
7903,0.002051821199999999,0.693216,1.1838316580000001,1.0369349999999997
7904,0.0020527811999999993,0.693216,1.1838316580000001,0.2731159999999999
7905,0.0020537411999999996,0.6731155000000001,1.1838316580000001,0.3535179999999998
7906,0.002054701199999999,0.6731155000000001,1.1838316580000001,1.117337
7907,0.0020556611999999995,0.693216,1.191871859,2.5243719999999996
7908,0.002056621199999999,0.693216,1.1838316580000001,3.971608
7909,0.0020575811999999994,0.693216,1.1838316580000001,5.057035
7910,0.002058541199999999,0.7133165,1.175791457,5.459045
7911,0.0020595011999999992,0.6731155000000001,1.1838316580000001,5.016834
7912,0.0020604611999999996,0.693216,1.191871859,3.7304019999999998
7913,0.002061421199999999,0.693216,1.19991206,2.1625629999999996
7914,0.0020623811999999995,0.6731155000000001,1.1838316580000001,0.7957289999999997
7915,0.002063341199999999,0.693216,1.1838316580000001,0.19271400000000005
7916,0.0020643011999999994,0.693216,1.175791457,0.19271400000000005
7917,0.002065261199999999,0.693216,1.167751256,1.840955
7918,0.0020662211999999992,0.7133165,1.167751256,3.207789
7919,0.0020671811999999996,0.7133165,1.175791457,4.45402
7920,0.002068141199999999,0.693216,1.1838316580000001,5.298241
7921,0.0020691011999999995,0.693216,1.175791457,5.298241
7922,0.002070061199999999,0.693216,1.1838316580000001,4.373618
7923,0.0020710211999999993,0.693216,1.167751256,2.7655779999999996
7924,0.002071981199999999,0.7133165,1.175791457,1.0771359999999999
7925,0.0020729411999999992,0.693216,1.1838316580000001,0.2731159999999999
7926,0.0020739011999999996,0.693216,1.175791457,0.31331700000000007
7927,0.002074861199999999,0.693216,1.1838316580000001,1.3987439999999998
7928,0.0020758211999999995,0.693216,1.1838316580000001,3.087186
7929,0.002076781199999999,0.693216,1.1838316580000001,4.614824
7930,0.0020777411999999993,0.693216,1.1838316580000001,5.459045
7931,0.002078701199999999,0.7133165,1.1838316580000001,5.177638
7932,0.002079661199999999,0.693216,1.1838316580000001,3.931407
7933,0.0020806211999999996,0.693216,1.191871859,2.2831659999999996
7934,0.002081581199999999,0.7133165,1.1838316580000001,0.7957289999999997
7935,0.0020825411999999995,0.7133165,1.175791457,0.23291499999999976
7936,0.002083501199999999,0.7133165,1.191871859,0.5545229999999997
7937,0.0020844611999999993,0.693216,1.191871859,1.921357
7938,0.002085421199999999,0.7133165,1.1838316580000001,3.529397
7939,0.002086381199999999,0.693216,1.167751256,4.896231
7940,0.0020873411999999996,0.7133165,1.167751256,5.459045
7941,0.002088301199999999,0.7133165,1.175791457,4.896231
7942,0.0020892611999999994,0.7133165,1.159711055,3.529397
7943,0.002090221199999999,0.693216,1.175791457,1.8811559999999998
7944,0.0020911811999999993,0.7133165,1.175791457,0.5545229999999997
7945,0.002092141199999999,0.693216,1.1838316580000001,0.19271400000000005
7946,0.002093101199999999,0.693216,1.175791457,0.755528
7947,0.0020940611999999996,0.693216,1.175791457,2.122362
7948,0.002095021199999999,0.6731155000000001,1.1838316580000001,3.690201
7949,0.0020959811999999994,0.693216,1.1838316580000001,5.016834
7950,0.002096941199999999,0.693216,1.1838316580000001,5.418844
7951,0.0020979011999999993,0.7133165,1.1838316580000001,4.976633
7952,0.002098861199999999,0.693216,1.191871859,3.810804
7953,0.002099821199999999,0.7334170000000001,1.1838316580000001,2.2831659999999996
7954,0.0021007811999999996,0.7334170000000001,1.191871859,0.876131
7955,0.002101741199999999,0.7133165,1.1838316580000001,0.23291499999999976
7956,0.0021027011999999994,0.7133165,1.175791457,0.39371899999999993
7957,0.002103661199999999,0.7133165,1.175791457,1.438945
7958,0.0021046211999999993,0.7133165,1.175791457,2.8861809999999997
7959,0.002105581199999999,0.7133165,1.1838316580000001,4.293216
7960,0.002106541199999999,0.693216,1.191871859,5.298241
7961,0.0021075011999999995,0.7133165,1.175791457,5.378643
7962,0.002108461199999999,0.7334170000000001,1.1838316580000001,4.655025
7963,0.0021094211999999994,0.7133165,1.1838316580000001,3.328392
7964,0.002110381199999999,0.7133165,1.175791457,1.7203519999999999
7965,0.0021113411999999993,0.693216,1.167751256,0.4741209999999998
7966,0.0021123011999999997,0.7133165,1.175791457,0.1525129999999999
7967,0.002113261199999999,0.693216,1.1838316580000001,0.634925
7968,0.0021142211999999995,0.7334170000000001,1.1838316580000001,2.001759
7969,0.002115181199999999,0.693216,1.175791457,3.529397
7970,0.0021161411999999994,0.693216,1.175791457,4.896231
7971,0.002117101199999999,0.693216,1.1838316580000001,5.459045
7972,0.0021180611999999993,0.7133165,1.1838316580000001,5.057035
7973,0.0021190211999999996,0.7133165,1.167751256,3.851005
7974,0.002119981199999999,0.7133165,1.19991206,2.202764
7975,0.0021209411999999995,0.7133165,1.191871859,0.755528
7976,0.002121901199999999,0.7133165,1.1838316580000001,0.19271400000000005
7977,0.0021228611999999994,0.7133165,1.175791457,0.5947239999999998
7978,0.002123821199999999,0.7133165,1.175791457,1.961558
7979,0.0021247811999999993,0.7133165,1.1838316580000001,3.690201
7980,0.0021257411999999996,0.7133165,1.167751256,4.976633
7981,0.002126701199999999,0.693216,1.1838316580000001,5.499245999999999
7982,0.0021276611999999995,0.693216,1.167751256,4.815829
7983,0.002128621199999999,0.693216,1.175791457,3.3685929999999997
7984,0.0021295811999999994,0.7334170000000001,1.1838316580000001,1.7605529999999998
7985,0.002130541199999999,0.7133165,1.175791457,0.4339200000000001
7986,0.0021315011999999993,0.7334170000000001,1.167751256,0.1525129999999999
7987,0.0021324611999999996,0.7133165,1.175791457,0.9565329999999999
7988,0.002133421199999999,0.7133165,1.175791457,2.323367
7989,0.0021343811999999995,0.7133165,1.175791457,4.0118089999999995
7990,0.002135341199999999,0.693216,1.175791457,5.177638
7991,0.0021363011999999994,0.7133165,1.191871859,5.459045
7992,0.002137261199999999,0.7133165,1.1838316580000001,4.735427
7993,0.0021382211999999992,0.7334170000000001,1.175791457,3.288191
7994,0.0021391811999999996,0.7133165,1.191871859,1.7203519999999999
7995,0.002140141199999999,0.7133165,1.1838316580000001,0.514322
7996,0.0021411011999999995,0.7334170000000001,1.191871859,0.23291499999999976
7997,0.002142061199999999,0.7133165,1.1838316580000001,0.755528
7998,0.0021430211999999994,0.7334170000000001,1.1838316580000001,2.04196
7999,0.002143981199999999,0.7133165,1.191871859,3.6097989999999998
8000,0.0021449411999999992,0.7133165,1.175791457,4.85603
8001,0.0021459011999999996,0.693216,1.167751256,5.459045
8002,0.002146861199999999,0.693216,1.191871859,5.177638
8003,0.0021478211999999995,0.7133165,1.175791457,4.092211
8004,0.002148781199999999,0.7133165,1.191871859,2.564573
8005,0.0021497411999999994,0.693216,1.167751256,1.23794
8006,0.002150701199999999,0.7133165,1.167751256,0.31331700000000007
8007,0.0021516611999999992,0.7334170000000001,1.1838316580000001,0.23291499999999976
8008,0.0021526211999999996,0.7133165,1.1838316580000001,0.996734
8009,0.002153581199999999,0.693216,1.175791457,2.323367
8010,0.0021545411999999995,0.693216,1.175791457,3.891206
8011,0.002155501199999999,0.7133165,1.175791457,5.016834
8012,0.0021564611999999993,0.7133165,1.1838316580000001,5.499245999999999
8013,0.002157421199999999,0.7133165,1.175791457,5.137437
8014,0.002158381199999999,0.7133165,1.175791457,3.931407
8015,0.0021593411999999996,0.7133165,1.175791457,2.4037689999999996
8016,0.002160301199999999,0.7133165,1.1838316580000001,1.0771359999999999
8017,0.0021612611999999995,0.7334170000000001,1.1838316580000001,0.2731159999999999
8018,0.002162221199999999,0.7133165,1.191871859,0.23291499999999976
8019,0.0021631811999999993,0.693216,1.191871859,1.117337
8020,0.002164141199999999,0.7133165,1.191871859,2.725377
8021,0.002165101199999999,0.7133165,1.191871859,4.1324119999999995
8022,0.0021660611999999996,0.7334170000000001,1.191871859,5.177638
8023,0.002167021199999999,0.7133165,1.1838316580000001,5.459045
8024,0.0021679811999999994,0.7334170000000001,1.1838316580000001,4.695226
8025,0.002168941199999999,0.7334170000000001,1.1838316580000001,3.288191
8026,0.0021699011999999993,0.7334170000000001,1.1838316580000001,1.680151
8027,0.002170861199999999,0.7133165,1.175791457,0.514322
8028,0.002171821199999999,0.7334170000000001,1.167751256,0.19271400000000005
8029,0.0021727811999999996,0.7133165,1.175791457,0.8359299999999998
8030,0.002173741199999999,0.7133165,1.1838316580000001,2.363568
8031,0.0021747011999999994,0.7133165,1.191871859,3.971608
8032,0.002175661199999999,0.7334170000000001,1.1838316580000001,5.137437
8033,0.0021766211999999993,0.7334170000000001,1.175791457,5.418844
8034,0.002177581199999999,0.7334170000000001,1.167751256,4.735427
8035,0.002178541199999999,0.7334170000000001,1.175791457,3.288191
8036,0.0021795011999999996,0.7133165,1.167751256,1.680151
8037,0.002180461199999999,0.7133165,1.175791457,0.514322
8038,0.0021814211999999994,0.7133165,1.1838316580000001,0.23291499999999976
8039,0.002182381199999999,0.7133165,1.175791457,0.9163319999999997
8040,0.0021833411999999993,0.7334170000000001,1.175791457,2.202764
8041,0.002184301199999999,0.7133165,1.175791457,3.851005
8042,0.002185261199999999,0.7334170000000001,1.175791457,5.097236
8043,0.0021862211999999995,0.7334170000000001,1.1838316580000001,5.418844
8044,0.002187181199999999,0.7334170000000001,1.1838316580000001,4.85603
8045,0.0021881411999999994,0.7334170000000001,1.1838316580000001,3.529397
8046,0.002189101199999999,0.7334170000000001,1.1838316580000001,1.921357
8047,0.0021900611999999993,0.7334170000000001,1.1838316580000001,0.634925
8048,0.002191021199999999,0.7133165,1.191871859,0.19271400000000005
8049,0.002191981199999999,0.7535175000000001,1.1838316580000001,0.634925
8050,0.0021929411999999995,0.7334170000000001,1.175791457,1.840955
8051,0.002193901199999999,0.7334170000000001,1.191871859,3.448995
8052,0.0021948611999999994,0.7334170000000001,1.191871859,4.815829
8053,0.002195821199999999,0.7334170000000001,1.175791457,5.459045
8054,0.0021967811999999993,0.693216,1.175791457,5.177638
8055,0.002197741199999999,0.7334170000000001,1.1838316580000001,4.1324119999999995
8056,0.002198701199999999,0.7535175000000001,1.191871859,2.564573
8057,0.0021996611999999995,0.7334170000000001,1.1838316580000001,1.117337
8058,0.002200621199999999,0.693216,1.175791457,0.23291499999999976
8059,0.0022015811999999994,0.7334170000000001,1.1838316580000001,0.23291499999999976
8060,0.002202541199999999,0.7334170000000001,1.167751256,1.1977389999999999
8061,0.0022035011999999993,0.7334170000000001,1.1838316580000001,2.685176
8062,0.0022044611999999996,0.7334170000000001,1.1838316580000001,4.212814
8063,0.002205421199999999,0.7535175000000001,1.1838316580000001,5.258039999999999
8064,0.0022063811999999995,0.7535175000000001,1.1838316580000001,5.499245999999999
8065,0.002207341199999999,0.7535175000000001,1.191871859,4.85603
8066,0.0022083011999999994,0.7334170000000001,1.191871859,3.4891959999999997
8067,0.002209261199999999,0.7535175000000001,1.191871859,1.921357
8068,0.0022102211999999993,0.7133165,1.19991206,0.755528
8069,0.0022111811999999996,0.7133165,1.1838316580000001,0.1525129999999999
8070,0.002212141199999999,0.7133165,1.191871859,0.5545229999999997
8071,0.0022131011999999995,0.7133165,1.175791457,1.7203519999999999
8072,0.002214061199999999,0.7535175000000001,1.1838316580000001,3.288191
8073,0.0022150211999999994,0.7334170000000001,1.175791457,4.655025
8074,0.002215981199999999,0.7133165,1.175791457,5.459045
8075,0.0022169411999999993,0.7334170000000001,1.1838316580000001,5.217839
8076,0.0022179011999999996,0.7334170000000001,1.1838316580000001,4.092211
8077,0.002218861199999999,0.7535175000000001,1.167751256,2.564573
8078,0.0022198211999999995,0.7334170000000001,1.175791457,0.996734
8079,0.002220781199999999,0.7133165,1.175791457,0.19271400000000005
8080,0.0022217411999999994,0.7133165,1.175791457,0.39371899999999993
8081,0.002222701199999999,0.7535175000000001,1.175791457,1.599749
8082,0.0022236611999999992,0.7133165,1.175791457,3.2479899999999997
8083,0.0022246211999999996,0.7334170000000001,1.1838316580000001,4.695226
8084,0.002225581199999999,0.7133165,1.191871859,5.459045
8085,0.0022265411999999995,0.7133165,1.1838316580000001,5.177638
8086,0.002227501199999999,0.7334170000000001,1.191871859,4.0118089999999995
8087,0.0022284611999999994,0.7334170000000001,1.1838316580000001,2.242965
8088,0.002229421199999999,0.7334170000000001,1.19991206,0.7957289999999997
8089,0.0022303811999999992,0.7133165,1.191871859,0.1525129999999999
8090,0.0022313411999999996,0.7133165,1.191871859,0.634925
8091,0.002232301199999999,0.7535175000000001,1.1838316580000001,1.8811559999999998
8092,0.0022332611999999995,0.7334170000000001,1.191871859,3.529397
8093,0.002234221199999999,0.7334170000000001,1.1838316580000001,4.936432
8094,0.0022351811999999993,0.7334170000000001,1.1838316580000001,5.499245999999999
8095,0.002236141199999999,0.7334170000000001,1.1838316580000001,5.057035
8096,0.0022371011999999992,0.7535175000000001,1.175791457,3.851005
8097,0.0022380611999999996,0.7334170000000001,1.175791457,2.202764
8098,0.002239021199999999,0.7334170000000001,1.1838316580000001,0.8359299999999998
8099,0.0022399811999999995,0.7334170000000001,1.1838316580000001,0.19271400000000005
8100,0.002240941199999999,0.7334170000000001,1.1838316580000001,0.4741209999999998
8101,0.0022419011999999993,0.7535175000000001,1.175791457,1.479146
8102,0.002242861199999999,0.7334170000000001,1.175791457,3.046985
8103,0.002243821199999999,0.7334170000000001,1.175791457,4.534422
8104,0.0022447811999999996,0.7133165,1.1838316580000001,5.459045
8105,0.002245741199999999,0.7133165,1.1838316580000001,5.298241
8106,0.0022467011999999995,0.7334170000000001,1.175791457,4.413819
8107,0.002247661199999999,0.7133165,1.1838316580000001,2.8861809999999997
8108,0.0022486211999999993,0.7133165,1.1838316580000001,1.3987439999999998
8109,0.002249581199999999,0.7535175000000001,1.191871859,0.31331700000000007
8110,0.002250541199999999,0.7535175000000001,1.191871859,0.1525129999999999
8111,0.0022515011999999996,0.7535175000000001,1.191871859,0.996734
8112,0.002252461199999999,0.7535175000000001,1.191871859,2.2831659999999996
8113,0.0022534211999999994,0.773618,1.191871859,3.851005
8114,0.002254381199999999,0.7334170000000001,1.191871859,5.097236
8115,0.0022553411999999993,0.7535175000000001,1.1838316580000001,5.499245999999999
8116,0.002256301199999999,0.7535175000000001,1.175791457,5.097236
8117,0.002257261199999999,0.7535175000000001,1.175791457,3.810804
8118,0.0022582211999999996,0.7334170000000001,1.175791457,2.242965
8119,0.002259181199999999,0.7334170000000001,1.1838316580000001,0.8359299999999998
8120,0.0022601411999999994,0.7334170000000001,1.175791457,0.19271400000000005
8121,0.002261101199999999,0.7535175000000001,1.175791457,0.4741209999999998
8122,0.0022620611999999993,0.7535175000000001,1.1838316580000001,1.559548
8123,0.002263021199999999,0.7334170000000001,1.1838316580000001,3.1273869999999997
8124,0.002263981199999999,0.7334170000000001,1.1838316580000001,4.534422
8125,0.0022649411999999996,0.7334170000000001,1.167751256,5.378643
8126,0.002265901199999999,0.7334170000000001,1.1838316580000001,5.378643
8127,0.0022668611999999994,0.7535175000000001,1.175791457,4.534422
8128,0.002267821199999999,0.7535175000000001,1.175791457,3.046985
8129,0.0022687811999999993,0.7535175000000001,1.191871859,1.3987439999999998
8130,0.002269741199999999,0.7535175000000001,1.191871859,0.4339200000000001
8131,0.002270701199999999,0.7535175000000001,1.1838316580000001,0.19271400000000005
8132,0.0022716611999999995,0.7133165,1.191871859,0.876131
8133,0.002272621199999999,0.7334170000000001,1.1838316580000001,2.323367
8134,0.0022735811999999994,0.773618,1.1838316580000001,3.931407
8135,0.002274541199999999,0.7334170000000001,1.175791457,5.137437
8136,0.0022755011999999993,0.7334170000000001,1.1838316580000001,5.459045
8137,0.002276461199999999,0.7535175000000001,1.19991206,4.85603
8138,0.002277421199999999,0.7334170000000001,1.1838316580000001,3.529397
8139,0.0022783811999999995,0.7334170000000001,1.191871859,1.840955
8140,0.002279341199999999,0.7535175000000001,1.191871859,0.634925
8141,0.0022803011999999985,0.7334170000000001,1.1838316580000001,0.1525129999999999
8142,0.0022812611999999998,0.7535175000000001,1.175791457,0.634925
8143,0.0022822211999999993,0.7535175000000001,1.175791457,1.921357
8144,0.0022831811999999988,0.7334170000000001,1.167751256,3.6097989999999998
8145,0.0022841412,0.7535175000000001,1.175791457,4.976633
8146,0.0022851011999999995,0.7535175000000001,1.1838316580000001,5.579648
8147,0.002286061199999999,0.7535175000000001,1.175791457,5.177638
8148,0.0022870211999999985,0.773618,1.175791457,3.931407
8149,0.0022879811999999998,0.7535175000000001,1.191871859,2.363568
8150,0.0022889411999999993,0.7334170000000001,1.1838316580000001,0.996734
8151,0.0022899011999999988,0.7334170000000001,1.1838316580000001,0.23291499999999976
8152,0.0022908612,0.7535175000000001,1.191871859,0.3535179999999998
8153,0.0022918211999999995,0.7334170000000001,1.175791457,1.2781409999999997
8154,0.002292781199999999,0.773618,1.191871859,2.926382
8155,0.0022937411999999985,0.7535175000000001,1.19991206,4.413819
8156,0.0022947011999999998,0.7334170000000001,1.1838316580000001,5.298241
8157,0.0022956611999999993,0.7535175000000001,1.19991206,5.459045
8158,0.0022966211999999988,0.7535175000000001,1.191871859,4.735427
8159,0.0022975812,0.7535175000000001,1.191871859,3.408794
8160,0.0022985411999999995,0.7937185000000001,1.19991206,1.7605529999999998
8161,0.002299501199999999,0.7535175000000001,1.1838316580000001,0.634925
8162,0.0023004611999999985,0.7535175000000001,1.175791457,0.1525129999999999
8163,0.0023014211999999997,0.7535175000000001,1.1838316580000001,0.5545229999999997
8164,0.0023023811999999992,0.773618,1.1838316580000001,1.800754
8165,0.0023033411999999987,0.773618,1.1838316580000001,3.3685929999999997
8166,0.0023043012,0.7535175000000001,1.191871859,4.695226
8167,0.0023052611999999995,0.7535175000000001,1.1838316580000001,5.418844
8168,0.002306221199999999,0.7535175000000001,1.167751256,5.298241
8169,0.0023071811999999985,0.7535175000000001,1.175791457,4.413819
8170,0.0023081411999999997,0.7535175000000001,1.175791457,2.966583
8171,0.0023091011999999992,0.773618,1.1838316580000001,1.479146
8172,0.0023100611999999987,0.7535175000000001,1.191871859,0.4339200000000001
8173,0.0023110212,0.773618,1.1838316580000001,0.19271400000000005
8174,0.0023119811999999995,0.7535175000000001,1.1838316580000001,0.876131
8175,0.002312941199999999,0.7535175000000001,1.19991206,2.202764
8176,0.0023139011999999985,0.7535175000000001,1.1838316580000001,3.810804
8177,0.0023148611999999997,0.7535175000000001,1.1838316580000001,4.976633
8178,0.0023158211999999992,0.773618,1.191871859,5.539447
8179,0.0023167811999999987,0.7334170000000001,1.19991206,5.097236
8180,0.0023177412,0.7334170000000001,1.191871859,3.931407
8181,0.0023187011999999995,0.7535175000000001,1.19991206,2.323367
8182,0.002319661199999999,0.7535175000000001,1.19991206,0.9163319999999997
8183,0.0023206211999999985,0.773618,1.191871859,0.19271400000000005
8184,0.0023215811999999997,0.7535175000000001,1.191871859,0.3535179999999998
8185,0.002322541199999999,0.7334170000000001,1.191871859,1.479146
8186,0.0023235011999999987,0.773618,1.1838316580000001,3.0067839999999997
8187,0.0023244612,0.773618,1.191871859,4.494221
8188,0.0023254211999999995,0.7535175000000001,1.175791457,5.338442
8189,0.002326381199999999,0.773618,1.175791457,5.418844
8190,0.0023273411999999985,0.773618,1.175791457,4.494221
8191,0.0023283011999999997,0.7535175000000001,1.175791457,3.087186
8192,0.002329261199999999,0.773618,1.1838316580000001,1.559548
8193,0.0023302211999999987,0.773618,1.1838316580000001,0.4339200000000001
8194,0.0023311812,0.7535175000000001,1.1838316580000001,0.19271400000000005
8195,0.0023321411999999994,0.773618,1.1838316580000001,0.9163319999999997
8196,0.002333101199999999,0.773618,1.1838316580000001,2.242965
8197,0.0023340611999999985,0.7535175000000001,1.1838316580000001,3.810804
8198,0.0023350211999999997,0.773618,1.191871859,5.097236
8199,0.002335981199999999,0.7535175000000001,1.191871859,5.418844
8200,0.0023369411999999987,0.773618,1.191871859,4.976633
8201,0.0023379012,0.7535175000000001,1.1838316580000001,3.690201
8202,0.0023388611999999994,0.773618,1.191871859,2.323367
8203,0.002339821199999999,0.7535175000000001,1.191871859,0.755528
8204,0.0023407811999999984,0.773618,1.19991206,0.19271400000000005
8205,0.0023417411999999997,0.773618,1.191871859,0.514322
8206,0.002342701199999999,0.773618,1.19991206,1.6399499999999998
8207,0.0023436611999999987,0.7535175000000001,1.1838316580000001,3.328392
8208,0.0023446212,0.773618,1.191871859,4.574623
8209,0.0023455811999999994,0.773618,1.1838316580000001,5.459045
8210,0.002346541199999999,0.773618,1.1838316580000001,5.338442
8211,0.0023475011999999984,0.773618,1.1838316580000001,4.2530149999999995
8212,0.0023484611999999997,0.7535175000000001,1.167751256,2.725377
8213,0.002349421199999999,0.773618,1.1838316580000001,1.1977389999999999
8214,0.0023503811999999987,0.7535175000000001,1.175791457,0.19271400000000005
8215,0.0023513412,0.773618,1.175791457,0.3535179999999998
8216,0.0023523011999999994,0.773618,1.1838316580000001,1.3987439999999998
8217,0.002353261199999999,0.773618,1.1838316580000001,2.84598
8218,0.0023542211999999984,0.7535175000000001,1.1838316580000001,4.333417
8219,0.0023551811999999997,0.773618,1.1838316580000001,5.378643
8220,0.002356141199999999,0.7535175000000001,1.1838316580000001,5.378643
8221,0.0023571011999999987,0.773618,1.191871859,4.494221
8222,0.0023580612,0.7937185000000001,1.191871859,3.046985
8223,0.0023590211999999994,0.773618,1.191871859,1.5193469999999998
8224,0.002359981199999999,0.7535175000000001,1.1838316580000001,0.4339200000000001
8225,0.0023609411999999984,0.773618,1.191871859,0.23291499999999976
8226,0.0023619011999999997,0.7535175000000001,1.191871859,0.9163319999999997
8227,0.002362861199999999,0.773618,1.175791457,2.323367
8228,0.0023638211999999987,0.773618,1.191871859,3.931407
8229,0.0023647812,0.773618,1.191871859,5.137437
8230,0.0023657411999999994,0.7334170000000001,1.1838316580000001,5.539447
8231,0.002366701199999999,0.7535175000000001,1.191871859,5.057035
8232,0.0023676611999999984,0.7535175000000001,1.191871859,3.810804
8233,0.0023686211999999996,0.773618,1.175791457,2.242965
8234,0.002369581199999999,0.773618,1.175791457,0.9565329999999999
8235,0.0023705411999999986,0.7535175000000001,1.1838316580000001,0.2731159999999999
8236,0.0023715012,0.773618,1.1838316580000001,0.39371899999999993
8237,0.0023724611999999994,0.773618,1.175791457,1.3987439999999998
8238,0.002373421199999999,0.773618,1.175791457,2.84598
8239,0.0023743811999999984,0.7535175000000001,1.175791457,4.293216
8240,0.0023753411999999996,0.7535175000000001,1.175791457,5.338442
8241,0.002376301199999999,0.7535175000000001,1.175791457,5.499245999999999
8242,0.0023772611999999986,0.773618,1.1838316580000001,4.85603
8243,0.0023782212,0.7334170000000001,1.175791457,3.569598
8244,0.0023791811999999994,0.773618,1.1838316580000001,2.082161
8245,0.002380141199999999,0.773618,1.175791457,0.6751259999999997
8246,0.0023811011999999984,0.773618,1.1838316580000001,0.1525129999999999
8247,0.0023820611999999996,0.773618,1.191871859,0.5545229999999997
8248,0.002383021199999999,0.8138190000000001,1.191871859,1.6399499999999998
8249,0.0023839811999999986,0.773618,1.191871859,3.328392
8250,0.0023849412,0.7937185000000001,1.1838316580000001,4.735427
8251,0.0023859011999999994,0.7535175000000001,1.19991206,5.539447
8252,0.002386861199999999,0.773618,1.191871859,5.298241
8253,0.0023878211999999984,0.7535175000000001,1.191871859,4.172613
8254,0.0023887811999999996,0.7535175000000001,1.1838316580000001,2.5243719999999996
8255,0.002389741199999999,0.773618,1.191871859,1.0369349999999997
8256,0.0023907011999999986,0.773618,1.191871859,0.23291499999999976
8257,0.0023916612,0.773618,1.1838316580000001,0.39371899999999993
8258,0.0023926211999999994,0.7937185000000001,1.191871859,1.438945
8259,0.002393581199999999,0.773618,1.175791457,3.046985
8260,0.0023945411999999984,0.773618,1.175791457,4.574623
8261,0.0023955011999999996,0.7535175000000001,1.1838316580000001,5.418844
8262,0.002396461199999999,0.773618,1.175791457,5.378643
8263,0.0023974211999999986,0.7937185000000001,1.1838316580000001,4.413819
8264,0.0023983812,0.773618,1.175791457,2.926382
8265,0.0023993411999999993,0.7937185000000001,1.191871859,1.318342
8266,0.002400301199999999,0.773618,1.191871859,0.31331700000000007
8267,0.0024012611999999984,0.7937185000000001,1.1838316580000001,0.2731159999999999
8268,0.0024022211999999996,0.7937185000000001,1.191871859,1.0771359999999999
8269,0.002403181199999999,0.773618,1.19991206,2.604774
8270,0.0024041411999999986,0.7937185000000001,1.191871859,4.172613
8271,0.0024051012,0.7937185000000001,1.1838316580000001,5.258039999999999
8272,0.0024060611999999993,0.773618,1.191871859,5.539447
8273,0.002407021199999999,0.7937185000000001,1.1838316580000001,4.936432
8274,0.0024079811999999983,0.773618,1.191871859,3.569598
8275,0.0024089411999999996,0.7535175000000001,1.191871859,2.001759
8276,0.002409901199999999,0.773618,1.191871859,0.7153269999999998
8277,0.0024108611999999986,0.7535175000000001,1.191871859,0.1525129999999999
8278,0.0024118212,0.7937185000000001,1.1838316580000001,0.4339200000000001
8279,0.0024127811999999993,0.7937185000000001,1.191871859,1.599749
8280,0.002413741199999999,0.773618,1.207952261,3.167588
8281,0.0024147011999999983,0.7937185000000001,1.1838316580000001,4.614824
8282,0.0024156611999999996,0.773618,1.175791457,5.459045
8283,0.002416621199999999,0.7937185000000001,1.1838316580000001,5.459045
8284,0.0024175811999999986,0.7937185000000001,1.191871859,4.695226
8285,0.0024185412,0.773618,1.1838316580000001,3.3685929999999997
8286,0.0024195011999999993,0.7535175000000001,1.167751256,1.800754
8287,0.002420461199999999,0.7937185000000001,1.175791457,0.6751259999999997
8288,0.0024214212,0.7937185000000001,1.1838316580000001,0.1525129999999999
8289,0.0024223811999999996,0.7937185000000001,1.191871859,0.5545229999999997
8290,0.002423341199999999,0.773618,1.19991206,1.599749
8291,0.0024243011999999986,0.7937185000000001,1.191871859,2.966583
8292,0.0024252612,0.773618,1.19991206,4.413819
8293,0.0024262211999999993,0.7937185000000001,1.191871859,5.378643
8294,0.002427181199999999,0.8138190000000001,1.191871859,5.499245999999999
8295,0.0024281412,0.773618,1.19991206,4.976633
8296,0.0024291011999999996,0.773618,1.191871859,3.65
8297,0.002430061199999999,0.7937185000000001,1.1838316580000001,2.242965
8298,0.0024310211999999986,0.7937185000000001,1.191871859,0.996734
8299,0.0024319812,0.8138190000000001,1.191871859,0.23291499999999976
8300,0.0024329411999999993,0.773618,1.191871859,0.3535179999999998
8301,0.002433901199999999,0.7937185000000001,1.19991206,1.318342
8302,0.0024348612,0.7535175000000001,1.191871859,2.8861809999999997
8303,0.0024358211999999995,0.8138190000000001,1.191871859,4.373618
8304,0.002436781199999999,0.7937185000000001,1.191871859,5.378643
8305,0.0024377411999999985,0.7937185000000001,1.191871859,5.459045
8306,0.0024387012,0.773618,1.1838316580000001,4.655025
8307,0.0024396611999999993,0.773618,1.191871859,3.207789
8308,0.002440621199999999,0.773618,1.191871859,1.5193469999999998
8309,0.0024415812,0.7937185000000001,1.1838316580000001,0.3535179999999998
8310,0.0024425411999999995,0.773618,1.1838316580000001,0.2731159999999999
8311,0.002443501199999999,0.8138190000000001,1.175791457,1.0369349999999997
8312,0.0024444611999999985,0.7937185000000001,1.191871859,2.604774
8313,0.0024454211999999998,0.8138190000000001,1.1838316580000001,4.2530149999999995
8314,0.0024463811999999993,0.7937185000000001,1.1838316580000001,5.338442
8315,0.0024473411999999988,0.8138190000000001,1.191871859,5.499245999999999
8316,0.0024483012,0.7937185000000001,1.175791457,4.494221
8317,0.0024492611999999995,0.8138190000000001,1.1838316580000001,2.966583
8318,0.002450221199999999,0.773618,1.191871859,1.358543
8319,0.0024511811999999985,0.773618,1.191871859,0.3535179999999998
8320,0.0024521411999999998,0.7937185000000001,1.191871859,0.2731159999999999
8321,0.0024531011999999993,0.773618,1.1838316580000001,1.117337
8322,0.0024540611999999988,0.773618,1.207952261,2.5243719999999996
8323,0.0024550212,0.7937185000000001,1.191871859,4.092211
8324,0.0024559811999999995,0.7937185000000001,1.191871859,5.217839
8325,0.002456941199999999,0.773618,1.191871859,5.579648
8326,0.0024579011999999985,0.7937185000000001,1.175791457,4.936432
8327,0.0024588611999999998,0.7937185000000001,1.1838316580000001,3.7304019999999998
8328,0.0024598211999999993,0.7937185000000001,1.191871859,2.082161
8329,0.0024607811999999988,0.7937185000000001,1.175791457,0.755528
8330,0.0024617412,0.8138190000000001,1.175791457,0.19271400000000005
8331,0.0024627011999999995,0.7937185000000001,1.1838316580000001,0.4339200000000001
8332,0.002463661199999999,0.7937185000000001,1.1838316580000001,1.318342
8333,0.0024646211999999985,0.8138190000000001,1.175791457,2.805779
8334,0.0024655811999999997,0.773618,1.1838316580000001,4.2530149999999995
8335,0.0024665411999999992,0.7937185000000001,1.1838316580000001,5.298241
8336,0.0024675011999999987,0.773618,1.191871859,5.619849
8337,0.0024684612,0.7937185000000001,1.19991206,5.057035
8338,0.0024694211999999995,0.7937185000000001,1.191871859,3.891206
8339,0.002470381199999999,0.7937185000000001,1.19991206,2.4037689999999996
8340,0.0024713411999999985,0.7937185000000001,1.191871859,1.1575379999999997
8341,0.0024723011999999997,0.8138190000000001,1.19991206,0.23291499999999976
8342,0.0024732611999999992,0.7937185000000001,1.19991206,0.2731159999999999
8343,0.0024742211999999987,0.773618,1.191871859,1.0369349999999997
8344,0.0024751812,0.773618,1.191871859,2.44397
8345,0.0024761411999999995,0.7937185000000001,1.19991206,3.971608
8346,0.002477101199999999,0.8138190000000001,1.1838316580000001,5.137437
8347,0.0024780611999999985,0.7937185000000001,1.191871859,5.579648
8348,0.0024790211999999997,0.8339195,1.175791457,5.177638
8349,0.0024799811999999992,0.773618,1.191871859,3.971608
8350,0.0024809411999999987,0.8138190000000001,1.1838316580000001,2.44397
8351,0.0024819012,0.7937185000000001,1.1838316580000001,1.0369349999999997
8352,0.0024828611999999995,0.7937185000000001,1.191871859,0.2731159999999999
8353,0.002483821199999999,0.8138190000000001,1.175791457,0.3535179999999998
8354,0.0024847811999999985,0.7937185000000001,1.175791457,1.318342
8355,0.0024857411999999997,0.8138190000000001,1.1838316580000001,2.84598
8356,0.002486701199999999,0.7937185000000001,1.1838316580000001,4.373618
8357,0.0024876611999999987,0.8138190000000001,1.167751256,5.418844
8358,0.0024886212,0.8138190000000001,1.1838316580000001,5.459045
8359,0.0024895811999999995,0.8138190000000001,1.191871859,4.574623
8360,0.002490541199999999,0.7937185000000001,1.1838316580000001,3.087186
8361,0.0024915011999999985,0.7937185000000001,1.191871859,1.479146
8362,0.0024924611999999997,0.8138190000000001,1.191871859,0.39371899999999993
8363,0.002493421199999999,0.7937185000000001,1.191871859,0.23291499999999976
8364,0.0024943811999999987,0.8138190000000001,1.191871859,1.0771359999999999
8365,0.0024953412,0.8138190000000001,1.191871859,2.6449749999999996
8366,0.0024963011999999994,0.8138190000000001,1.191871859,4.2530149999999995
8367,0.002497261199999999,0.8138190000000001,1.19991206,5.338442
8368,0.0024982211999999985,0.8138190000000001,1.19991206,5.499245999999999
8369,0.0024991811999999997,0.8138190000000001,1.191871859,4.775628
8370,0.002500141199999999,0.7937185000000001,1.191871859,3.288191
8371,0.0025011011999999987,0.8138190000000001,1.191871859,1.599749
8372,0.0025020612,0.773618,1.1838316580000001,0.4339200000000001
8373,0.0025030211999999994,0.7937185000000001,1.175791457,0.23291499999999976
8374,0.002503981199999999,0.7937185000000001,1.191871859,0.876131
8375,0.0025049411999999984,0.8339195,1.1838316580000001,2.2831659999999996
8376,0.0025059011999999997,0.8138190000000001,1.1838316580000001,3.891206
8377,0.002506861199999999,0.8138190000000001,1.175791457,5.137437
8378,0.0025078211999999987,0.8138190000000001,1.191871859,5.579648
8379,0.0025087812,0.7937185000000001,1.1838316580000001,5.137437
8380,0.0025097411999999994,0.7937185000000001,1.191871859,3.971608
8381,0.002510701199999999,0.8138190000000001,1.191871859,2.44397
8382,0.0025116611999999984,0.7937185000000001,1.191871859,1.0369349999999997
8383,0.0025126211999999997,0.8339195,1.191871859,0.19271400000000005
8384,0.002513581199999999,0.8138190000000001,1.19991206,0.2731159999999999
8385,0.0025145411999999987,0.8138190000000001,1.19991206,1.23794
8386,0.0025155012,0.7937185000000001,1.191871859,2.604774
8387,0.0025164611999999994,0.7937185000000001,1.19991206,4.1324119999999995
8388,0.002517421199999999,0.7937185000000001,1.191871859,5.258039999999999
8389,0.0025183811999999984,0.7937185000000001,1.19991206,5.579648
8390,0.0025193411999999997,0.7937185000000001,1.19991206,5.097236
8391,0.002520301199999999,0.7937185000000001,1.191871859,3.931407
8392,0.0025212611999999987,0.8138190000000001,1.191871859,2.44397
8393,0.0025222212,0.8138190000000001,1.1838316580000001,1.0771359999999999
8394,0.0025231811999999994,0.85402,1.175791457,0.2731159999999999
8395,0.002524141199999999,0.8138190000000001,1.1838316580000001,0.31331700000000007
8396,0.0025251011999999984,0.8339195,1.1838316580000001,1.1575379999999997
8397,0.0025260611999999997,0.8339195,1.191871859,2.5243719999999996
8398,0.002527021199999999,0.8339195,1.1838316580000001,4.0118089999999995
8399,0.0025279811999999987,0.8138190000000001,1.1838316580000001,5.137437
8400,0.0025289412,0.773618,1.175791457,5.619849
8401,0.0025299011999999994,0.8138190000000001,1.1838316580000001,5.057035
8402,0.002530861199999999,0.8339195,1.175791457,3.851005
8403,0.0025318211999999984,0.8138190000000001,1.1838316580000001,2.242965
8404,0.0025327811999999996,0.85402,1.191871859,0.876131
8405,0.002533741199999999,0.8138190000000001,1.1838316580000001,0.1525129999999999
8406,0.0025347011999999986,0.8138190000000001,1.1838316580000001,0.39371899999999993
8407,0.0025356612,0.8138190000000001,1.191871859,1.438945
8408,0.0025366211999999994,0.8339195,1.191871859,3.046985
8409,0.002537581199999999,0.8138190000000001,1.191871859,4.494221
8410,0.0025385411999999984,0.7937185000000001,1.19991206,5.459045
8411,0.0025395011999999996,0.8138190000000001,1.191871859,5.499245999999999
8412,0.002540461199999999,0.8339195,1.19991206,4.655025
8413,0.0025414211999999986,0.8138190000000001,1.191871859,3.2479899999999997
8414,0.0025423812,0.8138190000000001,1.191871859,1.6399499999999998
8415,0.0025433411999999994,0.8138190000000001,1.1838316580000001,0.4741209999999998
8416,0.002544301199999999,0.8138190000000001,1.191871859,0.1525129999999999
8417,0.0025452611999999984,0.8339195,1.191871859,0.8359299999999998
8418,0.0025462211999999996,0.85402,1.1838316580000001,2.242965
8419,0.002547181199999999,0.7937185000000001,1.1838316580000001,3.931407
8420,0.0025481411999999986,0.8138190000000001,1.191871859,5.137437
8421,0.0025491012,0.7937185000000001,1.1838316580000001,5.66005
8422,0.0025500611999999994,0.8138190000000001,1.1838316580000001,5.097236
8423,0.002551021199999999,0.85402,1.191871859,3.7304019999999998
8424,0.0025519811999999984,0.8138190000000001,1.191871859,2.122362
8425,0.0025529411999999996,0.8138190000000001,1.1838316580000001,0.7957289999999997
8426,0.002553901199999999,0.8138190000000001,1.175791457,0.1525129999999999
8427,0.0025548611999999986,0.8339195,1.191871859,0.4741209999999998
8428,0.0025558212,0.8339195,1.191871859,1.559548
8429,0.0025567811999999994,0.8339195,1.1838316580000001,3.1273869999999997
8430,0.002557741199999999,0.7937185000000001,1.1838316580000001,4.614824
8431,0.0025587011999999984,0.8138190000000001,1.191871859,5.499245999999999
8432,0.0025596611999999996,0.8138190000000001,1.19991206,5.418844
8433,0.002560621199999999,0.8138190000000001,1.191871859,4.614824
8434,0.0025615811999999986,0.8138190000000001,1.19991206,3.2479899999999997
8435,0.0025625412,0.8138190000000001,1.207952261,1.599749
8436,0.0025635011999999993,0.8138190000000001,1.207952261,0.5545229999999997
8437,0.002564461199999999,0.8339195,1.207952261,0.19271400000000005
8438,0.0025654211999999984,0.8138190000000001,1.19991206,0.5947239999999998
8439,0.0025663811999999996,0.8339195,1.19991206,1.840955
8440,0.002567341199999999,0.8339195,1.191871859,3.328392
8441,0.0025683011999999986,0.7937185000000001,1.19991206,4.614824
8442,0.0025692612,0.8138190000000001,1.191871859,5.459045
8443,0.0025702211999999993,0.8339195,1.191871859,5.539447
8444,0.002571181199999999,0.8339195,1.191871859,4.735427
8445,0.0025721411999999983,0.8138190000000001,1.175791457,3.448995
8446,0.0025731011999999996,0.8339195,1.1838316580000001,1.961558
8447,0.002574061199999999,0.8339195,1.19991206,0.755528
8448,0.0025750211999999986,0.8339195,1.191871859,0.19271400000000005
8449,0.0025759812,0.8339195,1.19991206,0.39371899999999993
8450,0.0025769411999999993,0.8138190000000001,1.175791457,1.3987439999999998
8451,0.002577901199999999,0.8138190000000001,1.191871859,2.84598
8452,0.0025788611999999983,0.8138190000000001,1.1838316580000001,4.333417
8453,0.0025798211999999996,0.8339195,1.191871859,5.338442
8454,0.002580781199999999,0.8339195,1.1838316580000001,5.579648
8455,0.0025817411999999986,0.8138190000000001,1.191871859,4.976633
8456,0.0025827012,0.8138190000000001,1.191871859,3.569598
8457,0.0025836611999999993,0.8339195,1.19991206,2.082161
8458,0.002584621199999999,0.8138190000000001,1.19991206,0.7957289999999997
8459,0.0025855811999999983,0.8339195,1.19991206,0.1525129999999999
8460,0.0025865411999999996,0.85402,1.19991206,0.4741209999999998
8461,0.002587501199999999,0.8339195,1.191871859,1.559548
8462,0.0025884611999999986,0.8339195,1.19991206,3.087186
8463,0.0025894212,0.85402,1.191871859,4.534422
8464,0.0025903811999999993,0.8339195,1.191871859,5.378643
8465,0.002591341199999999,0.8138190000000001,1.191871859,5.499245999999999
8466,0.0025923012,0.8138190000000001,1.191871859,4.655025
8467,0.0025932611999999996,0.8138190000000001,1.191871859,3.207789
8468,0.002594221199999999,0.8339195,1.191871859,1.680151
8469,0.0025951811999999986,0.8138190000000001,1.175791457,0.5947239999999998
8470,0.0025961412,0.8138190000000001,1.191871859,0.19271400000000005
8471,0.0025971011999999993,0.8339195,1.1838316580000001,0.8359299999999998
8472,0.002598061199999999,0.8339195,1.19991206,2.082161
8473,0.0025990212,0.85402,1.175791457,3.770603
8474,0.0025999811999999995,0.8339195,1.191871859,5.016834
8475,0.002600941199999999,0.8339195,1.191871859,5.579648
8476,0.0026019011999999985,0.7937185000000001,1.1838316580000001,5.137437
8477,0.0026028612,0.7937185000000001,1.191871859,3.971608
8478,0.0026038211999999993,0.8339195,1.191871859,2.363568
8479,0.002604781199999999,0.8138190000000001,1.19991206,0.876131
8480,0.0026057412,0.8138190000000001,1.19991206,0.19271400000000005
8481,0.0026067011999999995,0.8339195,1.191871859,0.4741209999999998
8482,0.002607661199999999,0.8339195,1.19991206,1.5193469999999998
8483,0.0026086211999999985,0.8339195,1.207952261,3.288191
8484,0.0026095811999999998,0.8339195,1.191871859,4.775628
8485,0.0026105411999999993,0.8339195,1.191871859,5.499245999999999
8486,0.0026115011999999988,0.8339195,1.19991206,5.378643
8487,0.0026124612,0.8138190000000001,1.19991206,4.373618
8488,0.0026134211999999995,0.8138190000000001,1.19991206,2.8861809999999997
8489,0.002614381199999999,0.85402,1.191871859,1.318342
8490,0.0026153411999999985,0.85402,1.1838316580000001,0.31331700000000007
8491,0.0026163011999999998,0.8339195,1.1838316580000001,0.19271400000000005
8492,0.0026172611999999993,0.8138190000000001,1.175791457,0.9163319999999997
8493,0.0026182211999999988,0.8339195,1.1838316580000001,2.242965
8494,0.0026191812,0.8339195,1.1838316580000001,3.810804
8495,0.0026201411999999995,0.8138190000000001,1.1838316580000001,5.016834
8496,0.002621101199999999,0.8339195,1.191871859,5.579648
8497,0.0026220611999999985,0.8339195,1.191871859,5.459045
8498,0.0026230211999999998,0.85402,1.191871859,4.413819
8499,0.0026239811999999993,0.8339195,1.191871859,3.046985
8500,0.0026249411999999988,0.8138190000000001,1.175791457,1.6399499999999998
8501,0.0026259012,0.8339195,1.19991206,0.5545229999999997
8502,0.0026268611999999995,0.85402,1.191871859,0.19271400000000005
8503,0.002627821199999999,0.8339195,1.191871859,0.634925
8504,0.0026287811999999985,0.8138190000000001,1.19991206,1.680151
8505,0.0026297411999999997,0.8138190000000001,1.191871859,3.1273869999999997
8506,0.0026307011999999992,0.8339195,1.191871859,4.534422
8507,0.0026316611999999988,0.85402,1.191871859,5.499245999999999
8508,0.0026326212,0.8339195,1.191871859,5.539447
8509,0.0026335811999999995,0.8339195,1.19991206,4.655025
8510,0.002634541199999999,0.85402,1.191871859,3.1273869999999997
8511,0.0026355011999999985,0.85402,1.19991206,1.6399499999999998
8512,0.0026364611999999997,0.8339195,1.191871859,0.514322
8513,0.0026374211999999992,0.8339195,1.191871859,0.19271400000000005
8514,0.0026383811999999987,0.85402,1.191871859,0.996734
8515,0.0026393412,0.8138190000000001,1.191871859,2.323367
8516,0.0026403011999999995,0.85402,1.175791457,3.971608
8517,0.002641261199999999,0.85402,1.167751256,5.258039999999999
8518,0.0026422211999999985,0.8339195,1.191871859,5.66005
8519,0.0026431811999999997,0.8138190000000001,1.1838316580000001,5.016834
8520,0.0026441411999999992,0.85402,1.19991206,3.569598
8521,0.0026451011999999987,0.8138190000000001,1.191871859,1.961558
8522,0.0026460612,0.8339195,1.1838316580000001,0.6751259999999997
8523,0.0026470211999999995,0.8339195,1.191871859,0.19271400000000005
8524,0.002647981199999999,0.8138190000000001,1.191871859,0.7153269999999998
8525,0.0026489411999999985,0.85402,1.19991206,1.961558
8526,0.0026499011999999997,0.8339195,1.19991206,3.690201
8527,0.002650861199999999,0.85402,1.1838316580000001,5.057035
8528,0.0026518211999999987,0.85402,1.19991206,5.579648
8529,0.0026527812,0.85402,1.19991206,5.258039999999999
8530,0.0026537411999999995,0.8339195,1.191871859,4.0118089999999995
8531,0.002654701199999999,0.8339195,1.19991206,2.5243719999999996
8532,0.0026556611999999985,0.8138190000000001,1.191871859,0.996734
8533,0.0026566211999999997,0.8339195,1.191871859,0.19271400000000005
8534,0.002657581199999999,0.8138190000000001,1.19991206,0.3535179999999998
8535,0.0026585411999999987,0.85402,1.191871859,1.438945
8536,0.0026595012,0.8339195,1.191871859,2.84598
8537,0.0026604611999999995,0.85402,1.191871859,4.373618
8538,0.002661421199999999,0.8138190000000001,1.1838316580000001,5.418844
8539,0.0026623811999999985,0.8339195,1.191871859,5.539447
8540,0.0026633411999999997,0.8138190000000001,1.1838316580000001,4.896231
8541,0.002664301199999999,0.8339195,1.175791457,3.448995
8542,0.0026652611999999987,0.85402,1.1838316580000001,1.921357
8543,0.0026662212,0.85402,1.191871859,0.6751259999999997
8544,0.0026671811999999994,0.8339195,1.19991206,0.19271400000000005
8545,0.002668141199999999,0.85402,1.1838316580000001,0.5947239999999998
8546,0.0026691011999999984,0.85402,1.19991206,1.559548
8547,0.0026700611999999997,0.8339195,1.191871859,3.046985
8548,0.002671021199999999,0.85402,1.191871859,4.45402
8549,0.0026719811999999987,0.8339195,1.191871859,5.418844
8550,0.0026729412,0.85402,1.207952261,5.579648
8551,0.0026739011999999994,0.85402,1.191871859,4.936432
8552,0.002674861199999999,0.8741205000000001,1.19991206,3.6097989999999998
8553,0.0026758211999999984,0.85402,1.207952261,2.04196
8554,0.0026767811999999997,0.8741205000000001,1.19991206,0.7957289999999997
8555,0.002677741199999999,0.85402,1.207952261,0.1525129999999999
8556,0.0026787011999999987,0.8339195,1.19991206,0.4339200000000001
8557,0.0026796612,0.85402,1.19991206,1.438945
8558,0.0026806211999999994,0.85402,1.191871859,2.966583
8559,0.002681581199999999,0.85402,1.1838316580000001,4.373618
8560,0.0026825411999999984,0.85402,1.191871859,5.418844
8561,0.0026835011999999997,0.8138190000000001,1.191871859,5.539447
8562,0.002684461199999999,0.8339195,1.1838316580000001,4.896231
8563,0.0026854211999999987,0.85402,1.1838316580000001,3.4891959999999997
8564,0.0026863812,0.8741205000000001,1.191871859,1.800754
8565,0.0026873411999999994,0.85402,1.1838316580000001,0.5947239999999998
8566,0.002688301199999999,0.85402,1.191871859,0.11231199999999975
8567,0.0026892611999999984,0.894221,1.191871859,0.7153269999999998
8568,0.0026902211999999997,0.85402,1.191871859,2.04196
8569,0.002691181199999999,0.8741205000000001,1.191871859,3.65
8570,0.0026921411999999987,0.8741205000000001,1.191871859,5.097236
8571,0.0026931012,0.85402,1.191871859,5.619849
8572,0.0026940611999999994,0.85402,1.19991206,5.217839
8573,0.002695021199999999,0.85402,1.191871859,3.931407
8574,0.0026959811999999984,0.85402,1.191871859,2.242965
8575,0.0026969411999999996,0.8741205000000001,1.19991206,0.876131
8576,0.002697901199999999,0.85402,1.207952261,0.23291499999999976
8577,0.0026988611999999986,0.85402,1.191871859,0.4339200000000001
8578,0.0026998212,0.8741205000000001,1.191871859,1.599749
8579,0.0027007811999999994,0.85402,1.19991206,3.167588
8580,0.002701741199999999,0.8339195,1.19991206,4.655025
8581,0.0027027011999999984,0.85402,1.19991206,5.539447
8582,0.0027036611999999996,0.8741205000000001,1.191871859,5.539447
8583,0.002704621199999999,0.85402,1.191871859,4.695226
8584,0.0027055811999999986,0.85402,1.191871859,3.2479899999999997
8585,0.0027065412,0.85402,1.19991206,1.7203519999999999
8586,0.0027075011999999994,0.85402,1.1838316580000001,0.5545229999999997
8587,0.002708461199999999,0.85402,1.1838316580000001,0.1525129999999999
8588,0.0027094211999999984,0.8741205000000001,1.1838316580000001,0.5947239999999998
8589,0.0027103811999999996,0.85402,1.1838316580000001,1.680151
8590,0.002711341199999999,0.8741205000000001,1.1838316580000001,3.167588
8591,0.0027123011999999986,0.894221,1.1838316580000001,4.534422
8592,0.0027132612,0.8339195,1.191871859,5.418844
8593,0.0027142211999999994,0.8339195,1.191871859,5.579648
8594,0.002715181199999999,0.8339195,1.19991206,4.936432
8595,0.0027161411999999984,0.85402,1.19991206,3.65
8596,0.0027171011999999996,0.85402,1.191871859,2.122362
8597,0.002718061199999999,0.8741205000000001,1.19991206,0.876131
8598,0.0027190211999999986,0.8741205000000001,1.191871859,0.23291499999999976
8599,0.0027199812,0.85402,1.191871859,0.39371899999999993
8600,0.0027209411999999994,0.85402,1.215992462,1.2781409999999997
8601,0.002721901199999999,0.85402,1.19991206,2.8861809999999997
8602,0.0027228611999999984,0.8339195,1.191871859,4.333417
8603,0.0027238211999999996,0.85402,1.191871859,5.338442
8604,0.002724781199999999,0.8741205000000001,1.19991206,5.579648
8605,0.0027257411999999986,0.85402,1.19991206,4.976633
8606,0.0027267012,0.8339195,1.191871859,3.6097989999999998
8607,0.0027276611999999993,0.85402,1.191871859,2.04196
8608,0.002728621199999999,0.85402,1.191871859,0.755528
8609,0.0027295811999999984,0.894221,1.191871859,0.19271400000000005
8610,0.0027305411999999996,0.8339195,1.1838316580000001,0.5545229999999997
8611,0.002731501199999999,0.85402,1.1838316580000001,1.7203519999999999
8612,0.0027324611999999986,0.8741205000000001,1.1838316580000001,3.3685929999999997
8613,0.0027334212,0.8741205000000001,1.19991206,4.775628
8614,0.0027343811999999993,0.8741205000000001,1.191871859,5.619849
8615,0.002735341199999999,0.8339195,1.191871859,5.459045
8616,0.0027363011999999983,0.8741205000000001,1.19991206,4.373618
8617,0.0027372611999999996,0.85402,1.191871859,2.84598
8618,0.002738221199999999,0.894221,1.19991206,1.358543
8619,0.0027391811999999986,0.8741205000000001,1.191871859,0.31331700000000007
8620,0.0027401412,0.85402,1.19991206,0.23291499999999976
8621,0.0027411011999999993,0.8741205000000001,1.19991206,1.0369349999999997
8622,0.002742061199999999,0.85402,1.207952261,2.5243719999999996
8623,0.0027430211999999983,0.85402,1.19991206,4.0118089999999995
8624,0.0027439811999999996,0.85402,1.19991206,5.177638
8625,0.002744941199999999,0.85402,1.19991206,5.619849
8626,0.0027459011999999986,0.8741205000000001,1.207952261,5.057035
8627,0.0027468612,0.8741205000000001,1.19991206,3.851005
8628,0.0027478211999999993,0.8741205000000001,1.191871859,2.242965
8629,0.002748781199999999,0.8339195,1.19991206,0.876131
8630,0.0027497411999999983,0.85402,1.191871859,0.19271400000000005
8631,0.0027507011999999996,0.8741205000000001,1.191871859,0.39371899999999993
8632,0.002751661199999999,0.8741205000000001,1.191871859,1.438945
8633,0.0027526211999999986,0.8741205000000001,1.1838316580000001,2.84598
8634,0.0027535812,0.85402,1.191871859,4.45402
8635,0.0027545411999999993,0.85402,1.1838316580000001,5.459045
8636,0.002755501199999999,0.894221,1.191871859,5.619849
8637,0.0027564611999999983,0.8741205000000001,1.191871859,4.936432
8638,0.0027574211999999996,0.85402,1.191871859,3.6097989999999998
8639,0.002758381199999999,0.8741205000000001,1.19991206,2.001759
8640,0.0027593411999999986,0.8741205000000001,1.19991206,0.755528
8641,0.0027603012,0.85402,1.19991206,0.19271400000000005
8642,0.0027612611999999993,0.8741205000000001,1.19991206,0.4741209999999998
8643,0.002762221199999999,0.8741205000000001,1.19991206,1.5193469999999998
8644,0.0027631811999999983,0.8741205000000001,1.215992462,2.966583
8645,0.0027641411999999995,0.8741205000000001,1.19991206,4.45402
8646,0.002765101199999999,0.894221,1.191871859,5.459045
8647,0.0027660611999999985,0.8741205000000001,1.19991206,5.579648
8648,0.0027670212,0.8741205000000001,1.191871859,4.815829
8649,0.0027679811999999993,0.8741205000000001,1.191871859,3.569598
8650,0.002768941199999999,0.85402,1.191871859,1.921357
8651,0.0027699012,0.8741205000000001,1.19991206,0.6751259999999997
8652,0.0027708611999999995,0.8741205000000001,1.19991206,0.19271400000000005
8653,0.002771821199999999,0.8741205000000001,1.19991206,0.5545229999999997
8654,0.0027727811999999985,0.8339195,1.191871859,1.8811559999999998
8655,0.0027737411999999998,0.894221,1.191871859,3.3685929999999997
8656,0.0027747011999999993,0.85402,1.191871859,4.85603
8657,0.0027756611999999988,0.8741205000000001,1.191871859,5.579648
8658,0.0027766212,0.894221,1.191871859,5.378643
8659,0.0027775811999999995,0.8741205000000001,1.191871859,4.373618
8660,0.002778541199999999,0.894221,1.1838316580000001,2.805779
8661,0.0027795011999999985,0.85402,1.191871859,1.2781409999999997
8662,0.0027804611999999998,0.8741205000000001,1.191871859,0.31331700000000007
8663,0.0027814211999999993,0.85402,1.191871859,0.23291499999999976
8664,0.0027823811999999988,0.8741205000000001,1.207952261,1.0369349999999997
8665,0.0027833412,0.8741205000000001,1.191871859,2.484171
8666,0.0027843011999999995,0.8741205000000001,1.19991206,3.931407
8667,0.002785261199999999,0.85402,1.191871859,5.217839
8668,0.0027862211999999985,0.8741205000000001,1.19991206,5.579648
8669,0.0027871811999999998,0.85402,1.191871859,5.177638
8670,0.0027881411999999993,0.894221,1.207952261,4.172613
8671,0.0027891011999999988,0.85402,1.19991206,2.725377
8672,0.0027900612,0.8741205000000001,1.191871859,1.2781409999999997
8673,0.0027910211999999995,0.8741205000000001,1.207952261,0.3535179999999998
8674,0.002791981199999999,0.894221,1.1838316580000001,0.23291499999999976
8675,0.0027929411999999985,0.8741205000000001,1.1838316580000001,0.8359299999999998
8676,0.0027939011999999997,0.894221,1.19991206,2.122362
8677,0.0027948611999999992,0.8741205000000001,1.19991206,3.690201
8678,0.0027958211999999988,0.8741205000000001,1.191871859,4.936432
8679,0.0027967812,0.894221,1.1838316580000001,5.619849
8680,0.0027977411999999995,0.894221,1.191871859,5.499245999999999
8681,0.002798701199999999,0.85402,1.191871859,4.574623
8682,0.0027996611999999985,0.894221,1.1838316580000001,3.167588
8683,0.0028006211999999997,0.85402,1.1838316580000001,1.6399499999999998
8684,0.0028015811999999992,0.8741205000000001,1.1838316580000001,0.5947239999999998
8685,0.0028025411999999987,0.894221,1.191871859,0.19271400000000005
8686,0.0028035012,0.8741205000000001,1.1838316580000001,0.6751259999999997
8687,0.0028044611999999995,0.9143215,1.191871859,1.8811559999999998
8688,0.002805421199999999,0.8741205000000001,1.191871859,3.448995
8689,0.0028063811999999985,0.894221,1.1838316580000001,4.815829
8690,0.0028073411999999997,0.8138190000000001,1.19991206,5.619849
8691,0.0028083011999999992,0.8741205000000001,1.19991206,5.418844
8692,0.0028092611999999987,0.8741205000000001,1.207952261,4.45402
8693,0.0028102212,0.8741205000000001,1.19991206,2.8861809999999997
8694,0.0028111811999999995,0.85402,1.19991206,1.438945
8695,0.002812141199999999,0.8741205000000001,1.207952261,0.39371899999999993
8696,0.0028131011999999985,0.8741205000000001,1.207952261,0.23291499999999976
8697,0.0028140611999999997,0.8741205000000001,1.19991206,0.9163319999999997
8698,0.0028150211999999992,0.894221,1.191871859,2.2831659999999996
8699,0.0028159811999999987,0.8741205000000001,1.19991206,3.810804
8700,0.0028169412,0.894221,1.1838316580000001,5.097236
8701,0.0028179011999999995,0.894221,1.191871859,5.619849
8702,0.002818861199999999,0.8741205000000001,1.19991206,5.378643
8703,0.0028198211999999985,0.8741205000000001,1.1838316580000001,4.2530149999999995
8704,0.0028207811999999997,0.894221,1.19991206,2.725377
8705,0.002821741199999999,0.8741205000000001,1.191871859,1.2781409999999997
8706,0.0028227011999999987,0.8741205000000001,1.1838316580000001,0.3535179999999998
8707,0.0028236612,0.9143215,1.191871859,0.2731159999999999
8708,0.0028246211999999995,0.8741205000000001,1.191871859,0.996734
8709,0.002825581199999999,0.9143215,1.19991206,2.363568
8710,0.0028265411999999985,0.8741205000000001,1.19991206,4.0118089999999995
8711,0.0028275011999999997,0.894221,1.19991206,5.177638
8712,0.002828461199999999,0.894221,1.1838316580000001,5.619849
8713,0.0028294211999999987,0.8741205000000001,1.191871859,5.258039999999999
8714,0.0028303812,0.894221,1.19991206,4.1324119999999995
8715,0.0028313411999999994,0.8741205000000001,1.191871859,2.604774
8716,0.002832301199999999,0.8741205000000001,1.215992462,1.1977389999999999
8717,0.0028332611999999984,0.8741205000000001,1.19991206,0.2731159999999999
8718,0.0028342211999999997,0.894221,1.19991206,0.23291499999999976
8719,0.002835181199999999,0.894221,1.207952261,0.9565329999999999
8720,0.0028361411999999987,0.9143215,1.19991206,2.2831659999999996
8721,0.0028371012,0.894221,1.215992462,3.810804
8722,0.0028380611999999994,0.894221,1.19991206,5.097236
8723,0.002839021199999999,0.894221,1.191871859,5.619849
8724,0.0028399811999999984,0.85402,1.191871859,5.418844
8725,0.0028409411999999997,0.894221,1.207952261,4.45402
8726,0.002841901199999999,0.8741205000000001,1.191871859,3.087186
8727,0.0028428611999999987,0.85402,1.191871859,1.599749
8728,0.0028438212,0.85402,1.191871859,0.5545229999999997
8729,0.0028447811999999994,0.894221,1.191871859,0.1525129999999999
8730,0.002845741199999999,0.894221,1.191871859,0.6751259999999997
8731,0.0028467011999999984,0.894221,1.191871859,1.8811559999999998
8732,0.0028476611999999997,0.9143215,1.191871859,3.408794
8733,0.002848621199999999,0.9143215,1.191871859,4.775628
8734,0.0028495811999999987,0.85402,1.19991206,5.579648
8735,0.0028505412,0.894221,1.191871859,5.499245999999999
8736,0.0028515011999999994,0.8741205000000001,1.19991206,4.574623
8737,0.002852461199999999,0.894221,1.19991206,3.087186
8738,0.0028534211999999984,0.8741205000000001,1.19991206,1.479146
8739,0.0028543811999999997,0.894221,1.207952261,0.4339200000000001
8740,0.002855341199999999,0.894221,1.207952261,0.19271400000000005
8741,0.0028563011999999987,0.894221,1.19991206,0.876131
8742,0.0028572612,0.8741205000000001,1.19991206,2.363568
8743,0.0028582211999999994,0.894221,1.207952261,4.05201
8744,0.002859181199999999,0.8741205000000001,1.207952261,5.298241
8745,0.0028601411999999984,0.8741205000000001,1.207952261,5.66005
8746,0.0028611011999999996,0.894221,1.207952261,5.057035
8747,0.002862061199999999,0.9143215,1.19991206,3.569598
8748,0.0028630211999999986,0.9143215,1.191871859,1.840955
8749,0.0028639812,0.9143215,1.19991206,0.634925
8750,0.0028649411999999994,0.9143215,1.191871859,0.1525129999999999
8751,0.002865901199999999,0.894221,1.191871859,0.634925
8752,0.0028668611999999984,0.894221,1.191871859,2.001759
8753,0.0028678211999999996,0.894221,1.191871859,3.690201
8754,0.002868781199999999,0.894221,1.191871859,5.016834
8755,0.0028697411999999986,0.8741205000000001,1.1838316580000001,5.619849
8756,0.0028707012,0.894221,1.191871859,5.378643
8757,0.0028716611999999994,0.894221,1.191871859,4.293216
8758,0.002872621199999999,0.894221,1.19991206,2.7655779999999996
8759,0.0028735811999999984,0.8741205000000001,1.191871859,1.2781409999999997
8760,0.0028745411999999996,0.9143215,1.19991206,0.31331700000000007
8761,0.002875501199999999,0.894221,1.191871859,0.23291499999999976
8762,0.0028764611999999986,0.894221,1.191871859,1.0369349999999997
8763,0.0028774212,0.9143215,1.207952261,2.44397
8764,0.0028783811999999994,0.9143215,1.19991206,3.931407
8765,0.002879341199999999,0.894221,1.215992462,5.217839
8766,0.0028803011999999984,0.9143215,1.19991206,5.66005
8767,0.0028812611999999996,0.894221,1.19991206,5.338442
8768,0.002882221199999999,0.9344220000000001,1.19991206,4.212814
8769,0.0028831811999999986,0.894221,1.207952261,2.725377
8770,0.0028841412,0.9344220000000001,1.19991206,1.23794
8771,0.0028851011999999994,0.894221,1.191871859,0.31331700000000007
8772,0.002886061199999999,0.894221,1.19991206,0.2731159999999999
8773,0.0028870211999999984,0.9143215,1.19991206,0.996734
8774,0.0028879811999999996,0.894221,1.19991206,2.44397
8775,0.002888941199999999,0.8741205000000001,1.191871859,3.931407
8776,0.0028899011999999986,0.9143215,1.191871859,5.258039999999999
8777,0.0028908612,0.894221,1.191871859,5.66005
8778,0.0028918211999999993,0.9143215,1.191871859,5.097236
8779,0.002892781199999999,0.894221,1.191871859,3.851005
8780,0.0028937411999999984,0.9143215,1.191871859,2.202764
8781,0.0028947011999999996,0.9143215,1.19991206,0.7957289999999997
8782,0.002895661199999999,0.894221,1.207952261,0.19271400000000005
8783,0.0028966211999999986,0.894221,1.19991206,0.5545229999999997
8784,0.0028975812,0.9143215,1.19991206,1.840955
8785,0.0028985411999999993,0.894221,1.191871859,3.4891959999999997
8786,0.002899501199999999,0.9143215,1.191871859,4.896231
8787,0.0029004611999999983,0.9143215,1.19991206,5.66005
8788,0.0029014211999999996,0.9143215,1.191871859,5.418844
8789,0.002902381199999999,0.894221,1.19991206,4.172613
8790,0.0029033411999999986,0.894221,1.207952261,2.564573
8791,0.0029043012,0.9143215,1.19991206,1.117337
8792,0.0029052611999999993,0.9143215,1.207952261,0.2731159999999999
8793,0.002906221199999999,0.9143215,1.207952261,0.3535179999999998
8794,0.0029071811999999983,0.9143215,1.19991206,1.438945
8795,0.0029081411999999996,0.9143215,1.191871859,3.0067839999999997
8796,0.002909101199999999,0.894221,1.207952261,4.614824
8797,0.0029100611999999986,0.894221,1.1838316580000001,5.539447
8798,0.0029110212,0.894221,1.19991206,5.539447
8799,0.0029119811999999993,0.9143215,1.19991206,4.574623
8800,0.002912941199999999,0.894221,1.19991206,3.1273869999999997
8801,0.0029139011999999983,0.9143215,1.19991206,1.559548
8802,0.0029148611999999996,0.9143215,1.191871859,0.39371899999999993
8803,0.002915821199999999,0.9143215,1.207952261,0.23291499999999976
8804,0.0029167811999999986,0.894221,1.19991206,0.9565329999999999
8805,0.0029177412,0.9344220000000001,1.191871859,2.484171
8806,0.0029187011999999993,0.9143215,1.19991206,4.092211
8807,0.002919661199999999,0.894221,1.207952261,5.298241
8808,0.0029206211999999983,0.9143215,1.19991206,5.619849
8809,0.0029215811999999996,0.9344220000000001,1.19991206,5.137437
8810,0.002922541199999999,0.9143215,1.19991206,3.810804
8811,0.0029235011999999986,0.9143215,1.19991206,2.1625629999999996
8812,0.0029244612,0.894221,1.19991206,0.755528
8813,0.0029254211999999993,0.894221,1.19991206,0.19271400000000005
8814,0.002926381199999999,0.894221,1.215992462,0.5545229999999997
8815,0.0029273411999999983,0.894221,1.19991206,1.680151
8816,0.0029283011999999995,0.9143215,1.19991206,3.207789
8817,0.002929261199999999,0.894221,1.207952261,4.614824
8818,0.0029302211999999985,0.894221,1.19991206,5.579648
8819,0.0029311812,0.894221,1.191871859,5.579648
8820,0.0029321411999999993,0.894221,1.19991206,4.655025
8821,0.002933101199999999,0.894221,1.191871859,3.328392
8822,0.0029340611999999983,0.9143215,1.191871859,1.7203519999999999
8823,0.0029350211999999995,0.894221,1.191871859,0.5947239999999998
8824,0.002935981199999999,0.9143215,1.1838316580000001,0.1525129999999999
8825,0.0029369411999999985,0.9143215,1.191871859,0.6751259999999997
8826,0.0029379011999999998,0.9545225,1.19991206,1.961558
8827,0.0029388611999999993,0.9143215,1.191871859,3.569598
8828,0.0029398211999999988,0.8741205000000001,1.19991206,4.976633
8829,0.0029407811999999983,0.9143215,1.207952261,5.619849
8830,0.0029417411999999995,0.894221,1.19991206,5.459045
8831,0.002942701199999999,0.9143215,1.207952261,4.333417
8832,0.0029436611999999985,0.9143215,1.19991206,2.805779
8833,0.0029446211999999998,0.9143215,1.19991206,1.1977389999999999
8834,0.0029455811999999993,0.894221,1.215992462,0.31331700000000007
8835,0.0029465411999999988,0.9143215,1.207952261,0.31331700000000007
8836,0.0029475012,0.9143215,1.215992462,1.1977389999999999
8837,0.0029484611999999995,0.9344220000000001,1.19991206,2.805779
8838,0.002949421199999999,0.9344220000000001,1.19991206,4.373618
8839,0.0029503811999999985,0.9344220000000001,1.207952261,5.459045
8840,0.0029513411999999998,0.9143215,1.207952261,5.619849
8841,0.0029523011999999993,0.9143215,1.19991206,4.896231
8842,0.0029532611999999988,0.9143215,1.191871859,3.569598
8843,0.0029542212,0.894221,1.19991206,1.961558
8844,0.0029551811999999995,0.9344220000000001,1.191871859,0.6751259999999997
8845,0.002956141199999999,0.9143215,1.191871859,0.19271400000000005
8846,0.0029571011999999985,0.9143215,1.1838316580000001,0.5545229999999997
8847,0.0029580611999999997,0.9344220000000001,1.191871859,1.6399499999999998
8848,0.0029590211999999992,0.9143215,1.191871859,3.2479899999999997
8849,0.0029599811999999988,0.9143215,1.191871859,4.735427
8850,0.0029609412,0.9344220000000001,1.191871859,5.579648
8851,0.0029619011999999995,0.85402,1.19991206,5.619849
8852,0.002962861199999999,0.9344220000000001,1.19991206,4.815829
8853,0.0029638211999999985,0.9143215,1.191871859,3.448995
8854,0.0029647811999999997,0.894221,1.207952261,1.800754
8855,0.0029657411999999992,0.9143215,1.19991206,0.5545229999999997
8856,0.0029667011999999987,0.894221,1.19991206,0.1525129999999999
8857,0.0029676612,0.9143215,1.207952261,0.5947239999999998
8858,0.0029686211999999995,0.9143215,1.19991206,1.800754
8859,0.002969581199999999,0.9143215,1.19991206,3.288191
8860,0.0029705411999999985,0.9143215,1.215992462,4.775628
8861,0.0029715011999999997,0.9344220000000001,1.19991206,5.619849
8862,0.0029724611999999992,0.9344220000000001,1.215992462,5.539447
8863,0.0029734211999999987,0.9344220000000001,1.19991206,4.655025
8864,0.0029743812,0.9344220000000001,1.207952261,3.288191
8865,0.0029753411999999995,0.9143215,1.19991206,1.599749
8866,0.002976301199999999,0.9143215,1.19991206,0.514322
8867,0.0029772611999999985,0.9143215,1.191871859,0.19271400000000005
8868,0.0029782211999999997,0.9143215,1.191871859,0.7957289999999997
8869,0.0029791811999999992,0.9545225,1.191871859,2.082161
8870,0.0029801411999999987,0.9143215,1.191871859,3.690201
8871,0.0029811012,0.9143215,1.191871859,5.016834
8872,0.0029820611999999995,0.9143215,1.191871859,5.66005
8873,0.002983021199999999,0.9143215,1.191871859,5.418844
8874,0.0029839811999999985,0.9143215,1.207952261,4.413819
8875,0.0029849411999999997,0.894221,1.207952261,2.8861809999999997
8876,0.002985901199999999,0.9344220000000001,1.19991206,1.438945
8877,0.0029868611999999987,0.9143215,1.19991206,0.3535179999999998
8878,0.0029878212,0.9143215,1.207952261,0.1525129999999999
8879,0.0029887811999999995,0.9545225,1.19991206,0.876131
8880,0.002989741199999999,0.9143215,1.207952261,2.2831659999999996
8881,0.0029907011999999985,0.9344220000000001,1.207952261,3.851005
8882,0.0029916611999999997,0.9545225,1.19991206,5.097236
8883,0.002992621199999999,0.9545225,1.19991206,5.700251
8884,0.0029935811999999987,0.9344220000000001,1.19991206,5.378643
8885,0.0029945412,0.9344220000000001,1.19991206,4.172613
8886,0.0029955011999999994,0.9545225,1.207952261,2.725377
8887,0.002996461199999999,0.9344220000000001,1.19991206,1.23794
8888,0.0029974211999999984,0.9344220000000001,1.19991206,0.31331700000000007
8889,0.0029983811999999997,0.9545225,1.19991206,0.23291499999999976
8890,0.002999341199999999,0.9344220000000001,1.191871859,1.0369349999999997
8891,0.0030003011999999987,0.9143215,1.19991206,2.4037689999999996
8892,0.0030012612,0.9344220000000001,1.191871859,3.971608
8893,0.0030022211999999994,0.9143215,1.191871859,5.217839
8894,0.003003181199999999,0.9344220000000001,1.191871859,5.780653
8895,0.0030041411999999984,0.9143215,1.191871859,5.338442
8896,0.0030051011999999997,0.9344220000000001,1.1838316580000001,4.212814
8897,0.003006061199999999,0.9143215,1.191871859,2.6449749999999996
8898,0.0030070211999999987,0.9344220000000001,1.1838316580000001,1.23794
8899,0.0030079812,0.894221,1.191871859,0.31331700000000007
8900,0.0030089411999999994,0.9344220000000001,1.191871859,0.2731159999999999
8901,0.003009901199999999,0.9143215,1.19991206,0.9565329999999999
8902,0.0030108611999999984,0.9143215,1.207952261,2.202764
8903,0.0030118211999999997,0.9545225,1.207952261,3.690201
8904,0.003012781199999999,0.9143215,1.19991206,4.976633
8905,0.0030137411999999987,0.9344220000000001,1.215992462,5.66005
8906,0.0030147012,0.9344220000000001,1.19991206,5.459045
8907,0.0030156611999999994,0.9545225,1.207952261,4.494221
8908,0.003016621199999999,0.9143215,1.19991206,3.046985
8909,0.0030175811999999984,0.9143215,1.207952261,1.559548
8910,0.0030185411999999997,0.9344220000000001,1.207952261,0.4741209999999998
8911,0.003019501199999999,0.9344220000000001,1.19991206,0.1525129999999999
8912,0.0030204611999999987,0.9143215,1.19991206,0.7153269999999998
8913,0.0030214212,0.9344220000000001,1.191871859,2.001759
8914,0.0030223811999999994,0.9143215,1.19991206,3.690201
8915,0.003023341199999999,0.9344220000000001,1.191871859,5.016834
8916,0.0030243011999999984,0.9344220000000001,1.191871859,5.66005
8917,0.0030252611999999996,0.9545225,1.1838316580000001,5.418844
8918,0.003026221199999999,0.9143215,1.191871859,4.333417
8919,0.0030271811999999986,0.9143215,1.191871859,2.7655779999999996
8920,0.0030281412,0.9545225,1.1838316580000001,1.318342
8921,0.0030291011999999994,0.9143215,1.191871859,0.31331700000000007
8922,0.003030061199999999,0.974623,1.19991206,0.23291499999999976
8923,0.0030310211999999984,0.9344220000000001,1.19991206,1.117337
8924,0.0030319811999999996,0.9545225,1.19991206,2.604774
8925,0.003032941199999999,0.9344220000000001,1.191871859,4.1324119999999995
8926,0.0030339011999999986,0.9344220000000001,1.207952261,5.298241
8927,0.0030348612,0.9143215,1.207952261,5.780653
8928,0.0030358211999999994,0.9545225,1.207952261,5.177638
8929,0.003036781199999999,0.9545225,1.207952261,3.931407
8930,0.0030377411999999984,0.9344220000000001,1.207952261,2.242965
8931,0.0030387011999999996,0.9344220000000001,1.19991206,0.9163319999999997
8932,0.003039661199999999,0.9344220000000001,1.19991206,0.23291499999999976
8933,0.0030406211999999986,0.9344220000000001,1.19991206,0.39371899999999993
8934,0.0030415812,0.9545225,1.191871859,1.438945
8935,0.0030425411999999994,0.974623,1.19991206,2.8861809999999997
8936,0.003043501199999999,0.9344220000000001,1.207952261,4.413819
8937,0.0030444611999999984,0.9143215,1.207952261,5.499245999999999
8938,0.0030454211999999996,0.9344220000000001,1.19991206,5.700251
8939,0.003046381199999999,0.9545225,1.19991206,4.936432
8940,0.0030473411999999986,0.9344220000000001,1.1838316580000001,3.569598
8941,0.0030483012,0.9545225,1.191871859,1.921357
8942,0.0030492611999999994,0.9545225,1.191871859,0.6751259999999997
8943,0.003050221199999999,0.9545225,1.191871859,0.19271400000000005
8944,0.0030511811999999984,0.9344220000000001,1.191871859,0.5545229999999997
8945,0.0030521411999999996,0.9143215,1.191871859,1.7605529999999998
8946,0.003053101199999999,0.9344220000000001,1.19991206,3.328392
8947,0.0030540611999999986,0.9344220000000001,1.191871859,4.735427
8948,0.0030550212,0.9545225,1.191871859,5.619849
8949,0.0030559811999999993,0.9344220000000001,1.19991206,5.539447
8950,0.003056941199999999,0.9545225,1.207952261,4.574623
8951,0.0030579011999999984,0.9344220000000001,1.19991206,3.087186
8952,0.0030588611999999996,0.9545225,1.207952261,1.5193469999999998
8953,0.003059821199999999,0.9545225,1.19991206,0.4339200000000001
8954,0.0030607811999999986,0.9545225,1.19991206,0.1525129999999999
8955,0.0030617412,0.9143215,1.19991206,0.8359299999999998
8956,0.0030627011999999993,0.974623,1.19991206,2.242965
8957,0.003063661199999999,0.9344220000000001,1.19991206,3.891206
8958,0.0030646211999999983,0.9143215,1.19991206,5.177638
8959,0.0030655811999999996,0.9545225,1.19991206,5.700251
8960,0.003066541199999999,0.9344220000000001,1.191871859,5.378643
8961,0.0030675011999999986,0.9344220000000001,1.19991206,4.293216
8962,0.0030684612,0.9545225,1.191871859,2.685176
8963,0.0030694211999999993,0.9545225,1.19991206,1.2781409999999997
8964,0.003070381199999999,0.9344220000000001,1.191871859,0.3535179999999998
8965,0.0030713411999999983,0.974623,1.19991206,0.23291499999999976
8966,0.0030723011999999996,0.9344220000000001,1.175791457,0.9565329999999999
8967,0.003073261199999999,0.9344220000000001,1.191871859,2.4037689999999996
8968,0.0030742211999999986,0.974623,1.191871859,3.931407
8969,0.0030751812,0.9344220000000001,1.191871859,5.217839
8970,0.0030761411999999993,0.9545225,1.191871859,5.66005
8971,0.003077101199999999,0.9545225,1.191871859,5.338442
8972,0.0030780611999999983,0.9344220000000001,1.19991206,4.1324119999999995
8973,0.0030790211999999996,0.9545225,1.19991206,2.5243719999999996
8974,0.003079981199999999,0.9344220000000001,1.19991206,1.1575379999999997
8975,0.0030809411999999986,0.9545225,1.19991206,0.2731159999999999
8976,0.0030819012,0.9344220000000001,1.207952261,0.3535179999999998
8977,0.0030828611999999993,0.9344220000000001,1.207952261,1.23794
8978,0.003083821199999999,0.974623,1.207952261,2.805779
8979,0.0030847811999999983,0.9545225,1.19991206,4.45402
8980,0.0030857411999999996,0.9545225,1.207952261,5.459045
8981,0.003086701199999999,0.9545225,1.191871859,5.700251
8982,0.0030876611999999986,0.9545225,1.19991206,4.896231
8983,0.0030886212,0.9545225,1.19991206,3.448995
8984,0.0030895811999999993,0.9545225,1.19991206,1.8811559999999998
8985,0.003090541199999999,0.9545225,1.19991206,0.634925
8986,0.0030915011999999983,0.9344220000000001,1.207952261,0.11231199999999975
8987,0.0030924611999999995,0.9545225,1.19991206,0.6751259999999997
8988,0.003093421199999999,0.9545225,1.191871859,1.840955
8989,0.0030943811999999985,0.9545225,1.1838316580000001,3.4891959999999997
8990,0.0030953412,0.974623,1.19991206,4.896231
8991,0.0030963011999999993,0.9545225,1.1838316580000001,5.66005
8992,0.003097261199999999,0.9344220000000001,1.191871859,5.539447
8993,0.0030982211999999983,0.9545225,1.191871859,4.574623
8994,0.0030991811999999995,0.974623,1.19991206,3.207789
8995,0.003100141199999999,0.974623,1.1838316580000001,1.559548
8996,0.0031011011999999985,0.9344220000000001,1.19991206,0.5947239999999998
8997,0.0031020611999999998,0.9344220000000001,1.19991206,0.19271400000000005
8998,0.0031030211999999993,0.974623,1.207952261,0.7153269999999998
8999,0.0031039811999999988,0.9545225,1.19991206,1.921357
9000,0.0031049411999999983,0.9545225,1.207952261,3.4891959999999997
9001,0.0031059011999999995,0.9545225,1.215992462,4.775628
9002,0.003106861199999999,0.9344220000000001,1.19991206,5.579648
9003,0.0031078211999999985,0.9545225,1.19991206,5.619849
9004,0.0031087811999999998,0.9545225,1.19991206,4.735427
9005,0.0031097411999999993,0.9545225,1.19991206,3.207789
9006,0.0031107011999999988,0.9545225,1.191871859,1.680151
9007,0.0031116611999999983,0.9344220000000001,1.19991206,0.514322
9008,0.0031126211999999995,0.9545225,1.207952261,0.1525129999999999
9009,0.003113581199999999,0.9344220000000001,1.19991206,0.7957289999999997
9010,0.0031145411999999985,0.9545225,1.19991206,2.04196
9011,0.0031155011999999998,0.9344220000000001,1.19991206,3.7304019999999998
9012,0.0031164611999999993,0.9545225,1.207952261,5.057035
9013,0.0031174211999999988,0.9545225,1.191871859,5.700251
9014,0.0031183812,0.9545225,1.19991206,5.378643
9015,0.0031193411999999995,0.9344220000000001,1.191871859,4.373618
9016,0.003120301199999999,0.9545225,1.1838316580000001,2.805779
9017,0.0031212611999999985,0.974623,1.191871859,1.358543
9018,0.0031222211999999997,0.9545225,1.191871859,0.39371899999999993
9019,0.0031231811999999992,0.9344220000000001,1.191871859,0.23291499999999976
9020,0.0031241411999999988,0.974623,1.19991206,0.9565329999999999
9021,0.0031251012,0.9545225,1.19991206,2.242965
9022,0.0031260611999999995,0.9545225,1.207952261,3.810804
9023,0.003127021199999999,0.9545225,1.207952261,5.016834
9024,0.0031279811999999985,0.9545225,1.207952261,5.700251
9025,0.0031289411999999997,0.9545225,1.207952261,5.459045
9026,0.0031299011999999992,0.9947235000000001,1.215992462,4.45402
9027,0.0031308611999999987,0.9545225,1.207952261,2.8861809999999997
9028,0.0031318212,0.9947235000000001,1.19991206,1.358543
9029,0.0031327811999999995,0.9344220000000001,1.207952261,0.4339200000000001
9030,0.003133741199999999,0.9545225,1.207952261,0.19271400000000005
9031,0.0031347011999999985,0.974623,1.19991206,0.9565329999999999
9032,0.0031356611999999997,0.9545225,1.19991206,2.4037689999999996
9033,0.0031366211999999992,0.9344220000000001,1.19991206,3.971608
9034,0.0031375811999999987,0.974623,1.191871859,5.217839
9035,0.0031385412,0.974623,1.1838316580000001,5.700251
9036,0.0031395011999999995,0.974623,1.19991206,5.217839
9037,0.003140461199999999,0.974623,1.191871859,3.851005
9038,0.0031414211999999985,0.9545225,1.1838316580000001,2.242965
9039,0.0031423811999999997,0.9545225,1.19991206,0.7957289999999997
9040,0.0031433411999999992,0.974623,1.1838316580000001,0.19271400000000005
9041,0.0031443011999999987,0.974623,1.207952261,0.5545229999999997
9042,0.0031452612,0.9545225,1.19991206,1.6399499999999998
9043,0.0031462211999999995,0.974623,1.191871859,3.288191
9044,0.003147181199999999,0.974623,1.207952261,4.775628
9045,0.0031481411999999985,0.974623,1.19991206,5.619849
9046,0.0031491011999999997,0.9545225,1.207952261,5.579648
9047,0.003150061199999999,0.974623,1.207952261,4.574623
9048,0.0031510211999999987,0.9545225,1.207952261,3.0067839999999997
9049,0.0031519812,0.9545225,1.207952261,1.479146
9050,0.0031529411999999995,0.9947235000000001,1.207952261,0.4741209999999998
9051,0.003153901199999999,0.9545225,1.207952261,0.19271400000000005
9052,0.0031548611999999985,0.9545225,1.191871859,0.9163319999999997
9053,0.0031558211999999997,0.9545225,1.191871859,2.1625629999999996
9054,0.003156781199999999,0.9545225,1.19991206,3.7304019999999998
9055,0.0031577411999999987,0.974623,1.19991206,5.016834
9056,0.0031587012,0.974623,1.19991206,5.700251
9057,0.0031596611999999994,0.9545225,1.191871859,5.499245999999999
9058,0.003160621199999999,0.9545225,1.19991206,4.45402
9059,0.0031615811999999984,0.974623,1.1838316580000001,2.966583
9060,0.0031625411999999997,0.974623,1.191871859,1.438945
9061,0.003163501199999999,0.974623,1.175791457,0.4339200000000001
9062,0.0031644611999999987,0.9545225,1.19991206,0.23291499999999976
9063,0.0031654212,0.974623,1.19991206,0.876131
9064,0.0031663811999999994,0.974623,1.191871859,2.242965
9065,0.003167341199999999,0.9344220000000001,1.1838316580000001,3.770603
9066,0.0031683011999999984,0.974623,1.19991206,5.137437
9067,0.0031692611999999997,0.974623,1.19991206,5.66005
9068,0.003170221199999999,0.9545225,1.207952261,5.418844
9069,0.0031711811999999987,0.9344220000000001,1.191871859,4.293216
9070,0.0031721412,0.974623,1.19991206,2.6449749999999996
9071,0.0031731011999999994,0.974623,1.207952261,1.1977389999999999
9072,0.003174061199999999,0.9344220000000001,1.215992462,0.3535179999999998
9073,0.0031750211999999984,0.974623,1.19991206,0.31331700000000007
9074,0.0031759811999999997,0.9947235000000001,1.207952261,1.23794
9075,0.003176941199999999,0.9947235000000001,1.191871859,2.685176
9076,0.0031779011999999987,0.9545225,1.191871859,4.2530149999999995
9077,0.0031788612,0.9545225,1.1838316580000001,5.338442
9078,0.0031798211999999994,0.974623,1.19991206,5.740451999999999
9079,0.003180781199999999,0.9344220000000001,1.191871859,5.177638
9080,0.0031817411999999984,0.974623,1.1838316580000001,3.851005
9081,0.0031827011999999997,0.974623,1.191871859,2.2831659999999996
9082,0.003183661199999999,0.9947235000000001,1.191871859,0.8359299999999998
9083,0.0031846211999999987,0.974623,1.19991206,0.19271400000000005
9084,0.0031855812,0.974623,1.19991206,0.4339200000000001
9085,0.0031865411999999994,0.974623,1.207952261,1.5193469999999998
9086,0.003187501199999999,0.974623,1.19991206,3.087186
9087,0.0031884611999999984,0.974623,1.191871859,4.655025
9088,0.0031894211999999996,0.974623,1.191871859,5.499245999999999
9089,0.003190381199999999,0.9947235000000001,1.19991206,5.619849
9090,0.0031913411999999986,0.9545225,1.19991206,4.815829
9091,0.0031923012,0.974623,1.19991206,3.328392
9092,0.0031932611999999994,0.974623,1.19991206,1.7203519999999999
9093,0.003194221199999999,0.974623,1.19991206,0.5947239999999998
9094,0.0031951811999999984,0.9545225,1.191871859,0.19271400000000005
9095,0.0031961411999999996,0.974623,1.19991206,0.634925
9096,0.003197101199999999,0.974623,1.207952261,1.840955
9097,0.0031980611999999986,0.9545225,1.19991206,3.448995
9098,0.0031990212,0.9947235000000001,1.19991206,4.815829
9099,0.0031999811999999994,0.974623,1.19991206,5.66005
9100,0.003200941199999999,0.974623,1.207952261,5.499245999999999
9101,0.0032019011999999984,0.9947235000000001,1.19991206,4.655025
9102,0.0032028611999999996,0.9947235000000001,1.19991206,3.1273869999999997
9103,0.003203821199999999,0.974623,1.191871859,1.559548
9104,0.0032047811999999986,0.9545225,1.19991206,0.514322
9105,0.0032057412,0.9545225,1.19991206,0.1525129999999999
9106,0.0032067011999999994,0.9947235000000001,1.19991206,0.755528
9107,0.003207661199999999,0.9947235000000001,1.1838316580000001,1.961558
9108,0.0032086211999999984,0.974623,1.191871859,3.529397
9109,0.0032095811999999996,0.9545225,1.1838316580000001,4.896231
9110,0.003210541199999999,0.974623,1.191871859,5.66005
9111,0.0032115011999999986,0.9947235000000001,1.191871859,5.539447
9112,0.0032124612,0.9545225,1.19991206,4.735427
9113,0.0032134211999999994,0.9947235000000001,1.19991206,3.328392
9114,0.003214381199999999,0.9947235000000001,1.19991206,1.7203519999999999
9115,0.0032153411999999984,0.974623,1.191871859,0.5947239999999998
9116,0.0032163011999999996,0.974623,1.19991206,0.19271400000000005
9117,0.003217261199999999,0.9947235000000001,1.19991206,0.5947239999999998
9118,0.0032182211999999986,0.9947235000000001,1.207952261,1.800754
9119,0.0032191812,0.974623,1.19991206,3.328392
9120,0.0032201411999999993,0.9947235000000001,1.19991206,4.735427
9121,0.003221101199999999,0.9947235000000001,1.19991206,5.579648
9122,0.0032220611999999984,0.974623,1.19991206,5.579648
9123,0.0032230211999999996,0.9947235000000001,1.215992462,4.695226
9124,0.003223981199999999,0.974623,1.215992462,3.207789
9125,0.0032249411999999986,0.9947235000000001,1.19991206,1.6399499999999998
9126,0.0032259012,0.974623,1.19991206,0.5545229999999997
9127,0.0032268611999999993,0.974623,1.191871859,0.23291499999999976
9128,0.003227821199999999,0.9947235000000001,1.191871859,0.7957289999999997
9129,0.0032287811999999983,0.974623,1.191871859,1.961558
9130,0.0032297411999999996,0.974623,1.191871859,3.569598
9131,0.003230701199999999,0.9947235000000001,1.191871859,4.936432
9132,0.0032316611999999986,0.9947235000000001,1.191871859,5.619849
9133,0.0032326212,0.9947235000000001,1.1838316580000001,5.459045
9134,0.0032335811999999993,0.9947235000000001,1.1838316580000001,4.45402
9135,0.003234541199999999,0.974623,1.191871859,3.046985
9136,0.0032355011999999983,0.974623,1.19991206,1.479146
9137,0.0032364611999999996,0.9947235000000001,1.19991206,0.4339200000000001
9138,0.003237421199999999,0.9947235000000001,1.191871859,0.1525129999999999
9139,0.0032383811999999986,0.974623,1.19991206,0.8359299999999998
9140,0.0032393412,0.974623,1.19991206,1.961558
9141,0.0032403011999999993,0.9947235000000001,1.207952261,3.6097989999999998
9142,0.003241261199999999,0.9545225,1.191871859,4.896231
9143,0.0032422211999999983,0.9947235000000001,1.191871859,5.66005
9144,0.0032431811999999996,0.974623,1.19991206,5.579648
9145,0.003244141199999999,0.9947235000000001,1.19991206,4.695226
9146,0.0032451011999999986,0.974623,1.207952261,3.288191
9147,0.0032460612,0.974623,1.207952261,1.840955
9148,0.0032470211999999993,0.9947235000000001,1.207952261,0.6751259999999997
9149,0.003247981199999999,1.014824,1.1838316580000001,0.19271400000000005
9150,0.0032489411999999983,0.9947235000000001,1.191871859,0.4741209999999998
9151,0.0032499011999999996,1.014824,1.191871859,1.5193469999999998
9152,0.003250861199999999,0.974623,1.191871859,2.926382
9153,0.0032518211999999986,0.9947235000000001,1.191871859,4.373618
9154,0.0032527812,0.9947235000000001,1.1838316580000001,5.378643
9155,0.0032537411999999993,0.9947235000000001,1.1838316580000001,5.700251
9156,0.003254701199999999,0.974623,1.1838316580000001,5.177638
9157,0.0032556611999999983,0.9947235000000001,1.191871859,4.0118089999999995
9158,0.0032566211999999995,0.9947235000000001,1.191871859,2.363568
9159,0.003257581199999999,0.974623,1.191871859,1.0369349999999997
9160,0.0032585411999999985,0.9947235000000001,1.19991206,0.2731159999999999
9161,0.0032595012,0.9947235000000001,1.191871859,0.31331700000000007
9162,0.0032604611999999993,0.9947235000000001,1.19991206,1.117337
9163,0.003261421199999999,1.014824,1.19991206,2.5243719999999996
9164,0.0032623811999999983,0.974623,1.191871859,4.1324119999999995
9165,0.0032633411999999995,0.9947235000000001,1.191871859,5.338442
9166,0.003264301199999999,0.9947235000000001,1.19991206,5.740451999999999
9167,0.0032652611999999985,0.9947235000000001,1.19991206,5.298241
9168,0.0032662211999999998,0.9947235000000001,1.19991206,4.05201
9169,0.0032671811999999993,0.974623,1.207952261,2.5243719999999996
9170,0.0032681411999999988,0.9947235000000001,1.207952261,1.1575379999999997
9171,0.0032691011999999983,0.974623,1.19991206,0.2731159999999999
9172,0.0032700611999999995,0.9947235000000001,1.19991206,0.2731159999999999
9173,0.003271021199999999,1.014824,1.207952261,1.117337
9174,0.0032719811999999985,0.9947235000000001,1.207952261,2.564573
9175,0.0032729411999999998,0.974623,1.19991206,4.092211
9176,0.0032739011999999993,1.014824,1.19991206,5.338442
9177,0.0032748611999999988,0.9947235000000001,1.207952261,5.66005
9178,0.0032758211999999983,0.974623,1.19991206,5.217839
9179,0.0032767811999999995,1.014824,1.191871859,3.971608
9180,0.003277741199999999,0.9947235000000001,1.175791457,2.4037689999999996
9181,0.0032787011999999985,0.9947235000000001,1.1838316580000001,1.0369349999999997
9182,0.0032796611999999998,0.9947235000000001,1.191871859,0.19271400000000005
9183,0.0032806211999999993,1.014824,1.19991206,0.4339200000000001
9184,0.0032815811999999988,1.014824,1.19991206,1.318342
9185,0.0032825411999999983,0.974623,1.191871859,2.8861809999999997
9186,0.0032835011999999995,0.9947235000000001,1.191871859,4.293216
9187,0.003284461199999999,0.974623,1.191871859,5.418844
9188,0.0032854211999999985,1.014824,1.19991206,5.66005
9189,0.0032863811999999997,0.9947235000000001,1.191871859,5.057035
9190,0.0032873411999999992,0.974623,1.191871859,3.810804
9191,0.0032883011999999988,1.0349245,1.191871859,2.242965
9192,0.0032892611999999983,0.974623,1.19991206,0.9163319999999997
9193,0.0032902211999999995,0.9545225,1.215992462,0.2731159999999999
9194,0.003291181199999999,1.014824,1.207952261,0.3535179999999998
9195,0.0032921411999999985,1.014824,1.191871859,1.1977389999999999
9196,0.0032931011999999997,0.9947235000000001,1.191871859,2.604774
9197,0.0032940611999999992,0.9947235000000001,1.191871859,4.0118089999999995
9198,0.0032950211999999987,1.014824,1.19991206,5.217839
9199,0.0032959812,0.974623,1.207952261,5.740451999999999
9200,0.0032969411999999995,0.9947235000000001,1.191871859,5.378643
9201,0.003297901199999999,0.9947235000000001,1.191871859,4.333417
9202,0.0032988611999999985,0.9947235000000001,1.19991206,2.805779
9203,0.0032998211999999997,0.9947235000000001,1.1838316580000001,1.318342
9204,0.0033007811999999992,1.014824,1.175791457,0.4339200000000001
9205,0.0033017411999999987,1.014824,1.191871859,0.19271400000000005
9206,0.0033027012,0.9947235000000001,1.19991206,0.876131
9207,0.0033036611999999995,0.9947235000000001,1.1838316580000001,2.1625629999999996
9208,0.003304621199999999,1.014824,1.1838316580000001,3.7304019999999998
9209,0.0033055811999999985,0.9947235000000001,1.191871859,5.016834
9210,0.0033065411999999997,1.014824,1.1838316580000001,5.700251
9211,0.0033075011999999992,1.0349245,1.191871859,5.459045
9212,0.0033084611999999987,1.014824,1.191871859,4.293216
9213,0.0033094212,0.9947235000000001,1.191871859,2.7655779999999996
9214,0.0033103811999999995,1.0349245,1.191871859,1.1977389999999999
9215,0.003311341199999999,0.9947235000000001,1.207952261,0.31331700000000007
9216,0.0033123011999999985,1.014824,1.19991206,0.31331700000000007
9217,0.0033132611999999997,0.9947235000000001,1.19991206,1.1977389999999999
9218,0.003314221199999999,1.014824,1.19991206,2.685176
9219,0.0033151811999999987,1.014824,1.191871859,4.333417
9220,0.0033161412,1.014824,1.19991206,5.378643
9221,0.0033171011999999995,0.9947235000000001,1.191871859,5.700251
9222,0.003318061199999999,1.014824,1.191871859,5.137437
9223,0.0033190211999999985,1.014824,1.19991206,3.810804
9224,0.0033199811999999997,0.974623,1.191871859,2.242965
9225,0.003320941199999999,1.014824,1.191871859,0.996734
9226,0.0033219011999999987,0.974623,1.1838316580000001,0.2731159999999999
9227,0.0033228612,0.9947235000000001,1.1838316580000001,0.39371899999999993
9228,0.0033238211999999994,0.9947235000000001,1.1838316580000001,1.358543
9229,0.003324781199999999,1.0349245,1.1838316580000001,2.805779
9230,0.0033257411999999984,0.9947235000000001,1.191871859,4.2530149999999995
9231,0.0033267011999999997,1.014824,1.191871859,5.338442
9232,0.003327661199999999,1.014824,1.1838316580000001,5.700251
9233,0.0033286211999999987,0.974623,1.1838316580000001,5.217839
9234,0.0033295812,1.014824,1.191871859,4.05201
9235,0.0033305411999999994,1.0349245,1.207952261,2.604774
9236,0.003331501199999999,0.9947235000000001,1.207952261,1.0369349999999997
9237,0.0033324611999999984,1.014824,1.207952261,0.2731159999999999
9238,0.0033334211999999997,1.014824,1.19991206,0.3535179999999998
9239,0.003334381199999999,0.9947235000000001,1.19991206,1.1575379999999997
9240,0.0033353411999999987,1.014824,1.191871859,2.6449749999999996
9241,0.0033363012,1.014824,1.191871859,4.1324119999999995
9242,0.0033372611999999994,1.014824,1.191871859,5.338442
9243,0.003338221199999999,1.0349245,1.207952261,5.740451999999999
9244,0.0033391811999999984,1.014824,1.191871859,5.177638
9245,0.0033401411999999997,1.014824,1.191871859,3.931407
9246,0.003341101199999999,1.0349245,1.19991206,2.363568
9247,0.0033420611999999987,1.014824,1.207952261,0.9565329999999999
9248,0.0033430212,1.014824,1.191871859,0.23291499999999976
9249,0.0033439811999999994,1.014824,1.191871859,0.39371899999999993
9250,0.003344941199999999,1.014824,1.1838316580000001,1.318342
9251,0.0033459011999999984,1.014824,1.175791457,2.7655779999999996
9252,0.0033468611999999997,1.014824,1.175791457,4.293216
9253,0.003347821199999999,1.014824,1.191871859,5.418844
9254,0.0033487811999999987,0.9947235000000001,1.191871859,5.66005
9255,0.0033497412,0.9947235000000001,1.191871859,5.016834
9256,0.0033507011999999994,1.014824,1.175791457,3.770603
9257,0.003351661199999999,0.9947235000000001,1.175791457,2.202764
9258,0.0033526211999999984,0.9947235000000001,1.191871859,0.8359299999999998
9259,0.0033535811999999996,0.9947235000000001,1.175791457,0.19271400000000005
9260,0.003354541199999999,1.014824,1.191871859,0.4339200000000001
9261,0.0033555011999999987,1.0349245,1.19991206,1.438945
9262,0.0033564612,0.9947235000000001,1.191871859,2.966583
9263,0.0033574211999999994,1.014824,1.19991206,4.494221
9264,0.003358381199999999,0.9947235000000001,1.19991206,5.499245999999999
9265,0.0033593411999999984,0.9947235000000001,1.191871859,5.66005
9266,0.0033603011999999996,1.0349245,1.191871859,4.896231
9267,0.003361261199999999,1.0349245,1.19991206,3.569598
9268,0.0033622211999999986,1.0349245,1.19991206,1.961558
9269,0.0033631812,0.9947235000000001,1.191871859,0.755528
9270,0.0033641411999999994,1.014824,1.191871859,0.19271400000000005
9271,0.003365101199999999,1.014824,1.1838316580000001,0.5545229999999997
9272,0.0033660611999999984,1.014824,1.19991206,1.7605529999999998
9273,0.0033670211999999996,1.014824,1.191871859,3.2479899999999997
9274,0.003367981199999999,1.014824,1.1838316580000001,4.695226
9275,0.0033689411999999986,1.0349245,1.1838316580000001,5.619849
9276,0.0033699012,1.0349245,1.1838316580000001,5.579648
9277,0.0033708611999999994,1.0349245,1.191871859,4.735427
9278,0.003371821199999999,1.014824,1.1838316580000001,3.2479899999999997
9279,0.0033727811999999984,1.014824,1.1838316580000001,1.6399499999999998
9280,0.0033737411999999996,0.9947235000000001,1.1838316580000001,0.634925
9281,0.003374701199999999,0.9947235000000001,1.191871859,0.1525129999999999
9282,0.0033756611999999986,1.014824,1.191871859,0.634925
9283,0.0033766212,1.014824,1.191871859,1.8811559999999998
9284,0.0033775811999999994,1.0349245,1.19991206,3.3685929999999997
9285,0.003378541199999999,1.0349245,1.207952261,4.815829
9286,0.0033795011999999984,1.0349245,1.191871859,5.579648
9287,0.0033804611999999996,1.0349245,1.191871859,5.619849
9288,0.003381421199999999,1.0349245,1.19991206,4.896231
9289,0.0033823811999999986,1.0349245,1.19991206,3.408794
9290,0.0033833412,1.0349245,1.19991206,1.840955
9291,0.0033843011999999994,1.0349245,1.191871859,0.7153269999999998
9292,0.003385261199999999,1.0349245,1.191871859,0.1525129999999999
9293,0.0033862211999999984,1.014824,1.191871859,0.5545229999999997
9294,0.0033871811999999996,1.014824,1.1838316580000001,1.6399499999999998
9295,0.003388141199999999,1.014824,1.1838316580000001,3.1273869999999997
9296,0.0033891011999999986,0.9947235000000001,1.191871859,4.534422
9297,0.0033900612,1.014824,1.191871859,5.459045
9298,0.0033910211999999993,1.014824,1.191871859,5.579648
9299,0.003391981199999999,1.014824,1.191871859,4.896231
9300,0.0033929411999999983,1.014824,1.1838316580000001,3.4891959999999997
9301,0.0033939011999999996,0.9947235000000001,1.191871859,1.800754
9302,0.003394861199999999,1.0349245,1.1838316580000001,0.5947239999999998
9303,0.0033958211999999986,1.014824,1.191871859,0.1525129999999999
9304,0.0033967812,1.014824,1.191871859,0.634925
9305,0.0033977411999999993,1.014824,1.1838316580000001,1.8811559999999998
9306,0.003398701199999999,1.014824,1.1838316580000001,3.529397
9307,0.0033996611999999983,1.014824,1.1838316580000001,4.896231
9308,0.0034006211999999996,1.014824,1.1838316580000001,5.619849
9309,0.003401581199999999,1.014824,1.191871859,5.459045
9310,0.0034025411999999986,1.0349245,1.191871859,4.494221
9311,0.0034035012,1.014824,1.191871859,2.84598
9312,0.0034044611999999993,1.0751255,1.19991206,1.438945
9313,0.003405421199999999,0.9947235000000001,1.19991206,0.4339200000000001
9314,0.0034063811999999983,1.014824,1.19991206,0.19271400000000005
9315,0.0034073411999999996,1.014824,1.191871859,0.7957289999999997
9316,0.003408301199999999,1.0349245,1.19991206,2.04196
9317,0.0034092611999999986,1.0349245,1.191871859,3.690201
9318,0.0034102212,1.0349245,1.191871859,4.85603
9319,0.0034111811999999993,1.014824,1.175791457,5.66005
9320,0.003412141199999999,1.014824,1.19991206,5.539447
9321,0.0034131011999999983,1.0349245,1.191871859,4.695226
9322,0.0034140611999999996,1.055025,1.1838316580000001,3.3685929999999997
9323,0.003415021199999999,1.0349245,1.191871859,1.8811559999999998
9324,0.0034159811999999986,1.0349245,1.191871859,0.6751259999999997
9325,0.0034169412,0.9947235000000001,1.191871859,0.23291499999999976
9326,0.0034179011999999993,1.014824,1.1838316580000001,0.514322
9327,0.003418861199999999,0.9947235000000001,1.167751256,1.479146
9328,0.0034198211999999983,1.0349245,1.175791457,3.046985
9329,0.0034207811999999995,1.014824,1.1838316580000001,4.413819
9330,0.003421741199999999,1.0349245,1.1838316580000001,5.418844
9331,0.0034227011999999985,1.0349245,1.1838316580000001,5.66005
9332,0.0034236612,1.0349245,1.191871859,5.057035
9333,0.0034246211999999993,1.0349245,1.191871859,3.690201
9334,0.003425581199999999,1.014824,1.19991206,2.04196
9335,0.0034265411999999983,1.0349245,1.191871859,0.7153269999999998
9336,0.0034275011999999995,1.014824,1.191871859,0.1525129999999999
9337,0.003428461199999999,1.014824,1.19991206,0.5545229999999997
9338,0.0034294211999999985,1.0349245,1.19991206,1.7203519999999999
9339,0.0034303811999999998,1.0349245,1.19991206,3.448995
9340,0.0034313411999999993,1.055025,1.191871859,4.815829
9341,0.0034323011999999988,1.055025,1.191871859,5.619849
9342,0.0034332611999999983,1.0349245,1.191871859,5.499245999999999
9343,0.0034342211999999995,1.014824,1.207952261,4.494221
9344,0.003435181199999999,1.0349245,1.191871859,2.966583
9345,0.0034361411999999985,1.055025,1.191871859,1.479146
9346,0.0034371011999999998,1.014824,1.1838316580000001,0.4339200000000001
9347,0.0034380611999999993,1.0349245,1.1838316580000001,0.19271400000000005
9348,0.0034390211999999988,1.0349245,1.1838316580000001,0.8359299999999998
9349,0.0034399811999999983,1.0349245,1.1838316580000001,2.122362
9350,0.0034409411999999995,1.0349245,1.191871859,3.690201
9351,0.003441901199999999,1.0349245,1.1838316580000001,5.057035
9352,0.0034428611999999985,1.0349245,1.1838316580000001,5.66005
9353,0.0034438211999999998,1.014824,1.175791457,5.499245999999999
9354,0.0034447811999999993,1.0349245,1.175791457,4.45402
9355,0.0034457411999999988,1.0349245,1.1838316580000001,2.926382
9356,0.0034467011999999983,1.0349245,1.175791457,1.358543
9357,0.0034476611999999995,1.055025,1.1838316580000001,0.4339200000000001
9358,0.003448621199999999,1.0349245,1.1838316580000001,0.19271400000000005
9359,0.0034495811999999985,0.9947235000000001,1.1838316580000001,0.9565329999999999
9360,0.0034505411999999997,1.0349245,1.19991206,2.2831659999999996
9361,0.0034515011999999992,1.014824,1.191871859,3.810804
9362,0.0034524611999999988,1.014824,1.19991206,5.217839
9363,0.0034534211999999983,1.0349245,1.191871859,5.66005
9364,0.0034543811999999995,1.055025,1.19991206,5.418844
9365,0.003455341199999999,1.0349245,1.191871859,4.293216
9366,0.0034563011999999985,1.055025,1.19991206,2.725377
9367,0.0034572611999999997,1.014824,1.191871859,1.318342
9368,0.0034582211999999992,1.055025,1.191871859,0.4339200000000001
9369,0.0034591811999999987,1.055025,1.19991206,0.23291499999999976
9370,0.0034601411999999982,1.055025,1.1838316580000001,0.9163319999999997
9371,0.0034611011999999995,1.0349245,1.191871859,2.202764
9372,0.003462061199999999,0.9947235000000001,1.191871859,3.770603
9373,0.0034630211999999985,1.0349245,1.175791457,5.057035
9374,0.0034639811999999997,1.0751255,1.175791457,5.66005
9375,0.0034649411999999992,1.0349245,1.1838316580000001,5.378643
9376,0.0034659011999999987,1.0349245,1.175791457,4.373618
9377,0.0034668612,1.055025,1.191871859,2.8861809999999997
9378,0.0034678211999999995,1.055025,1.175791457,1.3987439999999998
9379,0.003468781199999999,1.0349245,1.175791457,0.39371899999999993
9380,0.0034697411999999985,1.055025,1.191871859,0.23291499999999976
9381,0.0034707011999999997,1.0349245,1.191871859,0.876131
9382,0.0034716611999999992,1.0349245,1.19991206,2.202764
9383,0.0034726211999999987,1.055025,1.191871859,3.810804
9384,0.0034735812,1.0349245,1.191871859,5.016834
9385,0.0034745411999999995,1.0349245,1.19991206,5.66005
9386,0.003475501199999999,1.0349245,1.19991206,5.378643
9387,0.0034764611999999985,1.0349245,1.191871859,4.333417
9388,0.0034774211999999997,1.0751255,1.191871859,2.8861809999999997
9389,0.003478381199999999,1.055025,1.191871859,1.358543
9390,0.0034793411999999987,1.055025,1.19991206,0.39371899999999993
9391,0.0034803012,1.055025,1.191871859,0.19271400000000005
9392,0.0034812611999999995,1.0349245,1.191871859,0.9565329999999999
9393,0.003482221199999999,1.014824,1.191871859,2.363568
9394,0.0034831811999999985,1.055025,1.1838316580000001,4.0118089999999995
9395,0.0034841411999999997,1.055025,1.191871859,5.217839
9396,0.003485101199999999,1.055025,1.191871859,5.700251
9397,0.0034860611999999987,1.055025,1.1838316580000001,5.258039999999999
9398,0.0034870212,1.055025,1.191871859,4.0118089999999995
9399,0.0034879811999999994,1.0349245,1.1838316580000001,2.604774
9400,0.003488941199999999,1.055025,1.191871859,1.117337
9401,0.0034899011999999984,1.055025,1.175791457,0.31331700000000007
9402,0.0034908611999999997,1.055025,1.1838316580000001,0.31331700000000007
9403,0.003491821199999999,1.0751255,1.175791457,0.996734
9404,0.0034927811999999987,1.055025,1.19991206,2.4037689999999996
9405,0.0034937412,1.0349245,1.191871859,3.851005
9406,0.0034947011999999994,1.055025,1.191871859,5.097236
9407,0.003495661199999999,1.0349245,1.1838316580000001,5.66005
9408,0.0034966211999999984,1.0349245,1.19991206,5.418844
9409,0.0034975811999999997,1.055025,1.1838316580000001,4.413819
9410,0.003498541199999999,1.0751255,1.19991206,2.966583
9411,0.0034995011999999987,1.055025,1.207952261,1.559548
9412,0.0035004612,1.0751255,1.207952261,0.4741209999999998
9413,0.0035014211999999994,1.0751255,1.191871859,0.1525129999999999
9414,0.003502381199999999,1.0349245,1.19991206,0.6751259999999997
9415,0.0035033411999999984,1.055025,1.1838316580000001,1.840955
9416,0.0035043011999999997,1.055025,1.19991206,3.328392
9417,0.003505261199999999,1.055025,1.191871859,4.735427
9418,0.0035062211999999987,1.055025,1.1838316580000001,5.539447
9419,0.0035071812,1.055025,1.191871859,5.619849
9420,0.0035081411999999994,1.055025,1.191871859,4.85603
9421,0.003509101199999999,1.055025,1.175791457,3.529397
9422,0.0035100611999999984,1.0751255,1.175791457,1.961558
9423,0.0035110211999999997,1.0751255,1.191871859,0.7153269999999998
9424,0.003511981199999999,1.055025,1.1838316580000001,0.19271400000000005
9425,0.0035129411999999987,1.0349245,1.175791457,0.4741209999999998
9426,0.0035139012,1.055025,1.1838316580000001,1.479146
9427,0.0035148611999999994,1.055025,1.1838316580000001,3.1273869999999997
9428,0.003515821199999999,1.0349245,1.191871859,4.574623
9429,0.0035167811999999984,1.0349245,1.191871859,5.539447
9430,0.0035177411999999996,1.0751255,1.1838316580000001,5.619849
9431,0.003518701199999999,1.0349245,1.191871859,4.896231
9432,0.0035196611999999987,1.0751255,1.1838316580000001,3.529397
9433,0.0035206212,1.055025,1.191871859,2.04196
9434,0.0035215811999999994,1.0751255,1.191871859,0.755528
9435,0.003522541199999999,1.0349245,1.191871859,0.1525129999999999
9436,0.0035235011999999984,1.055025,1.19991206,0.514322
9437,0.0035244611999999996,1.0751255,1.191871859,1.6399499999999998
9438,0.003525421199999999,1.055025,1.1838316580000001,3.087186
9439,0.0035263811999999986,1.0349245,1.1838316580000001,4.614824
9440,0.0035273412,1.0349245,1.1838316580000001,5.499245999999999
9441,0.0035283011999999994,1.055025,1.191871859,5.619849
9442,0.003529261199999999,1.055025,1.1838316580000001,4.936432
9443,0.0035302211999999984,1.055025,1.1838316580000001,3.529397
9444,0.0035311811999999996,1.055025,1.1838316580000001,2.082161
9445,0.003532141199999999,1.0349245,1.1838316580000001,0.8359299999999998
9446,0.0035331011999999986,1.0751255,1.175791457,0.19271400000000005
9447,0.0035340612,1.055025,1.175791457,0.4339200000000001
9448,0.0035350211999999994,1.055025,1.167751256,1.318342
9449,0.003535981199999999,1.0349245,1.1838316580000001,2.725377
9450,0.0035369411999999984,1.055025,1.1838316580000001,4.293216
9451,0.0035379011999999996,1.055025,1.175791457,5.338442
9452,0.003538861199999999,1.0751255,1.1838316580000001,5.740451999999999
9453,0.0035398211999999986,1.055025,1.191871859,5.258039999999999
9454,0.0035407812,1.055025,1.1838316580000001,4.05201
9455,0.0035417411999999994,1.055025,1.1838316580000001,2.604774
9456,0.003542701199999999,1.055025,1.191871859,1.117337
9457,0.0035436611999999984,1.0751255,1.1838316580000001,0.31331700000000007
9458,0.0035446211999999996,1.055025,1.191871859,0.2731159999999999
9459,0.003545581199999999,1.055025,1.191871859,1.0369349999999997
9460,0.0035465411999999986,1.0751255,1.19991206,2.4037689999999996
9461,0.0035475012,1.055025,1.1838316580000001,3.931407
9462,0.0035484611999999994,1.055025,1.1838316580000001,5.137437
9463,0.003549421199999999,1.055025,1.191871859,5.66005
9464,0.0035503811999999984,1.095226,1.1838316580000001,5.418844
9465,0.0035513411999999996,1.055025,1.191871859,4.373618
9466,0.003552301199999999,1.055025,1.191871859,2.926382
9467,0.0035532611999999986,1.0751255,1.191871859,1.3987439999999998
9468,0.0035542212,1.0751255,1.1838316580000001,0.3535179999999998
9469,0.0035551811999999993,1.0349245,1.175791457,0.23291499999999976
9470,0.003556141199999999,1.055025,1.1838316580000001,0.8359299999999998
9471,0.0035571011999999983,1.055025,1.191871859,2.202764
9472,0.0035580611999999996,1.055025,1.1838316580000001,3.65
9473,0.003559021199999999,1.055025,1.167751256,5.016834
9474,0.0035599811999999986,1.055025,1.175791457,5.619849
9475,0.0035609412,1.055025,1.1838316580000001,5.459045
9476,0.0035619011999999993,1.055025,1.1838316580000001,4.45402
9477,0.003562861199999999,1.055025,1.175791457,3.046985
9478,0.0035638211999999983,1.0751255,1.191871859,1.438945
9479,0.0035647811999999996,1.0751255,1.1838316580000001,0.4339200000000001
9480,0.003565741199999999,1.055025,1.1838316580000001,0.23291499999999976
9481,0.0035667011999999986,1.0751255,1.19991206,0.8359299999999998
9482,0.0035676612,1.055025,1.1838316580000001,2.1625629999999996
9483,0.0035686211999999993,1.0751255,1.191871859,3.770603
9484,0.003569581199999999,1.0751255,1.191871859,5.016834
9485,0.0035705411999999983,1.0751255,1.19991206,5.619849
9486,0.0035715011999999996,1.095226,1.191871859,5.459045
9487,0.003572461199999999,1.055025,1.191871859,4.413819
9488,0.0035734211999999986,1.0751255,1.1838316580000001,2.8861809999999997
9489,0.0035743812,1.055025,1.175791457,1.438945
9490,0.0035753411999999993,1.095226,1.1838316580000001,0.4339200000000001
9491,0.003576301199999999,1.0751255,1.1838316580000001,0.19271400000000005
9492,0.0035772611999999983,1.0751255,1.1838316580000001,0.7153269999999998
9493,0.0035782211999999996,1.0751255,1.175791457,2.001759
9494,0.003579181199999999,1.055025,1.1838316580000001,3.569598
9495,0.0035801411999999986,1.0751255,1.1838316580000001,4.85603
9496,0.0035811012,1.0751255,1.167751256,5.579648
9497,0.0035820611999999993,1.055025,1.1838316580000001,5.499245999999999
9498,0.003583021199999999,1.055025,1.1838316580000001,4.614824
9499,0.0035839811999999983,1.055025,1.1838316580000001,3.2479899999999997
9500,0.0035849411999999995,1.0751255,1.191871859,1.7203519999999999
9501,0.003585901199999999,1.055025,1.175791457,0.5545229999999997
9502,0.0035868611999999985,1.1153265,1.1838316580000001,0.1525129999999999
9503,0.0035878212,1.0751255,1.1838316580000001,0.5947239999999998
9504,0.0035887811999999993,1.055025,1.1838316580000001,1.800754
9505,0.003589741199999999,1.055025,1.1838316580000001,3.328392
9506,0.0035907011999999983,1.095226,1.191871859,4.735427
9507,0.0035916611999999995,1.0751255,1.1838316580000001,5.619849
9508,0.003592621199999999,1.0751255,1.1838316580000001,5.499245999999999
9509,0.0035935811999999985,1.0751255,1.191871859,4.534422
9510,0.0035945411999999998,1.0751255,1.191871859,3.046985
9511,0.0035955011999999993,1.0751255,1.191871859,1.5193469999999998
9512,0.0035964611999999988,1.1153265,1.191871859,0.4741209999999998
9513,0.0035974211999999983,1.0751255,1.191871859,0.23291499999999976
9514,0.0035983811999999995,1.055025,1.191871859,0.876131
9515,0.003599341199999999,1.0751255,1.191871859,2.2831659999999996
9516,0.0036003011999999985,1.095226,1.1838316580000001,3.851005
9517,0.0036012611999999998,1.0751255,1.1838316580000001,5.137437
9518,0.0036022211999999993,1.055025,1.175791457,5.66005
9519,0.0036031811999999988,1.0751255,1.175791457,5.298241
9520,0.0036041411999999983,1.095226,1.1838316580000001,4.172613
9521,0.0036051011999999995,1.0349245,1.175791457,2.685176
9522,0.003606061199999999,1.095226,1.1838316580000001,1.23794
9523,0.0036070211999999985,1.0751255,1.175791457,0.3535179999999998
9524,0.0036079811999999998,1.0751255,1.175791457,0.19271400000000005
9525,0.0036089411999999993,1.095226,1.1838316580000001,0.876131
9526,0.0036099011999999988,1.0349245,1.1838316580000001,2.122362
9527,0.0036108611999999983,1.0751255,1.175791457,3.7304019999999998
9528,0.0036118211999999995,1.0751255,1.191871859,4.976633
9529,0.003612781199999999,1.0751255,1.1838316580000001,5.700251
9530,0.0036137411999999985,1.095226,1.191871859,5.459045
9531,0.0036147011999999997,1.0751255,1.191871859,4.614824
9532,0.0036156611999999992,1.0751255,1.191871859,3.207789
9533,0.0036166211999999988,1.095226,1.1838316580000001,1.7605529999999998
9534,0.0036175811999999983,1.0751255,1.1838316580000001,0.7153269999999998
9535,0.0036185411999999995,1.055025,1.191871859,0.11231199999999975
9536,0.003619501199999999,1.095226,1.191871859,0.5947239999999998
9537,0.0036204611999999985,1.055025,1.191871859,1.800754
9538,0.0036214211999999997,1.095226,1.1838316580000001,3.2479899999999997
9539,0.0036223811999999992,1.0751255,1.1838316580000001,4.695226
9540,0.0036233411999999987,1.095226,1.175791457,5.539447
9541,0.0036243011999999982,1.0751255,1.1838316580000001,5.66005
9542,0.0036252611999999995,1.0751255,1.1838316580000001,4.735427
9543,0.003626221199999999,1.095226,1.175791457,3.408794
9544,0.0036271811999999985,1.095226,1.175791457,1.921357
9545,0.0036281411999999997,1.055025,1.175791457,0.634925
9546,0.0036291011999999992,1.095226,1.167751256,0.1525129999999999
9547,0.0036300611999999987,1.095226,1.1838316580000001,0.5947239999999998
9548,0.0036310211999999982,1.0751255,1.1838316580000001,1.800754
9549,0.0036319811999999995,1.095226,1.175791457,3.288191
9550,0.003632941199999999,1.0751255,1.175791457,4.695226
9551,0.0036339011999999985,1.0751255,1.1838316580000001,5.579648
9552,0.0036348611999999997,1.0751255,1.1838316580000001,5.539447
9553,0.0036358211999999992,1.055025,1.1838316580000001,4.695226
9554,0.0036367811999999987,1.095226,1.167751256,3.328392
9555,0.0036377411999999982,1.095226,1.191871859,1.7605529999999998
9556,0.0036387011999999995,1.0751255,1.1838316580000001,0.5947239999999998
9557,0.003639661199999999,1.095226,1.19991206,0.11231199999999975
9558,0.0036406211999999985,1.055025,1.191871859,0.6751259999999997
9559,0.0036415811999999997,1.0751255,1.191871859,1.800754
9560,0.003642541199999999,1.0751255,1.191871859,3.3685929999999997
9561,0.0036435011999999987,1.055025,1.175791457,4.735427
9562,0.0036444612,1.095226,1.1838316580000001,5.539447
9563,0.0036454211999999995,1.0751255,1.175791457,5.579648
9564,0.003646381199999999,1.095226,1.175791457,4.775628
9565,0.0036473411999999985,1.1153265,1.175791457,3.408794
9566,0.0036483011999999997,1.0751255,1.175791457,1.7605529999999998
9567,0.003649261199999999,1.0751255,1.167751256,0.5947239999999998
9568,0.0036502211999999987,1.0751255,1.159711055,0.19271400000000005
9569,0.0036511812,1.095226,1.167751256,0.5545229999999997
9570,0.0036521411999999994,1.055025,1.1838316580000001,1.7203519999999999
9571,0.003653101199999999,1.095226,1.175791457,3.2479899999999997
9572,0.0036540611999999984,1.095226,1.1838316580000001,4.655025
9573,0.0036550211999999997,1.095226,1.167751256,5.499245999999999
9574,0.003655981199999999,1.095226,1.1838316580000001,5.539447
9575,0.0036569411999999987,1.095226,1.1838316580000001,4.85603
9576,0.0036579012,1.095226,1.1838316580000001,3.4891959999999997
9577,0.0036588611999999994,1.1153265,1.191871859,2.04196
9578,0.003659821199999999,1.095226,1.191871859,0.755528
9579,0.0036607811999999984,1.055025,1.1838316580000001,0.1525129999999999
9580,0.0036617411999999997,1.095226,1.1838316580000001,0.39371899999999993
9581,0.003662701199999999,1.095226,1.1838316580000001,1.1977389999999999
9582,0.0036636611999999987,1.1153265,1.1838316580000001,2.604774
9583,0.0036646212,1.1153265,1.1838316580000001,4.092211
9584,0.0036655811999999994,1.1153265,1.1838316580000001,5.097236
9585,0.003666541199999999,1.095226,1.191871859,5.700251
9586,0.0036675011999999984,1.095226,1.1838316580000001,5.378643
9587,0.0036684611999999997,1.095226,1.1838316580000001,4.293216
9588,0.003669421199999999,1.095226,1.175791457,3.046985
9589,0.0036703811999999987,1.1153265,1.191871859,1.599749
9590,0.0036713412,1.095226,1.175791457,0.514322
9591,0.0036723011999999994,1.095226,1.175791457,0.1525129999999999
9592,0.003673261199999999,1.095226,1.175791457,0.6751259999999997
9593,0.0036742211999999984,1.095226,1.167751256,1.7203519999999999
9594,0.0036751811999999997,1.1153265,1.175791457,3.328392
9595,0.003676141199999999,1.0751255,1.167751256,4.815829
9596,0.0036771011999999987,1.095226,1.175791457,5.619849
9597,0.0036780612,1.0751255,1.167751256,5.499245999999999
9598,0.0036790211999999994,1.0751255,1.175791457,4.534422
9599,0.003679981199999999,1.095226,1.1838316580000001,3.0067839999999997
9600,0.0036809411999999984,1.095226,1.175791457,1.5193469999999998
9601,0.0036819011999999996,1.1153265,1.1838316580000001,0.4339200000000001
9602,0.003682861199999999,1.095226,1.1838316580000001,0.2731159999999999
9603,0.0036838211999999987,1.095226,1.1838316580000001,0.996734
9604,0.0036847812,1.0751255,1.191871859,2.363568
9605,0.0036857411999999994,1.095226,1.175791457,4.1324119999999995
9606,0.003686701199999999,1.095226,1.1838316580000001,5.338442
9607,0.0036876611999999984,1.095226,1.1838316580000001,5.66005
9608,0.0036886211999999996,1.095226,1.1838316580000001,4.936432
9609,0.003689581199999999,1.095226,1.175791457,3.6097989999999998
9610,0.0036905411999999986,1.095226,1.1838316580000001,1.921357
9611,0.0036915012,1.1153265,1.1838316580000001,0.6751259999999997
9612,0.0036924611999999994,1.095226,1.1838316580000001,0.1525129999999999
9613,0.003693421199999999,1.095226,1.1838316580000001,0.5947239999999998
9614,0.0036943811999999984,1.095226,1.175791457,1.800754
9615,0.0036953411999999996,1.095226,1.175791457,3.408794
9616,0.003696301199999999,1.0751255,1.175791457,4.775628
9617,0.0036972611999999986,1.095226,1.175791457,5.619849
9618,0.0036982212,1.095226,1.167751256,5.539447
9619,0.0036991811999999994,1.1153265,1.175791457,4.655025
9620,0.003700141199999999,1.095226,1.167751256,3.328392
9621,0.0037011011999999984,1.095226,1.1838316580000001,1.7605529999999998
9622,0.0037020611999999996,1.095226,1.1838316580000001,0.5947239999999998
9623,0.003703021199999999,1.0751255,1.191871859,0.1525129999999999
9624,0.0037039811999999986,1.095226,1.1838316580000001,0.5545229999999997
9625,0.0037049412,1.0751255,1.1838316580000001,1.5193469999999998
9626,0.0037059011999999994,1.095226,1.191871859,2.8861809999999997
9627,0.003706861199999999,1.095226,1.191871859,4.373618
9628,0.0037078211999999984,1.1153265,1.191871859,5.298241
9629,0.0037087811999999996,1.095226,1.1838316580000001,5.66005
9630,0.003709741199999999,1.095226,1.1838316580000001,5.217839
9631,0.0037107011999999986,1.095226,1.175791457,4.092211
9632,0.0037116612,1.095226,1.191871859,2.564573
9633,0.0037126211999999994,1.0751255,1.175791457,1.1977389999999999
9634,0.003713581199999999,1.095226,1.1838316580000001,0.31331700000000007
9635,0.0037145411999999984,1.095226,1.191871859,0.1525129999999999
9636,0.0037155011999999996,1.1153265,1.191871859,1.0369349999999997
9637,0.003716461199999999,1.1153265,1.175791457,2.44397
9638,0.0037174211999999986,1.1153265,1.175791457,4.05201
9639,0.0037183812,1.095226,1.175791457,5.258039999999999
9640,0.0037193411999999993,1.1153265,1.167751256,5.66005
9641,0.003720301199999999,1.095226,1.167751256,5.217839
9642,0.0037212611999999983,1.095226,1.1838316580000001,4.0118089999999995
9643,0.0037222211999999996,1.1153265,1.167751256,2.363568
9644,0.003723181199999999,1.095226,1.167751256,1.0771359999999999
9645,0.0037241411999999986,1.0751255,1.167751256,0.2731159999999999
9646,0.0037251012,1.095226,1.175791457,0.23291499999999976
9647,0.0037260611999999993,1.1153265,1.167751256,1.2781409999999997
9648,0.003727021199999999,1.1153265,1.167751256,2.7655779999999996
9649,0.0037279811999999983,1.0751255,1.1838316580000001,4.2530149999999995
9650,0.0037289411999999996,1.095226,1.1838316580000001,5.298241
9651,0.003729901199999999,1.1153265,1.1838316580000001,5.619849
9652,0.0037308611999999986,1.095226,1.1838316580000001,5.057035
9653,0.0037318212,1.095226,1.191871859,3.7304019999999998
9654,0.0037327811999999993,1.1153265,1.175791457,2.082161
9655,0.003733741199999999,1.095226,1.1838316580000001,0.8359299999999998
9656,0.0037347011999999983,1.1153265,1.167751256,0.1525129999999999
9657,0.0037356611999999996,1.1153265,1.175791457,0.514322
9658,0.003736621199999999,1.095226,1.175791457,1.599749
9659,0.0037375811999999986,1.0751255,1.175791457,3.087186
9660,0.0037385412,1.0751255,1.175791457,4.614824
9661,0.0037395011999999993,1.1153265,1.175791457,5.459045
9662,0.003740461199999999,1.1153265,1.159711055,5.539447
9663,0.0037414211999999983,1.1153265,1.175791457,4.574623
9664,0.0037423811999999996,1.1153265,1.159711055,3.1273869999999997
9665,0.003743341199999999,1.095226,1.167751256,1.6399499999999998
9666,0.0037443011999999986,1.1153265,1.159711055,0.514322
9667,0.0037452612,1.095226,1.167751256,0.19271400000000005
9668,0.0037462211999999993,1.1153265,1.1838316580000001,0.7153269999999998
9669,0.003747181199999999,1.1153265,1.167751256,1.8811559999999998
9670,0.0037481411999999983,1.0751255,1.175791457,3.3685929999999997
9671,0.0037491011999999995,1.095226,1.175791457,4.695226
9672,0.003750061199999999,1.1153265,1.175791457,5.499245999999999
9673,0.0037510211999999985,1.095226,1.191871859,5.539447
9674,0.0037519812,1.095226,1.1838316580000001,4.896231
9675,0.0037529411999999993,1.1153265,1.191871859,3.65
9676,0.003753901199999999,1.135427,1.191871859,2.242965
9677,0.0037548611999999983,1.095226,1.191871859,1.0369349999999997
9678,0.0037558211999999995,1.0751255,1.175791457,0.23291499999999976
9679,0.003756781199999999,1.1153265,1.175791457,0.2731159999999999
9680,0.0037577411999999985,1.1153265,1.175791457,0.996734
9681,0.0037587011999999998,1.095226,1.175791457,2.323367
9682,0.0037596611999999993,1.1153265,1.175791457,3.851005
9683,0.0037606211999999988,1.1153265,1.167751256,5.016834
9684,0.0037615811999999983,1.1153265,1.175791457,5.619849
9685,0.0037625411999999995,1.1153265,1.1838316580000001,5.378643
9686,0.003763501199999999,1.1153265,1.159711055,4.45402
9687,0.0037644611999999985,1.1153265,1.167751256,3.167588
9688,0.0037654211999999998,1.135427,1.167751256,1.800754
9689,0.0037663811999999993,1.1153265,1.167751256,0.5947239999999998
9690,0.0037673411999999988,1.1153265,1.167751256,0.1525129999999999
9691,0.0037683011999999983,1.1153265,1.167751256,0.5545229999999997
9692,0.0037692611999999995,1.095226,1.175791457,1.7605529999999998
9693,0.003770221199999999,1.1153265,1.167751256,3.2479899999999997
9694,0.0037711811999999985,1.1153265,1.175791457,4.614824
9695,0.0037721411999999998,1.1153265,1.175791457,5.499245999999999
9696,0.0037731011999999993,1.135427,1.175791457,5.579648
9697,0.0037740611999999988,1.095226,1.1838316580000001,4.775628
9698,0.0037750211999999983,1.1153265,1.175791457,3.529397
9699,0.0037759811999999995,1.1153265,1.175791457,2.001759
9700,0.003776941199999999,1.135427,1.191871859,0.755528
9701,0.0037779011999999985,1.095226,1.175791457,0.19271400000000005
9702,0.0037788611999999997,1.1153265,1.175791457,0.39371899999999993
9703,0.0037798211999999992,1.135427,1.1838316580000001,1.3987439999999998
9704,0.0037807811999999988,1.1153265,1.1838316580000001,2.84598
9705,0.0037817411999999983,1.1153265,1.175791457,4.293216
9706,0.0037827011999999995,1.135427,1.175791457,5.338442
9707,0.003783661199999999,1.095226,1.167751256,5.66005
9708,0.0037846211999999985,1.1153265,1.159711055,5.217839
9709,0.0037855811999999997,1.135427,1.167751256,4.1324119999999995
9710,0.0037865411999999992,1.1555275,1.167751256,2.725377
9711,0.0037875011999999987,1.135427,1.167751256,1.2781409999999997
9712,0.0037884611999999982,1.135427,1.167751256,0.3535179999999998
9713,0.0037894211999999995,1.1153265,1.167751256,0.19271400000000005
9714,0.003790381199999999,1.1153265,1.167751256,0.7153269999999998
9715,0.0037913411999999985,1.1153265,1.175791457,1.8811559999999998
9716,0.0037923011999999997,1.1153265,1.167751256,3.328392
9717,0.0037932611999999992,1.135427,1.175791457,4.614824
9718,0.0037942211999999987,1.1153265,1.175791457,5.459045
9719,0.0037951811999999982,1.135427,1.159711055,5.66005
9720,0.0037961411999999995,1.1153265,1.167751256,5.057035
9721,0.003797101199999999,1.135427,1.167751256,3.931407
9722,0.0037980611999999985,1.1153265,1.175791457,2.44397
9723,0.0037990211999999997,1.095226,1.175791457,1.1575379999999997
9724,0.0037999811999999992,1.095226,1.175791457,0.31331700000000007
9725,0.0038009411999999987,1.1153265,1.191871859,0.23291499999999976
9726,0.0038019011999999982,1.1153265,1.1838316580000001,0.8359299999999998
9727,0.0038028611999999995,1.1153265,1.1838316580000001,2.04196
9728,0.003803821199999999,1.1153265,1.1838316580000001,3.3685929999999997
9729,0.0038047811999999985,1.135427,1.1838316580000001,4.695226
9730,0.0038057411999999997,1.1153265,1.175791457,5.539447
9731,0.003806701199999999,1.135427,1.167751256,5.579648
9732,0.0038076611999999987,1.135427,1.1838316580000001,4.815829
9733,0.003808621199999998,1.135427,1.167751256,3.6097989999999998
9734,0.0038095811999999995,1.1153265,1.167751256,2.242965
9735,0.003810541199999999,1.1153265,1.175791457,0.9565329999999999
9736,0.0038115011999999985,1.095226,1.175791457,0.19271400000000005
9737,0.0038124611999999997,1.1153265,1.175791457,0.31331700000000007
9738,0.003813421199999999,1.1555275,1.175791457,0.996734
9739,0.0038143811999999987,1.135427,1.167751256,2.323367
9740,0.0038153412,1.135427,1.175791457,3.770603
9741,0.0038163011999999994,1.135427,1.167751256,4.976633
9742,0.003817261199999999,1.135427,1.167751256,5.579648
9743,0.0038182211999999984,1.135427,1.175791457,5.499245999999999
9744,0.0038191811999999997,1.1153265,1.167751256,4.735427
9745,0.003820141199999999,1.135427,1.159711055,3.408794
9746,0.0038211011999999987,1.135427,1.175791457,2.001759
9747,0.0038220612,1.1153265,1.167751256,0.7957289999999997
9748,0.0038230211999999994,1.1153265,1.175791457,0.1525129999999999
9749,0.003823981199999999,1.095226,1.1838316580000001,0.3535179999999998
9750,0.0038249411999999984,1.135427,1.175791457,1.1977389999999999
9751,0.0038259011999999997,1.1153265,1.1838316580000001,2.564573
9752,0.003826861199999999,1.135427,1.1838316580000001,3.891206
9753,0.0038278211999999987,1.1153265,1.175791457,5.097236
9754,0.0038287812,1.135427,1.175791457,5.619849
9755,0.0038297411999999994,1.135427,1.1838316580000001,5.418844
9756,0.003830701199999999,1.135427,1.167751256,4.655025
9757,0.0038316611999999984,1.135427,1.175791457,3.3685929999999997
9758,0.0038326211999999997,1.135427,1.175791457,2.001759
9759,0.003833581199999999,1.1153265,1.175791457,0.7957289999999997
9760,0.0038345411999999987,1.1153265,1.167751256,0.1525129999999999
9761,0.0038355012,1.1153265,1.167751256,0.3535179999999998
9762,0.0038364611999999994,1.135427,1.167751256,1.2781409999999997
9763,0.003837421199999999,1.135427,1.167751256,2.564573
9764,0.0038383811999999984,1.135427,1.167751256,4.092211
9765,0.0038393411999999997,1.1555275,1.175791457,5.177638
9766,0.003840301199999999,1.135427,1.167751256,5.619849
9767,0.0038412611999999987,1.135427,1.175791457,5.378643
9768,0.0038422212,1.1555275,1.167751256,4.373618
9769,0.0038431811999999994,1.1153265,1.167751256,2.966583
9770,0.003844141199999999,1.135427,1.175791457,1.559548
9771,0.0038451011999999984,1.1153265,1.167751256,0.5947239999999998
9772,0.0038460611999999996,1.1153265,1.175791457,0.1525129999999999
9773,0.003847021199999999,1.135427,1.175791457,0.514322
9774,0.0038479811999999987,1.135427,1.175791457,1.559548
9775,0.0038489412,1.1555275,1.175791457,2.926382
9776,0.0038499011999999994,1.1555275,1.1838316580000001,4.373618
9777,0.003850861199999999,1.1555275,1.1838316580000001,5.298241
9778,0.0038518211999999984,1.135427,1.175791457,5.619849
9779,0.0038527811999999996,1.135427,1.175791457,5.137437
9780,0.003853741199999999,1.135427,1.1838316580000001,3.931407
9781,0.0038547011999999986,1.135427,1.167751256,2.4037689999999996
9782,0.0038556612,1.135427,1.167751256,1.117337
9783,0.0038566211999999994,1.1153265,1.175791457,0.2731159999999999
9784,0.003857581199999999,1.135427,1.167751256,0.2731159999999999
9785,0.0038585411999999984,1.135427,1.167751256,0.996734
9786,0.0038595011999999996,1.135427,1.159711055,2.242965
9787,0.003860461199999999,1.1555275,1.167751256,3.810804
9788,0.0038614211999999986,1.135427,1.159711055,5.057035
9789,0.0038623812,1.135427,1.167751256,5.579648
9790,0.0038633411999999994,1.1153265,1.167751256,5.418844
9791,0.003864301199999999,1.1555275,1.159711055,4.333417
9792,0.0038652611999999984,1.135427,1.159711055,2.966583
9793,0.0038662211999999996,1.135427,1.175791457,1.5193469999999998
9794,0.003867181199999999,1.135427,1.175791457,0.514322
9795,0.0038681411999999986,1.1153265,1.167751256,0.1525129999999999
9796,0.0038691012,1.135427,1.159711055,0.634925
9797,0.0038700611999999994,1.1555275,1.159711055,1.7605529999999998
9798,0.003871021199999999,1.135427,1.175791457,3.167588
9799,0.0038719811999999984,1.1555275,1.159711055,4.574623
9800,0.0038729411999999996,1.135427,1.175791457,5.378643
9801,0.003873901199999999,1.1555275,1.1838316580000001,5.619849
9802,0.0038748611999999986,1.135427,1.1838316580000001,5.016834
9803,0.0038758212,1.1153265,1.175791457,3.810804
9804,0.0038767811999999994,1.1153265,1.175791457,2.484171
9805,0.003877741199999999,1.1555275,1.175791457,1.1575379999999997
9806,0.0038787011999999984,1.1555275,1.175791457,0.3535179999999998
9807,0.0038796611999999996,1.135427,1.159711055,0.19271400000000005
9808,0.003880621199999999,1.1153265,1.167751256,0.9565329999999999
9809,0.0038815811999999986,1.1555275,1.167751256,2.04196
9810,0.0038825412,1.1555275,1.159711055,3.6097989999999998
9811,0.0038835011999999993,1.1153265,1.159711055,4.815829
9812,0.003884461199999999,1.1555275,1.167751256,5.499245999999999
9813,0.0038854211999999983,1.1555275,1.151670854,5.499245999999999
9814,0.0038863811999999996,1.1756280000000001,1.167751256,4.574623
9815,0.003887341199999999,1.1555275,1.167751256,3.167588
9816,0.0038883011999999986,1.135427,1.159711055,1.840955
9817,0.0038892612,1.135427,1.167751256,0.6751259999999997
9818,0.0038902211999999993,1.135427,1.175791457,0.19271400000000005
9819,0.003891181199999999,1.1153265,1.175791457,0.5947239999999998
9820,0.0038921411999999983,1.1555275,1.175791457,1.680151
9821,0.0038931011999999996,1.135427,1.167751256,3.1273869999999997
9822,0.003894061199999999,1.1555275,1.175791457,4.534422
9823,0.0038950211999999986,1.1555275,1.167751256,5.499245999999999
9824,0.0038959812,1.135427,1.175791457,5.539447
9825,0.0038969411999999993,1.1555275,1.167751256,4.85603
9826,0.003897901199999999,1.135427,1.1838316580000001,3.4891959999999997
9827,0.0038988611999999983,1.135427,1.167751256,1.961558
9828,0.0038998211999999996,1.1555275,1.175791457,0.7957289999999997
9829,0.003900781199999999,1.1555275,1.175791457,0.11231199999999975
9830,0.0039017411999999986,1.135427,1.1838316580000001,0.4339200000000001
9831,0.0039027012,1.135427,1.175791457,1.5193469999999998
9832,0.0039036611999999993,1.135427,1.159711055,2.926382
9833,0.003904621199999999,1.135427,1.167751256,4.333417
9834,0.0039055811999999983,1.135427,1.167751256,5.418844
9835,0.0039065411999999996,1.1555275,1.151670854,5.579648
9836,0.003907501199999999,1.135427,1.159711055,5.016834
9837,0.0039084611999999986,1.1555275,1.167751256,3.690201
9838,0.0039094212,1.135427,1.159711055,2.202764
9839,0.003910381199999999,1.1555275,1.159711055,0.9163319999999997
9840,0.003911341199999999,1.1555275,1.167751256,0.23291499999999976
9841,0.003912301199999998,1.135427,1.167751256,0.3535179999999998
9842,0.0039132611999999995,1.135427,1.167751256,1.1575379999999997
9843,0.003914221199999999,1.1555275,1.159711055,2.5243719999999996
9844,0.0039151811999999986,1.135427,1.167751256,3.971608
9845,0.0039161412,1.1555275,1.175791457,5.057035
9846,0.003917101199999999,1.135427,1.167751256,5.619849
9847,0.003918061199999999,1.135427,1.175791457,5.338442
9848,0.003919021199999998,1.1555275,1.159711055,4.373618
9849,0.0039199811999999995,1.1555275,1.175791457,3.046985
9850,0.003920941199999999,1.135427,1.175791457,1.680151
9851,0.0039219011999999985,1.135427,1.167751256,0.5545229999999997
9852,0.0039228612,1.1555275,1.167751256,0.19271400000000005
9853,0.003923821199999999,1.1555275,1.1838316580000001,0.514322
9854,0.003924781199999999,1.1756280000000001,1.167751256,1.479146
9855,0.003925741199999998,1.1756280000000001,1.175791457,2.84598
9856,0.0039267011999999995,1.1555275,1.175791457,4.2530149999999995
9857,0.003927661199999999,1.1555275,1.167751256,5.298241
9858,0.0039286211999999985,1.1756280000000001,1.167751256,5.539447
9859,0.0039295812,1.135427,1.167751256,5.258039999999999
9860,0.003930541199999999,1.1555275,1.167751256,4.05201
9861,0.003931501199999999,1.1555275,1.159711055,2.725377
9862,0.003932461199999998,1.135427,1.159711055,1.358543
9863,0.0039334211999999995,1.1555275,1.167751256,0.39371899999999993
9864,0.003934381199999999,1.135427,1.151670854,0.23291499999999976
9865,0.0039353411999999985,1.1555275,1.167751256,0.634925
9866,0.0039363012,1.135427,1.159711055,1.921357
9867,0.003937261199999999,1.1555275,1.159711055,3.328392
9868,0.003938221199999999,1.1555275,1.159711055,4.655025
9869,0.003939181199999998,1.135427,1.175791457,5.539447
9870,0.0039401411999999995,1.1756280000000001,1.167751256,5.579648
9871,0.003941101199999999,1.135427,1.159711055,4.85603
9872,0.0039420611999999985,1.1555275,1.1838316580000001,3.6097989999999998
9873,0.0039430212,1.1555275,1.167751256,2.122362
9874,0.003943981199999999,1.135427,1.175791457,0.8359299999999998
9875,0.003944941199999999,1.1555275,1.175791457,0.23291499999999976
9876,0.003945901199999998,1.1555275,1.175791457,0.31331700000000007
9877,0.0039468611999999995,1.135427,1.175791457,1.1977389999999999
9878,0.003947821199999999,1.1555275,1.167751256,2.685176
9879,0.0039487811999999985,1.1555275,1.167751256,4.172613
9880,0.0039497412,1.135427,1.1838316580000001,5.258039999999999
9881,0.003950701199999999,1.135427,1.175791457,5.579648
9882,0.003951661199999999,1.1555275,1.167751256,5.177638
9883,0.003952621199999998,1.1756280000000001,1.167751256,4.0118089999999995
9884,0.0039535811999999995,1.1555275,1.167751256,2.604774
9885,0.003954541199999999,1.1756280000000001,1.159711055,1.1575379999999997
9886,0.0039555011999999985,1.1555275,1.151670854,0.2731159999999999
9887,0.0039564612,1.1555275,1.159711055,0.1525129999999999
9888,0.003957421199999999,1.135427,1.159711055,0.7957289999999997
9889,0.003958381199999999,1.135427,1.151670854,1.921357
9890,0.003959341199999998,1.1555275,1.159711055,3.408794
9891,0.0039603011999999995,1.1756280000000001,1.159711055,4.695226
9892,0.003961261199999999,1.1756280000000001,1.159711055,5.499245999999999
9893,0.0039622211999999985,1.1756280000000001,1.167751256,5.539447
9894,0.0039631812,1.1555275,1.159711055,4.936432
9895,0.003964141199999999,1.135427,1.159711055,3.7304019999999998
9896,0.003965101199999999,1.1555275,1.175791457,2.4037689999999996
9897,0.003966061199999998,1.135427,1.175791457,0.996734
9898,0.0039670211999999995,1.1555275,1.167751256,0.31331700000000007
9899,0.003967981199999999,1.1555275,1.159711055,0.23291499999999976
9900,0.0039689411999999985,1.135427,1.175791457,0.8359299999999998
9901,0.0039699012,1.1756280000000001,1.167751256,2.04196
9902,0.003970861199999999,1.1957285,1.167751256,3.408794
9903,0.003971821199999999,1.1555275,1.167751256,4.695226
9904,0.003972781199999998,1.1555275,1.167751256,5.499245999999999
9905,0.0039737411999999995,1.1555275,1.167751256,5.539447
9906,0.003974701199999999,1.1555275,1.167751256,4.896231
9907,0.0039756611999999985,1.1756280000000001,1.175791457,3.6097989999999998
9908,0.0039766212,1.1756280000000001,1.159711055,2.2831659999999996
9909,0.003977581199999999,1.1756280000000001,1.175791457,0.9163319999999997
9910,0.003978541199999999,1.1957285,1.159711055,0.31331700000000007
9911,0.003979501199999998,1.1756280000000001,1.159711055,0.2731159999999999
9912,0.0039804611999999994,1.1756280000000001,1.159711055,1.0369349999999997
9913,0.003981421199999999,1.1756280000000001,1.143630653,2.323367
9914,0.0039823811999999984,1.135427,1.159711055,3.851005
9915,0.0039833412,1.1555275,1.151670854,4.976633
9916,0.003984301199999999,1.1756280000000001,1.159711055,5.579648
9917,0.003985261199999999,1.1555275,1.167751256,5.378643
9918,0.003986221199999998,1.1957285,1.167751256,4.45402
9919,0.003987181199999999,1.1756280000000001,1.167751256,3.087186
9920,0.003988141199999999,1.1555275,1.159711055,1.6399499999999998
9921,0.0039891011999999984,1.1756280000000001,1.167751256,0.5947239999999998
9922,0.0039900612,1.1957285,1.175791457,0.1525129999999999
9923,0.003991021199999999,1.1957285,1.167751256,0.4741209999999998
9924,0.003991981199999999,1.1756280000000001,1.159711055,1.479146
9925,0.0039929412,1.1555275,1.159711055,2.8861809999999997
9926,0.003993901199999999,1.1555275,1.175791457,4.293216
9927,0.003994861199999999,1.1555275,1.167751256,5.298241
9928,0.003995821199999998,1.1555275,1.175791457,5.579648
9929,0.0039967812,1.1756280000000001,1.175791457,5.137437
9930,0.003997741199999999,1.1756280000000001,1.167751256,4.05201
9931,0.003998701199999999,1.1555275,1.167751256,2.685176
9932,0.0039996612,1.1756280000000001,1.175791457,1.23794
9933,0.004000621199999999,1.1555275,1.151670854,0.31331700000000007
9934,0.004001581199999999,1.1756280000000001,1.167751256,0.23291499999999976
9935,0.004002541199999998,1.1756280000000001,1.159711055,0.8359299999999998
9936,0.0040035012,1.1756280000000001,1.167751256,2.001759
9937,0.004004461199999999,1.1756280000000001,1.159711055,3.529397
9938,0.004005421199999999,1.1555275,1.159711055,4.775628
9939,0.0040063812,1.1555275,1.159711055,5.499245999999999
9940,0.004007341199999999,1.1756280000000001,1.159711055,5.418844
9941,0.004008301199999999,1.1957285,1.159711055,4.494221
9942,0.004009261199999998,1.1756280000000001,1.159711055,3.207789
9943,0.0040102212,1.1756280000000001,1.151670854,1.7605529999999998
9944,0.004011181199999999,1.1957285,1.159711055,0.634925
9945,0.004012141199999999,1.1555275,1.167751256,0.19271400000000005
9946,0.0040131012,1.1756280000000001,1.167751256,0.5545229999999997
9947,0.004014061199999999,1.1756280000000001,1.159711055,1.559548
9948,0.004015021199999999,1.1555275,1.175791457,2.966583
9949,0.004015981199999998,1.1957285,1.167751256,4.373618
9950,0.0040169412,1.1756280000000001,1.159711055,5.298241
9951,0.004017901199999999,1.1555275,1.175791457,5.579648
9952,0.004018861199999999,1.1756280000000001,1.175791457,5.137437
9953,0.0040198212,1.1756280000000001,1.159711055,4.092211
9954,0.004020781199999999,1.1756280000000001,1.159711055,2.725377
9955,0.004021741199999999,1.1756280000000001,1.159711055,1.3987439999999998
9956,0.004022701199999998,1.1756280000000001,1.167751256,0.4741209999999998
9957,0.0040236612,1.135427,1.175791457,0.1525129999999999
9958,0.004024621199999999,1.1756280000000001,1.151670854,0.5947239999999998
9959,0.004025581199999999,1.1555275,1.167751256,1.559548
9960,0.0040265412,1.1555275,1.159711055,2.966583
9961,0.004027501199999999,1.1756280000000001,1.151670854,4.172613
9962,0.004028461199999999,1.1555275,1.151670854,5.177638
9963,0.004029421199999998,1.1756280000000001,1.151670854,5.579648
9964,0.0040303812,1.1957285,1.151670854,5.378643
9965,0.004031341199999999,1.1957285,1.151670854,4.413819
9966,0.004032301199999999,1.1756280000000001,1.159711055,3.167588
9967,0.0040332612,1.1756280000000001,1.151670854,1.840955
9968,0.004034221199999999,1.1756280000000001,1.167751256,0.7153269999999998
9969,0.004035181199999999,1.1555275,1.159711055,0.1525129999999999
9970,0.004036141199999998,1.1756280000000001,1.151670854,0.3535179999999998
9971,0.0040371012,1.1957285,1.167751256,1.117337
9972,0.004038061199999999,1.1957285,1.167751256,2.44397
9973,0.004039021199999999,1.1756280000000001,1.159711055,3.690201
9974,0.0040399812,1.1957285,1.167751256,4.896231
9975,0.004040941199999999,1.1957285,1.159711055,5.499245999999999
9976,0.004041901199999999,1.1957285,1.167751256,5.459045
9977,0.004042861199999998,1.1756280000000001,1.167751256,4.614824
9978,0.0040438212,1.1756280000000001,1.159711055,3.2479899999999997
9979,0.004044781199999999,1.1957285,1.159711055,1.8811559999999998
9980,0.004045741199999999,1.1756280000000001,1.159711055,0.755528
9981,0.0040467012,1.1957285,1.167751256,0.19271400000000005
9982,0.004047661199999999,1.1756280000000001,1.159711055,0.3535179999999998
9983,0.004048621199999999,1.1756280000000001,1.167751256,1.3987439999999998
9984,0.004049581199999998,1.1957285,1.159711055,2.7655779999999996
9985,0.0040505412,1.1957285,1.175791457,4.212814
9986,0.004051501199999999,1.1756280000000001,1.151670854,5.217839
9987,0.004052461199999999,1.1957285,1.159711055,5.579648
9988,0.0040534212,1.1555275,1.159711055,5.137437
9989,0.004054381199999999,1.1756280000000001,1.159711055,3.971608
9990,0.004055341199999999,1.1555275,1.159711055,2.564573
9991,0.004056301199999998,1.1957285,1.151670854,1.23794
9992,0.0040572612,1.1957285,1.159711055,0.3535179999999998
9993,0.004058221199999999,1.1756280000000001,1.143630653,0.23291499999999976
9994,0.004059181199999999,1.1957285,1.151670854,0.8359299999999998
9995,0.0040601412,1.1756280000000001,1.151670854,1.8811559999999998
9996,0.004061101199999999,1.215829,1.159711055,3.4891959999999997
9997,0.004062061199999999,1.1957285,1.159711055,4.735427
9998,0.004063021199999998,1.1957285,1.151670854,5.499245999999999
9999,0.0040639811999999996,1.1957285,1.167751256,5.499245999999999
