,t,ramp,trans_pd,mzi_pd
0,-0.0050600588,-0.546733668,0.323370842,3.43587926
1,-0.005059138800000001,-0.5306532660000001,0.32602410800000003,3.43587926
2,-0.0050582188,-0.546733668,0.323370842,3.41698479
3,-0.0050572988,-0.5306532660000001,0.323370842,3.3980903199999997
4,-0.0050563788000000005,-0.5306532660000001,0.32602410800000003,3.37919585
5,-0.005055458800000001,-0.5306532660000001,0.323370842,3.36030138
6,-0.0050545388,-0.538693467,0.32602410800000003,3.34140691
7,-0.0050536188000000004,-0.538693467,0.320717576,3.3225124399999997
8,-0.005052698800000001,-0.538693467,0.320717576,3.30361797
9,-0.0050517788,-0.538693467,0.323370842,3.26582903
10,-0.0050508588,-0.5306532660000001,0.320717576,3.26582903
11,-0.005049938800000001,-0.538693467,0.323370842,3.26582903
12,-0.0050490188,-0.5306532660000001,0.32602410800000003,3.2469345599999997
13,-0.0050480988,-0.538693467,0.323370842,3.2469345599999997
14,-0.0050471788000000005,-0.538693467,0.323370842,3.22804009
15,-0.005046258800000001,-0.538693467,0.323370842,3.2469345599999997
16,-0.0050453388,-0.546733668,0.323370842,3.19025115
17,-0.0050444188000000004,-0.554773869,0.323370842,3.19025115
18,-0.005043498800000001,-0.5306532660000001,0.32602410800000003,3.15246221
19,-0.0050425788,-0.5306532660000001,0.323370842,3.1335677399999997
20,-0.0050416588,-0.538693467,0.323370842,3.1335677399999997
21,-0.005040738800000001,-0.538693467,0.320717576,3.1335677399999997
22,-0.0050398188,-0.5306532660000001,0.323370842,3.11467327
23,-0.0050388988,-0.538693467,0.323370842,3.1335677399999997
24,-0.0050379788000000005,-0.5306532660000001,0.323370842,3.07688433
25,-0.005037058800000001,-0.5306532660000001,0.32602410800000003,3.0957787999999997
26,-0.0050361388,-0.5306532660000001,0.323370842,3.0579898599999997
27,-0.0050352188,-0.538693467,0.323370842,3.07688433
28,-0.005034298800000001,-0.538693467,0.323370842,3.0579898599999997
29,-0.0050333788,-0.546733668,0.323370842,3.03909539
30,-0.0050324588,-0.522613065,0.320717576,3.0579898599999997
31,-0.005031538800000001,-0.538693467,0.323370842,3.0202009199999997
32,-0.0050306188,-0.5306532660000001,0.32602410800000003,3.03909539
33,-0.0050296988,-0.5306532660000001,0.323370842,3.0202009199999997
34,-0.0050287788000000005,-0.538693467,0.32602410800000003,3.0202009199999997
35,-0.005027858800000001,-0.5306532660000001,0.32602410800000003,3.0202009199999997
36,-0.0050269388,-0.5306532660000001,0.323370842,3.00130645
37,-0.0050260188,-0.546733668,0.323370842,3.00130645
38,-0.005025098800000001,-0.5306532660000001,0.320717576,3.03909539
39,-0.0050241788,-0.5306532660000001,0.323370842,2.9824119799999997
40,-0.0050232588,-0.538693467,0.323370842,3.0202009199999997
41,-0.005022338800000001,-0.5306532660000001,0.320717576,3.0202009199999997
42,-0.0050214188,-0.546733668,0.323370842,3.03909539
43,-0.0050204988,-0.538693467,0.32602410800000003,3.0579898599999997
44,-0.0050195788000000005,-0.546733668,0.323370842,3.0579898599999997
45,-0.005018658800000001,-0.546733668,0.32602410800000003,3.0579898599999997
46,-0.0050177388,-0.546733668,0.323370842,3.0957787999999997
47,-0.0050168188,-0.538693467,0.323370842,3.11467327
48,-0.005015898800000001,-0.538693467,0.323370842,3.11467327
49,-0.0050149788,-0.538693467,0.323370842,3.1335677399999997
50,-0.0050140588,-0.5306532660000001,0.323370842,3.15246221
51,-0.005013138800000001,-0.5306532660000001,0.323370842,3.19025115
52,-0.0050122188,-0.538693467,0.323370842,3.19025115
53,-0.0050112988,-0.5306532660000001,0.323370842,3.2091456199999997
54,-0.0050103788000000005,-0.538693467,0.323370842,3.2469345599999997
55,-0.005009458800000001,-0.538693467,0.320717576,3.2469345599999997
56,-0.0050085388,-0.5306532660000001,0.320717576,3.30361797
57,-0.0050076188,-0.538693467,0.32602410800000003,3.30361797
58,-0.005006698800000001,-0.522613065,0.320717576,3.36030138
59,-0.0050057788,-0.538693467,0.320717576,3.36030138
60,-0.0050048588,-0.5306532660000001,0.323370842,3.37919585
61,-0.005003938800000001,-0.5306532660000001,0.323370842,3.37919585
62,-0.0050030188,-0.522613065,0.320717576,3.3980903199999997
63,-0.0050020988,-0.538693467,0.32602410800000003,3.41698479
64,-0.0050011788000000005,-0.5306532660000001,0.323370842,3.43587926
65,-0.005000258800000001,-0.538693467,0.320717576,3.43587926
66,-0.0049993388,-0.538693467,0.32602410800000003,3.43587926
67,-0.0049984188,-0.5306532660000001,0.323370842,3.4736681999999997
68,-0.004997498800000001,-0.5306532660000001,0.323370842,3.4736681999999997
69,-0.0049965788,-0.538693467,0.323370842,3.51145714
70,-0.0049956588,-0.5306532660000001,0.320717576,3.49256267
71,-0.004994738800000001,-0.5306532660000001,0.323370842,3.4736681999999997
72,-0.0049938188,-0.5306532660000001,0.31806431,3.49256267
73,-0.0049928988,-0.538693467,0.32602410800000003,3.49256267
74,-0.0049919788000000005,-0.522613065,0.320717576,3.49256267
75,-0.004991058800000001,-0.5306532660000001,0.323370842,3.49256267
76,-0.0049901388,-0.5306532660000001,0.323370842,3.49256267
77,-0.0049892188,-0.538693467,0.323370842,3.51145714
78,-0.004988298800000001,-0.538693467,0.320717576,3.49256267
79,-0.0049873788,-0.522613065,0.323370842,3.51145714
80,-0.0049864588,-0.5306532660000001,0.32602410800000003,3.49256267
81,-0.004985538800000001,-0.546733668,0.320717576,3.51145714
82,-0.0049846188,-0.538693467,0.32602410800000003,3.49256267
83,-0.0049836988,-0.5306532660000001,0.323370842,3.51145714
84,-0.0049827788000000005,-0.546733668,0.323370842,3.45477373
85,-0.004981858800000001,-0.546733668,0.320717576,3.45477373
86,-0.0049809388,-0.5306532660000001,0.323370842,3.49256267
87,-0.0049800188,-0.546733668,0.323370842,3.4736681999999997
88,-0.004979098800000001,-0.5306532660000001,0.32602410800000003,3.45477373
89,-0.0049781788,-0.5306532660000001,0.32602410800000003,3.43587926
90,-0.0049772588,-0.5306532660000001,0.32602410800000003,3.41698479
91,-0.0049763388000000006,-0.5306532660000001,0.320717576,3.41698479
92,-0.0049754188,-0.538693467,0.323370842,3.36030138
93,-0.0049744988,-0.5306532660000001,0.323370842,3.34140691
94,-0.0049735788000000005,-0.5306532660000001,0.323370842,3.34140691
95,-0.004972658800000001,-0.522613065,0.32602410800000003,3.2847235
96,-0.0049717388,-0.5306532660000001,0.323370842,3.22804009
97,-0.0049708188,-0.522613065,0.32602410800000003,3.15246221
98,-0.004969898800000001,-0.522613065,0.323370842,3.1335677399999997
99,-0.0049689788,-0.5306532660000001,0.32602410800000003,3.07688433
100,-0.0049680588,-0.5306532660000001,0.32602410800000003,3.00130645
101,-0.0049671388000000006,-0.5306532660000001,0.323370842,2.96351751
102,-0.0049662188,-0.5306532660000001,0.32602410800000003,2.88793963
103,-0.0049652988,-0.538693467,0.323370842,2.85015069
104,-0.0049643788000000005,-0.5306532660000001,0.323370842,2.75567834
105,-0.004963458800000001,-0.5306532660000001,0.323370842,2.68010046
106,-0.0049625388,-0.522613065,0.328677374,2.62341705
107,-0.0049616188,-0.522613065,0.323370842,2.54783917
108,-0.004960698800000001,-0.5306532660000001,0.32602410800000003,2.47226129
109,-0.0049597788,-0.522613065,0.32602410800000003,2.39668341
110,-0.0049588588,-0.522613065,0.323370842,2.34
111,-0.0049579388000000005,-0.5306532660000001,0.320717576,2.26442212
112,-0.0049570188,-0.506532663,0.32602410800000003,2.22663318
113,-0.0049560988,-0.538693467,0.323370842,2.1699497699999997
114,-0.0049551788000000005,-0.522613065,0.323370842,2.1321608299999997
115,-0.004954258800000001,-0.514572864,0.32602410800000003,2.07547742
116,-0.0049533388,-0.538693467,0.32602410800000003,2.0565829499999997
117,-0.0049524188,-0.522613065,0.32602410800000003,1.99989954
118,-0.004951498800000001,-0.5306532660000001,0.323370842,1.94321613
119,-0.0049505788,-0.522613065,0.320717576,1.92432166
120,-0.0049496588,-0.522613065,0.323370842,1.92432166
121,-0.0049487388000000005,-0.5306532660000001,0.32602410800000003,1.8676382499999997
122,-0.0049478188,-0.5306532660000001,0.32602410800000003,1.84874378
123,-0.0049468988,-0.5306532660000001,0.328677374,1.8298493099999997
124,-0.0049459788000000005,-0.5306532660000001,0.323370842,1.8298493099999997
125,-0.004945058800000001,-0.5306532660000001,0.32602410800000003,1.7920603699999997
126,-0.0049441388,-0.5306532660000001,0.323370842,1.7920603699999997
127,-0.0049432188,-0.546733668,0.32602410800000003,1.7920603699999997
128,-0.004942298800000001,-0.5306532660000001,0.32602410800000003,1.7731659
129,-0.0049413788,-0.522613065,0.32602410800000003,1.7920603699999997
130,-0.0049404588,-0.5306532660000001,0.32602410800000003,1.81095484
131,-0.0049395388000000005,-0.538693467,0.328677374,1.8298493099999997
132,-0.004938618800000001,-0.522613065,0.323370842,1.8298493099999997
133,-0.0049376988,-0.5306532660000001,0.320717576,1.8676382499999997
134,-0.0049367788000000004,-0.5306532660000001,0.323370842,1.88653272
135,-0.004935858800000001,-0.522613065,0.323370842,1.92432166
136,-0.0049349388,-0.5306532660000001,0.32602410800000003,1.9621106
137,-0.0049340188,-0.522613065,0.32602410800000003,2.0187940099999997
138,-0.004933098800000001,-0.514572864,0.32602410800000003,2.0943718899999997
139,-0.0049321788,-0.5306532660000001,0.32602410800000003,2.1510553
140,-0.0049312588,-0.538693467,0.32602410800000003,2.22663318
141,-0.0049303388000000005,-0.5306532660000001,0.328677374,2.3211055299999996
142,-0.0049294188,-0.5306532660000001,0.328677374,2.39668341
143,-0.0049284988,-0.514572864,0.32602410800000003,2.5289447
144,-0.0049275788000000004,-0.5306532660000001,0.32602410800000003,2.60452258
145,-0.004926658800000001,-0.5306532660000001,0.32602410800000003,2.7178894
146,-0.0049257388,-0.522613065,0.32602410800000003,2.7934672799999998
147,-0.0049248188,-0.5306532660000001,0.32602410800000003,2.92572857
148,-0.004923898800000001,-0.522613065,0.32602410800000003,3.03909539
149,-0.0049229788,-0.538693467,0.32602410800000003,3.1335677399999997
150,-0.0049220588,-0.5306532660000001,0.323370842,3.22804009
151,-0.0049211388000000005,-0.5306532660000001,0.32602410800000003,3.2847235
152,-0.004920218800000001,-0.522613065,0.32602410800000003,3.34140691
153,-0.0049192988,-0.522613065,0.323370842,3.37919585
154,-0.0049183788,-0.522613065,0.328677374,3.43587926
155,-0.004917458800000001,-0.522613065,0.323370842,3.45477373
156,-0.0049165388,-0.5306532660000001,0.32602410800000003,3.49256267
157,-0.0049156188,-0.514572864,0.323370842,3.4736681999999997
158,-0.004914698800000001,-0.522613065,0.323370842,3.4736681999999997
159,-0.0049137788,-0.5306532660000001,0.320717576,3.41698479
160,-0.0049128588,-0.522613065,0.323370842,3.37919585
161,-0.0049119388000000005,-0.522613065,0.320717576,3.3225124399999997
162,-0.004911018800000001,-0.5306532660000001,0.323370842,3.2469345599999997
163,-0.0049100988,-0.522613065,0.32602410800000003,3.19025115
164,-0.0049091788,-0.5306532660000001,0.323370842,3.07688433
165,-0.004908258800000001,-0.5306532660000001,0.32602410800000003,3.00130645
166,-0.0049073388,-0.5306532660000001,0.323370842,2.8690451599999998
167,-0.0049064188,-0.522613065,0.323370842,2.7934672799999998
168,-0.004905498800000001,-0.514572864,0.32602410800000003,2.7178894
169,-0.0049045788,-0.538693467,0.32602410800000003,2.54783917
170,-0.0049036588,-0.522613065,0.320717576,2.45336682
171,-0.0049027388000000005,-0.5306532660000001,0.323370842,2.3211055299999996
172,-0.004901818800000001,-0.522613065,0.32602410800000003,2.2455276499999997
173,-0.0049008988,-0.514572864,0.323370842,2.1699497699999997
174,-0.0048999788,-0.5306532660000001,0.32602410800000003,2.0565829499999997
175,-0.004899058800000001,-0.522613065,0.32602410800000003,1.98100507
176,-0.0048981388,-0.514572864,0.323370842,1.90542719
177,-0.0048972188,-0.522613065,0.32602410800000003,1.88653272
178,-0.004896298800000001,-0.5306532660000001,0.323370842,1.8298493099999997
179,-0.0048953788,-0.522613065,0.320717576,1.8298493099999997
180,-0.0048944588,-0.522613065,0.323370842,1.7731659
181,-0.0048935388000000005,-0.5306532660000001,0.323370842,1.8298493099999997
182,-0.004892618800000001,-0.522613065,0.320717576,1.8676382499999997
183,-0.0048916988,-0.522613065,0.320717576,1.92432166
184,-0.0048907788,-0.5306532660000001,0.323370842,1.99989954
185,-0.004889858800000001,-0.5306532660000001,0.323370842,2.1321608299999997
186,-0.0048889388,-0.514572864,0.323370842,2.26442212
187,-0.0048880188,-0.522613065,0.323370842,2.43447235
188,-0.004887098800000001,-0.522613065,0.323370842,2.54783917
189,-0.0048861788,-0.5306532660000001,0.320717576,2.7178894
190,-0.0048852588,-0.5306532660000001,0.320717576,2.9068340999999998
191,-0.0048843388000000005,-0.522613065,0.323370842,3.0579898599999997
192,-0.004883418800000001,-0.522613065,0.323370842,3.22804009
193,-0.0048824988,-0.514572864,0.323370842,3.3225124399999997
194,-0.0048815788,-0.522613065,0.320717576,3.3980903199999997
195,-0.004880658800000001,-0.522613065,0.32602410800000003,3.4736681999999997
196,-0.0048797388,-0.5306532660000001,0.32602410800000003,3.4736681999999997
197,-0.0048788188,-0.522613065,0.320717576,3.4736681999999997
198,-0.004877898800000001,-0.522613065,0.323370842,3.3980903199999997
199,-0.0048769788,-0.514572864,0.320717576,3.30361797
200,-0.0048760588,-0.522613065,0.323370842,3.15246221
201,-0.0048751388000000005,-0.522613065,0.323370842,3.00130645
202,-0.004874218800000001,-0.522613065,0.32602410800000003,2.7934672799999998
203,-0.0048732988,-0.522613065,0.320717576,2.60452258
204,-0.0048723788,-0.522613065,0.320717576,2.35889447
205,-0.004871458800000001,-0.5306532660000001,0.323370842,2.18884424
206,-0.0048705388,-0.522613065,0.32602410800000003,2.0187940099999997
207,-0.0048696188,-0.5306532660000001,0.323370842,1.92432166
208,-0.004868698800000001,-0.522613065,0.323370842,1.8298493099999997
209,-0.0048677788,-0.538693467,0.323370842,1.7920603699999997
210,-0.0048668588,-0.522613065,0.323370842,1.81095484
211,-0.0048659388000000005,-0.522613065,0.323370842,1.88653272
212,-0.004865018800000001,-0.5306532660000001,0.32602410800000003,1.98100507
213,-0.0048640988,-0.522613065,0.320717576,2.1510553
214,-0.0048631788,-0.522613065,0.323370842,2.30221106
215,-0.004862258800000001,-0.522613065,0.32602410800000003,2.51005023
216,-0.0048613388,-0.514572864,0.323370842,2.75567834
217,-0.0048604188,-0.522613065,0.323370842,2.9446230399999997
218,-0.0048594988000000006,-0.514572864,0.323370842,3.1335677399999997
219,-0.0048585788,-0.514572864,0.32602410800000003,3.26582903
220,-0.0048576588,-0.522613065,0.32602410800000003,3.3980903199999997
221,-0.0048567388000000005,-0.522613065,0.328677374,3.4736681999999997
222,-0.004855818800000001,-0.522613065,0.32602410800000003,3.49256267
223,-0.0048548988,-0.5306532660000001,0.32602410800000003,3.45477373
224,-0.0048539788,-0.522613065,0.32602410800000003,3.37919585
225,-0.004853058800000001,-0.522613065,0.32602410800000003,3.2469345599999997
226,-0.0048521388,-0.514572864,0.323370842,3.07688433
227,-0.0048512188,-0.514572864,0.323370842,2.9068340999999998
228,-0.0048502988000000006,-0.522613065,0.323370842,2.66120599
229,-0.0048493788,-0.522613065,0.323370842,2.45336682
230,-0.0048484588,-0.514572864,0.323370842,2.2833165899999996
231,-0.0048475388000000005,-0.514572864,0.32602410800000003,2.07547742
232,-0.004846618800000001,-0.522613065,0.323370842,1.92432166
233,-0.0048456988,-0.522613065,0.323370842,1.8298493099999997
234,-0.0048447788,-0.522613065,0.323370842,1.7920603699999997
235,-0.004843858800000001,-0.522613065,0.323370842,1.81095484
236,-0.0048429388,-0.522613065,0.323370842,1.90542719
237,-0.0048420188,-0.522613065,0.323370842,2.07547742
238,-0.0048410988000000005,-0.522613065,0.323370842,2.2833165899999996
239,-0.004840178800000001,-0.522613065,0.320717576,2.5289447
240,-0.0048392588,-0.506532663,0.320717576,2.77457281
241,-0.0048383388000000005,-0.5306532660000001,0.31806431,3.03909539
242,-0.004837418800000001,-0.514572864,0.320717576,3.26582903
243,-0.0048364988,-0.522613065,0.320717576,3.3980903199999997
244,-0.0048355788,-0.514572864,0.320717576,3.49256267
245,-0.004834658800000001,-0.514572864,0.320717576,3.4736681999999997
246,-0.0048337388,-0.522613065,0.320717576,3.37919585
247,-0.0048328188,-0.514572864,0.31806431,3.22804009
248,-0.0048318988000000005,-0.522613065,0.31806431,3.0202009199999997
249,-0.0048309788,-0.522613065,0.31806431,2.77457281
250,-0.0048300588,-0.522613065,0.323370842,2.45336682
251,-0.0048291388000000005,-0.514572864,0.320717576,2.18884424
252,-0.004828218800000001,-0.522613065,0.323370842,1.9621106
253,-0.0048272988,-0.514572864,0.320717576,1.8298493099999997
254,-0.0048263788,-0.514572864,0.323370842,1.7920603699999997
255,-0.004825458800000001,-0.506532663,0.323370842,1.81095484
256,-0.0048245388,-0.514572864,0.323370842,1.9621106
257,-0.0048236188,-0.506532663,0.323370842,2.1321608299999997
258,-0.0048226988000000005,-0.506532663,0.323370842,2.43447235
259,-0.004821778800000001,-0.522613065,0.323370842,2.69899493
260,-0.0048208588,-0.522613065,0.320717576,3.00130645
261,-0.0048199388000000004,-0.522613065,0.32602410800000003,3.26582903
262,-0.004819018800000001,-0.514572864,0.32602410800000003,3.3980903199999997
263,-0.0048180988,-0.514572864,0.32602410800000003,3.49256267
264,-0.0048171788,-0.514572864,0.320717576,3.4736681999999997
265,-0.004816258800000001,-0.522613065,0.320717576,3.34140691
266,-0.0048153388,-0.506532663,0.323370842,3.11467327
267,-0.0048144188,-0.522613065,0.32602410800000003,2.85015069
268,-0.0048134988000000005,-0.514572864,0.32602410800000003,2.56673364
269,-0.0048125788,-0.514572864,0.32602410800000003,2.26442212
270,-0.0048116588,-0.506532663,0.32602410800000003,1.99989954
271,-0.0048107388000000004,-0.490452261,0.32602410800000003,1.84874378
272,-0.004809818800000001,-0.522613065,0.32602410800000003,1.7920603699999997
273,-0.0048088988,-0.506532663,0.320717576,1.8298493099999997
274,-0.0048079788,-0.514572864,0.323370842,2.0187940099999997
275,-0.004807058800000001,-0.514572864,0.323370842,2.2455276499999997
276,-0.0048061388,-0.514572864,0.323370842,2.51005023
277,-0.0048052188,-0.506532663,0.320717576,2.8312562199999998
278,-0.0048042988000000005,-0.506532663,0.323370842,3.0957787999999997
279,-0.004803378800000001,-0.514572864,0.323370842,3.34140691
280,-0.0048024588,-0.514572864,0.323370842,3.43587926
281,-0.0048015388,-0.522613065,0.320717576,3.51145714
282,-0.004800618800000001,-0.514572864,0.323370842,3.3980903199999997
283,-0.0047996988,-0.514572864,0.320717576,3.2091456199999997
284,-0.0047987788,-0.506532663,0.323370842,2.9446230399999997
285,-0.004797858800000001,-0.514572864,0.320717576,2.64231152
286,-0.0047969388,-0.522613065,0.320717576,2.3211055299999996
287,-0.0047960188,-0.498492462,0.320717576,2.03768848
288,-0.0047950988000000005,-0.522613065,0.320717576,1.8676382499999997
289,-0.004794178800000001,-0.506532663,0.320717576,1.7731659
290,-0.0047932588,-0.522613065,0.320717576,1.8298493099999997
291,-0.0047923388,-0.498492462,0.323370842,2.0187940099999997
292,-0.004791418800000001,-0.506532663,0.320717576,2.2833165899999996
293,-0.0047904988,-0.522613065,0.323370842,2.62341705
294,-0.0047895788,-0.498492462,0.31806431,2.92572857
295,-0.004788658800000001,-0.506532663,0.323370842,3.22804009
296,-0.0047877388,-0.506532663,0.323370842,3.45477373
297,-0.0047868188,-0.506532663,0.323370842,3.49256267
298,-0.0047858988000000005,-0.522613065,0.32602410800000003,3.41698479
299,-0.004784978800000001,-0.498492462,0.32602410800000003,3.2469345599999997
300,-0.0047840588,-0.514572864,0.32602410800000003,2.96351751
301,-0.0047831388,-0.514572864,0.323370842,2.60452258
302,-0.004782218800000001,-0.514572864,0.323370842,2.2455276499999997
303,-0.0047812988,-0.514572864,0.323370842,1.98100507
304,-0.0047803788,-0.490452261,0.323370842,1.81095484
305,-0.004779458800000001,-0.506532663,0.32602410800000003,1.7731659
306,-0.0047785388,-0.498492462,0.323370842,1.92432166
307,-0.0047776188,-0.514572864,0.32602410800000003,2.1699497699999997
308,-0.0047766988000000005,-0.506532663,0.323370842,2.51005023
309,-0.004775778800000001,-0.514572864,0.32602410800000003,2.88793963
310,-0.0047748588,-0.514572864,0.320717576,3.1713566799999997
311,-0.0047739388,-0.498492462,0.320717576,3.3980903199999997
312,-0.004773018800000001,-0.506532663,0.320717576,3.49256267
313,-0.0047720988,-0.498492462,0.320717576,3.41698479
314,-0.0047711788,-0.506532663,0.31806431,3.22804009
315,-0.004770258800000001,-0.514572864,0.323370842,2.9068340999999998
316,-0.0047693388,-0.506532663,0.320717576,2.56673364
317,-0.0047684188,-0.498492462,0.320717576,2.2077387099999997
318,-0.0047674988000000005,-0.514572864,0.320717576,1.9621106
319,-0.004766578800000001,-0.506532663,0.320717576,1.7920603699999997
320,-0.0047656588,-0.506532663,0.320717576,1.7920603699999997
321,-0.0047647388,-0.514572864,0.31806431,1.94321613
322,-0.004763818800000001,-0.522613065,0.31541104400000003,2.18884424
323,-0.0047628988,-0.514572864,0.31806431,2.51005023
324,-0.0047619788,-0.506532663,0.31806431,2.85015069
325,-0.004761058800000001,-0.514572864,0.31806431,3.1713566799999997
326,-0.0047601388,-0.506532663,0.31806431,3.37919585
327,-0.0047592188,-0.506532663,0.320717576,3.49256267
328,-0.0047582988000000005,-0.514572864,0.323370842,3.41698479
329,-0.004757378800000001,-0.514572864,0.320717576,3.22804009
330,-0.0047564588,-0.514572864,0.320717576,2.88793963
331,-0.0047555388,-0.506532663,0.320717576,2.56673364
332,-0.004754618800000001,-0.514572864,0.323370842,2.2077387099999997
333,-0.0047536988,-0.498492462,0.323370842,1.94321613
334,-0.0047527788,-0.514572864,0.323370842,1.7920603699999997
335,-0.004751858800000001,-0.514572864,0.323370842,1.8298493099999997
336,-0.0047509388,-0.490452261,0.323370842,1.98100507
337,-0.0047500188,-0.514572864,0.32602410800000003,2.2833165899999996
338,-0.0047490988000000005,-0.514572864,0.323370842,2.66120599
339,-0.004748178800000001,-0.498492462,0.320717576,3.00130645
340,-0.0047472588,-0.506532663,0.323370842,3.2847235
341,-0.0047463388,-0.514572864,0.32602410800000003,3.4736681999999997
342,-0.004745418800000001,-0.514572864,0.323370842,3.49256267
343,-0.0047444988,-0.514572864,0.323370842,3.30361797
344,-0.0047435788,-0.506532663,0.320717576,2.9824119799999997
345,-0.0047426588000000006,-0.514572864,0.323370842,2.60452258
346,-0.004741738800000001,-0.506532663,0.320717576,2.22663318
347,-0.0047408188,-0.514572864,0.31806431,1.9621106
348,-0.0047398988000000005,-0.514572864,0.31806431,1.81095484
349,-0.004738978800000001,-0.514572864,0.31541104400000003,1.84874378
350,-0.0047380588,-0.514572864,0.320717576,2.03768848
351,-0.0047371388,-0.522613065,0.31806431,2.3211055299999996
352,-0.004736218800000001,-0.490452261,0.31541104400000003,2.69899493
353,-0.0047352988,-0.522613065,0.31806431,3.0579898599999997
354,-0.0047343788,-0.506532663,0.320717576,3.3225124399999997
355,-0.0047334588000000006,-0.498492462,0.31541104400000003,3.4736681999999997
356,-0.0047325388,-0.498492462,0.31541104400000003,3.4736681999999997
357,-0.0047316188,-0.506532663,0.31541104400000003,3.3225124399999997
358,-0.0047306988000000005,-0.498492462,0.31806431,3.00130645
359,-0.004729778800000001,-0.506532663,0.31541104400000003,2.68010046
360,-0.0047288588,-0.498492462,0.320717576,2.30221106
361,-0.0047279388,-0.506532663,0.320717576,1.99989954
362,-0.004727018800000001,-0.506532663,0.323370842,1.84874378
363,-0.0047260988,-0.506532663,0.31806431,1.7920603699999997
364,-0.0047251788,-0.506532663,0.320717576,1.88653272
365,-0.0047242588000000005,-0.514572864,0.32602410800000003,2.11326636
366,-0.004723338800000001,-0.514572864,0.32602410800000003,2.45336682
367,-0.0047224188,-0.522613065,0.32602410800000003,2.7934672799999998
368,-0.0047214988000000005,-0.490452261,0.323370842,3.19025115
369,-0.004720578800000001,-0.506532663,0.32602410800000003,3.41698479
370,-0.0047196588,-0.498492462,0.323370842,3.4736681999999997
371,-0.0047187388,-0.514572864,0.320717576,3.3980903199999997
372,-0.004717818800000001,-0.506532663,0.323370842,3.19025115
373,-0.0047168988,-0.498492462,0.323370842,2.88793963
374,-0.0047159788,-0.498492462,0.323370842,2.45336682
375,-0.0047150588000000005,-0.498492462,0.323370842,2.1321608299999997
376,-0.0047141388,-0.498492462,0.320717576,1.8676382499999997
377,-0.0047132188,-0.506532663,0.320717576,1.7731659
378,-0.0047122988000000005,-0.506532663,0.31806431,1.90542719
379,-0.004711378800000001,-0.506532663,0.31806431,2.11326636
380,-0.0047104588,-0.498492462,0.320717576,2.49115576
381,-0.0047095388,-0.514572864,0.31541104400000003,2.9068340999999998
382,-0.004708618800000001,-0.498492462,0.320717576,3.2469345599999997
383,-0.0047076988,-0.514572864,0.31541104400000003,3.4736681999999997
384,-0.0047067788,-0.506532663,0.31806431,3.45477373
385,-0.0047058588000000005,-0.506532663,0.320717576,3.26582903
386,-0.004704938800000001,-0.506532663,0.31806431,2.92572857
387,-0.0047040188,-0.498492462,0.31806431,2.51005023
388,-0.0047030988000000004,-0.514572864,0.31541104400000003,2.1321608299999997
389,-0.004702178800000001,-0.498492462,0.31806431,1.88653272
390,-0.0047012588,-0.506532663,0.31806431,1.7920603699999997
391,-0.0047003388,-0.506532663,0.31541104400000003,1.8676382499999997
392,-0.004699418800000001,-0.514572864,0.31806431,2.0943718899999997
393,-0.0046984988,-0.498492462,0.31806431,2.45336682
394,-0.0046975788,-0.506532663,0.31806431,2.8312562199999998
395,-0.0046966588000000005,-0.506532663,0.323370842,3.19025115
396,-0.0046957388,-0.506532663,0.323370842,3.3980903199999997
397,-0.0046948188,-0.506532663,0.323370842,3.49256267
398,-0.0046938988000000004,-0.498492462,0.323370842,3.3980903199999997
399,-0.004692978800000001,-0.514572864,0.320717576,3.19025115
400,-0.0046920588,-0.506532663,0.32602410800000003,2.8312562199999998
401,-0.0046911388,-0.498492462,0.32602410800000003,2.47226129
402,-0.004690218800000001,-0.498492462,0.32602410800000003,2.1321608299999997
403,-0.0046892988,-0.498492462,0.323370842,1.88653272
404,-0.0046883788,-0.506532663,0.32602410800000003,1.7920603699999997
405,-0.0046874588000000005,-0.514572864,0.323370842,1.8298493099999997
406,-0.004686538800000001,-0.506532663,0.32602410800000003,2.03768848
407,-0.0046856188,-0.506532663,0.320717576,2.34
408,-0.0046846988,-0.506532663,0.320717576,2.7178894
409,-0.004683778800000001,-0.506532663,0.320717576,3.0579898599999997
410,-0.0046828588,-0.514572864,0.31541104400000003,3.30361797
411,-0.0046819388,-0.506532663,0.31806431,3.4736681999999997
412,-0.004681018800000001,-0.490452261,0.31806431,3.4736681999999997
413,-0.0046800988,-0.490452261,0.31806431,3.30361797
414,-0.0046791788,-0.498492462,0.31541104400000003,3.00130645
415,-0.0046782588000000005,-0.498492462,0.31541104400000003,2.62341705
416,-0.004677338800000001,-0.498492462,0.31541104400000003,2.2077387099999997
417,-0.0046764188,-0.498492462,0.320717576,1.90542719
418,-0.0046754988,-0.498492462,0.31806431,1.7920603699999997
419,-0.004674578800000001,-0.490452261,0.31541104400000003,1.84874378
420,-0.0046736588,-0.498492462,0.31541104400000003,2.11326636
421,-0.0046727388,-0.498492462,0.320717576,2.51005023
422,-0.004671818800000001,-0.498492462,0.31806431,2.9824119799999997
423,-0.0046708988,-0.506532663,0.31806431,3.30361797
424,-0.0046699788,-0.506532663,0.320717576,3.45477373
425,-0.0046690588000000005,-0.498492462,0.320717576,3.45477373
426,-0.004668138800000001,-0.506532663,0.323370842,3.2469345599999997
427,-0.0046672188,-0.506532663,0.323370842,2.85015069
428,-0.0046662988,-0.498492462,0.323370842,2.41557788
429,-0.004665378800000001,-0.498492462,0.328677374,2.0565829499999997
430,-0.0046644588,-0.490452261,0.31806431,1.8298493099999997
431,-0.0046635388,-0.498492462,0.323370842,1.7731659
432,-0.004662618800000001,-0.490452261,0.320717576,1.9621106
433,-0.0046616988,-0.506532663,0.323370842,2.2833165899999996
434,-0.0046607788,-0.490452261,0.323370842,2.64231152
435,-0.0046598588000000005,-0.498492462,0.320717576,3.0579898599999997
436,-0.004658938800000001,-0.498492462,0.320717576,3.34140691
437,-0.0046580188,-0.514572864,0.320717576,3.45477373
438,-0.0046570988,-0.498492462,0.320717576,3.43587926
439,-0.004656178800000001,-0.490452261,0.323370842,3.19025115
440,-0.0046552588,-0.498492462,0.31541104400000003,2.9068340999999998
441,-0.0046543388,-0.498492462,0.31541104400000003,2.49115576
442,-0.004653418800000001,-0.498492462,0.31541104400000003,2.1321608299999997
443,-0.0046524988,-0.498492462,0.31541104400000003,1.88653272
444,-0.0046515788,-0.490452261,0.31275777800000004,1.7920603699999997
445,-0.0046506588000000005,-0.506532663,0.31806431,1.8676382499999997
446,-0.004649738800000001,-0.498492462,0.31275777800000004,2.0943718899999997
447,-0.0046488188,-0.490452261,0.31541104400000003,2.41557788
448,-0.0046478988,-0.506532663,0.31806431,2.7934672799999998
449,-0.004646978800000001,-0.498492462,0.31541104400000003,3.1335677399999997
450,-0.0046460588,-0.490452261,0.31541104400000003,3.37919585
451,-0.0046451388,-0.490452261,0.31541104400000003,3.4736681999999997
452,-0.004644218800000001,-0.498492462,0.320717576,3.43587926
453,-0.0046432988,-0.506532663,0.31806431,3.1335677399999997
454,-0.0046423788,-0.498492462,0.320717576,2.81236175
455,-0.0046414588000000005,-0.498492462,0.31541104400000003,2.37778894
456,-0.004640538800000001,-0.490452261,0.31806431,2.03768848
457,-0.0046396188,-0.498492462,0.323370842,1.81095484
458,-0.0046386988,-0.48241206000000003,0.320717576,1.7920603699999997
459,-0.004637778800000001,-0.490452261,0.323370842,1.98100507
460,-0.0046368588,-0.498492462,0.320717576,2.34
461,-0.0046359388,-0.498492462,0.320717576,2.73678387
462,-0.004635018800000001,-0.498492462,0.320717576,3.1335677399999997
463,-0.0046340988,-0.506532663,0.323370842,3.41698479
464,-0.0046331788,-0.498492462,0.31541104400000003,3.4736681999999997
465,-0.0046322588000000005,-0.506532663,0.31541104400000003,3.3980903199999997
466,-0.004631338800000001,-0.490452261,0.323370842,3.0579898599999997
467,-0.0046304188,-0.490452261,0.31806431,2.68010046
468,-0.0046294988,-0.48241206000000003,0.31541104400000003,2.26442212
469,-0.004628578800000001,-0.490452261,0.31806431,1.94321613
470,-0.0046276588,-0.498492462,0.31541104400000003,1.7920603699999997
471,-0.0046267388,-0.498492462,0.31541104400000003,1.81095484
472,-0.0046258188000000006,-0.498492462,0.310104512,2.0943718899999997
473,-0.004624898800000001,-0.498492462,0.31541104400000003,2.45336682
474,-0.0046239788,-0.498492462,0.31541104400000003,2.9068340999999998
475,-0.0046230588000000005,-0.490452261,0.31275777800000004,3.22804009
476,-0.004622138800000001,-0.490452261,0.310104512,3.43587926
477,-0.0046212188,-0.506532663,0.31806431,3.43587926
478,-0.0046202988,-0.498492462,0.31541104400000003,3.3225124399999997
479,-0.004619378800000001,-0.490452261,0.31806431,3.0202009199999997
480,-0.0046184588,-0.514572864,0.31541104400000003,2.60452258
481,-0.0046175388,-0.498492462,0.31806431,2.22663318
482,-0.0046166188000000006,-0.498492462,0.31806431,1.90542719
483,-0.0046156988,-0.490452261,0.320717576,1.7920603699999997
484,-0.0046147788,-0.498492462,0.323370842,1.88653272
485,-0.0046138588000000005,-0.498492462,0.320717576,2.11326636
486,-0.004612938800000001,-0.498492462,0.323370842,2.54783917
487,-0.0046120188,-0.490452261,0.323370842,2.92572857
488,-0.0046110988,-0.506532663,0.32602410800000003,3.26582903
489,-0.004610178800000001,-0.48241206000000003,0.323370842,3.4736681999999997
490,-0.0046092588,-0.498492462,0.323370842,3.45477373
491,-0.0046083388,-0.498492462,0.323370842,3.2091456199999997
492,-0.0046074188000000005,-0.498492462,0.323370842,2.85015069
493,-0.004606498800000001,-0.498492462,0.31806431,2.43447235
494,-0.0046055788,-0.506532663,0.320717576,2.07547742
495,-0.0046046588000000005,-0.48241206000000003,0.31541104400000003,1.84874378
496,-0.004603738800000001,-0.474371859,0.323370842,1.7542714299999997
497,-0.0046028188,-0.490452261,0.31541104400000003,1.92432166
498,-0.0046018988,-0.48241206000000003,0.31541104400000003,2.2455276499999997
499,-0.004600978800000001,-0.498492462,0.31541104400000003,2.64231152
500,-0.0046000588,-0.490452261,0.31541104400000003,3.0202009199999997
501,-0.0045991388,-0.490452261,0.31541104400000003,3.3225124399999997
502,-0.0045982188000000005,-0.490452261,0.31541104400000003,3.45477373
503,-0.0045972988,-0.490452261,0.31541104400000003,3.41698479
504,-0.0045963788,-0.490452261,0.31275777800000004,3.22804009
505,-0.0045954588000000005,-0.48241206000000003,0.31275777800000004,2.8312562199999998
506,-0.004594538800000001,-0.490452261,0.31275777800000004,2.41557788
507,-0.0045936188,-0.498492462,0.31541104400000003,2.0943718899999997
508,-0.0045926988,-0.48241206000000003,0.31541104400000003,1.8298493099999997
509,-0.004591778800000001,-0.498492462,0.31806431,1.7731659
510,-0.0045908588,-0.48241206000000003,0.31541104400000003,1.90542719
511,-0.0045899388,-0.48241206000000003,0.320717576,2.1699497699999997
512,-0.0045890188000000005,-0.474371859,0.320717576,2.56673364
513,-0.004588098800000001,-0.474371859,0.320717576,2.9446230399999997
514,-0.0045871788,-0.48241206000000003,0.323370842,3.2469345599999997
515,-0.0045862588000000004,-0.490452261,0.320717576,3.45477373
516,-0.004585338800000001,-0.48241206000000003,0.320717576,3.4736681999999997
517,-0.0045844188,-0.498492462,0.320717576,3.26582903
518,-0.0045834988,-0.490452261,0.323370842,2.92572857
519,-0.004582578800000001,-0.490452261,0.31806431,2.47226129
520,-0.0045816588,-0.490452261,0.320717576,2.0943718899999997
521,-0.0045807388,-0.490452261,0.320717576,1.8298493099999997
522,-0.0045798188000000005,-0.490452261,0.320717576,1.81095484
523,-0.0045788988,-0.48241206000000003,0.320717576,1.98100507
524,-0.0045779788,-0.48241206000000003,0.31541104400000003,2.3211055299999996
525,-0.0045770588000000004,-0.48241206000000003,0.320717576,2.77457281
526,-0.004576138800000001,-0.490452261,0.31541104400000003,3.1335677399999997
527,-0.0045752188,-0.48241206000000003,0.31541104400000003,3.41698479
528,-0.0045742988,-0.490452261,0.31541104400000003,3.4736681999999997
529,-0.004573378800000001,-0.506532663,0.31541104400000003,3.30361797
530,-0.0045724588,-0.498492462,0.31541104400000003,2.9446230399999997
531,-0.0045715388,-0.490452261,0.31275777800000004,2.5289447
532,-0.0045706188000000005,-0.490452261,0.31275777800000004,2.0943718899999997
533,-0.004569698800000001,-0.474371859,0.31275777800000004,1.84874378
534,-0.0045687788,-0.490452261,0.31275777800000004,1.7920603699999997
535,-0.0045678588000000004,-0.490452261,0.31806431,1.92432166
536,-0.004566938800000001,-0.48241206000000003,0.31541104400000003,2.2455276499999997
537,-0.0045660188,-0.48241206000000003,0.31275777800000004,2.62341705
538,-0.0045650988,-0.490452261,0.31806431,3.0579898599999997
539,-0.004564178800000001,-0.48241206000000003,0.31806431,3.3225124399999997
540,-0.0045632588,-0.48241206000000003,0.31541104400000003,3.4736681999999997
541,-0.0045623388,-0.498492462,0.31806431,3.43587926
542,-0.0045614188000000005,-0.48241206000000003,0.31806431,3.2091456199999997
543,-0.0045604988,-0.474371859,0.32602410800000003,2.8690451599999998
544,-0.0045595788,-0.48241206000000003,0.323370842,2.49115576
545,-0.0045586588,-0.48241206000000003,0.320717576,2.1321608299999997
546,-0.004557738800000001,-0.48241206000000003,0.320717576,1.8676382499999997
547,-0.0045568188,-0.490452261,0.31806431,1.7731659
548,-0.0045558988,-0.490452261,0.320717576,1.84874378
549,-0.004554978800000001,-0.48241206000000003,0.320717576,2.07547742
550,-0.0045540588,-0.474371859,0.320717576,2.45336682
551,-0.0045531388,-0.48241206000000003,0.320717576,2.81236175
552,-0.0045522188000000005,-0.490452261,0.31541104400000003,3.19025115
553,-0.004551298800000001,-0.498492462,0.31806431,3.45477373
554,-0.0045503788,-0.498492462,0.31541104400000003,3.49256267
555,-0.0045494588,-0.490452261,0.31275777800000004,3.3225124399999997
556,-0.004548538800000001,-0.490452261,0.31541104400000003,2.9824119799999997
557,-0.0045476188,-0.48241206000000003,0.31541104400000003,2.56673364
558,-0.0045466988,-0.490452261,0.31275777800000004,2.1510553
559,-0.004545778800000001,-0.490452261,0.31275777800000004,1.88653272
560,-0.004544858800000001,-0.48241206000000003,0.31275777800000004,1.7920603699999997
561,-0.0045439388,-0.48241206000000003,0.31275777800000004,1.92432166
562,-0.0045430188000000005,-0.490452261,0.310104512,2.1699497699999997
563,-0.0045420988,-0.48241206000000003,0.31275777800000004,2.58562811
564,-0.0045411788,-0.490452261,0.31275777800000004,3.0202009199999997
565,-0.0045402588,-0.48241206000000003,0.31541104400000003,3.34140691
566,-0.004539338800000001,-0.48241206000000003,0.310104512,3.4736681999999997
567,-0.0045384188,-0.490452261,0.31541104400000003,3.36030138
568,-0.0045374988,-0.498492462,0.31541104400000003,3.1335677399999997
569,-0.004536578800000001,-0.48241206000000003,0.31541104400000003,2.68010046
570,-0.0045356588,-0.474371859,0.31541104400000003,2.22663318
571,-0.0045347388,-0.48241206000000003,0.320717576,1.90542719
572,-0.0045338188000000005,-0.490452261,0.31541104400000003,1.7731659
573,-0.004532898800000001,-0.490452261,0.31806431,1.84874378
574,-0.0045319788,-0.490452261,0.31806431,2.11326636
575,-0.0045310588,-0.48241206000000003,0.323370842,2.43447235
576,-0.004530138800000001,-0.490452261,0.320717576,2.8690451599999998
577,-0.0045292188,-0.48241206000000003,0.31806431,3.22804009
578,-0.0045282988,-0.48241206000000003,0.31806431,3.43587926
579,-0.004527378800000001,-0.498492462,0.31806431,3.49256267
580,-0.004526458800000001,-0.474371859,0.31541104400000003,3.37919585
581,-0.0045255388,-0.490452261,0.31806431,3.07688433
582,-0.0045246188000000005,-0.490452261,0.31541104400000003,2.68010046
583,-0.004523698800000001,-0.498492462,0.310104512,2.3211055299999996
584,-0.0045227788,-0.474371859,0.31541104400000003,1.94321613
585,-0.0045218588,-0.48241206000000003,0.31275777800000004,1.7920603699999997
586,-0.004520938800000001,-0.48241206000000003,0.31541104400000003,1.7731659
587,-0.0045200188,-0.474371859,0.310104512,1.94321613
588,-0.0045190988,-0.474371859,0.31541104400000003,2.2455276499999997
589,-0.004518178800000001,-0.474371859,0.31275777800000004,2.66120599
590,-0.0045172588,-0.48241206000000003,0.31275777800000004,3.0202009199999997
591,-0.0045163388,-0.48241206000000003,0.31275777800000004,3.30361797
592,-0.0045154188000000005,-0.490452261,0.31275777800000004,3.45477373
593,-0.004514498800000001,-0.498492462,0.310104512,3.43587926
594,-0.0045135788,-0.46633165800000004,0.310104512,3.2469345599999997
595,-0.0045126588,-0.490452261,0.31275777800000004,2.9068340999999998
596,-0.004511738800000001,-0.474371859,0.31541104400000003,2.51005023
597,-0.0045108188,-0.490452261,0.31541104400000003,2.1321608299999997
598,-0.0045098988,-0.48241206000000003,0.31806431,1.8676382499999997
599,-0.0045089788000000006,-0.474371859,0.320717576,1.7542714299999997
600,-0.004508058800000001,-0.48241206000000003,0.320717576,1.84874378
601,-0.0045071388,-0.474371859,0.31806431,2.11326636
602,-0.0045062188000000005,-0.474371859,0.31541104400000003,2.45336682
603,-0.004505298800000001,-0.490452261,0.31806431,2.88793963
604,-0.0045043788,-0.474371859,0.31541104400000003,3.22804009
605,-0.0045034588,-0.48241206000000003,0.31806431,3.43587926
606,-0.004502538800000001,-0.48241206000000003,0.31806431,3.4736681999999997
607,-0.0045016188,-0.498492462,0.31541104400000003,3.30361797
608,-0.0045006988,-0.48241206000000003,0.31806431,2.9446230399999997
609,-0.0044997788000000006,-0.490452261,0.31541104400000003,2.58562811
610,-0.0044988588,-0.498492462,0.31275777800000004,2.2077387099999997
611,-0.0044979388,-0.474371859,0.310104512,1.90542719
612,-0.0044970188000000005,-0.48241206000000003,0.31541104400000003,1.7542714299999997
613,-0.004496098800000001,-0.474371859,0.31275777800000004,1.81095484
614,-0.0044951788,-0.490452261,0.31541104400000003,1.99989954
615,-0.0044942588,-0.490452261,0.31275777800000004,2.3211055299999996
616,-0.004493338800000001,-0.48241206000000003,0.31275777800000004,2.7178894
617,-0.0044924188,-0.48241206000000003,0.310104512,3.0579898599999997
618,-0.0044914988,-0.474371859,0.31275777800000004,3.36030138
619,-0.0044905788000000006,-0.48241206000000003,0.310104512,3.4736681999999997
620,-0.004489658800000001,-0.48241206000000003,0.31275777800000004,3.43587926
621,-0.0044887388,-0.48241206000000003,0.31275777800000004,3.22804009
622,-0.0044878188000000005,-0.48241206000000003,0.31275777800000004,2.8690451599999998
623,-0.004486898800000001,-0.490452261,0.31275777800000004,2.45336682
624,-0.0044859788,-0.48241206000000003,0.31275777800000004,2.1321608299999997
625,-0.0044850588,-0.48241206000000003,0.310104512,1.8676382499999997
626,-0.004484138800000001,-0.48241206000000003,0.31275777800000004,1.7731659
627,-0.0044832188,-0.474371859,0.31806431,1.8298493099999997
628,-0.0044822988,-0.46633165800000004,0.31541104400000003,2.0565829499999997
629,-0.0044813788000000005,-0.490452261,0.31541104400000003,2.37778894
630,-0.0044804588,-0.474371859,0.31541104400000003,2.7934672799999998
631,-0.0044795388,-0.474371859,0.31541104400000003,3.1335677399999997
632,-0.0044786188000000005,-0.474371859,0.31806431,3.37919585
633,-0.004477698800000001,-0.474371859,0.31806431,3.4736681999999997
634,-0.0044767788,-0.474371859,0.31806431,3.3980903199999997
635,-0.0044758588,-0.474371859,0.323370842,3.2091456199999997
636,-0.004474938800000001,-0.48241206000000003,0.320717576,2.9068340999999998
637,-0.0044740188,-0.474371859,0.320717576,2.5289447
638,-0.0044730988,-0.490452261,0.31806431,2.1699497699999997
639,-0.0044721788000000005,-0.48241206000000003,0.31806431,1.92432166
640,-0.004471258800000001,-0.48241206000000003,0.31541104400000003,1.7920603699999997
641,-0.0044703388,-0.48241206000000003,0.320717576,1.7920603699999997
642,-0.0044694188000000004,-0.474371859,0.31541104400000003,1.98100507
643,-0.004468498800000001,-0.490452261,0.31541104400000003,2.26442212
644,-0.0044675788,-0.48241206000000003,0.31275777800000004,2.60452258
645,-0.0044666588,-0.474371859,0.31541104400000003,2.9068340999999998
646,-0.004465738800000001,-0.474371859,0.31275777800000004,3.2091456199999997
647,-0.0044648188,-0.48241206000000003,0.31275777800000004,3.41698479
648,-0.0044638988,-0.490452261,0.31275777800000004,3.4736681999999997
649,-0.0044629788000000005,-0.474371859,0.310104512,3.37919585
650,-0.0044620588,-0.474371859,0.31541104400000003,3.1713566799999997
651,-0.0044611388,-0.474371859,0.310104512,2.8690451599999998
652,-0.0044602188000000004,-0.48241206000000003,0.307451246,2.5289447
653,-0.004459298800000001,-0.48241206000000003,0.310104512,2.2077387099999997
654,-0.0044583788,-0.48241206000000003,0.31541104400000003,1.92432166
655,-0.0044574588,-0.46633165800000004,0.31806431,1.81095484
656,-0.004456538800000001,-0.46633165800000004,0.310104512,1.7920603699999997
657,-0.0044556188,-0.474371859,0.310104512,1.94321613
658,-0.0044546988,-0.48241206000000003,0.31275777800000004,2.18884424
659,-0.0044537788000000005,-0.474371859,0.31275777800000004,2.56673364
660,-0.004452858800000001,-0.474371859,0.31275777800000004,2.88793963
661,-0.0044519388,-0.48241206000000003,0.31541104400000003,3.2091456199999997
662,-0.0044510188000000004,-0.474371859,0.31541104400000003,3.37919585
663,-0.004450098800000001,-0.490452261,0.31541104400000003,3.4736681999999997
664,-0.0044491788,-0.48241206000000003,0.31541104400000003,3.36030138
665,-0.0044482588,-0.48241206000000003,0.31541104400000003,3.1713566799999997
666,-0.004447338800000001,-0.490452261,0.31275777800000004,2.81236175
667,-0.0044464188,-0.48241206000000003,0.320717576,2.43447235
668,-0.0044454988,-0.48241206000000003,0.31806431,2.11326636
669,-0.0044445788000000005,-0.46633165800000004,0.31806431,1.90542719
670,-0.0044436588,-0.474371859,0.31541104400000003,1.7542714299999997
671,-0.0044427388,-0.474371859,0.320717576,1.81095484
672,-0.0044418188,-0.474371859,0.31806431,1.98100507
673,-0.004440898800000001,-0.474371859,0.31541104400000003,2.26442212
674,-0.0044399788,-0.46633165800000004,0.31541104400000003,2.60452258
675,-0.0044390588,-0.474371859,0.31275777800000004,2.9068340999999998
676,-0.004438138800000001,-0.474371859,0.31541104400000003,3.22804009
677,-0.0044372188,-0.45025125600000004,0.31541104400000003,3.41698479
678,-0.0044362988,-0.48241206000000003,0.31275777800000004,3.45477373
679,-0.0044353788000000005,-0.474371859,0.31541104400000003,3.3980903199999997
680,-0.004434458800000001,-0.48241206000000003,0.31275777800000004,3.19025115
681,-0.0044335388,-0.474371859,0.31541104400000003,2.92572857
682,-0.0044326188,-0.474371859,0.31541104400000003,2.62341705
683,-0.004431698800000001,-0.474371859,0.31541104400000003,2.2833165899999996
684,-0.0044307788,-0.48241206000000003,0.31275777800000004,2.03768848
685,-0.0044298588,-0.474371859,0.310104512,1.8676382499999997
686,-0.004428938800000001,-0.474371859,0.310104512,1.7542714299999997
687,-0.004428018800000001,-0.474371859,0.31541104400000003,1.7731659
688,-0.0044270988,-0.48241206000000003,0.31275777800000004,1.90542719
689,-0.0044261788000000005,-0.48241206000000003,0.310104512,2.11326636
690,-0.0044252588,-0.46633165800000004,0.310104512,2.34
691,-0.0044243388,-0.474371859,0.310104512,2.66120599
692,-0.0044234188,-0.46633165800000004,0.31275777800000004,2.96351751
693,-0.004422498800000001,-0.458291457,0.310104512,3.22804009
694,-0.0044215788,-0.474371859,0.310104512,3.37919585
695,-0.0044206588,-0.46633165800000004,0.310104512,3.4736681999999997
696,-0.004419738800000001,-0.46633165800000004,0.31541104400000003,3.45477373
697,-0.0044188188,-0.474371859,0.310104512,3.34140691
698,-0.0044178988,-0.490452261,0.31275777800000004,3.0957787999999997
699,-0.0044169788000000005,-0.458291457,0.310104512,2.85015069
700,-0.004416058800000001,-0.474371859,0.310104512,2.5289447
701,-0.0044151388,-0.48241206000000003,0.31541104400000003,2.26442212
702,-0.0044142188,-0.474371859,0.31541104400000003,1.9621106
703,-0.004413298800000001,-0.474371859,0.31541104400000003,1.8298493099999997
704,-0.0044123788,-0.474371859,0.31541104400000003,1.7542714299999997
705,-0.0044114588,-0.474371859,0.31541104400000003,1.7920603699999997
706,-0.004410538800000001,-0.46633165800000004,0.31541104400000003,1.98100507
707,-0.004409618800000001,-0.46633165800000004,0.31541104400000003,2.22663318
708,-0.0044086988,-0.474371859,0.31541104400000003,2.51005023
709,-0.0044077788000000005,-0.46633165800000004,0.31541104400000003,2.8312562199999998
710,-0.004406858800000001,-0.48241206000000003,0.31806431,3.11467327
711,-0.0044059388,-0.46633165800000004,0.31541104400000003,3.37919585
712,-0.0044050188,-0.474371859,0.31275777800000004,3.45477373
713,-0.004404098800000001,-0.48241206000000003,0.31806431,3.43587926
714,-0.0044031788,-0.458291457,0.31275777800000004,3.36030138
715,-0.0044022588,-0.46633165800000004,0.31275777800000004,3.11467327
716,-0.004401338800000001,-0.474371859,0.31275777800000004,2.85015069
717,-0.0044004188,-0.474371859,0.310104512,2.5289447
718,-0.0043994988,-0.474371859,0.31541104400000003,2.22663318
719,-0.0043985788000000005,-0.46633165800000004,0.31275777800000004,1.99989954
720,-0.004397658800000001,-0.46633165800000004,0.31275777800000004,1.81095484
721,-0.0043967388,-0.474371859,0.31275777800000004,1.7542714299999997
722,-0.0043958188,-0.474371859,0.31541104400000003,1.8298493099999997
723,-0.004394898800000001,-0.474371859,0.310104512,1.94321613
724,-0.0043939788,-0.474371859,0.310104512,2.22663318
725,-0.0043930588,-0.46633165800000004,0.310104512,2.49115576
726,-0.0043921388000000006,-0.46633165800000004,0.310104512,2.77457281
727,-0.004391218800000001,-0.46633165800000004,0.31275777800000004,3.0579898599999997
728,-0.0043902988,-0.458291457,0.31275777800000004,3.26582903
729,-0.0043893788000000005,-0.474371859,0.310104512,3.41698479
730,-0.004388458800000001,-0.474371859,0.31275777800000004,3.45477373
731,-0.0043875388,-0.474371859,0.310104512,3.45477373
732,-0.0043866188,-0.474371859,0.31275777800000004,3.26582903
733,-0.004385698800000001,-0.46633165800000004,0.310104512,3.0957787999999997
734,-0.0043847788,-0.46633165800000004,0.310104512,2.8690451599999998
735,-0.0043838588,-0.46633165800000004,0.31806431,2.60452258
736,-0.0043829388000000006,-0.474371859,0.31275777800000004,2.34
737,-0.0043820188,-0.458291457,0.310104512,2.1321608299999997
738,-0.0043810988,-0.458291457,0.31275777800000004,1.92432166
739,-0.0043801788000000005,-0.46633165800000004,0.31541104400000003,1.8298493099999997
740,-0.004379258800000001,-0.46633165800000004,0.310104512,1.73537696
741,-0.0043783388,-0.458291457,0.31541104400000003,1.7920603699999997
742,-0.0043774188,-0.46633165800000004,0.31541104400000003,1.88653272
743,-0.004376498800000001,-0.45025125600000004,0.31541104400000003,2.07547742
744,-0.0043755788,-0.458291457,0.31541104400000003,2.2455276499999997
745,-0.0043746588,-0.46633165800000004,0.31541104400000003,2.58562811
746,-0.0043737388000000006,-0.46633165800000004,0.31275777800000004,2.81236175
747,-0.004372818800000001,-0.474371859,0.31541104400000003,3.0579898599999997
748,-0.0043718988,-0.46633165800000004,0.31275777800000004,3.26582903
749,-0.0043709788000000005,-0.46633165800000004,0.31806431,3.3980903199999997
750,-0.004370058800000001,-0.46633165800000004,0.31541104400000003,3.4736681999999997
751,-0.0043691388,-0.46633165800000004,0.31541104400000003,3.43587926
752,-0.0043682188,-0.46633165800000004,0.31275777800000004,3.36030138
753,-0.004367298800000001,-0.46633165800000004,0.31275777800000004,3.15246221
754,-0.0043663788,-0.474371859,0.31541104400000003,2.92572857
755,-0.0043654588,-0.46633165800000004,0.31541104400000003,2.66120599
756,-0.0043645388000000005,-0.45025125600000004,0.31541104400000003,2.37778894
757,-0.0043636188,-0.458291457,0.31541104400000003,2.1321608299999997
758,-0.0043626988,-0.458291457,0.31541104400000003,1.94321613
759,-0.0043617788000000005,-0.45025125600000004,0.31541104400000003,1.81095484
760,-0.004360858800000001,-0.474371859,0.31541104400000003,1.7542714299999997
761,-0.0043599388,-0.458291457,0.310104512,1.81095484
762,-0.0043590188,-0.458291457,0.31275777800000004,1.92432166
763,-0.004358098800000001,-0.458291457,0.31275777800000004,2.07547742
764,-0.0043571788,-0.46633165800000004,0.31275777800000004,2.35889447
765,-0.0043562588,-0.46633165800000004,0.310104512,2.54783917
766,-0.0043553388000000005,-0.46633165800000004,0.31275777800000004,2.8312562199999998
767,-0.004354418800000001,-0.45025125600000004,0.310104512,3.07688433
768,-0.0043534988,-0.46633165800000004,0.31275777800000004,3.2847235
769,-0.0043525788000000004,-0.474371859,0.310104512,3.43587926
770,-0.004351658800000001,-0.46633165800000004,0.310104512,3.4736681999999997
771,-0.0043507388,-0.474371859,0.310104512,3.43587926
772,-0.0043498188,-0.46633165800000004,0.310104512,3.36030138
773,-0.004348898800000001,-0.458291457,0.307451246,3.19025115
774,-0.0043479788,-0.474371859,0.31275777800000004,2.9824119799999997
775,-0.0043470588,-0.474371859,0.310104512,2.75567834
776,-0.0043461388000000005,-0.474371859,0.310104512,2.51005023
777,-0.0043452188,-0.458291457,0.31275777800000004,2.26442212
778,-0.0043442988,-0.46633165800000004,0.31275777800000004,2.0943718899999997
779,-0.0043433788000000004,-0.474371859,0.310104512,1.90542719
780,-0.004342458800000001,-0.46633165800000004,0.31541104400000003,1.81095484
781,-0.0043415388,-0.46633165800000004,0.31275777800000004,1.7542714299999997
782,-0.0043406188,-0.46633165800000004,0.31275777800000004,1.81095484
783,-0.004339698800000001,-0.458291457,0.310104512,1.8676382499999997
784,-0.0043387788,-0.46633165800000004,0.31275777800000004,2.0187940099999997
785,-0.0043378588,-0.458291457,0.310104512,2.18884424
786,-0.0043369388000000005,-0.458291457,0.310104512,2.41557788
787,-0.004336018800000001,-0.458291457,0.31541104400000003,2.69899493
788,-0.0043350988,-0.46633165800000004,0.31541104400000003,2.9068340999999998
789,-0.0043341788000000004,-0.46633165800000004,0.31275777800000004,3.11467327
790,-0.004333258800000001,-0.474371859,0.31541104400000003,3.2847235
791,-0.0043323388,-0.45025125600000004,0.31541104400000003,3.37919585
792,-0.0043314188,-0.474371859,0.31275777800000004,3.43587926
793,-0.004330498800000001,-0.458291457,0.31541104400000003,3.43587926
794,-0.004329578800000001,-0.458291457,0.31275777800000004,3.37919585
795,-0.0043286588,-0.46633165800000004,0.31541104400000003,3.2469345599999997
796,-0.0043277388000000005,-0.458291457,0.31275777800000004,3.07688433
797,-0.0043268188,-0.46633165800000004,0.31541104400000003,2.8312562199999998
798,-0.0043258988,-0.46633165800000004,0.31541104400000003,2.64231152
799,-0.0043249788,-0.458291457,0.31541104400000003,2.39668341
800,-0.004324058800000001,-0.45025125600000004,0.31275777800000004,2.1699497699999997
801,-0.0043231388,-0.458291457,0.31275777800000004,1.98100507
802,-0.0043222188,-0.458291457,0.31541104400000003,1.84874378
803,-0.004321298800000001,-0.458291457,0.31541104400000003,1.7731659
804,-0.0043203788,-0.458291457,0.31275777800000004,1.7731659
805,-0.0043194588,-0.46633165800000004,0.31541104400000003,1.81095484
806,-0.0043185388000000005,-0.474371859,0.31541104400000003,1.92432166
807,-0.004317618800000001,-0.474371859,0.31275777800000004,2.07547742
808,-0.0043166988,-0.458291457,0.310104512,2.30221106
809,-0.0043157788,-0.458291457,0.31275777800000004,2.51005023
810,-0.004314858800000001,-0.46633165800000004,0.307451246,2.73678387
811,-0.0043139388,-0.45025125600000004,0.31275777800000004,2.9824119799999997
812,-0.0043130188,-0.45025125600000004,0.310104512,3.1335677399999997
813,-0.004312098800000001,-0.458291457,0.310104512,3.26582903
814,-0.004311178800000001,-0.458291457,0.310104512,3.3980903199999997
815,-0.0043102588,-0.45025125600000004,0.31275777800000004,3.41698479
816,-0.0043093388000000005,-0.458291457,0.310104512,3.4736681999999997
817,-0.0043084188,-0.474371859,0.31275777800000004,3.3980903199999997
818,-0.0043074988,-0.46633165800000004,0.310104512,3.30361797
819,-0.0043065788,-0.458291457,0.31275777800000004,3.1713566799999997
820,-0.004305658800000001,-0.45025125600000004,0.310104512,2.9824119799999997
821,-0.0043047388,-0.45025125600000004,0.31275777800000004,2.81236175
822,-0.0043038188,-0.458291457,0.310104512,2.60452258
823,-0.004302898800000001,-0.474371859,0.310104512,2.43447235
824,-0.0043019788,-0.458291457,0.31275777800000004,2.22663318
825,-0.0043010588,-0.458291457,0.31275777800000004,2.0565829499999997
826,-0.0043001388000000005,-0.458291457,0.31275777800000004,1.9621106
827,-0.004299218800000001,-0.458291457,0.30479798,1.81095484
828,-0.0042982988,-0.474371859,0.31275777800000004,1.7731659
829,-0.0042973788,-0.45025125600000004,0.310104512,1.7731659
830,-0.004296458800000001,-0.46633165800000004,0.31275777800000004,1.7920603699999997
831,-0.0042955388,-0.45025125600000004,0.310104512,1.8676382499999997
832,-0.0042946188,-0.458291457,0.31275777800000004,1.99989954
833,-0.004293698800000001,-0.458291457,0.310104512,2.1699497699999997
834,-0.004292778800000001,-0.458291457,0.310104512,2.35889447
835,-0.0042918588,-0.45025125600000004,0.31275777800000004,2.58562811
836,-0.0042909388000000005,-0.458291457,0.310104512,2.7934672799999998
837,-0.004290018800000001,-0.458291457,0.31541104400000003,2.96351751
838,-0.0042890988,-0.46633165800000004,0.31275777800000004,3.15246221
839,-0.0042881788,-0.458291457,0.31275777800000004,3.30361797
840,-0.004287258800000001,-0.474371859,0.310104512,3.3980903199999997
841,-0.0042863388,-0.45025125600000004,0.310104512,3.45477373
842,-0.0042854188,-0.442211055,0.310104512,3.45477373
843,-0.004284498800000001,-0.46633165800000004,0.31541104400000003,3.3980903199999997
844,-0.0042835788,-0.45025125600000004,0.31275777800000004,3.26582903
845,-0.0042826588,-0.458291457,0.31541104400000003,3.0579898599999997
846,-0.0042817388000000005,-0.458291457,0.31275777800000004,2.9068340999999998
847,-0.004280818800000001,-0.458291457,0.310104512,2.64231152
848,-0.0042798988,-0.45025125600000004,0.31275777800000004,2.41557788
849,-0.0042789788,-0.458291457,0.31275777800000004,2.26442212
850,-0.004278058800000001,-0.458291457,0.310104512,2.0565829499999997
851,-0.0042771388,-0.45025125600000004,0.31541104400000003,1.92432166
852,-0.0042762188,-0.458291457,0.31541104400000003,1.81095484
853,-0.0042752988000000006,-0.458291457,0.31275777800000004,1.7542714299999997
854,-0.004274378800000001,-0.458291457,0.310104512,1.7731659
855,-0.0042734588,-0.46633165800000004,0.31275777800000004,1.81095484
856,-0.0042725388000000005,-0.46633165800000004,0.31275777800000004,1.92432166
857,-0.004271618800000001,-0.458291457,0.310104512,2.03768848
858,-0.0042706988,-0.46633165800000004,0.310104512,2.2077387099999997
859,-0.0042697788,-0.45025125600000004,0.310104512,2.35889447
860,-0.004268858800000001,-0.458291457,0.31541104400000003,2.60452258
861,-0.0042679388,-0.458291457,0.31275777800000004,2.75567834
862,-0.0042670188,-0.458291457,0.31541104400000003,2.9446230399999997
863,-0.0042660988000000006,-0.458291457,0.31275777800000004,3.07688433
864,-0.0042651788,-0.45025125600000004,0.31541104400000003,3.22804009
865,-0.0042642588,-0.458291457,0.31541104400000003,3.30361797
866,-0.0042633388000000005,-0.458291457,0.310104512,3.43587926
867,-0.004262418800000001,-0.458291457,0.31541104400000003,3.45477373
868,-0.0042614988,-0.45025125600000004,0.31275777800000004,3.45477373
869,-0.0042605788,-0.45025125600000004,0.310104512,3.43587926
870,-0.004259658800000001,-0.442211055,0.310104512,3.34140691
871,-0.0042587388,-0.458291457,0.310104512,3.26582903
872,-0.0042578188,-0.458291457,0.31275777800000004,3.1335677399999997
873,-0.0042568988000000006,-0.46633165800000004,0.310104512,3.00130645
874,-0.004255978800000001,-0.458291457,0.310104512,2.85015069
875,-0.0042550588,-0.442211055,0.310104512,2.7178894
876,-0.0042541388000000005,-0.46633165800000004,0.31275777800000004,2.54783917
877,-0.004253218800000001,-0.45025125600000004,0.307451246,2.39668341
878,-0.0042522988,-0.45025125600000004,0.31275777800000004,2.2833165899999996
879,-0.0042513788,-0.458291457,0.310104512,2.1510553
880,-0.004250458800000001,-0.45025125600000004,0.31541104400000003,1.99989954
881,-0.0042495388,-0.442211055,0.310104512,1.92432166
882,-0.0042486188,-0.458291457,0.307451246,1.8298493099999997
883,-0.0042476988000000005,-0.45025125600000004,0.310104512,1.7542714299999997
884,-0.0042467788,-0.458291457,0.31275777800000004,1.7542714299999997
885,-0.0042458588,-0.45025125600000004,0.310104512,1.7542714299999997
886,-0.0042449388000000005,-0.458291457,0.31275777800000004,1.7920603699999997
887,-0.004244018800000001,-0.458291457,0.31275777800000004,1.8676382499999997
888,-0.0042430988,-0.45025125600000004,0.307451246,1.99989954
889,-0.0042421788,-0.46633165800000004,0.307451246,2.0943718899999997
890,-0.004241258800000001,-0.442211055,0.310104512,2.22663318
891,-0.0042403388,-0.458291457,0.31275777800000004,2.39668341
892,-0.0042394188,-0.45025125600000004,0.307451246,2.56673364
893,-0.0042384988000000005,-0.434170854,0.307451246,2.77457281
894,-0.004237578800000001,-0.45025125600000004,0.310104512,2.9068340999999998
895,-0.0042366588,-0.458291457,0.31275777800000004,3.0957787999999997
896,-0.0042357388000000004,-0.45025125600000004,0.31275777800000004,3.19025115
897,-0.004234818800000001,-0.458291457,0.31275777800000004,3.34140691
898,-0.0042338988,-0.458291457,0.307451246,3.37919585
899,-0.0042329788,-0.458291457,0.310104512,3.43587926
900,-0.004232058800000001,-0.45025125600000004,0.307451246,3.45477373
901,-0.0042311388,-0.458291457,0.310104512,3.43587926
902,-0.0042302188,-0.45025125600000004,0.31275777800000004,3.37919585
903,-0.0042292988000000005,-0.458291457,0.310104512,3.26582903
904,-0.0042283788,-0.458291457,0.310104512,3.15246221
905,-0.0042274588,-0.458291457,0.310104512,3.0202009199999997
906,-0.0042265388000000004,-0.458291457,0.310104512,2.88793963
907,-0.004225618800000001,-0.45025125600000004,0.307451246,2.69899493
908,-0.0042246988,-0.458291457,0.31275777800000004,2.54783917
909,-0.0042237788,-0.458291457,0.310104512,2.39668341
910,-0.004222858800000001,-0.442211055,0.31541104400000003,2.22663318
911,-0.0042219388,-0.45025125600000004,0.310104512,2.1321608299999997
912,-0.0042210188,-0.458291457,0.310104512,1.98100507
913,-0.0042200988000000005,-0.45025125600000004,0.310104512,1.88653272
914,-0.004219178800000001,-0.45025125600000004,0.310104512,1.81095484
915,-0.0042182588,-0.442211055,0.310104512,1.7542714299999997
916,-0.0042173388000000004,-0.45025125600000004,0.310104512,1.7542714299999997
917,-0.004216418800000001,-0.45025125600000004,0.31275777800000004,1.7542714299999997
918,-0.0042154988,-0.45025125600000004,0.31275777800000004,1.7731659
919,-0.0042145788,-0.45025125600000004,0.310104512,1.8298493099999997
920,-0.004213658800000001,-0.442211055,0.31275777800000004,1.8676382499999997
921,-0.004212738800000001,-0.442211055,0.31275777800000004,1.9621106
922,-0.0042118188,-0.458291457,0.31275777800000004,2.0565829499999997
923,-0.0042108988000000005,-0.45025125600000004,0.310104512,2.1699497699999997
924,-0.0042099788,-0.458291457,0.31275777800000004,2.26442212
925,-0.0042090588,-0.434170854,0.31275777800000004,2.39668341
926,-0.0042081388,-0.458291457,0.31275777800000004,2.49115576
927,-0.004207218800000001,-0.45025125600000004,0.310104512,2.62341705
928,-0.0042062988,-0.442211055,0.31275777800000004,2.75567834
929,-0.0042053788,-0.442211055,0.307451246,2.9068340999999998
930,-0.004204458800000001,-0.442211055,0.31275777800000004,3.0202009199999997
931,-0.0042035388,-0.45025125600000004,0.31541104400000003,3.1335677399999997
932,-0.0042026188,-0.45025125600000004,0.310104512,3.22804009
933,-0.0042016988000000005,-0.45025125600000004,0.310104512,3.2847235
934,-0.004200778800000001,-0.458291457,0.310104512,3.36030138
935,-0.0041998588,-0.45025125600000004,0.310104512,3.41698479
936,-0.0041989388,-0.46633165800000004,0.310104512,3.45477373
937,-0.004198018800000001,-0.45025125600000004,0.310104512,3.4736681999999997
938,-0.0041970988,-0.45025125600000004,0.31275777800000004,3.45477373
939,-0.0041961788,-0.458291457,0.310104512,3.3980903199999997
940,-0.004195258800000001,-0.458291457,0.310104512,3.34140691
941,-0.004194338800000001,-0.45025125600000004,0.310104512,3.26582903
942,-0.0041934188,-0.45025125600000004,0.307451246,3.1713566799999997
943,-0.0041924988000000005,-0.45025125600000004,0.307451246,3.0957787999999997
944,-0.0041915788,-0.442211055,0.310104512,2.96351751
945,-0.0041906588,-0.45025125600000004,0.31541104400000003,2.8312562199999998
946,-0.0041897388,-0.45025125600000004,0.31275777800000004,2.7178894
947,-0.004188818800000001,-0.434170854,0.310104512,2.58562811
948,-0.0041878988,-0.45025125600000004,0.31275777800000004,2.43447235
949,-0.0041869788,-0.45025125600000004,0.307451246,2.3211055299999996
950,-0.004186058800000001,-0.442211055,0.31275777800000004,2.22663318
951,-0.0041851388,-0.45025125600000004,0.31541104400000003,2.11326636
952,-0.0041842188,-0.45025125600000004,0.310104512,2.0187940099999997
953,-0.0041832988000000005,-0.458291457,0.310104512,1.94321613
954,-0.004182378800000001,-0.45025125600000004,0.31275777800000004,1.8676382499999997
955,-0.0041814588,-0.45025125600000004,0.310104512,1.8298493099999997
956,-0.0041805388,-0.442211055,0.31275777800000004,1.7731659
957,-0.004179618800000001,-0.45025125600000004,0.310104512,1.7731659
958,-0.0041786988,-0.434170854,0.310104512,1.73537696
959,-0.0041777788,-0.45025125600000004,0.310104512,1.7731659
960,-0.004176858800000001,-0.45025125600000004,0.31541104400000003,1.7731659
961,-0.004175938800000001,-0.45025125600000004,0.310104512,1.7920603699999997
962,-0.0041750188,-0.45025125600000004,0.310104512,1.8298493099999997
963,-0.0041740988000000005,-0.442211055,0.31541104400000003,1.90542719
964,-0.004173178800000001,-0.442211055,0.31275777800000004,1.9621106
965,-0.0041722588,-0.45025125600000004,0.310104512,2.03768848
966,-0.0041713388,-0.45025125600000004,0.310104512,2.11326636
967,-0.004170418800000001,-0.442211055,0.310104512,2.18884424
968,-0.0041694988,-0.442211055,0.310104512,2.2833165899999996
969,-0.0041685788,-0.458291457,0.310104512,2.37778894
970,-0.004167658800000001,-0.458291457,0.310104512,2.45336682
971,-0.0041667388,-0.442211055,0.310104512,2.54783917
972,-0.0041658188,-0.46633165800000004,0.310104512,2.64231152
973,-0.0041648988000000005,-0.434170854,0.31275777800000004,2.73678387
974,-0.004163978800000001,-0.434170854,0.31275777800000004,2.81236175
975,-0.0041630588,-0.442211055,0.31275777800000004,2.92572857
976,-0.0041621388,-0.442211055,0.31275777800000004,3.0202009199999997
977,-0.004161218800000001,-0.442211055,0.310104512,3.07688433
978,-0.0041602988,-0.442211055,0.310104512,3.1713566799999997
979,-0.0041593788,-0.45025125600000004,0.31275777800000004,3.2469345599999997
980,-0.0041584588000000006,-0.458291457,0.310104512,3.2847235
981,-0.004157538800000001,-0.45025125600000004,0.31275777800000004,3.36030138
982,-0.0041566188,-0.442211055,0.310104512,3.3980903199999997
983,-0.0041556988000000005,-0.45025125600000004,0.307451246,3.41698479
984,-0.004154778800000001,-0.434170854,0.307451246,3.45477373
985,-0.0041538588,-0.442211055,0.310104512,3.43587926
986,-0.0041529388,-0.45025125600000004,0.310104512,3.45477373
987,-0.004152018800000001,-0.442211055,0.310104512,3.43587926
988,-0.0041510988,-0.45025125600000004,0.31275777800000004,3.43587926
989,-0.0041501788,-0.434170854,0.31275777800000004,3.36030138
990,-0.0041492588000000006,-0.442211055,0.31275777800000004,3.34140691
991,-0.0041483388,-0.442211055,0.307451246,3.30361797
992,-0.0041474188,-0.442211055,0.30479798,3.2091456199999997
993,-0.0041464988000000005,-0.45025125600000004,0.31275777800000004,3.1335677399999997
994,-0.004145578800000001,-0.442211055,0.310104512,3.07688433
995,-0.0041446588,-0.434170854,0.310104512,2.96351751
996,-0.0041437388,-0.442211055,0.310104512,2.9068340999999998
997,-0.004142818800000001,-0.442211055,0.307451246,2.81236175
998,-0.0041418988,-0.434170854,0.307451246,2.69899493
999,-0.0041409788,-0.442211055,0.307451246,2.62341705
1000,-0.0041400588000000006,-0.434170854,0.310104512,2.51005023
1001,-0.004139138800000001,-0.45025125600000004,0.307451246,2.45336682
1002,-0.0041382188,-0.434170854,0.307451246,2.34
1003,-0.0041372988000000005,-0.442211055,0.307451246,2.22663318
1004,-0.004136378800000001,-0.442211055,0.310104512,2.1699497699999997
1005,-0.0041354588,-0.45025125600000004,0.30479798,2.11326636
1006,-0.0041345388,-0.434170854,0.307451246,2.03768848
1007,-0.004133618800000001,-0.442211055,0.310104512,1.98100507
1008,-0.0041326988,-0.442211055,0.310104512,1.88653272
1009,-0.0041317788,-0.434170854,0.307451246,1.8676382499999997
1010,-0.0041308588000000005,-0.434170854,0.310104512,1.81095484
1011,-0.0041299388,-0.442211055,0.307451246,1.81095484
1012,-0.0041290188,-0.442211055,0.307451246,1.7920603699999997
1013,-0.0041280988000000005,-0.442211055,0.307451246,1.7542714299999997
1014,-0.004127178800000001,-0.442211055,0.307451246,1.7542714299999997
1015,-0.0041262588,-0.434170854,0.310104512,1.7542714299999997
1016,-0.0041253388,-0.442211055,0.310104512,1.7542714299999997
1017,-0.004124418800000001,-0.434170854,0.307451246,1.7542714299999997
1018,-0.0041234988,-0.442211055,0.310104512,1.7731659
1019,-0.0041225788,-0.442211055,0.310104512,1.81095484
1020,-0.0041216588000000005,-0.442211055,0.310104512,1.84874378
1021,-0.004120738800000001,-0.442211055,0.307451246,1.8676382499999997
1022,-0.0041198188,-0.434170854,0.307451246,1.92432166
1023,-0.0041188988000000004,-0.45025125600000004,0.310104512,1.9621106
1024,-0.004117978800000001,-0.434170854,0.307451246,2.03768848
1025,-0.0041170588,-0.442211055,0.310104512,2.07547742
1026,-0.0041161388,-0.45025125600000004,0.307451246,2.1321608299999997
1027,-0.004115218800000001,-0.434170854,0.31275777800000004,2.22663318
1028,-0.0041142988,-0.442211055,0.310104512,2.30221106
1029,-0.0041133788,-0.442211055,0.307451246,2.37778894
1030,-0.0041124588000000005,-0.442211055,0.310104512,2.45336682
1031,-0.0041115388,-0.442211055,0.30479798,2.54783917
1032,-0.0041106188,-0.434170854,0.307451246,2.66120599
1033,-0.0041096988000000004,-0.434170854,0.31275777800000004,2.73678387
1034,-0.004108778800000001,-0.45025125600000004,0.31275777800000004,2.8312562199999998
1035,-0.0041078588,-0.45025125600000004,0.310104512,2.96351751
1036,-0.0041069388,-0.434170854,0.31275777800000004,3.0579898599999997
1037,-0.004106018800000001,-0.434170854,0.30479798,3.1335677399999997
1038,-0.0041050988,-0.442211055,0.307451246,3.19025115
1039,-0.0041041788,-0.426130653,0.31275777800000004,3.26582903
1040,-0.0041032588000000005,-0.434170854,0.307451246,3.3225124399999997
1041,-0.004102338800000001,-0.45025125600000004,0.31275777800000004,3.37919585
1042,-0.0041014188,-0.434170854,0.310104512,3.41698479
1043,-0.0041004988000000004,-0.442211055,0.307451246,3.45477373
1044,-0.004099578800000001,-0.442211055,0.307451246,3.45477373
1045,-0.0040986588,-0.434170854,0.310104512,3.43587926
1046,-0.0040977388,-0.442211055,0.310104512,3.45477373
1047,-0.004096818800000001,-0.434170854,0.307451246,3.41698479
1048,-0.004095898800000001,-0.434170854,0.310104512,3.37919585
1049,-0.0040949788,-0.434170854,0.307451246,3.34140691
1050,-0.0040940588000000005,-0.434170854,0.31541104400000003,3.30361797
1051,-0.0040931388,-0.434170854,0.31275777800000004,3.22804009
1052,-0.0040922188,-0.442211055,0.310104512,3.1713566799999997
1053,-0.0040912988,-0.442211055,0.307451246,3.07688433
1054,-0.004090378800000001,-0.434170854,0.307451246,3.00130645
1055,-0.0040894588,-0.442211055,0.310104512,2.9068340999999998
1056,-0.0040885388,-0.442211055,0.310104512,2.8312562199999998
1057,-0.004087618800000001,-0.442211055,0.307451246,2.73678387
1058,-0.0040866988,-0.434170854,0.307451246,2.66120599
1059,-0.0040857788,-0.434170854,0.310104512,2.54783917
1060,-0.0040848588000000005,-0.434170854,0.31275777800000004,2.43447235
1061,-0.004083938800000001,-0.442211055,0.307451246,2.34
1062,-0.0040830188,-0.426130653,0.310104512,2.26442212
1063,-0.0040820988,-0.434170854,0.310104512,2.2455276499999997
1064,-0.004081178800000001,-0.434170854,0.307451246,2.1321608299999997
1065,-0.0040802588,-0.434170854,0.310104512,2.0565829499999997
1066,-0.0040793388,-0.45025125600000004,0.310104512,1.99989954
1067,-0.004078418800000001,-0.434170854,0.307451246,1.92432166
1068,-0.004077498800000001,-0.426130653,0.310104512,1.8676382499999997
1069,-0.0040765788,-0.442211055,0.31275777800000004,1.81095484
1070,-0.0040756588000000005,-0.434170854,0.310104512,1.81095484
1071,-0.0040747388,-0.45025125600000004,0.307451246,1.7731659
1072,-0.0040738188,-0.434170854,0.310104512,1.7542714299999997
1073,-0.0040728988,-0.426130653,0.310104512,1.7542714299999997
1074,-0.004071978800000001,-0.442211055,0.310104512,1.7542714299999997
1075,-0.0040710588,-0.434170854,0.307451246,1.7542714299999997
1076,-0.0040701388,-0.434170854,0.31275777800000004,1.7920603699999997
1077,-0.004069218800000001,-0.442211055,0.31541104400000003,1.7920603699999997
1078,-0.0040682988,-0.434170854,0.31541104400000003,1.8676382499999997
1079,-0.0040673788,-0.442211055,0.310104512,1.90542719
1080,-0.0040664588000000005,-0.442211055,0.310104512,1.98100507
1081,-0.004065538800000001,-0.434170854,0.31275777800000004,2.03768848
1082,-0.0040646188,-0.434170854,0.31275777800000004,2.1321608299999997
1083,-0.0040636988,-0.442211055,0.31275777800000004,2.22663318
1084,-0.004062778800000001,-0.45025125600000004,0.310104512,2.35889447
1085,-0.0040618588,-0.418090452,0.310104512,2.47226129
1086,-0.0040609388,-0.434170854,0.307451246,2.54783917
1087,-0.004060018800000001,-0.434170854,0.31275777800000004,2.68010046
1088,-0.004059098800000001,-0.434170854,0.310104512,2.7934672799999998
1089,-0.0040581788,-0.442211055,0.307451246,2.92572857
1090,-0.0040572588000000005,-0.442211055,0.310104512,2.9824119799999997
1091,-0.0040563388,-0.426130653,0.307451246,3.07688433
1092,-0.0040554188,-0.426130653,0.30479798,3.15246221
1093,-0.0040544988,-0.426130653,0.310104512,3.22804009
1094,-0.004053578800000001,-0.434170854,0.310104512,3.30361797
1095,-0.004052658800000001,-0.434170854,0.310104512,3.36030138
1096,-0.0040517388,-0.45025125600000004,0.31275777800000004,3.3980903199999997
1097,-0.004050818800000001,-0.434170854,0.30479798,3.41698479
1098,-0.0040498988,-0.426130653,0.31275777800000004,3.45477373
1099,-0.0040489788,-0.434170854,0.310104512,3.45477373
1100,-0.0040480588000000005,-0.434170854,0.310104512,3.41698479
1101,-0.004047138800000001,-0.434170854,0.310104512,3.3980903199999997
1102,-0.0040462188,-0.426130653,0.307451246,3.36030138
1103,-0.0040452988,-0.434170854,0.310104512,3.36030138
1104,-0.004044378800000001,-0.418090452,0.310104512,3.30361797
1105,-0.0040434588,-0.418090452,0.310104512,3.26582903
1106,-0.0040425388,-0.442211055,0.307451246,3.2091456199999997
1107,-0.004041618800000001,-0.434170854,0.310104512,3.0957787999999997
1108,-0.004040698800000001,-0.434170854,0.31275777800000004,3.0579898599999997
1109,-0.0040397788,-0.426130653,0.310104512,2.96351751
1110,-0.0040388588000000005,-0.426130653,0.307451246,2.88793963
1111,-0.0040379388,-0.426130653,0.30479798,2.85015069
1112,-0.0040370188,-0.426130653,0.307451246,2.75567834
1113,-0.0040360988,-0.426130653,0.307451246,2.66120599
1114,-0.004035178800000001,-0.426130653,0.307451246,2.56673364
1115,-0.004034258800000001,-0.442211055,0.307451246,2.47226129
1116,-0.0040333388,-0.426130653,0.310104512,2.43447235
1117,-0.0040324188000000006,-0.426130653,0.310104512,2.30221106
1118,-0.0040314988,-0.434170854,0.307451246,2.2455276499999997
1119,-0.0040305788,-0.426130653,0.310104512,2.1699497699999997
1120,-0.0040296588000000005,-0.426130653,0.307451246,2.0943718899999997
1121,-0.004028738800000001,-0.434170854,0.307451246,2.0187940099999997
1122,-0.0040278188,-0.426130653,0.30479798,1.94321613
1123,-0.0040268988,-0.442211055,0.307451246,1.88653272
1124,-0.004025978800000001,-0.442211055,0.310104512,1.84874378
1125,-0.0040250588,-0.442211055,0.307451246,1.7920603699999997
1126,-0.0040241388,-0.434170854,0.307451246,1.7542714299999997
1127,-0.0040232188000000006,-0.434170854,0.307451246,1.73537696
1128,-0.004022298800000001,-0.426130653,0.310104512,1.7542714299999997
1129,-0.0040213788,-0.426130653,0.30479798,1.7542714299999997
1130,-0.0040204588000000005,-0.442211055,0.307451246,1.7920603699999997
1131,-0.0040195388,-0.434170854,0.307451246,1.81095484
1132,-0.0040186188,-0.426130653,0.307451246,1.88653272
1133,-0.0040176988,-0.434170854,0.310104512,1.92432166
1134,-0.004016778800000001,-0.442211055,0.307451246,2.0187940099999997
1135,-0.004015858800000001,-0.418090452,0.30479798,2.0943718899999997
1136,-0.0040149388,-0.434170854,0.30479798,2.18884424
1137,-0.0040140188000000005,-0.434170854,0.307451246,2.2455276499999997
1138,-0.0040130988,-0.434170854,0.307451246,2.37778894
1139,-0.0040121788,-0.418090452,0.307451246,2.47226129
1140,-0.0040112588000000005,-0.426130653,0.307451246,2.60452258
1141,-0.004010338800000001,-0.426130653,0.310104512,2.7178894
1142,-0.0040094188,-0.426130653,0.307451246,2.7934672799999998
1143,-0.0040084988,-0.426130653,0.307451246,2.9446230399999997
1144,-0.004007578800000001,-0.426130653,0.307451246,3.0202009199999997
1145,-0.0040066588,-0.442211055,0.310104512,3.1335677399999997
1146,-0.0040057388,-0.426130653,0.307451246,3.19025115
1147,-0.0040048188000000005,-0.418090452,0.307451246,3.26582903
1148,-0.004003898800000001,-0.41005025100000003,0.310104512,3.3225124399999997
1149,-0.0040029788,-0.426130653,0.310104512,3.34140691
1150,-0.0040020588000000005,-0.434170854,0.307451246,3.37919585
1151,-0.004001138800000001,-0.426130653,0.30479798,3.45477373
1152,-0.0040002188,-0.434170854,0.310104512,3.43587926
1153,-0.0039992988,-0.434170854,0.307451246,3.45477373
1154,-0.003998378800000001,-0.426130653,0.307451246,3.45477373
1155,-0.003997458800000001,-0.41005025100000003,0.307451246,3.45477373
1156,-0.0039965388,-0.426130653,0.307451246,3.41698479
1157,-0.0039956188000000005,-0.426130653,0.310104512,3.3980903199999997
1158,-0.0039946988,-0.426130653,0.307451246,3.37919585
1159,-0.0039937788,-0.426130653,0.307451246,3.3225124399999997
1160,-0.0039928588000000004,-0.426130653,0.307451246,3.2847235
1161,-0.003991938800000001,-0.418090452,0.307451246,3.22804009
1162,-0.0039910188,-0.434170854,0.310104512,3.15246221
1163,-0.0039900988,-0.426130653,0.307451246,3.11467327
1164,-0.003989178800000001,-0.426130653,0.302144714,3.00130645
1165,-0.0039882588,-0.426130653,0.30479798,2.9446230399999997
1166,-0.0039873388,-0.426130653,0.30479798,2.8690451599999998
1167,-0.0039864188000000005,-0.426130653,0.307451246,2.77457281
1168,-0.003985498800000001,-0.426130653,0.310104512,2.68010046
1169,-0.0039845788,-0.426130653,0.307451246,2.58562811
1170,-0.0039836588000000004,-0.426130653,0.307451246,2.51005023
1171,-0.003982738800000001,-0.426130653,0.307451246,2.37778894
1172,-0.0039818188,-0.418090452,0.31275777800000004,2.30221106
1173,-0.0039808988,-0.426130653,0.310104512,2.18884424
1174,-0.003979978800000001,-0.418090452,0.310104512,2.0943718899999997
1175,-0.003979058800000001,-0.418090452,0.307451246,2.03768848
1176,-0.0039781388,-0.418090452,0.307451246,1.9621106
1177,-0.0039772188000000005,-0.41005025100000003,0.307451246,1.88653272
1178,-0.0039762988,-0.418090452,0.310104512,1.8298493099999997
1179,-0.0039753788,-0.426130653,0.310104512,1.7731659
1180,-0.0039744588,-0.434170854,0.307451246,1.7731659
1181,-0.003973538800000001,-0.418090452,0.307451246,1.7542714299999997
1182,-0.0039726188,-0.434170854,0.310104512,1.7542714299999997
1183,-0.0039716988,-0.418090452,0.310104512,1.7731659
1184,-0.003970778800000001,-0.41005025100000003,0.310104512,1.7920603699999997
1185,-0.0039698588,-0.418090452,0.310104512,1.84874378
1186,-0.0039689388,-0.418090452,0.31275777800000004,1.90542719
1187,-0.0039680188000000005,-0.41005025100000003,0.307451246,1.9621106
1188,-0.003967098800000001,-0.418090452,0.310104512,2.0565829499999997
1189,-0.0039661788,-0.418090452,0.310104512,2.11326636
1190,-0.0039652588,-0.426130653,0.31541104400000003,2.22663318
1191,-0.003964338800000001,-0.418090452,0.307451246,2.3211055299999996
1192,-0.0039634188,-0.426130653,0.307451246,2.39668341
1193,-0.0039624988,-0.418090452,0.31275777800000004,2.5289447
1194,-0.003961578800000001,-0.418090452,0.307451246,2.62341705
1195,-0.003960658800000001,-0.418090452,0.30479798,2.75567834
1196,-0.0039597388,-0.418090452,0.307451246,2.8312562199999998
1197,-0.0039588188000000005,-0.426130653,0.310104512,2.88793963
1198,-0.0039578988,-0.426130653,0.31275777800000004,3.0202009199999997
1199,-0.0039569788,-0.434170854,0.307451246,3.0957787999999997
1200,-0.0039560588,-0.426130653,0.310104512,3.19025115
1201,-0.003955138800000001,-0.426130653,0.310104512,3.2469345599999997
1202,-0.0039542188,-0.418090452,0.31275777800000004,3.26582903
1203,-0.0039532988,-0.41005025100000003,0.310104512,3.3225124399999997
1204,-0.003952378800000001,-0.418090452,0.307451246,3.37919585
1205,-0.0039514588,-0.426130653,0.31275777800000004,3.41698479
1206,-0.0039505388,-0.41005025100000003,0.307451246,3.43587926
1207,-0.0039496188000000005,-0.426130653,0.310104512,3.43587926
1208,-0.003948698800000001,-0.426130653,0.310104512,3.45477373
1209,-0.0039477788,-0.41005025100000003,0.31275777800000004,3.43587926
1210,-0.0039468588,-0.426130653,0.31275777800000004,3.43587926
1211,-0.003945938800000001,-0.41005025100000003,0.310104512,3.3980903199999997
1212,-0.0039450188,-0.426130653,0.310104512,3.34140691
1213,-0.0039440988,-0.418090452,0.310104512,3.3225124399999997
1214,-0.003943178800000001,-0.418090452,0.31275777800000004,3.2469345599999997
1215,-0.003942258800000001,-0.418090452,0.31275777800000004,3.2091456199999997
1216,-0.0039413388,-0.426130653,0.310104512,3.11467327
1217,-0.0039404188000000005,-0.442211055,0.310104512,3.0202009199999997
1218,-0.0039394988,-0.426130653,0.307451246,2.96351751
1219,-0.0039385788,-0.426130653,0.310104512,2.8312562199999998
1220,-0.0039376588,-0.418090452,0.310104512,2.77457281
1221,-0.003936738800000001,-0.41005025100000003,0.31275777800000004,2.62341705
1222,-0.003935818800000001,-0.41005025100000003,0.310104512,2.54783917
1223,-0.0039348988,-0.418090452,0.310104512,2.45336682
1224,-0.003933978800000001,-0.41005025100000003,0.310104512,2.34
1225,-0.0039330588,-0.418090452,0.310104512,2.2455276499999997
1226,-0.0039321388,-0.418090452,0.307451246,2.1510553
1227,-0.0039312188000000005,-0.426130653,0.310104512,2.0565829499999997
1228,-0.003930298800000001,-0.418090452,0.310104512,1.99989954
1229,-0.0039293788,-0.426130653,0.310104512,1.90542719
1230,-0.0039284588,-0.41005025100000003,0.307451246,1.8676382499999997
1231,-0.003927538800000001,-0.41005025100000003,0.307451246,1.81095484
1232,-0.0039266188,-0.41005025100000003,0.310104512,1.7920603699999997
1233,-0.0039256988,-0.426130653,0.30479798,1.7542714299999997
1234,-0.003924778800000001,-0.418090452,0.310104512,1.7542714299999997
1235,-0.003923858800000001,-0.426130653,0.307451246,1.7542714299999997
1236,-0.0039229388,-0.41005025100000003,0.307451246,1.7920603699999997
1237,-0.0039220188000000005,-0.41005025100000003,0.310104512,1.81095484
1238,-0.0039210988,-0.41005025100000003,0.310104512,1.8676382499999997
1239,-0.0039201788,-0.426130653,0.310104512,1.94321613
1240,-0.0039192588,-0.418090452,0.307451246,1.99989954
1241,-0.003918338800000001,-0.418090452,0.307451246,2.07547742
1242,-0.003917418800000001,-0.418090452,0.307451246,2.1699497699999997
1243,-0.0039164988,-0.418090452,0.310104512,2.2455276499999997
1244,-0.0039155788000000006,-0.418090452,0.30479798,2.35889447
1245,-0.0039146588,-0.41005025100000003,0.310104512,2.45336682
1246,-0.0039137388,-0.418090452,0.307451246,2.54783917
1247,-0.0039128188000000005,-0.426130653,0.307451246,2.64231152
1248,-0.003911898800000001,-0.426130653,0.307451246,2.77457281
1249,-0.0039109788,-0.418090452,0.307451246,2.8690451599999998
1250,-0.0039100588,-0.426130653,0.30479798,2.9446230399999997
1251,-0.003909138800000001,-0.41005025100000003,0.307451246,3.0202009199999997
1252,-0.0039082188,-0.418090452,0.307451246,3.07688433
1253,-0.0039072988,-0.418090452,0.302144714,3.1335677399999997
1254,-0.0039063788000000006,-0.418090452,0.307451246,3.22804009
1255,-0.0039054588000000004,-0.418090452,0.307451246,3.2469345599999997
1256,-0.0039045388,-0.426130653,0.310104512,3.3225124399999997
1257,-0.0039036188000000005,-0.418090452,0.307451246,3.37919585
1258,-0.0039026988000000003,-0.418090452,0.30479798,3.41698479
1259,-0.0039017788,-0.41005025100000003,0.310104512,3.43587926
1260,-0.0039008588000000004,-0.41005025100000003,0.310104512,3.45477373
1261,-0.0038999388000000006,-0.426130653,0.307451246,3.45477373
1262,-0.0038990188000000005,-0.41005025100000003,0.30479798,3.45477373
1263,-0.0038980988000000003,-0.41005025100000003,0.307451246,3.41698479
1264,-0.0038971788000000005,-0.418090452,0.30479798,3.37919585
1265,-0.0038962588000000004,-0.41005025100000003,0.30479798,3.3225124399999997
1266,-0.0038953388,-0.418090452,0.307451246,3.30361797
1267,-0.0038944188000000005,-0.418090452,0.310104512,3.22804009
1268,-0.0038934988000000003,-0.418090452,0.307451246,3.1713566799999997
1269,-0.0038925788,-0.40201005,0.307451246,3.07688433
1270,-0.0038916588000000004,-0.41005025100000003,0.310104512,2.9824119799999997
1271,-0.0038907388000000006,-0.41005025100000003,0.30479798,2.88793963
1272,-0.0038898188000000005,-0.418090452,0.30479798,2.7934672799999998
1273,-0.0038888988000000003,-0.418090452,0.310104512,2.66120599
1274,-0.0038879788000000005,-0.418090452,0.307451246,2.54783917
1275,-0.0038870588000000004,-0.418090452,0.310104512,2.43447235
1276,-0.0038861388,-0.41005025100000003,0.30479798,2.35889447
1277,-0.0038852188000000005,-0.418090452,0.307451246,2.2455276499999997
1278,-0.0038842988000000007,-0.41005025100000003,0.307451246,2.1510553
1279,-0.0038833788,-0.41005025100000003,0.30479798,2.03768848
1280,-0.0038824588000000004,-0.426130653,0.30479798,1.94321613
1281,-0.0038815388000000006,-0.41005025100000003,0.30479798,1.88653272
1282,-0.0038806188000000004,-0.418090452,0.307451246,1.81095484
1283,-0.0038796988000000003,-0.418090452,0.307451246,1.7920603699999997
1284,-0.0038787788000000005,-0.426130653,0.307451246,1.7542714299999997
1285,-0.0038778588000000004,-0.418090452,0.310104512,1.73537696
1286,-0.0038769388,-0.41005025100000003,0.307451246,1.73537696
1287,-0.0038760188000000004,-0.41005025100000003,0.307451246,1.7542714299999997
1288,-0.0038750988000000007,-0.426130653,0.310104512,1.81095484
1289,-0.0038741788,-0.41005025100000003,0.310104512,1.88653272
1290,-0.0038732588000000004,-0.418090452,0.310104512,1.92432166
1291,-0.0038723388000000006,-0.41005025100000003,0.310104512,2.0187940099999997
1292,-0.0038714188000000004,-0.41005025100000003,0.310104512,2.11326636
1293,-0.0038704988000000003,-0.41005025100000003,0.307451246,2.2077387099999997
1294,-0.0038695788000000005,-0.418090452,0.310104512,2.30221106
1295,-0.0038686588000000004,-0.41005025100000003,0.310104512,2.41557788
1296,-0.0038677388,-0.41005025100000003,0.307451246,2.56673364
1297,-0.0038668188000000004,-0.40201005,0.310104512,2.66120599
1298,-0.0038658988000000007,-0.41005025100000003,0.310104512,2.77457281
1299,-0.0038649788,-0.418090452,0.310104512,2.85015069
1300,-0.0038640588000000003,-0.41005025100000003,0.310104512,3.00130645
1301,-0.0038631388000000006,-0.41005025100000003,0.310104512,3.0957787999999997
1302,-0.0038622188000000004,-0.41005025100000003,0.310104512,3.19025115
1303,-0.0038612988000000003,-0.418090452,0.307451246,3.2469345599999997
1304,-0.0038603788000000005,-0.41005025100000003,0.310104512,3.2847235
1305,-0.0038594588000000003,-0.418090452,0.310104512,3.36030138
1306,-0.0038585388,-0.41005025100000003,0.310104512,3.3980903199999997
1307,-0.0038576188000000004,-0.418090452,0.307451246,3.41698479
1308,-0.0038566988000000007,-0.418090452,0.310104512,3.43587926
1309,-0.0038557788,-0.418090452,0.307451246,3.41698479
1310,-0.0038548588000000003,-0.418090452,0.310104512,3.37919585
1311,-0.0038539388000000006,-0.40201005,0.310104512,3.36030138
1312,-0.0038530188000000004,-0.418090452,0.310104512,3.2847235
1313,-0.0038520988000000003,-0.426130653,0.310104512,3.2091456199999997
1314,-0.0038511788000000005,-0.418090452,0.310104512,3.11467327
1315,-0.0038502588000000003,-0.40201005,0.310104512,3.0202009199999997
1316,-0.0038493388,-0.41005025100000003,0.31275777800000004,2.88793963
1317,-0.0038484188000000004,-0.418090452,0.307451246,2.75567834
1318,-0.0038474988000000007,-0.41005025100000003,0.307451246,2.64231152
1319,-0.0038465788,-0.41005025100000003,0.310104512,2.45336682
1320,-0.0038456588000000003,-0.41005025100000003,0.310104512,2.3211055299999996
1321,-0.0038447388000000006,-0.41005025100000003,0.310104512,2.18884424
1322,-0.0038438188000000004,-0.40201005,0.31541104400000003,2.0565829499999997
1323,-0.0038428988000000002,-0.40201005,0.310104512,1.92432166
1324,-0.0038419788000000005,-0.40201005,0.31275777800000004,1.84874378
1325,-0.0038410588000000003,-0.41005025100000003,0.310104512,1.7731659
1326,-0.0038401388,-0.41005025100000003,0.310104512,1.7164824899999997
1327,-0.0038392188000000004,-0.41005025100000003,0.310104512,1.7542714299999997
1328,-0.0038382988000000007,-0.41005025100000003,0.31275777800000004,1.7731659
1329,-0.0038373788,-0.40201005,0.31275777800000004,1.84874378
1330,-0.0038364588000000003,-0.418090452,0.310104512,1.94321613
1331,-0.0038355388000000006,-0.41005025100000003,0.310104512,2.0187940099999997
1332,-0.0038346188000000004,-0.41005025100000003,0.30479798,2.2077387099999997
1333,-0.0038336988000000002,-0.40201005,0.30479798,2.37778894
1334,-0.0038327788000000005,-0.40201005,0.307451246,2.5289447
1335,-0.0038318588000000003,-0.40201005,0.307451246,2.69899493
1336,-0.0038309388,-0.418090452,0.310104512,2.85015069
1337,-0.0038300188000000004,-0.41005025100000003,0.307451246,3.00130645
1338,-0.0038290988000000007,-0.41005025100000003,0.302144714,3.1335677399999997
1339,-0.0038281788000000005,-0.426130653,0.307451246,3.22804009
1340,-0.0038272588000000003,-0.41005025100000003,0.30479798,3.3225124399999997
1341,-0.0038263388000000006,-0.40201005,0.307451246,3.3980903199999997
1342,-0.0038254188000000004,-0.41005025100000003,0.307451246,3.43587926
1343,-0.0038244988000000002,-0.40201005,0.307451246,3.43587926
1344,-0.0038235788000000005,-0.41005025100000003,0.310104512,3.43587926
1345,-0.0038226588000000003,-0.41005025100000003,0.30479798,3.37919585
1346,-0.0038217388,-0.41005025100000003,0.307451246,3.30361797
1347,-0.0038208188000000004,-0.40201005,0.307451246,3.2091456199999997
1348,-0.0038198988000000007,-0.41005025100000003,0.30479798,3.0957787999999997
1349,-0.0038189788000000005,-0.41005025100000003,0.30479798,2.92572857
1350,-0.0038180588000000003,-0.40201005,0.30479798,2.8312562199999998
1351,-0.0038171388000000006,-0.40201005,0.30479798,2.68010046
1352,-0.0038162188000000004,-0.41005025100000003,0.30479798,2.54783917
1353,-0.0038152988000000002,-0.39396984900000004,0.30479798,2.34
1354,-0.0038143788000000005,-0.41005025100000003,0.30479798,2.1699497699999997
1355,-0.0038134588000000003,-0.41005025100000003,0.307451246,2.03768848
1356,-0.0038125388,-0.41005025100000003,0.30479798,1.9621106
1357,-0.0038116188000000004,-0.41005025100000003,0.302144714,1.8676382499999997
1358,-0.0038106988000000007,-0.41005025100000003,0.30479798,1.7542714299999997
1359,-0.0038097788000000005,-0.418090452,0.310104512,1.7731659
1360,-0.0038088588000000003,-0.41005025100000003,0.307451246,1.7542714299999997
1361,-0.0038079388000000006,-0.40201005,0.30479798,1.7731659
1362,-0.0038070188000000004,-0.41005025100000003,0.302144714,1.84874378
1363,-0.0038060988000000002,-0.40201005,0.307451246,1.94321613
1364,-0.0038051788000000005,-0.41005025100000003,0.30479798,2.0565829499999997
1365,-0.0038042588000000003,-0.41005025100000003,0.30479798,2.1699497699999997
1366,-0.0038033388,-0.40201005,0.307451246,2.35889447
1367,-0.0038024188000000004,-0.41005025100000003,0.30479798,2.5289447
1368,-0.0038014988000000006,-0.40201005,0.310104512,2.69899493
1369,-0.0038005788000000005,-0.41005025100000003,0.30479798,2.88793963
1370,-0.0037996588000000003,-0.41005025100000003,0.307451246,3.07688433
1371,-0.0037987388000000006,-0.39396984900000004,0.310104512,3.22804009
1372,-0.0037978188000000004,-0.39396984900000004,0.310104512,3.30361797
1373,-0.0037968988,-0.40201005,0.310104512,3.41698479
1374,-0.0037959788000000005,-0.40201005,0.307451246,3.45477373
1375,-0.0037950588000000003,-0.41005025100000003,0.310104512,3.43587926
1376,-0.0037941388,-0.41005025100000003,0.310104512,3.3980903199999997
1377,-0.0037932188000000004,-0.41005025100000003,0.307451246,3.34140691
1378,-0.0037922988000000006,-0.40201005,0.307451246,3.2091456199999997
1379,-0.0037913788000000005,-0.41005025100000003,0.310104512,3.0579898599999997
1380,-0.0037904588000000003,-0.40201005,0.310104512,2.88793963
1381,-0.0037895388000000006,-0.40201005,0.307451246,2.7178894
1382,-0.0037886188000000004,-0.39396984900000004,0.310104512,2.5289447
1383,-0.0037876988,-0.39396984900000004,0.310104512,2.34
1384,-0.0037867788000000005,-0.40201005,0.307451246,2.1699497699999997
1385,-0.0037858588000000003,-0.41005025100000003,0.307451246,1.98100507
1386,-0.0037849388,-0.40201005,0.307451246,1.88653272
1387,-0.0037840188000000004,-0.41005025100000003,0.310104512,1.81095484
1388,-0.0037830988000000006,-0.40201005,0.310104512,1.7731659
1389,-0.0037821788000000005,-0.41005025100000003,0.310104512,1.7164824899999997
1390,-0.0037812588000000003,-0.39396984900000004,0.310104512,1.7542714299999997
1391,-0.0037803388000000005,-0.40201005,0.307451246,1.84874378
1392,-0.0037794188000000004,-0.41005025100000003,0.310104512,1.92432166
1393,-0.0037784988,-0.40201005,0.307451246,2.0565829499999997
1394,-0.0037775788000000005,-0.40201005,0.307451246,2.22663318
1395,-0.0037766588000000003,-0.40201005,0.310104512,2.39668341
1396,-0.0037757388,-0.41005025100000003,0.307451246,2.56673364
1397,-0.0037748188000000004,-0.418090452,0.31275777800000004,2.75567834
1398,-0.0037738988000000006,-0.40201005,0.307451246,2.92572857
1399,-0.0037729788000000005,-0.40201005,0.307451246,3.07688433
1400,-0.0037720588000000003,-0.40201005,0.310104512,3.2469345599999997
1401,-0.0037711388000000005,-0.40201005,0.310104512,3.34140691
1402,-0.0037702188000000004,-0.40201005,0.307451246,3.37919585
1403,-0.0037692988,-0.40201005,0.310104512,3.43587926
1404,-0.0037683788000000005,-0.39396984900000004,0.310104512,3.43587926
1405,-0.0037674588000000007,-0.40201005,0.307451246,3.36030138
1406,-0.0037665388,-0.40201005,0.307451246,3.2847235
1407,-0.0037656188000000004,-0.41005025100000003,0.307451246,3.15246221
1408,-0.0037646988000000006,-0.41005025100000003,0.307451246,2.96351751
1409,-0.0037637788000000004,-0.40201005,0.30479798,2.7934672799999998
1410,-0.0037628588000000003,-0.39396984900000004,0.307451246,2.58562811
1411,-0.0037619388000000005,-0.40201005,0.307451246,2.39668341
1412,-0.0037610188000000004,-0.41005025100000003,0.302144714,2.2077387099999997
1413,-0.0037600988,-0.41005025100000003,0.30479798,2.0187940099999997
1414,-0.0037591788000000004,-0.41005025100000003,0.30479798,1.88653272
1415,-0.0037582588000000007,-0.40201005,0.307451246,1.7920603699999997
1416,-0.0037573388,-0.40201005,0.299491448,1.7542714299999997
1417,-0.0037564188000000004,-0.40201005,0.30479798,1.7542714299999997
1418,-0.0037554988000000006,-0.39396984900000004,0.30479798,1.81095484
1419,-0.0037545788000000004,-0.40201005,0.302144714,1.92432166
1420,-0.0037536588000000003,-0.40201005,0.30479798,2.0565829499999997
1421,-0.0037527388000000005,-0.385929648,0.302144714,2.2455276499999997
1422,-0.0037518188000000004,-0.40201005,0.30479798,2.51005023
1423,-0.0037508988,-0.385929648,0.302144714,2.69899493
1424,-0.0037499788000000004,-0.41005025100000003,0.30479798,2.9446230399999997
1425,-0.0037490588000000007,-0.40201005,0.30479798,3.15246221
1426,-0.0037481388,-0.41005025100000003,0.307451246,3.2847235
1427,-0.0037472188000000003,-0.40201005,0.307451246,3.37919585
1428,-0.0037462988000000006,-0.40201005,0.30479798,3.43587926
1429,-0.0037453788000000004,-0.41005025100000003,0.30479798,3.41698479
1430,-0.0037444588000000003,-0.39396984900000004,0.30479798,3.36030138
1431,-0.0037435388000000005,-0.39396984900000004,0.30479798,3.26582903
1432,-0.0037426188000000003,-0.39396984900000004,0.30479798,3.11467327
1433,-0.0037416988,-0.39396984900000004,0.30479798,2.92572857
1434,-0.0037407788000000004,-0.40201005,0.307451246,2.68010046
1435,-0.0037398588000000007,-0.40201005,0.307451246,2.45336682
1436,-0.0037389388,-0.40201005,0.307451246,2.26442212
1437,-0.0037380188000000003,-0.40201005,0.307451246,2.11326636
1438,-0.0037370988000000006,-0.39396984900000004,0.307451246,1.9621106
1439,-0.0037361788000000004,-0.40201005,0.310104512,1.8298493099999997
1440,-0.0037352588000000003,-0.39396984900000004,0.30479798,1.7542714299999997
1441,-0.0037343388000000005,-0.40201005,0.307451246,1.73537696
1442,-0.0037334188000000003,-0.40201005,0.307451246,1.7542714299999997
1443,-0.0037324988,-0.40201005,0.30479798,1.8298493099999997
1444,-0.0037315788000000004,-0.39396984900000004,0.307451246,1.9621106
1445,-0.0037306588000000007,-0.385929648,0.310104512,2.0943718899999997
1446,-0.0037297388,-0.39396984900000004,0.310104512,2.2455276499999997
1447,-0.0037288188000000003,-0.40201005,0.310104512,2.45336682
1448,-0.0037278988000000006,-0.40201005,0.307451246,2.64231152
1449,-0.0037269788000000004,-0.39396984900000004,0.307451246,2.81236175
1450,-0.0037260588000000002,-0.39396984900000004,0.310104512,3.0202009199999997
1451,-0.0037251388000000005,-0.40201005,0.31275777800000004,3.19025115
1452,-0.0037242188000000003,-0.40201005,0.307451246,3.2847235
1453,-0.0037232988,-0.39396984900000004,0.310104512,3.37919585
1454,-0.0037223788000000004,-0.39396984900000004,0.307451246,3.41698479
1455,-0.0037214588000000007,-0.39396984900000004,0.307451246,3.41698479
1456,-0.0037205388,-0.39396984900000004,0.307451246,3.36030138
1457,-0.0037196188000000003,-0.40201005,0.307451246,3.26582903
1458,-0.0037186988000000006,-0.40201005,0.310104512,3.1335677399999997
1459,-0.0037177788000000004,-0.39396984900000004,0.307451246,2.9446230399999997
1460,-0.0037168588000000002,-0.39396984900000004,0.30479798,2.73678387
1461,-0.0037159388000000005,-0.40201005,0.307451246,2.5289447
1462,-0.0037150188000000003,-0.40201005,0.307451246,2.34
1463,-0.0037140988,-0.385929648,0.302144714,2.1321608299999997
1464,-0.0037131788000000004,-0.39396984900000004,0.30479798,1.98100507
1465,-0.0037122588000000007,-0.40201005,0.307451246,1.84874378
1466,-0.0037113388000000005,-0.385929648,0.307451246,1.7731659
1467,-0.0037104188000000003,-0.40201005,0.30479798,1.7542714299999997
1468,-0.0037094988000000006,-0.39396984900000004,0.307451246,1.7731659
1469,-0.0037085788000000004,-0.41005025100000003,0.299491448,1.88653272
1470,-0.0037076588000000002,-0.39396984900000004,0.30479798,2.03768848
1471,-0.0037067388000000005,-0.41005025100000003,0.302144714,2.2077387099999997
1472,-0.0037058188000000003,-0.39396984900000004,0.302144714,2.43447235
1473,-0.0037048988,-0.377889447,0.30479798,2.68010046
1474,-0.0037039788000000004,-0.39396984900000004,0.302144714,2.9068340999999998
1475,-0.0037030588000000007,-0.40201005,0.302144714,3.0957787999999997
1476,-0.0037021388000000005,-0.41005025100000003,0.30479798,3.26582903
1477,-0.0037012188000000003,-0.41005025100000003,0.302144714,3.37919585
1478,-0.0037002988000000006,-0.39396984900000004,0.30479798,3.3980903199999997
1479,-0.0036993788000000004,-0.39396984900000004,0.302144714,3.41698479
1480,-0.0036984588000000002,-0.39396984900000004,0.307451246,3.34140691
1481,-0.0036975388000000005,-0.39396984900000004,0.30479798,3.2091456199999997
1482,-0.0036966188000000003,-0.39396984900000004,0.30479798,3.0202009199999997
1483,-0.0036956988,-0.385929648,0.30479798,2.7934672799999998
1484,-0.0036947788000000004,-0.385929648,0.302144714,2.54783917
1485,-0.0036938588000000007,-0.385929648,0.30479798,2.34
1486,-0.0036929388000000005,-0.385929648,0.30479798,2.11326636
1487,-0.0036920188000000003,-0.385929648,0.30479798,1.9621106
1488,-0.0036910988000000006,-0.40201005,0.30479798,1.81095484
1489,-0.0036901788000000004,-0.385929648,0.310104512,1.7542714299999997
1490,-0.0036892588000000002,-0.39396984900000004,0.30479798,1.7164824899999997
1491,-0.0036883388000000005,-0.39396984900000004,0.30479798,1.8298493099999997
1492,-0.0036874188000000003,-0.39396984900000004,0.307451246,1.92432166
1493,-0.0036864988,-0.39396984900000004,0.310104512,2.1321608299999997
1494,-0.0036855788000000004,-0.39396984900000004,0.30479798,2.3211055299999996
1495,-0.0036846588000000007,-0.39396984900000004,0.310104512,2.54783917
1496,-0.0036837388000000005,-0.40201005,0.307451246,2.77457281
1497,-0.0036828188000000003,-0.385929648,0.307451246,2.9824119799999997
1498,-0.0036818988000000006,-0.39396984900000004,0.30479798,3.1713566799999997
1499,-0.0036809788000000004,-0.39396984900000004,0.310104512,3.30361797
1500,-0.0036800588,-0.39396984900000004,0.307451246,3.3980903199999997
1501,-0.0036791388000000005,-0.377889447,0.307451246,3.43587926
1502,-0.0036782188000000003,-0.385929648,0.307451246,3.3980903199999997
1503,-0.0036772988,-0.39396984900000004,0.307451246,3.3225124399999997
1504,-0.0036763788000000004,-0.39396984900000004,0.310104512,3.19025115
1505,-0.0036754588000000006,-0.385929648,0.307451246,3.00130645
1506,-0.0036745388000000005,-0.39396984900000004,0.307451246,2.77457281
1507,-0.0036736188000000003,-0.40201005,0.310104512,2.58562811
1508,-0.0036726988000000006,-0.40201005,0.31275777800000004,2.35889447
1509,-0.0036717788000000004,-0.40201005,0.310104512,2.1510553
1510,-0.0036708588,-0.385929648,0.307451246,1.94321613
1511,-0.0036699388000000005,-0.39396984900000004,0.310104512,1.81095484
1512,-0.0036690188000000003,-0.385929648,0.310104512,1.7542714299999997
1513,-0.0036680988,-0.385929648,0.310104512,1.69758802
1514,-0.0036671788000000004,-0.39396984900000004,0.310104512,1.7731659
1515,-0.0036662588000000006,-0.385929648,0.302144714,1.90542719
1516,-0.0036653388000000005,-0.39396984900000004,0.30479798,2.07547742
1517,-0.0036644188000000003,-0.385929648,0.307451246,2.26442212
1518,-0.0036634988000000005,-0.39396984900000004,0.30479798,2.47226129
1519,-0.0036625788000000004,-0.39396984900000004,0.30479798,2.75567834
1520,-0.0036616588,-0.40201005,0.30479798,3.00130645
1521,-0.0036607388000000005,-0.40201005,0.30479798,3.1713566799999997
1522,-0.0036598188000000007,-0.385929648,0.30479798,3.34140691
1523,-0.0036588988,-0.39396984900000004,0.307451246,3.41698479
1524,-0.0036579788000000004,-0.377889447,0.30479798,3.43587926
1525,-0.0036570588000000006,-0.39396984900000004,0.302144714,3.36030138
1526,-0.0036561388000000005,-0.39396984900000004,0.302144714,3.22804009
1527,-0.0036552188000000003,-0.39396984900000004,0.299491448,3.07688433
1528,-0.0036542988000000005,-0.385929648,0.30479798,2.85015069
1529,-0.0036533788000000004,-0.39396984900000004,0.299491448,2.58562811
1530,-0.0036524588,-0.39396984900000004,0.299491448,2.35889447
1531,-0.0036515388000000005,-0.377889447,0.30479798,2.11326636
1532,-0.0036506188000000007,-0.377889447,0.302144714,1.94321613
1533,-0.0036496988,-0.377889447,0.302144714,1.7920603699999997
1534,-0.0036487788000000004,-0.385929648,0.30479798,1.73537696
1535,-0.0036478588000000006,-0.385929648,0.30479798,1.7542714299999997
1536,-0.0036469388000000004,-0.41005025100000003,0.302144714,1.84874378
1537,-0.0036460188000000003,-0.39396984900000004,0.302144714,1.98100507
1538,-0.0036450988000000005,-0.385929648,0.30479798,2.18884424
1539,-0.0036441788000000004,-0.40201005,0.30479798,2.39668341
1540,-0.0036432588,-0.385929648,0.307451246,2.66120599
1541,-0.0036423388000000004,-0.385929648,0.30479798,2.88793963
1542,-0.0036414188000000007,-0.385929648,0.307451246,3.0957787999999997
1543,-0.0036404988,-0.385929648,0.307451246,3.2847235
1544,-0.0036395788000000004,-0.385929648,0.307451246,3.41698479
1545,-0.0036386588000000006,-0.39396984900000004,0.302144714,3.43587926
1546,-0.0036377388000000004,-0.39396984900000004,0.307451246,3.37919585
1547,-0.0036368188000000003,-0.39396984900000004,0.307451246,3.22804009
1548,-0.0036358988000000005,-0.385929648,0.307451246,3.0202009199999997
1549,-0.0036349788000000004,-0.39396984900000004,0.310104512,2.77457281
1550,-0.0036340588,-0.385929648,0.310104512,2.51005023
1551,-0.0036331388000000004,-0.385929648,0.310104512,2.22663318
1552,-0.0036322188000000007,-0.377889447,0.310104512,1.99989954
1553,-0.0036312988,-0.39396984900000004,0.310104512,1.8298493099999997
1554,-0.0036303788000000003,-0.39396984900000004,0.310104512,1.73537696
1555,-0.0036294588000000006,-0.39396984900000004,0.310104512,1.7542714299999997
1556,-0.0036285388000000004,-0.385929648,0.307451246,1.81095484
1557,-0.0036276188000000003,-0.39396984900000004,0.310104512,1.9621106
1558,-0.0036266988000000005,-0.39396984900000004,0.307451246,2.18884424
1559,-0.0036257788000000003,-0.385929648,0.310104512,2.45336682
1560,-0.0036248588,-0.385929648,0.31275777800000004,2.73678387
1561,-0.0036239388000000004,-0.39396984900000004,0.307451246,2.96351751
1562,-0.0036230188000000007,-0.385929648,0.30479798,3.22804009
1563,-0.0036220988,-0.39396984900000004,0.302144714,3.36030138
1564,-0.0036211788000000003,-0.39396984900000004,0.30479798,3.41698479
1565,-0.0036202588000000006,-0.377889447,0.302144714,3.3980903199999997
1566,-0.0036193388000000004,-0.377889447,0.302144714,3.30361797
1567,-0.0036184188000000003,-0.377889447,0.302144714,3.15246221
1568,-0.0036174988000000005,-0.40201005,0.30479798,2.9068340999999998
1569,-0.0036165788000000003,-0.385929648,0.299491448,2.64231152
1570,-0.0036156588,-0.377889447,0.302144714,2.37778894
1571,-0.0036147388000000004,-0.39396984900000004,0.302144714,2.1321608299999997
1572,-0.0036138188000000007,-0.385929648,0.302144714,1.94321613
1573,-0.0036128988,-0.385929648,0.302144714,1.81095484
1574,-0.0036119788000000003,-0.385929648,0.299491448,1.7164824899999997
1575,-0.0036110588000000006,-0.385929648,0.299491448,1.7542714299999997
1576,-0.0036101388000000004,-0.385929648,0.302144714,1.84874378
1577,-0.0036092188000000002,-0.39396984900000004,0.302144714,2.0187940099999997
1578,-0.0036082988000000005,-0.385929648,0.302144714,2.22663318
1579,-0.0036073788000000003,-0.385929648,0.299491448,2.49115576
1580,-0.0036064588,-0.385929648,0.30479798,2.73678387
1581,-0.0036055388000000004,-0.377889447,0.302144714,3.00130645
1582,-0.0036046188000000007,-0.377889447,0.30479798,3.22804009
1583,-0.0036036988000000005,-0.377889447,0.307451246,3.36030138
1584,-0.0036027788000000003,-0.385929648,0.307451246,3.41698479
1585,-0.0036018588000000006,-0.39396984900000004,0.302144714,3.41698479
1586,-0.0036009388000000004,-0.377889447,0.30479798,3.30361797
1587,-0.0036000188000000002,-0.39396984900000004,0.307451246,3.19025115
1588,-0.0035990988000000005,-0.377889447,0.30479798,2.96351751
1589,-0.0035981788000000003,-0.39396984900000004,0.30479798,2.69899493
1590,-0.0035972588,-0.377889447,0.307451246,2.41557788
1591,-0.0035963388000000004,-0.385929648,0.310104512,2.18884424
1592,-0.0035954188000000007,-0.39396984900000004,0.307451246,1.9621106
1593,-0.0035944988000000005,-0.385929648,0.310104512,1.7920603699999997
1594,-0.0035935788000000003,-0.385929648,0.310104512,1.73537696
1595,-0.0035926588000000006,-0.377889447,0.310104512,1.7920603699999997
1596,-0.0035917388000000004,-0.385929648,0.310104512,1.90542719
1597,-0.0035908188000000002,-0.377889447,0.30479798,2.11326636
1598,-0.0035898988000000005,-0.377889447,0.307451246,2.39668341
1599,-0.0035889788000000003,-0.385929648,0.307451246,2.73678387
1600,-0.0035880588,-0.39396984900000004,0.307451246,3.03909539
1601,-0.0035871388000000004,-0.385929648,0.310104512,3.26582903
1602,-0.0035862188000000007,-0.377889447,0.307451246,3.37919585
1603,-0.0035852988000000005,-0.377889447,0.307451246,3.41698479
1604,-0.0035843788000000003,-0.385929648,0.30479798,3.36030138
1605,-0.0035834588000000006,-0.39396984900000004,0.302144714,3.1713566799999997
1606,-0.0035825388000000004,-0.385929648,0.302144714,2.92572857
1607,-0.0035816188000000002,-0.377889447,0.302144714,2.62341705
1608,-0.0035806988000000005,-0.385929648,0.302144714,2.3211055299999996
1609,-0.0035797788000000003,-0.377889447,0.302144714,2.03768848
1610,-0.0035788588,-0.369849246,0.30479798,1.8676382499999997
1611,-0.0035779388000000004,-0.385929648,0.299491448,1.7542714299999997
1612,-0.0035770188000000007,-0.385929648,0.302144714,1.7542714299999997
1613,-0.0035760988000000005,-0.385929648,0.299491448,1.8298493099999997
1614,-0.0035751788000000003,-0.385929648,0.299491448,2.03768848
1615,-0.0035742588000000006,-0.385929648,0.299491448,2.2455276499999997
1616,-0.0035733388000000004,-0.385929648,0.299491448,2.51005023
1617,-0.0035724188000000002,-0.377889447,0.302144714,2.8312562199999998
1618,-0.0035714988000000005,-0.385929648,0.302144714,3.0579898599999997
1619,-0.0035705788000000003,-0.377889447,0.302144714,3.26582903
1620,-0.0035696588,-0.385929648,0.30479798,3.37919585
1621,-0.0035687388000000004,-0.39396984900000004,0.302144714,3.41698479
1622,-0.0035678188000000007,-0.39396984900000004,0.302144714,3.36030138
1623,-0.0035668988000000005,-0.377889447,0.302144714,3.2091456199999997
1624,-0.0035659788000000003,-0.377889447,0.30479798,3.0202009199999997
1625,-0.0035650588000000006,-0.377889447,0.302144714,2.75567834
1626,-0.0035641388000000004,-0.377889447,0.302144714,2.49115576
1627,-0.0035632188,-0.385929648,0.30479798,2.22663318
1628,-0.0035622988000000005,-0.377889447,0.30479798,2.0187940099999997
1629,-0.0035613788000000003,-0.39396984900000004,0.307451246,1.84874378
1630,-0.0035604588,-0.385929648,0.30479798,1.7542714299999997
1631,-0.0035595388000000004,-0.377889447,0.30479798,1.7164824899999997
1632,-0.0035586188000000006,-0.377889447,0.310104512,1.7920603699999997
1633,-0.0035576988000000005,-0.377889447,0.302144714,1.9621106
1634,-0.0035567788000000003,-0.385929648,0.307451246,2.18884424
1635,-0.0035558588000000006,-0.369849246,0.310104512,2.45336682
1636,-0.0035549388000000004,-0.377889447,0.307451246,2.75567834
1637,-0.0035540188,-0.377889447,0.307451246,3.00130645
1638,-0.0035530988000000005,-0.377889447,0.310104512,3.2469345599999997
1639,-0.0035521788000000003,-0.385929648,0.30479798,3.34140691
1640,-0.0035512588,-0.377889447,0.302144714,3.41698479
1641,-0.0035503388000000004,-0.385929648,0.30479798,3.36030138
1642,-0.0035494188000000006,-0.377889447,0.310104512,3.22804009
1643,-0.0035484988000000005,-0.377889447,0.30479798,2.96351751
1644,-0.0035475788000000003,-0.369849246,0.30479798,2.7178894
1645,-0.0035466588000000005,-0.377889447,0.30479798,2.37778894
1646,-0.0035457388000000004,-0.385929648,0.302144714,2.1321608299999997
1647,-0.0035448188,-0.377889447,0.302144714,1.88653272
1648,-0.0035438988000000005,-0.377889447,0.30479798,1.73537696
1649,-0.0035429788000000007,-0.377889447,0.302144714,1.7164824899999997
1650,-0.0035420588,-0.39396984900000004,0.299491448,1.8676382499999997
1651,-0.0035411388000000004,-0.385929648,0.302144714,2.03768848
1652,-0.0035402188000000006,-0.377889447,0.302144714,2.34
1653,-0.0035392988000000005,-0.385929648,0.299491448,2.62341705
1654,-0.0035383788000000003,-0.377889447,0.299491448,2.92572857
1655,-0.0035374588000000005,-0.377889447,0.299491448,3.19025115
1656,-0.0035365388000000004,-0.377889447,0.299491448,3.36030138
1657,-0.0035356188,-0.377889447,0.302144714,3.41698479
1658,-0.0035346988000000005,-0.369849246,0.302144714,3.36030138
1659,-0.0035337788000000007,-0.369849246,0.299491448,3.2091456199999997
1660,-0.0035328588,-0.385929648,0.299491448,2.96351751
1661,-0.0035319388000000004,-0.385929648,0.296838182,2.62341705
1662,-0.0035310188000000006,-0.385929648,0.30479798,2.3211055299999996
1663,-0.0035300988000000004,-0.377889447,0.302144714,2.0565829499999997
1664,-0.0035291788000000003,-0.377889447,0.30479798,1.88653272
1665,-0.0035282588000000005,-0.377889447,0.302144714,1.7731659
1666,-0.0035273388000000004,-0.385929648,0.307451246,1.73537696
1667,-0.0035264188,-0.369849246,0.30479798,1.7920603699999997
1668,-0.0035254988000000004,-0.377889447,0.310104512,1.98100507
1669,-0.0035245788000000007,-0.377889447,0.30479798,2.18884424
1670,-0.0035236588,-0.377889447,0.302144714,2.47226129
1671,-0.0035227388000000004,-0.377889447,0.30479798,2.75567834
1672,-0.0035218188000000006,-0.377889447,0.30479798,2.96351751
1673,-0.0035208988000000004,-0.377889447,0.30479798,3.22804009
1674,-0.0035199788000000003,-0.369849246,0.30479798,3.34140691
1675,-0.0035190588000000005,-0.377889447,0.307451246,3.41698479
1676,-0.0035181388000000004,-0.369849246,0.307451246,3.37919585
1677,-0.0035172188,-0.377889447,0.310104512,3.2847235
1678,-0.0035162988000000004,-0.369849246,0.30479798,3.07688433
1679,-0.0035153788000000007,-0.377889447,0.30479798,2.85015069
1680,-0.0035144588,-0.369849246,0.307451246,2.58562811
1681,-0.0035135388000000004,-0.377889447,0.307451246,2.3211055299999996
1682,-0.0035126188000000006,-0.377889447,0.307451246,2.0565829499999997
1683,-0.0035116988000000004,-0.377889447,0.307451246,1.8676382499999997
1684,-0.0035107788000000003,-0.385929648,0.30479798,1.7542714299999997
1685,-0.0035098588000000005,-0.385929648,0.307451246,1.73537696
1686,-0.0035089388000000003,-0.369849246,0.302144714,1.7920603699999997
1687,-0.0035080188,-0.369849246,0.302144714,1.98100507
1688,-0.0035070988000000004,-0.377889447,0.302144714,2.18884424
1689,-0.0035061788000000007,-0.377889447,0.302144714,2.45336682
1690,-0.0035052588,-0.361809045,0.302144714,2.73678387
1691,-0.0035043388000000003,-0.377889447,0.302144714,3.00130645
1692,-0.0035034188000000006,-0.369849246,0.30479798,3.22804009
1693,-0.0035024988000000004,-0.377889447,0.299491448,3.3980903199999997
1694,-0.0035015788000000003,-0.369849246,0.299491448,3.43587926
1695,-0.0035006588000000005,-0.377889447,0.296838182,3.3225124399999997
1696,-0.0034997388000000003,-0.369849246,0.299491448,3.11467327
1697,-0.0034988188,-0.377889447,0.302144714,2.85015069
1698,-0.0034978988000000004,-0.385929648,0.302144714,2.54783917
1699,-0.0034969788000000007,-0.369849246,0.302144714,2.2455276499999997
1700,-0.0034960588,-0.369849246,0.302144714,1.98100507
1701,-0.0034951388000000003,-0.377889447,0.299491448,1.8298493099999997
1702,-0.0034942188000000006,-0.361809045,0.299491448,1.7164824899999997
1703,-0.0034932988000000004,-0.377889447,0.302144714,1.7542714299999997
1704,-0.0034923788000000002,-0.369849246,0.299491448,1.88653272
1705,-0.0034914588000000005,-0.369849246,0.30479798,2.1321608299999997
1706,-0.0034905388000000003,-0.369849246,0.299491448,2.39668341
1707,-0.0034896188,-0.369849246,0.30479798,2.7178894
1708,-0.0034886988000000004,-0.361809045,0.307451246,3.03909539
1709,-0.0034877788000000007,-0.369849246,0.30479798,3.22804009
1710,-0.0034868588000000005,-0.385929648,0.307451246,3.3980903199999997
1711,-0.0034859388000000003,-0.369849246,0.307451246,3.41698479
1712,-0.0034850188000000006,-0.369849246,0.30479798,3.34140691
1713,-0.0034840988000000004,-0.369849246,0.30479798,3.19025115
1714,-0.0034831788000000002,-0.377889447,0.307451246,2.92572857
1715,-0.0034822588000000005,-0.369849246,0.307451246,2.68010046
1716,-0.0034813388000000003,-0.369849246,0.310104512,2.37778894
1717,-0.0034804188,-0.369849246,0.307451246,2.1321608299999997
1718,-0.0034794988000000004,-0.377889447,0.310104512,1.88653272
1719,-0.0034785788000000007,-0.361809045,0.30479798,1.7731659
1720,-0.0034776588000000005,-0.377889447,0.307451246,1.7164824899999997
1721,-0.0034767388000000003,-0.377889447,0.30479798,1.7731659
1722,-0.0034758188000000006,-0.377889447,0.30479798,1.94321613
1723,-0.0034748988000000004,-0.369849246,0.302144714,2.0943718899999997
1724,-0.0034739788000000002,-0.361809045,0.30479798,2.34
1725,-0.0034730588000000005,-0.377889447,0.302144714,2.56673364
1726,-0.0034721388000000003,-0.377889447,0.296838182,2.8312562199999998
1727,-0.0034712188,-0.353768844,0.30479798,3.07688433
1728,-0.0034702988000000004,-0.377889447,0.302144714,3.26582903
1729,-0.0034693788000000007,-0.369849246,0.299491448,3.37919585
1730,-0.0034684588000000005,-0.377889447,0.299491448,3.3980903199999997
1731,-0.0034675388000000003,-0.361809045,0.302144714,3.36030138
1732,-0.0034666188000000006,-0.361809045,0.299491448,3.2091456199999997
1733,-0.0034656988000000004,-0.361809045,0.299491448,3.00130645
1734,-0.0034647788000000002,-0.369849246,0.296838182,2.75567834
1735,-0.0034638588000000005,-0.369849246,0.296838182,2.47226129
1736,-0.0034629388000000003,-0.361809045,0.302144714,2.1699497699999997
1737,-0.0034620188,-0.369849246,0.296838182,1.9621106
1738,-0.0034610988000000004,-0.369849246,0.299491448,1.7920603699999997
1739,-0.0034601788000000007,-0.361809045,0.296838182,1.73537696
1740,-0.0034592588000000005,-0.369849246,0.299491448,1.7731659
1741,-0.0034583388000000003,-0.361809045,0.299491448,1.88653272
1742,-0.0034574188000000006,-0.361809045,0.302144714,2.11326636
1743,-0.0034564988000000004,-0.361809045,0.302144714,2.41557788
1744,-0.0034555788000000002,-0.369849246,0.299491448,2.69899493
1745,-0.0034546588000000005,-0.369849246,0.302144714,3.00130645
1746,-0.0034537388000000003,-0.369849246,0.302144714,3.22804009
1747,-0.0034528188,-0.361809045,0.302144714,3.37919585
1748,-0.0034518988000000004,-0.369849246,0.302144714,3.41698479
1749,-0.0034509788000000007,-0.361809045,0.30479798,3.34140691
1750,-0.0034500588000000005,-0.369849246,0.307451246,3.15246221
1751,-0.0034491388000000003,-0.361809045,0.30479798,2.8690451599999998
1752,-0.0034482188000000006,-0.369849246,0.30479798,2.54783917
1753,-0.0034472988000000004,-0.361809045,0.30479798,2.22663318
1754,-0.0034463788,-0.369849246,0.307451246,1.98100507
1755,-0.0034454588000000005,-0.377889447,0.30479798,1.7731659
1756,-0.0034445388000000003,-0.369849246,0.30479798,1.73537696
1757,-0.0034436188,-0.369849246,0.307451246,1.7542714299999997
1758,-0.0034426988000000004,-0.353768844,0.30479798,1.8676382499999997
1759,-0.0034417788000000006,-0.361809045,0.310104512,2.11326636
1760,-0.0034408588000000005,-0.377889447,0.30479798,2.35889447
1761,-0.0034399388000000003,-0.369849246,0.307451246,2.66120599
1762,-0.0034390188000000006,-0.361809045,0.302144714,2.92572857
1763,-0.0034380988000000004,-0.369849246,0.30479798,3.1713566799999997
1764,-0.0034371788,-0.361809045,0.30479798,3.3225124399999997
1765,-0.0034362588000000005,-0.361809045,0.30479798,3.3980903199999997
1766,-0.0034353388000000003,-0.361809045,0.302144714,3.37919585
1767,-0.0034344188,-0.369849246,0.302144714,3.26582903
1768,-0.0034334988000000004,-0.361809045,0.302144714,3.11467327
1769,-0.0034325788000000006,-0.361809045,0.299491448,2.8690451599999998
1770,-0.0034316588000000005,-0.361809045,0.302144714,2.60452258
1771,-0.0034307388000000003,-0.361809045,0.299491448,2.34
1772,-0.0034298188000000005,-0.369849246,0.299491448,2.0943718899999997
1773,-0.0034288988000000004,-0.361809045,0.296838182,1.90542719
1774,-0.0034279788,-0.369849246,0.299491448,1.7731659
1775,-0.0034270588000000005,-0.361809045,0.296838182,1.7164824899999997
1776,-0.0034261388000000007,-0.361809045,0.296838182,1.7731659
1777,-0.0034252188,-0.369849246,0.299491448,1.88653272
1778,-0.0034242988000000004,-0.369849246,0.294184916,2.0565829499999997
1779,-0.0034233788000000006,-0.369849246,0.294184916,2.2833165899999996
1780,-0.0034224588000000005,-0.361809045,0.299491448,2.56673364
1781,-0.0034215388000000003,-0.369849246,0.296838182,2.8312562199999998
1782,-0.0034206188000000005,-0.369849246,0.299491448,3.07688433
1783,-0.0034196988000000004,-0.361809045,0.299491448,3.26582903
1784,-0.0034187788,-0.361809045,0.299491448,3.43587926
1785,-0.0034178588000000005,-0.369849246,0.299491448,3.3980903199999997
1786,-0.0034169388000000007,-0.369849246,0.296838182,3.3225124399999997
1787,-0.0034160188,-0.361809045,0.302144714,3.11467327
1788,-0.0034150988000000004,-0.361809045,0.302144714,2.8690451599999998
1789,-0.0034141788000000006,-0.369849246,0.299491448,2.60452258
1790,-0.0034132588000000005,-0.361809045,0.302144714,2.30221106
1791,-0.0034123388000000003,-0.369849246,0.30479798,2.03768848
1792,-0.0034114188000000005,-0.361809045,0.30479798,1.8298493099999997
1793,-0.0034104988000000004,-0.369849246,0.30479798,1.7542714299999997
1794,-0.0034095788,-0.369849246,0.310104512,1.73537696
1795,-0.0034086588000000004,-0.361809045,0.302144714,1.8298493099999997
1796,-0.0034077388000000007,-0.353768844,0.302144714,2.0943718899999997
1797,-0.0034068188,-0.353768844,0.302144714,2.35889447
1798,-0.0034058988000000004,-0.361809045,0.30479798,2.68010046
1799,-0.0034049788000000006,-0.361809045,0.30479798,3.00130645
1800,-0.0034040588000000004,-0.369849246,0.30479798,3.22804009
1801,-0.0034031388000000003,-0.361809045,0.30479798,3.3980903199999997
1802,-0.0034022188000000005,-0.361809045,0.307451246,3.3980903199999997
1803,-0.0034012988000000004,-0.353768844,0.30479798,3.3225124399999997
1804,-0.0034003788,-0.361809045,0.302144714,3.15246221
1805,-0.0033994588000000004,-0.353768844,0.30479798,2.9068340999999998
1806,-0.0033985388000000007,-0.369849246,0.302144714,2.58562811
1807,-0.0033976188,-0.369849246,0.30479798,2.30221106
1808,-0.0033966988000000004,-0.361809045,0.302144714,2.0565829499999997
1809,-0.0033957788000000006,-0.369849246,0.302144714,1.84874378
1810,-0.0033948588000000004,-0.361809045,0.299491448,1.7542714299999997
1811,-0.0033939388000000003,-0.361809045,0.299491448,1.7164824899999997
1812,-0.0033930188000000005,-0.361809045,0.296838182,1.81095484
1813,-0.0033920988000000003,-0.369849246,0.296838182,1.9621106
1814,-0.0033911788,-0.353768844,0.302144714,2.1510553
1815,-0.0033902588000000004,-0.353768844,0.299491448,2.39668341
1816,-0.0033893388000000007,-0.361809045,0.299491448,2.68010046
1817,-0.0033884188,-0.353768844,0.299491448,2.9068340999999998
1818,-0.0033874988000000003,-0.353768844,0.296838182,3.19025115
1819,-0.0033865788000000006,-0.361809045,0.296838182,3.30361797
1820,-0.0033856588000000004,-0.345728643,0.299491448,3.37919585
1821,-0.0033847388000000003,-0.361809045,0.299491448,3.3980903199999997
1822,-0.0033838188000000005,-0.361809045,0.296838182,3.30361797
1823,-0.0033828988000000003,-0.361809045,0.299491448,3.15246221
1824,-0.0033819788,-0.345728643,0.299491448,2.9446230399999997
1825,-0.0033810588000000004,-0.361809045,0.299491448,2.7178894
1826,-0.0033801388000000007,-0.361809045,0.299491448,2.43447235
1827,-0.0033792188,-0.361809045,0.299491448,2.1699497699999997
1828,-0.0033782988000000003,-0.353768844,0.299491448,1.9621106
1829,-0.0033773788000000006,-0.361809045,0.299491448,1.81095484
1830,-0.0033764588000000004,-0.361809045,0.299491448,1.7164824899999997
1831,-0.0033755388000000002,-0.353768844,0.30479798,1.7164824899999997
1832,-0.0033746188000000005,-0.361809045,0.302144714,1.84874378
1833,-0.0033736988000000003,-0.369849246,0.30479798,2.03768848
1834,-0.0033727788,-0.361809045,0.30479798,2.35889447
1835,-0.0033718588000000004,-0.361809045,0.30479798,2.66120599
1836,-0.0033709388000000007,-0.361809045,0.30479798,2.92572857
1837,-0.0033700188000000005,-0.361809045,0.302144714,3.2091456199999997
1838,-0.0033690988000000003,-0.353768844,0.30479798,3.34140691
1839,-0.0033681788000000006,-0.353768844,0.307451246,3.43587926
1840,-0.0033672588000000004,-0.361809045,0.302144714,3.36030138
1841,-0.0033663388000000002,-0.361809045,0.302144714,3.19025115
1842,-0.0033654188000000005,-0.361809045,0.307451246,2.96351751
1843,-0.0033644988000000003,-0.377889447,0.302144714,2.66120599
1844,-0.0033635788,-0.361809045,0.302144714,2.35889447
1845,-0.0033626588000000004,-0.369849246,0.302144714,2.07547742
1846,-0.0033617388000000007,-0.361809045,0.30479798,1.84874378
1847,-0.0033608188000000005,-0.353768844,0.30479798,1.73537696
1848,-0.0033598988000000003,-0.353768844,0.302144714,1.7164824899999997
1849,-0.0033589788000000006,-0.353768844,0.302144714,1.84874378
1850,-0.0033580588000000004,-0.361809045,0.302144714,2.03768848
1851,-0.0033571388000000002,-0.361809045,0.299491448,2.30221106
1852,-0.0033562188000000005,-0.361809045,0.296838182,2.56673364
1853,-0.0033552988000000003,-0.353768844,0.296838182,2.8690451599999998
1854,-0.0033543788,-0.361809045,0.299491448,3.0957787999999997
1855,-0.0033534588000000004,-0.361809045,0.296838182,3.30361797
1856,-0.0033525388000000007,-0.353768844,0.299491448,3.41698479
1857,-0.0033516188000000005,-0.353768844,0.296838182,3.37919585
1858,-0.0033506988000000003,-0.353768844,0.294184916,3.30361797
1859,-0.0033497788000000006,-0.353768844,0.296838182,3.1335677399999997
1860,-0.0033488588000000004,-0.353768844,0.294184916,2.9068340999999998
1861,-0.0033479388000000002,-0.361809045,0.299491448,2.64231152
1862,-0.0033470188000000005,-0.369849246,0.296838182,2.35889447
1863,-0.0033460988000000003,-0.361809045,0.296838182,2.18884424
1864,-0.0033451788,-0.361809045,0.296838182,1.94321613
1865,-0.0033442588000000004,-0.353768844,0.296838182,1.81095484
1866,-0.0033433388000000007,-0.353768844,0.296838182,1.73537696
1867,-0.0033424188000000005,-0.369849246,0.296838182,1.73537696
1868,-0.0033414988000000003,-0.353768844,0.299491448,1.7920603699999997
1869,-0.0033405788000000006,-0.361809045,0.30479798,1.94321613
1870,-0.0033396588000000004,-0.361809045,0.302144714,2.1321608299999997
1871,-0.0033387388000000002,-0.369849246,0.302144714,2.34
1872,-0.0033378188000000005,-0.361809045,0.302144714,2.58562811
1873,-0.0033368988000000003,-0.353768844,0.296838182,2.88793963
1874,-0.0033359788,-0.353768844,0.302144714,3.0957787999999997
1875,-0.0033350588000000004,-0.345728643,0.30479798,3.2847235
1876,-0.0033341388000000007,-0.361809045,0.30479798,3.36030138
1877,-0.0033332188000000005,-0.345728643,0.30479798,3.37919585
1878,-0.0033322988000000003,-0.361809045,0.302144714,3.34140691
1879,-0.0033313788000000006,-0.353768844,0.30479798,3.2091456199999997
1880,-0.0033304588000000004,-0.353768844,0.30479798,2.9824119799999997
1881,-0.0033295388,-0.353768844,0.302144714,2.69899493
1882,-0.0033286188000000005,-0.353768844,0.30479798,2.43447235
1883,-0.0033276988000000003,-0.353768844,0.302144714,2.1699497699999997
1884,-0.0033267788,-0.361809045,0.299491448,1.90542719
1885,-0.0033258588000000004,-0.345728643,0.299491448,1.7731659
1886,-0.0033249388000000006,-0.361809045,0.299491448,1.7164824899999997
1887,-0.0033240188000000005,-0.353768844,0.302144714,1.7542714299999997
1888,-0.0033230988000000003,-0.345728643,0.302144714,1.88653272
1889,-0.0033221788000000006,-0.361809045,0.302144714,2.1510553
1890,-0.0033212588000000004,-0.353768844,0.299491448,2.39668341
1891,-0.0033203388,-0.353768844,0.302144714,2.69899493
1892,-0.0033194188000000005,-0.353768844,0.299491448,2.9824119799999997
1893,-0.0033184988000000007,-0.353768844,0.299491448,3.2091456199999997
1894,-0.0033175788,-0.353768844,0.296838182,3.34140691
1895,-0.0033166588000000004,-0.345728643,0.296838182,3.3980903199999997
1896,-0.0033157388000000006,-0.345728643,0.302144714,3.3225124399999997
1897,-0.0033148188000000005,-0.353768844,0.299491448,3.1713566799999997
1898,-0.0033138988000000003,-0.353768844,0.296838182,2.9446230399999997
1899,-0.0033129788000000005,-0.353768844,0.296838182,2.7178894
1900,-0.0033120588000000004,-0.361809045,0.296838182,2.39668341
1901,-0.0033111388,-0.353768844,0.296838182,2.1510553
1902,-0.0033102188000000005,-0.353768844,0.299491448,1.92432166
1903,-0.0033092988000000007,-0.353768844,0.296838182,1.7731659
1904,-0.0033083788,-0.345728643,0.296838182,1.7164824899999997
1905,-0.0033074588000000004,-0.345728643,0.294184916,1.7164824899999997
1906,-0.0033065388000000006,-0.345728643,0.296838182,1.81095484
1907,-0.0033056188000000005,-0.353768844,0.299491448,1.9621106
1908,-0.0033046988000000003,-0.353768844,0.29153165000000003,2.1699497699999997
1909,-0.0033037788000000005,-0.345728643,0.299491448,2.39668341
1910,-0.0033028588000000004,-0.353768844,0.296838182,2.64231152
1911,-0.0033019388,-0.353768844,0.296838182,2.8690451599999998
1912,-0.0033010188000000005,-0.353768844,0.296838182,3.07688433
1913,-0.0033000988000000007,-0.353768844,0.302144714,3.2469345599999997
1914,-0.0032991788,-0.353768844,0.30479798,3.34140691
1915,-0.0032982588000000004,-0.353768844,0.302144714,3.41698479
1916,-0.0032973388000000006,-0.345728643,0.302144714,3.41698479
1917,-0.0032964188000000005,-0.353768844,0.299491448,3.3225124399999997
1918,-0.0032954988000000003,-0.353768844,0.299491448,3.1713566799999997
1919,-0.0032945788000000005,-0.353768844,0.302144714,3.0202009199999997
1920,-0.0032936588000000004,-0.353768844,0.302144714,2.7934672799999998
1921,-0.0032927388,-0.353768844,0.30479798,2.51005023
1922,-0.0032918188000000004,-0.33768844200000003,0.302144714,2.2833165899999996
1923,-0.0032908988000000007,-0.353768844,0.302144714,2.0943718899999997
1924,-0.0032899788,-0.353768844,0.302144714,1.90542719
1925,-0.0032890588000000004,-0.353768844,0.30479798,1.7920603699999997
1926,-0.0032881388000000006,-0.361809045,0.30479798,1.69758802
1927,-0.0032872188000000004,-0.361809045,0.302144714,1.7164824899999997
1928,-0.0032862988000000003,-0.353768844,0.30479798,1.7920603699999997
1929,-0.0032853788000000005,-0.353768844,0.299491448,1.90542719
1930,-0.0032844588000000004,-0.353768844,0.302144714,2.1510553
1931,-0.0032835388,-0.33768844200000003,0.302144714,2.39668341
1932,-0.0032826188000000004,-0.345728643,0.302144714,2.66120599
1933,-0.0032816988000000007,-0.345728643,0.302144714,2.9068340999999998
1934,-0.0032807788,-0.353768844,0.299491448,3.11467327
1935,-0.0032798588000000004,-0.345728643,0.296838182,3.2847235
1936,-0.0032789388000000006,-0.353768844,0.302144714,3.3980903199999997
1937,-0.0032780188000000004,-0.345728643,0.296838182,3.37919585
1938,-0.0032770988000000003,-0.353768844,0.296838182,3.3225124399999997
1939,-0.0032761788000000005,-0.345728643,0.296838182,3.1713566799999997
1940,-0.0032752588000000003,-0.345728643,0.299491448,2.96351751
1941,-0.0032743388,-0.345728643,0.302144714,2.7178894
1942,-0.0032734188000000004,-0.353768844,0.299491448,2.43447235
1943,-0.0032724988000000007,-0.353768844,0.296838182,2.18884424
1944,-0.0032715788,-0.361809045,0.294184916,1.94321613
1945,-0.0032706588000000003,-0.345728643,0.296838182,1.81095484
1946,-0.0032697388000000006,-0.345728643,0.296838182,1.73537696
1947,-0.0032688188000000004,-0.353768844,0.296838182,1.69758802
1948,-0.0032678988000000003,-0.345728643,0.296838182,1.7731659
1949,-0.0032669788000000005,-0.345728643,0.299491448,1.92432166
1950,-0.0032660588000000003,-0.345728643,0.294184916,2.0943718899999997
1951,-0.0032651388,-0.345728643,0.299491448,2.34
1952,-0.0032642188000000004,-0.33768844200000003,0.296838182,2.58562811
1953,-0.0032632988000000007,-0.345728643,0.296838182,2.7934672799999998
1954,-0.0032623788,-0.353768844,0.299491448,3.00130645
1955,-0.0032614588000000003,-0.345728643,0.294184916,3.19025115
1956,-0.0032605388000000006,-0.345728643,0.296838182,3.30361797
1957,-0.0032596188000000004,-0.345728643,0.299491448,3.37919585
1958,-0.0032586988000000002,-0.345728643,0.299491448,3.37919585
1959,-0.0032577788000000005,-0.33768844200000003,0.299491448,3.34140691
1960,-0.0032568588000000003,-0.33768844200000003,0.299491448,3.22804009
1961,-0.0032559388,-0.353768844,0.299491448,3.0579898599999997
1962,-0.0032550188000000004,-0.353768844,0.302144714,2.8312562199999998
1963,-0.0032540988000000007,-0.345728643,0.302144714,2.66120599
1964,-0.0032531788000000005,-0.353768844,0.302144714,2.43447235
1965,-0.0032522588000000003,-0.345728643,0.299491448,2.2455276499999997
1966,-0.0032513388000000006,-0.33768844200000003,0.302144714,2.07547742
1967,-0.0032504188000000004,-0.345728643,0.302144714,1.90542719
1968,-0.0032494988000000002,-0.353768844,0.30479798,1.7920603699999997
1969,-0.0032485788000000005,-0.345728643,0.299491448,1.73537696
1970,-0.0032476588000000003,-0.345728643,0.302144714,1.7164824899999997
1971,-0.0032467388,-0.345728643,0.30479798,1.73537696
1972,-0.0032458188000000004,-0.345728643,0.299491448,1.84874378
1973,-0.0032448988000000007,-0.345728643,0.299491448,1.99989954
1974,-0.0032439788000000005,-0.345728643,0.302144714,2.18884424
1975,-0.0032430588000000003,-0.33768844200000003,0.302144714,2.37778894
1976,-0.0032421388000000006,-0.353768844,0.302144714,2.60452258
1977,-0.0032412188000000004,-0.33768844200000003,0.302144714,2.8312562199999998
1978,-0.0032402988000000002,-0.345728643,0.299491448,3.03909539
1979,-0.0032393788000000005,-0.33768844200000003,0.302144714,3.19025115
1980,-0.0032384588000000003,-0.353768844,0.299491448,3.3225124399999997
1981,-0.0032375388,-0.345728643,0.30479798,3.37919585
1982,-0.0032366188000000004,-0.33768844200000003,0.299491448,3.3980903199999997
1983,-0.0032356988000000007,-0.345728643,0.299491448,3.34140691
1984,-0.0032347788000000005,-0.345728643,0.302144714,3.2091456199999997
1985,-0.0032338588000000003,-0.345728643,0.299491448,3.03909539
1986,-0.0032329388000000006,-0.361809045,0.302144714,2.85015069
1987,-0.0032320188000000004,-0.345728643,0.299491448,2.64231152
1988,-0.0032310988000000002,-0.345728643,0.299491448,2.35889447
1989,-0.0032301788000000005,-0.353768844,0.299491448,2.11326636
1990,-0.0032292588000000003,-0.345728643,0.296838182,1.98100507
1991,-0.0032283388,-0.345728643,0.299491448,1.81095484
1992,-0.0032274188000000004,-0.329648241,0.296838182,1.7542714299999997
1993,-0.0032264988000000007,-0.361809045,0.299491448,1.7164824899999997
1994,-0.0032255788000000005,-0.345728643,0.296838182,1.7542714299999997
1995,-0.0032246588000000003,-0.345728643,0.296838182,1.8298493099999997
1996,-0.0032237388000000006,-0.33768844200000003,0.296838182,1.99989954
1997,-0.0032228188000000004,-0.353768844,0.296838182,2.18884424
1998,-0.0032218988000000002,-0.33768844200000003,0.296838182,2.39668341
1999,-0.0032209788000000005,-0.353768844,0.294184916,2.60452258
2000,-0.0032200588000000003,-0.345728643,0.296838182,2.8312562199999998
2001,-0.0032191388,-0.353768844,0.299491448,3.0202009199999997
2002,-0.0032182188000000004,-0.33768844200000003,0.294184916,3.1713566799999997
2003,-0.0032172988000000007,-0.345728643,0.294184916,3.2847235
2004,-0.0032163788000000005,-0.33768844200000003,0.296838182,3.37919585
2005,-0.0032154588000000003,-0.33768844200000003,0.296838182,3.3980903199999997
2006,-0.0032145388000000006,-0.329648241,0.299491448,3.36030138
2007,-0.0032136188000000004,-0.353768844,0.294184916,3.26582903
2008,-0.0032126988,-0.32160804,0.296838182,3.15246221
2009,-0.0032117788000000005,-0.353768844,0.296838182,2.96351751
2010,-0.0032108588000000003,-0.353768844,0.296838182,2.7934672799999998
2011,-0.0032099388,-0.345728643,0.296838182,2.58562811
2012,-0.0032090188000000004,-0.353768844,0.296838182,2.39668341
2013,-0.0032080988000000006,-0.329648241,0.296838182,2.2077387099999997
2014,-0.0032071788000000005,-0.329648241,0.296838182,2.0187940099999997
2015,-0.0032062588000000003,-0.33768844200000003,0.299491448,1.8676382499999997
2016,-0.0032053388000000006,-0.345728643,0.299491448,1.7542714299999997
2017,-0.0032044188000000004,-0.353768844,0.299491448,1.7164824899999997
2018,-0.0032034988,-0.345728643,0.302144714,1.7164824899999997
2019,-0.0032025788000000005,-0.345728643,0.296838182,1.7542714299999997
2020,-0.0032016588000000007,-0.361809045,0.302144714,1.8298493099999997
2021,-0.0032007388,-0.33768844200000003,0.299491448,2.0187940099999997
2022,-0.0031998188000000004,-0.345728643,0.299491448,2.22663318
2023,-0.0031988988000000006,-0.33768844200000003,0.302144714,2.39668341
2024,-0.0031979788000000005,-0.33768844200000003,0.299491448,2.64231152
2025,-0.0031970588000000003,-0.329648241,0.299491448,2.85015069
2026,-0.0031961388000000006,-0.345728643,0.299491448,3.07688433
2027,-0.0031952188000000004,-0.329648241,0.299491448,3.19025115
2028,-0.0031942988,-0.329648241,0.299491448,3.3225124399999997
2029,-0.0031933788000000005,-0.353768844,0.299491448,3.37919585
2030,-0.0031924588000000007,-0.33768844200000003,0.302144714,3.37919585
2031,-0.0031915388,-0.345728643,0.302144714,3.34140691
2032,-0.0031906188000000004,-0.33768844200000003,0.30479798,3.22804009
2033,-0.0031896988000000006,-0.33768844200000003,0.299491448,3.0579898599999997
2034,-0.0031887788000000005,-0.345728643,0.299491448,2.85015069
2035,-0.0031878588000000003,-0.329648241,0.302144714,2.64231152
2036,-0.0031869388000000005,-0.33768844200000003,0.302144714,2.41557788
2037,-0.0031860188000000004,-0.33768844200000003,0.299491448,2.22663318
2038,-0.0031850988,-0.345728643,0.299491448,2.03768848
2039,-0.0031841788000000005,-0.33768844200000003,0.302144714,1.88653272
2040,-0.0031832588000000007,-0.345728643,0.296838182,1.7920603699999997
2041,-0.0031823388,-0.329648241,0.299491448,1.7164824899999997
2042,-0.0031814188000000004,-0.345728643,0.299491448,1.7164824899999997
2043,-0.0031804988000000006,-0.33768844200000003,0.296838182,1.73537696
2044,-0.0031795788000000005,-0.33768844200000003,0.299491448,1.8298493099999997
2045,-0.0031786588000000003,-0.33768844200000003,0.296838182,1.98100507
2046,-0.0031777388000000005,-0.329648241,0.296838182,2.1510553
2047,-0.0031768188000000004,-0.33768844200000003,0.299491448,2.34
2048,-0.0031758988,-0.345728643,0.296838182,2.5289447
2049,-0.0031749788000000004,-0.345728643,0.296838182,2.73678387
2050,-0.0031740588000000007,-0.33768844200000003,0.299491448,2.92572857
2051,-0.0031731388,-0.345728643,0.294184916,3.0957787999999997
2052,-0.0031722188000000004,-0.329648241,0.296838182,3.22804009
2053,-0.0031712988000000006,-0.33768844200000003,0.296838182,3.2847235
2054,-0.0031703788000000004,-0.329648241,0.299491448,3.37919585
2055,-0.0031694588000000003,-0.329648241,0.29153165000000003,3.37919585
2056,-0.0031685388000000005,-0.345728643,0.296838182,3.37919585
2057,-0.0031676188000000004,-0.32160804,0.296838182,3.30361797
2058,-0.0031666988,-0.33768844200000003,0.296838182,3.19025115
2059,-0.0031657788000000004,-0.329648241,0.294184916,3.0579898599999997
2060,-0.0031648588000000007,-0.329648241,0.296838182,2.9068340999999998
2061,-0.0031639388,-0.329648241,0.296838182,2.69899493
2062,-0.0031630188000000004,-0.329648241,0.294184916,2.49115576
2063,-0.0031620988000000006,-0.329648241,0.294184916,2.30221106
2064,-0.0031611788000000004,-0.32160804,0.296838182,2.1510553
2065,-0.0031602588000000003,-0.33768844200000003,0.296838182,2.0187940099999997
2066,-0.0031593388000000005,-0.33768844200000003,0.296838182,1.84874378
2067,-0.0031584188000000003,-0.33768844200000003,0.296838182,1.7731659
2068,-0.0031574988,-0.33768844200000003,0.296838182,1.7164824899999997
2069,-0.0031565788000000004,-0.33768844200000003,0.296838182,1.69758802
2070,-0.0031556588000000007,-0.345728643,0.296838182,1.73537696
2071,-0.0031547388,-0.345728643,0.296838182,1.84874378
2072,-0.0031538188000000003,-0.33768844200000003,0.302144714,1.98100507
2073,-0.0031528988000000006,-0.32160804,0.296838182,2.1510553
2074,-0.0031519788000000004,-0.329648241,0.299491448,2.35889447
2075,-0.0031510588000000003,-0.329648241,0.299491448,2.56673364
2076,-0.0031501388000000005,-0.33768844200000003,0.296838182,2.8312562199999998
2077,-0.0031492188000000003,-0.33768844200000003,0.299491448,3.00130645
2078,-0.0031482988,-0.329648241,0.296838182,3.19025115
2079,-0.0031473788000000004,-0.329648241,0.302144714,3.30361797
2080,-0.0031464588000000007,-0.345728643,0.299491448,3.3980903199999997
2081,-0.0031455388000000005,-0.33768844200000003,0.296838182,3.3980903199999997
2082,-0.0031446188000000003,-0.33768844200000003,0.302144714,3.36030138
2083,-0.0031436988000000006,-0.33768844200000003,0.296838182,3.2469345599999997
2084,-0.0031427788000000004,-0.32160804,0.302144714,3.07688433
2085,-0.0031418588000000002,-0.33768844200000003,0.299491448,2.88793963
2086,-0.0031409388000000005,-0.345728643,0.302144714,2.68010046
2087,-0.0031400188000000003,-0.313567839,0.299491448,2.47226129
2088,-0.0031390988,-0.33768844200000003,0.299491448,2.26442212
2089,-0.0031381788000000004,-0.329648241,0.299491448,2.07547742
2090,-0.0031372588000000007,-0.345728643,0.299491448,1.94321613
2091,-0.0031363388000000005,-0.33768844200000003,0.299491448,1.81095484
2092,-0.0031354188000000003,-0.329648241,0.299491448,1.73537696
2093,-0.0031344988000000006,-0.33768844200000003,0.302144714,1.69758802
2094,-0.0031335788000000004,-0.329648241,0.299491448,1.69758802
2095,-0.0031326588000000002,-0.33768844200000003,0.296838182,1.7731659
2096,-0.0031317388000000005,-0.345728643,0.302144714,1.8676382499999997
2097,-0.0031308188000000003,-0.33768844200000003,0.299491448,2.0187940099999997
2098,-0.0031298988,-0.329648241,0.296838182,2.1699497699999997
2099,-0.0031289788000000004,-0.313567839,0.299491448,2.3211055299999996
2100,-0.0031280588000000007,-0.329648241,0.299491448,2.51005023
2101,-0.0031271388000000005,-0.33768844200000003,0.299491448,2.68010046
2102,-0.0031262188000000003,-0.353768844,0.299491448,2.85015069
2103,-0.0031252988000000006,-0.329648241,0.296838182,3.00130645
2104,-0.0031243788000000004,-0.33768844200000003,0.296838182,3.1335677399999997
2105,-0.0031234588000000002,-0.329648241,0.299491448,3.2847235
2106,-0.0031225388000000005,-0.33768844200000003,0.296838182,3.34140691
2107,-0.0031216188000000003,-0.329648241,0.296838182,3.3980903199999997
2108,-0.0031206988,-0.329648241,0.299491448,3.37919585
2109,-0.0031197788000000004,-0.32160804,0.296838182,3.34140691
2110,-0.0031188588000000007,-0.329648241,0.302144714,3.2847235
2111,-0.0031179388000000005,-0.329648241,0.294184916,3.1713566799999997
2112,-0.0031170188000000003,-0.329648241,0.296838182,3.0202009199999997
2113,-0.0031160988000000006,-0.33768844200000003,0.296838182,2.88793963
2114,-0.0031151788000000004,-0.33768844200000003,0.296838182,2.69899493
2115,-0.0031142588000000002,-0.345728643,0.296838182,2.49115576
2116,-0.0031133388000000005,-0.329648241,0.296838182,2.30221106
2117,-0.0031124188000000003,-0.329648241,0.296838182,2.11326636
2118,-0.0031114988,-0.33768844200000003,0.294184916,1.98100507
2119,-0.0031105788000000004,-0.329648241,0.296838182,1.8676382499999997
2120,-0.0031096588000000007,-0.329648241,0.296838182,1.7542714299999997
2121,-0.0031087388000000005,-0.313567839,0.294184916,1.69758802
2122,-0.0031078188000000003,-0.329648241,0.296838182,1.7164824899999997
2123,-0.0031068988000000006,-0.33768844200000003,0.294184916,1.73537696
2124,-0.0031059788000000004,-0.33768844200000003,0.296838182,1.81095484
2125,-0.0031050588000000002,-0.329648241,0.294184916,1.94321613
2126,-0.0031041388000000005,-0.329648241,0.296838182,2.0943718899999997
2127,-0.0031032188000000003,-0.329648241,0.296838182,2.26442212
2128,-0.0031022988000000006,-0.32160804,0.294184916,2.43447235
2129,-0.0031013788000000004,-0.329648241,0.296838182,2.62341705
2130,-0.0031004588000000002,-0.329648241,0.294184916,2.77457281
2131,-0.0030995388000000005,-0.345728643,0.296838182,2.96351751
2132,-0.0030986188000000003,-0.345728643,0.299491448,3.07688433
2133,-0.0030976988000000006,-0.329648241,0.299491448,3.2469345599999997
2134,-0.0030967788000000004,-0.33768844200000003,0.296838182,3.34140691
2135,-0.0030958588,-0.329648241,0.299491448,3.37919585
2136,-0.0030949388000000005,-0.329648241,0.296838182,3.37919585
2137,-0.0030940188000000003,-0.32160804,0.296838182,3.36030138
2138,-0.0030930988000000006,-0.329648241,0.299491448,3.2847235
2139,-0.0030921788000000004,-0.33768844200000003,0.296838182,3.2091456199999997
2140,-0.0030912588,-0.32160804,0.296838182,3.0957787999999997
2141,-0.0030903388000000005,-0.329648241,0.296838182,2.92572857
2142,-0.0030894188000000003,-0.329648241,0.299491448,2.75567834
2143,-0.0030884988000000006,-0.33768844200000003,0.299491448,2.62341705
2144,-0.0030875788000000004,-0.329648241,0.296838182,2.47226129
2145,-0.0030866588,-0.329648241,0.296838182,2.30221106
2146,-0.0030857388000000005,-0.33768844200000003,0.302144714,2.11326636
2147,-0.0030848188000000003,-0.33768844200000003,0.302144714,1.9621106
2148,-0.0030838988000000006,-0.329648241,0.302144714,1.8676382499999997
2149,-0.0030829788000000004,-0.329648241,0.302144714,1.7731659
2150,-0.0030820588,-0.329648241,0.299491448,1.69758802
2151,-0.0030811388000000005,-0.32160804,0.299491448,1.6786935499999998
2152,-0.0030802188000000003,-0.329648241,0.302144714,1.6786935499999998
2153,-0.0030792988000000006,-0.33768844200000003,0.302144714,1.73537696
2154,-0.0030783788000000004,-0.329648241,0.302144714,1.8298493099999997
2155,-0.0030774588,-0.329648241,0.299491448,1.94321613
2156,-0.0030765388000000005,-0.329648241,0.302144714,2.07547742
2157,-0.0030756188000000003,-0.33768844200000003,0.294184916,2.2455276499999997
2158,-0.0030746988000000005,-0.329648241,0.299491448,2.41557788
2159,-0.0030737788000000004,-0.329648241,0.299491448,2.58562811
2160,-0.0030728588,-0.32160804,0.302144714,2.7934672799999998
2161,-0.0030719388000000005,-0.33768844200000003,0.296838182,2.96351751
2162,-0.0030710188000000003,-0.32160804,0.296838182,3.1335677399999997
2163,-0.0030700988000000005,-0.33768844200000003,0.302144714,3.22804009
2164,-0.0030691788000000004,-0.329648241,0.299491448,3.3225124399999997
2165,-0.0030682588,-0.329648241,0.296838182,3.37919585
2166,-0.0030673388000000005,-0.32160804,0.299491448,3.37919585
2167,-0.0030664188000000003,-0.32160804,0.299491448,3.34140691
2168,-0.0030654988000000005,-0.281407035,0.296838182,3.26582903
2169,-0.0030645788000000004,-0.329648241,0.299491448,3.15246221
2170,-0.0030636588,-0.32160804,0.296838182,3.03909539
2171,-0.0030627388000000005,-0.329648241,0.296838182,2.8312562199999998
2172,-0.0030618188000000003,-0.329648241,0.296838182,2.64231152
2173,-0.0030608988000000005,-0.32160804,0.296838182,2.45336682
2174,-0.0030599788000000004,-0.329648241,0.294184916,2.26442212
2175,-0.0030590588000000006,-0.32160804,0.296838182,2.0943718899999997
2176,-0.0030581388000000004,-0.329648241,0.302144714,1.98100507
2177,-0.0030572188000000003,-0.32160804,0.299491448,1.8676382499999997
2178,-0.0030562988000000005,-0.32160804,0.296838182,1.7731659
2179,-0.0030553788000000004,-0.32160804,0.299491448,1.7164824899999997
2180,-0.0030544588000000006,-0.329648241,0.299491448,1.69758802
2181,-0.0030535388000000004,-0.329648241,0.299491448,1.7164824899999997
2182,-0.0030526188000000003,-0.329648241,0.29153165000000003,1.7542714299999997
2183,-0.0030516988000000005,-0.345728643,0.296838182,1.7920603699999997
2184,-0.0030507788000000004,-0.361809045,0.29153165000000003,1.92432166
2185,-0.0030498588000000006,-0.32160804,0.294184916,2.03768848
2186,-0.0030489388000000004,-0.32160804,0.294184916,2.1699497699999997
2187,-0.0030480188000000003,-0.329648241,0.294184916,2.30221106
2188,-0.0030470988000000005,-0.32160804,0.296838182,2.47226129
2189,-0.0030461788000000004,-0.32160804,0.294184916,2.62341705
2190,-0.0030452588000000006,-0.32160804,0.296838182,2.73678387
2191,-0.0030443388000000004,-0.329648241,0.294184916,2.88793963
2192,-0.0030434188000000003,-0.32160804,0.296838182,3.0202009199999997
2193,-0.0030424988000000005,-0.329648241,0.29153165000000003,3.1335677399999997
2194,-0.0030415788000000003,-0.329648241,0.296838182,3.2091456199999997
2195,-0.0030406588000000006,-0.32160804,0.29153165000000003,3.2847235
2196,-0.0030397388000000004,-0.32160804,0.296838182,3.36030138
2197,-0.0030388188000000003,-0.32160804,0.296838182,3.37919585
2198,-0.0030378988000000005,-0.329648241,0.299491448,3.37919585
2199,-0.0030369788000000003,-0.329648241,0.299491448,3.36030138
2200,-0.0030360588000000006,-0.353768844,0.294184916,3.30361797
2201,-0.0030351388000000004,-0.32160804,0.296838182,3.22804009
2202,-0.0030342188000000003,-0.313567839,0.296838182,3.1713566799999997
2203,-0.0030332988000000005,-0.329648241,0.299491448,3.0579898599999997
2204,-0.0030323788000000003,-0.329648241,0.296838182,2.92572857
2205,-0.0030314588000000006,-0.329648241,0.296838182,2.77457281
2206,-0.0030305388000000004,-0.329648241,0.294184916,2.62341705
2207,-0.0030296188000000003,-0.313567839,0.296838182,2.47226129
2208,-0.0030286988000000005,-0.313567839,0.294184916,2.30221106
2209,-0.0030277788000000003,-0.313567839,0.296838182,2.1510553
2210,-0.0030268588000000006,-0.313567839,0.296838182,1.99989954
2211,-0.0030259388000000004,-0.329648241,0.294184916,1.88653272
2212,-0.0030250188000000003,-0.329648241,0.299491448,1.81095484
2213,-0.0030240988000000005,-0.32160804,0.294184916,1.7164824899999997
2214,-0.0030231788000000003,-0.329648241,0.299491448,1.69758802
2215,-0.0030222588000000006,-0.32160804,0.299491448,1.69758802
2216,-0.0030213388000000004,-0.297487437,0.296838182,1.7542714299999997
2217,-0.0030204188000000002,-0.32160804,0.299491448,1.7920603699999997
2218,-0.0030194988000000005,-0.313567839,0.299491448,1.90542719
2219,-0.0030185788000000003,-0.32160804,0.296838182,2.0187940099999997
2220,-0.0030176588000000006,-0.313567839,0.296838182,2.1510553
2221,-0.0030167388000000004,-0.32160804,0.299491448,2.34
2222,-0.0030158188000000002,-0.329648241,0.302144714,2.51005023
2223,-0.0030148988000000005,-0.32160804,0.296838182,2.68010046
2224,-0.0030139788000000003,-0.32160804,0.296838182,2.85015069
2225,-0.0030130588000000006,-0.32160804,0.296838182,2.96351751
2226,-0.0030121388000000004,-0.313567839,0.294184916,3.11467327
2227,-0.0030112188000000002,-0.313567839,0.299491448,3.2091456199999997
2228,-0.0030102988000000005,-0.32160804,0.296838182,3.30361797
2229,-0.0030093788000000003,-0.313567839,0.296838182,3.36030138
2230,-0.0030084588000000006,-0.313567839,0.296838182,3.37919585
2231,-0.0030075388000000004,-0.32160804,0.299491448,3.37919585
2232,-0.0030066188000000002,-0.345728643,0.299491448,3.36030138
2233,-0.0030056988000000005,-0.305527638,0.299491448,3.26582903
2234,-0.0030047788000000003,-0.329648241,0.296838182,3.1713566799999997
2235,-0.0030038588000000006,-0.329648241,0.296838182,3.07688433
2236,-0.0030029388000000004,-0.305527638,0.296838182,2.92572857
2237,-0.0030020188000000002,-0.32160804,0.299491448,2.77457281
2238,-0.0030010988000000005,-0.305527638,0.296838182,2.62341705
2239,-0.0030001788000000003,-0.305527638,0.294184916,2.47226129
2240,-0.0029992588000000006,-0.329648241,0.299491448,2.3211055299999996
2241,-0.0029983388000000004,-0.313567839,0.296838182,2.1699497699999997
2242,-0.0029974188000000002,-0.32160804,0.296838182,2.0565829499999997
2243,-0.0029964988000000005,-0.313567839,0.299491448,1.94321613
2244,-0.0029955788000000003,-0.313567839,0.296838182,1.84874378
2245,-0.0029946588000000006,-0.32160804,0.294184916,1.7731659
2246,-0.0029937388000000004,-0.313567839,0.296838182,1.7164824899999997
2247,-0.0029928188000000002,-0.329648241,0.296838182,1.69758802
2248,-0.0029918988000000005,-0.329648241,0.294184916,1.6786935499999998
2249,-0.0029909788000000003,-0.32160804,0.294184916,1.73537696
2250,-0.0029900588000000006,-0.313567839,0.296838182,1.7920603699999997
2251,-0.0029891388000000004,-0.313567839,0.296838182,1.88653272
2252,-0.0029882188000000002,-0.329648241,0.294184916,1.98100507
2253,-0.0029872988000000005,-0.329648241,0.296838182,2.0943718899999997
2254,-0.0029863788000000003,-0.32160804,0.294184916,2.2455276499999997
2255,-0.0029854588000000006,-0.32160804,0.294184916,2.43447235
2256,-0.0029845388000000004,-0.313567839,0.296838182,2.58562811
2257,-0.0029836188000000002,-0.305527638,0.296838182,2.7178894
2258,-0.0029826988000000005,-0.32160804,0.296838182,2.9068340999999998
2259,-0.0029817788000000003,-0.305527638,0.296838182,3.07688433
2260,-0.0029808588000000006,-0.32160804,0.296838182,3.1713566799999997
2261,-0.0029799388000000004,-0.313567839,0.294184916,3.26582903
2262,-0.0029790188,-0.313567839,0.294184916,3.3225124399999997
2263,-0.0029780988000000005,-0.329648241,0.299491448,3.36030138
2264,-0.0029771788000000003,-0.32160804,0.294184916,3.37919585
2265,-0.0029762588000000006,-0.313567839,0.296838182,3.30361797
2266,-0.0029753388000000004,-0.305527638,0.296838182,3.2469345599999997
2267,-0.0029744188,-0.313567839,0.294184916,3.1335677399999997
2268,-0.0029734988000000005,-0.32160804,0.296838182,3.0202009199999997
2269,-0.0029725788000000003,-0.313567839,0.296838182,2.85015069
2270,-0.0029716588000000006,-0.313567839,0.29153165000000003,2.69899493
2271,-0.0029707388000000004,-0.32160804,0.299491448,2.47226129
2272,-0.0029698188,-0.32160804,0.294184916,2.3211055299999996
2273,-0.0029688988000000005,-0.32160804,0.296838182,2.1321608299999997
2274,-0.0029679788000000003,-0.329648241,0.294184916,1.98100507
2275,-0.0029670588000000006,-0.313567839,0.296838182,1.88653272
2276,-0.0029661388000000004,-0.313567839,0.296838182,1.7920603699999997
2277,-0.0029652188,-0.305527638,0.294184916,1.7164824899999997
2278,-0.0029642988000000005,-0.305527638,0.296838182,1.69758802
2279,-0.0029633788000000003,-0.32160804,0.296838182,1.69758802
2280,-0.0029624588000000006,-0.329648241,0.299491448,1.7164824899999997
2281,-0.0029615388000000004,-0.313567839,0.294184916,1.7542714299999997
2282,-0.0029606188,-0.32160804,0.294184916,1.84874378
2283,-0.0029596988000000005,-0.313567839,0.294184916,1.94321613
2284,-0.0029587788000000003,-0.32160804,0.296838182,2.0943718899999997
2285,-0.0029578588000000005,-0.305527638,0.296838182,2.22663318
2286,-0.0029569388000000004,-0.313567839,0.294184916,2.35889447
2287,-0.0029560188,-0.305527638,0.296838182,2.49115576
2288,-0.0029550988000000005,-0.32160804,0.299491448,2.64231152
2289,-0.0029541788000000003,-0.313567839,0.296838182,2.77457281
2290,-0.0029532588000000005,-0.32160804,0.299491448,2.88793963
2291,-0.0029523388000000004,-0.313567839,0.299491448,3.0202009199999997
2292,-0.0029514188,-0.32160804,0.299491448,3.1335677399999997
2293,-0.0029504988000000005,-0.313567839,0.296838182,3.22804009
2294,-0.0029495788000000003,-0.32160804,0.296838182,3.3225124399999997
2295,-0.0029486588000000005,-0.32160804,0.296838182,3.36030138
2296,-0.0029477388000000004,-0.32160804,0.296838182,3.36030138
2297,-0.0029468188000000006,-0.297487437,0.296838182,3.37919585
2298,-0.0029458988000000005,-0.305527638,0.296838182,3.34140691
2299,-0.0029449788000000003,-0.313567839,0.299491448,3.30361797
2300,-0.0029440588000000005,-0.305527638,0.296838182,3.2469345599999997
2301,-0.0029431388000000004,-0.313567839,0.296838182,3.1335677399999997
2302,-0.0029422188000000006,-0.305527638,0.296838182,3.03909539
2303,-0.0029412988000000004,-0.32160804,0.296838182,2.88793963
2304,-0.0029403788000000003,-0.305527638,0.296838182,2.77457281
2305,-0.0029394588000000005,-0.305527638,0.296838182,2.58562811
2306,-0.0029385388000000004,-0.313567839,0.296838182,2.41557788
2307,-0.0029376188000000006,-0.313567839,0.294184916,2.2833165899999996
2308,-0.0029366988000000004,-0.313567839,0.296838182,2.1321608299999997
2309,-0.0029357788000000003,-0.32160804,0.296838182,1.98100507
2310,-0.0029348588000000005,-0.32160804,0.296838182,1.81095484
2311,-0.0029339388000000004,-0.313567839,0.296838182,1.7542714299999997
2312,-0.0029330188000000006,-0.313567839,0.296838182,1.69758802
2313,-0.0029320988000000004,-0.329648241,0.296838182,1.69758802
2314,-0.0029311788000000003,-0.313567839,0.296838182,1.7164824899999997
2315,-0.0029302588000000005,-0.32160804,0.299491448,1.7542714299999997
2316,-0.0029293388000000004,-0.305527638,0.299491448,1.84874378
2317,-0.0029284188000000006,-0.313567839,0.296838182,1.98100507
2318,-0.0029274988000000004,-0.305527638,0.294184916,2.1510553
2319,-0.0029265788000000003,-0.32160804,0.296838182,2.3211055299999996
2320,-0.0029256588000000005,-0.313567839,0.294184916,2.49115576
2321,-0.0029247388000000004,-0.32160804,0.296838182,2.68010046
2322,-0.0029238188000000006,-0.313567839,0.296838182,2.85015069
2323,-0.0029228988000000004,-0.32160804,0.294184916,3.00130645
2324,-0.0029219788000000003,-0.32160804,0.296838182,3.1335677399999997
2325,-0.0029210588000000005,-0.305527638,0.296838182,3.2469345599999997
2326,-0.0029201388000000003,-0.305527638,0.294184916,3.3225124399999997
2327,-0.0029192188000000006,-0.297487437,0.294184916,3.37919585
2328,-0.0029182988000000004,-0.305527638,0.296838182,3.37919585
2329,-0.0029173788000000003,-0.353768844,0.294184916,3.36030138
2330,-0.0029164588000000005,-0.313567839,0.296838182,3.30361797
2331,-0.0029155388000000003,-0.305527638,0.294184916,3.19025115
2332,-0.0029146188000000006,-0.313567839,0.294184916,3.0957787999999997
2333,-0.0029136988000000004,-0.305527638,0.296838182,2.92572857
2334,-0.0029127788000000003,-0.305527638,0.296838182,2.77457281
2335,-0.0029118588000000005,-0.305527638,0.294184916,2.62341705
2336,-0.0029109388000000003,-0.305527638,0.296838182,2.43447235
2337,-0.0029100188000000006,-0.313567839,0.296838182,2.30221106
2338,-0.0029090988000000004,-0.32160804,0.296838182,2.1699497699999997
2339,-0.0029081788000000003,-0.313567839,0.294184916,2.0187940099999997
2340,-0.0029072588000000005,-0.313567839,0.294184916,1.92432166
2341,-0.0029063388000000003,-0.313567839,0.296838182,1.81095484
2342,-0.0029054188000000006,-0.305527638,0.294184916,1.7542714299999997
2343,-0.0029044988000000004,-0.313567839,0.296838182,1.69758802
2344,-0.0029035788000000002,-0.305527638,0.296838182,1.6786935499999998
2345,-0.0029026588000000005,-0.313567839,0.296838182,1.7164824899999997
2346,-0.0029017388000000003,-0.289447236,0.294184916,1.7542714299999997
2347,-0.0029008188000000006,-0.305527638,0.299491448,1.8298493099999997
2348,-0.0028998988000000004,-0.313567839,0.294184916,1.90542719
2349,-0.0028989788000000002,-0.313567839,0.296838182,2.03768848
2350,-0.0028980588000000005,-0.305527638,0.294184916,2.18884424
2351,-0.0028971388000000003,-0.305527638,0.296838182,2.35889447
2352,-0.0028962188000000006,-0.313567839,0.294184916,2.5289447
2353,-0.0028952988000000004,-0.305527638,0.296838182,2.68010046
2354,-0.0028943788000000002,-0.305527638,0.296838182,2.81236175
2355,-0.0028934588000000005,-0.313567839,0.294184916,2.96351751
2356,-0.0028925388000000003,-0.297487437,0.296838182,3.0957787999999997
2357,-0.0028916188000000006,-0.297487437,0.296838182,3.2091456199999997
2358,-0.0028906988000000004,-0.305527638,0.296838182,3.3225124399999997
2359,-0.0028897788000000002,-0.313567839,0.294184916,3.36030138
2360,-0.0028888588000000005,-0.305527638,0.294184916,3.37919585
2361,-0.0028879388000000003,-0.297487437,0.294184916,3.34140691
2362,-0.0028870188000000006,-0.305527638,0.294184916,3.2847235
2363,-0.0028860988000000004,-0.313567839,0.296838182,3.22804009
2364,-0.0028851788000000002,-0.305527638,0.296838182,3.11467327
2365,-0.0028842588000000005,-0.313567839,0.296838182,2.96351751
2366,-0.0028833388000000003,-0.297487437,0.294184916,2.8312562199999998
2367,-0.0028824188000000006,-0.305527638,0.294184916,2.68010046
2368,-0.0028814988000000004,-0.305527638,0.296838182,2.5289447
2369,-0.0028805788000000002,-0.297487437,0.299491448,2.35889447
2370,-0.0028796588000000005,-0.305527638,0.296838182,2.18884424
2371,-0.0028787388000000003,-0.305527638,0.296838182,2.07547742
2372,-0.0028778188000000006,-0.305527638,0.294184916,1.94321613
2373,-0.0028768988000000004,-0.297487437,0.296838182,1.8298493099999997
2374,-0.0028759788000000002,-0.297487437,0.296838182,1.7542714299999997
2375,-0.0028750588000000005,-0.305527638,0.299491448,1.69758802
2376,-0.0028741388000000003,-0.305527638,0.296838182,1.69758802
2377,-0.0028732188000000006,-0.313567839,0.299491448,1.7164824899999997
2378,-0.0028722988000000004,-0.289447236,0.299491448,1.73537696
2379,-0.0028713788000000002,-0.305527638,0.296838182,1.8298493099999997
2380,-0.0028704588000000005,-0.305527638,0.294184916,1.90542719
2381,-0.0028695388000000003,-0.297487437,0.294184916,2.03768848
2382,-0.0028686188000000006,-0.305527638,0.294184916,2.18884424
2383,-0.0028676988000000004,-0.297487437,0.294184916,2.34
2384,-0.0028667788000000002,-0.305527638,0.296838182,2.51005023
2385,-0.0028658588000000005,-0.297487437,0.299491448,2.62341705
2386,-0.0028649388000000003,-0.313567839,0.299491448,2.81236175
2387,-0.0028640188000000006,-0.313567839,0.299491448,2.9446230399999997
2388,-0.0028630988000000004,-0.305527638,0.296838182,3.0579898599999997
2389,-0.0028621788000000002,-0.305527638,0.296838182,3.15246221
2390,-0.0028612588000000005,-0.305527638,0.299491448,3.2469345599999997
2391,-0.0028603388000000003,-0.305527638,0.299491448,3.30361797
2392,-0.0028594188000000006,-0.305527638,0.294184916,3.34140691
2393,-0.0028584988000000004,-0.297487437,0.296838182,3.3980903199999997
2394,-0.0028575788,-0.313567839,0.296838182,3.36030138
2395,-0.0028566588000000005,-0.297487437,0.299491448,3.30361797
2396,-0.0028557388000000003,-0.313567839,0.296838182,3.2469345599999997
2397,-0.0028548188000000006,-0.305527638,0.296838182,3.11467327
2398,-0.0028538988000000004,-0.305527638,0.296838182,2.96351751
2399,-0.0028529788,-0.305527638,0.296838182,2.8312562199999998
2400,-0.0028520588000000005,-0.305527638,0.294184916,2.64231152
2401,-0.0028511388000000003,-0.305527638,0.299491448,2.51005023
2402,-0.0028502188000000006,-0.313567839,0.294184916,2.35889447
2403,-0.0028492988000000004,-0.297487437,0.294184916,2.2077387099999997
2404,-0.0028483788,-0.305527638,0.296838182,2.0565829499999997
2405,-0.0028474588000000005,-0.305527638,0.296838182,1.88653272
2406,-0.0028465388000000003,-0.297487437,0.299491448,1.7920603699999997
2407,-0.0028456188000000006,-0.305527638,0.299491448,1.7542714299999997
2408,-0.0028446988000000004,-0.305527638,0.299491448,1.6786935499999998
2409,-0.0028437788,-0.297487437,0.294184916,1.69758802
2410,-0.0028428588000000005,-0.329648241,0.296838182,1.7542714299999997
2411,-0.0028419388000000003,-0.289447236,0.296838182,1.81095484
2412,-0.0028410188000000005,-0.297487437,0.294184916,1.90542719
2413,-0.0028400988000000004,-0.305527638,0.294184916,2.03768848
2414,-0.0028391788,-0.297487437,0.29153165000000003,2.18884424
2415,-0.0028382588000000005,-0.305527638,0.296838182,2.35889447
2416,-0.0028373388000000003,-0.281407035,0.296838182,2.5289447
2417,-0.0028364188000000005,-0.297487437,0.296838182,2.68010046
2418,-0.0028354988000000004,-0.297487437,0.296838182,2.8312562199999998
2419,-0.0028345788,-0.289447236,0.294184916,2.96351751
2420,-0.0028336588000000005,-0.297487437,0.294184916,3.1335677399999997
2421,-0.0028327388000000003,-0.305527638,0.296838182,3.22804009
2422,-0.0028318188000000005,-0.305527638,0.294184916,3.3225124399999997
2423,-0.0028308988000000004,-0.289447236,0.294184916,3.36030138
2424,-0.0028299788000000006,-0.297487437,0.296838182,3.3980903199999997
2425,-0.0028290588000000005,-0.297487437,0.296838182,3.3980903199999997
2426,-0.0028281388000000003,-0.33768844200000003,0.296838182,3.34140691
2427,-0.0028272188000000005,-0.297487437,0.294184916,3.26582903
2428,-0.0028262988000000004,-0.305527638,0.294184916,3.15246221
2429,-0.0028253788000000006,-0.297487437,0.296838182,3.03909539
2430,-0.0028244588000000004,-0.297487437,0.296838182,2.85015069
2431,-0.0028235388000000003,-0.297487437,0.296838182,2.69899493
2432,-0.0028226188000000005,-0.289447236,0.296838182,2.54783917
2433,-0.0028216988000000004,-0.305527638,0.294184916,2.35889447
2434,-0.0028207788000000006,-0.305527638,0.29153165000000003,2.2455276499999997
2435,-0.0028198588000000004,-0.313567839,0.294184916,2.03768848
2436,-0.0028189388000000003,-0.313567839,0.29153165000000003,1.92432166
2437,-0.0028180188000000005,-0.297487437,0.294184916,1.81095484
2438,-0.0028170988000000004,-0.305527638,0.294184916,1.73537696
2439,-0.0028161788000000006,-0.313567839,0.296838182,1.69758802
2440,-0.0028152588000000004,-0.297487437,0.296838182,1.69758802
2441,-0.0028143388000000003,-0.297487437,0.299491448,1.7164824899999997
2442,-0.0028134188000000005,-0.305527638,0.302144714,1.7920603699999997
2443,-0.0028124988000000004,-0.305527638,0.296838182,1.8676382499999997
2444,-0.0028115788000000006,-0.297487437,0.294184916,1.99989954
2445,-0.0028106588000000004,-0.297487437,0.296838182,2.1510553
2446,-0.0028097388000000003,-0.305527638,0.296838182,2.30221106
2447,-0.0028088188000000005,-0.305527638,0.296838182,2.49115576
2448,-0.0028078988000000004,-0.297487437,0.296838182,2.64231152
2449,-0.0028069788000000006,-0.289447236,0.294184916,2.85015069
2450,-0.0028060588000000004,-0.289447236,0.294184916,3.0202009199999997
2451,-0.0028051388000000003,-0.297487437,0.296838182,3.11467327
2452,-0.0028042188000000005,-0.297487437,0.299491448,3.22804009
2453,-0.0028032988000000003,-0.297487437,0.299491448,3.30361797
2454,-0.0028023788000000006,-0.297487437,0.296838182,3.34140691
2455,-0.0028014588000000004,-0.297487437,0.296838182,3.34140691
2456,-0.0028005388000000003,-0.289447236,0.296838182,3.34140691
2457,-0.0027996188000000005,-0.297487437,0.296838182,3.30361797
2458,-0.0027986988000000003,-0.289447236,0.299491448,3.2091456199999997
2459,-0.0027977788000000006,-0.281407035,0.294184916,3.1335677399999997
2460,-0.0027968588000000004,-0.297487437,0.299491448,3.00130645
2461,-0.0027959388000000003,-0.305527638,0.296838182,2.81236175
2462,-0.0027950188000000005,-0.305527638,0.299491448,2.66120599
2463,-0.0027940988000000003,-0.305527638,0.299491448,2.47226129
2464,-0.0027931788000000006,-0.297487437,0.294184916,2.34
2465,-0.0027922588000000004,-0.289447236,0.296838182,2.1699497699999997
2466,-0.0027913388000000003,-0.289447236,0.296838182,2.03768848
2467,-0.0027904188000000005,-0.297487437,0.296838182,1.90542719
2468,-0.0027894988000000003,-0.297487437,0.296838182,1.81095484
2469,-0.0027885788000000006,-0.305527638,0.296838182,1.73537696
2470,-0.0027876588000000004,-0.297487437,0.299491448,1.69758802
2471,-0.0027867388000000002,-0.297487437,0.294184916,1.69758802
2472,-0.0027858188000000005,-0.297487437,0.294184916,1.69758802
2473,-0.0027848988000000003,-0.305527638,0.299491448,1.7731659
2474,-0.0027839788000000006,-0.297487437,0.296838182,1.84874378
2475,-0.0027830588000000004,-0.32160804,0.294184916,1.9621106
2476,-0.0027821388000000002,-0.289447236,0.296838182,2.11326636
2477,-0.0027812188000000005,-0.289447236,0.296838182,2.26442212
2478,-0.0027802988000000003,-0.297487437,0.294184916,2.41557788
2479,-0.0027793788000000006,-0.297487437,0.294184916,2.58562811
2480,-0.0027784588000000004,-0.297487437,0.296838182,2.77457281
2481,-0.0027775388000000002,-0.305527638,0.296838182,2.92572857
2482,-0.0027766188000000005,-0.305527638,0.29153165000000003,3.0957787999999997
2483,-0.0027756988000000003,-0.297487437,0.296838182,3.22804009
2484,-0.0027747788000000006,-0.305527638,0.296838182,3.3225124399999997
2485,-0.0027738588000000004,-0.281407035,0.294184916,3.36030138
2486,-0.0027729388000000002,-0.289447236,0.294184916,3.37919585
2487,-0.0027720188000000005,-0.281407035,0.294184916,3.34140691
2488,-0.0027710988000000003,-0.289447236,0.29153165000000003,3.22804009
2489,-0.0027701788000000006,-0.281407035,0.29153165000000003,3.15246221
2490,-0.0027692588000000004,-0.289447236,0.296838182,3.0202009199999997
2491,-0.0027683388000000002,-0.273366834,0.29153165000000003,2.81236175
2492,-0.0027674188000000005,-0.289447236,0.294184916,2.60452258
2493,-0.0027664988000000003,-0.289447236,0.294184916,2.43447235
2494,-0.0027655788000000006,-0.289447236,0.294184916,2.2455276499999997
2495,-0.0027646588000000004,-0.281407035,0.296838182,2.07547742
2496,-0.0027637388000000002,-0.281407035,0.29153165000000003,1.90542719
2497,-0.0027628188000000005,-0.281407035,0.294184916,1.7542714299999997
2498,-0.0027618988000000003,-0.297487437,0.294184916,1.69758802
2499,-0.0027609788000000006,-0.297487437,0.29153165000000003,1.69758802
2500,-0.0027600588000000004,-0.289447236,0.294184916,1.7164824899999997
2501,-0.0027591388000000002,-0.297487437,0.294184916,1.81095484
2502,-0.0027582188000000005,-0.289447236,0.294184916,1.92432166
2503,-0.0027572988000000003,-0.281407035,0.294184916,2.07547742
2504,-0.0027563788000000006,-0.281407035,0.294184916,2.2455276499999997
2505,-0.0027554588000000004,-0.297487437,0.296838182,2.43447235
2506,-0.0027545388000000002,-0.305527638,0.294184916,2.60452258
2507,-0.0027536188000000005,-0.297487437,0.294184916,2.81236175
2508,-0.0027526988000000003,-0.289447236,0.29153165000000003,2.96351751
2509,-0.0027517788000000006,-0.281407035,0.294184916,3.15246221
2510,-0.0027508588000000004,-0.297487437,0.294184916,3.26582903
2511,-0.0027499388000000002,-0.281407035,0.296838182,3.34140691
2512,-0.0027490188000000005,-0.297487437,0.294184916,3.36030138
2513,-0.0027480988000000003,-0.289447236,0.294184916,3.37919585
2514,-0.0027471788000000006,-0.281407035,0.302144714,3.3225124399999997
2515,-0.0027462588000000004,-0.289447236,0.299491448,3.2091456199999997
2516,-0.0027453388000000002,-0.289447236,0.294184916,3.07688433
2517,-0.0027444188000000005,-0.289447236,0.294184916,2.88793963
2518,-0.0027434988000000003,-0.289447236,0.299491448,2.75567834
2519,-0.0027425788000000006,-0.289447236,0.29153165000000003,2.56673364
2520,-0.0027416588000000004,-0.297487437,0.294184916,2.35889447
2521,-0.0027407388,-0.273366834,0.296838182,2.1699497699999997
2522,-0.0027398188000000005,-0.289447236,0.294184916,2.0187940099999997
2523,-0.0027388988000000003,-0.289447236,0.299491448,1.8676382499999997
2524,-0.0027379788000000006,-0.281407035,0.296838182,1.81095484
2525,-0.0027370588000000004,-0.281407035,0.299491448,1.69758802
2526,-0.0027361388,-0.297487437,0.299491448,1.69758802
2527,-0.0027352188000000005,-0.297487437,0.296838182,1.69758802
2528,-0.0027342988000000003,-0.297487437,0.296838182,1.7731659
2529,-0.0027333788000000006,-0.281407035,0.296838182,1.90542719
2530,-0.0027324588000000004,-0.281407035,0.294184916,2.03768848
2531,-0.0027315388,-0.289447236,0.296838182,2.18884424
2532,-0.0027306188000000005,-0.281407035,0.296838182,2.37778894
2533,-0.0027296988000000003,-0.281407035,0.294184916,2.60452258
2534,-0.0027287788000000006,-0.281407035,0.296838182,2.81236175
2535,-0.0027278588000000004,-0.289447236,0.294184916,2.92572857
2536,-0.0027269388,-0.289447236,0.294184916,3.1335677399999997
2537,-0.0027260188000000005,-0.289447236,0.294184916,3.26582903
2538,-0.0027250988000000003,-0.297487437,0.296838182,3.34140691
2539,-0.0027241788000000005,-0.289447236,0.296838182,3.36030138
2540,-0.0027232588000000004,-0.32160804,0.294184916,3.34140691
2541,-0.0027223388,-0.281407035,0.294184916,3.30361797
2542,-0.0027214188000000005,-0.289447236,0.29153165000000003,3.1713566799999997
2543,-0.0027204988000000003,-0.289447236,0.296838182,3.03909539
2544,-0.0027195788000000005,-0.289447236,0.294184916,2.88793963
2545,-0.0027186588000000004,-0.289447236,0.294184916,2.66120599
2546,-0.0027177388000000006,-0.297487437,0.296838182,2.45336682
2547,-0.0027168188000000005,-0.289447236,0.296838182,2.22663318
2548,-0.0027158988000000003,-0.289447236,0.294184916,2.0187940099999997
2549,-0.0027149788000000005,-0.297487437,0.294184916,1.8676382499999997
2550,-0.0027140588000000004,-0.289447236,0.29153165000000003,1.7542714299999997
2551,-0.0027131388000000006,-0.289447236,0.294184916,1.69758802
2552,-0.0027122188000000005,-0.281407035,0.294184916,1.65979908
2553,-0.0027112988000000003,-0.289447236,0.29153165000000003,1.69758802
2554,-0.0027103788000000005,-0.289447236,0.294184916,1.81095484
2555,-0.0027094588000000004,-0.281407035,0.29153165000000003,1.94321613
2556,-0.0027085388000000006,-0.297487437,0.29153165000000003,2.11326636
2557,-0.0027076188000000005,-0.297487437,0.294184916,2.30221106
2558,-0.0027066988000000003,-0.289447236,0.288878384,2.54783917
2559,-0.0027057788000000005,-0.289447236,0.294184916,2.75567834
2560,-0.0027048588000000004,-0.289447236,0.294184916,2.96351751
2561,-0.0027039388000000006,-0.289447236,0.29153165000000003,3.11467327
2562,-0.0027030188000000004,-0.289447236,0.296838182,3.26582903
2563,-0.0027020988000000003,-0.289447236,0.288878384,3.30361797
2564,-0.0027011788000000005,-0.281407035,0.29153165000000003,3.36030138
2565,-0.0027002588000000004,-0.281407035,0.294184916,3.34140691
2566,-0.0026993388000000006,-0.289447236,0.29153165000000003,3.26582903
2567,-0.0026984188000000004,-0.281407035,0.294184916,3.1335677399999997
2568,-0.0026974988000000003,-0.281407035,0.294184916,3.00130645
2569,-0.0026965788000000005,-0.281407035,0.296838182,2.7934672799999998
2570,-0.0026956588000000004,-0.289447236,0.296838182,2.58562811
2571,-0.0026947388000000006,-0.297487437,0.294184916,2.35889447
2572,-0.0026938188000000004,-0.289447236,0.296838182,2.18884424
2573,-0.0026928988000000003,-0.281407035,0.294184916,1.99989954
2574,-0.0026919788000000005,-0.281407035,0.294184916,1.8298493099999997
2575,-0.0026910588000000004,-0.281407035,0.296838182,1.7542714299999997
2576,-0.0026901388000000006,-0.289447236,0.296838182,1.69758802
2577,-0.0026892188000000004,-0.273366834,0.296838182,1.6786935499999998
2578,-0.0026882988000000003,-0.281407035,0.294184916,1.7164824899999997
2579,-0.0026873788000000005,-0.289447236,0.294184916,1.8298493099999997
2580,-0.0026864588000000003,-0.289447236,0.296838182,1.98100507
2581,-0.0026855388000000006,-0.273366834,0.294184916,2.1699497699999997
2582,-0.0026846188000000004,-0.289447236,0.296838182,2.41557788
2583,-0.0026836988000000003,-0.281407035,0.294184916,2.62341705
2584,-0.0026827788000000005,-0.281407035,0.299491448,2.85015069
2585,-0.0026818588000000003,-0.289447236,0.296838182,3.03909539
2586,-0.0026809388000000006,-0.281407035,0.299491448,3.2091456199999997
2587,-0.0026800188000000004,-0.281407035,0.296838182,3.30361797
2588,-0.0026790988000000003,-0.281407035,0.294184916,3.36030138
2589,-0.0026781788000000005,-0.257286432,0.294184916,3.36030138
2590,-0.0026772588000000003,-0.281407035,0.294184916,3.2847235
2591,-0.0026763388000000006,-0.289447236,0.296838182,3.15246221
2592,-0.0026754188000000004,-0.289447236,0.29153165000000003,2.9824119799999997
2593,-0.0026744988000000003,-0.281407035,0.296838182,2.77457281
2594,-0.0026735788000000005,-0.289447236,0.29153165000000003,2.5289447
2595,-0.0026726588000000003,-0.281407035,0.294184916,2.34
2596,-0.0026717388000000006,-0.289447236,0.294184916,2.1321608299999997
2597,-0.0026708188000000004,-0.289447236,0.296838182,1.92432166
2598,-0.0026698988000000002,-0.289447236,0.294184916,1.7920603699999997
2599,-0.0026689788000000005,-0.289447236,0.296838182,1.7164824899999997
2600,-0.0026680588000000003,-0.281407035,0.294184916,1.65979908
2601,-0.0026671388000000006,-0.289447236,0.29153165000000003,1.7164824899999997
2602,-0.0026662188000000004,-0.281407035,0.294184916,1.7731659
2603,-0.0026652988000000002,-0.281407035,0.29153165000000003,1.88653272
2604,-0.0026643788000000005,-0.26532663300000003,0.294184916,2.0565829499999997
2605,-0.0026634588000000003,-0.257286432,0.294184916,2.2455276499999997
2606,-0.0026625388000000006,-0.289447236,0.296838182,2.41557788
2607,-0.0026616188000000004,-0.281407035,0.294184916,2.64231152
2608,-0.0026606988000000002,-0.281407035,0.294184916,2.8312562199999998
2609,-0.0026597788000000005,-0.289447236,0.294184916,3.0202009199999997
2610,-0.0026588588000000003,-0.281407035,0.29153165000000003,3.19025115
2611,-0.0026579388000000006,-0.281407035,0.294184916,3.30361797
2612,-0.0026570188000000004,-0.281407035,0.29153165000000003,3.34140691
2613,-0.0026560988000000002,-0.273366834,0.294184916,3.36030138
2614,-0.0026551788000000005,-0.289447236,0.29153165000000003,3.34140691
2615,-0.0026542588000000003,-0.289447236,0.294184916,3.2469345599999997
2616,-0.0026533388000000006,-0.273366834,0.294184916,3.0957787999999997
2617,-0.0026524188000000004,-0.281407035,0.294184916,2.88793963
2618,-0.0026514988000000002,-0.281407035,0.29153165000000003,2.7178894
2619,-0.0026505788000000005,-0.281407035,0.294184916,2.5289447
2620,-0.0026496588000000003,-0.281407035,0.296838182,2.30221106
2621,-0.0026487388000000006,-0.273366834,0.294184916,2.07547742
2622,-0.0026478188000000004,-0.273366834,0.294184916,1.92432166
2623,-0.0026468988000000002,-0.289447236,0.294184916,1.7731659
2624,-0.0026459788000000005,-0.281407035,0.296838182,1.69758802
2625,-0.0026450588000000003,-0.281407035,0.294184916,1.69758802
2626,-0.0026441388000000006,-0.289447236,0.29153165000000003,1.69758802
2627,-0.0026432188000000004,-0.281407035,0.294184916,1.7920603699999997
2628,-0.0026422988000000002,-0.281407035,0.299491448,1.98100507
2629,-0.0026413788000000005,-0.281407035,0.296838182,2.1510553
2630,-0.0026404588000000003,-0.281407035,0.296838182,2.35889447
2631,-0.0026395388000000006,-0.281407035,0.296838182,2.58562811
2632,-0.0026386188000000004,-0.281407035,0.299491448,2.81236175
2633,-0.0026376988000000002,-0.281407035,0.294184916,3.00130645
2634,-0.0026367788000000005,-0.281407035,0.296838182,3.2091456199999997
2635,-0.0026358588000000003,-0.281407035,0.296838182,3.2847235
2636,-0.0026349388000000006,-0.281407035,0.299491448,3.34140691
2637,-0.0026340188000000004,-0.289447236,0.296838182,3.34140691
2638,-0.0026330988000000002,-0.313567839,0.296838182,3.2847235
2639,-0.0026321788000000005,-0.273366834,0.296838182,3.1335677399999997
2640,-0.0026312588000000003,-0.273366834,0.296838182,2.92572857
2641,-0.0026303388000000006,-0.281407035,0.296838182,2.73678387
2642,-0.0026294188000000004,-0.273366834,0.299491448,2.5289447
2643,-0.0026284988000000002,-0.281407035,0.296838182,2.30221106
2644,-0.0026275788000000005,-0.281407035,0.296838182,2.07547742
2645,-0.0026266588000000003,-0.281407035,0.299491448,1.90542719
2646,-0.0026257388000000006,-0.273366834,0.294184916,1.7731659
2647,-0.0026248188000000004,-0.281407035,0.296838182,1.6786935499999998
2648,-0.0026238988,-0.281407035,0.29153165000000003,1.65979908
2649,-0.0026229788000000005,-0.273366834,0.296838182,1.73537696
2650,-0.0026220588000000003,-0.273366834,0.296838182,1.8298493099999997
2651,-0.0026211388000000006,-0.281407035,0.29153165000000003,1.99989954
2652,-0.0026202188000000004,-0.273366834,0.29153165000000003,2.2077387099999997
2653,-0.0026192988,-0.273366834,0.294184916,2.41557788
2654,-0.0026183788000000005,-0.281407035,0.29153165000000003,2.62341705
2655,-0.0026174588000000003,-0.281407035,0.29153165000000003,2.81236175
2656,-0.0026165388000000006,-0.281407035,0.294184916,3.0202009199999997
2657,-0.0026156188000000004,-0.281407035,0.29153165000000003,3.19025115
2658,-0.0026146988,-0.281407035,0.29153165000000003,3.2847235
2659,-0.0026137788000000005,-0.281407035,0.29153165000000003,3.34140691
2660,-0.0026128588000000003,-0.26532663300000003,0.29153165000000003,3.36030138
2661,-0.0026119388000000006,-0.281407035,0.29153165000000003,3.30361797
2662,-0.0026110188000000004,-0.281407035,0.288878384,3.22804009
2663,-0.0026100988,-0.281407035,0.29153165000000003,3.07688433
2664,-0.0026091788000000005,-0.289447236,0.288878384,2.88793963
2665,-0.0026082588000000003,-0.26532663300000003,0.288878384,2.69899493
2666,-0.0026073388000000005,-0.273366834,0.29153165000000003,2.49115576
2667,-0.0026064188000000004,-0.273366834,0.29153165000000003,2.2833165899999996
2668,-0.0026054988,-0.273366834,0.288878384,2.0943718899999997
2669,-0.0026045788000000005,-0.281407035,0.288878384,1.90542719
2670,-0.0026036588000000003,-0.273366834,0.29153165000000003,1.7731659
2671,-0.0026027388000000005,-0.249246231,0.29153165000000003,1.69758802
2672,-0.0026018188000000004,-0.257286432,0.29153165000000003,1.6786935499999998
2673,-0.0026008988000000006,-0.281407035,0.29153165000000003,1.7164824899999997
2674,-0.0025999788000000005,-0.273366834,0.29153165000000003,1.81095484
2675,-0.0025990588000000003,-0.289447236,0.29153165000000003,1.94321613
2676,-0.0025981388000000005,-0.26532663300000003,0.294184916,2.11326636
2677,-0.0025972188000000004,-0.273366834,0.29153165000000003,2.34
2678,-0.0025962988000000006,-0.273366834,0.288878384,2.54783917
2679,-0.0025953788000000005,-0.281407035,0.294184916,2.77457281
2680,-0.0025944588000000003,-0.273366834,0.296838182,2.96351751
2681,-0.0025935388000000005,-0.281407035,0.296838182,3.1713566799999997
2682,-0.0025926188000000004,-0.273366834,0.296838182,3.2847235
2683,-0.0025916988000000006,-0.273366834,0.296838182,3.34140691
2684,-0.0025907788000000005,-0.273366834,0.294184916,3.34140691
2685,-0.0025898588000000003,-0.273366834,0.294184916,3.2847235
2686,-0.0025889388000000005,-0.273366834,0.296838182,3.15246221
2687,-0.0025880188000000004,-0.289447236,0.299491448,2.96351751
2688,-0.0025870988000000006,-0.257286432,0.294184916,2.75567834
2689,-0.0025861788000000004,-0.273366834,0.296838182,2.54783917
2690,-0.0025852588000000003,-0.273366834,0.294184916,2.3211055299999996
2691,-0.0025843388000000005,-0.281407035,0.302144714,2.11326636
2692,-0.0025834188000000004,-0.281407035,0.296838182,1.92432166
2693,-0.0025824988000000006,-0.26532663300000003,0.294184916,1.7920603699999997
2694,-0.0025815788000000004,-0.273366834,0.296838182,1.69758802
2695,-0.0025806588000000003,-0.26532663300000003,0.296838182,1.6409046099999998
2696,-0.0025797388000000005,-0.273366834,0.296838182,1.69758802
2697,-0.0025788188000000004,-0.273366834,0.296838182,1.81095484
2698,-0.0025778988000000006,-0.281407035,0.296838182,1.9621106
2699,-0.0025769788000000004,-0.273366834,0.296838182,2.1699497699999997
2700,-0.0025760588000000003,-0.273366834,0.296838182,2.35889447
2701,-0.0025751388000000005,-0.273366834,0.296838182,2.58562811
2702,-0.0025742188000000004,-0.26532663300000003,0.294184916,2.7934672799999998
2703,-0.0025732988000000006,-0.26532663300000003,0.294184916,2.9824119799999997
2704,-0.0025723788000000004,-0.257286432,0.29153165000000003,3.19025115
2705,-0.0025714588000000003,-0.273366834,0.294184916,3.26582903
2706,-0.0025705388000000005,-0.273366834,0.29153165000000003,3.34140691
2707,-0.0025696188000000003,-0.281407035,0.294184916,3.34140691
2708,-0.0025686988000000006,-0.289447236,0.288878384,3.26582903
2709,-0.0025677788000000004,-0.273366834,0.294184916,3.1335677399999997
2710,-0.0025668588000000003,-0.273366834,0.288878384,2.96351751
2711,-0.0025659388000000005,-0.273366834,0.294184916,2.7178894
2712,-0.0025650188000000003,-0.26532663300000003,0.29153165000000003,2.47226129
2713,-0.0025640988000000006,-0.257286432,0.288878384,2.2833165899999996
2714,-0.0025631788000000004,-0.26532663300000003,0.29153165000000003,2.0565829499999997
2715,-0.0025622588000000003,-0.281407035,0.286225118,1.88653272
2716,-0.0025613388000000005,-0.273366834,0.288878384,1.7542714299999997
2717,-0.0025604188000000003,-0.273366834,0.294184916,1.6786935499999998
2718,-0.0025594988000000006,-0.273366834,0.288878384,1.65979908
2719,-0.0025585788000000004,-0.26532663300000003,0.29153165000000003,1.7542714299999997
2720,-0.0025576588000000003,-0.217085427,0.29153165000000003,1.88653272
2721,-0.0025567388000000005,-0.281407035,0.288878384,2.0565829499999997
2722,-0.0025558188000000003,-0.273366834,0.29153165000000003,2.26442212
2723,-0.0025548988000000006,-0.257286432,0.29153165000000003,2.51005023
2724,-0.0025539788000000004,-0.26532663300000003,0.29153165000000003,2.7178894
2725,-0.0025530588000000002,-0.273366834,0.294184916,2.96351751
2726,-0.0025521388000000005,-0.26532663300000003,0.29153165000000003,3.1335677399999997
2727,-0.0025512188000000003,-0.273366834,0.29153165000000003,3.26582903
2728,-0.0025502988000000006,-0.26532663300000003,0.29153165000000003,3.34140691
2729,-0.0025493788000000004,-0.26532663300000003,0.294184916,3.36030138
2730,-0.0025484588000000002,-0.257286432,0.294184916,3.3225124399999997
2731,-0.0025475388000000005,-0.26532663300000003,0.29153165000000003,3.19025115
2732,-0.0025466188000000003,-0.26532663300000003,0.29153165000000003,3.0202009199999997
2733,-0.0025456988000000006,-0.26532663300000003,0.294184916,2.85015069
2734,-0.0025447788000000004,-0.273366834,0.294184916,2.60452258
2735,-0.0025438588000000002,-0.257286432,0.294184916,2.35889447
2736,-0.0025429388000000005,-0.273366834,0.294184916,2.1510553
2737,-0.0025420188000000003,-0.281407035,0.294184916,1.94321613
2738,-0.0025410988000000006,-0.273366834,0.294184916,1.7731659
2739,-0.0025401788000000004,-0.26532663300000003,0.299491448,1.69758802
2740,-0.0025392588000000002,-0.26532663300000003,0.299491448,1.69758802
2741,-0.0025383388000000005,-0.273366834,0.296838182,1.7164824899999997
2742,-0.0025374188000000003,-0.26532663300000003,0.296838182,1.81095484
2743,-0.0025364988000000006,-0.273366834,0.294184916,1.9621106
2744,-0.0025355788000000004,-0.26532663300000003,0.296838182,2.1510553
2745,-0.0025346588000000002,-0.281407035,0.294184916,2.39668341
2746,-0.0025337388000000005,-0.273366834,0.296838182,2.62341705
2747,-0.0025328188000000003,-0.281407035,0.296838182,2.85015069
2748,-0.0025318988000000006,-0.26532663300000003,0.294184916,3.0579898599999997
2749,-0.0025309788000000004,-0.257286432,0.296838182,3.22804009
2750,-0.0025300588000000002,-0.249246231,0.294184916,3.3225124399999997
2751,-0.0025291388000000005,-0.281407035,0.29153165000000003,3.34140691
2752,-0.0025282188000000003,-0.273366834,0.296838182,3.34140691
2753,-0.0025272988000000006,-0.257286432,0.294184916,3.2469345599999997
2754,-0.0025263788000000004,-0.249246231,0.294184916,3.0957787999999997
2755,-0.0025254588000000002,-0.257286432,0.29153165000000003,2.9068340999999998
2756,-0.0025245388000000005,-0.273366834,0.294184916,2.68010046
2757,-0.0025236188000000003,-0.26532663300000003,0.288878384,2.41557788
2758,-0.0025226988000000006,-0.26532663300000003,0.29153165000000003,2.1699497699999997
2759,-0.0025217788000000004,-0.26532663300000003,0.296838182,1.9621106
2760,-0.0025208588000000002,-0.26532663300000003,0.288878384,1.7731659
2761,-0.0025199388000000005,-0.273366834,0.29153165000000003,1.69758802
2762,-0.0025190188000000003,-0.257286432,0.29153165000000003,1.69758802
2763,-0.0025180988000000006,-0.257286432,0.29153165000000003,1.7164824899999997
2764,-0.0025171788000000004,-0.26532663300000003,0.29153165000000003,1.84874378
2765,-0.0025162588000000002,-0.273366834,0.288878384,2.0565829499999997
2766,-0.0025153388000000005,-0.26532663300000003,0.288878384,2.26442212
2767,-0.0025144188000000003,-0.26532663300000003,0.286225118,2.54783917
2768,-0.0025134988000000006,-0.249246231,0.288878384,2.77457281
2769,-0.0025125788000000004,-0.24120603000000002,0.288878384,3.0202009199999997
2770,-0.0025116588000000002,-0.257286432,0.29153165000000003,3.22804009
2771,-0.0025107388000000005,-0.273366834,0.29153165000000003,3.3225124399999997
2772,-0.0025098188000000003,-0.273366834,0.294184916,3.36030138
2773,-0.0025088988000000006,-0.273366834,0.29153165000000003,3.2847235
2774,-0.0025079788000000004,-0.273366834,0.29153165000000003,3.15246221
2775,-0.0025070588,-0.257286432,0.29153165000000003,2.9824119799999997
2776,-0.0025061388000000005,-0.26532663300000003,0.294184916,2.73678387
2777,-0.0025052188000000003,-0.273366834,0.29153165000000003,2.49115576
2778,-0.0025042988000000006,-0.26532663300000003,0.296838182,2.22663318
2779,-0.0025033788000000004,-0.26532663300000003,0.296838182,2.0565829499999997
2780,-0.0025024588,-0.26532663300000003,0.296838182,1.84874378
2781,-0.0025015388000000005,-0.26532663300000003,0.29153165000000003,1.7164824899999997
2782,-0.0025006188000000003,-0.26532663300000003,0.294184916,1.6786935499999998
2783,-0.0024996988000000006,-0.273366834,0.294184916,1.69758802
2784,-0.0024987788000000004,-0.257286432,0.296838182,1.7731659
2785,-0.0024978588,-0.281407035,0.296838182,1.92432166
2786,-0.0024969388000000005,-0.281407035,0.294184916,2.1321608299999997
2787,-0.0024960188000000003,-0.257286432,0.299491448,2.34
2788,-0.0024950988000000006,-0.26532663300000003,0.299491448,2.58562811
2789,-0.0024941788000000004,-0.257286432,0.296838182,2.81236175
2790,-0.0024932588,-0.273366834,0.296838182,3.0202009199999997
2791,-0.0024923388000000005,-0.257286432,0.296838182,3.1335677399999997
2792,-0.0024914188000000003,-0.26532663300000003,0.296838182,3.2847235
2793,-0.0024904988000000006,-0.26532663300000003,0.296838182,3.3225124399999997
2794,-0.0024895788000000004,-0.273366834,0.296838182,3.34140691
2795,-0.0024886588000000006,-0.249246231,0.294184916,3.2469345599999997
2796,-0.0024877388000000005,-0.257286432,0.296838182,3.1713566799999997
2797,-0.0024868188000000003,-0.257286432,0.296838182,2.96351751
2798,-0.0024858988000000005,-0.249246231,0.294184916,2.73678387
2799,-0.0024849788000000004,-0.26532663300000003,0.294184916,2.47226129
2800,-0.0024840588000000006,-0.249246231,0.294184916,2.2455276499999997
2801,-0.0024831388000000005,-0.257286432,0.294184916,2.0187940099999997
2802,-0.0024822188000000003,-0.281407035,0.294184916,1.84874378
2803,-0.0024812988000000005,-0.257286432,0.29153165000000003,1.73537696
2804,-0.0024803788000000004,-0.26532663300000003,0.29153165000000003,1.65979908
2805,-0.0024794588000000006,-0.257286432,0.288878384,1.69758802
2806,-0.0024785388000000005,-0.26532663300000003,0.286225118,1.7731659
2807,-0.0024776188000000003,-0.273366834,0.29153165000000003,1.92432166
2808,-0.0024766988000000005,-0.26532663300000003,0.288878384,2.1321608299999997
2809,-0.0024757788000000004,-0.257286432,0.29153165000000003,2.34
2810,-0.0024748588000000006,-0.257286432,0.288878384,2.68010046
2811,-0.0024739388000000005,-0.26532663300000003,0.29153165000000003,2.8690451599999998
2812,-0.0024730188000000003,-0.257286432,0.294184916,3.11467327
2813,-0.0024720988000000005,-0.26532663300000003,0.29153165000000003,3.26582903
2814,-0.0024711788000000004,-0.26532663300000003,0.288878384,3.3225124399999997
2815,-0.0024702588000000006,-0.26532663300000003,0.288878384,3.34140691
2816,-0.0024693388000000004,-0.273366834,0.29153165000000003,3.2847235
2817,-0.0024684188000000003,-0.24120603000000002,0.288878384,3.11467327
2818,-0.0024674988000000005,-0.273366834,0.288878384,2.92572857
2819,-0.0024665788000000004,-0.281407035,0.288878384,2.60452258
2820,-0.0024656588000000006,-0.257286432,0.29153165000000003,2.3211055299999996
2821,-0.0024647388000000004,-0.257286432,0.29153165000000003,2.0943718899999997
2822,-0.0024638188000000003,-0.26532663300000003,0.29153165000000003,1.88653272
2823,-0.0024628988000000005,-0.273366834,0.294184916,1.73537696
2824,-0.0024619788000000004,-0.26532663300000003,0.296838182,1.6409046099999998
2825,-0.0024610588000000006,-0.26532663300000003,0.29153165000000003,1.69758802
2826,-0.0024601388000000004,-0.257286432,0.29153165000000003,1.81095484
2827,-0.0024592188000000003,-0.257286432,0.29153165000000003,1.98100507
2828,-0.0024582988000000005,-0.257286432,0.294184916,2.2455276499999997
2829,-0.0024573788000000004,-0.257286432,0.294184916,2.45336682
2830,-0.0024564588000000006,-0.26532663300000003,0.296838182,2.7178894
2831,-0.0024555388000000004,-0.249246231,0.294184916,2.96351751
2832,-0.0024546188000000003,-0.257286432,0.296838182,3.1713566799999997
2833,-0.0024536988000000005,-0.26532663300000003,0.296838182,3.30361797
2834,-0.0024527788000000003,-0.257286432,0.296838182,3.36030138
2835,-0.0024518588000000006,-0.26532663300000003,0.296838182,3.34140691
2836,-0.0024509388000000004,-0.23316582900000002,0.299491448,3.26582903
2837,-0.0024500188000000003,-0.257286432,0.296838182,3.0957787999999997
2838,-0.0024490988000000005,-0.26532663300000003,0.296838182,2.9068340999999998
2839,-0.0024481788000000003,-0.257286432,0.294184916,2.7178894
2840,-0.0024472588000000006,-0.26532663300000003,0.296838182,2.49115576
2841,-0.0024463388000000004,-0.26532663300000003,0.296838182,2.2455276499999997
2842,-0.0024454188000000003,-0.273366834,0.29153165000000003,2.03768848
2843,-0.0024444988000000005,-0.249246231,0.296838182,1.8676382499999997
2844,-0.0024435788000000003,-0.257286432,0.296838182,1.7542714299999997
2845,-0.0024426588000000006,-0.257286432,0.294184916,1.6786935499999998
2846,-0.0024417388000000004,-0.257286432,0.296838182,1.6786935499999998
2847,-0.0024408188000000003,-0.249246231,0.296838182,1.73537696
2848,-0.0024398988000000005,-0.257286432,0.294184916,1.84874378
2849,-0.0024389788000000003,-0.257286432,0.294184916,2.0187940099999997
2850,-0.0024380588000000006,-0.249246231,0.294184916,2.2455276499999997
2851,-0.0024371388000000004,-0.257286432,0.29153165000000003,2.47226129
2852,-0.0024362188000000003,-0.26532663300000003,0.29153165000000003,2.7178894
2853,-0.0024352988000000005,-0.257286432,0.288878384,2.96351751
2854,-0.0024343788000000003,-0.257286432,0.294184916,3.11467327
2855,-0.0024334588000000006,-0.257286432,0.29153165000000003,3.26582903
2856,-0.0024325388000000004,-0.257286432,0.29153165000000003,3.3225124399999997
2857,-0.0024316188000000002,-0.257286432,0.288878384,3.34140691
2858,-0.0024306988000000005,-0.257286432,0.29153165000000003,3.2847235
2859,-0.0024297788000000003,-0.257286432,0.288878384,3.15246221
2860,-0.0024288588000000006,-0.26532663300000003,0.288878384,2.92572857
2861,-0.0024279388000000004,-0.249246231,0.286225118,2.68010046
2862,-0.0024270188000000002,-0.257286432,0.29153165000000003,2.43447235
2863,-0.0024260988000000005,-0.257286432,0.286225118,2.1699497699999997
2864,-0.0024251788000000003,-0.257286432,0.29153165000000003,1.9621106
2865,-0.0024242588000000006,-0.26532663300000003,0.288878384,1.81095484
2866,-0.0024233388000000004,-0.257286432,0.29153165000000003,1.6786935499999998
2867,-0.0024224188000000002,-0.257286432,0.286225118,1.65979908
2868,-0.0024214988000000005,-0.297487437,0.286225118,1.7164824899999997
2869,-0.0024205788000000003,-0.24120603000000002,0.294184916,1.8676382499999997
2870,-0.0024196588000000006,-0.257286432,0.286225118,2.0943718899999997
2871,-0.0024187388000000004,-0.249246231,0.294184916,2.3211055299999996
2872,-0.0024178188000000002,-0.257286432,0.294184916,2.56673364
2873,-0.0024168988000000005,-0.257286432,0.296838182,2.8690451599999998
2874,-0.0024159788000000003,-0.257286432,0.29153165000000003,3.0579898599999997
2875,-0.0024150588000000006,-0.24120603000000002,0.294184916,3.2091456199999997
2876,-0.0024141388000000004,-0.257286432,0.294184916,3.3225124399999997
2877,-0.0024132188000000002,-0.257286432,0.294184916,3.34140691
2878,-0.0024122988000000005,-0.26532663300000003,0.294184916,3.2847235
2879,-0.0024113788000000003,-0.257286432,0.294184916,3.1713566799999997
2880,-0.0024104588000000006,-0.249246231,0.296838182,2.9824119799999997
2881,-0.0024095388000000004,-0.249246231,0.296838182,2.77457281
2882,-0.0024086188000000002,-0.249246231,0.294184916,2.5289447
2883,-0.0024076988000000005,-0.249246231,0.299491448,2.2833165899999996
2884,-0.0024067788000000003,-0.257286432,0.299491448,2.07547742
2885,-0.0024058588000000006,-0.24120603000000002,0.294184916,1.90542719
2886,-0.0024049388000000004,-0.257286432,0.296838182,1.7542714299999997
2887,-0.0024040188000000002,-0.249246231,0.296838182,1.6786935499999998
2888,-0.0024030988000000005,-0.257286432,0.296838182,1.69758802
2889,-0.0024021788000000003,-0.257286432,0.296838182,1.7164824899999997
2890,-0.0024012588000000006,-0.257286432,0.296838182,1.8298493099999997
2891,-0.0024003388000000004,-0.249246231,0.29153165000000003,1.99989954
2892,-0.0023994188000000002,-0.257286432,0.294184916,2.18884424
2893,-0.0023984988000000005,-0.257286432,0.294184916,2.37778894
2894,-0.0023975788000000003,-0.257286432,0.294184916,2.60452258
2895,-0.0023966588000000006,-0.24120603000000002,0.29153165000000003,2.8312562199999998
2896,-0.0023957388000000004,-0.26532663300000003,0.29153165000000003,3.03909539
2897,-0.0023948188000000002,-0.24120603000000002,0.294184916,3.2091456199999997
2898,-0.0023938988000000005,-0.249246231,0.294184916,3.30361797
2899,-0.0023929788000000003,-0.249246231,0.29153165000000003,3.34140691
2900,-0.0023920588000000006,-0.257286432,0.294184916,3.34140691
2901,-0.0023911388000000004,-0.281407035,0.288878384,3.2469345599999997
2902,-0.0023902188,-0.22512562800000002,0.288878384,3.11467327
2903,-0.0023892988000000005,-0.249246231,0.29153165000000003,2.92572857
2904,-0.0023883788000000003,-0.249246231,0.29153165000000003,2.7178894
2905,-0.0023874588000000006,-0.257286432,0.286225118,2.45336682
2906,-0.0023865388000000004,-0.249246231,0.29153165000000003,2.22663318
2907,-0.0023856188,-0.257286432,0.29153165000000003,2.0565829499999997
2908,-0.0023846988000000005,-0.257286432,0.29153165000000003,1.8676382499999997
2909,-0.0023837788000000003,-0.257286432,0.288878384,1.73537696
2910,-0.0023828588000000006,-0.257286432,0.286225118,1.65979908
2911,-0.0023819388000000004,-0.249246231,0.288878384,1.6786935499999998
2912,-0.0023810188,-0.249246231,0.29153165000000003,1.7731659
2913,-0.0023800988000000005,-0.257286432,0.288878384,1.90542719
2914,-0.0023791788000000003,-0.257286432,0.286225118,2.07547742
2915,-0.0023782588000000006,-0.24120603000000002,0.288878384,2.2833165899999996
2916,-0.0023773388000000004,-0.249246231,0.288878384,2.54783917
2917,-0.0023764188000000006,-0.257286432,0.29153165000000003,2.7934672799999998
2918,-0.0023754988000000005,-0.257286432,0.288878384,3.00130645
2919,-0.0023745788000000003,-0.249246231,0.288878384,3.1713566799999997
2920,-0.0023736588000000006,-0.249246231,0.288878384,3.30361797
2921,-0.0023727388000000004,-0.257286432,0.29153165000000003,3.34140691
2922,-0.0023718188000000006,-0.249246231,0.29153165000000003,3.3225124399999997
2923,-0.0023708988000000005,-0.249246231,0.29153165000000003,3.26582903
2924,-0.0023699788000000003,-0.249246231,0.296838182,3.0957787999999997
2925,-0.0023690588000000005,-0.24120603000000002,0.296838182,2.8690451599999998
2926,-0.0023681388000000004,-0.249246231,0.294184916,2.64231152
2927,-0.0023672188000000006,-0.257286432,0.294184916,2.41557788
2928,-0.0023662988000000005,-0.249246231,0.29153165000000003,2.18884424
2929,-0.0023653788000000003,-0.24120603000000002,0.294184916,1.98100507
2930,-0.0023644588000000005,-0.257286432,0.296838182,1.81095484
2931,-0.0023635388000000004,-0.249246231,0.296838182,1.7164824899999997
2932,-0.0023626188000000006,-0.249246231,0.294184916,1.65979908
2933,-0.0023616988000000005,-0.24120603000000002,0.294184916,1.6786935499999998
2934,-0.0023607788000000003,-0.249246231,0.294184916,1.7731659
2935,-0.0023598588000000005,-0.26532663300000003,0.296838182,1.92432166
2936,-0.0023589388000000004,-0.24120603000000002,0.299491448,2.1321608299999997
2937,-0.0023580188000000006,-0.257286432,0.296838182,2.34
2938,-0.0023570988000000005,-0.257286432,0.294184916,2.56673364
2939,-0.0023561788000000003,-0.249246231,0.296838182,2.81236175
2940,-0.0023552588000000005,-0.249246231,0.296838182,3.00130645
2941,-0.0023543388000000004,-0.23316582900000002,0.296838182,3.1335677399999997
2942,-0.0023534188000000006,-0.249246231,0.294184916,3.26582903
2943,-0.0023524988000000004,-0.249246231,0.29153165000000003,3.34140691
2944,-0.0023515788000000003,-0.249246231,0.294184916,3.34140691
2945,-0.0023506588000000005,-0.24120603000000002,0.294184916,3.22804009
2946,-0.0023497388000000004,-0.249246231,0.294184916,3.1335677399999997
2947,-0.0023488188000000006,-0.249246231,0.294184916,2.92572857
2948,-0.0023478988000000004,-0.249246231,0.29153165000000003,2.69899493
2949,-0.0023469788000000003,-0.24120603000000002,0.294184916,2.47226129
2950,-0.0023460588000000005,-0.249246231,0.294184916,2.2455276499999997
2951,-0.0023451388000000004,-0.26532663300000003,0.286225118,2.03768848
2952,-0.0023442188000000006,-0.249246231,0.286225118,1.8676382499999997
2953,-0.0023432988000000004,-0.24120603000000002,0.288878384,1.73537696
2954,-0.0023423788000000003,-0.24120603000000002,0.29153165000000003,1.65979908
2955,-0.0023414588000000005,-0.24120603000000002,0.288878384,1.65979908
2956,-0.0023405388000000004,-0.249246231,0.29153165000000003,1.73537696
2957,-0.0023396188000000006,-0.257286432,0.288878384,1.84874378
2958,-0.0023386988000000004,-0.257286432,0.288878384,1.98100507
2959,-0.0023377788000000003,-0.249246231,0.286225118,2.22663318
2960,-0.0023368588000000005,-0.24120603000000002,0.29153165000000003,2.45336682
2961,-0.0023359388000000003,-0.249246231,0.286225118,2.69899493
2962,-0.0023350188000000006,-0.24120603000000002,0.29153165000000003,2.92572857
2963,-0.0023340988000000004,-0.249246231,0.288878384,3.11467327
2964,-0.0023331788000000003,-0.249246231,0.286225118,3.26582903
2965,-0.0023322588000000005,-0.249246231,0.288878384,3.34140691
2966,-0.0023313388000000003,-0.26532663300000003,0.288878384,3.34140691
2967,-0.0023304188000000006,-0.249246231,0.29153165000000003,3.30361797
2968,-0.0023294988000000004,-0.24120603000000002,0.288878384,3.1713566799999997
2969,-0.0023285788000000003,-0.249246231,0.29153165000000003,3.0202009199999997
2970,-0.0023276588000000005,-0.24120603000000002,0.288878384,2.8312562199999998
2971,-0.0023267388000000003,-0.249246231,0.286225118,2.60452258
2972,-0.0023258188000000006,-0.249246231,0.29153165000000003,2.35889447
2973,-0.0023248988000000004,-0.24120603000000002,0.29153165000000003,2.18884424
2974,-0.0023239788000000003,-0.249246231,0.294184916,1.98100507
2975,-0.0023230588000000005,-0.249246231,0.29153165000000003,1.81095484
2976,-0.0023221388000000003,-0.249246231,0.29153165000000003,1.7164824899999997
2977,-0.0023212188000000006,-0.249246231,0.29153165000000003,1.65979908
2978,-0.0023202988000000004,-0.24120603000000002,0.296838182,1.65979908
2979,-0.0023193788000000003,-0.249246231,0.299491448,1.7920603699999997
2980,-0.0023184588000000005,-0.24120603000000002,0.29153165000000003,1.94321613
2981,-0.0023175388000000003,-0.24120603000000002,0.296838182,2.11326636
2982,-0.0023166188000000006,-0.23316582900000002,0.296838182,2.30221106
2983,-0.0023156988000000004,-0.26532663300000003,0.29153165000000003,2.58562811
2984,-0.0023147788000000002,-0.249246231,0.294184916,2.7934672799999998
2985,-0.0023138588000000005,-0.24120603000000002,0.294184916,3.00130645
2986,-0.0023129388000000003,-0.24120603000000002,0.296838182,3.19025115
2987,-0.0023120188000000006,-0.257286432,0.294184916,3.30361797
2988,-0.0023110988000000004,-0.249246231,0.296838182,3.36030138
2989,-0.0023101788000000002,-0.249246231,0.296838182,3.30361797
2990,-0.0023092588000000005,-0.23316582900000002,0.294184916,3.2091456199999997
2991,-0.0023083388000000003,-0.24120603000000002,0.296838182,3.0579898599999997
2992,-0.0023074188000000006,-0.24120603000000002,0.294184916,2.85015069
2993,-0.0023064988000000004,-0.24120603000000002,0.296838182,2.64231152
2994,-0.0023055788000000002,-0.24120603000000002,0.29153165000000003,2.35889447
2995,-0.0023046588000000005,-0.249246231,0.29153165000000003,2.1510553
2996,-0.0023037388000000003,-0.23316582900000002,0.294184916,1.92432166
2997,-0.0023028188000000006,-0.24120603000000002,0.288878384,1.7731659
2998,-0.0023018988000000004,-0.249246231,0.288878384,1.6786935499999998
2999,-0.0023009788000000002,-0.23316582900000002,0.29153165000000003,1.65979908
3000,-0.0023000588000000005,-0.24120603000000002,0.288878384,1.7164824899999997
3001,-0.0022991388000000003,-0.23316582900000002,0.288878384,1.8298493099999997
3002,-0.0022982188000000006,-0.24120603000000002,0.288878384,2.0187940099999997
3003,-0.0022972988000000004,-0.24120603000000002,0.288878384,2.2077387099999997
3004,-0.0022963788000000002,-0.249246231,0.288878384,2.43447235
3005,-0.0022954588000000005,-0.257286432,0.29153165000000003,2.66120599
3006,-0.0022945388000000003,-0.249246231,0.29153165000000003,2.88793963
3007,-0.0022936188000000006,-0.257286432,0.288878384,3.07688433
3008,-0.0022926988000000004,-0.24120603000000002,0.29153165000000003,3.22804009
3009,-0.0022917788000000002,-0.24120603000000002,0.286225118,3.34140691
3010,-0.0022908588000000005,-0.249246231,0.286225118,3.3225124399999997
3011,-0.0022899388000000003,-0.249246231,0.288878384,3.26582903
3012,-0.0022890188000000006,-0.23316582900000002,0.29153165000000003,3.19025115
3013,-0.0022880988000000004,-0.24120603000000002,0.288878384,3.0202009199999997
3014,-0.0022871788000000002,-0.249246231,0.29153165000000003,2.8312562199999998
3015,-0.0022862588000000005,-0.24120603000000002,0.288878384,2.60452258
3016,-0.0022853388000000003,-0.257286432,0.286225118,2.35889447
3017,-0.0022844188000000006,-0.273366834,0.288878384,2.1321608299999997
3018,-0.0022834988000000004,-0.24120603000000002,0.288878384,1.94321613
3019,-0.0022825788000000002,-0.24120603000000002,0.288878384,1.7920603699999997
3020,-0.0022816588000000005,-0.24120603000000002,0.294184916,1.69758802
3021,-0.0022807388000000003,-0.23316582900000002,0.296838182,1.65979908
3022,-0.0022798188000000006,-0.23316582900000002,0.29153165000000003,1.7164824899999997
3023,-0.0022788988000000004,-0.24120603000000002,0.29153165000000003,1.7542714299999997
3024,-0.0022779788000000002,-0.24120603000000002,0.288878384,1.94321613
3025,-0.0022770588000000005,-0.24120603000000002,0.294184916,2.1321608299999997
3026,-0.0022761388000000003,-0.24120603000000002,0.29153165000000003,2.35889447
3027,-0.0022752188000000006,-0.249246231,0.29153165000000003,2.56673364
3028,-0.0022742988000000004,-0.257286432,0.296838182,2.77457281
3029,-0.0022733788,-0.24120603000000002,0.294184916,2.9824119799999997
3030,-0.0022724588000000005,-0.24120603000000002,0.294184916,3.15246221
3031,-0.0022715388000000003,-0.24120603000000002,0.294184916,3.26582903
3032,-0.0022706188000000006,-0.257286432,0.294184916,3.36030138
3033,-0.0022696988000000004,-0.24120603000000002,0.294184916,3.34140691
3034,-0.0022687788,-0.26532663300000003,0.29153165000000003,3.2469345599999997
3035,-0.0022678588000000005,-0.23316582900000002,0.294184916,3.15246221
3036,-0.0022669388000000003,-0.24120603000000002,0.299491448,2.9824119799999997
3037,-0.0022660188000000006,-0.249246231,0.294184916,2.7934672799999998
3038,-0.0022650988000000004,-0.24120603000000002,0.296838182,2.56673364
3039,-0.0022641788,-0.23316582900000002,0.296838182,2.34
3040,-0.0022632588000000005,-0.23316582900000002,0.294184916,2.1321608299999997
3041,-0.0022623388000000003,-0.24120603000000002,0.296838182,1.92432166
3042,-0.0022614188000000006,-0.23316582900000002,0.294184916,1.7542714299999997
3043,-0.0022604988000000004,-0.23316582900000002,0.29153165000000003,1.6786935499999998
3044,-0.0022595788000000006,-0.23316582900000002,0.294184916,1.65979908
3045,-0.0022586588000000005,-0.24120603000000002,0.294184916,1.6786935499999998
3046,-0.0022577388000000003,-0.24120603000000002,0.294184916,1.7920603699999997
3047,-0.0022568188000000006,-0.249246231,0.294184916,1.99989954
3048,-0.0022558988000000004,-0.24120603000000002,0.29153165000000003,2.18884424
3049,-0.0022549788000000006,-0.249246231,0.294184916,2.43447235
3050,-0.0022540588000000005,-0.22512562800000002,0.29153165000000003,2.69899493
3051,-0.0022531388000000003,-0.22512562800000002,0.29153165000000003,2.92572857
3052,-0.0022522188000000005,-0.24120603000000002,0.29153165000000003,3.11467327
3053,-0.0022512988000000004,-0.24120603000000002,0.29153165000000003,3.2469345599999997
3054,-0.0022503788000000006,-0.24120603000000002,0.288878384,3.3225124399999997
3055,-0.0022494588000000005,-0.24120603000000002,0.288878384,3.34140691
3056,-0.0022485388000000003,-0.23316582900000002,0.29153165000000003,3.2847235
3057,-0.0022476188000000005,-0.23316582900000002,0.288878384,3.1713566799999997
3058,-0.0022466988000000004,-0.23316582900000002,0.288878384,3.03909539
3059,-0.0022457788000000006,-0.23316582900000002,0.288878384,2.81236175
3060,-0.0022448588000000005,-0.24120603000000002,0.29153165000000003,2.56673364
3061,-0.0022439388000000003,-0.22512562800000002,0.29153165000000003,2.35889447
3062,-0.0022430188000000005,-0.23316582900000002,0.288878384,2.1510553
3063,-0.0022420988000000004,-0.23316582900000002,0.288878384,1.94321613
3064,-0.0022411788000000006,-0.249246231,0.288878384,1.7920603699999997
3065,-0.0022402588000000005,-0.24120603000000002,0.29153165000000003,1.7164824899999997
3066,-0.0022393388000000003,-0.24120603000000002,0.286225118,1.65979908
3067,-0.0022384188000000005,-0.249246231,0.288878384,1.69758802
3068,-0.0022374988000000004,-0.209045226,0.288878384,1.7542714299999997
3069,-0.0022365788000000006,-0.23316582900000002,0.288878384,1.84874378
3070,-0.0022356588000000004,-0.23316582900000002,0.288878384,2.03768848
3071,-0.0022347388000000003,-0.23316582900000002,0.294184916,2.2455276499999997
3072,-0.0022338188000000005,-0.23316582900000002,0.29153165000000003,2.45336682
3073,-0.0022328988000000004,-0.257286432,0.29153165000000003,2.66120599
3074,-0.0022319788000000006,-0.23316582900000002,0.29153165000000003,2.88793963
3075,-0.0022310588000000004,-0.24120603000000002,0.29153165000000003,3.07688433
3076,-0.0022301388000000003,-0.24120603000000002,0.29153165000000003,3.2091456199999997
3077,-0.0022292188000000005,-0.23316582900000002,0.296838182,3.2847235
3078,-0.0022282988000000004,-0.24120603000000002,0.29153165000000003,3.3225124399999997
3079,-0.0022273788000000006,-0.23316582900000002,0.29153165000000003,3.30361797
3080,-0.0022264588000000004,-0.23316582900000002,0.296838182,3.2469345599999997
3081,-0.0022255388000000003,-0.23316582900000002,0.29153165000000003,3.15246221
3082,-0.0022246188000000005,-0.24120603000000002,0.294184916,2.96351751
3083,-0.0022236988000000004,-0.24120603000000002,0.29153165000000003,2.77457281
3084,-0.0022227788000000006,-0.22512562800000002,0.294184916,2.54783917
3085,-0.0022218588000000004,-0.23316582900000002,0.296838182,2.3211055299999996
3086,-0.0022209388000000003,-0.249246231,0.294184916,2.1321608299999997
3087,-0.0022200188000000005,-0.23316582900000002,0.296838182,1.94321613
3088,-0.0022190988000000004,-0.24120603000000002,0.294184916,1.8298493099999997
3089,-0.0022181788000000006,-0.23316582900000002,0.296838182,1.73537696
3090,-0.0022172588000000004,-0.22512562800000002,0.29153165000000003,1.65979908
3091,-0.0022163388000000003,-0.23316582900000002,0.29153165000000003,1.65979908
3092,-0.0022154188000000005,-0.23316582900000002,0.296838182,1.7164824899999997
3093,-0.0022144988000000003,-0.23316582900000002,0.294184916,1.8298493099999997
3094,-0.0022135788000000006,-0.23316582900000002,0.294184916,2.0187940099999997
3095,-0.0022126588000000004,-0.24120603000000002,0.294184916,2.2077387099999997
3096,-0.0022117388000000003,-0.23316582900000002,0.294184916,2.37778894
3097,-0.0022108188000000005,-0.23316582900000002,0.294184916,2.60452258
3098,-0.0022098988000000003,-0.217085427,0.29153165000000003,2.81236175
3099,-0.0022089788000000006,-0.24120603000000002,0.294184916,3.00130645
3100,-0.0022080588000000004,-0.22512562800000002,0.294184916,3.15246221
3101,-0.0022071388000000003,-0.217085427,0.29153165000000003,3.26582903
3102,-0.0022062188000000005,-0.249246231,0.29153165000000003,3.3225124399999997
3103,-0.0022052988000000003,-0.24120603000000002,0.29153165000000003,3.36030138
3104,-0.0022043788000000006,-0.23316582900000002,0.288878384,3.2847235
3105,-0.0022034588000000004,-0.23316582900000002,0.29153165000000003,3.19025115
3106,-0.0022025388000000003,-0.22512562800000002,0.288878384,3.03909539
3107,-0.0022016188000000005,-0.22512562800000002,0.29153165000000003,2.8312562199999998
3108,-0.0022006988000000003,-0.23316582900000002,0.286225118,2.64231152
3109,-0.0021997788000000006,-0.22512562800000002,0.29153165000000003,2.41557788
3110,-0.0021988588000000004,-0.22512562800000002,0.288878384,2.1699497699999997
3111,-0.0021979388000000002,-0.23316582900000002,0.288878384,1.9621106
3112,-0.0021970188000000005,-0.24120603000000002,0.283571852,1.8298493099999997
3113,-0.0021960988000000003,-0.23316582900000002,0.286225118,1.7164824899999997
3114,-0.0021951788000000006,-0.23316582900000002,0.286225118,1.6786935499999998
3115,-0.0021942588000000004,-0.24120603000000002,0.288878384,1.65979908
3116,-0.0021933388000000002,-0.23316582900000002,0.286225118,1.7164824899999997
3117,-0.0021924188000000005,-0.209045226,0.288878384,1.81095484
3118,-0.0021914988000000003,-0.217085427,0.288878384,1.99989954
3119,-0.0021905788000000006,-0.23316582900000002,0.288878384,2.1321608299999997
3120,-0.0021896588000000004,-0.23316582900000002,0.29153165000000003,2.35889447
3121,-0.0021887388000000002,-0.23316582900000002,0.29153165000000003,2.5289447
3122,-0.0021878188000000005,-0.23316582900000002,0.29153165000000003,2.77457281
3123,-0.0021868988000000003,-0.22512562800000002,0.29153165000000003,2.9446230399999997
3124,-0.0021859788000000006,-0.22512562800000002,0.29153165000000003,3.11467327
3125,-0.0021850588000000004,-0.22512562800000002,0.288878384,3.22804009
3126,-0.0021841388000000002,-0.23316582900000002,0.294184916,3.30361797
3127,-0.0021832188000000005,-0.23316582900000002,0.29153165000000003,3.34140691
3128,-0.0021822988000000003,-0.22512562800000002,0.29153165000000003,3.3225124399999997
3129,-0.0021813788000000006,-0.23316582900000002,0.288878384,3.26582903
3130,-0.0021804588000000004,-0.23316582900000002,0.29153165000000003,3.11467327
3131,-0.0021795388000000002,-0.22512562800000002,0.29153165000000003,2.9446230399999997
3132,-0.0021786188000000005,-0.23316582900000002,0.29153165000000003,2.7934672799999998
3133,-0.0021776988000000003,-0.22512562800000002,0.29153165000000003,2.58562811
3134,-0.0021767788000000006,-0.201005025,0.29153165000000003,2.37778894
3135,-0.0021758588000000004,-0.209045226,0.29153165000000003,2.1699497699999997
3136,-0.0021749388000000002,-0.23316582900000002,0.294184916,1.9621106
3137,-0.0021740188000000005,-0.22512562800000002,0.294184916,1.84874378
3138,-0.0021730988000000003,-0.22512562800000002,0.296838182,1.73537696
3139,-0.0021721788000000006,-0.23316582900000002,0.296838182,1.65979908
3140,-0.0021712588000000004,-0.22512562800000002,0.296838182,1.69758802
3141,-0.0021703388000000002,-0.23316582900000002,0.296838182,1.69758802
3142,-0.0021694188000000005,-0.22512562800000002,0.296838182,1.7731659
3143,-0.0021684988000000003,-0.23316582900000002,0.294184916,1.92432166
3144,-0.0021675788000000006,-0.23316582900000002,0.294184916,2.0943718899999997
3145,-0.0021666588000000004,-0.22512562800000002,0.294184916,2.2833165899999996
3146,-0.0021657388000000002,-0.22512562800000002,0.294184916,2.47226129
3147,-0.0021648188000000005,-0.22512562800000002,0.29153165000000003,2.68010046
3148,-0.0021638988000000003,-0.22512562800000002,0.29153165000000003,2.88793963
3149,-0.0021629788000000006,-0.23316582900000002,0.294184916,3.0579898599999997
3150,-0.0021620588000000004,-0.23316582900000002,0.294184916,3.1713566799999997
3151,-0.0021611388000000002,-0.22512562800000002,0.294184916,3.26582903
3152,-0.0021602188000000005,-0.23316582900000002,0.294184916,3.3225124399999997
3153,-0.0021592988000000003,-0.23316582900000002,0.29153165000000003,3.3225124399999997
3154,-0.0021583788000000006,-0.23316582900000002,0.288878384,3.30361797
3155,-0.0021574588000000004,-0.22512562800000002,0.29153165000000003,3.2091456199999997
3156,-0.0021565388000000002,-0.23316582900000002,0.29153165000000003,3.03909539
3157,-0.0021556188000000005,-0.22512562800000002,0.29153165000000003,2.9068340999999998
3158,-0.0021546988000000003,-0.22512562800000002,0.288878384,2.69899493
3159,-0.0021537788000000006,-0.23316582900000002,0.286225118,2.49115576
3160,-0.0021528588000000004,-0.22512562800000002,0.29153165000000003,2.26442212
3161,-0.0021519388,-0.22512562800000002,0.288878384,2.11326636
3162,-0.0021510188000000005,-0.22512562800000002,0.29153165000000003,1.92432166
3163,-0.0021500988000000003,-0.217085427,0.286225118,1.7920603699999997
3164,-0.0021491788000000006,-0.22512562800000002,0.288878384,1.69758802
3165,-0.0021482588000000004,-0.209045226,0.288878384,1.6786935499999998
3166,-0.0021473388000000006,-0.23316582900000002,0.288878384,1.65979908
3167,-0.0021464188000000005,-0.201005025,0.288878384,1.7164824899999997
3168,-0.0021454988000000003,-0.23316582900000002,0.286225118,1.81095484
3169,-0.0021445788000000006,-0.23316582900000002,0.286225118,1.9621106
3170,-0.0021436588000000004,-0.23316582900000002,0.286225118,2.11326636
3171,-0.0021427388000000006,-0.22512562800000002,0.288878384,2.3211055299999996
3172,-0.0021418188000000005,-0.217085427,0.288878384,2.51005023
3173,-0.0021408988000000003,-0.22512562800000002,0.286225118,2.69899493
3174,-0.0021399788000000006,-0.22512562800000002,0.288878384,2.9068340999999998
3175,-0.0021390588000000004,-0.217085427,0.288878384,3.0579898599999997
3176,-0.0021381388000000006,-0.217085427,0.286225118,3.19025115
3177,-0.0021372188000000005,-0.22512562800000002,0.288878384,3.2847235
3178,-0.0021362988000000003,-0.23316582900000002,0.288878384,3.3225124399999997
3179,-0.0021353788000000005,-0.23316582900000002,0.288878384,3.3225124399999997
3180,-0.0021344588000000004,-0.23316582900000002,0.29153165000000003,3.26582903
3181,-0.0021335388000000006,-0.22512562800000002,0.29153165000000003,3.1335677399999997
3182,-0.0021326188000000005,-0.209045226,0.294184916,3.00130645
3183,-0.0021316988000000003,-0.22512562800000002,0.29153165000000003,2.7934672799999998
3184,-0.0021307788000000005,-0.249246231,0.294184916,2.60452258
3185,-0.0021298588000000004,-0.217085427,0.288878384,2.34
3186,-0.0021289388000000006,-0.22512562800000002,0.296838182,2.1510553
3187,-0.0021280188000000005,-0.22512562800000002,0.288878384,1.99989954
3188,-0.0021270988000000003,-0.22512562800000002,0.294184916,1.84874378
3189,-0.0021261788000000005,-0.217085427,0.29153165000000003,1.7164824899999997
3190,-0.0021252588000000004,-0.217085427,0.288878384,1.65979908
3191,-0.0021243388000000006,-0.22512562800000002,0.29153165000000003,1.65979908
3192,-0.0021234188000000005,-0.22512562800000002,0.294184916,1.69758802
3193,-0.0021224988000000003,-0.22512562800000002,0.294184916,1.81095484
3194,-0.0021215788000000005,-0.217085427,0.294184916,1.92432166
3195,-0.0021206588000000004,-0.22512562800000002,0.294184916,2.11326636
3196,-0.0021197388000000006,-0.22512562800000002,0.296838182,2.26442212
3197,-0.0021188188000000004,-0.22512562800000002,0.294184916,2.49115576
3198,-0.0021178988000000003,-0.22512562800000002,0.294184916,2.7178894
3199,-0.0021169788000000005,-0.217085427,0.296838182,2.9068340999999998
3200,-0.0021160588000000004,-0.22512562800000002,0.294184916,3.07688433
3201,-0.0021151388000000006,-0.22512562800000002,0.294184916,3.19025115
3202,-0.0021142188000000004,-0.209045226,0.296838182,3.30361797
3203,-0.0021132988000000003,-0.22512562800000002,0.296838182,3.34140691
3204,-0.0021123788000000005,-0.22512562800000002,0.294184916,3.3225124399999997
3205,-0.0021114588000000004,-0.217085427,0.294184916,3.22804009
3206,-0.0021105388000000006,-0.22512562800000002,0.29153165000000003,3.1335677399999997
3207,-0.0021096188000000004,-0.23316582900000002,0.29153165000000003,2.9446230399999997
3208,-0.0021086988000000003,-0.22512562800000002,0.29153165000000003,2.81236175
3209,-0.0021077788000000005,-0.22512562800000002,0.294184916,2.62341705
3210,-0.0021068588000000004,-0.22512562800000002,0.296838182,2.39668341
3211,-0.0021059388000000006,-0.217085427,0.29153165000000003,2.18884424
3212,-0.0021050188000000004,-0.22512562800000002,0.29153165000000003,1.99989954
3213,-0.0021040988000000003,-0.217085427,0.29153165000000003,1.8676382499999997
3214,-0.0021031788000000005,-0.209045226,0.29153165000000003,1.73537696
3215,-0.0021022588000000004,-0.23316582900000002,0.29153165000000003,1.69758802
3216,-0.0021013388000000006,-0.23316582900000002,0.294184916,1.65979908
3217,-0.0021004188000000004,-0.22512562800000002,0.286225118,1.69758802
3218,-0.0020994988000000003,-0.22512562800000002,0.286225118,1.7542714299999997
3219,-0.0020985788000000005,-0.209045226,0.286225118,1.88653272
3220,-0.0020976588000000003,-0.22512562800000002,0.288878384,2.03768848
3221,-0.0020967388000000006,-0.217085427,0.29153165000000003,2.2455276499999997
3222,-0.0020958188000000004,-0.217085427,0.288878384,2.43447235
3223,-0.0020948988000000003,-0.217085427,0.286225118,2.66120599
3224,-0.0020939788000000005,-0.217085427,0.286225118,2.85015069
3225,-0.0020930588000000003,-0.23316582900000002,0.288878384,3.0579898599999997
3226,-0.0020921388000000006,-0.22512562800000002,0.29153165000000003,3.19025115
3227,-0.0020912188000000004,-0.22512562800000002,0.283571852,3.26582903
3228,-0.0020902988000000003,-0.22512562800000002,0.288878384,3.36030138
3229,-0.0020893788000000005,-0.209045226,0.286225118,3.34140691
3230,-0.0020884588000000003,-0.209045226,0.286225118,3.3225124399999997
3231,-0.0020875388000000006,-0.209045226,0.286225118,3.2091456199999997
3232,-0.0020866188000000004,-0.209045226,0.286225118,3.0579898599999997
3233,-0.0020856988000000003,-0.23316582900000002,0.288878384,2.9068340999999998
3234,-0.0020847788000000005,-0.217085427,0.288878384,2.7178894
3235,-0.0020838588000000003,-0.217085427,0.288878384,2.49115576
3236,-0.0020829388000000006,-0.217085427,0.286225118,2.30221106
3237,-0.0020820188000000004,-0.217085427,0.29153165000000003,2.07547742
3238,-0.0020810988000000002,-0.217085427,0.288878384,1.92432166
3239,-0.0020801788000000005,-0.209045226,0.29153165000000003,1.7920603699999997
3240,-0.0020792588000000003,-0.22512562800000002,0.288878384,1.69758802
3241,-0.0020783388000000006,-0.22512562800000002,0.29153165000000003,1.6409046099999998
3242,-0.0020774188000000004,-0.217085427,0.29153165000000003,1.6786935499999998
3243,-0.0020764988000000002,-0.217085427,0.29153165000000003,1.73537696
3244,-0.0020755788000000005,-0.217085427,0.288878384,1.84874378
3245,-0.0020746588000000003,-0.22512562800000002,0.29153165000000003,1.98100507
3246,-0.0020737388000000006,-0.217085427,0.294184916,2.1510553
3247,-0.0020728188000000004,-0.217085427,0.288878384,2.35889447
3248,-0.0020718988000000002,-0.217085427,0.29153165000000003,2.56673364
3249,-0.0020709788000000005,-0.217085427,0.29153165000000003,2.81236175
3250,-0.0020700588000000003,-0.217085427,0.29153165000000003,3.00130645
3251,-0.0020691388000000006,-0.217085427,0.294184916,3.1713566799999997
3252,-0.0020682188000000004,-0.22512562800000002,0.294184916,3.26582903
3253,-0.0020672988000000002,-0.217085427,0.294184916,3.34140691
3254,-0.0020663788000000005,-0.22512562800000002,0.294184916,3.3225124399999997
3255,-0.0020654588000000003,-0.209045226,0.296838182,3.30361797
3256,-0.0020645388000000006,-0.22512562800000002,0.296838182,3.1713566799999997
3257,-0.0020636188000000004,-0.22512562800000002,0.294184916,3.03909539
3258,-0.0020626988000000002,-0.209045226,0.294184916,2.8690451599999998
3259,-0.0020617788000000005,-0.217085427,0.29153165000000003,2.64231152
3260,-0.0020608588000000003,-0.217085427,0.296838182,2.39668341
3261,-0.0020599388000000006,-0.217085427,0.296838182,2.18884424
3262,-0.0020590188000000004,-0.217085427,0.296838182,1.99989954
3263,-0.0020580988000000002,-0.209045226,0.294184916,1.84874378
3264,-0.0020571788000000005,-0.209045226,0.29153165000000003,1.7164824899999997
3265,-0.0020562588000000003,-0.217085427,0.29153165000000003,1.65979908
3266,-0.0020553388000000006,-0.209045226,0.288878384,1.6786935499999998
3267,-0.0020544188000000004,-0.176884422,0.288878384,1.7164824899999997
3268,-0.0020534988000000002,-0.217085427,0.288878384,1.81095484
3269,-0.0020525788000000005,-0.209045226,0.29153165000000003,1.98100507
3270,-0.0020516588000000003,-0.217085427,0.29153165000000003,2.18884424
3271,-0.0020507388000000006,-0.217085427,0.29153165000000003,2.37778894
3272,-0.0020498188000000004,-0.209045226,0.288878384,2.62341705
3273,-0.0020488988000000002,-0.217085427,0.29153165000000003,2.81236175
3274,-0.0020479788000000005,-0.217085427,0.288878384,3.00130645
3275,-0.0020470588000000003,-0.217085427,0.286225118,3.1713566799999997
3276,-0.0020461388000000006,-0.209045226,0.29153165000000003,3.2847235
3277,-0.0020452188000000004,-0.209045226,0.286225118,3.34140691
3278,-0.0020442988000000002,-0.217085427,0.286225118,3.3225124399999997
3279,-0.0020433788000000005,-0.209045226,0.288878384,3.2847235
3280,-0.0020424588000000003,-0.209045226,0.288878384,3.2091456199999997
3281,-0.0020415388000000006,-0.209045226,0.286225118,3.07688433
3282,-0.0020406188000000004,-0.22512562800000002,0.288878384,2.9068340999999998
3283,-0.0020396988000000002,-0.22512562800000002,0.288878384,2.69899493
3284,-0.0020387788000000005,-0.201005025,0.286225118,2.51005023
3285,-0.0020378588000000003,-0.209045226,0.29153165000000003,2.3211055299999996
3286,-0.0020369388000000006,-0.201005025,0.29153165000000003,2.11326636
3287,-0.0020360188000000004,-0.22512562800000002,0.288878384,1.94321613
3288,-0.0020350988,-0.217085427,0.288878384,1.8298493099999997
3289,-0.0020341788000000005,-0.217085427,0.286225118,1.69758802
3290,-0.0020332588000000003,-0.217085427,0.288878384,1.6786935499999998
3291,-0.0020323388000000006,-0.192964824,0.288878384,1.65979908
3292,-0.0020314188000000004,-0.209045226,0.288878384,1.69758802
3293,-0.0020304988000000006,-0.217085427,0.288878384,1.7920603699999997
3294,-0.0020295788000000005,-0.209045226,0.288878384,1.88653272
3295,-0.0020286588000000003,-0.22512562800000002,0.29153165000000003,2.0565829499999997
3296,-0.0020277388000000006,-0.217085427,0.288878384,2.22663318
3297,-0.0020268188000000004,-0.22512562800000002,0.29153165000000003,2.43447235
3298,-0.0020258988000000006,-0.209045226,0.29153165000000003,2.60452258
3299,-0.0020249788000000005,-0.209045226,0.294184916,2.81236175
3300,-0.0020240588000000003,-0.201005025,0.29153165000000003,3.00130645
3301,-0.0020231388000000006,-0.201005025,0.294184916,3.15246221
3302,-0.0020222188000000004,-0.209045226,0.294184916,3.2469345599999997
3303,-0.0020212988000000006,-0.209045226,0.29153165000000003,3.3225124399999997
3304,-0.0020203788000000005,-0.209045226,0.294184916,3.34140691
3305,-0.0020194588000000003,-0.209045226,0.29153165000000003,3.3225124399999997
3306,-0.0020185388000000005,-0.22512562800000002,0.294184916,3.2091456199999997
3307,-0.0020176188000000004,-0.217085427,0.29153165000000003,3.07688433
3308,-0.0020166988000000006,-0.217085427,0.296838182,2.9068340999999998
3309,-0.0020157788000000005,-0.209045226,0.299491448,2.7178894
3310,-0.0020148588000000003,-0.217085427,0.29153165000000003,2.49115576
3311,-0.0020139388000000005,-0.217085427,0.29153165000000003,2.26442212
3312,-0.0020130188000000004,-0.209045226,0.294184916,2.11326636
3313,-0.0020120988000000006,-0.217085427,0.296838182,1.94321613
3314,-0.0020111788000000005,-0.217085427,0.294184916,1.7731659
3315,-0.0020102588000000003,-0.217085427,0.29153165000000003,1.6786935499999998
3316,-0.0020093388000000005,-0.209045226,0.296838182,1.65979908
3317,-0.0020084188000000004,-0.217085427,0.294184916,1.65979908
3318,-0.0020074988000000006,-0.209045226,0.294184916,1.7542714299999997
3319,-0.0020065788000000005,-0.217085427,0.294184916,1.84874378
3320,-0.0020056588000000003,-0.217085427,0.294184916,1.98100507
3321,-0.0020047388000000005,-0.209045226,0.29153165000000003,2.2077387099999997
3322,-0.0020038188000000004,-0.209045226,0.288878384,2.39668341
3323,-0.0020028988000000006,-0.209045226,0.29153165000000003,2.60452258
3324,-0.0020019788000000005,-0.209045226,0.288878384,2.81236175
3325,-0.0020010588000000003,-0.209045226,0.288878384,3.00130645
3326,-0.0020001388000000005,-0.217085427,0.29153165000000003,3.15246221
3327,-0.0019992188000000004,-0.209045226,0.29153165000000003,3.2469345599999997
3328,-0.0019982988000000006,-0.209045226,0.294184916,3.30361797
3329,-0.0019973788000000004,-0.209045226,0.29153165000000003,3.3225124399999997
3330,-0.0019964588000000003,-0.217085427,0.288878384,3.3225124399999997
3331,-0.0019955388000000005,-0.201005025,0.286225118,3.2091456199999997
3332,-0.0019946188000000004,-0.209045226,0.288878384,3.11467327
3333,-0.0019936988000000006,-0.184924623,0.288878384,2.9446230399999997
3334,-0.0019927788000000004,-0.217085427,0.288878384,2.7178894
3335,-0.0019918588000000003,-0.217085427,0.286225118,2.51005023
3336,-0.0019909388000000005,-0.209045226,0.288878384,2.34
3337,-0.0019900188000000004,-0.217085427,0.288878384,2.1321608299999997
3338,-0.0019890988000000006,-0.209045226,0.288878384,1.9621106
3339,-0.0019881788000000004,-0.192964824,0.283571852,1.81095484
3340,-0.0019872588000000003,-0.217085427,0.288878384,1.69758802
3341,-0.0019863388000000005,-0.209045226,0.286225118,1.65979908
3342,-0.0019854188000000004,-0.217085427,0.29153165000000003,1.6409046099999998
3343,-0.0019844988000000006,-0.217085427,0.29153165000000003,1.6786935499999998
3344,-0.0019835788000000004,-0.209045226,0.29153165000000003,1.73537696
3345,-0.0019826588000000003,-0.209045226,0.286225118,1.84874378
3346,-0.0019817388000000005,-0.201005025,0.288878384,2.0187940099999997
3347,-0.0019808188000000003,-0.192964824,0.29153165000000003,2.18884424
3348,-0.0019798988000000006,-0.201005025,0.288878384,2.34
3349,-0.0019789788000000004,-0.201005025,0.29153165000000003,2.56673364
3350,-0.0019780588000000003,-0.209045226,0.288878384,2.77457281
3351,-0.0019771388000000005,-0.184924623,0.288878384,2.96351751
3352,-0.0019762188000000003,-0.209045226,0.288878384,3.07688433
3353,-0.0019752988000000006,-0.217085427,0.29153165000000003,3.22804009
3354,-0.0019743788000000004,-0.209045226,0.29153165000000003,3.2847235
3355,-0.0019734588000000003,-0.209045226,0.288878384,3.3225124399999997
3356,-0.0019725388000000005,-0.209045226,0.29153165000000003,3.3225124399999997
3357,-0.0019716188000000003,-0.201005025,0.29153165000000003,3.2847235
3358,-0.0019706988000000006,-0.209045226,0.288878384,3.1713566799999997
3359,-0.0019697788000000004,-0.209045226,0.29153165000000003,3.0579898599999997
3360,-0.0019688588000000003,-0.201005025,0.29153165000000003,2.9446230399999997
3361,-0.0019679388000000005,-0.209045226,0.29153165000000003,2.75567834
3362,-0.0019670188000000003,-0.201005025,0.294184916,2.5289447
3363,-0.0019660988000000006,-0.209045226,0.29153165000000003,2.35889447
3364,-0.0019651788000000004,-0.192964824,0.288878384,2.2077387099999997
3365,-0.0019642588000000002,-0.23316582900000002,0.288878384,2.0187940099999997
3366,-0.0019633388000000005,-0.192964824,0.296838182,1.90542719
3367,-0.0019624188000000003,-0.217085427,0.29153165000000003,1.7542714299999997
3368,-0.0019614988000000006,-0.201005025,0.294184916,1.6786935499999998
3369,-0.0019605788000000004,-0.201005025,0.29153165000000003,1.6409046099999998
3370,-0.0019596588000000002,-0.209045226,0.29153165000000003,1.6409046099999998
3371,-0.0019587388000000005,-0.201005025,0.294184916,1.73537696
3372,-0.0019578188000000003,-0.209045226,0.288878384,1.7920603699999997
3373,-0.0019568988000000006,-0.201005025,0.29153165000000003,1.9621106
3374,-0.0019559788000000004,-0.209045226,0.29153165000000003,2.11326636
3375,-0.0019550588000000002,-0.192964824,0.29153165000000003,2.2833165899999996
3376,-0.0019541388000000005,-0.201005025,0.296838182,2.51005023
3377,-0.0019532188000000003,-0.209045226,0.29153165000000003,2.66120599
3378,-0.0019522988000000006,-0.217085427,0.29153165000000003,2.88793963
3379,-0.0019513788000000004,-0.209045226,0.29153165000000003,3.03909539
3380,-0.0019504588000000002,-0.209045226,0.288878384,3.19025115
3381,-0.0019495388000000005,-0.201005025,0.29153165000000003,3.26582903
3382,-0.0019486188000000003,-0.209045226,0.29153165000000003,3.3225124399999997
3383,-0.0019476988000000006,-0.217085427,0.29153165000000003,3.36030138
3384,-0.0019467788000000004,-0.209045226,0.288878384,3.30361797
3385,-0.0019458588000000002,-0.209045226,0.288878384,3.22804009
3386,-0.0019449388000000005,-0.201005025,0.29153165000000003,3.0957787999999997
3387,-0.0019440188000000003,-0.201005025,0.288878384,3.00130645
3388,-0.0019430988000000006,-0.201005025,0.288878384,2.7934672799999998
3389,-0.0019421788000000004,-0.209045226,0.29153165000000003,2.60452258
3390,-0.0019412588000000002,-0.201005025,0.286225118,2.41557788
3391,-0.0019403388000000005,-0.209045226,0.29153165000000003,2.26442212
3392,-0.0019394188000000003,-0.192964824,0.288878384,2.07547742
3393,-0.0019384988000000006,-0.192964824,0.288878384,1.92432166
3394,-0.0019375788000000004,-0.209045226,0.288878384,1.81095484
3395,-0.0019366588000000002,-0.209045226,0.288878384,1.7164824899999997
3396,-0.0019357388000000005,-0.209045226,0.288878384,1.6786935499999998
3397,-0.0019348188000000003,-0.209045226,0.286225118,1.6409046099999998
3398,-0.0019338988000000006,-0.201005025,0.288878384,1.69758802
3399,-0.0019329788000000004,-0.201005025,0.286225118,1.7542714299999997
3400,-0.0019320588000000002,-0.201005025,0.286225118,1.8676382499999997
3401,-0.0019311388000000005,-0.192964824,0.288878384,1.99989954
3402,-0.0019302188000000003,-0.201005025,0.286225118,2.18884424
3403,-0.0019292988000000006,-0.209045226,0.288878384,2.34
3404,-0.0019283788000000004,-0.201005025,0.286225118,2.54783917
3405,-0.0019274588000000002,-0.209045226,0.286225118,2.73678387
3406,-0.0019265388000000005,-0.201005025,0.29153165000000003,2.88793963
3407,-0.0019256188000000003,-0.201005025,0.29153165000000003,3.07688433
3408,-0.0019246988000000006,-0.209045226,0.288878384,3.19025115
3409,-0.0019237788000000004,-0.209045226,0.288878384,3.2847235
3410,-0.0019228588000000002,-0.192964824,0.286225118,3.34140691
3411,-0.0019219388000000005,-0.201005025,0.29153165000000003,3.3225124399999997
3412,-0.0019210188000000003,-0.184924623,0.29153165000000003,3.2847235
3413,-0.0019200988000000006,-0.192964824,0.29153165000000003,3.1713566799999997
3414,-0.0019191788000000004,-0.201005025,0.29153165000000003,3.0579898599999997
3415,-0.0019182588000000006,-0.209045226,0.29153165000000003,2.8690451599999998
3416,-0.0019173388000000005,-0.201005025,0.288878384,2.68010046
3417,-0.0019164188000000003,-0.201005025,0.286225118,2.51005023
3418,-0.0019154988000000006,-0.201005025,0.288878384,2.3211055299999996
3419,-0.0019145788000000004,-0.209045226,0.29153165000000003,2.0943718899999997
3420,-0.0019136588000000006,-0.184924623,0.29153165000000003,1.9621106
3421,-0.0019127388000000005,-0.192964824,0.294184916,1.8298493099999997
3422,-0.0019118188000000003,-0.176884422,0.286225118,1.7164824899999997
3423,-0.0019108988000000006,-0.201005025,0.288878384,1.65979908
3424,-0.0019099788000000004,-0.201005025,0.288878384,1.6786935499999998
3425,-0.0019090588000000006,-0.201005025,0.294184916,1.69758802
3426,-0.0019081388000000005,-0.209045226,0.294184916,1.73537696
3427,-0.0019072188000000003,-0.201005025,0.294184916,1.8676382499999997
3428,-0.0019062988000000006,-0.201005025,0.294184916,2.0187940099999997
3429,-0.0019053788000000004,-0.192964824,0.294184916,2.1699497699999997
3430,-0.0019044588000000006,-0.201005025,0.29153165000000003,2.3211055299999996
3431,-0.0019035388000000005,-0.201005025,0.288878384,2.51005023
3432,-0.0019026188000000003,-0.201005025,0.29153165000000003,2.73678387
3433,-0.0019016988000000005,-0.209045226,0.29153165000000003,2.88793963
3434,-0.0019007788000000004,-0.201005025,0.29153165000000003,3.0579898599999997
3435,-0.0018998588000000006,-0.201005025,0.294184916,3.1713566799999997
3436,-0.0018989388000000005,-0.201005025,0.288878384,3.26582903
3437,-0.0018980188000000003,-0.201005025,0.29153165000000003,3.3225124399999997
3438,-0.0018970988000000005,-0.201005025,0.29153165000000003,3.34140691
3439,-0.0018961788000000004,-0.201005025,0.294184916,3.3225124399999997
3440,-0.0018952588000000006,-0.192964824,0.29153165000000003,3.2469345599999997
3441,-0.0018943388000000005,-0.201005025,0.29153165000000003,3.11467327
3442,-0.0018934188000000003,-0.209045226,0.29153165000000003,2.96351751
3443,-0.0018924988000000005,-0.201005025,0.29153165000000003,2.81236175
3444,-0.0018915788000000004,-0.201005025,0.29153165000000003,2.60452258
3445,-0.0018906588000000006,-0.209045226,0.29153165000000003,2.39668341
3446,-0.0018897388000000005,-0.201005025,0.288878384,2.2455276499999997
3447,-0.0018888188000000003,-0.201005025,0.29153165000000003,2.0565829499999997
3448,-0.0018878988000000005,-0.184924623,0.29153165000000003,1.90542719
3449,-0.0018869788000000004,-0.192964824,0.29153165000000003,1.7731659
3450,-0.0018860588000000006,-0.192964824,0.286225118,1.69758802
3451,-0.0018851388000000005,-0.209045226,0.29153165000000003,1.65979908
3452,-0.0018842188000000003,-0.201005025,0.288878384,1.65979908
3453,-0.0018832988000000005,-0.152763819,0.29153165000000003,1.73537696
3454,-0.0018823788000000004,-0.201005025,0.288878384,1.8298493099999997
3455,-0.0018814588000000006,-0.201005025,0.288878384,1.98100507
3456,-0.0018805388000000004,-0.201005025,0.288878384,2.11326636
3457,-0.0018796188000000003,-0.201005025,0.288878384,2.34
3458,-0.0018786988000000005,-0.201005025,0.288878384,2.54783917
3459,-0.0018777788000000004,-0.184924623,0.29153165000000003,2.75567834
3460,-0.0018768588000000006,-0.201005025,0.288878384,2.92572857
3461,-0.0018759388000000004,-0.192964824,0.288878384,3.0957787999999997
3462,-0.0018750188000000003,-0.201005025,0.29153165000000003,3.22804009
3463,-0.0018740988000000005,-0.201005025,0.288878384,3.30361797
3464,-0.0018731788000000004,-0.201005025,0.286225118,3.3225124399999997
3465,-0.0018722588000000006,-0.192964824,0.29153165000000003,3.30361797
3466,-0.0018713388000000004,-0.192964824,0.288878384,3.2469345599999997
3467,-0.0018704188000000003,-0.184924623,0.29153165000000003,3.11467327
3468,-0.0018694988000000005,-0.184924623,0.286225118,2.96351751
3469,-0.0018685788000000004,-0.201005025,0.29153165000000003,2.8312562199999998
3470,-0.0018676588000000006,-0.201005025,0.288878384,2.58562811
3471,-0.0018667388000000004,-0.192964824,0.288878384,2.37778894
3472,-0.0018658188000000003,-0.201005025,0.29153165000000003,2.1699497699999997
3473,-0.0018648988000000005,-0.192964824,0.29153165000000003,1.98100507
3474,-0.0018639788000000003,-0.192964824,0.29153165000000003,1.84874378
3475,-0.0018630588000000006,-0.201005025,0.288878384,1.73537696
3476,-0.0018621388000000004,-0.192964824,0.288878384,1.6786935499999998
3477,-0.0018612188000000003,-0.192964824,0.294184916,1.6409046099999998
3478,-0.0018602988000000005,-0.176884422,0.288878384,1.65979908
3479,-0.0018593788000000003,-0.192964824,0.29153165000000003,1.73537696
3480,-0.0018584588000000006,-0.192964824,0.288878384,1.84874378
3481,-0.0018575388000000004,-0.201005025,0.294184916,2.0187940099999997
3482,-0.0018566188000000003,-0.201005025,0.29153165000000003,2.1699497699999997
3483,-0.0018556988000000005,-0.192964824,0.288878384,2.34
3484,-0.0018547788000000003,-0.201005025,0.288878384,2.58562811
3485,-0.0018538588000000006,-0.201005025,0.29153165000000003,2.75567834
3486,-0.0018529388000000004,-0.176884422,0.29153165000000003,2.92572857
3487,-0.0018520188000000003,-0.192964824,0.29153165000000003,3.0957787999999997
3488,-0.0018510988000000005,-0.192964824,0.294184916,3.2469345599999997
3489,-0.0018501788000000003,-0.201005025,0.288878384,3.30361797
3490,-0.0018492588000000006,-0.192964824,0.286225118,3.3225124399999997
3491,-0.0018483388000000004,-0.192964824,0.294184916,3.30361797
3492,-0.0018474188000000002,-0.201005025,0.288878384,3.2469345599999997
3493,-0.0018464988000000005,-0.201005025,0.294184916,3.1335677399999997
3494,-0.0018455788000000003,-0.201005025,0.294184916,2.96351751
3495,-0.0018446588000000006,-0.209045226,0.294184916,2.7934672799999998
3496,-0.0018437388000000004,-0.192964824,0.29153165000000003,2.58562811
3497,-0.0018428188000000002,-0.176884422,0.296838182,2.37778894
3498,-0.0018418988000000005,-0.192964824,0.288878384,2.1699497699999997
3499,-0.0018409788000000003,-0.217085427,0.294184916,1.99989954
3500,-0.0018400588000000006,-0.192964824,0.294184916,1.84874378
3501,-0.0018391388000000004,-0.201005025,0.29153165000000003,1.7164824899999997
3502,-0.0018382188000000002,-0.192964824,0.29153165000000003,1.65979908
3503,-0.0018372988000000005,-0.201005025,0.288878384,1.6409046099999998
3504,-0.0018363788000000003,-0.192964824,0.29153165000000003,1.69758802
3505,-0.0018354588000000006,-0.192964824,0.29153165000000003,1.7731659
3506,-0.0018345388000000004,-0.176884422,0.29153165000000003,1.92432166
3507,-0.0018336188000000002,-0.192964824,0.29153165000000003,2.07547742
3508,-0.0018326988000000005,-0.192964824,0.29153165000000003,2.2833165899999996
3509,-0.0018317788000000003,-0.176884422,0.288878384,2.51005023
3510,-0.0018308588000000006,-0.201005025,0.288878384,2.7178894
3511,-0.0018299388000000004,-0.201005025,0.29153165000000003,2.88793963
3512,-0.0018290188000000002,-0.192964824,0.288878384,3.0957787999999997
3513,-0.0018280988000000005,-0.192964824,0.29153165000000003,3.2091456199999997
3514,-0.0018271788000000003,-0.192964824,0.288878384,3.30361797
3515,-0.0018262588000000006,-0.184924623,0.29153165000000003,3.3225124399999997
3516,-0.0018253388000000004,-0.192964824,0.288878384,3.3225124399999997
3517,-0.0018244188000000002,-0.201005025,0.286225118,3.22804009
3518,-0.0018234988000000005,-0.201005025,0.29153165000000003,3.15246221
3519,-0.0018225788000000003,-0.192964824,0.29153165000000003,2.96351751
3520,-0.0018216588000000006,-0.192964824,0.29153165000000003,2.7934672799999998
3521,-0.0018207388000000004,-0.192964824,0.288878384,2.58562811
3522,-0.0018198188000000002,-0.201005025,0.288878384,2.39668341
3523,-0.0018188988000000005,-0.192964824,0.288878384,2.1510553
3524,-0.0018179788000000003,-0.184924623,0.288878384,1.99989954
3525,-0.0018170588000000006,-0.184924623,0.288878384,1.8676382499999997
3526,-0.0018161388000000004,-0.192964824,0.288878384,1.7164824899999997
3527,-0.0018152188000000002,-0.192964824,0.29153165000000003,1.69758802
3528,-0.0018142988000000005,-0.192964824,0.286225118,1.6409046099999998
3529,-0.0018133788000000003,-0.192964824,0.29153165000000003,1.65979908
3530,-0.0018124588000000006,-0.192964824,0.288878384,1.73537696
3531,-0.0018115388000000004,-0.192964824,0.288878384,1.8676382499999997
3532,-0.0018106188000000002,-0.176884422,0.288878384,2.0187940099999997
3533,-0.0018096988000000005,-0.184924623,0.29153165000000003,2.18884424
3534,-0.0018087788000000003,-0.192964824,0.288878384,2.37778894
3535,-0.0018078588000000006,-0.192964824,0.288878384,2.62341705
3536,-0.0018069388000000004,-0.192964824,0.288878384,2.81236175
3537,-0.0018060188000000002,-0.201005025,0.294184916,2.9824119799999997
3538,-0.0018050988000000005,-0.201005025,0.288878384,3.11467327
3539,-0.0018041788000000003,-0.192964824,0.29153165000000003,3.22804009
3540,-0.0018032588000000006,-0.184924623,0.288878384,3.2847235
3541,-0.0018023388000000004,-0.192964824,0.29153165000000003,3.3225124399999997
3542,-0.0018014188000000006,-0.192964824,0.29153165000000003,3.26582903
3543,-0.0018004988000000005,-0.184924623,0.294184916,3.2091456199999997
3544,-0.0017995788000000003,-0.184924623,0.288878384,3.07688433
3545,-0.0017986588000000006,-0.184924623,0.29153165000000003,2.92572857
3546,-0.0017977388000000004,-0.192964824,0.29153165000000003,2.73678387
3547,-0.0017968188000000006,-0.192964824,0.29153165000000003,2.47226129
3548,-0.0017958988000000005,-0.192964824,0.29153165000000003,2.2833165899999996
3549,-0.0017949788000000003,-0.201005025,0.29153165000000003,2.07547742
3550,-0.0017940588000000006,-0.176884422,0.294184916,1.88653272
3551,-0.0017931388000000004,-0.192964824,0.288878384,1.7542714299999997
3552,-0.0017922188000000006,-0.184924623,0.288878384,1.65979908
3553,-0.0017912988000000005,-0.192964824,0.294184916,1.6409046099999998
3554,-0.0017903788000000003,-0.192964824,0.294184916,1.65979908
3555,-0.0017894588000000006,-0.209045226,0.294184916,1.7542714299999997
3556,-0.0017885388000000004,-0.192964824,0.29153165000000003,1.88653272
3557,-0.0017876188000000006,-0.192964824,0.29153165000000003,2.0187940099999997
3558,-0.0017866988000000005,-0.192964824,0.29153165000000003,2.2077387099999997
3559,-0.0017857788000000003,-0.201005025,0.296838182,2.43447235
3560,-0.0017848588000000006,-0.192964824,0.29153165000000003,2.66120599
3561,-0.0017839388000000004,-0.184924623,0.288878384,2.85015069
3562,-0.0017830188000000006,-0.184924623,0.288878384,3.03909539
3563,-0.0017820988000000005,-0.184924623,0.288878384,3.15246221
3564,-0.0017811788000000003,-0.184924623,0.288878384,3.2469345599999997
3565,-0.0017802588000000005,-0.192964824,0.294184916,3.2847235
3566,-0.0017793388000000004,-0.192964824,0.288878384,3.30361797
3567,-0.0017784188000000006,-0.192964824,0.288878384,3.26582903
3568,-0.0017774988000000005,-0.184924623,0.29153165000000003,3.2091456199999997
3569,-0.0017765788000000003,-0.184924623,0.29153165000000003,3.07688433
3570,-0.0017756588000000005,-0.16884422100000002,0.29153165000000003,2.9068340999999998
3571,-0.0017747388000000004,-0.176884422,0.29153165000000003,2.7178894
3572,-0.0017738188000000006,-0.201005025,0.29153165000000003,2.54783917
3573,-0.0017728988000000005,-0.184924623,0.288878384,2.3211055299999996
3574,-0.0017719788000000003,-0.176884422,0.294184916,2.1321608299999997
3575,-0.0017710588000000005,-0.201005025,0.29153165000000003,1.9621106
3576,-0.0017701388000000004,-0.192964824,0.294184916,1.84874378
3577,-0.0017692188000000006,-0.192964824,0.286225118,1.7164824899999997
3578,-0.0017682988000000005,-0.184924623,0.288878384,1.65979908
3579,-0.0017673788000000003,-0.192964824,0.29153165000000003,1.65979908
3580,-0.0017664588000000005,-0.184924623,0.29153165000000003,1.65979908
3581,-0.0017655388000000004,-0.184924623,0.29153165000000003,1.7542714299999997
3582,-0.0017646188000000006,-0.184924623,0.29153165000000003,1.8298493099999997
3583,-0.0017636988000000004,-0.184924623,0.29153165000000003,1.9621106
3584,-0.0017627788000000003,-0.184924623,0.288878384,2.1510553
3585,-0.0017618588000000005,-0.176884422,0.29153165000000003,2.37778894
3586,-0.0017609388000000004,-0.176884422,0.288878384,2.5289447
3587,-0.0017600188000000006,-0.201005025,0.288878384,2.73678387
3588,-0.0017590988000000004,-0.184924623,0.29153165000000003,2.9068340999999998
3589,-0.0017581788000000003,-0.16884422100000002,0.286225118,3.07688433
3590,-0.0017572588000000005,-0.192964824,0.288878384,3.1713566799999997
3591,-0.0017563388000000004,-0.184924623,0.288878384,3.2847235
3592,-0.0017554188000000006,-0.192964824,0.29153165000000003,3.3225124399999997
3593,-0.0017544988000000004,-0.176884422,0.288878384,3.3225124399999997
3594,-0.0017535788000000003,-0.176884422,0.29153165000000003,3.2847235
3595,-0.0017526588000000005,-0.176884422,0.29153165000000003,3.19025115
3596,-0.0017517388000000004,-0.184924623,0.288878384,3.07688433
3597,-0.0017508188000000006,-0.184924623,0.288878384,2.8690451599999998
3598,-0.0017498988000000004,-0.184924623,0.288878384,2.68010046
3599,-0.0017489788000000003,-0.184924623,0.29153165000000003,2.47226129
3600,-0.0017480588000000005,-0.184924623,0.288878384,2.26442212
3601,-0.0017471388000000003,-0.176884422,0.288878384,2.03768848
3602,-0.0017462188000000006,-0.184924623,0.29153165000000003,1.88653272
3603,-0.0017452988000000004,-0.184924623,0.288878384,1.7731659
3604,-0.0017443788000000003,-0.16080402,0.288878384,1.6786935499999998
3605,-0.0017434588000000005,-0.184924623,0.29153165000000003,1.65979908
3606,-0.0017425388000000003,-0.184924623,0.294184916,1.65979908
3607,-0.0017416188000000006,-0.184924623,0.29153165000000003,1.7164824899999997
3608,-0.0017406988000000004,-0.192964824,0.288878384,1.84874378
3609,-0.0017397788000000003,-0.176884422,0.29153165000000003,1.99989954
3610,-0.0017388588000000005,-0.176884422,0.29153165000000003,2.1699497699999997
3611,-0.0017379388000000003,-0.176884422,0.288878384,2.37778894
3612,-0.0017370188000000006,-0.176884422,0.294184916,2.56673364
3613,-0.0017360988000000004,-0.184924623,0.29153165000000003,2.75567834
3614,-0.0017351788000000003,-0.184924623,0.29153165000000003,2.9824119799999997
3615,-0.0017342588000000005,-0.192964824,0.29153165000000003,3.1335677399999997
3616,-0.0017333388000000003,-0.184924623,0.29153165000000003,3.2469345599999997
3617,-0.0017324188000000006,-0.184924623,0.288878384,3.30361797
3618,-0.0017314988000000004,-0.176884422,0.29153165000000003,3.30361797
3619,-0.0017305788000000003,-0.184924623,0.29153165000000003,3.3225124399999997
3620,-0.0017296588000000005,-0.176884422,0.29153165000000003,3.19025115
3621,-0.0017287388000000003,-0.184924623,0.29153165000000003,3.11467327
3622,-0.0017278188000000006,-0.16884422100000002,0.29153165000000003,2.9446230399999997
3623,-0.0017268988000000004,-0.176884422,0.288878384,2.77457281
3624,-0.0017259788000000002,-0.184924623,0.288878384,2.56673364
3625,-0.0017250588000000005,-0.192964824,0.288878384,2.35889447
3626,-0.0017241388000000003,-0.184924623,0.288878384,2.1510553
3627,-0.0017232188000000006,-0.176884422,0.29153165000000003,1.99989954
3628,-0.0017222988000000004,-0.16884422100000002,0.288878384,1.8676382499999997
3629,-0.0017213788000000002,-0.176884422,0.288878384,1.73537696
3630,-0.0017204588000000005,-0.184924623,0.288878384,1.65979908
3631,-0.0017195388000000003,-0.184924623,0.286225118,1.65979908
3632,-0.0017186188000000006,-0.184924623,0.288878384,1.65979908
3633,-0.0017176988000000004,-0.184924623,0.29153165000000003,1.7164824899999997
3634,-0.0017167788000000002,-0.176884422,0.29153165000000003,1.7731659
3635,-0.0017158588000000005,-0.192964824,0.29153165000000003,1.92432166
3636,-0.0017149388000000003,-0.184924623,0.29153165000000003,2.11326636
3637,-0.0017140188000000006,-0.16884422100000002,0.288878384,2.3211055299999996
3638,-0.0017130988000000004,-0.16884422100000002,0.288878384,2.51005023
3639,-0.0017121788000000002,-0.16884422100000002,0.29153165000000003,2.68010046
3640,-0.0017112588000000005,-0.176884422,0.288878384,2.85015069
3641,-0.0017103388000000003,-0.16884422100000002,0.29153165000000003,3.0202009199999997
3642,-0.0017094188000000006,-0.176884422,0.29153165000000003,3.1713566799999997
3643,-0.0017084988000000004,-0.176884422,0.288878384,3.26582903
3644,-0.0017075788000000002,-0.184924623,0.288878384,3.2847235
3645,-0.0017066588000000005,-0.184924623,0.288878384,3.3225124399999997
3646,-0.0017057388000000003,-0.176884422,0.29153165000000003,3.30361797
3647,-0.0017048188000000006,-0.192964824,0.288878384,3.2091456199999997
3648,-0.0017038988000000004,-0.176884422,0.288878384,3.0957787999999997
3649,-0.0017029788000000002,-0.16884422100000002,0.288878384,2.92572857
3650,-0.0017020588000000005,-0.176884422,0.288878384,2.73678387
3651,-0.0017011388000000003,-0.176884422,0.29153165000000003,2.5289447
3652,-0.0017002188000000006,-0.201005025,0.288878384,2.30221106
3653,-0.0016992988000000004,-0.176884422,0.288878384,2.1510553
3654,-0.0016983788000000002,-0.184924623,0.288878384,1.9621106
3655,-0.0016974588000000005,-0.16080402,0.288878384,1.81095484
3656,-0.0016965388000000003,-0.192964824,0.29153165000000003,1.7164824899999997
3657,-0.0016956188000000006,-0.184924623,0.288878384,1.6786935499999998
3658,-0.0016946988000000004,-0.176884422,0.288878384,1.65979908
3659,-0.0016937788000000002,-0.16080402,0.288878384,1.6786935499999998
3660,-0.0016928588000000005,-0.16884422100000002,0.294184916,1.7920603699999997
3661,-0.0016919388000000003,-0.176884422,0.29153165000000003,1.94321613
3662,-0.0016910188000000006,-0.176884422,0.288878384,2.07547742
3663,-0.0016900988000000004,-0.184924623,0.294184916,2.2455276499999997
3664,-0.0016891788000000007,-0.176884422,0.29153165000000003,2.45336682
3665,-0.0016882588000000005,-0.176884422,0.288878384,2.66120599
3666,-0.0016873388000000003,-0.176884422,0.29153165000000003,2.8312562199999998
3667,-0.0016864188000000006,-0.184924623,0.294184916,3.0202009199999997
3668,-0.0016854988000000004,-0.184924623,0.288878384,3.1713566799999997
3669,-0.0016845788000000006,-0.16884422100000002,0.29153165000000003,3.26582903
3670,-0.0016836588000000005,-0.176884422,0.296838182,3.3225124399999997
3671,-0.0016827388000000003,-0.176884422,0.29153165000000003,3.3225124399999997
3672,-0.0016818188000000006,-0.16884422100000002,0.29153165000000003,3.26582903
3673,-0.0016808988000000004,-0.184924623,0.294184916,3.15246221
3674,-0.0016799788000000006,-0.184924623,0.294184916,3.03909539
3675,-0.0016790588000000005,-0.176884422,0.294184916,2.8690451599999998
3676,-0.0016781388000000003,-0.176884422,0.29153165000000003,2.68010046
3677,-0.0016772188000000006,-0.16884422100000002,0.294184916,2.45336682
3678,-0.0016762988000000004,-0.16884422100000002,0.29153165000000003,2.2455276499999997
3679,-0.0016753788000000006,-0.16884422100000002,0.29153165000000003,2.0943718899999997
3680,-0.0016744588000000005,-0.184924623,0.29153165000000003,1.92432166
3681,-0.0016735388000000003,-0.16884422100000002,0.29153165000000003,1.7920603699999997
3682,-0.0016726188000000006,-0.176884422,0.29153165000000003,1.7164824899999997
3683,-0.0016716988000000004,-0.184924623,0.29153165000000003,1.62201014
3684,-0.0016707788000000006,-0.176884422,0.294184916,1.69758802
3685,-0.0016698588000000005,-0.176884422,0.29153165000000003,1.7164824899999997
3686,-0.0016689388000000003,-0.16884422100000002,0.29153165000000003,1.8298493099999997
3687,-0.0016680188000000006,-0.184924623,0.294184916,1.98100507
3688,-0.0016670988000000004,-0.16884422100000002,0.288878384,2.1510553
3689,-0.0016661788000000006,-0.176884422,0.29153165000000003,2.35889447
3690,-0.0016652588000000005,-0.176884422,0.29153165000000003,2.54783917
3691,-0.0016643388000000003,-0.176884422,0.288878384,2.75567834
3692,-0.0016634188000000005,-0.184924623,0.29153165000000003,2.9446230399999997
3693,-0.0016624988000000004,-0.176884422,0.288878384,3.0957787999999997
3694,-0.0016615788000000006,-0.176884422,0.29153165000000003,3.26582903
3695,-0.0016606588000000005,-0.184924623,0.294184916,3.30361797
3696,-0.0016597388000000003,-0.176884422,0.29153165000000003,3.34140691
3697,-0.0016588188000000005,-0.16884422100000002,0.288878384,3.26582903
3698,-0.0016578988000000004,-0.176884422,0.29153165000000003,3.19025115
3699,-0.0016569788000000006,-0.16884422100000002,0.29153165000000003,3.07688433
3700,-0.0016560588000000005,-0.176884422,0.29153165000000003,2.88793963
3701,-0.0016551388000000003,-0.16080402,0.29153165000000003,2.7178894
3702,-0.0016542188000000005,-0.176884422,0.29153165000000003,2.49115576
3703,-0.0016532988000000004,-0.176884422,0.29153165000000003,2.2833165899999996
3704,-0.0016523788000000006,-0.16884422100000002,0.288878384,2.0943718899999997
3705,-0.0016514588000000005,-0.16884422100000002,0.29153165000000003,1.94321613
3706,-0.0016505388000000003,-0.176884422,0.288878384,1.7731659
3707,-0.0016496188000000005,-0.176884422,0.29153165000000003,1.6786935499999998
3708,-0.0016486988000000004,-0.16884422100000002,0.288878384,1.65979908
3709,-0.0016477788000000006,-0.16884422100000002,0.29153165000000003,1.6409046099999998
3710,-0.0016468588000000004,-0.176884422,0.288878384,1.7542714299999997
3711,-0.0016459388000000003,-0.176884422,0.288878384,1.84874378
3712,-0.0016450188000000005,-0.16884422100000002,0.288878384,1.98100507
3713,-0.0016440988000000004,-0.176884422,0.286225118,2.1510553
3714,-0.0016431788000000006,-0.16884422100000002,0.29153165000000003,2.35889447
3715,-0.0016422588000000004,-0.176884422,0.288878384,2.54783917
3716,-0.0016413388000000003,-0.16884422100000002,0.288878384,2.75567834
3717,-0.0016404188000000005,-0.16884422100000002,0.288878384,2.9068340999999998
3718,-0.0016394988000000004,-0.16080402,0.286225118,3.0957787999999997
3719,-0.0016385788000000006,-0.16884422100000002,0.29153165000000003,3.2091456199999997
3720,-0.0016376588000000004,-0.16080402,0.288878384,3.2847235
3721,-0.0016367388000000003,-0.16884422100000002,0.288878384,3.3225124399999997
3722,-0.0016358188000000005,-0.184924623,0.29153165000000003,3.2847235
3723,-0.0016348988000000004,-0.176884422,0.29153165000000003,3.2469345599999997
3724,-0.0016339788000000006,-0.176884422,0.294184916,3.11467327
3725,-0.0016330588000000004,-0.16884422100000002,0.29153165000000003,2.96351751
3726,-0.0016321388000000003,-0.16884422100000002,0.294184916,2.7934672799999998
3727,-0.0016312188000000005,-0.16884422100000002,0.286225118,2.60452258
3728,-0.0016302988000000003,-0.16884422100000002,0.288878384,2.35889447
3729,-0.0016293788000000006,-0.16080402,0.29153165000000003,2.1699497699999997
3730,-0.0016284588000000004,-0.16884422100000002,0.29153165000000003,1.99989954
3731,-0.0016275388000000003,-0.16884422100000002,0.294184916,1.84874378
3732,-0.0016266188000000005,-0.16884422100000002,0.29153165000000003,1.7164824899999997
3733,-0.0016256988000000003,-0.176884422,0.288878384,1.6786935499999998
3734,-0.0016247788000000006,-0.176884422,0.29153165000000003,1.65979908
3735,-0.0016238588000000004,-0.176884422,0.29153165000000003,1.69758802
3736,-0.0016229388000000003,-0.16080402,0.288878384,1.7920603699999997
3737,-0.0016220188000000005,-0.16080402,0.296838182,1.92432166
3738,-0.0016210988000000003,-0.16884422100000002,0.29153165000000003,2.11326636
3739,-0.0016201788000000006,-0.16884422100000002,0.29153165000000003,2.34
3740,-0.0016192588000000004,-0.16884422100000002,0.294184916,2.56673364
3741,-0.0016183388000000003,-0.16884422100000002,0.294184916,2.77457281
3742,-0.0016174188000000005,-0.176884422,0.29153165000000003,2.96351751
3743,-0.0016164988000000003,-0.16884422100000002,0.29153165000000003,3.11467327
3744,-0.0016155788000000006,-0.16884422100000002,0.294184916,3.26582903
3745,-0.0016146588000000004,-0.16884422100000002,0.294184916,3.3225124399999997
3746,-0.0016137388000000003,-0.16884422100000002,0.288878384,3.3225124399999997
3747,-0.0016128188000000005,-0.16884422100000002,0.29153165000000003,3.26582903
3748,-0.0016118988000000003,-0.176884422,0.29153165000000003,3.1713566799999997
3749,-0.0016109788000000006,-0.16884422100000002,0.29153165000000003,3.03909539
3750,-0.0016100588000000004,-0.16884422100000002,0.29153165000000003,2.7934672799999998
3751,-0.0016091388000000002,-0.16080402,0.286225118,2.58562811
3752,-0.0016082188000000005,-0.16884422100000002,0.29153165000000003,2.37778894
3753,-0.0016072988000000003,-0.16884422100000002,0.29153165000000003,2.18884424
3754,-0.0016063788000000006,-0.16884422100000002,0.29153165000000003,1.98100507
3755,-0.0016054588000000004,-0.16080402,0.29153165000000003,1.8298493099999997
3756,-0.0016045388000000002,-0.16080402,0.288878384,1.7164824899999997
3757,-0.0016036188000000005,-0.176884422,0.286225118,1.65979908
3758,-0.0016026988000000003,-0.176884422,0.288878384,1.6409046099999998
3759,-0.0016017788000000006,-0.144723618,0.288878384,1.69758802
3760,-0.0016008588000000004,-0.16884422100000002,0.288878384,1.7920603699999997
3761,-0.0015999388000000002,-0.176884422,0.288878384,1.92432166
3762,-0.0015990188000000005,-0.16884422100000002,0.286225118,2.1321608299999997
3763,-0.0015980988000000003,-0.184924623,0.286225118,2.34
3764,-0.0015971788000000006,-0.16080402,0.288878384,2.54783917
3765,-0.0015962588000000004,-0.16080402,0.288878384,2.77457281
3766,-0.0015953388000000002,-0.16080402,0.288878384,2.9446230399999997
3767,-0.0015944188000000005,-0.16080402,0.286225118,3.1335677399999997
3768,-0.0015934988000000003,-0.16080402,0.288878384,3.26582903
3769,-0.0015925788000000006,-0.16080402,0.288878384,3.3225124399999997
3770,-0.0015916588000000004,-0.16884422100000002,0.288878384,3.3225124399999997
3771,-0.0015907388000000002,-0.176884422,0.288878384,3.2847235
3772,-0.0015898188000000005,-0.16884422100000002,0.288878384,3.22804009
3773,-0.0015888988000000003,-0.16884422100000002,0.294184916,3.03909539
3774,-0.0015879788000000006,-0.16884422100000002,0.288878384,2.8690451599999998
3775,-0.0015870588000000004,-0.16884422100000002,0.29153165000000003,2.66120599
3776,-0.0015861388000000002,-0.16884422100000002,0.288878384,2.49115576
3777,-0.0015852188000000005,-0.152763819,0.288878384,2.2455276499999997
3778,-0.0015842988000000003,-0.16884422100000002,0.288878384,2.0565829499999997
3779,-0.0015833788000000006,-0.16884422100000002,0.286225118,1.88653272
3780,-0.0015824588000000004,-0.152763819,0.29153165000000003,1.7542714299999997
3781,-0.0015815388000000002,-0.16884422100000002,0.288878384,1.6409046099999998
3782,-0.0015806188000000005,-0.16884422100000002,0.288878384,1.6409046099999998
3783,-0.0015796988000000003,-0.16884422100000002,0.29153165000000003,1.65979908
3784,-0.0015787788000000006,-0.16884422100000002,0.294184916,1.7731659
3785,-0.0015778588000000004,-0.16884422100000002,0.294184916,1.8676382499999997
3786,-0.0015769388000000007,-0.16884422100000002,0.29153165000000003,2.03768848
3787,-0.0015760188000000005,-0.16080402,0.29153165000000003,2.2077387099999997
3788,-0.0015750988000000003,-0.16884422100000002,0.29153165000000003,2.41557788
3789,-0.0015741788000000006,-0.16884422100000002,0.29153165000000003,2.66120599
3790,-0.0015732588000000004,-0.16080402,0.294184916,2.81236175
3791,-0.0015723388000000007,-0.16884422100000002,0.294184916,3.03909539
3792,-0.0015714188000000005,-0.16884422100000002,0.29153165000000003,3.1713566799999997
3793,-0.0015704988000000003,-0.16884422100000002,0.29153165000000003,3.2847235
3794,-0.0015695788000000006,-0.16080402,0.294184916,3.3225124399999997
3795,-0.0015686588000000004,-0.16080402,0.294184916,3.3225124399999997
3796,-0.0015677388000000007,-0.144723618,0.29153165000000003,3.2847235
3797,-0.0015668188000000005,-0.16080402,0.29153165000000003,3.1335677399999997
3798,-0.0015658988000000003,-0.16080402,0.29153165000000003,3.0202009199999997
3799,-0.0015649788000000006,-0.16884422100000002,0.294184916,2.8312562199999998
3800,-0.0015640588000000004,-0.16884422100000002,0.29153165000000003,2.62341705
3801,-0.0015631388000000006,-0.16884422100000002,0.294184916,2.41557788
3802,-0.0015622188000000005,-0.16080402,0.294184916,2.22663318
3803,-0.0015612988000000003,-0.16884422100000002,0.288878384,2.03768848
3804,-0.0015603788000000006,-0.144723618,0.29153165000000003,1.84874378
3805,-0.0015594588000000004,-0.16080402,0.29153165000000003,1.7164824899999997
3806,-0.0015585388000000006,-0.16884422100000002,0.288878384,1.65979908
3807,-0.0015576188000000005,-0.16884422100000002,0.288878384,1.6409046099999998
3808,-0.0015566988000000003,-0.16080402,0.29153165000000003,1.69758802
3809,-0.0015557788000000006,-0.16884422100000002,0.288878384,1.7542714299999997
3810,-0.0015548588000000004,-0.16080402,0.29153165000000003,1.90542719
3811,-0.0015539388000000006,-0.16080402,0.29153165000000003,2.0565829499999997
3812,-0.0015530188000000005,-0.16080402,0.288878384,2.2833165899999996
3813,-0.0015520988000000003,-0.16884422100000002,0.29153165000000003,2.47226129
3814,-0.0015511788000000006,-0.16080402,0.29153165000000003,2.7178894
3815,-0.0015502588000000004,-0.16080402,0.288878384,2.9068340999999998
3816,-0.0015493388000000006,-0.152763819,0.288878384,3.07688433
3817,-0.0015484188000000005,-0.16080402,0.288878384,3.19025115
3818,-0.0015474988000000003,-0.16884422100000002,0.286225118,3.30361797
3819,-0.0015465788000000005,-0.152763819,0.288878384,3.34140691
3820,-0.0015456588000000004,-0.152763819,0.286225118,3.2847235
3821,-0.0015447388000000006,-0.16080402,0.288878384,3.2091456199999997
3822,-0.0015438188000000005,-0.16080402,0.286225118,3.07688433
3823,-0.0015428988000000003,-0.16884422100000002,0.29153165000000003,2.88793963
3824,-0.0015419788000000005,-0.152763819,0.288878384,2.7178894
3825,-0.0015410588000000004,-0.152763819,0.286225118,2.47226129
3826,-0.0015401388000000006,-0.16884422100000002,0.286225118,2.26442212
3827,-0.0015392188000000005,-0.16080402,0.288878384,2.0943718899999997
3828,-0.0015382988000000003,-0.16080402,0.286225118,1.90542719
3829,-0.0015373788000000005,-0.16080402,0.286225118,1.7920603699999997
3830,-0.0015364588000000004,-0.16884422100000002,0.286225118,1.69758802
3831,-0.0015355388000000006,-0.16080402,0.286225118,1.6409046099999998
3832,-0.0015346188000000005,-0.16080402,0.29153165000000003,1.65979908
3833,-0.0015336988000000003,-0.152763819,0.288878384,1.7164824899999997
3834,-0.0015327788000000005,-0.144723618,0.294184916,1.84874378
3835,-0.0015318588000000004,-0.152763819,0.288878384,1.98100507
3836,-0.0015309388000000006,-0.144723618,0.288878384,2.18884424
3837,-0.0015300188000000004,-0.16884422100000002,0.29153165000000003,2.37778894
3838,-0.0015290988000000003,-0.16080402,0.288878384,2.60452258
3839,-0.0015281788000000005,-0.16884422100000002,0.296838182,2.77457281
3840,-0.0015272588000000004,-0.16884422100000002,0.29153165000000003,2.9824119799999997
3841,-0.0015263388000000006,-0.16080402,0.29153165000000003,3.1335677399999997
3842,-0.0015254188000000004,-0.16884422100000002,0.29153165000000003,3.2469345599999997
3843,-0.0015244988000000003,-0.152763819,0.294184916,3.30361797
3844,-0.0015235788000000005,-0.152763819,0.294184916,3.30361797
3845,-0.0015226588000000004,-0.152763819,0.294184916,3.2847235
3846,-0.0015217388000000006,-0.16080402,0.29153165000000003,3.2091456199999997
3847,-0.0015208188000000004,-0.16080402,0.29153165000000003,3.0957787999999997
3848,-0.0015198988000000003,-0.16884422100000002,0.29153165000000003,2.92572857
3849,-0.0015189788000000005,-0.16080402,0.288878384,2.69899493
3850,-0.0015180588000000004,-0.136683417,0.294184916,2.5289447
3851,-0.0015171388000000006,-0.16080402,0.29153165000000003,2.34
3852,-0.0015162188000000004,-0.152763819,0.294184916,2.1321608299999997
3853,-0.0015152988000000003,-0.152763819,0.294184916,1.9621106
3854,-0.0015143788000000005,-0.144723618,0.29153165000000003,1.8298493099999997
3855,-0.0015134588000000004,-0.152763819,0.294184916,1.69758802
3856,-0.0015125388000000006,-0.152763819,0.294184916,1.6409046099999998
3857,-0.0015116188000000004,-0.16080402,0.294184916,1.62201014
3858,-0.0015106988000000003,-0.152763819,0.29153165000000003,1.6786935499999998
3859,-0.0015097788000000005,-0.152763819,0.29153165000000003,1.7542714299999997
3860,-0.0015088588000000003,-0.144723618,0.29153165000000003,1.88653272
3861,-0.0015079388000000006,-0.152763819,0.29153165000000003,2.0565829499999997
3862,-0.0015070188000000004,-0.152763819,0.29153165000000003,2.26442212
3863,-0.0015060988000000003,-0.152763819,0.288878384,2.47226129
3864,-0.0015051788000000005,-0.152763819,0.288878384,2.68010046
3865,-0.0015042588000000003,-0.152763819,0.288878384,2.9068340999999998
3866,-0.0015033388000000006,-0.16080402,0.288878384,3.03909539
3867,-0.0015024188000000004,-0.16884422100000002,0.294184916,3.19025115
3868,-0.0015014988000000003,-0.144723618,0.29153165000000003,3.2847235
3869,-0.0015005788000000005,-0.16080402,0.296838182,3.30361797
3870,-0.0014996588000000003,-0.16080402,0.288878384,3.3225124399999997
3871,-0.0014987388000000006,-0.16080402,0.288878384,3.2469345599999997
3872,-0.0014978188000000004,-0.144723618,0.288878384,3.1713566799999997
3873,-0.0014968988000000003,-0.144723618,0.29153165000000003,3.0202009199999997
3874,-0.0014959788000000005,-0.152763819,0.288878384,2.8312562199999998
3875,-0.0014950588000000003,-0.144723618,0.286225118,2.64231152
3876,-0.0014941388000000006,-0.152763819,0.286225118,2.41557788
3877,-0.0014932188000000004,-0.16884422100000002,0.288878384,2.2077387099999997
3878,-0.0014922988000000002,-0.152763819,0.29153165000000003,1.98100507
3879,-0.0014913788000000005,-0.16080402,0.288878384,1.84874378
3880,-0.0014904588000000003,-0.16884422100000002,0.288878384,1.7164824899999997
3881,-0.0014895388000000006,-0.16080402,0.288878384,1.65979908
3882,-0.0014886188000000004,-0.16080402,0.288878384,1.6409046099999998
3883,-0.0014876988000000002,-0.152763819,0.288878384,1.69758802
3884,-0.0014867788000000005,-0.152763819,0.286225118,1.7542714299999997
3885,-0.0014858588000000003,-0.152763819,0.29153165000000003,1.92432166
3886,-0.0014849388000000006,-0.16884422100000002,0.29153165000000003,2.11326636
3887,-0.0014840188000000004,-0.16884422100000002,0.288878384,2.2833165899999996
3888,-0.0014830988000000002,-0.152763819,0.288878384,2.51005023
3889,-0.0014821788000000005,-0.16080402,0.288878384,2.73678387
3890,-0.0014812588000000003,-0.152763819,0.288878384,2.92572857
3891,-0.0014803388000000006,-0.144723618,0.29153165000000003,3.0957787999999997
3892,-0.0014794188000000004,-0.152763819,0.288878384,3.2091456199999997
3893,-0.0014784988000000002,-0.144723618,0.288878384,3.26582903
3894,-0.0014775788000000005,-0.16080402,0.288878384,3.3225124399999997
3895,-0.0014766588000000003,-0.152763819,0.288878384,3.26582903
3896,-0.0014757388000000006,-0.16884422100000002,0.288878384,3.22804009
3897,-0.0014748188000000004,-0.16080402,0.294184916,3.07688433
3898,-0.0014738988000000002,-0.16080402,0.29153165000000003,2.92572857
3899,-0.0014729788000000005,-0.152763819,0.294184916,2.7178894
3900,-0.0014720588000000003,-0.144723618,0.294184916,2.49115576
3901,-0.0014711388000000006,-0.144723618,0.294184916,2.2833165899999996
3902,-0.0014702188000000004,-0.152763819,0.294184916,2.07547742
3903,-0.0014692988000000002,-0.144723618,0.288878384,1.94321613
3904,-0.0014683788000000005,-0.152763819,0.294184916,1.7920603699999997
3905,-0.0014674588000000003,-0.144723618,0.29153165000000003,1.69758802
3906,-0.0014665388000000006,-0.16080402,0.294184916,1.6409046099999998
3907,-0.0014656188000000004,-0.16884422100000002,0.29153165000000003,1.65979908
3908,-0.0014646988000000002,-0.16080402,0.294184916,1.7164824899999997
3909,-0.0014637788000000005,-0.144723618,0.294184916,1.8298493099999997
3910,-0.0014628588000000003,-0.152763819,0.294184916,1.94321613
3911,-0.0014619388000000006,-0.152763819,0.294184916,2.1510553
3912,-0.0014610188000000004,-0.152763819,0.296838182,2.35889447
3913,-0.0014600988000000007,-0.16080402,0.296838182,2.56673364
3914,-0.0014591788000000005,-0.152763819,0.29153165000000003,2.81236175
3915,-0.0014582588000000003,-0.152763819,0.288878384,2.96351751
3916,-0.0014573388000000006,-0.152763819,0.294184916,3.1335677399999997
3917,-0.0014564188000000004,-0.144723618,0.29153165000000003,3.2469345599999997
3918,-0.0014554988000000007,-0.144723618,0.29153165000000003,3.30361797
3919,-0.0014545788000000005,-0.152763819,0.29153165000000003,3.30361797
3920,-0.0014536588000000003,-0.152763819,0.29153165000000003,3.2847235
3921,-0.0014527388000000006,-0.144723618,0.288878384,3.2091456199999997
3922,-0.0014518188000000004,-0.152763819,0.288878384,3.07688433
3923,-0.0014508988000000007,-0.152763819,0.288878384,2.8690451599999998
3924,-0.0014499788000000005,-0.144723618,0.29153165000000003,2.68010046
3925,-0.0014490588000000003,-0.16080402,0.29153165000000003,2.47226129
3926,-0.0014481388000000006,-0.152763819,0.29153165000000003,2.2455276499999997
3927,-0.0014472188000000004,-0.144723618,0.288878384,2.0565829499999997
3928,-0.0014462988000000006,-0.144723618,0.288878384,1.88653272
3929,-0.0014453788000000005,-0.152763819,0.288878384,1.7542714299999997
3930,-0.0014444588000000003,-0.144723618,0.286225118,1.6786935499999998
3931,-0.0014435388000000006,-0.152763819,0.288878384,1.65979908
3932,-0.0014426188000000004,-0.152763819,0.286225118,1.6409046099999998
3933,-0.0014416988000000006,-0.16884422100000002,0.286225118,1.7542714299999997
3934,-0.0014407788000000005,-0.152763819,0.288878384,1.84874378
3935,-0.0014398588000000003,-0.144723618,0.288878384,2.03768848
3936,-0.0014389388000000006,-0.136683417,0.286225118,2.2455276499999997
3937,-0.0014380188000000004,-0.152763819,0.286225118,2.47226129
3938,-0.0014370988000000006,-0.152763819,0.286225118,2.68010046
3939,-0.0014361788000000005,-0.136683417,0.288878384,2.8690451599999998
3940,-0.0014352588000000003,-0.136683417,0.288878384,3.0579898599999997
3941,-0.0014343388000000006,-0.152763819,0.288878384,3.19025115
3942,-0.0014334188000000004,-0.16080402,0.288878384,3.30361797
3943,-0.0014324988000000006,-0.152763819,0.286225118,3.30361797
3944,-0.0014315788000000005,-0.16080402,0.288878384,3.30361797
3945,-0.0014306588000000003,-0.144723618,0.29153165000000003,3.2091456199999997
3946,-0.0014297388000000005,-0.144723618,0.288878384,3.07688433
3947,-0.0014288188000000004,-0.152763819,0.288878384,2.8690451599999998
3948,-0.0014278988000000006,-0.152763819,0.288878384,2.68010046
3949,-0.0014269788000000005,-0.152763819,0.288878384,2.45336682
3950,-0.0014260588000000003,-0.144723618,0.288878384,2.2455276499999997
3951,-0.0014251388000000005,-0.144723618,0.288878384,2.03768848
3952,-0.0014242188000000004,-0.144723618,0.288878384,1.84874378
3953,-0.0014232988000000006,-0.152763819,0.294184916,1.7164824899999997
3954,-0.0014223788000000005,-0.144723618,0.294184916,1.6786935499999998
3955,-0.0014214588000000003,-0.144723618,0.294184916,1.6409046099999998
3956,-0.0014205388000000005,-0.152763819,0.288878384,1.69758802
3957,-0.0014196188000000004,-0.152763819,0.296838182,1.84874378
3958,-0.0014186988000000006,-0.144723618,0.294184916,2.0187940099999997
3959,-0.0014177788000000005,-0.144723618,0.294184916,2.22663318
3960,-0.0014168588000000003,-0.16080402,0.294184916,2.41557788
3961,-0.0014159388000000005,-0.144723618,0.294184916,2.62341705
3962,-0.0014150188000000004,-0.144723618,0.288878384,2.8312562199999998
3963,-0.0014140988000000006,-0.144723618,0.296838182,3.0579898599999997
3964,-0.0014131788000000004,-0.136683417,0.294184916,3.19025115
3965,-0.0014122588000000003,-0.144723618,0.294184916,3.2847235
3966,-0.0014113388000000005,-0.144723618,0.299491448,3.30361797
3967,-0.0014104188000000004,-0.144723618,0.29153165000000003,3.30361797
3968,-0.0014094988000000006,-0.144723618,0.296838182,3.22804009
3969,-0.0014085788000000004,-0.152763819,0.296838182,3.0957787999999997
3970,-0.0014076588000000003,-0.152763819,0.29153165000000003,2.88793963
3971,-0.0014067388000000005,-0.144723618,0.294184916,2.68010046
3972,-0.0014058188000000004,-0.144723618,0.294184916,2.47226129
3973,-0.0014048988000000006,-0.144723618,0.29153165000000003,2.22663318
3974,-0.0014039788000000004,-0.136683417,0.29153165000000003,2.0565829499999997
3975,-0.0014030588000000003,-0.144723618,0.29153165000000003,1.8298493099999997
3976,-0.0014021388000000005,-0.136683417,0.288878384,1.7164824899999997
3977,-0.0014012188000000004,-0.144723618,0.288878384,1.6409046099999998
3978,-0.0014002988000000006,-0.144723618,0.29153165000000003,1.65979908
3979,-0.0013993788000000004,-0.144723618,0.29153165000000003,1.6786935499999998
3980,-0.0013984588000000003,-0.144723618,0.29153165000000003,1.7920603699999997
3981,-0.0013975388000000005,-0.152763819,0.29153165000000003,1.90542719
3982,-0.0013966188000000004,-0.144723618,0.29153165000000003,2.11326636
3983,-0.0013956988000000006,-0.144723618,0.288878384,2.3211055299999996
3984,-0.0013947788000000004,-0.144723618,0.29153165000000003,2.5289447
3985,-0.0013938588000000003,-0.144723618,0.288878384,2.75567834
3986,-0.0013929388000000005,-0.152763819,0.286225118,2.9824119799999997
3987,-0.0013920188000000003,-0.144723618,0.286225118,3.11467327
3988,-0.0013910988000000006,-0.144723618,0.288878384,3.2469345599999997
3989,-0.0013901788000000004,-0.16080402,0.288878384,3.3225124399999997
3990,-0.0013892588000000003,-0.144723618,0.286225118,3.3225124399999997
3991,-0.0013883388000000005,-0.152763819,0.288878384,3.26582903
3992,-0.0013874188000000003,-0.152763819,0.286225118,3.1713566799999997
3993,-0.0013864988000000006,-0.144723618,0.286225118,3.00130645
3994,-0.0013855788000000004,-0.144723618,0.288878384,2.7934672799999998
3995,-0.0013846588000000003,-0.144723618,0.286225118,2.58562811
3996,-0.0013837388000000005,-0.152763819,0.286225118,2.34
3997,-0.0013828188000000003,-0.144723618,0.29153165000000003,2.1321608299999997
3998,-0.0013818988000000006,-0.136683417,0.288878384,1.94321613
3999,-0.0013809788000000004,-0.152763819,0.294184916,1.7920603699999997
4000,-0.0013800588000000003,-0.152763819,0.29153165000000003,1.6786935499999998
4001,-0.0013791388000000005,-0.136683417,0.288878384,1.6409046099999998
4002,-0.0013782188000000003,-0.136683417,0.286225118,1.65979908
4003,-0.0013772988000000006,-0.144723618,0.288878384,1.7920603699999997
4004,-0.0013763788000000004,-0.144723618,0.288878384,1.90542719
4005,-0.0013754588000000002,-0.152763819,0.294184916,2.0943718899999997
4006,-0.0013745388000000005,-0.152763819,0.29153165000000003,2.2833165899999996
4007,-0.0013736188000000003,-0.144723618,0.294184916,2.5289447
4008,-0.0013726988000000006,-0.144723618,0.296838182,2.77457281
4009,-0.0013717788000000004,-0.152763819,0.294184916,2.96351751
4010,-0.0013708588000000002,-0.136683417,0.29153165000000003,3.15246221
4011,-0.0013699388000000005,-0.144723618,0.29153165000000003,3.26582903
4012,-0.0013690188000000003,-0.152763819,0.294184916,3.30361797
4013,-0.0013680988000000006,-0.136683417,0.294184916,3.30361797
4014,-0.0013671788000000004,-0.152763819,0.294184916,3.22804009
4015,-0.0013662588000000002,-0.136683417,0.294184916,3.0957787999999997
4016,-0.0013653388000000005,-0.136683417,0.296838182,2.9446230399999997
4017,-0.0013644188000000003,-0.152763819,0.294184916,2.7178894
4018,-0.0013634988000000006,-0.136683417,0.296838182,2.47226129
4019,-0.0013625788000000004,-0.136683417,0.294184916,2.26442212
4020,-0.0013616588000000002,-0.136683417,0.29153165000000003,2.07547742
4021,-0.0013607388000000005,-0.144723618,0.294184916,1.8676382499999997
4022,-0.0013598188000000003,-0.144723618,0.294184916,1.73537696
4023,-0.0013588988000000006,-0.144723618,0.294184916,1.6409046099999998
4024,-0.0013579788000000004,-0.144723618,0.294184916,1.6409046099999998
4025,-0.0013570588000000002,-0.128643216,0.294184916,1.6786935499999998
4026,-0.0013561388000000005,-0.144723618,0.29153165000000003,1.7920603699999997
4027,-0.0013552188000000003,-0.136683417,0.29153165000000003,1.9621106
4028,-0.0013542988000000006,-0.144723618,0.288878384,2.1321608299999997
4029,-0.0013533788000000004,-0.144723618,0.288878384,2.34
4030,-0.0013524588000000002,-0.144723618,0.29153165000000003,2.5289447
4031,-0.0013515388000000005,-0.136683417,0.288878384,2.77457281
4032,-0.0013506188000000003,-0.136683417,0.29153165000000003,2.96351751
4033,-0.0013496988000000006,-0.128643216,0.29153165000000003,3.1335677399999997
4034,-0.0013487788000000004,-0.144723618,0.288878384,3.22804009
4035,-0.0013478588000000007,-0.136683417,0.288878384,3.3225124399999997
4036,-0.0013469388000000005,-0.144723618,0.288878384,3.34140691
4037,-0.0013460188000000003,-0.136683417,0.288878384,3.2847235
4038,-0.0013450988000000006,-0.136683417,0.286225118,3.1713566799999997
4039,-0.0013441788000000004,-0.136683417,0.29153165000000003,2.9824119799999997
4040,-0.0013432588000000007,-0.136683417,0.288878384,2.81236175
4041,-0.0013423388000000005,-0.152763819,0.286225118,2.62341705
4042,-0.0013414188000000003,-0.128643216,0.288878384,2.37778894
4043,-0.0013404988000000006,-0.144723618,0.288878384,2.1699497699999997
4044,-0.0013395788000000004,-0.144723618,0.283571852,1.98100507
4045,-0.0013386588000000007,-0.136683417,0.288878384,1.81095484
4046,-0.0013377388000000005,-0.128643216,0.286225118,1.7164824899999997
4047,-0.0013368188000000003,-0.144723618,0.29153165000000003,1.65979908
4048,-0.0013358988000000006,-0.136683417,0.286225118,1.6031156699999998
4049,-0.0013349788000000004,-0.136683417,0.286225118,1.7164824899999997
4050,-0.0013340588000000007,-0.144723618,0.288878384,1.8298493099999997
4051,-0.0013331388000000005,-0.128643216,0.29153165000000003,2.0187940099999997
4052,-0.0013322188000000003,-0.152763819,0.288878384,2.18884424
4053,-0.0013312988000000006,-0.144723618,0.288878384,2.39668341
4054,-0.0013303788000000004,-0.136683417,0.29153165000000003,2.64231152
4055,-0.0013294588000000006,-0.144723618,0.29153165000000003,2.8312562199999998
4056,-0.0013285388000000005,-0.128643216,0.29153165000000003,3.03909539
4057,-0.0013276188000000003,-0.136683417,0.29153165000000003,3.19025115
4058,-0.0013266988000000006,-0.144723618,0.294184916,3.2847235
4059,-0.0013257788000000004,-0.136683417,0.294184916,3.34140691
4060,-0.0013248588000000006,-0.144723618,0.294184916,3.3225124399999997
4061,-0.0013239388000000005,-0.136683417,0.296838182,3.22804009
4062,-0.0013230188000000003,-0.136683417,0.294184916,3.07688433
4063,-0.0013220988000000006,-0.136683417,0.294184916,2.92572857
4064,-0.0013211788000000004,-0.136683417,0.296838182,2.7178894
4065,-0.0013202588000000006,-0.136683417,0.296838182,2.47226129
4066,-0.0013193388000000005,-0.136683417,0.294184916,2.26442212
4067,-0.0013184188000000003,-0.128643216,0.294184916,2.0565829499999997
4068,-0.0013174988000000006,-0.12060301500000001,0.294184916,1.8676382499999997
4069,-0.0013165788000000004,-0.128643216,0.294184916,1.7731659
4070,-0.0013156588000000006,-0.136683417,0.294184916,1.65979908
4071,-0.0013147388000000005,-0.136683417,0.294184916,1.65979908
4072,-0.0013138188000000003,-0.136683417,0.29153165000000003,1.6786935499999998
4073,-0.0013128988000000005,-0.128643216,0.294184916,1.7542714299999997
4074,-0.0013119788000000004,-0.128643216,0.294184916,1.90542719
4075,-0.0013110588000000006,-0.128643216,0.296838182,2.0943718899999997
4076,-0.0013101388000000005,-0.136683417,0.29153165000000003,2.30221106
4077,-0.0013092188000000003,-0.136683417,0.296838182,2.49115576
4078,-0.0013082988000000005,-0.128643216,0.29153165000000003,2.7178894
4079,-0.0013073788000000004,-0.136683417,0.29153165000000003,2.9068340999999998
4080,-0.0013064588000000006,-0.136683417,0.294184916,3.07688433
4081,-0.0013055388000000005,-0.128643216,0.294184916,3.2091456199999997
4082,-0.0013046188000000003,-0.136683417,0.29153165000000003,3.30361797
4083,-0.0013036988000000005,-0.12060301500000001,0.288878384,3.34140691
4084,-0.0013027788000000004,-0.128643216,0.288878384,3.2847235
4085,-0.0013018588000000006,-0.136683417,0.286225118,3.2091456199999997
4086,-0.0013009388000000005,-0.136683417,0.29153165000000003,3.0579898599999997
4087,-0.0013000188000000003,-0.136683417,0.29153165000000003,2.8690451599999998
4088,-0.0012990988000000005,-0.136683417,0.286225118,2.68010046
4089,-0.0012981788000000004,-0.144723618,0.288878384,2.45336682
4090,-0.0012972588000000006,-0.144723618,0.288878384,2.2455276499999997
4091,-0.0012963388000000005,-0.128643216,0.288878384,2.0565829499999997
4092,-0.0012954188000000003,-0.136683417,0.288878384,1.88653272
4093,-0.0012944988000000005,-0.12060301500000001,0.288878384,1.7542714299999997
4094,-0.0012935788000000004,-0.12060301500000001,0.29153165000000003,1.6409046099999998
4095,-0.0012926588000000006,-0.136683417,0.288878384,1.65979908
4096,-0.0012917388000000004,-0.136683417,0.288878384,1.65979908
4097,-0.0012908188000000003,-0.136683417,0.283571852,1.7542714299999997
4098,-0.0012898988000000005,-0.136683417,0.286225118,1.90542719
4099,-0.0012889788000000004,-0.128643216,0.283571852,2.07547742
4100,-0.0012880588000000006,-0.136683417,0.288878384,2.2833165899999996
4101,-0.0012871388000000004,-0.128643216,0.29153165000000003,2.49115576
4102,-0.0012862188000000003,-0.128643216,0.288878384,2.7178894
4103,-0.0012852988000000005,-0.12060301500000001,0.288878384,2.9446230399999997
4104,-0.0012843788000000004,-0.136683417,0.288878384,3.07688433
4105,-0.0012834588000000006,-0.128643216,0.29153165000000003,3.22804009
4106,-0.0012825388000000004,-0.128643216,0.294184916,3.30361797
4107,-0.0012816188000000003,-0.136683417,0.29153165000000003,3.36030138
4108,-0.0012806988000000005,-0.136683417,0.288878384,3.30361797
4109,-0.0012797788000000004,-0.128643216,0.294184916,3.2091456199999997
4110,-0.0012788588000000006,-0.136683417,0.294184916,3.07688433
4111,-0.0012779388000000004,-0.128643216,0.288878384,2.9068340999999998
4112,-0.0012770188000000003,-0.12060301500000001,0.294184916,2.69899493
4113,-0.0012760988000000005,-0.136683417,0.29153165000000003,2.49115576
4114,-0.0012751788000000003,-0.136683417,0.294184916,2.2833165899999996
4115,-0.0012742588000000006,-0.136683417,0.294184916,2.07547742
4116,-0.0012733388000000004,-0.136683417,0.29153165000000003,1.90542719
4117,-0.0012724188000000003,-0.128643216,0.296838182,1.7920603699999997
4118,-0.0012714988000000005,-0.128643216,0.294184916,1.6786935499999998
4119,-0.0012705788000000003,-0.136683417,0.294184916,1.6409046099999998
4120,-0.0012696588000000006,-0.128643216,0.294184916,1.6409046099999998
4121,-0.0012687388000000004,-0.128643216,0.299491448,1.7164824899999997
4122,-0.0012678188000000003,-0.12060301500000001,0.296838182,1.8298493099999997
4123,-0.0012668988000000005,-0.136683417,0.299491448,1.99989954
4124,-0.0012659788000000003,-0.136683417,0.294184916,2.2077387099999997
4125,-0.0012650588000000006,-0.136683417,0.294184916,2.37778894
4126,-0.0012641388000000004,-0.136683417,0.294184916,2.62341705
4127,-0.0012632188000000003,-0.12060301500000001,0.296838182,2.85015069
4128,-0.0012622988000000005,-0.128643216,0.294184916,3.03909539
4129,-0.0012613788000000003,-0.136683417,0.29153165000000003,3.22804009
4130,-0.0012604588000000006,-0.12060301500000001,0.29153165000000003,3.2847235
4131,-0.0012595388000000004,-0.12060301500000001,0.29153165000000003,3.3225124399999997
4132,-0.0012586188000000002,-0.128643216,0.294184916,3.30361797
4133,-0.0012576988000000005,-0.128643216,0.294184916,3.22804009
4134,-0.0012567788000000003,-0.144723618,0.29153165000000003,3.0957787999999997
4135,-0.0012558588000000006,-0.128643216,0.294184916,2.9068340999999998
4136,-0.0012549388000000004,-0.136683417,0.29153165000000003,2.7178894
4137,-0.0012540188000000002,-0.136683417,0.29153165000000003,2.49115576
4138,-0.0012530988000000005,-0.128643216,0.29153165000000003,2.2455276499999997
4139,-0.0012521788000000003,-0.128643216,0.29153165000000003,2.0187940099999997
4140,-0.0012512588000000006,-0.136683417,0.288878384,1.84874378
4141,-0.0012503388000000004,-0.128643216,0.286225118,1.7164824899999997
4142,-0.0012494188000000002,-0.136683417,0.286225118,1.6409046099999998
4143,-0.0012484988000000005,-0.128643216,0.288878384,1.6409046099999998
4144,-0.0012475788000000003,-0.144723618,0.288878384,1.69758802
4145,-0.0012466588000000006,-0.12060301500000001,0.288878384,1.8298493099999997
4146,-0.0012457388000000004,-0.128643216,0.29153165000000003,1.9621106
4147,-0.0012448188000000002,-0.136683417,0.288878384,2.1699497699999997
4148,-0.0012438988000000005,-0.12060301500000001,0.288878384,2.37778894
4149,-0.0012429788000000003,-0.136683417,0.29153165000000003,2.64231152
4150,-0.0012420588000000006,-0.136683417,0.286225118,2.85015069
4151,-0.0012411388000000004,-0.128643216,0.286225118,3.03909539
4152,-0.0012402188000000002,-0.136683417,0.288878384,3.22804009
4153,-0.0012392988000000005,-0.128643216,0.286225118,3.2847235
4154,-0.0012383788000000003,-0.136683417,0.29153165000000003,3.34140691
4155,-0.0012374588000000006,-0.128643216,0.29153165000000003,3.30361797
4156,-0.0012365388000000004,-0.128643216,0.286225118,3.2091456199999997
4157,-0.0012356188000000002,-0.128643216,0.288878384,3.07688433
4158,-0.0012346988000000005,-0.12060301500000001,0.29153165000000003,2.92572857
4159,-0.0012337788000000003,-0.128643216,0.288878384,2.69899493
4160,-0.0012328588000000006,-0.128643216,0.29153165000000003,2.45336682
4161,-0.0012319388000000004,-0.136683417,0.294184916,2.2455276499999997
4162,-0.0012310188000000007,-0.11256281400000001,0.29153165000000003,2.03768848
4163,-0.0012300988000000005,-0.128643216,0.288878384,1.8676382499999997
4164,-0.0012291788000000003,-0.12060301500000001,0.294184916,1.7542714299999997
4165,-0.0012282588000000006,-0.128643216,0.294184916,1.6409046099999998
4166,-0.0012273388000000004,-0.128643216,0.29153165000000003,1.65979908
4167,-0.0012264188000000007,-0.128643216,0.294184916,1.65979908
4168,-0.0012254988000000005,-0.12060301500000001,0.294184916,1.7920603699999997
4169,-0.0012245788000000003,-0.12060301500000001,0.294184916,1.92432166
4170,-0.0012236588000000006,-0.128643216,0.296838182,2.07547742
4171,-0.0012227388000000004,-0.128643216,0.294184916,2.34
4172,-0.0012218188000000007,-0.128643216,0.296838182,2.5289447
4173,-0.0012208988000000005,-0.12060301500000001,0.29153165000000003,2.75567834
4174,-0.0012199788000000003,-0.128643216,0.294184916,2.96351751
4175,-0.0012190588000000006,-0.12060301500000001,0.299491448,3.1335677399999997
4176,-0.0012181388000000004,-0.11256281400000001,0.296838182,3.26582903
4177,-0.0012172188000000007,-0.128643216,0.299491448,3.34140691
4178,-0.0012162988000000005,-0.128643216,0.296838182,3.3225124399999997
4179,-0.0012153788000000003,-0.12060301500000001,0.296838182,3.26582903
4180,-0.0012144588000000006,-0.128643216,0.294184916,3.1335677399999997
4181,-0.0012135388000000004,-0.11256281400000001,0.296838182,2.9824119799999997
4182,-0.0012126188000000006,-0.128643216,0.296838182,2.75567834
4183,-0.0012116988000000005,-0.12060301500000001,0.294184916,2.54783917
4184,-0.0012107788000000003,-0.12060301500000001,0.294184916,2.34
4185,-0.0012098588000000006,-0.12060301500000001,0.288878384,2.11326636
4186,-0.0012089388000000004,-0.12060301500000001,0.29153165000000003,1.92432166
4187,-0.0012080188000000006,-0.12060301500000001,0.294184916,1.7542714299999997
4188,-0.0012070988000000005,-0.128643216,0.29153165000000003,1.65979908
4189,-0.0012061788000000003,-0.12060301500000001,0.294184916,1.65979908
4190,-0.0012052588000000006,-0.11256281400000001,0.29153165000000003,1.6786935499999998
4191,-0.0012043388000000004,-0.11256281400000001,0.288878384,1.7920603699999997
4192,-0.0012034188000000006,-0.128643216,0.29153165000000003,1.90542719
4193,-0.0012024988000000005,-0.12060301500000001,0.288878384,2.1321608299999997
4194,-0.0012015788000000003,-0.12060301500000001,0.29153165000000003,2.35889447
4195,-0.0012006588000000006,-0.128643216,0.29153165000000003,2.62341705
4196,-0.0011997388000000004,-0.128643216,0.286225118,2.85015069
4197,-0.0011988188000000006,-0.128643216,0.286225118,3.0202009199999997
4198,-0.0011978988000000005,-0.128643216,0.288878384,3.19025115
4199,-0.0011969788000000003,-0.128643216,0.286225118,3.3225124399999997
4200,-0.0011960588000000005,-0.128643216,0.288878384,3.3225124399999997
4201,-0.0011951388000000004,-0.128643216,0.288878384,3.30361797
4202,-0.0011942188000000006,-0.11256281400000001,0.288878384,3.19025115
4203,-0.0011932988000000005,-0.12060301500000001,0.29153165000000003,3.03909539
4204,-0.0011923788000000003,-0.12060301500000001,0.29153165000000003,2.85015069
4205,-0.0011914588000000005,-0.12060301500000001,0.29153165000000003,2.60452258
4206,-0.0011905388000000004,-0.12060301500000001,0.288878384,2.41557788
4207,-0.0011896188000000006,-0.12060301500000001,0.286225118,2.1510553
4208,-0.0011886988000000005,-0.128643216,0.286225118,1.9621106
4209,-0.0011877788000000003,-0.12060301500000001,0.286225118,1.7731659
4210,-0.0011868588000000005,-0.12060301500000001,0.288878384,1.65979908
4211,-0.0011859388000000004,-0.128643216,0.29153165000000003,1.6409046099999998
4212,-0.0011850188000000006,-0.12060301500000001,0.29153165000000003,1.6409046099999998
4213,-0.0011840988000000005,-0.128643216,0.29153165000000003,1.7542714299999997
4214,-0.0011831788000000003,-0.128643216,0.29153165000000003,1.90542719
4215,-0.0011822588000000005,-0.128643216,0.29153165000000003,2.1321608299999997
4216,-0.0011813388000000004,-0.11256281400000001,0.294184916,2.3211055299999996
4217,-0.0011804188000000006,-0.12060301500000001,0.296838182,2.56673364
4218,-0.0011794988000000005,-0.11256281400000001,0.294184916,2.77457281
4219,-0.0011785788000000003,-0.12060301500000001,0.294184916,2.9824119799999997
4220,-0.0011776588000000005,-0.128643216,0.296838182,3.1335677399999997
4221,-0.0011767388000000004,-0.12060301500000001,0.294184916,3.2847235
4222,-0.0011758188000000006,-0.12060301500000001,0.294184916,3.34140691
4223,-0.0011748988000000004,-0.12060301500000001,0.299491448,3.26582903
4224,-0.0011739788000000003,-0.12060301500000001,0.296838182,3.2091456199999997
4225,-0.0011730588000000005,-0.128643216,0.294184916,3.07688433
4226,-0.0011721388000000004,-0.12060301500000001,0.296838182,2.9446230399999997
4227,-0.0011712188000000006,-0.128643216,0.29153165000000003,2.69899493
4228,-0.0011702988000000004,-0.12060301500000001,0.296838182,2.45336682
4229,-0.0011693788000000003,-0.128643216,0.294184916,2.2455276499999997
4230,-0.0011684588000000005,-0.11256281400000001,0.296838182,2.0187940099999997
4231,-0.0011675388000000004,-0.11256281400000001,0.294184916,1.84874378
4232,-0.0011666188000000006,-0.12060301500000001,0.294184916,1.7164824899999997
4233,-0.0011656988000000004,-0.12060301500000001,0.29153165000000003,1.65979908
4234,-0.0011647788000000003,-0.128643216,0.29153165000000003,1.6409046099999998
4235,-0.0011638588000000005,-0.12060301500000001,0.288878384,1.73537696
4236,-0.0011629388000000004,-0.12060301500000001,0.294184916,1.84874378
4237,-0.0011620188000000006,-0.11256281400000001,0.29153165000000003,2.03768848
4238,-0.0011610988000000004,-0.12060301500000001,0.29153165000000003,2.26442212
4239,-0.0011601788000000003,-0.12060301500000001,0.294184916,2.51005023
4240,-0.0011592588000000005,-0.12060301500000001,0.29153165000000003,2.73678387
4241,-0.0011583388000000003,-0.11256281400000001,0.29153165000000003,2.9446230399999997
4242,-0.0011574188000000006,-0.128643216,0.288878384,3.11467327
4243,-0.0011564988000000004,-0.128643216,0.29153165000000003,3.2469345599999997
4244,-0.0011555788000000003,-0.11256281400000001,0.294184916,3.3225124399999997
4245,-0.0011546588000000005,-0.11256281400000001,0.288878384,3.30361797
4246,-0.0011537388000000008,-0.11256281400000001,0.286225118,3.2469345599999997
4247,-0.0011528188000000002,-0.12060301500000001,0.286225118,3.0957787999999997
4248,-0.0011518988000000004,-0.11256281400000001,0.288878384,2.92572857
4249,-0.0011509788000000007,-0.11256281400000001,0.286225118,2.69899493
4250,-0.0011500588,-0.104522613,0.288878384,2.47226129
4251,-0.0011491388000000003,-0.11256281400000001,0.288878384,2.22663318
4252,-0.0011482188000000006,-0.12060301500000001,0.29153165000000003,2.0187940099999997
4253,-0.0011472988000000009,-0.128643216,0.288878384,1.84874378
4254,-0.0011463788000000003,-0.12060301500000001,0.288878384,1.7164824899999997
4255,-0.0011454588000000005,-0.11256281400000001,0.288878384,1.6409046099999998
4256,-0.0011445388000000008,-0.12060301500000001,0.288878384,1.6409046099999998
4257,-0.0011436188000000002,-0.104522613,0.288878384,1.7164824899999997
4258,-0.0011426988000000004,-0.11256281400000001,0.288878384,1.81095484
4259,-0.0011417788000000007,-0.12060301500000001,0.294184916,1.99989954
4260,-0.0011408588,-0.12060301500000001,0.29153165000000003,2.2077387099999997
4261,-0.0011399388000000003,-0.11256281400000001,0.294184916,2.41557788
4262,-0.0011390188000000006,-0.12060301500000001,0.294184916,2.64231152
4263,-0.0011380988000000009,-0.12060301500000001,0.29153165000000003,2.8690451599999998
4264,-0.0011371788000000002,-0.12060301500000001,0.294184916,3.03909539
4265,-0.0011362588000000005,-0.128643216,0.294184916,3.22804009
4266,-0.0011353388000000008,-0.11256281400000001,0.294184916,3.2847235
4267,-0.0011344188000000002,-0.11256281400000001,0.296838182,3.34140691
4268,-0.0011334988000000004,-0.11256281400000001,0.294184916,3.30361797
4269,-0.0011325788000000007,-0.11256281400000001,0.296838182,3.22804009
4270,-0.0011316588,-0.12060301500000001,0.294184916,3.0579898599999997
4271,-0.0011307388000000003,-0.128643216,0.294184916,2.8312562199999998
4272,-0.0011298188000000006,-0.11256281400000001,0.294184916,2.66120599
4273,-0.0011288988000000008,-0.11256281400000001,0.294184916,2.37778894
4274,-0.0011279788000000002,-0.11256281400000001,0.294184916,2.18884424
4275,-0.0011270588000000005,-0.11256281400000001,0.296838182,1.99989954
4276,-0.0011261388000000008,-0.12060301500000001,0.296838182,1.7731659
4277,-0.0011252188000000002,-0.11256281400000001,0.294184916,1.69758802
4278,-0.0011242988000000004,-0.11256281400000001,0.294184916,1.62201014
4279,-0.0011233788000000007,-0.12060301500000001,0.294184916,1.6409046099999998
4280,-0.0011224588,-0.11256281400000001,0.296838182,1.7731659
4281,-0.0011215388000000003,-0.12060301500000001,0.296838182,1.8676382499999997
4282,-0.0011206188000000006,-0.11256281400000001,0.294184916,2.0565829499999997
4283,-0.0011196988000000008,-0.12060301500000001,0.296838182,2.30221106
4284,-0.0011187788000000002,-0.11256281400000001,0.294184916,2.56673364
4285,-0.0011178588000000005,-0.11256281400000001,0.294184916,2.77457281
4286,-0.0011169388000000008,-0.104522613,0.29153165000000003,3.0202009199999997
4287,-0.0011160188000000001,-0.11256281400000001,0.294184916,3.1713566799999997
4288,-0.0011150988000000004,-0.11256281400000001,0.294184916,3.2847235
4289,-0.0011141788000000007,-0.11256281400000001,0.288878384,3.34140691
4290,-0.0011132588,-0.11256281400000001,0.288878384,3.30361797
4291,-0.0011123388000000003,-0.12060301500000001,0.29153165000000003,3.2091456199999997
4292,-0.0011114188000000006,-0.12060301500000001,0.294184916,3.0957787999999997
4293,-0.0011104988000000008,-0.12060301500000001,0.29153165000000003,2.92572857
4294,-0.0011095788000000002,-0.104522613,0.29153165000000003,2.68010046
4295,-0.0011086588000000005,-0.12060301500000001,0.286225118,2.45336682
4296,-0.0011077388000000007,-0.11256281400000001,0.288878384,2.2077387099999997
4297,-0.0011068188000000001,-0.11256281400000001,0.288878384,1.99989954
4298,-0.0011058988000000004,-0.11256281400000001,0.29153165000000003,1.8298493099999997
4299,-0.0011049788000000007,-0.11256281400000001,0.288878384,1.69758802
4300,-0.0011040588,-0.11256281400000001,0.288878384,1.6031156699999998
4301,-0.0011031388000000003,-0.11256281400000001,0.288878384,1.6409046099999998
4302,-0.0011022188000000006,-0.11256281400000001,0.288878384,1.69758802
4303,-0.0011012988000000008,-0.12060301500000001,0.29153165000000003,1.84874378
4304,-0.0011003788000000002,-0.11256281400000001,0.288878384,1.98100507
4305,-0.0010994588000000005,-0.104522613,0.288878384,2.18884424
4306,-0.0010985388000000007,-0.11256281400000001,0.29153165000000003,2.39668341
4307,-0.0010976188000000001,-0.11256281400000001,0.288878384,2.62341705
4308,-0.0010966988000000004,-0.104522613,0.29153165000000003,2.8312562199999998
4309,-0.0010957788000000006,-0.12060301500000001,0.288878384,3.00130645
4310,-0.0010948588,-0.11256281400000001,0.288878384,3.1713566799999997
4311,-0.0010939388000000003,-0.104522613,0.294184916,3.2469345599999997
4312,-0.0010930188000000006,-0.11256281400000001,0.29153165000000003,3.3225124399999997
4313,-0.0010920988000000008,-0.12060301500000001,0.288878384,3.30361797
4314,-0.0010911788000000002,-0.11256281400000001,0.294184916,3.2847235
4315,-0.0010902588000000005,-0.12060301500000001,0.294184916,3.11467327
4316,-0.0010893388000000007,-0.12060301500000001,0.288878384,2.96351751
4317,-0.0010884188000000001,-0.11256281400000001,0.294184916,2.77457281
4318,-0.0010874988000000004,-0.12060301500000001,0.294184916,2.56673364
4319,-0.0010865788000000006,-0.11256281400000001,0.294184916,2.3211055299999996
4320,-0.0010856588,-0.12060301500000001,0.296838182,2.11326636
4321,-0.0010847388000000003,-0.12060301500000001,0.296838182,1.92432166
4322,-0.0010838188000000006,-0.12060301500000001,0.296838182,1.7731659
4323,-0.0010828988000000008,-0.11256281400000001,0.294184916,1.65979908
4324,-0.0010819788000000002,-0.11256281400000001,0.29153165000000003,1.6409046099999998
4325,-0.0010810588000000005,-0.11256281400000001,0.294184916,1.65979908
4326,-0.0010801388000000007,-0.11256281400000001,0.296838182,1.7542714299999997
4327,-0.0010792188000000001,-0.12060301500000001,0.296838182,1.88653272
4328,-0.0010782988000000004,-0.104522613,0.299491448,2.07547742
4329,-0.0010773788000000006,-0.11256281400000001,0.296838182,2.2833165899999996
4330,-0.0010764588,-0.12060301500000001,0.294184916,2.51005023
4331,-0.0010755388000000003,-0.11256281400000001,0.294184916,2.7178894
4332,-0.0010746188000000005,-0.11256281400000001,0.294184916,2.9446230399999997
4333,-0.0010736988000000008,-0.096482412,0.294184916,3.11467327
4334,-0.0010727788000000002,-0.11256281400000001,0.294184916,3.2469345599999997
4335,-0.0010718588000000005,-0.104522613,0.29153165000000003,3.3225124399999997
4336,-0.0010709388000000007,-0.096482412,0.294184916,3.30361797
4337,-0.0010700188000000001,-0.104522613,0.296838182,3.26582903
4338,-0.0010690988000000004,-0.12060301500000001,0.296838182,3.15246221
4339,-0.0010681788000000006,-0.11256281400000001,0.296838182,2.9824119799999997
4340,-0.0010672588,-0.104522613,0.288878384,2.7934672799999998
4341,-0.0010663388000000003,-0.104522613,0.288878384,2.54783917
4342,-0.0010654188000000005,-0.11256281400000001,0.288878384,2.30221106
4343,-0.0010644988000000008,-0.096482412,0.29153165000000003,2.1321608299999997
4344,-0.0010635788000000002,-0.104522613,0.288878384,1.9621106
4345,-0.0010626588000000005,-0.096482412,0.29153165000000003,1.7920603699999997
4346,-0.0010617388000000007,-0.104522613,0.288878384,1.6786935499999998
4347,-0.0010608188,-0.12060301500000001,0.29153165000000003,1.65979908
4348,-0.0010598988000000004,-0.12060301500000001,0.29153165000000003,1.65979908
4349,-0.0010589788000000006,-0.12060301500000001,0.286225118,1.73537696
4350,-0.0010580588000000009,-0.104522613,0.288878384,1.88653272
4351,-0.0010571388000000003,-0.12060301500000001,0.288878384,2.0187940099999997
4352,-0.0010562188000000005,-0.11256281400000001,0.286225118,2.26442212
4353,-0.0010552988000000008,-0.11256281400000001,0.286225118,2.43447235
4354,-0.0010543788000000002,-0.096482412,0.288878384,2.66120599
4355,-0.0010534588000000004,-0.104522613,0.288878384,2.85015069
4356,-0.0010525388000000007,-0.104522613,0.288878384,3.0579898599999997
4357,-0.0010516188,-0.104522613,0.288878384,3.1713566799999997
4358,-0.0010506988000000004,-0.11256281400000001,0.288878384,3.26582903
4359,-0.0010497788000000006,-0.11256281400000001,0.288878384,3.34140691
4360,-0.0010488588000000009,-0.104522613,0.29153165000000003,3.3225124399999997
4361,-0.0010479388000000003,-0.11256281400000001,0.288878384,3.26582903
4362,-0.0010470188000000005,-0.11256281400000001,0.294184916,3.15246221
4363,-0.0010460988000000008,-0.11256281400000001,0.29153165000000003,3.0202009199999997
4364,-0.0010451788000000002,-0.096482412,0.29153165000000003,2.81236175
4365,-0.0010442588000000004,-0.11256281400000001,0.29153165000000003,2.62341705
4366,-0.0010433388000000007,-0.104522613,0.294184916,2.41557788
4367,-0.0010424188,-0.104522613,0.288878384,2.18884424
4368,-0.0010414988000000003,-0.104522613,0.29153165000000003,1.99989954
4369,-0.0010405788000000006,-0.104522613,0.29153165000000003,1.84874378
4370,-0.0010396588000000009,-0.104522613,0.296838182,1.7164824899999997
4371,-0.0010387388000000003,-0.104522613,0.294184916,1.65979908
4372,-0.0010378188000000005,-0.104522613,0.296838182,1.6409046099999998
4373,-0.0010368988000000008,-0.104522613,0.294184916,1.65979908
4374,-0.0010359788000000002,-0.104522613,0.296838182,1.81095484
4375,-0.0010350588000000004,-0.104522613,0.288878384,1.98100507
4376,-0.0010341388000000007,-0.104522613,0.296838182,2.1321608299999997
4377,-0.0010332188,-0.104522613,0.299491448,2.37778894
4378,-0.0010322988000000003,-0.104522613,0.296838182,2.62341705
4379,-0.0010313788000000006,-0.104522613,0.296838182,2.7934672799999998
4380,-0.0010304588000000009,-0.096482412,0.294184916,3.0202009199999997
4381,-0.0010295388000000003,-0.104522613,0.296838182,3.1713566799999997
4382,-0.0010286188000000005,-0.104522613,0.299491448,3.26582903
4383,-0.0010276988000000008,-0.104522613,0.296838182,3.3225124399999997
4384,-0.0010267788000000002,-0.104522613,0.294184916,3.30361797
4385,-0.0010258588000000004,-0.096482412,0.296838182,3.2091456199999997
4386,-0.0010249388000000007,-0.104522613,0.296838182,3.11467327
4387,-0.0010240188,-0.104522613,0.296838182,2.92572857
4388,-0.0010230988000000003,-0.104522613,0.296838182,2.7178894
4389,-0.0010221788000000006,-0.11256281400000001,0.296838182,2.49115576
4390,-0.0010212588000000009,-0.104522613,0.296838182,2.26442212
4391,-0.0010203388000000002,-0.096482412,0.29153165000000003,2.0565829499999997
4392,-0.0010194188000000005,-0.104522613,0.294184916,1.90542719
4393,-0.0010184988000000008,-0.096482412,0.294184916,1.7542714299999997
4394,-0.0010175788000000002,-0.104522613,0.29153165000000003,1.65979908
4395,-0.0010166588000000004,-0.104522613,0.29153165000000003,1.65979908
4396,-0.0010157388000000007,-0.11256281400000001,0.29153165000000003,1.6786935499999998
4397,-0.0010148188,-0.11256281400000001,0.29153165000000003,1.7542714299999997
4398,-0.0010138988000000003,-0.104522613,0.29153165000000003,1.88653272
4399,-0.0010129788000000006,-0.104522613,0.288878384,2.07547742
4400,-0.0010120588000000008,-0.104522613,0.288878384,2.2833165899999996
4401,-0.0010111388000000002,-0.096482412,0.29153165000000003,2.51005023
4402,-0.0010102188000000005,-0.096482412,0.29153165000000003,2.73678387
4403,-0.0010092988000000008,-0.104522613,0.288878384,2.92572857
4404,-0.0010083788000000002,-0.096482412,0.288878384,3.11467327
4405,-0.0010074588000000004,-0.096482412,0.288878384,3.2469345599999997
4406,-0.0010065388000000007,-0.11256281400000001,0.29153165000000003,3.3225124399999997
4407,-0.0010056188,-0.104522613,0.29153165000000003,3.34140691
4408,-0.0010046988000000003,-0.104522613,0.288878384,3.30361797
4409,-0.0010037788000000006,-0.096482412,0.288878384,3.22804009
4410,-0.0010028588000000008,-0.104522613,0.288878384,3.0579898599999997
4411,-0.0010019388000000002,-0.11256281400000001,0.288878384,2.8690451599999998
4412,-0.0010010188000000005,-0.104522613,0.29153165000000003,2.66120599
4413,-0.0010000988000000008,-0.096482412,0.29153165000000003,2.45336682
4414,-0.0009991788000000001,-0.096482412,0.288878384,2.2455276499999997
4415,-0.0009982588000000004,-0.096482412,0.29153165000000003,2.0565829499999997
4416,-0.0009973388000000007,-0.096482412,0.29153165000000003,1.8676382499999997
4417,-0.0009964188,-0.096482412,0.29153165000000003,1.7542714299999997
4418,-0.0009954988000000003,-0.096482412,0.29153165000000003,1.65979908
4419,-0.0009945788000000006,-0.104522613,0.294184916,1.6409046099999998
4420,-0.0009936588000000008,-0.096482412,0.29153165000000003,1.69758802
4421,-0.0009927388000000002,-0.12060301500000001,0.294184916,1.7542714299999997
4422,-0.0009918188000000005,-0.11256281400000001,0.29153165000000003,1.90542719
4423,-0.0009908988000000007,-0.104522613,0.29153165000000003,2.0943718899999997
4424,-0.0009899788000000001,-0.096482412,0.29153165000000003,2.2833165899999996
4425,-0.0009890588000000004,-0.096482412,0.29153165000000003,2.51005023
4426,-0.0009881388000000007,-0.088442211,0.294184916,2.7178894
4427,-0.0009872188,-0.096482412,0.299491448,2.96351751
4428,-0.0009862988000000003,-0.096482412,0.296838182,3.1335677399999997
4429,-0.0009853788000000006,-0.096482412,0.296838182,3.2469345599999997
4430,-0.0009844588000000008,-0.11256281400000001,0.296838182,3.34140691
4431,-0.0009835388000000002,-0.104522613,0.294184916,3.30361797
4432,-0.0009826188000000005,-0.104522613,0.299491448,3.2469345599999997
4433,-0.0009816988000000007,-0.096482412,0.296838182,3.15246221
4434,-0.0009807788000000001,-0.096482412,0.294184916,3.0202009199999997
4435,-0.0009798588000000004,-0.088442211,0.299491448,2.7934672799999998
4436,-0.0009789388000000007,-0.088442211,0.296838182,2.58562811
4437,-0.0009780188,-0.096482412,0.296838182,2.35889447
4438,-0.0009770988000000003,-0.096482412,0.294184916,2.11326636
4439,-0.0009761788000000006,-0.104522613,0.294184916,1.92432166
4440,-0.0009752588000000008,-0.104522613,0.296838182,1.7542714299999997
4441,-0.0009743388000000002,-0.104522613,0.294184916,1.69758802
4442,-0.0009734188000000005,-0.11256281400000001,0.29153165000000003,1.6409046099999998
4443,-0.0009724988000000007,-0.104522613,0.294184916,1.6786935499999998
4444,-0.0009715788000000001,-0.104522613,0.296838182,1.73537696
4445,-0.0009706588000000004,-0.096482412,0.296838182,1.8676382499999997
4446,-0.0009697388000000006,-0.096482412,0.296838182,2.0187940099999997
4447,-0.0009688188,-0.096482412,0.294184916,2.2077387099999997
4448,-0.0009678988000000003,-0.088442211,0.29153165000000003,2.47226129
4449,-0.0009669788000000006,-0.096482412,0.29153165000000003,2.66120599
4450,-0.0009660588000000008,-0.104522613,0.294184916,2.92572857
4451,-0.0009651388000000002,-0.11256281400000001,0.288878384,3.0957787999999997
4452,-0.0009642188000000005,-0.104522613,0.296838182,3.2091456199999997
4453,-0.0009632988000000007,-0.096482412,0.29153165000000003,3.30361797
4454,-0.0009623788000000001,-0.104522613,0.288878384,3.3225124399999997
4455,-0.0009614588000000004,-0.096482412,0.288878384,3.3225124399999997
4456,-0.0009605388000000006,-0.104522613,0.288878384,3.19025115
4457,-0.0009596188,-0.096482412,0.288878384,3.0579898599999997
4458,-0.0009586988000000003,-0.104522613,0.288878384,2.8690451599999998
4459,-0.0009577788000000005,-0.104522613,0.288878384,2.60452258
4460,-0.0009568588000000008,-0.104522613,0.288878384,2.41557788
4461,-0.0009559388000000002,-0.096482412,0.286225118,2.22663318
4462,-0.0009550188000000005,-0.096482412,0.288878384,1.98100507
4463,-0.0009540988000000007,-0.096482412,0.286225118,1.8298493099999997
4464,-0.0009531788000000001,-0.096482412,0.29153165000000003,1.69758802
4465,-0.0009522588000000004,-0.096482412,0.29153165000000003,1.65979908
4466,-0.0009513388000000006,-0.104522613,0.29153165000000003,1.65979908
4467,-0.0009504188,-0.096482412,0.288878384,1.69758802
4468,-0.0009494988000000003,-0.096482412,0.29153165000000003,1.81095484
4469,-0.0009485788000000005,-0.11256281400000001,0.288878384,1.98100507
4470,-0.0009476588000000008,-0.096482412,0.288878384,2.1699497699999997
4471,-0.0009467388000000002,-0.104522613,0.288878384,2.43447235
4472,-0.0009458188000000005,-0.096482412,0.294184916,2.64231152
4473,-0.0009448988000000007,-0.104522613,0.294184916,2.8690451599999998
4474,-0.0009439788000000001,-0.096482412,0.294184916,3.0579898599999997
4475,-0.0009430588000000004,-0.088442211,0.294184916,3.2091456199999997
4476,-0.0009421388000000006,-0.096482412,0.294184916,3.30361797
4477,-0.0009412188000000009,-0.096482412,0.296838182,3.34140691
4478,-0.0009402988000000003,-0.104522613,0.294184916,3.30361797
4479,-0.0009393788000000005,-0.096482412,0.299491448,3.2091456199999997
4480,-0.0009384588000000008,-0.096482412,0.294184916,3.03909539
4481,-0.0009375388000000002,-0.088442211,0.294184916,2.8312562199999998
4482,-0.0009366188000000004,-0.104522613,0.296838182,2.58562811
4483,-0.0009356988000000007,-0.096482412,0.294184916,2.39668341
4484,-0.0009347788000000001,-0.088442211,0.294184916,2.1510553
4485,-0.0009338588000000004,-0.088442211,0.299491448,1.94321613
4486,-0.0009329388000000006,-0.104522613,0.294184916,1.8298493099999997
4487,-0.0009320188000000009,-0.104522613,0.296838182,1.6786935499999998
4488,-0.0009310988000000003,-0.104522613,0.296838182,1.6409046099999998
4489,-0.0009301788000000005,-0.096482412,0.294184916,1.6786935499999998
4490,-0.0009292588000000008,-0.096482412,0.299491448,1.7164824899999997
4491,-0.0009283388000000002,-0.088442211,0.294184916,1.8676382499999997
4492,-0.0009274188000000004,-0.088442211,0.296838182,2.03768848
4493,-0.0009264988000000007,-0.088442211,0.294184916,2.22663318
4494,-0.0009255788000000001,-0.088442211,0.299491448,2.45336682
4495,-0.0009246588000000003,-0.088442211,0.294184916,2.66120599
4496,-0.0009237388000000006,-0.096482412,0.294184916,2.88793963
4497,-0.0009228188000000009,-0.096482412,0.288878384,3.07688433
4498,-0.0009218988000000003,-0.096482412,0.294184916,3.2091456199999997
4499,-0.0009209788000000005,-0.104522613,0.294184916,3.30361797
4500,-0.0009200588000000008,-0.096482412,0.29153165000000003,3.34140691
4501,-0.0009191388000000002,-0.096482412,0.294184916,3.30361797
4502,-0.0009182188000000004,-0.088442211,0.294184916,3.22804009
4503,-0.0009172988000000007,-0.096482412,0.29153165000000003,3.07688433
4504,-0.0009163788000000001,-0.088442211,0.294184916,2.92572857
4505,-0.0009154588000000003,-0.088442211,0.29153165000000003,2.7178894
4506,-0.0009145388000000006,-0.088442211,0.29153165000000003,2.5289447
4507,-0.0009136188000000009,-0.096482412,0.29153165000000003,2.30221106
4508,-0.0009126988000000003,-0.088442211,0.288878384,2.0943718899999997
4509,-0.0009117788000000005,-0.104522613,0.288878384,1.88653272
4510,-0.0009108588000000008,-0.088442211,0.288878384,1.7542714299999997
4511,-0.0009099388000000002,-0.08040201,0.29153165000000003,1.6786935499999998
4512,-0.0009090188000000004,-0.088442211,0.29153165000000003,1.62201014
4513,-0.0009080988000000007,-0.096482412,0.29153165000000003,1.6786935499999998
4514,-0.0009071788000000001,-0.096482412,0.29153165000000003,1.7542714299999997
4515,-0.0009062588000000003,-0.096482412,0.288878384,1.88653272
4516,-0.0009053388000000006,-0.104522613,0.294184916,2.07547742
4517,-0.0009044188000000009,-0.096482412,0.288878384,2.26442212
4518,-0.0009034988000000002,-0.096482412,0.294184916,2.47226129
4519,-0.0009025788000000005,-0.088442211,0.29153165000000003,2.7178894
4520,-0.0009016588000000008,-0.096482412,0.29153165000000003,2.9446230399999997
4521,-0.0009007388000000002,-0.088442211,0.294184916,3.0957787999999997
4522,-0.0008998188000000004,-0.096482412,0.29153165000000003,3.22804009
4523,-0.0008988988000000007,-0.088442211,0.296838182,3.26582903
4524,-0.0008979788000000001,-0.08040201,0.294184916,3.34140691
4525,-0.0008970588000000003,-0.096482412,0.29153165000000003,3.26582903
4526,-0.0008961388000000006,-0.088442211,0.296838182,3.2091456199999997
4527,-0.0008952188000000008,-0.088442211,0.296838182,3.03909539
4528,-0.0008942988000000002,-0.096482412,0.29153165000000003,2.8690451599999998
4529,-0.0008933788000000005,-0.088442211,0.29153165000000003,2.64231152
4530,-0.0008924588000000008,-0.08040201,0.294184916,2.41557788
4531,-0.0008915388000000002,-0.088442211,0.294184916,2.18884424
4532,-0.0008906188000000004,-0.088442211,0.29153165000000003,1.98100507
4533,-0.0008896988000000007,-0.08040201,0.294184916,1.8298493099999997
4534,-0.0008887788000000001,-0.088442211,0.296838182,1.69758802
4535,-0.0008878588000000003,-0.104522613,0.296838182,1.65979908
4536,-0.0008869388000000006,-0.08040201,0.294184916,1.62201014
4537,-0.0008860188000000008,-0.096482412,0.294184916,1.69758802
4538,-0.0008850988000000002,-0.088442211,0.296838182,1.7731659
4539,-0.0008841788000000005,-0.096482412,0.299491448,1.98100507
4540,-0.0008832588000000008,-0.088442211,0.299491448,2.1699497699999997
4541,-0.0008823388000000001,-0.096482412,0.296838182,2.37778894
4542,-0.0008814188000000004,-0.096482412,0.294184916,2.58562811
4543,-0.0008804988000000007,-0.088442211,0.296838182,2.75567834
4544,-0.0008795788000000001,-0.08040201,0.296838182,2.96351751
4545,-0.0008786588000000003,-0.088442211,0.294184916,3.1335677399999997
4546,-0.0008777388000000006,-0.08040201,0.296838182,3.2469345599999997
4547,-0.0008768188000000008,-0.096482412,0.294184916,3.3225124399999997
4548,-0.0008758988000000002,-0.088442211,0.294184916,3.3225124399999997
4549,-0.0008749788000000005,-0.088442211,0.296838182,3.2847235
4550,-0.0008740588000000007,-0.088442211,0.29153165000000003,3.2091456199999997
4551,-0.0008731388000000001,-0.088442211,0.294184916,3.0957787999999997
4552,-0.0008722188000000004,-0.088442211,0.296838182,2.92572857
4553,-0.0008712988000000007,-0.08040201,0.294184916,2.7178894
4554,-0.0008703788,-0.08040201,0.294184916,2.5289447
4555,-0.0008694588000000003,-0.096482412,0.294184916,2.30221106
4556,-0.0008685388000000006,-0.096482412,0.294184916,2.11326636
4557,-0.0008676188000000008,-0.088442211,0.294184916,1.9621106
4558,-0.0008666988000000002,-0.088442211,0.29153165000000003,1.8298493099999997
4559,-0.0008657788000000005,-0.088442211,0.294184916,1.7164824899999997
4560,-0.0008648588000000007,-0.088442211,0.29153165000000003,1.6409046099999998
4561,-0.0008639388000000001,-0.08040201,0.29153165000000003,1.6409046099999998
4562,-0.0008630188000000004,-0.08040201,0.29153165000000003,1.69758802
4563,-0.0008620988000000007,-0.096482412,0.29153165000000003,1.7731659
4564,-0.0008611788,-0.088442211,0.29153165000000003,1.94321613
4565,-0.0008602588000000003,-0.08040201,0.29153165000000003,2.1321608299999997
4566,-0.0008593388000000006,-0.08040201,0.29153165000000003,2.30221106
4567,-0.0008584188000000008,-0.088442211,0.29153165000000003,2.5289447
4568,-0.0008574988000000002,-0.088442211,0.288878384,2.75567834
4569,-0.0008565788000000005,-0.08040201,0.288878384,2.9446230399999997
4570,-0.0008556588000000007,-0.08040201,0.288878384,3.07688433
4571,-0.0008547388000000001,-0.08040201,0.29153165000000003,3.2469345599999997
4572,-0.0008538188000000004,-0.088442211,0.29153165000000003,3.3225124399999997
4573,-0.0008528988000000006,-0.088442211,0.29153165000000003,3.34140691
4574,-0.0008519788,-0.088442211,0.29153165000000003,3.30361797
4575,-0.0008510588000000003,-0.08040201,0.286225118,3.2469345599999997
4576,-0.0008501388000000006,-0.096482412,0.29153165000000003,3.1335677399999997
4577,-0.0008492188000000008,-0.088442211,0.29153165000000003,2.9824119799999997
4578,-0.0008482988000000002,-0.08040201,0.294184916,2.77457281
4579,-0.0008473788000000005,-0.088442211,0.294184916,2.54783917
4580,-0.0008464588000000007,-0.08040201,0.29153165000000003,2.3211055299999996
4581,-0.0008455388000000001,-0.08040201,0.294184916,2.11326636
4582,-0.0008446188000000004,-0.08040201,0.294184916,1.9621106
4583,-0.0008436988000000006,-0.088442211,0.294184916,1.81095484
4584,-0.0008427788,-0.088442211,0.294184916,1.69758802
4585,-0.0008418588000000003,-0.08040201,0.299491448,1.6409046099999998
4586,-0.0008409388000000005,-0.088442211,0.296838182,1.6409046099999998
4587,-0.0008400188000000008,-0.08040201,0.294184916,1.6786935499999998
4588,-0.0008390988000000002,-0.096482412,0.296838182,1.7731659
4589,-0.0008381788000000005,-0.088442211,0.294184916,1.94321613
4590,-0.0008372588000000007,-0.096482412,0.294184916,2.11326636
4591,-0.0008363388000000001,-0.08040201,0.296838182,2.26442212
4592,-0.0008354188000000004,-0.096482412,0.299491448,2.43447235
4593,-0.0008344988000000006,-0.096482412,0.296838182,2.62341705
4594,-0.0008335788000000009,-0.088442211,0.294184916,2.85015069
4595,-0.0008326588000000003,-0.088442211,0.296838182,3.0202009199999997
4596,-0.0008317388000000005,-0.08040201,0.294184916,3.19025115
4597,-0.0008308188000000008,-0.088442211,0.299491448,3.26582903
4598,-0.0008298988000000002,-0.08040201,0.296838182,3.3225124399999997
4599,-0.0008289788000000005,-0.072361809,0.296838182,3.3225124399999997
4600,-0.0008280588000000007,-0.088442211,0.294184916,3.3225124399999997
4601,-0.0008271388000000001,-0.088442211,0.296838182,3.22804009
4602,-0.0008262188000000004,-0.088442211,0.294184916,3.07688433
4603,-0.0008252988000000006,-0.08040201,0.294184916,2.9068340999999998
4604,-0.0008243788000000009,-0.088442211,0.294184916,2.7178894
4605,-0.0008234588000000003,-0.096482412,0.296838182,2.49115576
4606,-0.0008225388000000005,-0.088442211,0.29153165000000003,2.30221106
4607,-0.0008216188000000008,-0.088442211,0.29153165000000003,2.11326636
4608,-0.0008206988000000002,-0.08040201,0.288878384,1.94321613
4609,-0.0008197788000000004,-0.08040201,0.294184916,1.81095484
4610,-0.0008188588000000007,-0.08040201,0.29153165000000003,1.69758802
4611,-0.0008179388000000001,-0.072361809,0.29153165000000003,1.62201014
4612,-0.0008170188000000004,-0.08040201,0.288878384,1.6786935499999998
4613,-0.0008160988000000006,-0.08040201,0.294184916,1.69758802
4614,-0.0008151788000000009,-0.088442211,0.29153165000000003,1.81095484
4615,-0.0008142588000000003,-0.08040201,0.29153165000000003,1.9621106
4616,-0.0008133388000000005,-0.08040201,0.294184916,2.11326636
4617,-0.0008124188000000008,-0.08040201,0.294184916,2.3211055299999996
4618,-0.0008114988000000002,-0.08040201,0.29153165000000003,2.5289447
4619,-0.0008105788000000004,-0.08040201,0.29153165000000003,2.7178894
4620,-0.0008096588000000007,-0.088442211,0.29153165000000003,2.92572857
4621,-0.0008087388000000001,-0.08040201,0.29153165000000003,3.0957787999999997
4622,-0.0008078188000000004,-0.08040201,0.29153165000000003,3.22804009
4623,-0.0008068988000000006,-0.08040201,0.29153165000000003,3.2847235
4624,-0.0008059788000000009,-0.088442211,0.294184916,3.3225124399999997
4625,-0.0008050588000000003,-0.088442211,0.29153165000000003,3.3225124399999997
4626,-0.0008041388000000005,-0.08040201,0.294184916,3.2469345599999997
4627,-0.0008032188000000008,-0.08040201,0.29153165000000003,3.11467327
4628,-0.0008022988000000002,-0.072361809,0.294184916,2.9824119799999997
4629,-0.0008013788000000004,-0.072361809,0.294184916,2.77457281
4630,-0.0008004588000000007,-0.088442211,0.29153165000000003,2.54783917
4631,-0.0007995388000000001,-0.08040201,0.29153165000000003,2.34
4632,-0.0007986188000000003,-0.08040201,0.29153165000000003,2.1699497699999997
4633,-0.0007976988000000006,-0.088442211,0.29153165000000003,1.9621106
4634,-0.0007967788000000009,-0.08040201,0.288878384,1.8298493099999997
4635,-0.0007958588000000003,-0.088442211,0.294184916,1.7164824899999997
4636,-0.0007949388000000005,-0.072361809,0.294184916,1.6409046099999998
4637,-0.0007940188000000008,-0.08040201,0.294184916,1.62201014
4638,-0.0007930988000000002,-0.08040201,0.294184916,1.65979908
4639,-0.0007921788000000004,-0.096482412,0.294184916,1.73537696
4640,-0.0007912588000000007,-0.072361809,0.29153165000000003,1.88653272
4641,-0.0007903388000000001,-0.088442211,0.294184916,2.0187940099999997
4642,-0.0007894188000000003,-0.088442211,0.294184916,2.2077387099999997
4643,-0.0007884988000000006,-0.08040201,0.294184916,2.43447235
4644,-0.0007875788000000009,-0.072361809,0.294184916,2.62341705
4645,-0.0007866588000000002,-0.08040201,0.296838182,2.8312562199999998
4646,-0.0007857388000000005,-0.064321608,0.294184916,3.00130645
4647,-0.0007848188000000008,-0.08040201,0.296838182,3.1713566799999997
4648,-0.0007838988000000002,-0.08040201,0.296838182,3.2847235
4649,-0.0007829788000000004,-0.072361809,0.296838182,3.3225124399999997
4650,-0.0007820588000000007,-0.08040201,0.296838182,3.3225124399999997
4651,-0.0007811388000000001,-0.08040201,0.296838182,3.3225124399999997
4652,-0.0007802188000000003,-0.08040201,0.299491448,3.22804009
4653,-0.0007792988000000006,-0.08040201,0.296838182,3.0957787999999997
4654,-0.0007783788000000008,-0.08040201,0.294184916,2.88793963
4655,-0.0007774588000000002,-0.08040201,0.296838182,2.69899493
4656,-0.0007765388000000005,-0.08040201,0.296838182,2.5289447
4657,-0.0007756188000000008,-0.064321608,0.294184916,2.2833165899999996
4658,-0.0007746988000000002,-0.088442211,0.296838182,2.0943718899999997
4659,-0.0007737788000000004,-0.08040201,0.296838182,1.92432166
4660,-0.0007728588000000007,-0.08040201,0.294184916,1.7542714299999997
4661,-0.0007719388000000001,-0.072361809,0.294184916,1.6786935499999998
4662,-0.0007710188000000003,-0.08040201,0.296838182,1.62201014
4663,-0.0007700988000000006,-0.072361809,0.294184916,1.6409046099999998
4664,-0.0007691788000000008,-0.072361809,0.29153165000000003,1.7164824899999997
4665,-0.0007682588000000002,-0.08040201,0.294184916,1.7920603699999997
4666,-0.0007673388000000005,-0.08040201,0.294184916,1.9621106
4667,-0.0007664188000000008,-0.072361809,0.294184916,2.1321608299999997
4668,-0.0007654988000000001,-0.08040201,0.294184916,2.3211055299999996
4669,-0.0007645788000000004,-0.072361809,0.294184916,2.5289447
4670,-0.0007636588000000007,-0.08040201,0.296838182,2.77457281
4671,-0.0007627388000000001,-0.088442211,0.29153165000000003,2.9824119799999997
4672,-0.0007618188000000003,-0.072361809,0.294184916,3.15246221
4673,-0.0007608988000000006,-0.08040201,0.294184916,3.26582903
4674,-0.0007599788000000008,-0.08040201,0.29153165000000003,3.3225124399999997
4675,-0.0007590588000000002,-0.072361809,0.294184916,3.30361797
4676,-0.0007581388000000005,-0.08040201,0.294184916,3.30361797
4677,-0.0007572188000000007,-0.08040201,0.29153165000000003,3.22804009
4678,-0.0007562988000000001,-0.08040201,0.294184916,3.07688433
4679,-0.0007553788000000004,-0.08040201,0.29153165000000003,2.88793963
4680,-0.0007544588000000007,-0.08040201,0.294184916,2.7178894
4681,-0.0007535388,-0.08040201,0.294184916,2.49115576
4682,-0.0007526188000000003,-0.08040201,0.29153165000000003,2.2833165899999996
4683,-0.0007516988000000006,-0.072361809,0.29153165000000003,2.0943718899999997
4684,-0.0007507788000000008,-0.064321608,0.29153165000000003,1.92432166
4685,-0.0007498588000000002,-0.08040201,0.29153165000000003,1.81095484
4686,-0.0007489388000000005,-0.072361809,0.29153165000000003,1.69758802
4687,-0.0007480188000000007,-0.072361809,0.294184916,1.65979908
4688,-0.0007470988000000001,-0.08040201,0.296838182,1.6409046099999998
4689,-0.0007461788000000004,-0.072361809,0.296838182,1.69758802
4690,-0.0007452588000000007,-0.08040201,0.296838182,1.7920603699999997
4691,-0.0007443388,-0.072361809,0.29153165000000003,1.94321613
4692,-0.0007434188000000003,-0.072361809,0.294184916,2.1321608299999997
4693,-0.0007424988000000006,-0.08040201,0.294184916,2.3211055299999996
4694,-0.0007415788000000008,-0.072361809,0.296838182,2.5289447
4695,-0.0007406588000000002,-0.072361809,0.294184916,2.7178894
4696,-0.0007397388000000005,-0.072361809,0.294184916,2.9068340999999998
4697,-0.0007388188000000007,-0.072361809,0.296838182,3.07688433
4698,-0.0007378988000000001,-0.08040201,0.296838182,3.2091456199999997
4699,-0.0007369788000000004,-0.072361809,0.29153165000000003,3.30361797
4700,-0.0007360588000000006,-0.072361809,0.296838182,3.34140691
4701,-0.0007351388,-0.072361809,0.296838182,3.3225124399999997
4702,-0.0007342188000000003,-0.072361809,0.294184916,3.2469345599999997
4703,-0.0007332988000000006,-0.072361809,0.296838182,3.1713566799999997
4704,-0.0007323788000000008,-0.072361809,0.296838182,3.0202009199999997
4705,-0.0007314588000000002,-0.088442211,0.299491448,2.85015069
4706,-0.0007305388000000005,-0.072361809,0.296838182,2.62341705
4707,-0.0007296188000000007,-0.072361809,0.299491448,2.41557788
4708,-0.0007286988000000001,-0.072361809,0.296838182,2.22663318
4709,-0.0007277788000000004,-0.064321608,0.296838182,2.03768848
4710,-0.0007268588000000006,-0.072361809,0.296838182,1.8676382499999997
4711,-0.0007259388,-0.072361809,0.294184916,1.7542714299999997
4712,-0.0007250188000000003,-0.064321608,0.296838182,1.6409046099999998
4713,-0.0007240988000000005,-0.072361809,0.296838182,1.6409046099999998
4714,-0.0007231788000000008,-0.072361809,0.299491448,1.65979908
4715,-0.0007222588000000002,-0.08040201,0.294184916,1.7731659
4716,-0.0007213388000000005,-0.08040201,0.296838182,1.8676382499999997
4717,-0.0007204188000000007,-0.08040201,0.294184916,2.0565829499999997
4718,-0.0007194988000000001,-0.072361809,0.294184916,2.22663318
4719,-0.0007185788000000004,-0.072361809,0.296838182,2.47226129
4720,-0.0007176588000000006,-0.072361809,0.296838182,2.68010046
4721,-0.0007167388000000009,-0.08040201,0.296838182,2.9068340999999998
4722,-0.0007158188000000003,-0.072361809,0.294184916,3.07688433
4723,-0.0007148988000000005,-0.064321608,0.294184916,3.22804009
4724,-0.0007139788000000008,-0.064321608,0.294184916,3.26582903
4725,-0.0007130588000000002,-0.072361809,0.29153165000000003,3.34140691
4726,-0.0007121388000000005,-0.072361809,0.29153165000000003,3.30361797
4727,-0.0007112188000000007,-0.072361809,0.288878384,3.2469345599999997
4728,-0.0007102988000000001,-0.056281407000000006,0.294184916,3.11467327
4729,-0.0007093788000000004,-0.072361809,0.294184916,2.96351751
4730,-0.0007084588000000006,-0.064321608,0.294184916,2.75567834
4731,-0.0007075388000000009,-0.072361809,0.294184916,2.54783917
4732,-0.0007066188000000003,-0.064321608,0.294184916,2.35889447
4733,-0.0007056988000000005,-0.072361809,0.294184916,2.1510553
4734,-0.0007047788000000008,-0.08040201,0.296838182,1.98100507
4735,-0.0007038588000000002,-0.08040201,0.294184916,1.8298493099999997
4736,-0.0007029388000000004,-0.064321608,0.294184916,1.69758802
4737,-0.0007020188000000007,-0.072361809,0.296838182,1.6409046099999998
4738,-0.0007010988000000001,-0.08040201,0.294184916,1.6409046099999998
4739,-0.0007001788000000004,-0.056281407000000006,0.29153165000000003,1.65979908
4740,-0.0006992588000000006,-0.072361809,0.296838182,1.7731659
4741,-0.0006983388000000009,-0.072361809,0.294184916,1.90542719
4742,-0.0006974188000000003,-0.072361809,0.294184916,2.07547742
4743,-0.0006964988000000005,-0.072361809,0.29153165000000003,2.2455276499999997
4744,-0.0006955788000000008,-0.072361809,0.294184916,2.41557788
4745,-0.0006946588000000002,-0.072361809,0.296838182,2.68010046
4746,-0.0006937388000000004,-0.064321608,0.294184916,2.8690451599999998
4747,-0.0006928188000000007,-0.064321608,0.29153165000000003,3.0202009199999997
4748,-0.0006918988000000001,-0.064321608,0.294184916,3.1713566799999997
4749,-0.0006909788000000004,-0.056281407000000006,0.296838182,3.2847235
4750,-0.0006900588000000006,-0.064321608,0.294184916,3.3225124399999997
4751,-0.0006891388000000009,-0.072361809,0.294184916,3.34140691
4752,-0.0006882188000000003,-0.088442211,0.294184916,3.3225124399999997
4753,-0.0006872988000000005,-0.072361809,0.296838182,3.19025115
4754,-0.0006863788000000008,-0.064321608,0.294184916,3.07688433
4755,-0.0006854588000000002,-0.064321608,0.29153165000000003,2.92572857
4756,-0.0006845388000000004,-0.064321608,0.294184916,2.7178894
4757,-0.0006836188000000007,-0.064321608,0.294184916,2.51005023
4758,-0.0006826988000000001,-0.064321608,0.296838182,2.30221106
4759,-0.0006817788000000003,-0.064321608,0.296838182,2.11326636
4760,-0.0006808588000000006,-0.072361809,0.294184916,1.92432166
4761,-0.0006799388000000009,-0.072361809,0.294184916,1.7920603699999997
4762,-0.0006790188000000003,-0.072361809,0.294184916,1.7164824899999997
4763,-0.0006780988000000005,-0.072361809,0.296838182,1.6409046099999998
4764,-0.0006771788000000008,-0.064321608,0.296838182,1.6409046099999998
4765,-0.0006762588000000002,-0.064321608,0.29153165000000003,1.69758802
4766,-0.0006753388000000004,-0.072361809,0.296838182,1.84874378
4767,-0.0006744188000000007,-0.072361809,0.296838182,1.98100507
4768,-0.0006734988000000001,-0.08040201,0.294184916,2.1699497699999997
4769,-0.0006725788000000003,-0.072361809,0.294184916,2.35889447
4770,-0.0006716588000000006,-0.08040201,0.296838182,2.5289447
4771,-0.0006707388000000009,-0.064321608,0.294184916,2.7934672799999998
4772,-0.0006698188000000002,-0.072361809,0.294184916,2.9446230399999997
4773,-0.0006688988000000005,-0.072361809,0.296838182,3.11467327
4774,-0.0006679788000000008,-0.064321608,0.299491448,3.2469345599999997
4775,-0.0006670588000000002,-0.064321608,0.299491448,3.30361797
4776,-0.0006661388000000004,-0.072361809,0.294184916,3.36030138
4777,-0.0006652188000000007,-0.064321608,0.296838182,3.30361797
4778,-0.0006642988000000001,-0.064321608,0.296838182,3.2469345599999997
4779,-0.0006633788000000003,-0.072361809,0.294184916,3.11467327
4780,-0.0006624588000000006,-0.064321608,0.296838182,2.9446230399999997
4781,-0.0006615388000000008,-0.064321608,0.294184916,2.77457281
4782,-0.0006606188000000002,-0.072361809,0.294184916,2.56673364
4783,-0.0006596988000000005,-0.064321608,0.294184916,2.35889447
4784,-0.0006587788000000008,-0.056281407000000006,0.296838182,2.1510553
4785,-0.0006578588000000002,-0.056281407000000006,0.296838182,1.98100507
4786,-0.0006569388000000004,-0.056281407000000006,0.296838182,1.8298493099999997
4787,-0.0006560188000000007,-0.056281407000000006,0.296838182,1.7164824899999997
4788,-0.0006550988000000001,-0.064321608,0.296838182,1.6409046099999998
4789,-0.0006541788000000003,-0.08040201,0.294184916,1.62201014
4790,-0.0006532588000000006,-0.064321608,0.294184916,1.6786935499999998
4791,-0.0006523388000000008,-0.056281407000000006,0.294184916,1.7542714299999997
4792,-0.0006514188000000002,-0.064321608,0.296838182,1.8676382499999997
4793,-0.0006504988000000005,-0.048241206,0.296838182,2.03768848
4794,-0.0006495788000000008,-0.064321608,0.296838182,2.2455276499999997
4795,-0.0006486588000000001,-0.056281407000000006,0.294184916,2.43447235
4796,-0.0006477388000000004,-0.064321608,0.294184916,2.64231152
4797,-0.0006468188000000007,-0.072361809,0.29153165000000003,2.85015069
4798,-0.0006458988000000001,-0.064321608,0.294184916,3.0202009199999997
4799,-0.0006449788000000003,-0.064321608,0.294184916,3.15246221
4800,-0.0006440588000000006,-0.064321608,0.294184916,3.2469345599999997
4801,-0.0006431388000000008,-0.072361809,0.288878384,3.3225124399999997
4802,-0.0006422188000000002,-0.056281407000000006,0.296838182,3.34140691
4803,-0.0006412988000000005,-0.056281407000000006,0.296838182,3.30361797
4804,-0.0006403788000000007,-0.072361809,0.294184916,3.22804009
4805,-0.0006394588000000001,-0.072361809,0.296838182,3.07688433
4806,-0.0006385388000000004,-0.064321608,0.294184916,2.92572857
4807,-0.0006376188000000007,-0.072361809,0.294184916,2.75567834
4808,-0.0006366988,-0.056281407000000006,0.294184916,2.5289447
4809,-0.0006357788000000003,-0.056281407000000006,0.296838182,2.34
4810,-0.0006348588000000006,-0.064321608,0.294184916,2.11326636
4811,-0.0006339388000000008,-0.064321608,0.299491448,1.9621106
4812,-0.0006330188000000002,-0.056281407000000006,0.296838182,1.81095484
4813,-0.0006320988000000005,-0.064321608,0.296838182,1.69758802
4814,-0.0006311788000000007,-0.064321608,0.296838182,1.65979908
4815,-0.0006302588000000001,-0.056281407000000006,0.296838182,1.6409046099999998
4816,-0.0006293388000000004,-0.064321608,0.294184916,1.6786935499999998
4817,-0.0006284188000000007,-0.056281407000000006,0.294184916,1.7920603699999997
4818,-0.0006274988,-0.064321608,0.296838182,1.92432166
4819,-0.0006265788000000003,-0.064321608,0.294184916,2.0943718899999997
4820,-0.0006256588000000006,-0.056281407000000006,0.296838182,2.2833165899999996
4821,-0.0006247388000000008,-0.064321608,0.294184916,2.49115576
4822,-0.0006238188000000002,-0.056281407000000006,0.299491448,2.66120599
4823,-0.0006228988000000005,-0.056281407000000006,0.296838182,2.9068340999999998
4824,-0.0006219788000000007,-0.064321608,0.296838182,3.07688433
4825,-0.0006210588000000001,-0.064321608,0.296838182,3.19025115
4826,-0.0006201388000000004,-0.056281407000000006,0.296838182,3.2847235
4827,-0.0006192188000000006,-0.048241206,0.294184916,3.3225124399999997
4828,-0.0006182988,-0.048241206,0.294184916,3.34140691
4829,-0.0006173788000000003,-0.056281407000000006,0.294184916,3.30361797
4830,-0.0006164588000000006,-0.056281407000000006,0.294184916,3.22804009
4831,-0.0006155388000000008,-0.064321608,0.294184916,3.0579898599999997
4832,-0.0006146188000000002,-0.064321608,0.296838182,2.88793963
4833,-0.0006136988000000005,-0.064321608,0.294184916,2.75567834
4834,-0.0006127788000000007,-0.064321608,0.296838182,2.5289447
4835,-0.0006118588000000001,-0.064321608,0.294184916,2.34
4836,-0.0006109388000000004,-0.056281407000000006,0.296838182,2.0943718899999997
4837,-0.0006100188000000006,-0.056281407000000006,0.299491448,1.94321613
4838,-0.0006090988,-0.056281407000000006,0.296838182,1.7920603699999997
4839,-0.0006081788000000003,-0.048241206,0.296838182,1.69758802
4840,-0.0006072588000000005,-0.064321608,0.296838182,1.62201014
4841,-0.0006063388000000008,-0.048241206,0.296838182,1.65979908
4842,-0.0006054188000000002,-0.064321608,0.296838182,1.6786935499999998
4843,-0.0006044988000000005,-0.056281407000000006,0.294184916,1.81095484
4844,-0.0006035788000000007,-0.064321608,0.299491448,1.88653272
4845,-0.0006026588000000001,-0.064321608,0.299491448,2.07547742
4846,-0.0006017388000000004,-0.056281407000000006,0.296838182,2.2077387099999997
4847,-0.0006008188000000006,-0.056281407000000006,0.296838182,2.41557788
4848,-0.0005998988000000009,-0.056281407000000006,0.296838182,2.64231152
4849,-0.0005989788000000003,-0.056281407000000006,0.296838182,2.85015069
4850,-0.0005980588000000005,-0.056281407000000006,0.294184916,3.03909539
4851,-0.0005971388000000008,-0.048241206,0.296838182,3.19025115
4852,-0.0005962188000000002,-0.048241206,0.296838182,3.2847235
4853,-0.0005952988000000005,-0.064321608,0.29153165000000003,3.36030138
4854,-0.0005943788000000007,-0.064321608,0.294184916,3.34140691
4855,-0.0005934588000000001,-0.056281407000000006,0.294184916,3.30361797
4856,-0.0005925388000000004,-0.048241206,0.296838182,3.22804009
4857,-0.0005916188000000006,-0.048241206,0.294184916,3.07688433
4858,-0.0005906988000000009,-0.056281407000000006,0.294184916,2.92572857
4859,-0.0005897788000000003,-0.056281407000000006,0.29153165000000003,2.7178894
4860,-0.0005888588000000005,-0.056281407000000006,0.294184916,2.5289447
4861,-0.0005879388000000008,-0.056281407000000006,0.294184916,2.3211055299999996
4862,-0.0005870188000000002,-0.064321608,0.299491448,2.1321608299999997
4863,-0.0005860988000000004,-0.048241206,0.296838182,1.94321613
4864,-0.0005851788000000007,-0.056281407000000006,0.296838182,1.81095484
4865,-0.0005842588000000001,-0.056281407000000006,0.294184916,1.7164824899999997
4866,-0.0005833388000000004,-0.056281407000000006,0.296838182,1.6409046099999998
4867,-0.0005824188000000006,-0.064321608,0.294184916,1.65979908
4868,-0.0005814988000000009,-0.064321608,0.294184916,1.6786935499999998
4869,-0.0005805788000000003,-0.048241206,0.296838182,1.7542714299999997
4870,-0.0005796588000000005,-0.064321608,0.294184916,1.88653272
4871,-0.0005787388000000008,-0.064321608,0.296838182,2.07547742
4872,-0.0005778188000000002,-0.056281407000000006,0.294184916,2.26442212
4873,-0.0005768988000000004,-0.056281407000000006,0.294184916,2.47226129
4874,-0.0005759788000000007,-0.056281407000000006,0.294184916,2.69899493
4875,-0.0005750588000000001,-0.048241206,0.296838182,2.9068340999999998
4876,-0.0005741388000000004,-0.056281407000000006,0.299491448,3.07688433
4877,-0.0005732188000000006,-0.056281407000000006,0.29153165000000003,3.2091456199999997
4878,-0.0005722988000000009,-0.056281407000000006,0.294184916,3.2847235
4879,-0.0005713788000000003,-0.048241206,0.296838182,3.3225124399999997
4880,-0.0005704588000000005,-0.048241206,0.296838182,3.34140691
4881,-0.0005695388000000008,-0.040201005,0.296838182,3.26582903
4882,-0.0005686188000000002,-0.040201005,0.296838182,3.1713566799999997
4883,-0.0005676988000000004,-0.064321608,0.299491448,3.0202009199999997
4884,-0.0005667788000000007,-0.056281407000000006,0.296838182,2.7934672799999998
4885,-0.0005658588000000001,-0.048241206,0.296838182,2.60452258
4886,-0.0005649388000000003,-0.048241206,0.296838182,2.39668341
4887,-0.0005640188000000006,-0.056281407000000006,0.294184916,2.2077387099999997
4888,-0.0005630988000000009,-0.056281407000000006,0.296838182,1.99989954
4889,-0.0005621788000000003,-0.072361809,0.294184916,1.8298493099999997
4890,-0.0005612588000000005,-0.064321608,0.296838182,1.7164824899999997
4891,-0.0005603388000000008,-0.048241206,0.296838182,1.65979908
4892,-0.0005594188000000002,-0.048241206,0.296838182,1.6031156699999998
4893,-0.0005584988000000004,-0.048241206,0.299491448,1.65979908
4894,-0.0005575788000000007,-0.048241206,0.294184916,1.7542714299999997
4895,-0.0005566588000000001,-0.056281407000000006,0.296838182,1.8676382499999997
4896,-0.0005557388000000003,-0.056281407000000006,0.296838182,2.0187940099999997
4897,-0.0005548188000000006,-0.040201005,0.294184916,2.22663318
4898,-0.0005538988000000009,-0.056281407000000006,0.296838182,2.41557788
4899,-0.0005529788000000002,-0.056281407000000006,0.299491448,2.68010046
4900,-0.0005520588000000005,-0.040201005,0.299491448,2.88793963
4901,-0.0005511388000000008,-0.056281407000000006,0.294184916,3.07688433
4902,-0.0005502188000000002,-0.064321608,0.296838182,3.2091456199999997
4903,-0.0005492988000000004,-0.048241206,0.296838182,3.2847235
4904,-0.0005483788000000007,-0.048241206,0.294184916,3.3225124399999997
4905,-0.0005474588000000001,-0.048241206,0.299491448,3.34140691
4906,-0.0005465388000000003,-0.056281407000000006,0.296838182,3.30361797
4907,-0.0005456188000000006,-0.048241206,0.294184916,3.1713566799999997
4908,-0.0005446988000000009,-0.056281407000000006,0.294184916,3.03909539
4909,-0.0005437788000000002,-0.048241206,0.296838182,2.88793963
4910,-0.0005428588000000005,-0.064321608,0.296838182,2.68010046
4911,-0.0005419388000000008,-0.048241206,0.296838182,2.45336682
4912,-0.0005410188000000002,-0.048241206,0.296838182,2.2455276499999997
4913,-0.0005400988000000004,-0.048241206,0.296838182,2.07547742
4914,-0.0005391788000000007,-0.056281407000000006,0.29153165000000003,1.88653272
4915,-0.0005382588000000001,-0.048241206,0.299491448,1.7542714299999997
4916,-0.0005373388000000003,-0.048241206,0.294184916,1.6786935499999998
4917,-0.0005364188000000006,-0.048241206,0.294184916,1.62201014
4918,-0.0005354988000000008,-0.056281407000000006,0.296838182,1.6409046099999998
4919,-0.0005345788000000002,-0.048241206,0.29153165000000003,1.7164824899999997
4920,-0.0005336588000000005,-0.048241206,0.29153165000000003,1.8298493099999997
4921,-0.0005327388000000008,-0.056281407000000006,0.296838182,2.0187940099999997
4922,-0.0005318188000000001,-0.048241206,0.296838182,2.18884424
4923,-0.0005308988000000004,-0.056281407000000006,0.299491448,2.41557788
4924,-0.0005299788000000007,-0.064321608,0.296838182,2.60452258
4925,-0.0005290588000000001,-0.056281407000000006,0.296838182,2.8312562199999998
4926,-0.0005281388000000003,-0.048241206,0.299491448,3.0202009199999997
4927,-0.0005272188000000006,-0.064321608,0.294184916,3.19025115
4928,-0.0005262988000000008,-0.048241206,0.296838182,3.30361797
4929,-0.0005253788000000002,-0.040201005,0.294184916,3.36030138
4930,-0.0005244588000000005,-0.040201005,0.296838182,3.36030138
4931,-0.0005235388000000007,-0.056281407000000006,0.296838182,3.2847235
4932,-0.0005226188000000001,-0.056281407000000006,0.296838182,3.1713566799999997
4933,-0.0005216988000000004,-0.056281407000000006,0.294184916,3.03909539
4934,-0.0005207788000000007,-0.056281407000000006,0.29153165000000003,2.85015069
4935,-0.0005198588,-0.064321608,0.294184916,2.62341705
4936,-0.0005189388000000003,-0.048241206,0.299491448,2.39668341
4937,-0.0005180188000000006,-0.040201005,0.294184916,2.18884424
4938,-0.0005170988000000008,-0.048241206,0.296838182,1.9621106
4939,-0.0005161788000000002,-0.040201005,0.296838182,1.81095484
4940,-0.0005152588000000005,-0.040201005,0.296838182,1.7164824899999997
4941,-0.0005143388000000007,-0.048241206,0.296838182,1.65979908
4942,-0.0005134188000000001,-0.048241206,0.296838182,1.6409046099999998
4943,-0.0005124988000000004,-0.048241206,0.296838182,1.73537696
4944,-0.0005115788000000007,-0.040201005,0.296838182,1.81095484
4945,-0.0005106588,-0.056281407000000006,0.296838182,1.98100507
4946,-0.0005097388000000003,-0.056281407000000006,0.296838182,2.1510553
4947,-0.0005088188000000006,-0.048241206,0.296838182,2.37778894
4948,-0.0005078988000000008,-0.040201005,0.299491448,2.58562811
4949,-0.0005069788000000002,-0.048241206,0.299491448,2.81236175
4950,-0.0005060588000000005,-0.056281407000000006,0.296838182,3.0202009199999997
4951,-0.0005051388000000007,-0.056281407000000006,0.299491448,3.1713566799999997
4952,-0.0005042188000000001,-0.056281407000000006,0.296838182,3.30361797
4953,-0.0005032988000000004,-0.048241206,0.296838182,3.3225124399999997
4954,-0.0005023788000000006,-0.056281407000000006,0.299491448,3.34140691
4955,-0.0005014588,-0.048241206,0.299491448,3.26582903
4956,-0.0005005388000000003,-0.040201005,0.299491448,3.19025115
4957,-0.0004996188000000006,-0.048241206,0.296838182,3.0202009199999997
4958,-0.0004986988000000008,-0.048241206,0.299491448,2.81236175
4959,-0.0004977788000000002,-0.048241206,0.302144714,2.62341705
4960,-0.0004968588000000005,-0.048241206,0.299491448,2.37778894
4961,-0.0004959388000000007,-0.048241206,0.296838182,2.1699497699999997
4962,-0.0004950188000000001,-0.056281407000000006,0.299491448,1.94321613
4963,-0.0004940988000000004,-0.048241206,0.296838182,1.8298493099999997
4964,-0.0004931788000000006,-0.056281407000000006,0.299491448,1.69758802
4965,-0.0004922588000000009,-0.040201005,0.302144714,1.6409046099999998
4966,-0.0004913388000000003,-0.048241206,0.296838182,1.6409046099999998
4967,-0.0004904188000000006,-0.048241206,0.296838182,1.69758802
4968,-0.0004894988000000008,-0.048241206,0.296838182,1.8298493099999997
4969,-0.0004885788000000002,-0.048241206,0.299491448,1.98100507
4970,-0.00048765880000000046,-0.040201005,0.299491448,2.1510553
4971,-0.0004867388000000007,-0.040201005,0.299491448,2.34
4972,-0.0004858188000000001,-0.048241206,0.294184916,2.60452258
4973,-0.00048489880000000037,-0.056281407000000006,0.294184916,2.7934672799999998
4974,-0.00048397880000000063,-0.040201005,0.294184916,2.9824119799999997
4975,-0.0004830588000000009,-0.048241206,0.294184916,3.1713566799999997
4976,-0.0004821388000000003,-0.048241206,0.29153165000000003,3.26582903
4977,-0.00048121880000000054,-0.040201005,0.294184916,3.34140691
4978,-0.0004802988000000008,-0.048241206,0.296838182,3.3225124399999997
4979,-0.0004793788000000002,-0.048241206,0.294184916,3.30361797
4980,-0.00047845880000000045,-0.032160804,0.296838182,3.22804009
4981,-0.0004775388000000007,-0.048241206,0.296838182,3.03909539
4982,-0.0004766188000000001,-0.048241206,0.296838182,2.9446230399999997
4983,-0.00047569880000000037,-0.048241206,0.299491448,2.7178894
4984,-0.0004747788000000006,-0.056281407000000006,0.296838182,2.49115576
4985,-0.0004738588000000009,-0.056281407000000006,0.296838182,2.30221106
4986,-0.0004729388000000003,-0.056281407000000006,0.296838182,2.0943718899999997
4987,-0.00047201880000000054,-0.040201005,0.294184916,1.90542719
4988,-0.0004710988000000008,-0.040201005,0.296838182,1.7542714299999997
4989,-0.0004701788000000002,-0.040201005,0.296838182,1.65979908
4990,-0.00046925880000000045,-0.048241206,0.296838182,1.65979908
4991,-0.0004683388000000007,-0.040201005,0.296838182,1.6409046099999998
4992,-0.0004674188000000001,-0.040201005,0.294184916,1.7164824899999997
4993,-0.00046649880000000036,-0.048241206,0.296838182,1.84874378
4994,-0.0004655788000000006,-0.040201005,0.296838182,2.0565829499999997
4995,-0.0004646588000000009,-0.048241206,0.296838182,2.22663318
4996,-0.00046373880000000027,-0.040201005,0.296838182,2.45336682
4997,-0.00046281880000000053,-0.040201005,0.296838182,2.68010046
4998,-0.0004618988000000008,-0.048241206,0.296838182,2.92572857
4999,-0.0004609788000000002,-0.048241206,0.299491448,3.11467327
5000,-0.00046005880000000044,-0.048241206,0.299491448,3.22804009
5001,-0.0004591388000000007,-0.048241206,0.299491448,3.3225124399999997
5002,-0.0004582188000000001,-0.048241206,0.294184916,3.34140691
5003,-0.00045729880000000035,-0.056281407000000006,0.296838182,3.3225124399999997
5004,-0.0004563788000000006,-0.040201005,0.296838182,3.2469345599999997
5005,-0.00045545880000000087,-0.040201005,0.294184916,3.15246221
5006,-0.00045453880000000026,-0.032160804,0.296838182,2.96351751
5007,-0.0004536188000000005,-0.032160804,0.296838182,2.7934672799999998
5008,-0.0004526988000000008,-0.048241206,0.299491448,2.58562811
5009,-0.0004517788000000002,-0.040201005,0.296838182,2.35889447
5010,-0.00045085880000000043,-0.040201005,0.296838182,2.1699497699999997
5011,-0.0004499388000000007,-0.048241206,0.299491448,1.9621106
5012,-0.0004490188000000001,-0.048241206,0.296838182,1.8298493099999997
5013,-0.00044809880000000035,-0.032160804,0.302144714,1.7164824899999997
5014,-0.0004471788000000006,-0.040201005,0.302144714,1.6409046099999998
5015,-0.00044625880000000086,-0.040201005,0.296838182,1.6409046099999998
5016,-0.00044533880000000026,-0.048241206,0.296838182,1.73537696
5017,-0.0004444188000000005,-0.048241206,0.302144714,1.7731659
5018,-0.0004434988000000008,-0.040201005,0.296838182,1.92432166
5019,-0.00044257880000000017,-0.040201005,0.296838182,2.07547742
5020,-0.00044165880000000043,-0.032160804,0.299491448,2.2455276499999997
5021,-0.0004407388000000007,-0.048241206,0.296838182,2.49115576
5022,-0.0004398188000000001,-0.048241206,0.296838182,2.73678387
5023,-0.00043889880000000034,-0.032160804,0.296838182,2.96351751
5024,-0.0004379788000000006,-0.040201005,0.294184916,3.0957787999999997
5025,-0.00043705880000000086,-0.040201005,0.299491448,3.22804009
5026,-0.00043613880000000025,-0.056281407000000006,0.296838182,3.3225124399999997
5027,-0.0004352188000000005,-0.048241206,0.296838182,3.36030138
5028,-0.00043429880000000077,-0.056281407000000006,0.299491448,3.34140691
5029,-0.00043337880000000016,-0.048241206,0.296838182,3.2469345599999997
5030,-0.0004324588000000004,-0.048241206,0.294184916,3.15246221
5031,-0.0004315388000000007,-0.032160804,0.299491448,3.0202009199999997
5032,-0.00043061880000000007,-0.040201005,0.299491448,2.81236175
5033,-0.00042969880000000033,-0.040201005,0.296838182,2.60452258
5034,-0.0004287788000000006,-0.040201005,0.294184916,2.37778894
5035,-0.00042785880000000085,-0.048241206,0.299491448,2.18884424
5036,-0.00042693880000000024,-0.040201005,0.29153165000000003,1.9621106
5037,-0.0004260188000000005,-0.040201005,0.296838182,1.8676382499999997
5038,-0.00042509880000000076,-0.032160804,0.296838182,1.73537696
5039,-0.00042417880000000015,-0.032160804,0.302144714,1.65979908
5040,-0.0004232588000000004,-0.040201005,0.296838182,1.6409046099999998
5041,-0.0004223388000000007,-0.040201005,0.294184916,1.69758802
5042,-0.00042141880000000007,-0.048241206,0.296838182,1.7920603699999997
5043,-0.0004204988000000003,-0.040201005,0.299491448,1.90542719
5044,-0.0004195788000000006,-0.032160804,0.294184916,2.0565829499999997
5045,-0.00041865880000000084,-0.040201005,0.294184916,2.2455276499999997
5046,-0.00041773880000000024,-0.040201005,0.302144714,2.47226129
5047,-0.0004168188000000005,-0.040201005,0.296838182,2.69899493
5048,-0.00041589880000000076,-0.040201005,0.296838182,2.9068340999999998
5049,-0.00041497880000000015,-0.032160804,0.299491448,3.0957787999999997
5050,-0.0004140588000000004,-0.040201005,0.299491448,3.22804009
5051,-0.00041313880000000067,-0.024120603,0.296838182,3.2847235
5052,-0.00041221880000000006,-0.040201005,0.296838182,3.36030138
5053,-0.0004112988000000003,-0.040201005,0.296838182,3.34140691
5054,-0.0004103788000000006,-0.040201005,0.294184916,3.26582903
5055,-0.00040945880000000084,-0.040201005,0.302144714,3.1713566799999997
5056,-0.00040853880000000023,-0.048241206,0.299491448,3.0202009199999997
5057,-0.0004076188000000005,-0.040201005,0.296838182,2.8312562199999998
5058,-0.00040669880000000075,-0.032160804,0.302144714,2.62341705
5059,-0.00040577880000000014,-0.032160804,0.299491448,2.37778894
5060,-0.0004048588000000004,-0.040201005,0.302144714,2.2077387099999997
5061,-0.00040393880000000066,-0.032160804,0.296838182,1.99989954
5062,-0.00040301880000000005,-0.032160804,0.299491448,1.8298493099999997
5063,-0.0004020988000000003,-0.032160804,0.30479798,1.73537696
5064,-0.00040117880000000057,-0.048241206,0.302144714,1.65979908
5065,-0.00040025880000000083,-0.048241206,0.294184916,1.6409046099999998
5066,-0.0003993388000000002,-0.040201005,0.299491448,1.69758802
5067,-0.0003984188000000005,-0.040201005,0.30479798,1.7542714299999997
5068,-0.00039749880000000074,-0.032160804,0.299491448,1.88653272
5069,-0.00039657880000000013,-0.032160804,0.299491448,2.03768848
5070,-0.0003956588000000004,-0.032160804,0.299491448,2.2455276499999997
5071,-0.00039473880000000065,-0.032160804,0.296838182,2.43447235
5072,-0.00039381880000000005,-0.032160804,0.302144714,2.68010046
5073,-0.0003928988000000003,-0.040201005,0.299491448,2.88793963
5074,-0.00039197880000000056,-0.040201005,0.299491448,3.03909539
5075,-0.0003910588000000008,-0.040201005,0.296838182,3.19025115
5076,-0.0003901388000000002,-0.048241206,0.296838182,3.2847235
5077,-0.0003892188000000005,-0.048241206,0.294184916,3.36030138
5078,-0.00038829880000000074,-0.032160804,0.299491448,3.3225124399999997
5079,-0.00038737880000000013,-0.040201005,0.299491448,3.26582903
5080,-0.0003864588000000004,-0.024120603,0.299491448,3.19025115
5081,-0.00038553880000000065,-0.032160804,0.296838182,3.0202009199999997
5082,-0.00038461880000000004,-0.024120603,0.299491448,2.8312562199999998
5083,-0.0003836988000000003,-0.032160804,0.299491448,2.62341705
5084,-0.00038277880000000056,-0.024120603,0.299491448,2.41557788
5085,-0.0003818588000000008,-0.040201005,0.296838182,2.2077387099999997
5086,-0.0003809388000000002,-0.040201005,0.294184916,2.0187940099999997
5087,-0.00038001880000000047,-0.040201005,0.296838182,1.84874378
5088,-0.00037909880000000073,-0.032160804,0.294184916,1.7164824899999997
5089,-0.0003781788000000001,-0.032160804,0.294184916,1.65979908
5090,-0.0003772588000000004,-0.024120603,0.294184916,1.62201014
5091,-0.00037633880000000064,-0.040201005,0.294184916,1.69758802
5092,-0.0003754188000000009,-0.032160804,0.299491448,1.81095484
5093,-0.0003744988000000003,-0.032160804,0.296838182,1.92432166
5094,-0.00037357880000000055,-0.040201005,0.294184916,2.1321608299999997
5095,-0.0003726588000000008,-0.032160804,0.294184916,2.3211055299999996
5096,-0.0003717388000000002,-0.040201005,0.296838182,2.51005023
5097,-0.00037081880000000046,-0.040201005,0.299491448,2.75567834
5098,-0.0003698988000000007,-0.032160804,0.296838182,2.9446230399999997
5099,-0.0003689788000000001,-0.032160804,0.296838182,3.1335677399999997
5100,-0.0003680588000000004,-0.032160804,0.294184916,3.22804009
5101,-0.00036713880000000063,-0.032160804,0.299491448,3.3225124399999997
5102,-0.0003662188000000009,-0.032160804,0.302144714,3.37919585
5103,-0.0003652988000000003,-0.032160804,0.294184916,3.3225124399999997
5104,-0.00036437880000000054,-0.032160804,0.29153165000000003,3.22804009
5105,-0.0003634588000000008,-0.040201005,0.299491448,3.11467327
5106,-0.0003625388000000002,-0.024120603,0.296838182,2.96351751
5107,-0.00036161880000000046,-0.040201005,0.296838182,2.75567834
5108,-0.0003606988000000007,-0.040201005,0.296838182,2.54783917
5109,-0.0003597788000000001,-0.040201005,0.296838182,2.54783917
5110,-0.00035885880000000037,-0.032160804,0.299491448,2.18884424
5111,-0.0003579388000000006,-0.024120603,0.296838182,1.92432166
5112,-0.0003570188000000009,-0.040201005,0.299491448,1.7920603699999997
5113,-0.0003560988000000003,-0.032160804,0.296838182,1.6786935499999998
5114,-0.00035517880000000054,-0.032160804,0.299491448,1.6409046099999998
5115,-0.0003542588000000008,-0.032160804,0.302144714,1.6786935499999998
5116,-0.0003533388000000002,-0.040201005,0.296838182,1.73537696
5117,-0.00035241880000000045,-0.032160804,0.299491448,1.8676382499999997
5118,-0.0003514988000000007,-0.024120603,0.299491448,2.0187940099999997
5119,-0.0003505788000000001,-0.032160804,0.299491448,2.2455276499999997
5120,-0.00034965880000000036,-0.032160804,0.302144714,2.45336682
5121,-0.0003487388000000006,-0.032160804,0.302144714,2.66120599
5122,-0.0003478188000000009,-0.032160804,0.299491448,2.9068340999999998
5123,-0.00034689880000000027,-0.040201005,0.302144714,3.0579898599999997
5124,-0.00034597880000000053,-0.040201005,0.299491448,3.22804009
5125,-0.0003450588000000008,-0.024120603,0.30479798,3.3225124399999997
5126,-0.0003441388000000002,-0.040201005,0.299491448,3.36030138
5127,-0.00034321880000000044,-0.024120603,0.299491448,3.34140691
5128,-0.0003422988000000007,-0.024120603,0.302144714,3.2469345599999997
5129,-0.0003413788000000001,-0.032160804,0.302144714,3.0579898599999997
5130,-0.00034045880000000035,-0.032160804,0.296838182,2.9446230399999997
5131,-0.0003395388000000006,-0.032160804,0.296838182,2.68010046
5132,-0.00033861880000000087,-0.032160804,0.296838182,2.51005023
5133,-0.00033769880000000026,-0.032160804,0.296838182,2.2833165899999996
5134,-0.0003367788000000005,-0.032160804,0.302144714,2.07547742
5135,-0.0003358588000000008,-0.040201005,0.302144714,1.88653272
5136,-0.0003349388000000002,-0.024120603,0.30479798,1.7542714299999997
5137,-0.00033401880000000043,-0.032160804,0.296838182,1.6786935499999998
5138,-0.0003330988000000007,-0.032160804,0.296838182,1.62201014
5139,-0.0003321788000000001,-0.024120603,0.296838182,1.69758802
5140,-0.00033125880000000035,-0.024120603,0.296838182,1.81095484
5141,-0.0003303388000000006,-0.024120603,0.299491448,1.94321613
5142,-0.00032941880000000087,-0.040201005,0.296838182,2.11326636
5143,-0.00032849880000000026,-0.032160804,0.294184916,2.34
5144,-0.0003275788000000005,-0.040201005,0.296838182,2.60452258
5145,-0.0003266588000000008,-0.032160804,0.296838182,2.81236175
5146,-0.00032573880000000017,-0.032160804,0.296838182,3.0202009199999997
5147,-0.00032481880000000043,-0.024120603,0.294184916,3.1713566799999997
5148,-0.0003238988000000007,-0.040201005,0.294184916,3.2847235
5149,-0.0003229788000000001,-0.024120603,0.296838182,3.34140691
5150,-0.00032205880000000034,-0.024120603,0.294184916,3.34140691
5151,-0.0003211388000000006,-0.024120603,0.299491448,3.2847235
5152,-0.00032021880000000086,-0.024120603,0.296838182,3.15246221
5153,-0.00031929880000000025,-0.032160804,0.296838182,2.96351751
5154,-0.0003183788000000005,-0.040201005,0.296838182,2.77457281
5155,-0.00031745880000000077,-0.032160804,0.296838182,2.5289447
5156,-0.00031653880000000016,-0.040201005,0.296838182,2.3211055299999996
5157,-0.0003156188000000004,-0.024120603,0.296838182,1.94321613
5158,-0.0003146988000000007,-0.032160804,0.294184916,1.8676382499999997
5159,-0.0003137788000000001,-0.024120603,0.296838182,1.7542714299999997
5160,-0.00031285880000000033,-0.032160804,0.296838182,1.65979908
5161,-0.0003119388000000006,-0.032160804,0.299491448,1.65979908
5162,-0.00031101880000000085,-0.016080402,0.296838182,1.6786935499999998
5163,-0.00031009880000000024,-0.024120603,0.299491448,1.7731659
5164,-0.0003091788000000005,-0.032160804,0.296838182,1.8676382499999997
5165,-0.00030825880000000076,-0.040201005,0.302144714,2.11326636
5166,-0.00030733880000000015,-0.032160804,0.302144714,2.03768848
5167,-0.0003064188000000004,-0.024120603,0.299491448,2.43447235
5168,-0.0003054988000000007,-0.016080402,0.296838182,2.75567834
5169,-0.00030457880000000007,-0.024120603,0.302144714,2.9824119799999997
5170,-0.0003036588000000003,-0.032160804,0.30479798,3.1713566799999997
5171,-0.0003027388000000006,-0.024120603,0.299491448,3.2847235
5172,-0.00030181880000000084,-0.032160804,0.302144714,3.34140691
5173,-0.00030089880000000024,-0.032160804,0.299491448,3.34140691
5174,-0.0002999788000000005,-0.032160804,0.30479798,3.30361797
5175,-0.00029905880000000076,-0.032160804,0.30479798,3.15246221
5176,-0.00029813880000000015,-0.024120603,0.299491448,2.77457281
5177,-0.0002972188000000004,-0.024120603,0.299491448,2.68010046
5178,-0.00029629880000000067,-0.024120603,0.307451246,2.49115576
5179,-0.00029537880000000006,-0.024120603,0.299491448,2.2833165899999996
5180,-0.0002944588000000003,-0.024120603,0.299491448,2.03768848
5181,-0.0002935388000000006,-0.016080402,0.299491448,1.8676382499999997
5182,-0.00029261880000000084,-0.024120603,0.302144714,1.92432166
5183,-0.00029169880000000023,-0.024120603,0.302144714,1.6786935499999998
5184,-0.0002907788000000005,-0.024120603,0.299491448,1.65979908
5185,-0.00028985880000000075,-0.032160804,0.299491448,1.7164824899999997
5186,-0.00028893880000000014,-0.032160804,0.299491448,1.81095484
5187,-0.0002880188000000004,-0.024120603,0.299491448,1.99989954
5188,-0.00028709880000000066,-0.024120603,0.302144714,2.18884424
5189,-0.00028617880000000005,-0.016080402,0.299491448,2.43447235
5190,-0.0002852588000000003,-0.032160804,0.299491448,2.64231152
5191,-0.00028433880000000057,-0.032160804,0.294184916,2.88793963
5192,-0.00028341880000000083,-0.024120603,0.299491448,3.22804009
5193,-0.0002824988000000002,-0.032160804,0.294184916,3.22804009
5194,-0.0002815788000000005,-0.032160804,0.296838182,3.34140691
5195,-0.00028065880000000074,-0.024120603,0.299491448,3.3225124399999997
5196,-0.00027973880000000013,-0.032160804,0.294184916,3.34140691
5197,-0.0002788188000000004,-0.032160804,0.302144714,3.26582903
5198,-0.00027789880000000065,-0.024120603,0.296838182,3.11467327
5199,-0.00027697880000000005,-0.024120603,0.296838182,2.8690451599999998
5200,-0.0002760588000000003,-0.032160804,0.296838182,2.68010046
5201,-0.00027513880000000056,-0.016080402,0.296838182,2.45336682
5202,-0.0002742188000000008,-0.024120603,0.294184916,2.2077387099999997
5203,-0.0002732988000000002,-0.032160804,0.296838182,1.98100507
5204,-0.0002723788000000005,-0.024120603,0.299491448,1.81095484
5205,-0.00027145880000000074,-0.024120603,0.296838182,1.7164824899999997
5206,-0.00027053880000000013,-0.032160804,0.294184916,1.6409046099999998
5207,-0.0002696188000000004,-0.016080402,0.294184916,1.6409046099999998
5208,-0.00026869880000000065,-0.024120603,0.296838182,1.7542714299999997
5209,-0.00026777880000000004,-0.024120603,0.296838182,1.88653272
5210,-0.0002668588000000003,-0.024120603,0.296838182,2.0187940099999997
5211,-0.00026593880000000056,-0.024120603,0.296838182,2.22663318
5212,-0.0002650188000000008,-0.024120603,0.302144714,2.43447235
5213,-0.0002640988000000002,-0.032160804,0.299491448,2.69899493
5214,-0.00026317880000000047,-0.024120603,0.296838182,2.9824119799999997
5215,-0.00026225880000000073,-0.016080402,0.299491448,3.0957787999999997
5216,-0.0002613388000000001,-0.024120603,0.296838182,3.22804009
5217,-0.0002604188000000004,-0.024120603,0.299491448,3.34140691
5218,-0.00025949880000000064,-0.016080402,0.299491448,3.34140691
5219,-0.0002585788000000009,-0.016080402,0.296838182,3.3225124399999997
5220,-0.0002576588000000003,-0.032160804,0.299491448,3.22804009
5221,-0.00025673880000000055,-0.024120603,0.30479798,3.0957787999999997
5222,-0.0002558188000000008,-0.024120603,0.302144714,2.9068340999999998
5223,-0.0002548988000000002,-0.024120603,0.302144714,2.68010046
5224,-0.00025397880000000046,-0.024120603,0.302144714,2.39668341
5225,-0.0002530588000000007,-0.016080402,0.302144714,2.2077387099999997
5226,-0.0002521388000000001,-0.016080402,0.299491448,1.9621106
5227,-0.0002512188000000004,-0.032160804,0.302144714,1.81095484
5228,-0.00025029880000000063,-0.016080402,0.302144714,1.69758802
5229,-0.0002493788000000009,-0.024120603,0.299491448,1.65979908
5230,-0.0002484588000000003,-0.016080402,0.30479798,1.6409046099999998
5231,-0.00024753880000000054,-0.008040201,0.296838182,1.7164824899999997
5232,-0.0002466188000000008,-0.024120603,0.302144714,1.8298493099999997
5233,-0.0002456988000000002,-0.032160804,0.307451246,2.0565829499999997
5234,-0.00024477880000000046,-0.024120603,0.302144714,2.2455276499999997
5235,-0.00024385880000000072,-0.016080402,0.302144714,2.47226129
5236,-0.0002429388000000001,-0.016080402,0.299491448,2.7178894
5237,-0.00024201880000000037,-0.024120603,0.302144714,2.9446230399999997
5238,-0.00024109880000000063,-0.024120603,0.302144714,3.11467327
5239,-0.00024017880000000089,-0.024120603,0.296838182,3.2847235
5240,-0.00023925880000000028,-0.024120603,0.296838182,3.34140691
5241,-0.00023833880000000054,-0.024120603,0.296838182,3.34140691
5242,-0.0002374188000000008,-0.032160804,0.296838182,3.2847235
5243,-0.0002364988000000002,-0.024120603,0.296838182,3.19025115
5244,-0.00023557880000000045,-0.016080402,0.299491448,3.0579898599999997
5245,-0.0002346588000000007,-0.024120603,0.296838182,3.00130645
5246,-0.0002337388000000001,-0.024120603,0.299491448,2.69899493
5247,-0.00023281880000000036,-0.008040201,0.299491448,2.41557788
5248,-0.00023189880000000062,-0.016080402,0.296838182,2.18884424
5249,-0.00023097880000000088,-0.024120603,0.296838182,1.98100507
5250,-0.00023005880000000027,-0.016080402,0.296838182,1.7920603699999997
5251,-0.00022913880000000053,-0.024120603,0.299491448,1.7164824899999997
5252,-0.0002282188000000008,-0.024120603,0.296838182,1.6409046099999998
5253,-0.00022729880000000018,-0.024120603,0.294184916,1.6786935499999998
5254,-0.00022637880000000044,-0.032160804,0.296838182,1.69758802
5255,-0.0002254588000000007,-0.024120603,0.294184916,1.98100507
5256,-0.0002245388000000001,-0.016080402,0.299491448,2.0565829499999997
5257,-0.00022361880000000035,-0.016080402,0.299491448,2.2077387099999997
5258,-0.0002226988000000006,-0.016080402,0.294184916,2.37778894
5259,-0.00022177880000000087,-0.016080402,0.296838182,2.62341705
5260,-0.00022085880000000026,-0.024120603,0.299491448,2.8690451599999998
5261,-0.00021993880000000052,-0.016080402,0.299491448,2.69899493
5262,-0.00021901880000000078,-0.016080402,0.296838182,3.30361797
5263,-0.00021809880000000018,-0.024120603,0.302144714,3.34140691
5264,-0.00021717880000000044,-0.016080402,0.296838182,3.36030138
5265,-0.0002162588000000007,-0.016080402,0.299491448,3.3225124399999997
5266,-0.0002153388000000001,-0.016080402,0.299491448,3.26582903
5267,-0.00021441880000000035,-0.016080402,0.296838182,3.15246221
5268,-0.0002134988000000006,-0.016080402,0.302144714,2.9824119799999997
5269,-0.00021257880000000087,-0.008040201,0.299491448,2.75567834
5270,-0.00021165880000000026,-0.024120603,0.302144714,2.51005023
5271,-0.00021073880000000052,-0.024120603,0.299491448,2.35889447
5272,-0.00020981880000000078,-0.016080402,0.30479798,1.90542719
5273,-0.00020889880000000017,-0.016080402,0.30479798,1.84874378
5274,-0.00020797880000000043,-0.016080402,0.302144714,1.73537696
5275,-0.0002070588000000007,-0.016080402,0.302144714,1.65979908
5276,-0.00020613880000000008,-0.016080402,0.302144714,1.62201014
5277,-0.00020521880000000034,-0.016080402,0.302144714,1.6786935499999998
5278,-0.0002042988000000006,-0.016080402,0.302144714,1.7164824899999997
5279,-0.00020337880000000086,-0.016080402,0.299491448,1.94321613
5280,-0.00020245880000000025,-0.016080402,0.30479798,2.11326636
5281,-0.0002015388000000005,-0.024120603,0.302144714,2.3211055299999996
5282,-0.00020061880000000077,-0.024120603,0.30479798,2.58562811
5283,-0.00019969880000000016,-0.016080402,0.307451246,2.7934672799999998
5284,-0.00019877880000000042,-0.016080402,0.302144714,2.9824119799999997
5285,-0.00019785880000000068,-0.008040201,0.302144714,3.1713566799999997
5286,-0.00019693880000000007,-0.008040201,0.302144714,3.2847235
5287,-0.00019601880000000033,-0.016080402,0.30479798,3.36030138
5288,-0.0001950988000000006,-0.024120603,0.30479798,3.30361797
5289,-0.00019417880000000085,-0.008040201,0.30479798,3.2847235
5290,-0.00019325880000000024,-0.024120603,0.302144714,3.19025115
5291,-0.0001923388000000005,-0.024120603,0.299491448,3.00130645
5292,-0.00019141880000000076,-0.016080402,0.299491448,2.8312562199999998
5293,-0.00019049880000000016,-0.016080402,0.299491448,2.60452258
5294,-0.00018957880000000042,-0.016080402,0.302144714,2.34
5295,-0.00018865880000000067,-0.008040201,0.299491448,2.1321608299999997
5296,-0.00018773880000000007,-0.016080402,0.299491448,1.9621106
5297,-0.00018681880000000033,-0.016080402,0.302144714,1.7920603699999997
5298,-0.00018589880000000059,-0.016080402,0.296838182,1.69758802
5299,-0.00018497880000000085,-0.024120603,0.299491448,1.65979908
5300,-0.00018405880000000024,-0.024120603,0.296838182,1.65979908
5301,-0.0001831388000000005,-0.024120603,0.299491448,1.73537696
5302,-0.00018221880000000076,-0.016080402,0.296838182,1.8298493099999997
5303,-0.00018129880000000015,-0.008040201,0.299491448,1.99989954
5304,-0.0001803788000000004,-0.008040201,0.296838182,2.22663318
5305,-0.00017945880000000067,-0.016080402,0.296838182,2.41557788
5306,-0.00017853880000000006,-0.008040201,0.294184916,2.64231152
5307,-0.00017761880000000032,-0.032160804,0.296838182,2.8312562199999998
5308,-0.00017669880000000058,0.0,0.294184916,3.03909539
5309,-0.00017577880000000084,-0.016080402,0.296838182,3.1713566799999997
5310,-0.00017485880000000023,-0.008040201,0.294184916,3.2847235
5311,-0.0001739388000000005,-0.016080402,0.299491448,3.36030138
5312,-0.00017301880000000075,-0.024120603,0.299491448,3.36030138
5313,-0.00017209880000000014,-0.016080402,0.299491448,3.3225124399999997
5314,-0.0001711788000000004,-0.008040201,0.296838182,3.1713566799999997
5315,-0.00017025880000000066,-0.016080402,0.299491448,3.0202009199999997
5316,-0.00016933880000000005,-0.016080402,0.30479798,2.85015069
5317,-0.0001684188000000003,-0.008040201,0.299491448,2.60452258
5318,-0.00016749880000000057,-0.008040201,0.296838182,2.41557788
5319,-0.00016657880000000083,-0.008040201,0.296838182,2.1699497699999997
5320,-0.00016565880000000022,-0.024120603,0.296838182,1.9621106
5321,-0.00016473880000000048,-0.024120603,0.302144714,1.7920603699999997
5322,-0.00016381880000000074,-0.016080402,0.302144714,1.69758802
5323,-0.00016289880000000014,-0.024120603,0.30479798,1.65979908
5324,-0.0001619788000000004,-0.016080402,0.30479798,1.65979908
5325,-0.00016105880000000065,-0.008040201,0.302144714,1.7164824899999997
5326,-0.00016013880000000005,0.0,0.302144714,1.81095484
5327,-0.0001592188000000003,-0.016080402,0.302144714,1.98100507
5328,-0.00015829880000000057,-0.016080402,0.30479798,2.2077387099999997
5329,-0.00015737880000000082,-0.016080402,0.302144714,2.43447235
5330,-0.00015645880000000022,-0.008040201,0.302144714,2.68010046
5331,-0.00015553880000000048,-0.008040201,0.30479798,2.9068340999999998
5332,-0.00015461880000000074,-0.016080402,0.310104512,3.11467327
5333,-0.00015369880000000013,-0.016080402,0.30479798,3.22804009
5334,-0.0001527788000000004,-0.016080402,0.302144714,3.30361797
5335,-0.00015185880000000065,-0.008040201,0.30479798,3.34140691
5336,-0.00015093880000000004,-0.008040201,0.30479798,3.3225124399999997
5337,-0.0001500188000000003,-0.016080402,0.302144714,3.26582903
5338,-0.00014909880000000056,-0.016080402,0.30479798,3.11467327
5339,-0.00014817880000000082,-0.008040201,0.302144714,2.9068340999999998
5340,-0.0001472588000000002,-0.008040201,0.30479798,2.7178894
5341,-0.00014633880000000047,-0.008040201,0.30479798,2.75567834
5342,-0.00014541880000000073,-0.008040201,0.302144714,2.2833165899999996
5343,-0.00014449880000000012,-0.008040201,0.302144714,2.03768848
5344,-0.00014357880000000038,-0.008040201,0.302144714,1.8298493099999997
5345,-0.00014265880000000064,-0.008040201,0.302144714,1.7164824899999997
5346,-0.0001417388000000009,0.0,0.302144714,1.6786935499999998
5347,-0.0001408188000000003,0.0,0.302144714,1.6409046099999998
5348,-0.00013989880000000055,-0.008040201,0.299491448,1.69758802
5349,-0.0001389788000000008,-0.016080402,0.302144714,1.7920603699999997
5350,-0.0001380588000000002,-0.016080402,0.302144714,1.98100507
5351,-0.00013713880000000046,-0.016080402,0.299491448,2.41557788
5352,-0.00013621880000000072,-0.016080402,0.299491448,2.47226129
5353,-0.00013529880000000011,-0.008040201,0.299491448,2.68010046
5354,-0.00013437880000000037,-0.016080402,0.296838182,2.88793963
5355,-0.00013345880000000063,-0.016080402,0.296838182,3.07688433
5356,-0.0001325388000000009,-0.008040201,0.296838182,3.2091456199999997
5357,-0.00013161880000000029,-0.024120603,0.294184916,3.1335677399999997
5358,-0.00013069880000000055,-0.016080402,0.299491448,3.36030138
5359,-0.0001297788000000008,-0.008040201,0.299491448,3.34140691
5360,-0.0001288588000000002,-0.008040201,0.296838182,3.26582903
5361,-0.00012793880000000046,-0.008040201,0.296838182,3.15246221
5362,-0.00012701880000000072,-0.016080402,0.296838182,2.96351751
5363,-0.0001260988000000001,0.0,0.296838182,2.77457281
5364,-0.00012517880000000037,0.0,0.296838182,2.51005023
5365,-0.00012425880000000063,-0.008040201,0.296838182,2.26442212
5366,-0.0001233388000000009,-0.016080402,0.299491448,2.07547742
5367,-0.00012241880000000028,-0.024120603,0.299491448,1.7542714299999997
5368,-0.00012149880000000054,-0.008040201,0.296838182,1.73537696
5369,-0.0001205788000000008,0.0,0.296838182,1.65979908
5370,-0.00011965880000000019,-0.008040201,0.299491448,1.6409046099999998
5371,-0.00011873880000000045,-0.008040201,0.299491448,1.69758802
5372,-0.00011781880000000071,-0.008040201,0.302144714,1.7920603699999997
5373,-0.0001168988000000001,-0.008040201,0.299491448,1.90542719
5374,-0.00011597880000000036,0.0,0.30479798,2.1510553
5375,-0.00011505880000000062,-0.008040201,0.30479798,2.3211055299999996
5376,-0.00011413880000000088,-0.016080402,0.302144714,2.62341705
5377,-0.00011321880000000027,0.008040201,0.299491448,2.81236175
5378,-0.00011229880000000053,-0.016080402,0.302144714,3.00130645
5379,-0.00011137880000000079,0.0,0.302144714,3.1713566799999997
5380,-0.00011045880000000018,-0.008040201,0.30479798,3.2847235
5381,-0.00010953880000000044,0.0,0.302144714,3.36030138
5382,-0.0001086188000000007,0.0,0.302144714,3.36030138
5383,-0.0001076988000000001,0.0,0.30479798,3.26582903
5384,-0.00010677880000000035,-0.008040201,0.30479798,3.22804009
5385,-0.00010585880000000061,-0.008040201,0.30479798,3.03909539
5386,-0.00010493880000000087,-0.008040201,0.30479798,2.81236175
5387,-0.00010401880000000027,-0.008040201,0.307451246,2.58562811
5388,-0.00010309880000000052,-0.016080402,0.302144714,2.3211055299999996
5389,-0.00010217880000000078,-0.016080402,0.30479798,2.0565829499999997
5390,-0.00010125880000000018,-0.008040201,0.307451246,1.92432166
5391,-0.00010033880000000044,-0.008040201,0.30479798,1.7920603699999997
5392,-9.94188000000007e-05,-0.008040201,0.302144714,1.6786935499999998
5393,-9.849880000000009e-05,0.0,0.30479798,1.62201014
5394,-9.757880000000035e-05,0.0,0.30479798,1.6786935499999998
5395,-9.66588000000006e-05,-0.016080402,0.30479798,1.7920603699999997
5396,-9.573880000000087e-05,-0.008040201,0.302144714,1.94321613
5397,-9.481880000000026e-05,-0.008040201,0.302144714,2.1321608299999997
5398,-9.389880000000052e-05,0.008040201,0.30479798,2.39668341
5399,-9.297880000000078e-05,0.0,0.302144714,2.68010046
5400,-9.205880000000017e-05,0.0,0.302144714,2.88793963
5401,-9.113880000000043e-05,-0.016080402,0.302144714,3.07688433
5402,-9.021880000000069e-05,0.0,0.302144714,3.22804009
5403,-8.929880000000008e-05,0.0,0.299491448,3.36030138
5404,-8.837880000000034e-05,-0.016080402,0.296838182,3.37919585
5405,-8.74588000000006e-05,0.0,0.296838182,3.3225124399999997
5406,-8.653880000000086e-05,-0.016080402,0.299491448,3.2469345599999997
5407,-8.561880000000025e-05,0.0,0.299491448,3.0957787999999997
5408,-8.469880000000051e-05,0.0,0.296838182,2.88793963
5409,-8.377880000000077e-05,0.0,0.296838182,2.69899493
5410,-8.285880000000016e-05,-0.008040201,0.299491448,2.45336682
5411,-8.193880000000042e-05,0.0,0.299491448,2.22663318
5412,-8.101880000000068e-05,-0.008040201,0.294184916,1.99989954
5413,-8.009880000000007e-05,0.008040201,0.296838182,1.8298493099999997
5414,-7.917880000000033e-05,-0.008040201,0.296838182,1.69758802
5415,-7.825880000000059e-05,0.0,0.299491448,1.6409046099999998
5416,-7.733880000000085e-05,-0.016080402,0.302144714,1.65979908
5417,-7.641880000000024e-05,0.0,0.296838182,1.7164824899999997
5418,-7.54988000000005e-05,0.0,0.299491448,1.84874378
5419,-7.457880000000076e-05,0.0,0.302144714,2.0187940099999997
5420,-7.365880000000016e-05,-0.008040201,0.299491448,2.2455276499999997
5421,-7.273880000000042e-05,0.0,0.299491448,2.49115576
5422,-7.181880000000068e-05,0.0,0.299491448,2.7178894
5423,-7.089880000000007e-05,-0.008040201,0.302144714,2.9446230399999997
5424,-6.997880000000033e-05,-0.008040201,0.302144714,3.1335677399999997
5425,-6.905880000000059e-05,0.0,0.302144714,3.2847235
5426,-6.813880000000085e-05,-0.008040201,0.299491448,3.34140691
5427,-6.721880000000024e-05,0.0,0.302144714,3.36030138
5428,-6.62988000000005e-05,0.0,0.302144714,3.3225124399999997
5429,-6.537880000000076e-05,0.0,0.302144714,3.22804009
5430,-6.445880000000015e-05,0.008040201,0.30479798,3.0579898599999997
5431,-6.353880000000041e-05,0.0,0.30479798,2.85015069
5432,-6.261880000000067e-05,0.0,0.302144714,2.66120599
5433,-6.169880000000006e-05,-0.008040201,0.302144714,2.39668341
5434,-6.077880000000032e-05,0.0,0.30479798,2.18884424
5435,-5.985880000000058e-05,0.0,0.30479798,1.9621106
5436,-5.893880000000084e-05,0.008040201,0.30479798,1.7920603699999997
5437,-5.801880000000023e-05,0.0,0.307451246,1.7164824899999997
5438,-5.709880000000049e-05,0.008040201,0.30479798,1.65979908
5439,-5.617880000000075e-05,-0.008040201,0.307451246,1.6786935499999998
5440,-5.525880000000014e-05,-0.008040201,0.307451246,1.73537696
5441,-5.43388000000004e-05,-0.008040201,0.302144714,1.8676382499999997
5442,-5.341880000000066e-05,-0.008040201,0.310104512,2.0187940099999997
5443,-5.2498800000000054e-05,-0.008040201,0.30479798,2.22663318
5444,-5.157880000000031e-05,-0.008040201,0.307451246,2.47226129
5445,-5.065880000000057e-05,0.008040201,0.302144714,2.69899493
5446,-4.973880000000083e-05,0.0,0.30479798,2.88793963
5447,-4.8818800000000225e-05,0.0,0.302144714,3.11467327
5448,-4.7898800000000484e-05,0.0,0.302144714,3.2469345599999997
5449,-4.6978800000000744e-05,0.008040201,0.30479798,3.34140691
5450,-4.6058800000000136e-05,0.0,0.302144714,3.37919585
5451,-4.5138800000000395e-05,0.0,0.30479798,3.3225124399999997
5452,-4.4218800000000655e-05,0.0,0.302144714,3.22804009
5453,-4.329880000000005e-05,0.0,0.302144714,3.0957787999999997
5454,-4.2378800000000307e-05,0.0,0.296838182,2.88793963
5455,-4.1458800000000566e-05,0.0,0.302144714,2.62341705
5456,-4.0538800000000826e-05,-0.008040201,0.302144714,2.37778894
5457,-3.961880000000022e-05,0.0,0.299491448,2.1510553
5458,-3.869880000000048e-05,0.016080402,0.296838182,1.9621106
5459,-3.777880000000074e-05,0.0,0.294184916,1.81095484
5460,-3.685880000000013e-05,-0.016080402,0.296838182,1.6786935499999998
5461,-3.593880000000039e-05,0.0,0.296838182,1.6031156699999998
5462,-3.501880000000065e-05,-0.008040201,0.296838182,1.65979908
5463,-3.409880000000091e-05,0.0,0.296838182,1.7731659
5464,-3.31788000000003e-05,0.0,0.302144714,1.92432166
5465,-3.225880000000056e-05,0.0,0.299491448,2.0943718899999997
5466,-3.133880000000082e-05,0.0,0.299491448,2.34
5467,-3.041880000000021e-05,0.0,0.299491448,2.56673364
5468,-2.949880000000047e-05,0.0,0.296838182,2.8312562199999998
5469,-2.857880000000073e-05,0.008040201,0.299491448,3.00130645
5470,-2.7658800000000122e-05,-0.008040201,0.299491448,3.19025115
5471,-2.6738800000000382e-05,0.0,0.302144714,3.30361797
5472,-2.581880000000064e-05,0.0,0.299491448,3.37919585
5473,-2.48988000000009e-05,0.008040201,0.302144714,3.36030138
5474,-2.3978800000000293e-05,0.0,0.302144714,3.3225124399999997
5475,-2.3058800000000552e-05,0.008040201,0.299491448,3.1713566799999997
5476,-2.2138800000000812e-05,0.008040201,0.30479798,3.00130645
5477,-2.1218800000000204e-05,0.008040201,0.30479798,2.8312562199999998
5478,-2.0298800000000464e-05,0.0,0.30479798,2.58562811
5479,-1.9378800000000723e-05,0.008040201,0.30479798,2.3211055299999996
5480,-1.8458800000000115e-05,-0.008040201,0.30479798,2.11326636
5481,-1.7538800000000375e-05,0.008040201,0.30479798,1.92432166
5482,-1.6618800000000634e-05,0.0,0.310104512,1.7920603699999997
5483,-1.5698800000000894e-05,0.008040201,0.30479798,1.69758802
5484,-1.4778800000000286e-05,0.0,0.307451246,1.6409046099999998
5485,-1.3858800000000546e-05,0.0,0.307451246,1.6786935499999998
5486,-1.2938800000000805e-05,0.0,0.307451246,1.7542714299999997
5487,-1.2018800000000197e-05,0.0,0.307451246,1.88653272
5488,-1.1098800000000457e-05,0.0,0.30479798,2.07547742
5489,-1.0178800000000716e-05,0.0,0.310104512,2.26442212
5490,-9.258800000000109e-06,0.0,0.30479798,2.49115576
5491,-8.338800000000368e-06,0.008040201,0.307451246,2.75567834
5492,-7.418800000000628e-06,0.0,0.30479798,2.92572857
5493,-6.498800000000887e-06,0.008040201,0.307451246,3.1335677399999997
5494,-5.578800000000279e-06,0.016080402,0.302144714,3.26582903
5495,-4.658800000000539e-06,0.008040201,0.307451246,3.3225124399999997
5496,-3.7388000000007984e-06,0.0,0.30479798,3.37919585
5497,-2.8188000000001906e-06,0.008040201,0.307451246,3.34140691
5498,-1.8988000000004501e-06,-0.008040201,0.30479798,3.2469345599999997
5499,-9.788000000007097e-07,-0.008040201,0.30479798,3.11467327
5500,-5.8800000000101826e-08,0.008040201,0.302144714,2.92572857
5501,8.611999999996386e-07,0.016080402,0.30479798,2.68010046
5502,1.7811999999993791e-06,0.008040201,0.302144714,2.47226129
5503,2.7011999999991196e-06,0.008040201,0.302144714,2.2833165899999996
5504,3.6211999999997274e-06,0.008040201,0.30479798,2.07547742
5505,4.541199999999468e-06,0.0,0.299491448,1.8676382499999997
5506,5.461199999999208e-06,0.0,0.302144714,1.7542714299999997
5507,6.381199999999816e-06,0.0,0.302144714,1.6786935499999998
5508,7.301199999999557e-06,0.0,0.302144714,1.6409046099999998
5509,8.221199999999297e-06,0.008040201,0.299491448,1.69758802
5510,9.141199999999905e-06,0.008040201,0.299491448,1.7920603699999997
5511,1.0061199999999645e-05,0.0,0.302144714,1.9621106
5512,1.0981199999999386e-05,0.0,0.302144714,2.1321608299999997
5513,1.1901199999999126e-05,0.0,0.299491448,2.3211055299999996
5514,1.2821199999999734e-05,0.008040201,0.296838182,2.56673364
5515,1.3741199999999475e-05,0.0,0.299491448,2.7934672799999998
5516,1.4661199999999215e-05,0.0,0.302144714,3.03909539
5517,1.5581199999999823e-05,0.008040201,0.299491448,3.1713566799999997
5518,1.6501199999999563e-05,0.0,0.296838182,3.30361797
5519,1.7421199999999304e-05,0.008040201,0.302144714,3.37919585
5520,1.8341199999999912e-05,0.0,0.30479798,3.36030138
5521,1.9261199999999652e-05,0.0,0.299491448,3.30361797
5522,2.0181199999999393e-05,0.0,0.302144714,3.2091456199999997
5523,2.1101199999999133e-05,0.016080402,0.302144714,3.03909539
5524,2.202119999999974e-05,0.0,0.299491448,2.81236175
5525,2.294119999999948e-05,0.016080402,0.302144714,2.60452258
5526,2.3861199999999222e-05,0.0,0.30479798,2.35889447
5527,2.478119999999983e-05,0.016080402,0.30479798,2.1321608299999997
5528,2.570119999999957e-05,0.008040201,0.302144714,1.92432166
5529,2.662119999999931e-05,0.0,0.302144714,1.7731659
5530,2.754119999999992e-05,0.008040201,0.302144714,1.69758802
5531,2.846119999999966e-05,0.0,0.302144714,1.65979908
5532,2.93811999999994e-05,0.016080402,0.307451246,1.65979908
5533,3.030119999999914e-05,0.016080402,0.30479798,1.7164824899999997
5534,3.122119999999975e-05,0.008040201,0.307451246,1.8298493099999997
5535,3.214119999999949e-05,0.008040201,0.30479798,1.99989954
5536,3.306119999999923e-05,0.0,0.30479798,2.18884424
5537,3.3981199999999837e-05,0.008040201,0.30479798,2.41557788
5538,3.490119999999958e-05,0.008040201,0.30479798,2.66120599
5539,3.582119999999932e-05,0.008040201,0.310104512,2.9068340999999998
5540,3.6741199999999925e-05,0.008040201,0.30479798,3.0579898599999997
5541,3.7661199999999666e-05,0.008040201,0.307451246,3.22804009
5542,3.8581199999999406e-05,0.008040201,0.30479798,3.3225124399999997
5543,3.950119999999915e-05,0.0,0.307451246,3.37919585
5544,4.0421199999999755e-05,0.0,0.307451246,3.36030138
5545,4.1341199999999495e-05,0.008040201,0.30479798,3.3225124399999997
5546,4.2261199999999235e-05,0.0,0.307451246,3.19025115
5547,4.318119999999984e-05,0.008040201,0.30479798,3.0579898599999997
5548,4.4101199999999584e-05,0.008040201,0.307451246,2.8312562199999998
5549,4.5021199999999324e-05,0.008040201,0.307451246,2.60452258
5550,4.594119999999993e-05,0.008040201,0.302144714,2.35889447
5551,4.686119999999967e-05,0.016080402,0.310104512,2.1510553
5552,4.778119999999941e-05,0.008040201,0.30479798,1.9621106
5553,4.8701199999999154e-05,0.0,0.30479798,1.8298493099999997
5554,4.962119999999976e-05,0.0,0.30479798,1.7164824899999997
5555,5.05411999999995e-05,0.016080402,0.299491448,1.6409046099999998
5556,5.146119999999924e-05,0.016080402,0.30479798,1.65979908
5557,5.238119999999985e-05,0.024120603,0.299491448,1.73537696
5558,5.330119999999959e-05,0.016080402,0.302144714,1.84874378
5559,5.422119999999933e-05,0.016080402,0.302144714,2.0187940099999997
5560,5.514119999999994e-05,0.008040201,0.302144714,2.26442212
5561,5.606119999999968e-05,0.0,0.299491448,2.45336682
5562,5.698119999999942e-05,0.016080402,0.299491448,2.7178894
5563,5.790119999999916e-05,0.008040201,0.302144714,2.88793963
5564,5.882119999999977e-05,0.016080402,0.302144714,3.0957787999999997
5565,5.974119999999951e-05,0.016080402,0.302144714,3.22804009
5566,6.066119999999925e-05,0.008040201,0.302144714,3.34140691
5567,6.158119999999986e-05,0.008040201,0.299491448,3.3980903199999997
5568,6.25011999999996e-05,0.008040201,0.299491448,3.34140691
5569,6.342119999999934e-05,0.008040201,0.299491448,3.26582903
5570,6.434119999999995e-05,0.016080402,0.299491448,3.1335677399999997
5571,6.526119999999969e-05,0.0,0.299491448,2.92572857
5572,6.618119999999943e-05,0.016080402,0.299491448,2.7178894
5573,6.710119999999917e-05,0.016080402,0.299491448,2.49115576
5574,6.802119999999977e-05,0.024120603,0.299491448,2.2833165899999996
5575,6.894119999999952e-05,0.016080402,0.30479798,2.0565829499999997
5576,6.986119999999926e-05,0.008040201,0.30479798,1.88653272
5577,7.078119999999986e-05,0.008040201,0.30479798,1.7542714299999997
5578,7.17011999999996e-05,0.008040201,0.302144714,1.65979908
5579,7.262119999999934e-05,0.0,0.299491448,1.65979908
5580,7.354119999999995e-05,0.024120603,0.302144714,1.69758802
5581,7.446119999999969e-05,0.016080402,0.302144714,1.7731659
5582,7.538119999999943e-05,0.008040201,0.307451246,1.94321613
5583,7.630119999999917e-05,0.016080402,0.307451246,2.1321608299999997
5584,7.722119999999978e-05,0.0,0.307451246,2.35889447
5585,7.814119999999952e-05,0.008040201,0.307451246,2.58562811
5586,7.906119999999926e-05,0.0,0.30479798,2.81236175
5587,7.998119999999987e-05,0.016080402,0.30479798,3.0202009199999997
5588,8.090119999999961e-05,0.008040201,0.310104512,3.1713566799999997
5589,8.182119999999935e-05,0.016080402,0.307451246,3.3225124399999997
5590,8.274119999999909e-05,0.016080402,0.307451246,3.36030138
5591,8.36611999999997e-05,0.016080402,0.307451246,3.3980903199999997
5592,8.458119999999944e-05,0.016080402,0.307451246,3.34140691
5593,8.550119999999918e-05,0.016080402,0.310104512,3.2091456199999997
5594,8.642119999999979e-05,0.008040201,0.31275777800000004,2.9824119799999997
5595,8.734119999999953e-05,0.016080402,0.307451246,2.81236175
5596,8.826119999999927e-05,0.016080402,0.310104512,2.58562811
5597,8.918119999999988e-05,0.016080402,0.307451246,2.35889447
5598,9.010119999999962e-05,0.016080402,0.310104512,2.1699497699999997
5599,9.102119999999936e-05,0.008040201,0.30479798,1.9621106
5600,9.19411999999991e-05,0.008040201,0.307451246,1.7731659
5601,9.28611999999997e-05,0.016080402,0.307451246,1.6786935499999998
5602,9.378119999999945e-05,0.024120603,0.30479798,1.65979908
5603,9.470119999999919e-05,0.016080402,0.30479798,1.65979908
5604,9.56211999999998e-05,0.016080402,0.307451246,1.7920603699999997
5605,9.654119999999954e-05,0.016080402,0.307451246,1.90542719
5606,9.746119999999928e-05,0.016080402,0.307451246,2.0943718899999997
5607,9.838119999999988e-05,0.016080402,0.30479798,2.30221106
5608,9.930119999999962e-05,0.016080402,0.302144714,2.5289447
5609,0.00010022119999999936,0.024120603,0.30479798,2.75567834
5610,0.0001011411999999991,0.016080402,0.302144714,3.0202009199999997
5611,0.00010206119999999971,0.024120603,0.302144714,3.1713566799999997
5612,0.00010298119999999945,0.008040201,0.30479798,3.30361797
5613,0.0001039011999999992,0.016080402,0.302144714,3.37919585
5614,0.0001048211999999998,0.008040201,0.299491448,3.37919585
5615,0.00010574119999999954,0.016080402,0.302144714,3.34140691
5616,0.00010666119999999928,0.016080402,0.299491448,3.2469345599999997
5617,0.00010758119999999989,0.016080402,0.30479798,3.07688433
5618,0.00010850119999999963,0.016080402,0.302144714,2.85015069
5619,0.00010942119999999937,0.008040201,0.296838182,2.62341705
5620,0.00011034119999999911,0.016080402,0.302144714,2.35889447
5621,0.00011126119999999972,0.008040201,0.299491448,2.1510553
5622,0.00011218119999999946,0.024120603,0.302144714,1.94321613
5623,0.0001131011999999992,0.016080402,0.299491448,1.7731659
5624,0.00011402119999999981,0.008040201,0.299491448,1.6786935499999998
5625,0.00011494119999999955,0.0,0.299491448,1.65979908
5626,0.00011586119999999929,0.016080402,0.299491448,1.69758802
5627,0.0001167811999999999,0.016080402,0.302144714,1.7542714299999997
5628,0.00011770119999999964,0.024120603,0.299491448,1.90542719
5629,0.00011862119999999938,0.016080402,0.302144714,2.07547742
5630,0.00011954119999999912,0.008040201,0.30479798,2.2833165899999996
5631,0.00012046119999999973,0.008040201,0.30479798,2.1510553
5632,0.00012138119999999947,0.016080402,0.30479798,2.68010046
5633,0.0001223011999999992,0.024120603,0.30479798,2.96351751
5634,0.00012322119999999982,0.016080402,0.302144714,3.15246221
5635,0.00012414119999999956,0.016080402,0.307451246,3.30361797
5636,0.0001250611999999993,0.024120603,0.30479798,3.36030138
5637,0.0001259811999999999,0.024120603,0.30479798,3.37919585
5638,0.00012690119999999964,0.016080402,0.307451246,3.2847235
5639,0.00012782119999999939,0.024120603,0.30479798,3.2091456199999997
5640,0.00012874119999999913,0.016080402,0.307451246,3.0579898599999997
5641,0.00012966119999999973,0.016080402,0.307451246,2.64231152
5642,0.00013058119999999947,0.024120603,0.310104512,2.56673364
5643,0.00013150119999999921,0.008040201,0.310104512,2.39668341
5644,0.00013242119999999982,0.024120603,0.307451246,2.1510553
5645,0.00013334119999999956,0.016080402,0.307451246,1.99989954
5646,0.0001342611999999993,0.016080402,0.310104512,1.8298493099999997
5647,0.0001351811999999999,0.016080402,0.310104512,1.84874378
5648,0.00013610119999999965,0.016080402,0.30479798,1.6409046099999998
5649,0.0001370211999999994,0.008040201,0.307451246,1.6786935499999998
5650,0.00013794119999999913,0.032160804,0.30479798,1.73537696
5651,0.00013886119999999974,0.016080402,0.30479798,1.88653272
5652,0.00013978119999999948,0.008040201,0.307451246,2.0565829499999997
5653,0.00014070119999999922,0.016080402,0.30479798,2.2833165899999996
5654,0.00014162119999999983,0.016080402,0.307451246,2.5289447
5655,0.00014254119999999957,0.008040201,0.307451246,2.7178894
5656,0.0001434611999999993,0.016080402,0.30479798,2.96351751
5657,0.00014438119999999992,0.032160804,0.30479798,3.2847235
5658,0.00014530119999999966,0.024120603,0.307451246,3.30361797
5659,0.0001462211999999994,0.024120603,0.307451246,3.36030138
5660,0.00014714119999999914,0.024120603,0.30479798,3.37919585
5661,0.00014806119999999975,0.024120603,0.30479798,3.34140691
5662,0.0001489811999999995,0.016080402,0.302144714,3.2091456199999997
5663,0.00014990119999999923,0.016080402,0.299491448,3.0202009199999997
5664,0.00015082119999999984,0.016080402,0.302144714,2.81236175
5665,0.00015174119999999958,0.016080402,0.299491448,2.60452258
5666,0.00015266119999999932,0.024120603,0.299491448,2.37778894
5667,0.00015358119999999992,0.016080402,0.302144714,2.1321608299999997
5668,0.00015450119999999967,0.024120603,0.302144714,1.94321613
5669,0.0001554211999999994,0.016080402,0.302144714,1.7731659
5670,0.00015634119999999915,0.016080402,0.302144714,1.6786935499999998
5671,0.00015726119999999975,0.024120603,0.299491448,1.6786935499999998
5672,0.0001581811999999995,0.016080402,0.299491448,1.69758802
5673,0.00015910119999999923,0.024120603,0.30479798,1.8298493099999997
5674,0.00016002119999999984,0.016080402,0.302144714,1.92432166
5675,0.00016094119999999958,0.016080402,0.302144714,2.1321608299999997
5676,0.00016186119999999932,0.032160804,0.299491448,2.34
5677,0.00016278119999999993,0.032160804,0.302144714,2.60452258
5678,0.00016370119999999967,0.024120603,0.302144714,2.8312562199999998
5679,0.0001646211999999994,0.008040201,0.30479798,3.07688433
5680,0.00016554119999999915,0.016080402,0.302144714,3.2091456199999997
5681,0.00016646119999999976,0.016080402,0.30479798,3.3225124399999997
5682,0.0001673811999999995,0.024120603,0.30479798,3.37919585
5683,0.00016830119999999924,0.032160804,0.302144714,3.3980903199999997
5684,0.00016922119999999985,0.024120603,0.30479798,3.3225124399999997
5685,0.0001701411999999996,0.032160804,0.307451246,3.19025115
5686,0.00017106119999999933,0.016080402,0.307451246,3.0579898599999997
5687,0.00017198119999999994,0.016080402,0.307451246,2.8690451599999998
5688,0.00017290119999999968,0.024120603,0.307451246,2.64231152
5689,0.00017382119999999942,0.024120603,0.307451246,2.39668341
5690,0.00017474119999999916,0.016080402,0.307451246,2.18884424
5691,0.00017566119999999977,0.016080402,0.302144714,2.0187940099999997
5692,0.0001765811999999995,0.024120603,0.30479798,1.8676382499999997
5693,0.00017750119999999925,0.016080402,0.307451246,1.73537696
5694,0.00017842119999999986,0.024120603,0.310104512,1.6409046099999998
5695,0.0001793411999999996,0.024120603,0.30479798,1.6786935499999998
5696,0.00018026119999999934,0.024120603,0.307451246,1.69758802
5697,0.00018118119999999995,0.008040201,0.307451246,1.7731659
5698,0.00018210119999999969,0.016080402,0.307451246,1.92432166
5699,0.00018302119999999943,0.024120603,0.310104512,2.1510553
5700,0.00018394119999999917,0.016080402,0.307451246,2.34
5701,0.00018486119999999977,0.016080402,0.310104512,2.56673364
5702,0.00018578119999999951,0.032160804,0.310104512,2.7934672799999998
5703,0.00018670119999999926,0.032160804,0.31275777800000004,3.0202009199999997
5704,0.00018762119999999986,0.032160804,0.307451246,3.2469345599999997
5705,0.0001885411999999996,0.016080402,0.310104512,3.3225124399999997
5706,0.00018946119999999934,0.032160804,0.310104512,3.37919585
5707,0.00019038119999999995,0.024120603,0.30479798,3.37919585
5708,0.0001913011999999997,0.024120603,0.307451246,3.3225124399999997
5709,0.00019222119999999943,0.032160804,0.30479798,3.2091456199999997
5710,0.00019314119999999917,0.016080402,0.307451246,3.22804009
5711,0.00019406119999999978,0.024120603,0.307451246,2.9068340999999998
5712,0.00019498119999999952,0.024120603,0.307451246,2.62341705
5713,0.00019590119999999926,0.024120603,0.30479798,2.34
5714,0.00019682119999999987,0.024120603,0.30479798,2.0943718899999997
5715,0.0001977411999999996,0.016080402,0.30479798,1.92432166
5716,0.00019866119999999935,0.024120603,0.302144714,1.7920603699999997
5717,0.0001995811999999991,0.032160804,0.30479798,1.6786935499999998
5718,0.0002005011999999997,0.024120603,0.30479798,1.6409046099999998
5719,0.00020142119999999944,0.016080402,0.30479798,1.65979908
5720,0.00020234119999999918,0.016080402,0.30479798,1.90542719
5721,0.0002032611999999998,0.024120603,0.302144714,1.9621106
5722,0.00020418119999999953,0.032160804,0.30479798,2.11326636
5723,0.00020510119999999927,0.032160804,0.302144714,2.30221106
5724,0.00020602119999999988,0.024120603,0.307451246,2.54783917
5725,0.00020694119999999962,0.032160804,0.302144714,2.7934672799999998
5726,0.00020786119999999936,0.024120603,0.302144714,2.7178894
5727,0.0002087811999999991,0.024120603,0.302144714,3.2847235
5728,0.0002097011999999997,0.016080402,0.299491448,3.34140691
5729,0.00021062119999999945,0.024120603,0.30479798,3.3980903199999997
5730,0.0002115411999999992,0.024120603,0.299491448,3.3980903199999997
5731,0.0002124611999999998,0.032160804,0.30479798,3.34140691
5732,0.00021338119999999954,0.016080402,0.30479798,3.2091456199999997
5733,0.00021430119999999928,0.032160804,0.302144714,3.0957787999999997
5734,0.00021522119999999988,0.016080402,0.30479798,2.9068340999999998
5735,0.00021614119999999962,0.032160804,0.302144714,2.68010046
5736,0.00021706119999999936,0.016080402,0.310104512,2.49115576
5737,0.0002179811999999991,0.024120603,0.307451246,2.03768848
5738,0.0002189011999999997,0.024120603,0.302144714,1.98100507
5739,0.00021982119999999945,0.016080402,0.307451246,1.88653272
5740,0.0002207411999999992,0.032160804,0.307451246,1.7542714299999997
5741,0.0002216611999999998,0.032160804,0.307451246,1.6786935499999998
5742,0.00022258119999999954,0.024120603,0.307451246,1.65979908
5743,0.00022350119999999928,0.024120603,0.30479798,1.6786935499999998
5744,0.0002244211999999999,0.032160804,0.307451246,1.81095484
5745,0.00022534119999999963,0.024120603,0.307451246,1.88653272
5746,0.00022626119999999937,0.032160804,0.310104512,2.03768848
5747,0.0002271811999999991,0.032160804,0.310104512,2.26442212
5748,0.00022810119999999972,0.032160804,0.30479798,2.49115576
5749,0.00022902119999999946,0.040201005,0.31275777800000004,2.69899493
5750,0.0002299411999999992,0.032160804,0.310104512,2.9068340999999998
5751,0.0002308611999999998,0.032160804,0.310104512,3.11467327
5752,0.00023178119999999955,0.016080402,0.307451246,3.26582903
5753,0.0002327011999999993,0.032160804,0.307451246,3.3980903199999997
5754,0.0002336211999999999,0.032160804,0.310104512,3.3980903199999997
5755,0.00023454119999999964,0.024120603,0.310104512,3.37919585
5756,0.00023546119999999938,0.032160804,0.307451246,3.30361797
5757,0.00023638119999999912,0.024120603,0.310104512,3.19025115
5758,0.00023730119999999973,0.032160804,0.310104512,3.0202009199999997
5759,0.00023822119999999947,0.032160804,0.307451246,2.81236175
5760,0.0002391411999999992,0.040201005,0.30479798,2.58562811
5761,0.00024006119999999982,0.032160804,0.310104512,2.39668341
5762,0.00024098119999999956,0.040201005,0.302144714,2.1699497699999997
5763,0.0002419011999999993,0.024120603,0.310104512,1.9621106
5764,0.0002428211999999999,0.024120603,0.30479798,1.7920603699999997
5765,0.00024374119999999964,0.032160804,0.307451246,1.6786935499999998
5766,0.0002446611999999994,0.032160804,0.30479798,1.6786935499999998
5767,0.0002455811999999991,0.016080402,0.307451246,1.6409046099999998
5768,0.00024650119999999973,0.040201005,0.307451246,1.7542714299999997
5769,0.0002474211999999995,0.032160804,0.307451246,1.88653272
5770,0.0002483411999999992,0.024120603,0.307451246,2.03768848
5771,0.0002492611999999998,0.032160804,0.307451246,2.18884424
5772,0.00025018119999999956,0.024120603,0.307451246,2.45336682
5773,0.0002511011999999993,0.040201005,0.30479798,2.64231152
5774,0.0002520211999999999,0.032160804,0.302144714,2.8690451599999998
5775,0.00025294119999999965,0.032160804,0.30479798,3.11467327
5776,0.0002538611999999994,0.032160804,0.30479798,3.2091456199999997
5777,0.00025478119999999913,0.024120603,0.299491448,3.3225124399999997
5778,0.00025570119999999974,0.032160804,0.302144714,3.37919585
5779,0.0002566211999999995,0.040201005,0.302144714,3.36030138
5780,0.0002575411999999992,0.032160804,0.302144714,3.36030138
5781,0.00025846119999999983,0.032160804,0.30479798,3.1713566799999997
5782,0.00025938119999999957,0.040201005,0.30479798,3.00130645
5783,0.0002603011999999993,0.032160804,0.302144714,2.85015069
5784,0.0002612211999999999,0.032160804,0.30479798,2.62341705
5785,0.00026214119999999966,0.016080402,0.30479798,2.41557788
5786,0.0002630611999999994,0.032160804,0.30479798,2.18884424
5787,0.00026398119999999914,0.032160804,0.307451246,1.99989954
5788,0.00026490119999999975,0.040201005,0.302144714,1.8298493099999997
5789,0.0002658211999999995,0.040201005,0.30479798,1.7164824899999997
5790,0.00026674119999999923,0.040201005,0.30479798,1.69758802
5791,0.00026766119999999984,0.032160804,0.30479798,1.6409046099999998
5792,0.0002685811999999996,0.040201005,0.30479798,1.7164824899999997
5793,0.0002695011999999993,0.024120603,0.307451246,1.81095484
5794,0.0002704211999999999,0.032160804,0.307451246,1.99989954
5795,0.00027134119999999966,0.032160804,0.307451246,2.18884424
5796,0.0002722611999999994,0.032160804,0.307451246,2.37778894
5797,0.00027318119999999915,0.032160804,0.307451246,2.64231152
5798,0.00027410119999999975,0.040201005,0.30479798,2.81236175
5799,0.0002750211999999995,0.032160804,0.307451246,3.00130645
5800,0.00027594119999999923,0.024120603,0.310104512,3.22804009
5801,0.00027686119999999984,0.040201005,0.307451246,3.3225124399999997
5802,0.0002777811999999996,0.032160804,0.310104512,3.37919585
5803,0.0002787011999999993,0.032160804,0.30479798,3.3980903199999997
5804,0.00027962119999999993,0.032160804,0.310104512,3.34140691
5805,0.00028054119999999967,0.032160804,0.307451246,3.2091456199999997
5806,0.0002814611999999994,0.040201005,0.310104512,3.26582903
5807,0.00028238119999999915,0.040201005,0.307451246,2.9068340999999998
5808,0.00028330119999999976,0.040201005,0.310104512,2.62341705
5809,0.0002842211999999995,0.040201005,0.307451246,2.41557788
5810,0.00028514119999999924,0.032160804,0.310104512,2.18884424
5811,0.00028606119999999985,0.032160804,0.310104512,1.99989954
5812,0.0002869811999999996,0.040201005,0.307451246,1.81095484
5813,0.00028790119999999933,0.024120603,0.310104512,1.69758802
5814,0.00028882119999999994,0.032160804,0.310104512,1.65979908
5815,0.0002897411999999997,0.032160804,0.307451246,1.6786935499999998
5816,0.0002906611999999994,0.040201005,0.307451246,1.8676382499999997
5817,0.00029158119999999916,0.048241206,0.30479798,1.8676382499999997
5818,0.00029250119999999977,0.032160804,0.307451246,2.0187940099999997
5819,0.0002934211999999995,0.040201005,0.30479798,2.2455276499999997
5820,0.00029434119999999925,0.040201005,0.307451246,2.43447235
5821,0.00029526119999999986,0.032160804,0.307451246,2.68010046
5822,0.0002961811999999996,0.048241206,0.307451246,2.60452258
5823,0.00029710119999999934,0.032160804,0.307451246,3.0957787999999997
5824,0.00029802119999999994,0.032160804,0.307451246,3.22804009
5825,0.0002989411999999997,0.032160804,0.30479798,3.36030138
5826,0.0002998611999999994,0.040201005,0.307451246,3.37919585
5827,0.00030078119999999917,0.040201005,0.307451246,3.3980903199999997
5828,0.0003017011999999998,0.032160804,0.30479798,3.3225124399999997
5829,0.0003026211999999995,0.032160804,0.307451246,3.2091456199999997
5830,0.00030354119999999925,0.040201005,0.302144714,3.07688433
5831,0.00030446119999999986,0.040201005,0.307451246,2.85015069
5832,0.0003053811999999996,0.024120603,0.30479798,2.41557788
5833,0.00030630119999999934,0.024120603,0.30479798,2.35889447
5834,0.0003072211999999991,0.040201005,0.307451246,2.18884424
5835,0.0003081411999999997,0.032160804,0.307451246,1.9621106
5836,0.00030906119999999943,0.032160804,0.30479798,1.8298493099999997
5837,0.00030998119999999917,0.048241206,0.30479798,1.7164824899999997
5838,0.0003109011999999998,0.040201005,0.30479798,1.6786935499999998
5839,0.0003118211999999995,0.040201005,0.307451246,1.69758802
5840,0.00031274119999999926,0.040201005,0.310104512,1.7542714299999997
5841,0.00031366119999999987,0.032160804,0.302144714,1.8676382499999997
5842,0.0003145811999999996,0.040201005,0.307451246,2.07547742
5843,0.00031550119999999935,0.040201005,0.307451246,2.26442212
5844,0.0003164211999999991,0.048241206,0.307451246,2.45336682
5845,0.0003173411999999997,0.032160804,0.310104512,2.69899493
5846,0.00031826119999999944,0.040201005,0.307451246,2.9068340999999998
5847,0.0003191811999999992,0.032160804,0.307451246,3.11467327
5848,0.0003201011999999998,0.040201005,0.30479798,3.30361797
5849,0.00032102119999999953,0.040201005,0.307451246,3.36030138
5850,0.00032194119999999927,0.040201005,0.307451246,3.3980903199999997
5851,0.0003228611999999999,0.040201005,0.310104512,3.36030138
5852,0.0003237811999999996,0.024120603,0.307451246,3.26582903
5853,0.00032470119999999936,0.040201005,0.307451246,3.07688433
5854,0.0003256211999999991,0.032160804,0.310104512,2.85015069
5855,0.0003265411999999997,0.048241206,0.307451246,2.64231152
5856,0.00032746119999999945,0.040201005,0.310104512,2.39668341
5857,0.0003283811999999992,0.032160804,0.310104512,2.1321608299999997
5858,0.0003293011999999998,0.040201005,0.307451246,1.9621106
5859,0.00033022119999999953,0.048241206,0.310104512,1.7920603699999997
5860,0.0003311411999999993,0.040201005,0.310104512,1.69758802
5861,0.0003320611999999999,0.040201005,0.307451246,1.6409046099999998
5862,0.0003329811999999996,0.040201005,0.307451246,1.69758802
5863,0.00033390119999999936,0.032160804,0.31275777800000004,1.81095484
5864,0.0003348211999999991,0.048241206,0.310104512,1.98100507
5865,0.0003357411999999997,0.032160804,0.307451246,2.1699497699999997
5866,0.00033666119999999945,0.048241206,0.310104512,2.35889447
5867,0.0003375811999999992,0.040201005,0.307451246,2.60452258
5868,0.0003385011999999998,0.040201005,0.31275777800000004,2.8690451599999998
5869,0.00033942119999999954,0.032160804,0.307451246,3.0202009199999997
5870,0.0003403411999999993,0.032160804,0.30479798,3.2091456199999997
5871,0.0003412611999999999,0.040201005,0.307451246,3.30361797
5872,0.00034218119999999963,0.056281407000000006,0.307451246,3.37919585
5873,0.00034310119999999937,0.040201005,0.310104512,3.3980903199999997
5874,0.0003440211999999991,0.032160804,0.30479798,3.3225124399999997
5875,0.0003449411999999997,0.040201005,0.307451246,3.22804009
5876,0.00034586119999999946,0.056281407000000006,0.310104512,3.0579898599999997
5877,0.0003467811999999992,0.040201005,0.310104512,2.88793963
5878,0.0003477011999999998,0.040201005,0.30479798,2.62341705
5879,0.00034862119999999955,0.040201005,0.307451246,2.43447235
5880,0.0003495411999999993,0.040201005,0.30479798,2.2455276499999997
5881,0.0003504611999999999,0.040201005,0.307451246,2.0187940099999997
5882,0.00035138119999999964,0.040201005,0.30479798,1.8676382499999997
5883,0.0003523011999999994,0.040201005,0.302144714,1.73537696
5884,0.0003532211999999991,0.032160804,0.30479798,1.6786935499999998
5885,0.0003541411999999997,0.040201005,0.302144714,1.6409046099999998
5886,0.00035506119999999947,0.048241206,0.302144714,1.73537696
5887,0.0003559811999999992,0.040201005,0.307451246,1.7920603699999997
5888,0.0003569011999999998,0.056281407000000006,0.30479798,1.9621106
5889,0.00035782119999999955,0.040201005,0.30479798,2.18884424
5890,0.0003587411999999993,0.048241206,0.310104512,2.39668341
5891,0.0003596611999999999,0.040201005,0.30479798,2.64231152
5892,0.00036058119999999964,0.040201005,0.30479798,2.8690451599999998
5893,0.0003615011999999994,0.040201005,0.307451246,3.07688433
5894,0.0003624211999999991,0.040201005,0.310104512,3.22804009
5895,0.00036334119999999973,0.048241206,0.30479798,3.34140691
5896,0.0003642611999999995,0.032160804,0.30479798,3.3980903199999997
5897,0.0003651811999999992,0.040201005,0.307451246,3.3980903199999997
5898,0.0003661011999999998,0.032160804,0.31275777800000004,3.30361797
5899,0.00036702119999999956,0.032160804,0.30479798,3.1335677399999997
5900,0.0003679411999999993,0.048241206,0.310104512,2.92572857
5901,0.0003688611999999999,0.032160804,0.30479798,2.7178894
5902,0.00036978119999999965,0.048241206,0.310104512,2.41557788
5903,0.0003707011999999994,0.040201005,0.307451246,2.2077387099999997
5904,0.00037162119999999913,0.040201005,0.31275777800000004,1.99989954
5905,0.00037254119999999974,0.048241206,0.31275777800000004,1.81095484
5906,0.0003734611999999995,0.048241206,0.31275777800000004,1.69758802
5907,0.0003743811999999992,0.040201005,0.310104512,1.65979908
5908,0.00037530119999999983,0.040201005,0.30479798,1.6786935499999998
5909,0.00037622119999999957,0.048241206,0.307451246,1.7920603699999997
5910,0.0003771411999999993,0.040201005,0.31275777800000004,1.94321613
5911,0.0003780611999999999,0.040201005,0.310104512,2.1699497699999997
5912,0.00037898119999999966,0.048241206,0.307451246,2.41557788
5913,0.0003799011999999994,0.056281407000000006,0.31275777800000004,2.68010046
5914,0.00038082119999999914,0.048241206,0.310104512,2.9068340999999998
5915,0.00038174119999999975,0.048241206,0.307451246,3.11467327
5916,0.0003826611999999995,0.040201005,0.307451246,3.26582903
5917,0.0003835811999999992,0.040201005,0.31275777800000004,3.36030138
5918,0.00038450119999999983,0.048241206,0.307451246,3.41698479
5919,0.0003854211999999996,0.032160804,0.31275777800000004,3.3980903199999997
5920,0.0003863411999999993,0.056281407000000006,0.310104512,3.30361797
5921,0.0003872611999999999,0.048241206,0.310104512,3.15246221
5922,0.00038818119999999966,0.048241206,0.307451246,2.9446230399999997
5923,0.0003891011999999994,0.048241206,0.31275777800000004,2.73678387
5924,0.00039002119999999914,0.040201005,0.310104512,2.51005023
5925,0.00039094119999999975,0.040201005,0.310104512,2.2833165899999996
5926,0.0003918611999999995,0.040201005,0.307451246,2.0565829499999997
5927,0.00039278119999999923,0.048241206,0.307451246,1.90542719
5928,0.00039370119999999984,0.048241206,0.310104512,1.7542714299999997
5929,0.0003946211999999996,0.048241206,0.307451246,1.69758802
5930,0.0003955411999999993,0.048241206,0.31275777800000004,1.6786935499999998
5931,0.00039646119999999993,0.040201005,0.307451246,1.69758802
5932,0.00039738119999999967,0.048241206,0.310104512,1.7542714299999997
5933,0.0003983011999999994,0.048241206,0.307451246,1.90542719
5934,0.00039922119999999915,0.048241206,0.30479798,2.07547742
5935,0.00040014119999999976,0.048241206,0.307451246,2.26442212
5936,0.0004010611999999995,0.040201005,0.307451246,2.47226129
5937,0.00040198119999999924,0.040201005,0.310104512,2.69899493
5938,0.00040290119999999985,0.040201005,0.30479798,2.92572857
5939,0.0004038211999999996,0.040201005,0.310104512,3.0957787999999997
5940,0.00040474119999999933,0.048241206,0.30479798,3.22804009
5941,0.00040566119999999994,0.040201005,0.307451246,3.36030138
5942,0.0004065811999999997,0.048241206,0.30479798,3.37919585
5943,0.0004075011999999994,0.040201005,0.30479798,3.41698479
5944,0.00040842119999999916,0.040201005,0.310104512,3.30361797
5945,0.00040934119999999977,0.048241206,0.307451246,3.19025115
5946,0.0004102611999999995,0.056281407000000006,0.310104512,3.00130645
5947,0.00041118119999999925,0.040201005,0.310104512,2.7934672799999998
5948,0.00041210119999999986,0.056281407000000006,0.310104512,2.54783917
5949,0.0004130211999999996,0.040201005,0.31275777800000004,2.2833165899999996
5950,0.00041394119999999934,0.032160804,0.310104512,2.11326636
5951,0.00041486119999999994,0.056281407000000006,0.307451246,1.88653272
5952,0.0004157811999999997,0.048241206,0.31275777800000004,1.7542714299999997
5953,0.0004167011999999994,0.040201005,0.310104512,1.65979908
5954,0.00041762119999999917,0.048241206,0.310104512,1.65979908
5955,0.0004185411999999998,0.040201005,0.31275777800000004,1.7164824899999997
5956,0.0004194611999999995,0.048241206,0.307451246,1.81095484
5957,0.00042038119999999925,0.040201005,0.310104512,1.98100507
5958,0.00042130119999999986,0.048241206,0.310104512,2.2077387099999997
5959,0.0004222211999999996,0.048241206,0.31275777800000004,2.43447235
5960,0.00042314119999999934,0.056281407000000006,0.31275777800000004,2.69899493
5961,0.0004240611999999991,0.048241206,0.31275777800000004,2.9068340999999998
5962,0.0004249811999999997,0.048241206,0.307451246,3.1335677399999997
5963,0.00042590119999999943,0.056281407000000006,0.31541104400000003,3.26582903
5964,0.00042682119999999917,0.056281407000000006,0.31275777800000004,3.37919585
5965,0.0004277411999999998,0.040201005,0.307451246,3.3980903199999997
5966,0.0004286611999999995,0.040201005,0.310104512,3.36030138
5967,0.00042958119999999926,0.048241206,0.30479798,3.2847235
5968,0.00043050119999999987,0.056281407000000006,0.31275777800000004,3.15246221
5969,0.0004314211999999996,0.056281407000000006,0.310104512,3.00130645
5970,0.00043234119999999935,0.056281407000000006,0.310104512,2.77457281
5971,0.0004332611999999991,0.056281407000000006,0.310104512,2.56673364
5972,0.0004341811999999997,0.056281407000000006,0.310104512,2.34
5973,0.00043510119999999944,0.056281407000000006,0.31275777800000004,2.1510553
5974,0.0004360211999999992,0.056281407000000006,0.310104512,1.94321613
5975,0.0004369411999999998,0.064321608,0.307451246,1.81095484
5976,0.00043786119999999953,0.056281407000000006,0.310104512,1.69758802
5977,0.00043878119999999927,0.048241206,0.310104512,1.65979908
5978,0.0004397011999999999,0.040201005,0.310104512,1.69758802
5979,0.0004406211999999996,0.048241206,0.307451246,1.73537696
5980,0.00044154119999999936,0.048241206,0.310104512,1.84874378
5981,0.0004424611999999991,0.048241206,0.310104512,1.98100507
5982,0.0004433811999999997,0.048241206,0.31275777800000004,2.1699497699999997
5983,0.00044430119999999945,0.048241206,0.307451246,2.37778894
5984,0.0004452211999999992,0.056281407000000006,0.310104512,2.56673364
5985,0.0004461411999999998,0.048241206,0.310104512,2.81236175
5986,0.00044706119999999953,0.048241206,0.310104512,3.0202009199999997
5987,0.0004479811999999993,0.048241206,0.310104512,3.2091456199999997
5988,0.0004489011999999999,0.048241206,0.307451246,3.34140691
5989,0.0004498211999999996,0.048241206,0.307451246,3.41698479
5990,0.00045074119999999936,0.048241206,0.310104512,3.41698479
5991,0.0004516611999999991,0.048241206,0.307451246,3.36030138
5992,0.0004525811999999997,0.056281407000000006,0.31275777800000004,3.2469345599999997
5993,0.00045350119999999945,0.048241206,0.307451246,3.0957787999999997
5994,0.0004544211999999992,0.056281407000000006,0.30479798,2.9068340999999998
5995,0.0004553411999999998,0.048241206,0.307451246,2.68010046
5996,0.00045626119999999954,0.056281407000000006,0.307451246,2.45336682
5997,0.0004571811999999993,0.048241206,0.310104512,2.2455276499999997
5998,0.0004581011999999999,0.048241206,0.307451246,2.0565829499999997
5999,0.00045902119999999963,0.056281407000000006,0.310104512,1.84874378
6000,0.00045994119999999937,0.048241206,0.310104512,1.7542714299999997
6001,0.0004608611999999991,0.056281407000000006,0.310104512,1.69758802
6002,0.0004617811999999997,0.056281407000000006,0.307451246,1.65979908
6003,0.00046270119999999946,0.056281407000000006,0.307451246,1.7164824899999997
6004,0.0004636211999999992,0.064321608,0.307451246,1.81095484
6005,0.0004645411999999998,0.056281407000000006,0.310104512,1.98100507
6006,0.00046546119999999955,0.056281407000000006,0.307451246,2.1699497699999997
6007,0.0004663811999999993,0.056281407000000006,0.31275777800000004,2.41557788
6008,0.0004673011999999999,0.048241206,0.30479798,2.58562811
6009,0.00046822119999999964,0.048241206,0.310104512,2.81236175
6010,0.0004691411999999994,0.056281407000000006,0.310104512,3.0202009199999997
6011,0.0004700611999999991,0.064321608,0.310104512,3.1713566799999997
6012,0.0004709811999999997,0.056281407000000006,0.310104512,3.3225124399999997
6013,0.00047190119999999947,0.064321608,0.310104512,3.3980903199999997
6014,0.0004728211999999992,0.056281407000000006,0.310104512,3.41698479
6015,0.0004737411999999998,0.056281407000000006,0.310104512,3.3980903199999997
6016,0.00047466119999999955,0.048241206,0.310104512,3.2847235
6017,0.0004755811999999993,0.056281407000000006,0.310104512,3.1335677399999997
6018,0.0004765011999999999,0.048241206,0.310104512,3.00130645
6019,0.00047742119999999964,0.056281407000000006,0.310104512,2.77457281
6020,0.0004783411999999994,0.056281407000000006,0.30479798,2.56673364
6021,0.0004792611999999991,0.056281407000000006,0.310104512,2.37778894
6022,0.00048018119999999973,0.064321608,0.31275777800000004,2.1699497699999997
6023,0.00048110119999999947,0.056281407000000006,0.31275777800000004,1.9621106
6024,0.0004820211999999992,0.056281407000000006,0.310104512,1.81095484
6025,0.0004829411999999998,0.056281407000000006,0.310104512,1.7164824899999997
6026,0.00048386119999999956,0.064321608,0.310104512,1.6786935499999998
6027,0.0004847811999999993,0.048241206,0.310104512,1.6786935499999998
6028,0.0004857011999999999,0.056281407000000006,0.31275777800000004,1.7164824899999997
6029,0.00048662119999999965,0.056281407000000006,0.310104512,1.8298493099999997
6030,0.0004875411999999994,0.056281407000000006,0.31275777800000004,1.9621106
6031,0.0004884611999999991,0.056281407000000006,0.31275777800000004,2.1699497699999997
6032,0.0004893811999999997,0.056281407000000006,0.310104512,2.37778894
6033,0.0004903011999999995,0.056281407000000006,0.31275777800000004,2.56673364
6034,0.0004912211999999992,0.072361809,0.310104512,2.75567834
6035,0.0004921411999999998,0.056281407000000006,0.307451246,2.9824119799999997
6036,0.0004930611999999996,0.056281407000000006,0.307451246,3.1713566799999997
6037,0.0004939811999999993,0.064321608,0.310104512,3.30361797
6038,0.0004949011999999999,0.056281407000000006,0.307451246,3.3980903199999997
6039,0.0004958211999999997,0.056281407000000006,0.310104512,3.43587926
6040,0.0004967411999999994,0.048241206,0.310104512,3.36030138
6041,0.0004976611999999991,0.072361809,0.307451246,3.26582903
6042,0.0004985811999999997,0.064321608,0.310104512,3.11467327
6043,0.0004995011999999995,0.064321608,0.310104512,2.92572857
6044,0.0005004211999999992,0.072361809,0.307451246,2.69899493
6045,0.0005013411999999998,0.056281407000000006,0.31541104400000003,2.45336682
6046,0.0005022611999999996,0.056281407000000006,0.31541104400000003,2.2077387099999997
6047,0.0005031811999999993,0.056281407000000006,0.310104512,1.99989954
6048,0.0005041011999999999,0.048241206,0.310104512,1.8676382499999997
6049,0.0005050211999999997,0.056281407000000006,0.310104512,1.7164824899999997
6050,0.0005059411999999994,0.056281407000000006,0.30479798,1.6786935499999998
6051,0.0005068611999999991,0.056281407000000006,0.310104512,1.6786935499999998
6052,0.0005077811999999998,0.064321608,0.310104512,1.73537696
6053,0.0005087011999999995,0.064321608,0.310104512,1.8676382499999997
6054,0.0005096211999999992,0.056281407000000006,0.310104512,2.03768848
6055,0.0005105411999999998,0.056281407000000006,0.310104512,2.22663318
6056,0.0005114611999999996,0.056281407000000006,0.310104512,2.47226129
6057,0.0005123811999999993,0.056281407000000006,0.310104512,2.7178894
6058,0.0005133011999999999,0.040201005,0.310104512,2.92572857
6059,0.0005142211999999997,0.064321608,0.310104512,3.0957787999999997
6060,0.0005151411999999994,0.056281407000000006,0.310104512,3.2469345599999997
6061,0.0005160611999999992,0.08040201,0.310104512,3.36030138
6062,0.0005169811999999998,0.064321608,0.310104512,3.3980903199999997
6063,0.0005179011999999995,0.056281407000000006,0.310104512,3.3980903199999997
6064,0.0005188211999999992,0.048241206,0.310104512,3.34140691
6065,0.0005197411999999998,0.056281407000000006,0.310104512,3.2469345599999997
6066,0.0005206611999999996,0.048241206,0.307451246,3.07688433
6067,0.0005215811999999993,0.056281407000000006,0.307451246,2.8690451599999998
6068,0.0005225011999999999,0.064321608,0.310104512,2.64231152
6069,0.0005234211999999997,0.056281407000000006,0.31541104400000003,2.43447235
6070,0.0005243411999999994,0.064321608,0.307451246,2.1699497699999997
6071,0.0005252611999999992,0.064321608,0.310104512,2.07547742
6072,0.0005261811999999998,0.056281407000000006,0.310104512,1.84874378
6073,0.0005271011999999995,0.048241206,0.307451246,1.7542714299999997
6074,0.0005280211999999992,0.056281407000000006,0.31275777800000004,1.69758802
6075,0.0005289411999999999,0.048241206,0.310104512,1.6786935499999998
6076,0.0005298611999999996,0.056281407000000006,0.310104512,1.7164824899999997
6077,0.0005307811999999993,0.056281407000000006,0.307451246,1.81095484
6078,0.0005317011999999999,0.064321608,0.310104512,1.9621106
6079,0.0005326211999999997,0.072361809,0.310104512,2.11326636
6080,0.0005335411999999994,0.064321608,0.310104512,2.35889447
6081,0.0005344611999999992,0.064321608,0.31275777800000004,2.62341705
6082,0.0005353811999999998,0.056281407000000006,0.310104512,2.8312562199999998
6083,0.0005363011999999995,0.056281407000000006,0.310104512,3.0202009199999997
6084,0.0005372211999999993,0.064321608,0.310104512,3.19025115
6085,0.0005381411999999999,0.056281407000000006,0.310104512,3.3225124399999997
6086,0.0005390611999999996,0.072361809,0.310104512,3.41698479
6087,0.0005399811999999993,0.056281407000000006,0.31275777800000004,3.3980903199999997
6088,0.0005409011999999991,0.056281407000000006,0.310104512,3.37919585
6089,0.0005418211999999997,0.064321608,0.31275777800000004,3.2469345599999997
6090,0.0005427411999999994,0.072361809,0.310104512,3.0579898599999997
6091,0.0005436611999999992,0.064321608,0.307451246,2.8690451599999998
6092,0.0005445811999999998,0.064321608,0.307451246,2.62341705
6093,0.0005455011999999995,0.056281407000000006,0.310104512,2.35889447
6094,0.0005464211999999993,0.072361809,0.310104512,2.1510553
6095,0.0005473411999999999,0.056281407000000006,0.31541104400000003,1.94321613
6096,0.0005482611999999996,0.064321608,0.310104512,1.81095484
6097,0.0005491811999999993,0.056281407000000006,0.31275777800000004,1.69758802
6098,0.0005501011999999991,0.064321608,0.310104512,1.65979908
6099,0.0005510211999999997,0.064321608,0.310104512,1.69758802
6100,0.0005519411999999994,0.064321608,0.310104512,1.7542714299999997
6101,0.0005528611999999992,0.08040201,0.31275777800000004,1.9621106
6102,0.0005537811999999998,0.056281407000000006,0.310104512,2.3211055299999996
6103,0.0005547011999999995,0.056281407000000006,0.31275777800000004,2.45336682
6104,0.0005556211999999993,0.056281407000000006,0.307451246,2.66120599
6105,0.0005565411999999999,0.064321608,0.31275777800000004,2.8690451599999998
6106,0.0005574611999999996,0.048241206,0.310104512,3.0957787999999997
6107,0.0005583811999999994,0.064321608,0.310104512,3.2847235
6108,0.0005593011999999991,0.064321608,0.307451246,3.37919585
6109,0.0005602211999999997,0.064321608,0.310104512,3.41698479
6110,0.0005611411999999994,0.072361809,0.310104512,3.3980903199999997
6111,0.0005620611999999992,0.064321608,0.31275777800000004,3.3225124399999997
6112,0.0005629811999999998,0.064321608,0.31275777800000004,3.19025115
6113,0.0005639011999999995,0.064321608,0.310104512,2.9824119799999997
6114,0.0005648211999999993,0.064321608,0.310104512,2.7934672799999998
6115,0.0005657411999999999,0.056281407000000006,0.310104512,2.5289447
6116,0.0005666611999999996,0.072361809,0.310104512,2.2833165899999996
6117,0.0005675811999999994,0.064321608,0.31275777800000004,2.07547742
6118,0.0005685011999999991,0.08040201,0.31275777800000004,1.90542719
6119,0.0005694211999999997,0.056281407000000006,0.31275777800000004,1.7731659
6120,0.0005703411999999995,0.072361809,0.307451246,1.69758802
6121,0.0005712611999999992,0.072361809,0.310104512,1.65979908
6122,0.0005721811999999998,0.064321608,0.31275777800000004,1.7164824899999997
6123,0.0005731011999999995,0.056281407000000006,0.310104512,1.7542714299999997
6124,0.0005740211999999993,0.056281407000000006,0.31275777800000004,1.90542719
6125,0.0005749411999999999,0.056281407000000006,0.31541104400000003,2.11326636
6126,0.0005758611999999996,0.056281407000000006,0.310104512,2.3211055299999996
6127,0.0005767811999999994,0.088442211,0.310104512,2.54783917
6128,0.0005777011999999991,0.072361809,0.31275777800000004,2.7934672799999998
6129,0.0005786211999999997,0.072361809,0.31541104400000003,3.0202009199999997
6130,0.0005795411999999995,0.064321608,0.310104512,3.19025115
6131,0.0005804611999999992,0.072361809,0.31275777800000004,3.30361797
6132,0.0005813811999999998,0.064321608,0.31275777800000004,3.41698479
6133,0.0005823011999999995,0.072361809,0.310104512,3.41698479
6134,0.0005832211999999993,0.072361809,0.31275777800000004,3.36030138
6135,0.0005841411999999999,0.08040201,0.310104512,3.22804009
6136,0.0005850611999999996,0.064321608,0.310104512,3.07688433
6137,0.0005859811999999994,0.064321608,0.310104512,2.85015069
6138,0.0005869011999999991,0.064321608,0.31275777800000004,2.60452258
6139,0.0005878211999999997,0.064321608,0.31541104400000003,2.35889447
6140,0.0005887411999999995,0.072361809,0.310104512,2.1510553
6141,0.0005896611999999992,0.056281407000000006,0.31275777800000004,1.92432166
6142,0.0005905811999999998,0.048241206,0.31275777800000004,1.7731659
6143,0.0005915011999999996,0.072361809,0.310104512,1.69758802
6144,0.0005924211999999993,0.064321608,0.310104512,1.69758802
6145,0.0005933411999999999,0.064321608,0.31541104400000003,1.7164824899999997
6146,0.0005942611999999996,0.064321608,0.310104512,1.8298493099999997
6147,0.0005951811999999994,0.072361809,0.31541104400000003,1.98100507
6148,0.0005961011999999991,0.072361809,0.31275777800000004,2.18884424
6149,0.0005970211999999997,0.064321608,0.31275777800000004,2.41557788
6150,0.0005979411999999995,0.064321608,0.31541104400000003,2.66120599
6151,0.0005988611999999992,0.056281407000000006,0.31275777800000004,2.9068340999999998
6152,0.0005997811999999998,0.072361809,0.310104512,3.0957787999999997
6153,0.0006007011999999996,0.08040201,0.31541104400000003,3.2847235
6154,0.0006016211999999993,0.064321608,0.31275777800000004,3.3980903199999997
6155,0.0006025411999999999,0.072361809,0.31275777800000004,3.3980903199999997
6156,0.0006034611999999996,0.072361809,0.310104512,3.41698479
6157,0.0006043811999999994,0.08040201,0.31275777800000004,3.34140691
6158,0.0006053011999999991,0.064321608,0.31275777800000004,3.22804009
6159,0.0006062211999999997,0.072361809,0.310104512,3.0579898599999997
6160,0.0006071411999999995,0.056281407000000006,0.310104512,2.8690451599999998
6161,0.0006080611999999992,0.072361809,0.31275777800000004,2.62341705
6162,0.0006089811999999998,0.064321608,0.310104512,2.37778894
6163,0.0006099011999999996,0.064321608,0.31541104400000003,2.1510553
6164,0.0006108211999999993,0.064321608,0.31275777800000004,1.9621106
6165,0.0006117411999999999,0.08040201,0.31275777800000004,1.81095484
6166,0.0006126611999999997,0.064321608,0.310104512,1.69758802
6167,0.0006135811999999994,0.08040201,0.307451246,1.65979908
6168,0.0006145011999999991,0.064321608,0.31541104400000003,1.6786935499999998
6169,0.0006154211999999997,0.072361809,0.310104512,1.7731659
6170,0.0006163411999999995,0.072361809,0.31275777800000004,1.88653272
6171,0.0006172611999999992,0.072361809,0.310104512,2.0565829499999997
6172,0.0006181811999999998,0.08040201,0.310104512,2.26442212
6173,0.0006191011999999996,0.056281407000000006,0.31275777800000004,2.49115576
6174,0.0006200211999999993,0.064321608,0.310104512,2.73678387
6175,0.0006209411999999999,0.064321608,0.31541104400000003,2.9824119799999997
6176,0.0006218611999999997,0.072361809,0.310104512,3.1713566799999997
6177,0.0006227811999999994,0.064321608,0.310104512,3.3225124399999997
6178,0.0006237011999999991,0.072361809,0.31275777800000004,3.37919585
6179,0.0006246211999999998,0.072361809,0.310104512,3.43587926
6180,0.0006255411999999995,0.072361809,0.31275777800000004,3.36030138
6181,0.0006264611999999992,0.064321608,0.31541104400000003,3.26582903
6182,0.0006273811999999998,0.08040201,0.31275777800000004,3.11467327
6183,0.0006283011999999996,0.064321608,0.310104512,2.88793963
6184,0.0006292211999999993,0.072361809,0.31275777800000004,2.62341705
6185,0.0006301411999999999,0.064321608,0.31275777800000004,2.37778894
6186,0.0006310611999999997,0.08040201,0.31541104400000003,2.1699497699999997
6187,0.0006319811999999994,0.072361809,0.310104512,1.94321613
6188,0.0006329011999999992,0.064321608,0.31541104400000003,1.81095484
6189,0.0006338211999999998,0.072361809,0.31806431,1.7164824899999997
6190,0.0006347411999999995,0.072361809,0.31275777800000004,1.6786935499999998
6191,0.0006356611999999992,0.08040201,0.31541104400000003,1.69758802
6192,0.0006365811999999998,0.064321608,0.31541104400000003,1.81095484
6193,0.0006375011999999996,0.08040201,0.31541104400000003,1.99989954
6194,0.0006384211999999993,0.08040201,0.31541104400000003,2.1321608299999997
6195,0.0006393411999999999,0.072361809,0.31806431,2.37778894
6196,0.0006402611999999997,0.072361809,0.31541104400000003,2.62341705
6197,0.0006411811999999994,0.056281407000000006,0.31541104400000003,2.8312562199999998
6198,0.0006421011999999992,0.072361809,0.31541104400000003,3.03909539
6199,0.0006430211999999998,0.08040201,0.31275777800000004,3.19025115
6200,0.0006439411999999995,0.08040201,0.31541104400000003,3.30361797
6201,0.0006448611999999992,0.072361809,0.31806431,3.3980903199999997
6202,0.0006457811999999999,0.08040201,0.31275777800000004,3.43587926
6203,0.0006467011999999996,0.08040201,0.31541104400000003,3.3980903199999997
6204,0.0006476211999999993,0.072361809,0.31275777800000004,3.26582903
6205,0.0006485411999999999,0.072361809,0.31541104400000003,3.1335677399999997
6206,0.0006494611999999997,0.072361809,0.31541104400000003,2.96351751
6207,0.0006503811999999994,0.072361809,0.31806431,2.75567834
6208,0.0006513011999999992,0.08040201,0.31275777800000004,2.60452258
6209,0.0006522211999999998,0.08040201,0.31275777800000004,2.34
6210,0.0006531411999999995,0.08040201,0.31275777800000004,2.18884424
6211,0.0006540611999999993,0.08040201,0.310104512,1.99989954
6212,0.0006549811999999999,0.072361809,0.31541104400000003,1.84874378
6213,0.0006559011999999996,0.072361809,0.31541104400000003,1.73537696
6214,0.0006568211999999993,0.072361809,0.310104512,1.6786935499999998
6215,0.0006577411999999991,0.056281407000000006,0.31541104400000003,1.69758802
6216,0.0006586611999999997,0.072361809,0.31275777800000004,1.7164824899999997
6217,0.0006595811999999994,0.072361809,0.31541104400000003,1.81095484
6218,0.0006605011999999992,0.08040201,0.310104512,1.98100507
6219,0.0006614211999999998,0.064321608,0.31541104400000003,2.1510553
6220,0.0006623411999999995,0.072361809,0.31275777800000004,2.35889447
6221,0.0006632611999999993,0.072361809,0.310104512,2.60452258
6222,0.0006641811999999999,0.08040201,0.310104512,2.85015069
6223,0.0006651011999999996,0.08040201,0.310104512,3.0579898599999997
6224,0.0006660211999999993,0.08040201,0.310104512,3.2091456199999997
6225,0.0006669411999999991,0.08040201,0.310104512,3.36030138
6226,0.0006678611999999997,0.072361809,0.31275777800000004,3.41698479
6227,0.0006687811999999994,0.072361809,0.31275777800000004,3.3980903199999997
6228,0.0006697011999999992,0.072361809,0.31275777800000004,3.34140691
6229,0.0006706211999999998,0.072361809,0.310104512,3.22804009
6230,0.0006715411999999995,0.08040201,0.31275777800000004,3.0202009199999997
6231,0.0006724611999999993,0.064321608,0.31541104400000003,2.81236175
6232,0.0006733811999999999,0.08040201,0.31275777800000004,2.56673364
6233,0.0006743011999999996,0.072361809,0.307451246,2.30221106
6234,0.0006752211999999994,0.072361809,0.31541104400000003,2.11326636
6235,0.0006761411999999991,0.088442211,0.31275777800000004,1.88653272
6236,0.0006770611999999997,0.08040201,0.31275777800000004,1.7542714299999997
6237,0.0006779811999999994,0.08040201,0.31541104400000003,1.65979908
6238,0.0006789011999999992,0.072361809,0.31275777800000004,1.69758802
6239,0.0006798211999999998,0.072361809,0.31541104400000003,1.7542714299999997
6240,0.0006807411999999995,0.08040201,0.31541104400000003,1.88653272
6241,0.0006816611999999993,0.088442211,0.31275777800000004,2.0565829499999997
6242,0.0006825811999999999,0.08040201,0.31541104400000003,2.2833165899999996
6243,0.0006835011999999996,0.08040201,0.31275777800000004,2.49115576
6244,0.0006844211999999994,0.08040201,0.31541104400000003,2.7178894
6245,0.0006853411999999991,0.088442211,0.31806431,2.9446230399999997
6246,0.0006862611999999997,0.08040201,0.31806431,3.1335677399999997
6247,0.0006871811999999995,0.064321608,0.31806431,3.2847235
6248,0.0006881011999999992,0.096482412,0.31275777800000004,3.37919585
6249,0.0006890211999999998,0.072361809,0.31541104400000003,3.43587926
6250,0.0006899411999999995,0.08040201,0.31806431,3.41698479
6251,0.0006908611999999993,0.08040201,0.31806431,3.34140691
6252,0.0006917811999999999,0.08040201,0.31541104400000003,3.2091456199999997
6253,0.0006927011999999996,0.088442211,0.31541104400000003,3.07688433
6254,0.0006936211999999994,0.08040201,0.31275777800000004,2.8690451599999998
6255,0.0006945411999999991,0.08040201,0.31541104400000003,2.66120599
6256,0.0006954611999999997,0.08040201,0.31541104400000003,2.47226129
6257,0.0006963811999999995,0.08040201,0.31541104400000003,2.2833165899999996
6258,0.0006973011999999992,0.088442211,0.31275777800000004,2.0943718899999997
6259,0.0006982211999999998,0.088442211,0.31806431,1.94321613
6260,0.0006991411999999995,0.08040201,0.31541104400000003,1.7731659
6261,0.0007000611999999993,0.08040201,0.31275777800000004,1.7164824899999997
6262,0.0007009811999999999,0.08040201,0.31806431,1.65979908
6263,0.0007019011999999996,0.08040201,0.31275777800000004,1.69758802
6264,0.0007028211999999994,0.08040201,0.31275777800000004,1.7731659
6265,0.0007037411999999991,0.072361809,0.31541104400000003,1.8676382499999997
6266,0.0007046611999999997,0.088442211,0.31541104400000003,2.07547742
6267,0.0007055811999999995,0.072361809,0.31541104400000003,2.2833165899999996
6268,0.0007065011999999992,0.072361809,0.31275777800000004,2.47226129
6269,0.0007074211999999998,0.08040201,0.31541104400000003,2.69899493
6270,0.0007083411999999996,0.08040201,0.31275777800000004,2.88793963
6271,0.0007092611999999993,0.088442211,0.31275777800000004,3.0957787999999997
6272,0.0007101811999999999,0.08040201,0.310104512,3.26582903
6273,0.0007111011999999996,0.08040201,0.31275777800000004,3.34140691
6274,0.0007120211999999994,0.088442211,0.31275777800000004,3.41698479
6275,0.0007129411999999991,0.096482412,0.31275777800000004,3.43587926
6276,0.0007138611999999997,0.088442211,0.31275777800000004,3.34140691
6277,0.0007147811999999995,0.072361809,0.310104512,3.1713566799999997
6278,0.0007157011999999992,0.088442211,0.31541104400000003,3.00130645
6279,0.0007166211999999998,0.088442211,0.31275777800000004,2.75567834
6280,0.0007175411999999996,0.088442211,0.31275777800000004,2.54783917
6281,0.0007184611999999993,0.08040201,0.310104512,2.2833165899999996
6282,0.0007193811999999999,0.08040201,0.31541104400000003,2.07547742
6283,0.0007203011999999996,0.088442211,0.31275777800000004,1.90542719
6284,0.0007212211999999994,0.08040201,0.31275777800000004,1.7542714299999997
6285,0.0007221411999999991,0.08040201,0.31275777800000004,1.6786935499999998
6286,0.0007230611999999997,0.08040201,0.31541104400000003,1.6786935499999998
6287,0.0007239811999999995,0.072361809,0.310104512,1.7164824899999997
6288,0.0007249011999999992,0.064321608,0.31275777800000004,1.88653272
6289,0.0007258211999999998,0.08040201,0.31541104400000003,2.0565829499999997
6290,0.0007267411999999996,0.088442211,0.31541104400000003,2.2833165899999996
6291,0.0007276611999999993,0.088442211,0.31541104400000003,2.5289447
6292,0.0007285811999999999,0.088442211,0.31541104400000003,2.75567834
6293,0.0007295011999999997,0.08040201,0.31541104400000003,2.9824119799999997
6294,0.0007304211999999994,0.08040201,0.31541104400000003,3.19025115
6295,0.0007313411999999991,0.08040201,0.31541104400000003,3.30361797
6296,0.0007322611999999997,0.088442211,0.31806431,3.41698479
6297,0.0007331811999999995,0.08040201,0.31541104400000003,3.43587926
6298,0.0007341011999999992,0.08040201,0.31541104400000003,3.3980903199999997
6299,0.0007350211999999998,0.088442211,0.31806431,3.30361797
6300,0.0007359411999999996,0.08040201,0.31806431,3.1713566799999997
6301,0.0007368611999999993,0.08040201,0.31806431,2.96351751
6302,0.0007377811999999999,0.088442211,0.31806431,2.77457281
6303,0.0007387011999999997,0.088442211,0.31806431,2.54783917
6304,0.0007396211999999994,0.08040201,0.31806431,2.30221106
6305,0.0007405411999999991,0.08040201,0.31541104400000003,2.11326636
6306,0.0007414611999999998,0.08040201,0.31806431,1.92432166
6307,0.0007423811999999995,0.08040201,0.31541104400000003,1.7731659
6308,0.0007433011999999992,0.088442211,0.31806431,1.73537696
6309,0.0007442211999999998,0.096482412,0.320717576,1.6786935499999998
6310,0.0007451411999999996,0.08040201,0.31541104400000003,1.6786935499999998
6311,0.0007460611999999993,0.08040201,0.31541104400000003,1.7731659
6312,0.0007469811999999999,0.088442211,0.31541104400000003,1.88653272
6313,0.0007479011999999997,0.072361809,0.31541104400000003,2.0565829499999997
6314,0.0007488211999999994,0.08040201,0.31541104400000003,2.2833165899999996
6315,0.0007497411999999991,0.08040201,0.31541104400000003,2.49115576
6316,0.0007506611999999998,0.08040201,0.31541104400000003,2.73678387
6317,0.0007515811999999995,0.088442211,0.31541104400000003,2.96351751
6318,0.0007525011999999992,0.088442211,0.310104512,3.1713566799999997
6319,0.0007534211999999998,0.096482412,0.31541104400000003,3.3225124399999997
6320,0.0007543411999999996,0.096482412,0.31541104400000003,3.41698479
6321,0.0007552611999999993,0.088442211,0.310104512,3.41698479
6322,0.0007561811999999999,0.08040201,0.31275777800000004,3.3980903199999997
6323,0.0007571011999999997,0.088442211,0.310104512,3.30361797
6324,0.0007580211999999994,0.072361809,0.31275777800000004,3.1335677399999997
6325,0.0007589411999999992,0.08040201,0.31275777800000004,2.88793963
6326,0.0007598611999999998,0.088442211,0.31275777800000004,2.66120599
6327,0.0007607811999999995,0.096482412,0.310104512,2.41557788
6328,0.0007617011999999992,0.088442211,0.31541104400000003,2.1699497699999997
6329,0.0007626211999999999,0.088442211,0.31275777800000004,1.9621106
6330,0.0007635411999999996,0.096482412,0.310104512,1.7920603699999997
6331,0.0007644611999999993,0.08040201,0.31541104400000003,1.69758802
6332,0.0007653811999999991,0.088442211,0.31275777800000004,1.69758802
6333,0.0007663011999999997,0.088442211,0.31541104400000003,1.6786935499999998
6334,0.0007672211999999994,0.08040201,0.31806431,1.81095484
6335,0.0007681411999999992,0.088442211,0.31275777800000004,1.9621106
6336,0.0007690611999999998,0.088442211,0.310104512,2.1699497699999997
6337,0.0007699811999999995,0.08040201,0.31275777800000004,2.39668341
6338,0.0007709011999999993,0.088442211,0.31541104400000003,2.64231152
6339,0.0007718211999999999,0.088442211,0.31275777800000004,2.85015069
6340,0.0007727411999999996,0.08040201,0.310104512,3.0957787999999997
6341,0.0007736611999999993,0.088442211,0.31275777800000004,3.26582903
6342,0.0007745811999999991,0.088442211,0.31541104400000003,3.37919585
6343,0.0007755011999999997,0.088442211,0.31275777800000004,3.43587926
6344,0.0007764211999999994,0.096482412,0.31541104400000003,3.41698479
6345,0.0007773411999999992,0.088442211,0.31541104400000003,3.36030138
6346,0.0007782611999999998,0.08040201,0.320717576,3.22804009
6347,0.0007791811999999995,0.08040201,0.31541104400000003,3.0579898599999997
6348,0.0007801011999999993,0.08040201,0.31275777800000004,2.85015069
6349,0.0007810211999999999,0.08040201,0.31541104400000003,2.62341705
6350,0.0007819411999999996,0.104522613,0.320717576,2.37778894
6351,0.0007828611999999993,0.08040201,0.31541104400000003,2.1510553
6352,0.0007837811999999991,0.088442211,0.31806431,1.9621106
6353,0.0007847011999999997,0.08040201,0.31806431,1.81095484
6354,0.0007856211999999994,0.088442211,0.320717576,1.69758802
6355,0.0007865411999999992,0.088442211,0.31806431,1.6786935499999998
6356,0.0007874611999999998,0.088442211,0.31806431,1.69758802
6357,0.0007883811999999995,0.08040201,0.320717576,1.7920603699999997
6358,0.0007893011999999993,0.096482412,0.320717576,1.92432166
6359,0.0007902211999999999,0.088442211,0.320717576,2.0943718899999997
6360,0.0007911411999999996,0.08040201,0.31806431,2.30221106
6361,0.0007920611999999994,0.088442211,0.31806431,2.51005023
6362,0.0007929811999999991,0.08040201,0.31541104400000003,2.7934672799999998
6363,0.0007939011999999997,0.088442211,0.31541104400000003,3.0202009199999997
6364,0.0007948211999999994,0.096482412,0.31806431,3.2091456199999997
6365,0.0007957411999999992,0.096482412,0.31541104400000003,3.3225124399999997
6366,0.0007966611999999998,0.096482412,0.31541104400000003,3.41698479
6367,0.0007975811999999995,0.08040201,0.31541104400000003,3.43587926
6368,0.0007985011999999993,0.096482412,0.31541104400000003,3.37919585
6369,0.0007994211999999999,0.088442211,0.310104512,3.2469345599999997
6370,0.0008003411999999996,0.08040201,0.31541104400000003,3.0579898599999997
6371,0.0008012611999999994,0.088442211,0.31541104400000003,2.85015069
6372,0.0008021811999999991,0.088442211,0.31541104400000003,2.60452258
6373,0.0008031011999999997,0.096482412,0.31541104400000003,2.30221106
6374,0.0008040211999999995,0.096482412,0.31541104400000003,2.07547742
6375,0.0008049411999999992,0.104522613,0.31541104400000003,1.88653272
6376,0.0008058611999999998,0.096482412,0.31275777800000004,1.7542714299999997
6377,0.0008067811999999995,0.088442211,0.31541104400000003,1.6786935499999998
6378,0.0008077011999999993,0.088442211,0.31541104400000003,1.6786935499999998
6379,0.0008086211999999999,0.088442211,0.31275777800000004,1.7542714299999997
6380,0.0008095411999999996,0.088442211,0.31275777800000004,1.92432166
6381,0.0008104611999999994,0.088442211,0.31541104400000003,2.11326636
6382,0.0008113811999999991,0.088442211,0.310104512,2.34
6383,0.0008123011999999997,0.096482412,0.31275777800000004,2.58562811
6384,0.0008132211999999995,0.096482412,0.31275777800000004,2.8312562199999998
6385,0.0008141411999999992,0.088442211,0.31541104400000003,3.03909539
6386,0.0008150611999999998,0.08040201,0.31541104400000003,3.22804009
6387,0.0008159811999999995,0.104522613,0.31541104400000003,3.36030138
6388,0.0008169011999999993,0.08040201,0.31806431,3.45477373
6389,0.0008178211999999999,0.088442211,0.31275777800000004,3.43587926
6390,0.0008187411999999996,0.088442211,0.31541104400000003,3.37919585
6391,0.0008196611999999994,0.104522613,0.31806431,3.26582903
6392,0.0008205811999999991,0.088442211,0.31541104400000003,3.07688433
6393,0.0008215011999999997,0.088442211,0.31541104400000003,2.88793963
6394,0.0008224211999999995,0.096482412,0.31275777800000004,2.68010046
6395,0.0008233411999999992,0.096482412,0.31541104400000003,2.41557788
6396,0.0008242611999999998,0.088442211,0.31275777800000004,2.2455276499999997
6397,0.0008251811999999996,0.088442211,0.320717576,2.03768848
6398,0.0008261011999999993,0.088442211,0.31541104400000003,1.8676382499999997
6399,0.0008270211999999999,0.088442211,0.31806431,1.7731659
6400,0.0008279411999999996,0.096482412,0.320717576,1.6786935499999998
6401,0.0008288611999999994,0.104522613,0.31806431,1.6786935499999998
6402,0.0008297811999999991,0.096482412,0.320717576,1.7164824899999997
6403,0.0008307011999999997,0.088442211,0.31806431,1.8298493099999997
6404,0.0008316211999999995,0.096482412,0.31806431,1.9621106
6405,0.0008325411999999992,0.096482412,0.31541104400000003,2.1510553
6406,0.0008334611999999998,0.096482412,0.31806431,2.34
6407,0.0008343811999999996,0.104522613,0.320717576,2.58562811
6408,0.0008353011999999993,0.096482412,0.320717576,2.7934672799999998
6409,0.0008362211999999999,0.096482412,0.31806431,3.00130645
6410,0.0008371411999999996,0.096482412,0.320717576,3.1713566799999997
6411,0.0008380611999999994,0.088442211,0.320717576,3.3225124399999997
6412,0.0008389811999999991,0.104522613,0.320717576,3.3980903199999997
6413,0.0008399011999999997,0.096482412,0.320717576,3.43587926
6414,0.0008408211999999995,0.096482412,0.31806431,3.37919585
6415,0.0008417411999999992,0.096482412,0.320717576,3.26582903
6416,0.0008426611999999998,0.088442211,0.31541104400000003,3.03909539
6417,0.0008435811999999996,0.096482412,0.31806431,2.81236175
6418,0.0008445011999999993,0.096482412,0.320717576,2.56673364
6419,0.0008454211999999999,0.104522613,0.31806431,2.34
6420,0.0008463411999999997,0.104522613,0.31806431,2.11326636
6421,0.0008472611999999994,0.088442211,0.31541104400000003,1.90542719
6422,0.0008481811999999991,0.096482412,0.31541104400000003,1.7542714299999997
6423,0.0008491011999999997,0.096482412,0.31541104400000003,1.6786935499999998
6424,0.0008500211999999995,0.096482412,0.31541104400000003,1.69758802
6425,0.0008509411999999992,0.088442211,0.31541104400000003,1.7920603699999997
6426,0.0008518611999999998,0.104522613,0.31275777800000004,1.92432166
6427,0.0008527811999999996,0.096482412,0.31541104400000003,2.18884424
6428,0.0008537011999999993,0.096482412,0.31275777800000004,2.39668341
6429,0.0008546211999999999,0.096482412,0.31275777800000004,2.62341705
6430,0.0008555411999999997,0.096482412,0.31541104400000003,2.9068340999999998
6431,0.0008564611999999994,0.104522613,0.31275777800000004,3.1335677399999997
6432,0.0008573811999999991,0.088442211,0.31275777800000004,3.26582903
6433,0.0008583011999999998,0.08040201,0.31541104400000003,3.37919585
6434,0.0008592211999999995,0.096482412,0.31541104400000003,3.45477373
6435,0.0008601411999999992,0.096482412,0.31275777800000004,3.43587926
6436,0.0008610611999999998,0.096482412,0.310104512,3.34140691
6437,0.0008619811999999996,0.096482412,0.31275777800000004,3.19025115
6438,0.0008629011999999993,0.096482412,0.31541104400000003,3.0202009199999997
6439,0.0008638211999999999,0.088442211,0.310104512,2.81236175
6440,0.0008647411999999997,0.096482412,0.31541104400000003,2.60452258
6441,0.0008656611999999994,0.088442211,0.31275777800000004,2.35889447
6442,0.0008665811999999991,0.088442211,0.31541104400000003,2.1321608299999997
6443,0.0008675011999999998,0.096482412,0.31541104400000003,1.94321613
6444,0.0008684211999999995,0.096482412,0.31806431,1.81095484
6445,0.0008693411999999992,0.096482412,0.31541104400000003,1.7164824899999997
6446,0.0008702611999999998,0.104522613,0.31806431,1.69758802
6447,0.0008711811999999996,0.104522613,0.31806431,1.6786935499999998
6448,0.0008721011999999993,0.11256281400000001,0.320717576,1.73537696
6449,0.0008730211999999999,0.104522613,0.31806431,1.84874378
6450,0.0008739411999999997,0.096482412,0.31541104400000003,1.98100507
6451,0.0008748611999999994,0.096482412,0.31806431,2.1699497699999997
6452,0.0008757811999999992,0.096482412,0.31806431,2.35889447
6453,0.0008767011999999998,0.096482412,0.31541104400000003,2.58562811
6454,0.0008776211999999995,0.104522613,0.31806431,2.81236175
6455,0.0008785411999999992,0.104522613,0.323370842,3.00130645
6456,0.0008794611999999999,0.104522613,0.323370842,3.2091456199999997
6457,0.0008803811999999996,0.104522613,0.320717576,3.3225124399999997
6458,0.0008813011999999993,0.096482412,0.320717576,3.41698479
6459,0.0008822211999999991,0.096482412,0.320717576,3.45477373
6460,0.0008831411999999997,0.096482412,0.31806431,3.41698479
6461,0.0008840611999999994,0.096482412,0.320717576,3.3225124399999997
6462,0.0008849811999999992,0.088442211,0.320717576,3.1713566799999997
6463,0.0008859011999999998,0.096482412,0.320717576,2.9824119799999997
6464,0.0008868211999999995,0.104522613,0.320717576,2.73678387
6465,0.0008877411999999993,0.096482412,0.320717576,2.5289447
6466,0.0008886611999999999,0.104522613,0.320717576,2.2455276499999997
6467,0.0008895811999999996,0.104522613,0.320717576,2.0943718899999997
6468,0.0008905011999999993,0.104522613,0.31806431,1.8676382499999997
6469,0.0008914211999999991,0.104522613,0.323370842,1.73537696
6470,0.0008923411999999997,0.104522613,0.31806431,1.6786935499999998
6471,0.0008932611999999994,0.104522613,0.31541104400000003,1.69758802
6472,0.0008941811999999992,0.11256281400000001,0.31541104400000003,1.7920603699999997
6473,0.0008951011999999998,0.088442211,0.31806431,1.90542719
6474,0.0008960211999999995,0.096482412,0.31541104400000003,2.11326636
6475,0.0008969411999999993,0.104522613,0.31806431,2.34
6476,0.0008978611999999999,0.11256281400000001,0.31806431,2.60452258
6477,0.0008987811999999996,0.104522613,0.31541104400000003,2.85015069
6478,0.0008997011999999993,0.104522613,0.31541104400000003,3.0579898599999997
6479,0.0009006211999999991,0.096482412,0.31275777800000004,3.22804009
6480,0.0009015411999999997,0.104522613,0.31541104400000003,3.36030138
6481,0.0009024611999999994,0.104522613,0.31275777800000004,3.43587926
6482,0.0009033811999999992,0.104522613,0.31541104400000003,3.43587926
6483,0.0009043011999999998,0.11256281400000001,0.31541104400000003,3.37919585
6484,0.0009052211999999995,0.096482412,0.31275777800000004,3.22804009
6485,0.0009061411999999993,0.11256281400000001,0.31541104400000003,3.0957787999999997
6486,0.0009070611999999999,0.104522613,0.31806431,2.88793963
6487,0.0009079811999999996,0.104522613,0.31541104400000003,2.64231152
6488,0.0009089011999999994,0.104522613,0.31541104400000003,2.39668341
6489,0.0009098211999999991,0.096482412,0.31275777800000004,2.18884424
6490,0.0009107411999999997,0.11256281400000001,0.31541104400000003,1.98100507
6491,0.0009116611999999994,0.096482412,0.31541104400000003,1.81095484
6492,0.0009125811999999992,0.104522613,0.31806431,1.7542714299999997
6493,0.0009135011999999998,0.11256281400000001,0.320717576,1.6786935499999998
6494,0.0009144211999999995,0.104522613,0.31541104400000003,1.6786935499999998
6495,0.0009153411999999993,0.11256281400000001,0.31806431,1.7164824899999997
6496,0.0009162611999999999,0.11256281400000001,0.31541104400000003,1.8298493099999997
6497,0.0009171811999999996,0.104522613,0.31541104400000003,1.98100507
6498,0.0009181011999999994,0.104522613,0.31806431,2.1699497699999997
6499,0.0009190211999999991,0.12060301500000001,0.31806431,2.34
6500,0.0009199411999999997,0.11256281400000001,0.31806431,2.56673364
6501,0.0009208611999999994,0.096482412,0.31806431,2.81236175
6502,0.0009217811999999992,0.104522613,0.31806431,3.0202009199999997
6503,0.0009227011999999998,0.11256281400000001,0.31806431,3.2091456199999997
6504,0.0009236211999999995,0.104522613,0.320717576,3.3225124399999997
6505,0.0009245411999999993,0.104522613,0.320717576,3.41698479
6506,0.0009254611999999999,0.104522613,0.320717576,3.45477373
6507,0.0009263811999999996,0.11256281400000001,0.323370842,3.3980903199999997
6508,0.0009273011999999994,0.11256281400000001,0.320717576,3.30361797
6509,0.0009282211999999991,0.104522613,0.323370842,3.1713566799999997
6510,0.0009291411999999997,0.104522613,0.323370842,2.96351751
6511,0.0009300611999999995,0.104522613,0.320717576,2.75567834
6512,0.0009309811999999992,0.104522613,0.320717576,2.47226129
6513,0.0009319011999999998,0.11256281400000001,0.320717576,2.2833165899999996
6514,0.0009328211999999995,0.12060301500000001,0.323370842,2.0187940099999997
6515,0.0009337411999999993,0.11256281400000001,0.323370842,1.8676382499999997
6516,0.0009346611999999999,0.11256281400000001,0.320717576,1.7164824899999997
6517,0.0009355811999999996,0.104522613,0.320717576,1.6786935499999998
6518,0.0009365011999999994,0.104522613,0.320717576,1.6786935499999998
6519,0.0009374211999999991,0.11256281400000001,0.31806431,1.73537696
6520,0.0009383411999999997,0.104522613,0.323370842,1.90542719
6521,0.0009392611999999995,0.12060301500000001,0.320717576,2.03768848
6522,0.0009401811999999992,0.104522613,0.320717576,2.26442212
6523,0.0009411011999999998,0.104522613,0.31806431,2.5289447
6524,0.0009420211999999996,0.11256281400000001,0.31541104400000003,2.73678387
6525,0.0009429411999999993,0.104522613,0.31806431,3.00130645
6526,0.0009438611999999999,0.104522613,0.31541104400000003,3.1713566799999997
6527,0.0009447811999999996,0.104522613,0.31806431,3.34140691
6528,0.0009457011999999994,0.104522613,0.31541104400000003,3.41698479
6529,0.0009466211999999991,0.104522613,0.31541104400000003,3.43587926
6530,0.0009475411999999997,0.11256281400000001,0.31541104400000003,3.3980903199999997
6531,0.0009484611999999995,0.104522613,0.31541104400000003,3.30361797
6532,0.0009493811999999992,0.11256281400000001,0.31275777800000004,3.1713566799999997
6533,0.0009503011999999998,0.104522613,0.31806431,2.9824119799999997
6534,0.0009512211999999996,0.11256281400000001,0.31541104400000003,2.73678387
6535,0.0009521411999999993,0.104522613,0.31806431,2.56673364
6536,0.0009530611999999999,0.104522613,0.31541104400000003,2.3211055299999996
6537,0.0009539811999999996,0.096482412,0.31541104400000003,2.11326636
6538,0.0009549011999999994,0.096482412,0.31541104400000003,1.90542719
6539,0.0009558211999999991,0.104522613,0.31541104400000003,1.7731659
6540,0.0009567411999999997,0.11256281400000001,0.31541104400000003,1.69758802
6541,0.0009576611999999995,0.096482412,0.31275777800000004,1.69758802
6542,0.0009585811999999992,0.12060301500000001,0.31541104400000003,1.69758802
6543,0.0009595011999999998,0.12060301500000001,0.31541104400000003,1.81095484
6544,0.0009604211999999996,0.11256281400000001,0.31541104400000003,1.94321613
6545,0.0009613411999999993,0.104522613,0.31541104400000003,2.11326636
6546,0.0009622611999999999,0.104522613,0.31806431,2.34
6547,0.0009631811999999997,0.104522613,0.31806431,2.54783917
6548,0.0009641011999999994,0.104522613,0.31806431,2.81236175
6549,0.0009650211999999991,0.11256281400000001,0.31541104400000003,3.07688433
6550,0.0009659411999999997,0.104522613,0.31541104400000003,3.22804009
6551,0.0009668611999999995,0.104522613,0.31806431,3.36030138
6552,0.0009677811999999992,0.11256281400000001,0.31806431,3.43587926
6553,0.0009687011999999998,0.11256281400000001,0.323370842,3.45477373
6554,0.0009696211999999996,0.104522613,0.320717576,3.37919585
6555,0.0009705411999999993,0.104522613,0.31806431,3.2469345599999997
6556,0.0009714611999999999,0.11256281400000001,0.320717576,3.0579898599999997
6557,0.0009723811999999997,0.104522613,0.320717576,2.8312562199999998
6558,0.0009733011999999994,0.104522613,0.323370842,2.60452258
6559,0.0009742211999999991,0.104522613,0.323370842,2.34
6560,0.0009751411999999997,0.104522613,0.320717576,2.07547742
6561,0.0009760611999999995,0.11256281400000001,0.320717576,1.88653272
6562,0.0009769811999999992,0.11256281400000001,0.323370842,1.7731659
6563,0.0009779011999999998,0.104522613,0.323370842,1.6786935499999998
6564,0.0009788211999999996,0.11256281400000001,0.320717576,1.6786935499999998
6565,0.0009797411999999993,0.11256281400000001,0.323370842,1.7731659
6566,0.0009806612,0.12060301500000001,0.320717576,1.92432166
6567,0.0009815811999999997,0.104522613,0.323370842,2.0943718899999997
6568,0.0009825011999999994,0.11256281400000001,0.323370842,2.37778894
6569,0.0009834211999999991,0.096482412,0.323370842,2.62341705
6570,0.0009843411999999998,0.11256281400000001,0.31806431,2.85015069
6571,0.0009852611999999995,0.11256281400000001,0.320717576,3.07688433
6572,0.0009861811999999992,0.12060301500000001,0.320717576,3.2469345599999997
6573,0.0009871011999999998,0.11256281400000001,0.323370842,3.3980903199999997
6574,0.0009880211999999996,0.12060301500000001,0.320717576,3.4736681999999997
6575,0.0009889411999999993,0.11256281400000001,0.31806431,3.45477373
6576,0.0009898612,0.12060301500000001,0.31806431,3.36030138
6577,0.0009907811999999997,0.11256281400000001,0.320717576,3.2469345599999997
6578,0.0009917011999999994,0.11256281400000001,0.320717576,3.0579898599999997
6579,0.0009926211999999992,0.11256281400000001,0.31541104400000003,2.85015069
6580,0.0009935411999999998,0.128643216,0.320717576,2.56673364
6581,0.0009944611999999995,0.12060301500000001,0.31806431,2.35889447
6582,0.0009953811999999992,0.11256281400000001,0.31806431,2.1321608299999997
6583,0.0009963011999999999,0.12060301500000001,0.31806431,1.98100507
6584,0.0009972211999999996,0.11256281400000001,0.31541104400000003,1.8298493099999997
6585,0.0009981411999999993,0.11256281400000001,0.31541104400000003,1.7164824899999997
6586,0.000999061199999999,0.104522613,0.31541104400000003,1.65979908
6587,0.0009999811999999997,0.12060301500000001,0.31541104400000003,1.7164824899999997
6588,0.0010009011999999994,0.12060301500000001,0.31541104400000003,1.7542714299999997
6589,0.0010018211999999992,0.12060301500000001,0.31541104400000003,1.90542719
6590,0.0010027411999999998,0.11256281400000001,0.31806431,2.07547742
6591,0.0010036611999999995,0.11256281400000001,0.31806431,2.30221106
6592,0.0010045811999999993,0.11256281400000001,0.31806431,2.5289447
6593,0.0010055011999999999,0.104522613,0.31541104400000003,2.75567834
6594,0.0010064211999999996,0.096482412,0.31541104400000003,2.9824119799999997
6595,0.0010073411999999993,0.11256281400000001,0.31541104400000003,3.1713566799999997
6596,0.001008261199999999,0.11256281400000001,0.31541104400000003,3.3225124399999997
6597,0.0010091811999999997,0.11256281400000001,0.31275777800000004,3.43587926
6598,0.0010101011999999994,0.12060301500000001,0.31806431,3.45477373
6599,0.0010110211999999992,0.11256281400000001,0.320717576,3.41698479
6600,0.0010119411999999998,0.11256281400000001,0.320717576,3.30361797
6601,0.0010128611999999995,0.12060301500000001,0.320717576,3.15246221
6602,0.0010137811999999993,0.11256281400000001,0.31806431,2.9446230399999997
6603,0.0010147011999999999,0.12060301500000001,0.320717576,2.66120599
6604,0.0010156211999999996,0.11256281400000001,0.320717576,2.41557788
6605,0.0010165411999999993,0.12060301500000001,0.320717576,2.1321608299999997
6606,0.001017461199999999,0.11256281400000001,0.320717576,1.94321613
6607,0.0010183811999999997,0.104522613,0.323370842,1.7731659
6608,0.0010193011999999994,0.12060301500000001,0.32602410800000003,1.6786935499999998
6609,0.0010202211999999992,0.11256281400000001,0.323370842,1.69758802
6610,0.0010211411999999998,0.11256281400000001,0.323370842,1.7542714299999997
6611,0.0010220611999999995,0.12060301500000001,0.323370842,1.90542719
6612,0.0010229811999999993,0.104522613,0.32602410800000003,2.1321608299999997
6613,0.0010239011999999999,0.12060301500000001,0.32602410800000003,2.39668341
6614,0.0010248211999999996,0.12060301500000001,0.32602410800000003,2.7178894
6615,0.0010257411999999994,0.11256281400000001,0.32602410800000003,2.9446230399999997
6616,0.001026661199999999,0.12060301500000001,0.32602410800000003,3.1713566799999997
6617,0.0010275811999999997,0.11256281400000001,0.323370842,3.34140691
6618,0.0010285011999999994,0.11256281400000001,0.32602410800000003,3.43587926
6619,0.0010294211999999992,0.12060301500000001,0.323370842,3.43587926
6620,0.0010303411999999998,0.11256281400000001,0.32602410800000003,3.37919585
6621,0.0010312611999999995,0.11256281400000001,0.323370842,3.22804009
6622,0.0010321811999999993,0.12060301500000001,0.320717576,3.0579898599999997
6623,0.0010331011999999999,0.11256281400000001,0.323370842,2.8312562199999998
6624,0.0010340211999999996,0.12060301500000001,0.31806431,2.56673364
6625,0.0010349411999999994,0.104522613,0.320717576,2.3211055299999996
6626,0.001035861199999999,0.104522613,0.320717576,2.1321608299999997
6627,0.0010367811999999997,0.11256281400000001,0.31806431,1.92432166
6628,0.0010377011999999994,0.11256281400000001,0.31806431,1.7542714299999997
6629,0.0010386211999999992,0.11256281400000001,0.31541104400000003,1.6786935499999998
6630,0.0010395411999999998,0.12060301500000001,0.320717576,1.6786935499999998
6631,0.0010404611999999995,0.12060301500000001,0.320717576,1.7164824899999997
6632,0.0010413811999999993,0.12060301500000001,0.320717576,1.84874378
6633,0.0010423011999999999,0.12060301500000001,0.31541104400000003,1.9621106
6634,0.0010432211999999996,0.11256281400000001,0.31541104400000003,2.1510553
6635,0.0010441411999999994,0.12060301500000001,0.31806431,2.34
6636,0.001045061199999999,0.12060301500000001,0.31541104400000003,2.58562811
6637,0.0010459811999999997,0.11256281400000001,0.31275777800000004,2.77457281
6638,0.0010469011999999995,0.11256281400000001,0.31541104400000003,3.00130645
6639,0.0010478211999999992,0.11256281400000001,0.31541104400000003,3.2091456199999997
6640,0.0010487411999999998,0.128643216,0.31806431,3.30361797
6641,0.0010496611999999995,0.12060301500000001,0.31541104400000003,3.43587926
6642,0.0010505811999999993,0.11256281400000001,0.31541104400000003,3.4736681999999997
6643,0.0010515012,0.12060301500000001,0.320717576,3.43587926
6644,0.0010524211999999996,0.11256281400000001,0.31541104400000003,3.37919585
6645,0.0010533411999999994,0.12060301500000001,0.31541104400000003,3.22804009
6646,0.0010542611999999991,0.11256281400000001,0.320717576,3.0202009199999997
6647,0.0010551811999999997,0.128643216,0.320717576,2.81236175
6648,0.0010561011999999995,0.11256281400000001,0.320717576,2.56673364
6649,0.0010570211999999992,0.12060301500000001,0.31806431,2.35889447
6650,0.0010579411999999998,0.12060301500000001,0.31806431,2.11326636
6651,0.0010588611999999996,0.11256281400000001,0.320717576,1.90542719
6652,0.0010597811999999993,0.12060301500000001,0.320717576,1.7731659
6653,0.0010607012,0.128643216,0.320717576,1.7164824899999997
6654,0.0010616211999999996,0.11256281400000001,0.320717576,1.6786935499999998
6655,0.0010625411999999994,0.12060301500000001,0.323370842,1.7542714299999997
6656,0.0010634611999999991,0.11256281400000001,0.323370842,1.88653272
6657,0.0010643811999999997,0.128643216,0.320717576,2.07547742
6658,0.0010653011999999995,0.128643216,0.323370842,2.30221106
6659,0.0010662211999999992,0.11256281400000001,0.323370842,2.56673364
6660,0.0010671411999999998,0.12060301500000001,0.323370842,2.81236175
6661,0.0010680611999999996,0.128643216,0.323370842,3.0579898599999997
6662,0.0010689811999999993,0.12060301500000001,0.323370842,3.2847235
6663,0.0010699012,0.11256281400000001,0.323370842,3.3980903199999997
6664,0.0010708211999999996,0.12060301500000001,0.323370842,3.45477373
6665,0.0010717411999999994,0.11256281400000001,0.323370842,3.43587926
6666,0.0010726611999999991,0.11256281400000001,0.323370842,3.3225124399999997
6667,0.0010735811999999997,0.12060301500000001,0.323370842,3.15246221
6668,0.0010745011999999995,0.12060301500000001,0.323370842,2.92572857
6669,0.0010754211999999992,0.128643216,0.323370842,2.64231152
6670,0.0010763411999999998,0.128643216,0.323370842,2.41557788
6671,0.0010772611999999996,0.12060301500000001,0.32602410800000003,2.1699497699999997
6672,0.0010781811999999993,0.12060301500000001,0.323370842,1.9621106
6673,0.0010791012,0.12060301500000001,0.323370842,1.7920603699999997
6674,0.0010800211999999997,0.12060301500000001,0.320717576,1.6786935499999998
6675,0.0010809411999999994,0.11256281400000001,0.320717576,1.6786935499999998
6676,0.0010818611999999991,0.12060301500000001,0.320717576,1.73537696
6677,0.0010827811999999997,0.12060301500000001,0.323370842,1.81095484
6678,0.0010837011999999995,0.12060301500000001,0.323370842,1.9621106
6679,0.0010846211999999992,0.128643216,0.320717576,2.1510553
6680,0.0010855411999999998,0.128643216,0.31541104400000003,2.35889447
6681,0.0010864611999999996,0.12060301500000001,0.320717576,2.58562811
6682,0.0010873811999999993,0.12060301500000001,0.320717576,2.8312562199999998
6683,0.0010883012,0.104522613,0.320717576,2.9824119799999997
6684,0.0010892211999999997,0.128643216,0.31806431,3.1713566799999997
6685,0.0010901411999999994,0.128643216,0.31541104400000003,3.34140691
6686,0.0010910611999999991,0.12060301500000001,0.31541104400000003,3.3980903199999997
6687,0.0010919811999999997,0.128643216,0.31541104400000003,3.4736681999999997
6688,0.0010929011999999995,0.128643216,0.31806431,3.45477373
6689,0.0010938211999999992,0.136683417,0.31541104400000003,3.37919585
6690,0.0010947411999999998,0.12060301500000001,0.31541104400000003,3.2469345599999997
6691,0.0010956611999999996,0.128643216,0.31541104400000003,3.11467327
6692,0.0010965811999999993,0.11256281400000001,0.320717576,2.9068340999999998
6693,0.0010975012,0.12060301500000001,0.31806431,2.69899493
6694,0.0010984211999999997,0.11256281400000001,0.31541104400000003,2.51005023
6695,0.0010993411999999994,0.12060301500000001,0.320717576,2.26442212
6696,0.0011002611999999991,0.11256281400000001,0.320717576,2.07547742
6697,0.0011011811999999998,0.11256281400000001,0.31541104400000003,1.88653272
6698,0.0011021011999999995,0.12060301500000001,0.31806431,1.7542714299999997
6699,0.0011030211999999992,0.136683417,0.31806431,1.6786935499999998
6700,0.0011039411999999998,0.128643216,0.320717576,1.65979908
6701,0.0011048611999999996,0.128643216,0.31806431,1.7542714299999997
6702,0.0011057811999999993,0.12060301500000001,0.31806431,1.84874378
6703,0.001106701199999999,0.12060301500000001,0.31806431,2.0187940099999997
6704,0.0011076211999999997,0.12060301500000001,0.320717576,2.22663318
6705,0.0011085411999999994,0.128643216,0.323370842,2.47226129
6706,0.0011094611999999992,0.12060301500000001,0.323370842,2.7178894
6707,0.0011103811999999998,0.128643216,0.323370842,2.96351751
6708,0.0011113011999999995,0.12060301500000001,0.323370842,3.1713566799999997
6709,0.0011122211999999992,0.128643216,0.323370842,3.34140691
6710,0.0011131411999999999,0.128643216,0.323370842,3.43587926
6711,0.0011140611999999996,0.128643216,0.323370842,3.4736681999999997
6712,0.0011149811999999993,0.136683417,0.320717576,3.43587926
6713,0.001115901199999999,0.128643216,0.328677374,3.34140691
6714,0.0011168211999999997,0.128643216,0.323370842,3.15246221
6715,0.0011177411999999994,0.12060301500000001,0.323370842,2.9824119799999997
6716,0.0011186611999999992,0.12060301500000001,0.323370842,2.73678387
6717,0.0011195811999999998,0.12060301500000001,0.32602410800000003,2.47226129
6718,0.0011205011999999995,0.12060301500000001,0.323370842,2.2455276499999997
6719,0.0011214211999999993,0.128643216,0.323370842,2.0565829499999997
6720,0.0011223411999999999,0.136683417,0.32602410800000003,1.88653272
6721,0.0011232611999999996,0.128643216,0.32602410800000003,1.7542714299999997
6722,0.0011241811999999993,0.12060301500000001,0.32602410800000003,1.69758802
6723,0.001125101199999999,0.128643216,0.323370842,1.69758802
6724,0.0011260211999999997,0.128643216,0.32602410800000003,1.7164824899999997
6725,0.0011269411999999994,0.128643216,0.328677374,1.8298493099999997
6726,0.0011278611999999992,0.136683417,0.323370842,1.98100507
6727,0.0011287811999999998,0.128643216,0.323370842,2.18884424
6728,0.0011297011999999995,0.128643216,0.320717576,2.35889447
6729,0.0011306211999999993,0.128643216,0.323370842,2.58562811
6730,0.0011315411999999999,0.128643216,0.323370842,2.8312562199999998
6731,0.0011324611999999996,0.12060301500000001,0.320717576,3.03909539
6732,0.0011333811999999993,0.128643216,0.320717576,3.2091456199999997
6733,0.001134301199999999,0.12060301500000001,0.31806431,3.36030138
6734,0.0011352211999999997,0.12060301500000001,0.320717576,3.45477373
6735,0.0011361411999999994,0.128643216,0.31806431,3.4736681999999997
6736,0.0011370611999999992,0.136683417,0.31806431,3.43587926
6737,0.0011379811999999998,0.144723618,0.31806431,3.34140691
6738,0.0011389011999999995,0.128643216,0.320717576,3.2091456199999997
6739,0.0011398211999999993,0.128643216,0.31806431,3.0202009199999997
6740,0.0011407411999999999,0.12060301500000001,0.31806431,2.7934672799999998
6741,0.0011416611999999996,0.128643216,0.31806431,2.60452258
6742,0.0011425811999999994,0.12060301500000001,0.31806431,2.37778894
6743,0.001143501199999999,0.128643216,0.320717576,2.1510553
6744,0.0011444211999999997,0.136683417,0.320717576,1.94321613
6745,0.0011453411999999994,0.128643216,0.31806431,1.7920603699999997
6746,0.0011462611999999992,0.12060301500000001,0.31806431,1.7164824899999997
6747,0.0011471811999999998,0.128643216,0.31806431,1.6786935499999998
6748,0.0011481011999999995,0.136683417,0.31541104400000003,1.7164824899999997
6749,0.0011490211999999993,0.128643216,0.320717576,1.8298493099999997
6750,0.0011499411999999999,0.128643216,0.31806431,1.9621106
6751,0.0011508611999999996,0.128643216,0.31806431,2.1699497699999997
6752,0.0011517811999999994,0.12060301500000001,0.320717576,2.37778894
6753,0.001152701199999999,0.136683417,0.320717576,2.64231152
6754,0.0011536211999999997,0.128643216,0.31806431,2.88793963
6755,0.0011545411999999994,0.128643216,0.323370842,3.0957787999999997
6756,0.0011554611999999992,0.144723618,0.323370842,3.2847235
6757,0.0011563811999999998,0.136683417,0.323370842,3.41698479
6758,0.0011573011999999995,0.128643216,0.320717576,3.43587926
6759,0.0011582211999999993,0.136683417,0.323370842,3.45477373
6760,0.0011591411999999999,0.128643216,0.323370842,3.36030138
6761,0.0011600611999999996,0.128643216,0.320717576,3.2469345599999997
6762,0.0011609811999999994,0.136683417,0.323370842,3.03909539
6763,0.001161901199999999,0.128643216,0.323370842,2.85015069
6764,0.0011628211999999997,0.128643216,0.32602410800000003,2.60452258
6765,0.0011637411999999995,0.136683417,0.33133064,2.35889447
6766,0.0011646611999999992,0.12060301500000001,0.32602410800000003,2.1321608299999997
6767,0.0011655811999999998,0.12060301500000001,0.323370842,1.94321613
6768,0.0011665011999999995,0.128643216,0.328677374,1.81095484
6769,0.0011674211999999993,0.128643216,0.32602410800000003,1.73537696
6770,0.0011683412,0.128643216,0.328677374,1.69758802
6771,0.0011692611999999996,0.136683417,0.32602410800000003,1.6786935499999998
6772,0.0011701811999999994,0.136683417,0.323370842,1.7542714299999997
6773,0.0011711011999999991,0.136683417,0.323370842,1.90542719
6774,0.0011720211999999997,0.128643216,0.32602410800000003,2.07547742
6775,0.0011729411999999995,0.12060301500000001,0.32602410800000003,2.2833165899999996
6776,0.0011738611999999992,0.128643216,0.32602410800000003,2.51005023
6777,0.0011747811999999998,0.144723618,0.32602410800000003,2.73678387
6778,0.0011757011999999996,0.136683417,0.32602410800000003,2.96351751
6779,0.0011766211999999993,0.128643216,0.323370842,3.15246221
6780,0.0011775412,0.12060301500000001,0.32602410800000003,3.30361797
6781,0.0011784611999999996,0.136683417,0.32602410800000003,3.3980903199999997
6782,0.0011793811999999994,0.128643216,0.320717576,3.45477373
6783,0.0011803011999999991,0.12060301500000001,0.320717576,3.45477373
6784,0.0011812211999999997,0.128643216,0.320717576,3.3980903199999997
6785,0.0011821411999999995,0.136683417,0.323370842,3.2847235
6786,0.0011830611999999992,0.136683417,0.320717576,3.11467327
6787,0.0011839811999999998,0.144723618,0.320717576,2.9068340999999998
6788,0.0011849011999999996,0.144723618,0.31806431,2.66120599
6789,0.0011858211999999993,0.136683417,0.320717576,2.43447235
6790,0.0011867412,0.12060301500000001,0.323370842,2.18884424
6791,0.0011876611999999996,0.128643216,0.320717576,1.94321613
6792,0.0011885811999999994,0.128643216,0.320717576,1.84874378
6793,0.0011895011999999991,0.136683417,0.31806431,1.7164824899999997
6794,0.0011904211999999997,0.136683417,0.320717576,1.6786935499999998
6795,0.0011913411999999995,0.128643216,0.320717576,1.7164824899999997
6796,0.0011922611999999992,0.136683417,0.31541104400000003,1.8298493099999997
6797,0.0011931811999999998,0.144723618,0.320717576,1.98100507
6798,0.0011941011999999996,0.136683417,0.320717576,2.18884424
6799,0.0011950211999999993,0.136683417,0.320717576,2.47226129
6800,0.0011959412,0.136683417,0.320717576,2.7178894
6801,0.0011968611999999997,0.136683417,0.31806431,2.96351751
6802,0.0011977811999999994,0.136683417,0.31806431,3.19025115
6803,0.0011987011999999991,0.136683417,0.320717576,3.36030138
6804,0.0011996211999999997,0.136683417,0.320717576,3.45477373
6805,0.0012005411999999995,0.128643216,0.31806431,3.4736681999999997
6806,0.0012014611999999992,0.128643216,0.323370842,3.41698479
6807,0.0012023811999999998,0.128643216,0.323370842,3.30361797
6808,0.0012033011999999996,0.128643216,0.323370842,3.11467327
6809,0.0012042211999999993,0.144723618,0.323370842,2.88793963
6810,0.0012051412,0.136683417,0.320717576,2.64231152
6811,0.0012060611999999997,0.128643216,0.323370842,2.37778894
6812,0.0012069811999999994,0.136683417,0.328677374,2.1510553
6813,0.0012079011999999991,0.144723618,0.323370842,1.94321613
6814,0.0012088211999999997,0.136683417,0.32602410800000003,1.7920603699999997
6815,0.0012097411999999995,0.144723618,0.32602410800000003,1.7164824899999997
6816,0.0012106611999999992,0.136683417,0.32602410800000003,1.6786935499999998
6817,0.0012115811999999998,0.136683417,0.328677374,1.73537696
6818,0.0012125011999999996,0.128643216,0.328677374,1.7920603699999997
6819,0.0012134211999999993,0.136683417,0.323370842,1.9621106
6820,0.0012143412,0.128643216,0.32602410800000003,2.18884424
6821,0.0012152611999999997,0.136683417,0.32602410800000003,2.41557788
6822,0.0012161811999999994,0.136683417,0.328677374,2.60452258
6823,0.0012171011999999991,0.136683417,0.32602410800000003,2.85015069
6824,0.0012180211999999998,0.136683417,0.328677374,3.07688433
6825,0.0012189411999999995,0.144723618,0.323370842,3.2469345599999997
6826,0.0012198611999999992,0.144723618,0.32602410800000003,3.37919585
6827,0.0012207811999999998,0.144723618,0.32602410800000003,3.45477373
6828,0.0012217011999999996,0.144723618,0.32602410800000003,3.4736681999999997
6829,0.0012226211999999993,0.136683417,0.323370842,3.41698479
6830,0.001223541199999999,0.144723618,0.328677374,3.36030138
6831,0.0012244611999999997,0.144723618,0.32602410800000003,3.19025115
6832,0.0012253811999999994,0.136683417,0.323370842,3.0202009199999997
6833,0.0012263011999999992,0.144723618,0.32602410800000003,2.81236175
6834,0.0012272211999999998,0.136683417,0.323370842,2.58562811
6835,0.0012281411999999995,0.144723618,0.323370842,2.34
6836,0.0012290611999999992,0.136683417,0.323370842,2.1321608299999997
6837,0.0012299811999999999,0.136683417,0.320717576,1.92432166
6838,0.0012309011999999996,0.144723618,0.31806431,1.81095484
6839,0.0012318211999999993,0.152763819,0.320717576,1.69758802
6840,0.001232741199999999,0.144723618,0.323370842,1.6786935499999998
6841,0.0012336611999999997,0.136683417,0.320717576,1.73537696
6842,0.0012345811999999994,0.136683417,0.323370842,1.8676382499999997
6843,0.0012355011999999992,0.144723618,0.323370842,2.03768848
6844,0.0012364211999999998,0.136683417,0.31806431,2.26442212
6845,0.0012373411999999995,0.144723618,0.31806431,2.51005023
6846,0.0012382611999999992,0.136683417,0.323370842,2.77457281
6847,0.0012391811999999999,0.136683417,0.31806431,3.0202009199999997
6848,0.0012401011999999996,0.136683417,0.31806431,3.22804009
6849,0.0012410211999999993,0.144723618,0.31806431,3.3980903199999997
6850,0.001241941199999999,0.144723618,0.323370842,3.45477373
6851,0.0012428611999999997,0.128643216,0.320717576,3.45477373
6852,0.0012437811999999994,0.136683417,0.320717576,3.37919585
6853,0.0012447011999999992,0.136683417,0.323370842,3.2091456199999997
6854,0.0012456211999999998,0.136683417,0.323370842,3.0202009199999997
6855,0.0012465411999999995,0.136683417,0.323370842,2.7934672799999998
6856,0.0012474611999999993,0.144723618,0.32602410800000003,2.5289447
6857,0.0012483811999999999,0.144723618,0.323370842,2.2833165899999996
6858,0.0012493011999999996,0.128643216,0.32602410800000003,2.0565829499999997
6859,0.0012502211999999993,0.136683417,0.323370842,1.88653272
6860,0.001251141199999999,0.136683417,0.32602410800000003,1.7542714299999997
6861,0.0012520611999999997,0.144723618,0.32602410800000003,1.7164824899999997
6862,0.0012529811999999994,0.136683417,0.323370842,1.69758802
6863,0.0012539011999999992,0.144723618,0.32602410800000003,1.7731659
6864,0.0012548211999999998,0.136683417,0.323370842,1.94321613
6865,0.0012557411999999995,0.136683417,0.328677374,2.11326636
6866,0.0012566611999999993,0.144723618,0.32602410800000003,2.37778894
6867,0.0012575811999999999,0.136683417,0.323370842,2.60452258
6868,0.0012585011999999996,0.144723618,0.32602410800000003,2.8312562199999998
6869,0.0012594211999999994,0.136683417,0.328677374,3.07688433
6870,0.001260341199999999,0.136683417,0.32602410800000003,3.2469345599999997
6871,0.0012612611999999997,0.152763819,0.328677374,3.3980903199999997
6872,0.0012621811999999994,0.136683417,0.328677374,3.45477373
6873,0.0012631011999999992,0.152763819,0.328677374,3.4736681999999997
6874,0.0012640211999999998,0.144723618,0.32602410800000003,3.43587926
6875,0.0012649411999999995,0.128643216,0.33133064,3.3225124399999997
6876,0.0012658611999999993,0.152763819,0.328677374,3.1713566799999997
6877,0.0012667811999999999,0.136683417,0.32602410800000003,3.00130645
6878,0.0012677011999999996,0.136683417,0.32602410800000003,2.7934672799999998
6879,0.0012686211999999994,0.144723618,0.32602410800000003,2.54783917
6880,0.001269541199999999,0.152763819,0.32602410800000003,2.3211055299999996
6881,0.0012704611999999997,0.144723618,0.32602410800000003,2.1321608299999997
6882,0.0012713811999999994,0.136683417,0.323370842,1.94321613
6883,0.0012723011999999992,0.152763819,0.32602410800000003,1.7920603699999997
6884,0.0012732211999999998,0.136683417,0.32602410800000003,1.73537696
6885,0.0012741411999999995,0.144723618,0.32602410800000003,1.69758802
6886,0.0012750611999999993,0.144723618,0.323370842,1.69758802
6887,0.0012759811999999999,0.136683417,0.323370842,1.7731659
6888,0.0012769011999999996,0.128643216,0.32602410800000003,1.92432166
6889,0.0012778211999999994,0.136683417,0.320717576,2.1321608299999997
6890,0.001278741199999999,0.144723618,0.320717576,2.37778894
6891,0.0012796611999999997,0.136683417,0.320717576,2.60452258
6892,0.0012805811999999995,0.136683417,0.320717576,2.85015069
6893,0.0012815011999999992,0.152763819,0.320717576,3.07688433
6894,0.0012824211999999998,0.152763819,0.320717576,3.26582903
6895,0.0012833411999999995,0.136683417,0.320717576,3.37919585
6896,0.0012842611999999993,0.136683417,0.31806431,3.4736681999999997
6897,0.0012851812,0.136683417,0.320717576,3.4736681999999997
6898,0.0012861011999999996,0.144723618,0.323370842,3.3980903199999997
6899,0.0012870211999999994,0.144723618,0.320717576,3.2847235
6900,0.0012879411999999991,0.136683417,0.31806431,3.1335677399999997
6901,0.0012888611999999997,0.144723618,0.323370842,2.8690451599999998
6902,0.0012897811999999995,0.152763819,0.320717576,2.62341705
6903,0.0012907011999999992,0.136683417,0.323370842,2.35889447
6904,0.0012916211999999998,0.16080402,0.32602410800000003,2.1510553
6905,0.0012925411999999996,0.144723618,0.320717576,1.92432166
6906,0.0012934611999999993,0.152763819,0.320717576,1.81095484
6907,0.0012943812,0.152763819,0.323370842,1.69758802
6908,0.0012953011999999996,0.144723618,0.323370842,1.6786935499999998
6909,0.0012962211999999994,0.152763819,0.323370842,1.73537696
6910,0.0012971411999999991,0.144723618,0.32602410800000003,1.8676382499999997
6911,0.0012980611999999997,0.144723618,0.323370842,1.99989954
6912,0.0012989811999999995,0.152763819,0.32602410800000003,2.2077387099999997
6913,0.0012999011999999992,0.144723618,0.33133064,2.41557788
6914,0.0013008211999999998,0.136683417,0.323370842,2.68010046
6915,0.0013017411999999996,0.144723618,0.328677374,2.9068340999999998
6916,0.0013026611999999993,0.152763819,0.32602410800000003,3.07688433
6917,0.0013035812,0.144723618,0.323370842,3.2469345599999997
6918,0.0013045011999999996,0.144723618,0.32602410800000003,3.3980903199999997
6919,0.0013054211999999994,0.152763819,0.33133064,3.45477373
6920,0.0013063411999999991,0.144723618,0.32602410800000003,3.4736681999999997
6921,0.0013072611999999997,0.144723618,0.328677374,3.41698479
6922,0.0013081811999999995,0.136683417,0.328677374,3.34140691
6923,0.0013091011999999992,0.136683417,0.328677374,3.19025115
6924,0.0013100211999999998,0.136683417,0.328677374,3.00130645
6925,0.0013109411999999996,0.152763819,0.328677374,2.75567834
6926,0.0013118611999999993,0.152763819,0.328677374,2.5289447
6927,0.0013127812,0.152763819,0.33133064,2.30221106
6928,0.0013137011999999997,0.152763819,0.32602410800000003,2.0565829499999997
6929,0.0013146211999999994,0.152763819,0.32602410800000003,1.90542719
6930,0.0013155411999999991,0.144723618,0.328677374,1.7542714299999997
6931,0.0013164611999999997,0.144723618,0.32602410800000003,1.7164824899999997
6932,0.0013173811999999995,0.152763819,0.32602410800000003,1.69758802
6933,0.0013183011999999992,0.152763819,0.32602410800000003,1.7542714299999997
6934,0.0013192211999999998,0.152763819,0.32602410800000003,1.84874378
6935,0.0013201411999999996,0.152763819,0.32602410800000003,2.0187940099999997
6936,0.0013210611999999993,0.152763819,0.328677374,2.2455276499999997
6937,0.0013219812,0.144723618,0.32602410800000003,2.43447235
6938,0.0013229011999999997,0.144723618,0.32602410800000003,2.7178894
6939,0.0013238211999999994,0.152763819,0.32602410800000003,2.96351751
6940,0.0013247411999999991,0.136683417,0.32602410800000003,3.1713566799999997
6941,0.0013256611999999997,0.152763819,0.323370842,3.3225124399999997
6942,0.0013265811999999995,0.144723618,0.323370842,3.41698479
6943,0.0013275011999999992,0.144723618,0.323370842,3.4736681999999997
6944,0.0013284211999999998,0.152763819,0.328677374,3.45477373
6945,0.0013293411999999996,0.144723618,0.320717576,3.37919585
6946,0.0013302611999999993,0.152763819,0.323370842,3.2469345599999997
6947,0.0013311812,0.152763819,0.320717576,3.07688433
6948,0.0013321011999999997,0.152763819,0.323370842,2.85015069
6949,0.0013330211999999994,0.16080402,0.32602410800000003,2.58562811
6950,0.0013339411999999991,0.152763819,0.323370842,2.37778894
6951,0.0013348611999999998,0.136683417,0.320717576,2.1510553
6952,0.0013357811999999995,0.144723618,0.323370842,1.9621106
6953,0.0013367011999999992,0.152763819,0.32602410800000003,1.7920603699999997
6954,0.0013376211999999998,0.152763819,0.323370842,1.7164824899999997
6955,0.0013385411999999996,0.152763819,0.323370842,1.6786935499999998
6956,0.0013394611999999993,0.152763819,0.320717576,1.7164824899999997
6957,0.001340381199999999,0.152763819,0.323370842,1.7542714299999997
6958,0.0013413011999999997,0.144723618,0.323370842,1.8676382499999997
6959,0.0013422211999999994,0.152763819,0.320717576,2.03768848
6960,0.0013431411999999992,0.152763819,0.323370842,2.26442212
6961,0.0013440611999999998,0.152763819,0.32602410800000003,2.43447235
6962,0.0013449811999999995,0.152763819,0.320717576,2.64231152
6963,0.0013459011999999992,0.152763819,0.32602410800000003,2.8690451599999998
6964,0.0013468211999999999,0.16080402,0.323370842,3.07688433
6965,0.0013477411999999996,0.152763819,0.32602410800000003,3.2469345599999997
6966,0.0013486611999999993,0.144723618,0.32602410800000003,3.34140691
6967,0.001349581199999999,0.152763819,0.32602410800000003,3.43587926
6968,0.0013505011999999997,0.144723618,0.32602410800000003,3.45477373
6969,0.0013514211999999994,0.144723618,0.32602410800000003,3.49256267
6970,0.0013523411999999992,0.152763819,0.32602410800000003,3.41698479
6971,0.0013532611999999998,0.16080402,0.328677374,3.34140691
6972,0.0013541811999999995,0.152763819,0.32602410800000003,3.1713566799999997
6973,0.0013551011999999992,0.152763819,0.32602410800000003,2.96351751
6974,0.0013560211999999999,0.136683417,0.328677374,2.73678387
6975,0.0013569411999999996,0.152763819,0.32602410800000003,2.51005023
6976,0.0013578611999999993,0.16080402,0.328677374,2.30221106
6977,0.001358781199999999,0.144723618,0.328677374,2.07547742
6978,0.0013597011999999997,0.152763819,0.328677374,1.90542719
6979,0.0013606211999999994,0.144723618,0.328677374,1.7920603699999997
6980,0.0013615411999999992,0.152763819,0.328677374,1.69758802
6981,0.0013624611999999998,0.16080402,0.32602410800000003,1.69758802
6982,0.0013633811999999995,0.16080402,0.328677374,1.73537696
6983,0.0013643011999999993,0.16080402,0.328677374,1.84874378
6984,0.0013652211999999999,0.152763819,0.32602410800000003,1.9621106
6985,0.0013661411999999996,0.152763819,0.323370842,2.1699497699999997
6986,0.0013670611999999993,0.152763819,0.32602410800000003,2.43447235
6987,0.001367981199999999,0.152763819,0.328677374,2.66120599
6988,0.0013689011999999997,0.144723618,0.32602410800000003,2.9824119799999997
6989,0.0013698211999999994,0.152763819,0.32602410800000003,3.1713566799999997
6990,0.0013707411999999992,0.16884422100000002,0.32602410800000003,3.36030138
6991,0.0013716611999999998,0.152763819,0.328677374,3.43587926
6992,0.0013725811999999995,0.152763819,0.328677374,3.4736681999999997
6993,0.0013735011999999993,0.152763819,0.328677374,3.43587926
6994,0.0013744211999999999,0.152763819,0.32602410800000003,3.36030138
6995,0.0013753411999999996,0.16080402,0.33133064,3.2091456199999997
6996,0.0013762611999999994,0.152763819,0.32602410800000003,3.00130645
6997,0.001377181199999999,0.16080402,0.32602410800000003,2.75567834
6998,0.0013781011999999997,0.16080402,0.32602410800000003,2.51005023
6999,0.0013790211999999994,0.152763819,0.323370842,2.2833165899999996
7000,0.0013799411999999992,0.152763819,0.32602410800000003,2.07547742
7001,0.0013808611999999998,0.16080402,0.32602410800000003,1.88653272
7002,0.0013817811999999995,0.152763819,0.323370842,1.7731659
7003,0.0013827011999999993,0.152763819,0.323370842,1.69758802
7004,0.0013836211999999999,0.152763819,0.323370842,1.69758802
7005,0.0013845411999999996,0.152763819,0.32602410800000003,1.73537696
7006,0.0013854611999999994,0.144723618,0.32602410800000003,1.84874378
7007,0.001386381199999999,0.16080402,0.32602410800000003,1.99989954
7008,0.0013873011999999997,0.152763819,0.323370842,2.2077387099999997
7009,0.0013882211999999994,0.152763819,0.323370842,2.37778894
7010,0.0013891411999999992,0.16080402,0.323370842,2.60452258
7011,0.0013900611999999998,0.16080402,0.323370842,2.7934672799999998
7012,0.0013909811999999995,0.152763819,0.323370842,2.9824119799999997
7013,0.0013919011999999993,0.152763819,0.328677374,3.1713566799999997
7014,0.0013928211999999999,0.152763819,0.323370842,3.3225124399999997
7015,0.0013937411999999996,0.152763819,0.323370842,3.43587926
7016,0.0013946611999999994,0.152763819,0.323370842,3.49256267
7017,0.001395581199999999,0.152763819,0.32602410800000003,3.4736681999999997
7018,0.0013965011999999997,0.152763819,0.323370842,3.43587926
7019,0.0013974211999999995,0.16884422100000002,0.323370842,3.3225124399999997
7020,0.0013983411999999992,0.152763819,0.323370842,3.19025115
7021,0.0013992611999999998,0.152763819,0.328677374,3.00130645
7022,0.0014001811999999995,0.152763819,0.32602410800000003,2.77457281
7023,0.0014011011999999993,0.152763819,0.323370842,2.58562811
7024,0.0014020211999999999,0.16884422100000002,0.32602410800000003,2.3211055299999996
7025,0.0014029411999999996,0.16080402,0.32602410800000003,2.1321608299999997
7026,0.0014038611999999994,0.16080402,0.32602410800000003,1.94321613
7027,0.0014047811999999991,0.16080402,0.328677374,1.81095484
7028,0.0014057011999999997,0.152763819,0.328677374,1.7164824899999997
7029,0.0014066211999999995,0.16080402,0.328677374,1.6786935499999998
7030,0.0014075411999999992,0.152763819,0.32602410800000003,1.69758802
7031,0.0014084611999999998,0.152763819,0.32602410800000003,1.81095484
7032,0.0014093811999999995,0.152763819,0.328677374,1.92432166
7033,0.0014103011999999993,0.16080402,0.328677374,2.1510553
7034,0.0014112212,0.16080402,0.328677374,2.35889447
7035,0.0014121411999999996,0.16884422100000002,0.328677374,2.62341705
7036,0.0014130611999999994,0.16080402,0.328677374,2.8312562199999998
7037,0.0014139811999999991,0.16884422100000002,0.333983906,3.07688433
7038,0.0014149011999999997,0.152763819,0.328677374,3.3225124399999997
7039,0.0014158211999999995,0.152763819,0.32602410800000003,3.3980903199999997
7040,0.0014167411999999992,0.16080402,0.328677374,3.49256267
7041,0.0014176611999999998,0.16884422100000002,0.32602410800000003,3.4736681999999997
7042,0.0014185811999999996,0.16080402,0.328677374,3.3980903199999997
7043,0.0014195011999999993,0.16080402,0.328677374,3.2469345599999997
7044,0.0014204212,0.16080402,0.328677374,3.0579898599999997
7045,0.0014213411999999996,0.16080402,0.328677374,2.8312562199999998
7046,0.0014222611999999994,0.16080402,0.32602410800000003,2.56673364
7047,0.0014231811999999991,0.152763819,0.32602410800000003,2.30221106
7048,0.0014241011999999997,0.16080402,0.32602410800000003,2.07547742
7049,0.0014250211999999995,0.144723618,0.32602410800000003,1.90542719
7050,0.0014259411999999992,0.16080402,0.328677374,1.7731659
7051,0.0014268611999999998,0.16080402,0.323370842,1.6786935499999998
7052,0.0014277811999999996,0.16080402,0.32602410800000003,1.7164824899999997
7053,0.0014287011999999993,0.152763819,0.328677374,1.7731659
7054,0.0014296212,0.16884422100000002,0.323370842,1.88653272
7055,0.0014305411999999997,0.152763819,0.32602410800000003,2.0565829499999997
7056,0.0014314611999999994,0.16080402,0.323370842,2.2455276499999997
7057,0.0014323811999999991,0.152763819,0.320717576,2.47226129
7058,0.0014333011999999997,0.16080402,0.323370842,2.7178894
7059,0.0014342211999999995,0.152763819,0.323370842,2.9446230399999997
7060,0.0014351411999999992,0.152763819,0.323370842,3.19025115
7061,0.0014360611999999998,0.16080402,0.32602410800000003,3.3225124399999997
7062,0.0014369811999999996,0.16884422100000002,0.323370842,3.45477373
7063,0.0014379011999999993,0.16080402,0.323370842,3.49256267
7064,0.0014388212,0.16080402,0.32602410800000003,3.49256267
7065,0.0014397411999999997,0.16884422100000002,0.323370842,3.3980903199999997
7066,0.0014406611999999994,0.16080402,0.32602410800000003,3.26582903
7067,0.0014415811999999991,0.16884422100000002,0.32602410800000003,3.11467327
7068,0.0014425011999999997,0.16080402,0.323370842,2.9068340999999998
7069,0.0014434211999999995,0.16080402,0.323370842,2.68010046
7070,0.0014443411999999992,0.16080402,0.328677374,2.45336682
7071,0.0014452611999999998,0.152763819,0.32602410800000003,2.2077387099999997
7072,0.0014461811999999996,0.16080402,0.32602410800000003,2.03768848
7073,0.0014471011999999993,0.16080402,0.32602410800000003,1.88653272
7074,0.0014480212,0.152763819,0.323370842,1.7542714299999997
7075,0.0014489411999999997,0.16884422100000002,0.328677374,1.69758802
7076,0.0014498611999999994,0.16080402,0.33133064,1.6786935499999998
7077,0.0014507811999999991,0.16080402,0.328677374,1.7542714299999997
7078,0.0014517011999999998,0.152763819,0.328677374,1.88653272
7079,0.0014526211999999995,0.16080402,0.328677374,2.0565829499999997
7080,0.0014535411999999992,0.16080402,0.32602410800000003,2.22663318
7081,0.0014544611999999998,0.16884422100000002,0.328677374,2.47226129
7082,0.0014553811999999996,0.16884422100000002,0.33133064,2.73678387
7083,0.0014563011999999993,0.16080402,0.328677374,2.9824119799999997
7084,0.001457221199999999,0.16884422100000002,0.328677374,3.1713566799999997
7085,0.0014581411999999997,0.16080402,0.328677374,3.3225124399999997
7086,0.0014590611999999994,0.16884422100000002,0.32602410800000003,3.4736681999999997
7087,0.0014599811999999992,0.16080402,0.328677374,3.49256267
7088,0.0014609011999999998,0.152763819,0.32602410800000003,3.4736681999999997
7089,0.0014618211999999995,0.16080402,0.328677374,3.34140691
7090,0.0014627411999999992,0.16080402,0.32602410800000003,3.19025115
7091,0.0014636611999999998,0.16080402,0.33133064,3.00130645
7092,0.0014645811999999996,0.16884422100000002,0.328677374,2.73678387
7093,0.0014655011999999993,0.16080402,0.328677374,2.45336682
7094,0.001466421199999999,0.16080402,0.32602410800000003,2.2455276499999997
7095,0.0014673411999999997,0.16080402,0.328677374,1.99989954
7096,0.0014682611999999994,0.16080402,0.32602410800000003,1.84874378
7097,0.0014691811999999992,0.16080402,0.328677374,1.7164824899999997
7098,0.0014701011999999998,0.16884422100000002,0.32602410800000003,1.69758802
7099,0.0014710211999999995,0.16080402,0.323370842,1.69758802
7100,0.0014719411999999992,0.16884422100000002,0.328677374,1.7731659
7101,0.0014728611999999999,0.16080402,0.32602410800000003,1.98100507
7102,0.0014737811999999996,0.16884422100000002,0.32602410800000003,2.1510553
7103,0.0014747011999999993,0.16080402,0.328677374,2.37778894
7104,0.001475621199999999,0.16080402,0.323370842,2.60452258
7105,0.0014765411999999997,0.16080402,0.32602410800000003,2.8312562199999998
7106,0.0014774611999999994,0.152763819,0.323370842,3.0579898599999997
7107,0.0014783811999999992,0.16884422100000002,0.328677374,3.2469345599999997
7108,0.0014793011999999998,0.16884422100000002,0.32602410800000003,3.37919585
7109,0.0014802211999999995,0.176884422,0.32602410800000003,3.49256267
7110,0.0014811411999999993,0.16080402,0.32602410800000003,3.49256267
7111,0.0014820611999999999,0.16884422100000002,0.32602410800000003,3.45477373
7112,0.0014829811999999996,0.152763819,0.32602410800000003,3.36030138
7113,0.0014839011999999993,0.16884422100000002,0.328677374,3.19025115
7114,0.001484821199999999,0.16080402,0.328677374,3.00130645
7115,0.0014857411999999997,0.16080402,0.32602410800000003,2.77457281
7116,0.0014866611999999994,0.16884422100000002,0.32602410800000003,2.51005023
7117,0.0014875811999999992,0.176884422,0.328677374,2.2833165899999996
7118,0.0014885011999999998,0.16884422100000002,0.32602410800000003,2.07547742
7119,0.0014894211999999995,0.184924623,0.33133064,1.88653272
7120,0.0014903411999999993,0.16080402,0.328677374,1.7920603699999997
7121,0.0014912611999999999,0.16884422100000002,0.323370842,1.6786935499999998
7122,0.0014921811999999996,0.16884422100000002,0.32602410800000003,1.69758802
7123,0.0014931011999999994,0.176884422,0.32602410800000003,1.7731659
7124,0.001494021199999999,0.16080402,0.32602410800000003,1.88653272
7125,0.0014949411999999997,0.16884422100000002,0.32602410800000003,2.0565829499999997
7126,0.0014958611999999994,0.176884422,0.32602410800000003,2.26442212
7127,0.0014967811999999992,0.16884422100000002,0.32602410800000003,2.56673364
7128,0.0014977011999999998,0.176884422,0.328677374,2.77457281
7129,0.0014986211999999995,0.176884422,0.32602410800000003,3.03909539
7130,0.0014995411999999993,0.16080402,0.32602410800000003,3.22804009
7131,0.0015004611999999999,0.16080402,0.328677374,3.36030138
7132,0.0015013811999999996,0.16080402,0.328677374,3.4736681999999997
7133,0.0015023011999999994,0.176884422,0.328677374,3.49256267
7134,0.001503221199999999,0.16080402,0.33133064,3.45477373
7135,0.0015041411999999997,0.16080402,0.32602410800000003,3.36030138
7136,0.0015050611999999994,0.176884422,0.32602410800000003,3.19025115
7137,0.0015059811999999992,0.176884422,0.32602410800000003,2.9824119799999997
7138,0.0015069011999999998,0.176884422,0.32602410800000003,2.7178894
7139,0.0015078211999999995,0.16080402,0.328677374,2.47226129
7140,0.0015087411999999993,0.16884422100000002,0.328677374,2.22663318
7141,0.0015096611999999999,0.16884422100000002,0.33133064,2.03768848
7142,0.0015105811999999996,0.152763819,0.32602410800000003,1.8676382499999997
7143,0.0015115011999999994,0.16080402,0.328677374,1.7542714299999997
7144,0.001512421199999999,0.16884422100000002,0.328677374,1.69758802
7145,0.0015133411999999997,0.176884422,0.32602410800000003,1.7164824899999997
7146,0.0015142611999999995,0.176884422,0.33133064,1.7731659
7147,0.0015151811999999992,0.176884422,0.32602410800000003,1.88653272
7148,0.0015161011999999998,0.16080402,0.32602410800000003,2.0565829499999997
7149,0.0015170211999999995,0.16884422100000002,0.32602410800000003,2.2455276499999997
7150,0.0015179411999999993,0.16884422100000002,0.328677374,2.49115576
7151,0.0015188611999999999,0.16080402,0.32602410800000003,2.69899493
7152,0.0015197811999999996,0.16884422100000002,0.33133064,2.92572857
7153,0.0015207011999999994,0.16884422100000002,0.32602410800000003,3.11467327
7154,0.0015216211999999991,0.176884422,0.328677374,3.30361797
7155,0.0015225411999999997,0.176884422,0.33133064,3.41698479
7156,0.0015234611999999995,0.16884422100000002,0.32602410800000003,3.4736681999999997
7157,0.0015243811999999992,0.16884422100000002,0.32602410800000003,3.49256267
7158,0.0015253011999999998,0.184924623,0.33133064,3.4736681999999997
7159,0.0015262211999999995,0.16884422100000002,0.328677374,3.3980903199999997
7160,0.0015271411999999993,0.176884422,0.328677374,3.2469345599999997
7161,0.0015280612,0.16080402,0.33133064,3.07688433
7162,0.0015289811999999996,0.16080402,0.328677374,2.85015069
7163,0.0015299011999999994,0.16884422100000002,0.32602410800000003,2.64231152
7164,0.0015308211999999991,0.16884422100000002,0.32602410800000003,2.37778894
7165,0.0015317411999999997,0.16884422100000002,0.328677374,2.18884424
7166,0.0015326611999999995,0.176884422,0.328677374,1.98100507
7167,0.0015335811999999992,0.16884422100000002,0.328677374,1.84874378
7168,0.0015345011999999998,0.16884422100000002,0.32602410800000003,1.73537696
7169,0.0015354211999999996,0.16080402,0.32602410800000003,1.69758802
7170,0.0015363411999999993,0.16884422100000002,0.32602410800000003,1.7164824899999997
7171,0.0015372612,0.16080402,0.328677374,1.7542714299999997
7172,0.0015381811999999996,0.16884422100000002,0.323370842,1.90542719
7173,0.0015391011999999994,0.176884422,0.323370842,2.0943718899999997
7174,0.0015400211999999991,0.16884422100000002,0.328677374,2.2833165899999996
7175,0.0015409411999999997,0.16884422100000002,0.328677374,2.58562811
7176,0.0015418611999999995,0.16080402,0.328677374,2.81236175
7177,0.0015427811999999992,0.16884422100000002,0.33133064,3.0579898599999997
7178,0.0015437011999999998,0.16884422100000002,0.328677374,3.26582903
7179,0.0015446211999999996,0.16080402,0.328677374,3.43587926
7180,0.0015455411999999993,0.16080402,0.323370842,3.45477373
7181,0.0015464612,0.176884422,0.328677374,3.4736681999999997
7182,0.0015473811999999997,0.184924623,0.328677374,3.41698479
7183,0.0015483011999999994,0.16884422100000002,0.32602410800000003,3.30361797
7184,0.0015492211999999991,0.184924623,0.328677374,3.1335677399999997
7185,0.0015501411999999997,0.16884422100000002,0.328677374,2.8690451599999998
7186,0.0015510611999999995,0.176884422,0.32602410800000003,2.64231152
7187,0.0015519811999999992,0.16080402,0.328677374,2.39668341
7188,0.0015529011999999998,0.16884422100000002,0.328677374,2.1699497699999997
7189,0.0015538211999999996,0.16884422100000002,0.32602410800000003,1.98100507
7190,0.0015547411999999993,0.176884422,0.32602410800000003,1.81095484
7191,0.0015556612,0.184924623,0.328677374,1.73537696
7192,0.0015565811999999997,0.176884422,0.33133064,1.6786935499999998
7193,0.0015575011999999994,0.176884422,0.328677374,1.73537696
7194,0.0015584211999999991,0.176884422,0.328677374,1.8298493099999997
7195,0.0015593411999999997,0.16080402,0.32602410800000003,1.94321613
7196,0.0015602611999999995,0.16884422100000002,0.328677374,2.1510553
7197,0.0015611811999999992,0.176884422,0.328677374,2.37778894
7198,0.0015621011999999998,0.16884422100000002,0.328677374,2.58562811
7199,0.0015630211999999996,0.176884422,0.33133064,2.81236175
7200,0.0015639411999999993,0.176884422,0.33133064,2.9824119799999997
7201,0.001564861199999999,0.184924623,0.33133064,3.1713566799999997
7202,0.0015657811999999997,0.176884422,0.328677374,3.34140691
7203,0.0015667011999999994,0.184924623,0.32602410800000003,3.4736681999999997
7204,0.0015676211999999991,0.16080402,0.33133064,3.45477373
7205,0.0015685411999999998,0.16884422100000002,0.33133064,3.49256267
7206,0.0015694611999999995,0.176884422,0.323370842,3.43587926
7207,0.0015703811999999992,0.176884422,0.328677374,3.36030138
7208,0.0015713011999999998,0.176884422,0.33133064,3.22804009
7209,0.0015722211999999996,0.176884422,0.328677374,3.0202009199999997
7210,0.0015731411999999993,0.184924623,0.32602410800000003,2.8690451599999998
7211,0.001574061199999999,0.184924623,0.328677374,2.66120599
7212,0.0015749811999999997,0.176884422,0.328677374,2.39668341
7213,0.0015759011999999994,0.176884422,0.328677374,2.2077387099999997
7214,0.0015768211999999992,0.176884422,0.32602410800000003,2.0187940099999997
7215,0.0015777411999999998,0.176884422,0.32602410800000003,1.84874378
7216,0.0015786611999999995,0.184924623,0.32602410800000003,1.7542714299999997
7217,0.0015795811999999992,0.184924623,0.32602410800000003,1.6786935499999998
7218,0.0015805011999999998,0.176884422,0.32602410800000003,1.6786935499999998
7219,0.0015814211999999996,0.176884422,0.328677374,1.73537696
7220,0.0015823411999999993,0.176884422,0.328677374,1.84874378
7221,0.001583261199999999,0.184924623,0.33133064,2.0187940099999997
7222,0.0015841811999999997,0.184924623,0.32602410800000003,2.2077387099999997
7223,0.0015851011999999994,0.176884422,0.328677374,2.39668341
7224,0.0015860211999999992,0.176884422,0.32602410800000003,2.64231152
7225,0.0015869411999999998,0.176884422,0.328677374,2.88793963
7226,0.0015878611999999995,0.16884422100000002,0.328677374,3.0957787999999997
7227,0.0015887811999999992,0.184924623,0.328677374,3.2847235
7228,0.0015897011999999999,0.176884422,0.32602410800000003,3.3980903199999997
7229,0.0015906211999999996,0.184924623,0.32602410800000003,3.49256267
7230,0.0015915411999999993,0.192964824,0.32602410800000003,3.49256267
7231,0.001592461199999999,0.184924623,0.33133064,3.43587926
7232,0.0015933811999999997,0.176884422,0.328677374,3.2847235
7233,0.0015943011999999994,0.176884422,0.328677374,3.07688433
7234,0.0015952211999999992,0.176884422,0.32602410800000003,2.9068340999999998
7235,0.0015961411999999998,0.16884422100000002,0.328677374,2.62341705
7236,0.0015970611999999995,0.176884422,0.328677374,2.35889447
7237,0.0015979811999999993,0.176884422,0.328677374,2.11326636
7238,0.0015989011999999999,0.176884422,0.328677374,1.94321613
7239,0.0015998211999999996,0.184924623,0.32602410800000003,1.7731659
7240,0.0016007411999999993,0.184924623,0.328677374,1.69758802
7241,0.001601661199999999,0.184924623,0.328677374,1.6786935499999998
7242,0.0016025811999999997,0.176884422,0.33133064,1.7920603699999997
7243,0.0016035011999999994,0.184924623,0.32602410800000003,1.90542719
7244,0.0016044211999999992,0.16884422100000002,0.32602410800000003,2.07547742
7245,0.0016053411999999998,0.176884422,0.32602410800000003,2.30221106
7246,0.0016062611999999995,0.184924623,0.32602410800000003,2.54783917
7247,0.0016071811999999993,0.176884422,0.328677374,2.7934672799999998
7248,0.0016081011999999999,0.176884422,0.328677374,3.00130645
7249,0.0016090211999999996,0.184924623,0.328677374,3.19025115
7250,0.0016099411999999994,0.192964824,0.328677374,3.34140691
7251,0.001610861199999999,0.176884422,0.32602410800000003,3.45477373
7252,0.0016117811999999997,0.16884422100000002,0.32602410800000003,3.49256267
7253,0.0016127011999999994,0.176884422,0.32602410800000003,3.45477373
7254,0.0016136211999999992,0.184924623,0.333983906,3.3980903199999997
7255,0.0016145411999999998,0.176884422,0.328677374,3.2469345599999997
7256,0.0016154611999999995,0.176884422,0.328677374,3.07688433
7257,0.0016163811999999993,0.184924623,0.33133064,2.8690451599999998
7258,0.0016173011999999999,0.184924623,0.328677374,2.68010046
7259,0.0016182211999999996,0.176884422,0.33133064,2.39668341
7260,0.0016191411999999994,0.192964824,0.33133064,2.1699497699999997
7261,0.001620061199999999,0.184924623,0.33133064,1.99989954
7262,0.0016209811999999997,0.176884422,0.33133064,1.8298493099999997
7263,0.0016219011999999994,0.16884422100000002,0.328677374,1.73537696
7264,0.0016228211999999992,0.176884422,0.33133064,1.69758802
7265,0.0016237411999999998,0.192964824,0.33133064,1.7164824899999997
7266,0.0016246611999999995,0.192964824,0.328677374,1.7731659
7267,0.0016255811999999993,0.184924623,0.328677374,1.88653272
7268,0.0016265011999999999,0.184924623,0.328677374,2.07547742
7269,0.0016274211999999996,0.184924623,0.32602410800000003,2.30221106
7270,0.0016283411999999994,0.176884422,0.32602410800000003,2.54783917
7271,0.001629261199999999,0.176884422,0.32602410800000003,2.7934672799999998
7272,0.0016301811999999997,0.176884422,0.328677374,3.0202009199999997
7273,0.0016311011999999995,0.192964824,0.33133064,3.2091456199999997
7274,0.0016320211999999992,0.184924623,0.328677374,3.36030138
7275,0.0016329411999999998,0.16884422100000002,0.328677374,3.4736681999999997
7276,0.0016338611999999995,0.184924623,0.328677374,3.51145714
7277,0.0016347811999999993,0.184924623,0.328677374,3.45477373
7278,0.0016357011999999999,0.192964824,0.33133064,3.34140691
7279,0.0016366211999999996,0.192964824,0.328677374,3.1713566799999997
7280,0.0016375411999999994,0.184924623,0.32602410800000003,2.96351751
7281,0.0016384611999999991,0.184924623,0.32602410800000003,2.73678387
7282,0.0016393811999999997,0.184924623,0.328677374,2.47226129
7283,0.0016403011999999995,0.16884422100000002,0.32602410800000003,2.2455276499999997
7284,0.0016412211999999992,0.192964824,0.328677374,2.0187940099999997
7285,0.0016421411999999998,0.184924623,0.328677374,1.88653272
7286,0.0016430611999999995,0.184924623,0.32602410800000003,1.7542714299999997
7287,0.0016439811999999993,0.184924623,0.32602410800000003,1.6786935499999998
7288,0.0016449012,0.192964824,0.328677374,1.7164824899999997
7289,0.0016458211999999996,0.192964824,0.328677374,1.7920603699999997
7290,0.0016467411999999994,0.184924623,0.32602410800000003,1.92432166
7291,0.0016476611999999991,0.184924623,0.328677374,2.11326636
7292,0.0016485811999999997,0.176884422,0.32602410800000003,2.35889447
7293,0.0016495011999999995,0.176884422,0.328677374,2.60452258
7294,0.0016504211999999992,0.184924623,0.32602410800000003,2.8690451599999998
7295,0.0016513411999999998,0.184924623,0.328677374,3.07688433
7296,0.0016522611999999996,0.192964824,0.328677374,3.26582903
7297,0.0016531811999999993,0.184924623,0.323370842,3.3980903199999997
7298,0.0016541012,0.184924623,0.328677374,3.4736681999999997
7299,0.0016550211999999996,0.192964824,0.32602410800000003,3.51145714
7300,0.0016559411999999994,0.176884422,0.32602410800000003,3.45477373
7301,0.0016568611999999991,0.176884422,0.32602410800000003,3.34140691
7302,0.0016577811999999997,0.184924623,0.32602410800000003,3.1713566799999997
7303,0.0016587011999999995,0.16884422100000002,0.32602410800000003,2.9446230399999997
7304,0.0016596211999999992,0.184924623,0.328677374,2.73678387
7305,0.0016605411999999998,0.192964824,0.32602410800000003,2.45336682
7306,0.0016614611999999996,0.192964824,0.323370842,2.22663318
7307,0.0016623811999999993,0.192964824,0.328677374,2.0187940099999997
7308,0.0016633012,0.192964824,0.328677374,1.84874378
7309,0.0016642211999999997,0.192964824,0.328677374,1.7542714299999997
7310,0.0016651411999999994,0.184924623,0.328677374,1.6786935499999998
7311,0.0016660611999999991,0.184924623,0.32602410800000003,1.73537696
7312,0.0016669811999999997,0.184924623,0.328677374,1.8298493099999997
7313,0.0016679011999999995,0.192964824,0.328677374,1.98100507
7314,0.0016688211999999992,0.184924623,0.33133064,2.2077387099999997
7315,0.0016697411999999998,0.184924623,0.33133064,2.45336682
7316,0.0016706611999999996,0.201005025,0.32602410800000003,2.7178894
7317,0.0016715811999999993,0.184924623,0.33133064,2.92572857
7318,0.0016725012,0.192964824,0.32602410800000003,3.1713566799999997
7319,0.0016734211999999997,0.184924623,0.33133064,3.34140691
7320,0.0016743411999999994,0.192964824,0.328677374,3.45477373
7321,0.0016752611999999991,0.184924623,0.33133064,3.49256267
7322,0.0016761811999999997,0.184924623,0.32602410800000003,3.45477373
7323,0.0016771011999999995,0.184924623,0.328677374,3.37919585
7324,0.0016780211999999992,0.184924623,0.33133064,3.2091456199999997
7325,0.0016789411999999998,0.192964824,0.33133064,2.9824119799999997
7326,0.0016798611999999996,0.192964824,0.33133064,2.75567834
7327,0.0016807811999999993,0.184924623,0.33133064,2.47226129
7328,0.001681701199999999,0.184924623,0.33133064,2.22663318
7329,0.0016826211999999997,0.192964824,0.328677374,2.0187940099999997
7330,0.0016835411999999994,0.192964824,0.328677374,1.8298493099999997
7331,0.0016844611999999991,0.192964824,0.328677374,1.7164824899999997
7332,0.0016853811999999998,0.192964824,0.33133064,1.7164824899999997
7333,0.0016863011999999995,0.184924623,0.32602410800000003,1.7164824899999997
7334,0.0016872211999999992,0.184924623,0.33133064,1.8298493099999997
7335,0.0016881411999999998,0.192964824,0.32602410800000003,2.0187940099999997
7336,0.0016890611999999996,0.184924623,0.328677374,2.2455276499999997
7337,0.0016899811999999993,0.192964824,0.328677374,2.49115576
7338,0.001690901199999999,0.184924623,0.32602410800000003,2.73678387
7339,0.0016918211999999997,0.201005025,0.323370842,2.9824119799999997
7340,0.0016927411999999994,0.192964824,0.32602410800000003,3.1713566799999997
7341,0.0016936611999999992,0.192964824,0.32602410800000003,3.34140691
7342,0.0016945811999999998,0.192964824,0.328677374,3.45477373
7343,0.0016955011999999995,0.192964824,0.32602410800000003,3.49256267
7344,0.0016964211999999992,0.192964824,0.32602410800000003,3.4736681999999997
7345,0.0016973411999999998,0.184924623,0.32602410800000003,3.41698479
7346,0.0016982611999999996,0.184924623,0.32602410800000003,3.2847235
7347,0.0016991811999999993,0.192964824,0.323370842,3.0957787999999997
7348,0.001700101199999999,0.184924623,0.32602410800000003,2.8690451599999998
7349,0.0017010211999999997,0.184924623,0.32602410800000003,2.62341705
7350,0.0017019411999999994,0.192964824,0.32602410800000003,2.37778894
7351,0.0017028611999999992,0.192964824,0.328677374,2.1699497699999997
7352,0.0017037811999999998,0.201005025,0.32602410800000003,1.9621106
7353,0.0017047011999999995,0.192964824,0.33133064,1.84874378
7354,0.0017056211999999992,0.184924623,0.33133064,1.7542714299999997
7355,0.0017065411999999999,0.184924623,0.328677374,1.69758802
7356,0.0017074611999999996,0.192964824,0.328677374,1.7164824899999997
7357,0.0017083811999999993,0.192964824,0.32602410800000003,1.81095484
7358,0.001709301199999999,0.201005025,0.32602410800000003,1.98100507
7359,0.0017102211999999997,0.184924623,0.328677374,2.18884424
7360,0.0017111411999999994,0.176884422,0.32602410800000003,2.41557788
7361,0.0017120611999999992,0.184924623,0.32602410800000003,2.66120599
7362,0.0017129811999999998,0.184924623,0.328677374,2.9068340999999998
7363,0.0017139011999999995,0.201005025,0.33133064,3.15246221
7364,0.0017148211999999993,0.184924623,0.33133064,3.3225124399999997
7365,0.0017157411999999999,0.184924623,0.32602410800000003,3.45477373
7366,0.0017166611999999996,0.192964824,0.32602410800000003,3.4736681999999997
7367,0.0017175811999999993,0.201005025,0.328677374,3.49256267
7368,0.001718501199999999,0.192964824,0.328677374,3.34140691
7369,0.0017194211999999997,0.201005025,0.33133064,3.2091456199999997
7370,0.0017203411999999994,0.184924623,0.32602410800000003,2.9446230399999997
7371,0.0017212611999999992,0.192964824,0.328677374,2.66120599
7372,0.0017221811999999998,0.192964824,0.33133064,2.43447235
7373,0.0017231011999999995,0.192964824,0.328677374,2.18884424
7374,0.0017240211999999993,0.192964824,0.328677374,1.94321613
7375,0.0017249411999999999,0.192964824,0.32602410800000003,1.81095484
7376,0.0017258611999999996,0.192964824,0.32602410800000003,1.7164824899999997
7377,0.0017267811999999993,0.192964824,0.328677374,1.69758802
7378,0.001727701199999999,0.201005025,0.32602410800000003,1.7542714299999997
7379,0.0017286211999999997,0.192964824,0.328677374,1.88653272
7380,0.0017295411999999994,0.192964824,0.328677374,2.0565829499999997
7381,0.0017304611999999992,0.192964824,0.32602410800000003,2.26442212
7382,0.0017313811999999998,0.184924623,0.32602410800000003,2.5289447
7383,0.0017323011999999995,0.192964824,0.32602410800000003,2.81236175
7384,0.0017332211999999993,0.201005025,0.32602410800000003,3.03909539
7385,0.0017341411999999999,0.201005025,0.32602410800000003,3.19025115
7386,0.0017350611999999996,0.184924623,0.33133064,3.37919585
7387,0.0017359811999999994,0.201005025,0.328677374,3.45477373
7388,0.001736901199999999,0.192964824,0.32602410800000003,3.51145714
7389,0.0017378211999999997,0.192964824,0.323370842,3.49256267
7390,0.0017387411999999994,0.192964824,0.32602410800000003,3.36030138
7391,0.0017396611999999992,0.192964824,0.32602410800000003,3.2469345599999997
7392,0.0017405811999999998,0.184924623,0.323370842,3.0579898599999997
7393,0.0017415011999999995,0.192964824,0.328677374,2.8312562199999998
7394,0.0017424211999999993,0.209045226,0.323370842,2.58562811
7395,0.0017433411999999999,0.192964824,0.32602410800000003,2.34
7396,0.0017442611999999996,0.192964824,0.320717576,2.11326636
7397,0.0017451811999999994,0.201005025,0.323370842,1.94321613
7398,0.001746101199999999,0.192964824,0.323370842,1.7731659
7399,0.0017470211999999997,0.192964824,0.328677374,1.7164824899999997
7400,0.0017479411999999995,0.192964824,0.323370842,1.69758802
7401,0.0017488611999999992,0.192964824,0.32602410800000003,1.7164824899999997
7402,0.0017497811999999998,0.184924623,0.32602410800000003,1.81095484
7403,0.0017507011999999995,0.192964824,0.32602410800000003,1.92432166
7404,0.0017516211999999993,0.192964824,0.323370842,2.1510553
7405,0.0017525411999999999,0.192964824,0.32602410800000003,2.37778894
7406,0.0017534611999999996,0.192964824,0.323370842,2.56673364
7407,0.0017543811999999994,0.192964824,0.323370842,2.7934672799999998
7408,0.0017553011999999991,0.201005025,0.32602410800000003,3.0202009199999997
7409,0.0017562211999999997,0.184924623,0.323370842,3.22804009
7410,0.0017571411999999995,0.209045226,0.323370842,3.36030138
7411,0.0017580611999999992,0.184924623,0.323370842,3.49256267
7412,0.0017589811999999998,0.192964824,0.32602410800000003,3.51145714
7413,0.0017599011999999995,0.201005025,0.32602410800000003,3.4736681999999997
7414,0.0017608211999999993,0.192964824,0.32602410800000003,3.37919585
7415,0.0017617412,0.192964824,0.328677374,3.22804009
7416,0.0017626611999999996,0.192964824,0.328677374,3.00130645
7417,0.0017635811999999994,0.201005025,0.328677374,2.77457281
7418,0.0017645011999999991,0.201005025,0.328677374,2.47226129
7419,0.0017654211999999997,0.201005025,0.328677374,2.26442212
7420,0.0017663411999999995,0.201005025,0.328677374,2.07547742
7421,0.0017672611999999992,0.201005025,0.32602410800000003,1.8676382499999997
7422,0.0017681811999999998,0.192964824,0.32602410800000003,1.73537696
7423,0.0017691011999999996,0.209045226,0.32602410800000003,1.69758802
7424,0.0017700211999999993,0.201005025,0.32602410800000003,1.73537696
7425,0.0017709412,0.192964824,0.323370842,1.8298493099999997
7426,0.0017718611999999996,0.209045226,0.328677374,1.99989954
7427,0.0017727811999999994,0.192964824,0.328677374,2.18884424
7428,0.0017737011999999991,0.192964824,0.323370842,2.41557788
7429,0.0017746211999999997,0.209045226,0.323370842,2.7178894
7430,0.0017755411999999995,0.192964824,0.32602410800000003,2.96351751
7431,0.0017764611999999992,0.201005025,0.32602410800000003,3.15246221
7432,0.0017773811999999998,0.201005025,0.323370842,3.34140691
7433,0.0017783011999999996,0.201005025,0.32602410800000003,3.45477373
7434,0.0017792211999999993,0.201005025,0.32602410800000003,3.4736681999999997
7435,0.0017801412,0.201005025,0.323370842,3.51145714
7436,0.0017810611999999997,0.209045226,0.323370842,3.3980903199999997
7437,0.0017819811999999994,0.192964824,0.32602410800000003,3.2847235
7438,0.0017829011999999991,0.201005025,0.323370842,3.0957787999999997
7439,0.0017838211999999997,0.192964824,0.323370842,2.92572857
7440,0.0017847411999999995,0.192964824,0.323370842,2.66120599
7441,0.0017856611999999992,0.209045226,0.320717576,2.45336682
7442,0.0017865811999999998,0.201005025,0.31806431,2.2077387099999997
7443,0.0017875011999999996,0.192964824,0.323370842,1.98100507
7444,0.0017884211999999993,0.192964824,0.320717576,1.84874378
7445,0.0017893412,0.192964824,0.323370842,1.7731659
7446,0.0017902611999999997,0.192964824,0.31806431,1.69758802
7447,0.0017911811999999994,0.201005025,0.320717576,1.7164824899999997
7448,0.0017921011999999991,0.192964824,0.32602410800000003,1.7731659
7449,0.0017930211999999997,0.201005025,0.320717576,1.90542719
7450,0.0017939411999999995,0.192964824,0.323370842,2.11326636
7451,0.0017948611999999992,0.201005025,0.323370842,2.3211055299999996
7452,0.0017957811999999998,0.201005025,0.323370842,2.58562811
7453,0.0017967011999999996,0.209045226,0.31806431,2.8312562199999998
7454,0.0017976211999999993,0.201005025,0.320717576,3.03909539
7455,0.001798541199999999,0.201005025,0.320717576,3.2469345599999997
7456,0.0017994611999999997,0.201005025,0.323370842,3.37919585
7457,0.0018003811999999994,0.201005025,0.320717576,3.45477373
7458,0.0018013011999999991,0.217085427,0.320717576,3.49256267
7459,0.0018022211999999998,0.192964824,0.323370842,3.49256267
7460,0.0018031411999999995,0.209045226,0.323370842,3.34140691
7461,0.0018040611999999992,0.201005025,0.323370842,3.2091456199999997
7462,0.0018049811999999998,0.192964824,0.323370842,3.00130645
7463,0.0018059011999999996,0.201005025,0.323370842,2.77457281
7464,0.0018068211999999993,0.217085427,0.320717576,2.5289447
7465,0.001807741199999999,0.192964824,0.320717576,2.2833165899999996
7466,0.0018086611999999997,0.201005025,0.32602410800000003,2.0943718899999997
7467,0.0018095811999999994,0.201005025,0.32602410800000003,1.90542719
7468,0.0018105011999999992,0.201005025,0.32602410800000003,1.7731659
7469,0.0018114211999999998,0.201005025,0.323370842,1.6786935499999998
7470,0.0018123411999999995,0.201005025,0.320717576,1.69758802
7471,0.0018132611999999992,0.209045226,0.323370842,1.7920603699999997
7472,0.0018141811999999998,0.201005025,0.323370842,1.88653272
7473,0.0018151011999999996,0.201005025,0.32602410800000003,2.03768848
7474,0.0018160211999999993,0.209045226,0.323370842,2.26442212
7475,0.001816941199999999,0.209045226,0.323370842,2.47226129
7476,0.0018178611999999997,0.201005025,0.323370842,2.69899493
7477,0.0018187811999999994,0.201005025,0.32602410800000003,2.96351751
7478,0.0018197011999999992,0.209045226,0.320717576,3.2091456199999997
7479,0.0018206211999999998,0.201005025,0.31806431,3.36030138
7480,0.0018215411999999995,0.209045226,0.320717576,3.43587926
7481,0.0018224611999999992,0.192964824,0.320717576,3.49256267
7482,0.0018233811999999999,0.209045226,0.320717576,3.49256267
7483,0.0018243011999999996,0.209045226,0.320717576,3.41698479
7484,0.0018252211999999993,0.217085427,0.320717576,3.26582903
7485,0.001826141199999999,0.217085427,0.31806431,3.0579898599999997
7486,0.0018270611999999997,0.201005025,0.323370842,2.85015069
7487,0.0018279811999999994,0.201005025,0.320717576,2.58562811
7488,0.0018289011999999992,0.201005025,0.31806431,2.34
7489,0.0018298211999999998,0.201005025,0.31806431,2.1321608299999997
7490,0.0018307411999999995,0.201005025,0.31806431,1.90542719
7491,0.0018316611999999993,0.217085427,0.31806431,1.7731659
7492,0.0018325811999999999,0.209045226,0.31541104400000003,1.69758802
7493,0.0018335011999999996,0.201005025,0.31806431,1.69758802
7494,0.0018344211999999993,0.217085427,0.31541104400000003,1.7731659
7495,0.001835341199999999,0.201005025,0.31541104400000003,1.92432166
7496,0.0018362611999999997,0.201005025,0.31541104400000003,2.0943718899999997
7497,0.0018371811999999994,0.209045226,0.31541104400000003,2.34
7498,0.0018381011999999992,0.201005025,0.31275777800000004,2.62341705
7499,0.0018390211999999998,0.209045226,0.31275777800000004,2.9068340999999998
7500,0.0018399411999999995,0.201005025,0.31275777800000004,3.0957787999999997
7501,0.0018408611999999993,0.209045226,0.31275777800000004,3.2847235
7502,0.0018417811999999999,0.209045226,0.31541104400000003,3.45477373
7503,0.0018427011999999996,0.209045226,0.31541104400000003,3.49256267
7504,0.0018436211999999993,0.217085427,0.31541104400000003,3.51145714
7505,0.001844541199999999,0.209045226,0.31275777800000004,3.3980903199999997
7506,0.0018454611999999997,0.201005025,0.310104512,3.22804009
7507,0.0018463811999999994,0.209045226,0.31275777800000004,3.00130645
7508,0.0018473011999999992,0.201005025,0.31541104400000003,2.81236175
7509,0.0018482211999999998,0.201005025,0.31275777800000004,2.5289447
7510,0.0018491411999999995,0.201005025,0.31541104400000003,2.2833165899999996
7511,0.0018500611999999993,0.201005025,0.31541104400000003,2.03768848
7512,0.0018509811999999999,0.209045226,0.31806431,1.8676382499999997
7513,0.0018519011999999996,0.22512562800000002,0.31541104400000003,1.73537696
7514,0.0018528211999999994,0.217085427,0.31541104400000003,1.69758802
7515,0.001853741199999999,0.209045226,0.31275777800000004,1.73537696
7516,0.0018546611999999997,0.201005025,0.31541104400000003,1.8298493099999997
7517,0.0018555811999999994,0.201005025,0.31541104400000003,2.0187940099999997
7518,0.0018565011999999992,0.209045226,0.31541104400000003,2.18884424
7519,0.0018574211999999998,0.192964824,0.31541104400000003,2.43447235
7520,0.0018583411999999995,0.217085427,0.31541104400000003,2.68010046
7521,0.0018592611999999993,0.209045226,0.31806431,2.92572857
7522,0.0018601811999999999,0.201005025,0.31541104400000003,3.15246221
7523,0.0018611011999999996,0.209045226,0.31275777800000004,3.30361797
7524,0.0018620211999999994,0.201005025,0.31275777800000004,3.43587926
7525,0.001862941199999999,0.209045226,0.31275777800000004,3.49256267
7526,0.0018638611999999997,0.209045226,0.31541104400000003,3.49256267
7527,0.0018647811999999995,0.201005025,0.31275777800000004,3.45477373
7528,0.0018657011999999992,0.201005025,0.31541104400000003,3.34140691
7529,0.0018666211999999998,0.201005025,0.307451246,3.19025115
7530,0.0018675411999999995,0.209045226,0.31275777800000004,2.96351751
7531,0.0018684611999999993,0.22512562800000002,0.31275777800000004,2.75567834
7532,0.0018693811999999999,0.209045226,0.310104512,2.51005023
7533,0.0018703011999999996,0.201005025,0.310104512,2.30221106
7534,0.0018712211999999994,0.209045226,0.307451246,2.0565829499999997
7535,0.0018721411999999991,0.201005025,0.31275777800000004,1.8676382499999997
7536,0.0018730611999999997,0.201005025,0.307451246,1.7731659
7537,0.0018739811999999995,0.209045226,0.307451246,1.7164824899999997
7538,0.0018749011999999992,0.209045226,0.30479798,1.7164824899999997
7539,0.0018758211999999998,0.217085427,0.307451246,1.7920603699999997
7540,0.0018767411999999995,0.209045226,0.299491448,1.94321613
7541,0.0018776611999999993,0.209045226,0.307451246,2.11326636
7542,0.0018785812,0.217085427,0.307451246,2.39668341
7543,0.0018795011999999996,0.209045226,0.30479798,2.64231152
7544,0.0018804211999999994,0.217085427,0.302144714,2.9068340999999998
7545,0.0018813411999999991,0.201005025,0.302144714,3.15246221
7546,0.0018822611999999997,0.201005025,0.302144714,3.34140691
7547,0.0018831811999999995,0.201005025,0.302144714,3.4736681999999997
7548,0.0018841011999999992,0.209045226,0.302144714,3.49256267
7549,0.0018850211999999998,0.209045226,0.302144714,3.45477373
7550,0.0018859411999999996,0.209045226,0.30479798,3.37919585
7551,0.0018868611999999993,0.217085427,0.299491448,3.15246221
7552,0.0018877812,0.209045226,0.299491448,2.8690451599999998
7553,0.0018887011999999996,0.217085427,0.299491448,2.60452258
7554,0.0018896211999999994,0.217085427,0.299491448,2.3211055299999996
7555,0.0018905411999999991,0.209045226,0.296838182,2.0565829499999997
7556,0.0018914611999999997,0.209045226,0.299491448,1.8676382499999997
7557,0.0018923811999999995,0.209045226,0.299491448,1.73537696
7558,0.0018933011999999992,0.201005025,0.299491448,1.69758802
7559,0.0018942211999999998,0.217085427,0.299491448,1.73537696
7560,0.0018951411999999996,0.217085427,0.302144714,1.90542719
7561,0.0018960611999999993,0.201005025,0.302144714,2.0565829499999997
7562,0.0018969812,0.217085427,0.299491448,2.30221106
7563,0.0018979011999999996,0.209045226,0.299491448,2.60452258
7564,0.0018988211999999994,0.209045226,0.299491448,2.9068340999999998
7565,0.0018997411999999991,0.201005025,0.299491448,3.1713566799999997
7566,0.0019006611999999997,0.209045226,0.299491448,3.36030138
7567,0.0019015811999999995,0.209045226,0.302144714,3.45477373
7568,0.0019025011999999992,0.22512562800000002,0.299491448,3.49256267
7569,0.0019034211999999998,0.217085427,0.296838182,3.4736681999999997
7570,0.0019043411999999996,0.22512562800000002,0.296838182,3.3980903199999997
7571,0.0019052611999999993,0.22512562800000002,0.299491448,3.2469345599999997
7572,0.001906181199999999,0.217085427,0.299491448,3.03909539
7573,0.0019071011999999997,0.217085427,0.294184916,2.81236175
7574,0.0019080211999999994,0.209045226,0.299491448,2.58562811
7575,0.0019089411999999991,0.217085427,0.296838182,2.3211055299999996
7576,0.0019098611999999997,0.217085427,0.29153165000000003,2.11326636
7577,0.0019107811999999995,0.23316582900000002,0.294184916,1.90542719
7578,0.0019117011999999992,0.22512562800000002,0.294184916,1.7920603699999997
7579,0.0019126211999999998,0.22512562800000002,0.294184916,1.69758802
7580,0.0019135411999999996,0.217085427,0.29153165000000003,1.7164824899999997
7581,0.0019144611999999993,0.217085427,0.29153165000000003,1.73537696
7582,0.001915381199999999,0.217085427,0.288878384,1.81095484
7583,0.0019163011999999997,0.201005025,0.286225118,1.94321613
7584,0.0019172211999999994,0.201005025,0.286225118,2.1510553
7585,0.0019181411999999991,0.217085427,0.286225118,2.39668341
7586,0.0019190611999999998,0.209045226,0.283571852,2.58562811
7587,0.0019199811999999995,0.22512562800000002,0.283571852,2.8312562199999998
7588,0.0019209011999999992,0.209045226,0.283571852,3.07688433
7589,0.0019218211999999998,0.217085427,0.280918586,3.26582903
7590,0.0019227411999999996,0.22512562800000002,0.283571852,3.41698479
7591,0.0019236611999999993,0.209045226,0.280918586,3.49256267
7592,0.001924581199999999,0.22512562800000002,0.27826532000000004,3.49256267
7593,0.0019255011999999997,0.22512562800000002,0.27826532000000004,3.4736681999999997
7594,0.0019264211999999994,0.22512562800000002,0.27826532000000004,3.34140691
7595,0.0019273411999999992,0.217085427,0.275612054,3.15246221
7596,0.0019282611999999998,0.209045226,0.275612054,2.92572857
7597,0.0019291811999999995,0.22512562800000002,0.272958788,2.68010046
7598,0.0019301011999999992,0.209045226,0.275612054,2.41557788
7599,0.0019310211999999998,0.217085427,0.272958788,2.1510553
7600,0.0019319411999999996,0.217085427,0.272958788,1.9621106
7601,0.0019328611999999993,0.217085427,0.275612054,1.7731659
7602,0.001933781199999999,0.209045226,0.272958788,1.69758802
7603,0.0019347011999999997,0.209045226,0.272958788,1.7542714299999997
7604,0.0019356211999999994,0.22512562800000002,0.26765225600000003,1.84874378
7605,0.0019365411999999992,0.217085427,0.270305522,2.03768848
7606,0.0019374611999999998,0.209045226,0.26765225600000003,2.2833165899999996
7607,0.0019383811999999995,0.209045226,0.26765225600000003,2.56673364
7608,0.0019393011999999992,0.209045226,0.26765225600000003,2.8690451599999998
7609,0.0019402211999999999,0.209045226,0.26765225600000003,3.0957787999999997
7610,0.0019411411999999996,0.209045226,0.26765225600000003,3.30361797
7611,0.0019420611999999993,0.209045226,0.262345724,3.43587926
7612,0.001942981199999999,0.209045226,0.26499899,3.49256267
7613,0.0019439011999999997,0.209045226,0.26499899,3.49256267
7614,0.0019448211999999994,0.217085427,0.26499899,3.3980903199999997
7615,0.0019457411999999992,0.209045226,0.262345724,3.22804009
7616,0.0019466611999999998,0.217085427,0.259692458,3.03909539
7617,0.0019475811999999995,0.209045226,0.259692458,2.77457281
7618,0.0019485011999999993,0.217085427,0.262345724,2.5289447
7619,0.0019494211999999999,0.217085427,0.257039192,2.26442212
7620,0.0019503411999999996,0.22512562800000002,0.259692458,2.0187940099999997
7621,0.0019512611999999993,0.22512562800000002,0.257039192,1.84874378
7622,0.001952181199999999,0.217085427,0.257039192,1.7542714299999997
7623,0.0019531011999999997,0.217085427,0.257039192,1.69758802
7624,0.0019540211999999994,0.217085427,0.254385926,1.69758802
7625,0.001954941199999999,0.22512562800000002,0.249079394,1.81095484
7626,0.0019558611999999998,0.22512562800000002,0.25173266,1.90542719
7627,0.0019567811999999995,0.22512562800000002,0.249079394,2.0943718899999997
7628,0.0019577011999999993,0.22512562800000002,0.24642612800000002,2.3211055299999996
7629,0.0019586212,0.217085427,0.249079394,2.54783917
7630,0.0019595411999999996,0.217085427,0.24111959600000002,2.7934672799999998
7631,0.0019604611999999993,0.217085427,0.24111959600000002,3.03909539
7632,0.001961381199999999,0.217085427,0.24111959600000002,3.22804009
7633,0.0019623011999999997,0.217085427,0.23581306400000002,3.36030138
7634,0.0019632211999999994,0.23316582900000002,0.23846633,3.43587926
7635,0.001964141199999999,0.22512562800000002,0.23581306400000002,3.5492460799999996
7636,0.0019650612,0.22512562800000002,0.23846633,3.49256267
7637,0.0019659811999999995,0.209045226,0.233159798,3.45477373
7638,0.0019669011999999993,0.23316582900000002,0.23581306400000002,3.3225124399999997
7639,0.0019678212,0.209045226,0.23050653200000001,3.1713566799999997
7640,0.0019687411999999996,0.22512562800000002,0.23050653200000001,2.92572857
7641,0.0019696611999999994,0.209045226,0.227853266,2.75567834
7642,0.001970581199999999,0.209045226,0.227853266,2.47226129
7643,0.0019715011999999997,0.209045226,0.2252,2.2833165899999996
7644,0.0019724211999999994,0.217085427,0.22254673400000002,2.0565829499999997
7645,0.001973341199999999,0.22512562800000002,0.22254673400000002,1.8676382499999997
7646,0.0019742612,0.217085427,0.22254673400000002,1.7920603699999997
7647,0.0019751811999999995,0.217085427,0.219893468,1.7164824899999997
7648,0.0019761011999999993,0.217085427,0.21724020200000002,1.69758802
7649,0.0019770212,0.217085427,0.21724020200000002,1.7731659
7650,0.0019779411999999996,0.217085427,0.214586936,1.94321613
7651,0.0019788611999999994,0.22512562800000002,0.21193367000000002,2.1510553
7652,0.001979781199999999,0.22512562800000002,0.21193367000000002,2.37778894
7653,0.0019807011999999997,0.22512562800000002,0.209280404,2.66120599
7654,0.0019816211999999995,0.217085427,0.209280404,2.9068340999999998
7655,0.001982541199999999,0.209045226,0.21193367000000002,3.1713566799999997
7656,0.0019834612,0.22512562800000002,0.21193367000000002,3.3225124399999997
7657,0.0019843811999999995,0.217085427,0.20662713800000002,3.4736681999999997
7658,0.0019853011999999993,0.23316582900000002,0.203973872,3.51145714
7659,0.0019862212,0.22512562800000002,0.203973872,3.49256267
7660,0.0019871411999999996,0.217085427,0.19866734000000003,3.3980903199999997
7661,0.0019880611999999994,0.22512562800000002,0.203973872,3.2469345599999997
7662,0.001988981199999999,0.22512562800000002,0.196014074,3.0202009199999997
7663,0.0019899011999999997,0.22512562800000002,0.19866734000000003,2.7934672799999998
7664,0.0019908211999999995,0.217085427,0.196014074,2.5289447
7665,0.001991741199999999,0.217085427,0.193360808,2.2833165899999996
7666,0.0019926612,0.217085427,0.196014074,2.0943718899999997
7667,0.0019935811999999995,0.217085427,0.190707542,1.88653272
7668,0.0019945011999999993,0.22512562800000002,0.190707542,1.7542714299999997
7669,0.0019954212,0.209045226,0.190707542,1.69758802
7670,0.0019963411999999996,0.23316582900000002,0.18805427600000002,1.7164824899999997
7671,0.0019972611999999994,0.217085427,0.18540101,1.7542714299999997
7672,0.001998181199999999,0.23316582900000002,0.18540101,1.90542719
7673,0.0019991011999999997,0.23316582900000002,0.180094478,2.0565829499999997
7674,0.0020000211999999995,0.217085427,0.180094478,2.26442212
7675,0.002000941199999999,0.22512562800000002,0.18274774400000002,2.47226129
7676,0.0020018612,0.22512562800000002,0.180094478,2.7178894
7677,0.0020027811999999996,0.22512562800000002,0.17744121200000001,3.00130645
7678,0.0020037011999999993,0.22512562800000002,0.17744121200000001,3.22804009
7679,0.0020046212,0.23316582900000002,0.17478794600000003,3.37919585
7680,0.0020055411999999996,0.22512562800000002,0.17213468,3.4736681999999997
7681,0.0020064611999999994,0.23316582900000002,0.169481414,3.49256267
7682,0.002007381199999999,0.217085427,0.166828148,3.49256267
7683,0.0020083011999999997,0.217085427,0.166828148,3.3980903199999997
7684,0.0020092211999999995,0.217085427,0.16417488200000002,3.2847235
7685,0.002010141199999999,0.217085427,0.161521616,3.11467327
7686,0.0020110612,0.22512562800000002,0.161521616,2.88793963
7687,0.0020119811999999996,0.22512562800000002,0.15886835,2.66120599
7688,0.0020129011999999993,0.22512562800000002,0.161521616,2.39668341
7689,0.0020138212,0.23316582900000002,0.15886835,2.1699497699999997
7690,0.0020147411999999996,0.22512562800000002,0.15886835,1.98100507
7691,0.0020156611999999994,0.23316582900000002,0.15886835,1.8298493099999997
7692,0.002016581199999999,0.23316582900000002,0.15090855200000003,1.73537696
7693,0.0020175011999999997,0.217085427,0.156215084,1.6786935499999998
7694,0.0020184211999999995,0.22512562800000002,0.15090855200000003,1.7542714299999997
7695,0.0020193411999999992,0.23316582900000002,0.15090855200000003,1.84874378
7696,0.0020202612,0.217085427,0.14825528600000001,1.99989954
7697,0.0020211811999999996,0.22512562800000002,0.14560202,2.18884424
7698,0.0020221011999999993,0.23316582900000002,0.142948754,2.39668341
7699,0.002023021199999999,0.23316582900000002,0.14560202,2.66120599
7700,0.0020239411999999997,0.217085427,0.14029548800000002,2.9068340999999998
7701,0.0020248611999999994,0.23316582900000002,0.14029548800000002,3.1335677399999997
7702,0.002025781199999999,0.22512562800000002,0.142948754,3.2847235
7703,0.0020267011999999997,0.217085427,0.142948754,3.43587926
7704,0.0020276211999999995,0.217085427,0.142948754,3.51145714
7705,0.0020285411999999992,0.217085427,0.134988956,3.51145714
7706,0.0020294612,0.217085427,0.14029548800000002,3.43587926
7707,0.0020303811999999996,0.23316582900000002,0.14029548800000002,3.36030138
7708,0.0020313011999999993,0.22512562800000002,0.134988956,3.2091456199999997
7709,0.002032221199999999,0.22512562800000002,0.134988956,3.00130645
7710,0.0020331411999999997,0.23316582900000002,0.137642222,2.73678387
7711,0.0020340611999999994,0.23316582900000002,0.142948754,2.5289447
7712,0.002034981199999999,0.22512562800000002,0.14029548800000002,2.2833165899999996
7713,0.0020359011999999998,0.23316582900000002,0.137642222,2.0565829499999997
7714,0.0020368211999999995,0.217085427,0.137642222,1.90542719
7715,0.0020377411999999992,0.217085427,0.134988956,1.7542714299999997
7716,0.0020386612,0.217085427,0.134988956,1.7164824899999997
7717,0.0020395811999999996,0.22512562800000002,0.13233569,1.69758802
7718,0.0020405011999999993,0.23316582900000002,0.137642222,1.7731659
7719,0.002041421199999999,0.22512562800000002,0.137642222,1.8676382499999997
7720,0.0020423411999999997,0.22512562800000002,0.14029548800000002,2.0187940099999997
7721,0.0020432611999999994,0.22512562800000002,0.134988956,2.2455276499999997
7722,0.002044181199999999,0.217085427,0.137642222,2.43447235
7723,0.0020451011999999998,0.22512562800000002,0.137642222,2.69899493
7724,0.0020460211999999995,0.23316582900000002,0.134988956,2.9068340999999998
7725,0.0020469411999999992,0.23316582900000002,0.134988956,3.1713566799999997
7726,0.0020478612,0.23316582900000002,0.134988956,3.34140691
7727,0.0020487811999999996,0.23316582900000002,0.13233569,3.41698479
7728,0.0020497011999999993,0.24120603000000002,0.13233569,3.49256267
7729,0.002050621199999999,0.22512562800000002,0.137642222,3.51145714
7730,0.0020515411999999997,0.22512562800000002,0.137642222,3.43587926
7731,0.0020524611999999994,0.22512562800000002,0.134988956,3.3225124399999997
7732,0.002053381199999999,0.22512562800000002,0.137642222,3.11467327
7733,0.0020543011999999998,0.217085427,0.137642222,2.9068340999999998
7734,0.0020552211999999995,0.23316582900000002,0.134988956,2.68010046
7735,0.0020561411999999992,0.217085427,0.137642222,2.43447235
7736,0.0020570612,0.24120603000000002,0.134988956,2.1699497699999997
7737,0.0020579811999999996,0.24120603000000002,0.137642222,1.94321613
7738,0.0020589011999999993,0.22512562800000002,0.137642222,1.8298493099999997
7739,0.002059821199999999,0.22512562800000002,0.134988956,1.69758802
7740,0.0020607411999999997,0.22512562800000002,0.134988956,1.69758802
7741,0.0020616611999999994,0.23316582900000002,0.14029548800000002,1.7920603699999997
7742,0.002062581199999999,0.217085427,0.14029548800000002,1.9621106
7743,0.0020635011999999998,0.23316582900000002,0.137642222,2.1510553
7744,0.0020644211999999995,0.24120603000000002,0.14029548800000002,2.37778894
7745,0.0020653411999999993,0.22512562800000002,0.137642222,2.66120599
7746,0.0020662612,0.23316582900000002,0.14029548800000002,2.9068340999999998
7747,0.0020671811999999996,0.22512562800000002,0.142948754,3.1713566799999997
7748,0.0020681011999999993,0.23316582900000002,0.14560202,3.34140691
7749,0.002069021199999999,0.23316582900000002,0.14825528600000001,3.4736681999999997
7750,0.0020699411999999997,0.22512562800000002,0.14560202,3.53035161
7751,0.0020708611999999994,0.22512562800000002,0.14825528600000001,3.51145714
7752,0.002071781199999999,0.23316582900000002,0.14825528600000001,3.3980903199999997
7753,0.0020727011999999998,0.24120603000000002,0.15090855200000003,3.2091456199999997
7754,0.0020736211999999995,0.23316582900000002,0.15090855200000003,3.0579898599999997
7755,0.0020745411999999993,0.23316582900000002,0.15090855200000003,2.81236175
7756,0.0020754612,0.23316582900000002,0.15356181800000002,2.54783917
7757,0.0020763811999999996,0.22512562800000002,0.15886835,2.30221106
7758,0.0020773011999999993,0.23316582900000002,0.15886835,2.1321608299999997
7759,0.002078221199999999,0.22512562800000002,0.15886835,1.94321613
7760,0.0020791411999999997,0.23316582900000002,0.161521616,1.7920603699999997
7761,0.0020800611999999994,0.24120603000000002,0.161521616,1.73537696
7762,0.002080981199999999,0.23316582900000002,0.16417488200000002,1.7164824899999997
7763,0.0020819012,0.23316582900000002,0.161521616,1.7164824899999997
7764,0.0020828211999999995,0.23316582900000002,0.16417488200000002,1.81095484
7765,0.0020837411999999993,0.22512562800000002,0.169481414,1.94321613
7766,0.0020846612,0.23316582900000002,0.17213468,2.11326636
7767,0.0020855811999999996,0.22512562800000002,0.169481414,2.3211055299999996
7768,0.0020865011999999994,0.23316582900000002,0.17213468,2.54783917
7769,0.002087421199999999,0.23316582900000002,0.17478794600000003,2.7934672799999998
7770,0.0020883411999999997,0.23316582900000002,0.17478794600000003,3.03909539
7771,0.0020892611999999994,0.23316582900000002,0.17744121200000001,3.2091456199999997
7772,0.002090181199999999,0.23316582900000002,0.180094478,3.36030138
7773,0.0020911012,0.23316582900000002,0.17744121200000001,3.4736681999999997
7774,0.0020920211999999995,0.22512562800000002,0.180094478,3.53035161
7775,0.0020929411999999993,0.23316582900000002,0.18540101,3.53035161
7776,0.0020938612,0.23316582900000002,0.18274774400000002,3.43587926
7777,0.0020947811999999996,0.23316582900000002,0.18274774400000002,3.2847235
7778,0.0020957011999999994,0.23316582900000002,0.18805427600000002,3.07688433
7779,0.002096621199999999,0.23316582900000002,0.18805427600000002,2.81236175
7780,0.0020975411999999997,0.24120603000000002,0.190707542,2.60452258
7781,0.0020984611999999995,0.249246231,0.190707542,2.3211055299999996
7782,0.002099381199999999,0.22512562800000002,0.190707542,2.07547742
7783,0.0021003012,0.24120603000000002,0.196014074,1.88653272
7784,0.0021012211999999995,0.23316582900000002,0.196014074,1.7542714299999997
7785,0.0021021411999999993,0.24120603000000002,0.19866734000000003,1.7164824899999997
7786,0.0021030612,0.23316582900000002,0.193360808,1.7164824899999997
7787,0.0021039811999999996,0.22512562800000002,0.19866734000000003,1.7920603699999997
7788,0.0021049011999999994,0.24120603000000002,0.201320606,1.92432166
7789,0.002105821199999999,0.23316582900000002,0.201320606,2.18884424
7790,0.0021067411999999997,0.23316582900000002,0.203973872,2.41557788
7791,0.0021076611999999995,0.23316582900000002,0.203973872,2.7178894
7792,0.002108581199999999,0.24120603000000002,0.20662713800000002,3.0202009199999997
7793,0.0021095012,0.22512562800000002,0.20662713800000002,3.2091456199999997
7794,0.0021104211999999995,0.249246231,0.20662713800000002,3.37919585
7795,0.0021113411999999993,0.22512562800000002,0.209280404,3.4736681999999997
7796,0.0021122612,0.23316582900000002,0.214586936,3.51145714
7797,0.0021131811999999996,0.23316582900000002,0.21193367000000002,3.4736681999999997
7798,0.0021141011999999994,0.24120603000000002,0.214586936,3.34140691
7799,0.002115021199999999,0.23316582900000002,0.214586936,3.1335677399999997
7800,0.0021159411999999997,0.23316582900000002,0.21724020200000002,2.85015069
7801,0.0021168611999999995,0.23316582900000002,0.21724020200000002,2.58562811
7802,0.002117781199999999,0.24120603000000002,0.21724020200000002,2.3211055299999996
7803,0.0021187012,0.23316582900000002,0.219893468,2.0565829499999997
7804,0.0021196211999999996,0.23316582900000002,0.22254673400000002,1.8676382499999997
7805,0.0021205411999999993,0.23316582900000002,0.2252,1.7542714299999997
7806,0.0021214612,0.23316582900000002,0.2252,1.69758802
7807,0.0021223811999999996,0.23316582900000002,0.227853266,1.73537696
7808,0.0021233011999999994,0.24120603000000002,0.23050653200000001,1.81095484
7809,0.002124221199999999,0.24120603000000002,0.227853266,1.94321613
7810,0.0021251411999999997,0.24120603000000002,0.23050653200000001,2.1510553
7811,0.0021260611999999995,0.23316582900000002,0.233159798,2.37778894
7812,0.002126981199999999,0.23316582900000002,0.23581306400000002,2.60452258
7813,0.0021279012,0.22512562800000002,0.23846633,2.8312562199999998
7814,0.0021288211999999996,0.22512562800000002,0.23846633,3.03909539
7815,0.0021297411999999993,0.23316582900000002,0.23846633,3.2469345599999997
7816,0.0021306612,0.217085427,0.243772862,3.41698479
7817,0.0021315811999999996,0.24120603000000002,0.243772862,3.4736681999999997
7818,0.0021325011999999994,0.24120603000000002,0.24642612800000002,3.53035161
7819,0.002133421199999999,0.24120603000000002,0.24642612800000002,3.4736681999999997
7820,0.0021343411999999997,0.24120603000000002,0.24642612800000002,3.41698479
7821,0.0021352611999999995,0.24120603000000002,0.243772862,3.2847235
7822,0.0021361811999999992,0.23316582900000002,0.24642612800000002,3.1335677399999997
7823,0.0021371012,0.24120603000000002,0.24642612800000002,2.9446230399999997
7824,0.0021380211999999996,0.24120603000000002,0.249079394,2.68010046
7825,0.0021389411999999993,0.24120603000000002,0.25173266,2.47226129
7826,0.002139861199999999,0.23316582900000002,0.249079394,2.2455276499999997
7827,0.0021407811999999997,0.23316582900000002,0.254385926,2.03768848
7828,0.0021417011999999994,0.24120603000000002,0.25173266,1.88653272
7829,0.002142621199999999,0.23316582900000002,0.254385926,1.7542714299999997
7830,0.0021435411999999997,0.23316582900000002,0.25173266,1.69758802
7831,0.0021444611999999995,0.24120603000000002,0.254385926,1.7164824899999997
7832,0.0021453811999999992,0.23316582900000002,0.25173266,1.81095484
7833,0.0021463012,0.23316582900000002,0.254385926,1.94321613
7834,0.0021472211999999996,0.23316582900000002,0.259692458,2.1321608299999997
7835,0.0021481411999999993,0.24120603000000002,0.257039192,2.39668341
7836,0.002149061199999999,0.23316582900000002,0.259692458,2.62341705
7837,0.0021499811999999997,0.24120603000000002,0.257039192,2.8690451599999998
7838,0.0021509011999999994,0.24120603000000002,0.259692458,3.1335677399999997
7839,0.002151821199999999,0.24120603000000002,0.259692458,3.34140691
7840,0.0021527411999999998,0.24120603000000002,0.259692458,3.4736681999999997
7841,0.0021536611999999995,0.24120603000000002,0.257039192,3.53035161
7842,0.0021545811999999992,0.24120603000000002,0.262345724,3.49256267
7843,0.0021555012,0.24120603000000002,0.262345724,3.41698479
7844,0.0021564211999999996,0.23316582900000002,0.262345724,3.22804009
7845,0.0021573411999999993,0.249246231,0.262345724,3.00130645
7846,0.002158261199999999,0.24120603000000002,0.26499899,2.73678387
7847,0.0021591811999999997,0.24120603000000002,0.262345724,2.47226129
7848,0.0021601011999999994,0.24120603000000002,0.26499899,2.26442212
7849,0.002161021199999999,0.24120603000000002,0.262345724,2.03768848
7850,0.0021619411999999998,0.24120603000000002,0.26499899,1.84874378
7851,0.0021628611999999995,0.23316582900000002,0.26765225600000003,1.73537696
7852,0.0021637811999999992,0.23316582900000002,0.270305522,1.69758802
7853,0.0021647012,0.24120603000000002,0.26765225600000003,1.69758802
7854,0.0021656211999999996,0.24120603000000002,0.26499899,1.81095484
7855,0.0021665411999999993,0.24120603000000002,0.26765225600000003,1.9621106
7856,0.002167461199999999,0.249246231,0.270305522,2.18884424
7857,0.0021683811999999997,0.24120603000000002,0.275612054,2.39668341
7858,0.0021693011999999994,0.24120603000000002,0.270305522,2.62341705
7859,0.002170221199999999,0.24120603000000002,0.275612054,2.9068340999999998
7860,0.0021711411999999998,0.257286432,0.275612054,3.11467327
7861,0.0021720611999999995,0.249246231,0.275612054,3.30361797
7862,0.0021729811999999992,0.24120603000000002,0.275612054,3.41698479
7863,0.0021739012,0.249246231,0.27826532000000004,3.53035161
7864,0.0021748211999999996,0.24120603000000002,0.27826532000000004,3.51145714
7865,0.0021757411999999993,0.249246231,0.280918586,3.4736681999999997
7866,0.002176661199999999,0.24120603000000002,0.283571852,3.36030138
7867,0.0021775811999999997,0.249246231,0.280918586,3.1713566799999997
7868,0.0021785011999999994,0.249246231,0.283571852,2.9824119799999997
7869,0.002179421199999999,0.23316582900000002,0.280918586,2.7934672799999998
7870,0.0021803411999999998,0.24120603000000002,0.283571852,2.51005023
7871,0.0021812611999999995,0.22512562800000002,0.286225118,2.2833165899999996
7872,0.0021821811999999993,0.249246231,0.283571852,2.0565829499999997
7873,0.0021831012,0.24120603000000002,0.288878384,1.90542719
7874,0.0021840211999999996,0.24120603000000002,0.286225118,1.7731659
7875,0.0021849411999999993,0.257286432,0.286225118,1.69758802
7876,0.002185861199999999,0.249246231,0.283571852,1.69758802
7877,0.0021867811999999997,0.249246231,0.29153165000000003,1.7920603699999997
7878,0.0021877011999999994,0.24120603000000002,0.288878384,1.8676382499999997
7879,0.002188621199999999,0.249246231,0.29153165000000003,2.0187940099999997
7880,0.0021895411999999998,0.24120603000000002,0.288878384,2.2455276499999997
7881,0.0021904611999999995,0.23316582900000002,0.288878384,2.47226129
7882,0.0021913811999999993,0.249246231,0.286225118,2.69899493
7883,0.0021923012,0.249246231,0.288878384,2.9446230399999997
7884,0.0021932211999999996,0.249246231,0.286225118,3.11467327
7885,0.0021941411999999993,0.249246231,0.286225118,3.30361797
7886,0.002195061199999999,0.24120603000000002,0.29153165000000003,3.43587926
7887,0.0021959811999999997,0.23316582900000002,0.29153165000000003,3.49256267
7888,0.0021969011999999994,0.24120603000000002,0.29153165000000003,3.49256267
7889,0.002197821199999999,0.23316582900000002,0.288878384,3.43587926
7890,0.0021987412,0.249246231,0.294184916,3.30361797
7891,0.0021996611999999995,0.257286432,0.29153165000000003,3.11467327
7892,0.0022005811999999993,0.24120603000000002,0.29153165000000003,2.88793963
7893,0.0022015012,0.257286432,0.29153165000000003,2.66120599
7894,0.0022024211999999996,0.23316582900000002,0.29153165000000003,2.39668341
7895,0.0022033411999999994,0.249246231,0.29153165000000003,2.18884424
7896,0.002204261199999999,0.24120603000000002,0.29153165000000003,2.0187940099999997
7897,0.0022051811999999997,0.24120603000000002,0.29153165000000003,1.8676382499999997
7898,0.0022061011999999994,0.249246231,0.294184916,1.7542714299999997
7899,0.002207021199999999,0.257286432,0.294184916,1.69758802
7900,0.0022079412,0.24120603000000002,0.29153165000000003,1.69758802
7901,0.0022088611999999995,0.24120603000000002,0.288878384,1.7920603699999997
7902,0.0022097811999999993,0.257286432,0.29153165000000003,1.88653272
7903,0.0022107012,0.24120603000000002,0.294184916,2.07547742
7904,0.0022116211999999996,0.257286432,0.29153165000000003,2.22663318
7905,0.0022125411999999994,0.24120603000000002,0.294184916,2.43447235
7906,0.002213461199999999,0.24120603000000002,0.288878384,2.66120599
7907,0.0022143811999999997,0.257286432,0.294184916,2.88793963
7908,0.0022153011999999994,0.24120603000000002,0.294184916,3.07688433
7909,0.002216221199999999,0.249246231,0.294184916,3.2469345599999997
7910,0.0022171412,0.249246231,0.294184916,3.3980903199999997
7911,0.0022180611999999995,0.249246231,0.294184916,3.4736681999999997
7912,0.0022189811999999993,0.249246231,0.296838182,3.53035161
7913,0.0022199012,0.23316582900000002,0.296838182,3.49256267
7914,0.0022208211999999996,0.24120603000000002,0.299491448,3.43587926
7915,0.0022217411999999994,0.249246231,0.294184916,3.3225124399999997
7916,0.002222661199999999,0.257286432,0.302144714,3.15246221
7917,0.0022235811999999997,0.257286432,0.299491448,2.9446230399999997
7918,0.0022245011999999995,0.249246231,0.296838182,2.7178894
7919,0.002225421199999999,0.249246231,0.299491448,2.49115576
7920,0.0022263412,0.24120603000000002,0.302144714,2.2455276499999997
7921,0.0022272611999999995,0.257286432,0.299491448,2.07547742
7922,0.0022281811999999993,0.249246231,0.30479798,1.84874378
7923,0.0022291012,0.249246231,0.302144714,1.73537696
7924,0.0022300211999999996,0.249246231,0.30479798,1.7164824899999997
7925,0.0022309411999999994,0.24120603000000002,0.302144714,1.7164824899999997
7926,0.002231861199999999,0.249246231,0.307451246,1.8298493099999997
7927,0.0022327811999999997,0.249246231,0.302144714,1.98100507
7928,0.0022337011999999995,0.257286432,0.307451246,2.1699497699999997
7929,0.002234621199999999,0.249246231,0.307451246,2.43447235
7930,0.0022355412,0.257286432,0.310104512,2.68010046
7931,0.0022364611999999996,0.24120603000000002,0.307451246,2.9446230399999997
7932,0.0022373811999999993,0.257286432,0.30479798,3.1713566799999997
7933,0.0022383012,0.249246231,0.310104512,3.3225124399999997
7934,0.0022392211999999996,0.249246231,0.310104512,3.4736681999999997
7935,0.0022401411999999994,0.249246231,0.307451246,3.51145714
7936,0.002241061199999999,0.249246231,0.310104512,3.49256267
7937,0.0022419811999999997,0.257286432,0.310104512,3.43587926
7938,0.0022429011999999995,0.24120603000000002,0.307451246,3.3225124399999997
7939,0.002243821199999999,0.24120603000000002,0.310104512,3.1335677399999997
7940,0.0022447412,0.24120603000000002,0.310104512,2.88793963
7941,0.0022456611999999996,0.249246231,0.307451246,2.66120599
7942,0.0022465811999999993,0.249246231,0.307451246,2.45336682
7943,0.0022475012,0.23316582900000002,0.307451246,2.2077387099999997
7944,0.0022484211999999996,0.249246231,0.307451246,2.0187940099999997
7945,0.0022493411999999994,0.24120603000000002,0.307451246,1.88653272
7946,0.002250261199999999,0.257286432,0.302144714,1.7920603699999997
7947,0.0022511811999999997,0.257286432,0.307451246,1.69758802
7948,0.0022521011999999995,0.249246231,0.30479798,1.69758802
7949,0.0022530211999999992,0.249246231,0.307451246,1.7542714299999997
7950,0.0022539412,0.249246231,0.310104512,1.84874378
7951,0.0022548611999999996,0.257286432,0.307451246,1.98100507
7952,0.0022557811999999993,0.24120603000000002,0.307451246,2.1510553
7953,0.002256701199999999,0.249246231,0.30479798,2.35889447
7954,0.0022576211999999997,0.24120603000000002,0.30479798,2.56673364
7955,0.0022585411999999994,0.257286432,0.30479798,2.7934672799999998
7956,0.002259461199999999,0.249246231,0.307451246,2.96351751
7957,0.0022603811999999997,0.257286432,0.30479798,3.15246221
7958,0.0022613011999999995,0.257286432,0.310104512,3.34140691
7959,0.0022622211999999992,0.257286432,0.307451246,3.43587926
7960,0.0022631412,0.249246231,0.310104512,3.49256267
7961,0.0022640611999999996,0.249246231,0.30479798,3.5492460799999996
7962,0.0022649811999999993,0.249246231,0.307451246,3.49256267
7963,0.002265901199999999,0.249246231,0.310104512,3.3980903199999997
7964,0.0022668211999999997,0.257286432,0.310104512,3.2469345599999997
7965,0.0022677411999999994,0.249246231,0.310104512,3.11467327
7966,0.002268661199999999,0.257286432,0.307451246,2.88793963
7967,0.0022695811999999998,0.249246231,0.31275777800000004,2.62341705
7968,0.0022705011999999995,0.257286432,0.310104512,2.39668341
7969,0.0022714211999999992,0.257286432,0.310104512,2.18884424
7970,0.0022723412,0.24120603000000002,0.31541104400000003,1.98100507
7971,0.0022732611999999996,0.249246231,0.310104512,1.84874378
7972,0.0022741811999999993,0.249246231,0.31275777800000004,1.7542714299999997
7973,0.002275101199999999,0.257286432,0.31275777800000004,1.6786935499999998
7974,0.0022760211999999997,0.257286432,0.31275777800000004,1.7164824899999997
7975,0.0022769411999999994,0.257286432,0.31541104400000003,1.7920603699999997
7976,0.002277861199999999,0.249246231,0.31541104400000003,1.94321613
7977,0.0022787811999999998,0.257286432,0.31541104400000003,2.1510553
7978,0.0022797011999999995,0.249246231,0.31541104400000003,2.35889447
7979,0.0022806211999999992,0.257286432,0.31541104400000003,2.64231152
7980,0.0022815412,0.257286432,0.31541104400000003,2.9068340999999998
7981,0.0022824611999999996,0.26532663300000003,0.31541104400000003,3.11467327
7982,0.0022833811999999993,0.249246231,0.31806431,3.3225124399999997
7983,0.002284301199999999,0.249246231,0.31806431,3.45477373
7984,0.0022852211999999997,0.26532663300000003,0.31806431,3.51145714
7985,0.0022861411999999994,0.24120603000000002,0.320717576,3.53035161
7986,0.002287061199999999,0.26532663300000003,0.320717576,3.45477373
7987,0.0022879811999999998,0.249246231,0.320717576,3.26582903
7988,0.0022889011999999995,0.273366834,0.31806431,3.07688433
7989,0.0022898211999999992,0.26532663300000003,0.320717576,2.85015069
7990,0.0022907412,0.273366834,0.31806431,2.56673364
7991,0.0022916611999999996,0.257286432,0.31806431,2.35889447
7992,0.0022925811999999993,0.257286432,0.320717576,2.11326636
7993,0.002293501199999999,0.249246231,0.31541104400000003,1.90542719
7994,0.0022944211999999997,0.257286432,0.31806431,1.7920603699999997
7995,0.0022953411999999994,0.257286432,0.31806431,1.69758802
7996,0.002296261199999999,0.24120603000000002,0.320717576,1.7164824899999997
7997,0.0022971811999999998,0.249246231,0.31541104400000003,1.7542714299999997
7998,0.0022981011999999995,0.249246231,0.31806431,1.8676382499999997
7999,0.0022990211999999993,0.249246231,0.31541104400000003,2.0187940099999997
8000,0.0022999412,0.26532663300000003,0.31541104400000003,2.18884424
8001,0.0023008611999999996,0.257286432,0.31275777800000004,2.43447235
8002,0.0023017811999999993,0.257286432,0.31806431,2.66120599
8003,0.002302701199999999,0.257286432,0.320717576,2.85015069
8004,0.0023036211999999997,0.249246231,0.320717576,3.0579898599999997
8005,0.0023045411999999994,0.257286432,0.31806431,3.2469345599999997
8006,0.002305461199999999,0.249246231,0.31541104400000003,3.37919585
8007,0.0023063811999999998,0.26532663300000003,0.31541104400000003,3.49256267
8008,0.0023073011999999995,0.257286432,0.31541104400000003,3.53035161
8009,0.0023082211999999993,0.249246231,0.31275777800000004,3.51145714
8010,0.0023091412,0.24120603000000002,0.31275777800000004,3.43587926
8011,0.0023100611999999996,0.24120603000000002,0.31541104400000003,3.30361797
8012,0.0023109811999999993,0.26532663300000003,0.31541104400000003,3.1713566799999997
8013,0.002311901199999999,0.26532663300000003,0.31541104400000003,2.9824119799999997
8014,0.0023128211999999997,0.26532663300000003,0.31541104400000003,2.73678387
8015,0.0023137411999999994,0.257286432,0.31806431,2.51005023
8016,0.002314661199999999,0.249246231,0.31806431,2.26442212
8017,0.0023155812,0.249246231,0.31806431,2.0565829499999997
8018,0.0023165011999999995,0.257286432,0.31806431,1.88653272
8019,0.0023174211999999993,0.257286432,0.31806431,1.7542714299999997
8020,0.0023183412,0.257286432,0.320717576,1.69758802
8021,0.0023192611999999996,0.257286432,0.31806431,1.69758802
8022,0.0023201811999999994,0.26532663300000003,0.320717576,1.7542714299999997
8023,0.002321101199999999,0.249246231,0.320717576,1.8676382499999997
8024,0.0023220211999999997,0.257286432,0.320717576,2.0565829499999997
8025,0.0023229411999999994,0.257286432,0.31806431,2.26442212
8026,0.002323861199999999,0.26532663300000003,0.31806431,2.51005023
8027,0.0023247812,0.26532663300000003,0.320717576,2.75567834
8028,0.0023257011999999995,0.249246231,0.320717576,3.00130645
8029,0.0023266211999999993,0.26532663300000003,0.323370842,3.22804009
8030,0.0023275412,0.26532663300000003,0.323370842,3.37919585
8031,0.0023284611999999996,0.257286432,0.323370842,3.49256267
8032,0.0023293811999999994,0.249246231,0.32602410800000003,3.49256267
8033,0.002330301199999999,0.26532663300000003,0.32602410800000003,3.49256267
8034,0.0023312211999999997,0.249246231,0.323370842,3.37919585
8035,0.0023321411999999994,0.26532663300000003,0.323370842,3.2469345599999997
8036,0.002333061199999999,0.249246231,0.32602410800000003,3.03909539
8037,0.0023339812,0.249246231,0.32602410800000003,2.77457281
8038,0.0023349011999999995,0.26532663300000003,0.32602410800000003,2.5289447
8039,0.0023358211999999993,0.257286432,0.32602410800000003,2.30221106
8040,0.0023367412,0.26532663300000003,0.32602410800000003,2.0565829499999997
8041,0.0023376611999999996,0.249246231,0.328677374,1.92432166
8042,0.0023385811999999994,0.26532663300000003,0.32602410800000003,1.7731659
8043,0.002339501199999999,0.26532663300000003,0.328677374,1.7164824899999997
8044,0.0023404211999999997,0.26532663300000003,0.323370842,1.7164824899999997
8045,0.0023413411999999995,0.257286432,0.32602410800000003,1.7542714299999997
8046,0.002342261199999999,0.249246231,0.323370842,1.92432166
8047,0.0023431812,0.257286432,0.32602410800000003,2.0943718899999997
8048,0.0023441011999999995,0.257286432,0.323370842,2.30221106
8049,0.0023450211999999993,0.257286432,0.32602410800000003,2.56673364
8050,0.0023459412,0.26532663300000003,0.32602410800000003,2.8312562199999998
8051,0.0023468611999999996,0.257286432,0.323370842,3.0579898599999997
8052,0.0023477811999999994,0.257286432,0.320717576,3.2469345599999997
8053,0.002348701199999999,0.249246231,0.320717576,3.3980903199999997
8054,0.0023496211999999997,0.26532663300000003,0.323370842,3.49256267
8055,0.0023505411999999995,0.26532663300000003,0.323370842,3.51145714
8056,0.002351461199999999,0.26532663300000003,0.323370842,3.49256267
8057,0.0023523812,0.26532663300000003,0.323370842,3.37919585
8058,0.0023533011999999996,0.257286432,0.320717576,3.26582903
8059,0.0023542211999999993,0.24120603000000002,0.323370842,3.0957787999999997
8060,0.0023551412,0.24120603000000002,0.320717576,2.8312562199999998
8061,0.0023560611999999996,0.26532663300000003,0.323370842,2.62341705
8062,0.0023569811999999994,0.257286432,0.320717576,2.35889447
8063,0.002357901199999999,0.26532663300000003,0.323370842,2.1510553
8064,0.0023588211999999997,0.249246231,0.320717576,1.98100507
8065,0.0023597411999999995,0.257286432,0.320717576,1.7920603699999997
8066,0.002360661199999999,0.257286432,0.31806431,1.73537696
8067,0.0023615812,0.257286432,0.323370842,1.6786935499999998
8068,0.0023625011999999996,0.26532663300000003,0.323370842,1.7542714299999997
8069,0.0023634211999999993,0.26532663300000003,0.320717576,1.84874378
8070,0.002364341199999999,0.26532663300000003,0.320717576,1.99989954
8071,0.0023652611999999996,0.26532663300000003,0.320717576,2.18884424
8072,0.0023661811999999994,0.26532663300000003,0.323370842,2.39668341
8073,0.002367101199999999,0.273366834,0.32602410800000003,2.68010046
8074,0.0023680211999999997,0.257286432,0.32602410800000003,2.9446230399999997
8075,0.0023689411999999995,0.26532663300000003,0.32602410800000003,3.1713566799999997
8076,0.0023698611999999992,0.26532663300000003,0.32602410800000003,3.36030138
8077,0.0023707812,0.257286432,0.328677374,3.4736681999999997
8078,0.0023717011999999996,0.26532663300000003,0.32602410800000003,3.53035161
8079,0.0023726211999999993,0.26532663300000003,0.328677374,3.49256267
8080,0.002373541199999999,0.257286432,0.323370842,3.43587926
8081,0.0023744611999999997,0.26532663300000003,0.32602410800000003,3.30361797
8082,0.0023753811999999994,0.26532663300000003,0.32602410800000003,3.11467327
8083,0.002376301199999999,0.257286432,0.33133064,2.92572857
8084,0.0023772211999999997,0.257286432,0.328677374,2.68010046
8085,0.0023781411999999995,0.26532663300000003,0.328677374,2.43447235
8086,0.0023790611999999992,0.257286432,0.33133064,2.22663318
8087,0.0023799812,0.257286432,0.328677374,2.03768848
8088,0.0023809011999999996,0.26532663300000003,0.328677374,1.8676382499999997
8089,0.0023818211999999993,0.257286432,0.328677374,1.7542714299999997
8090,0.002382741199999999,0.26532663300000003,0.33133064,1.69758802
8091,0.0023836611999999997,0.273366834,0.33133064,1.69758802
8092,0.0023845811999999994,0.26532663300000003,0.33133064,1.7542714299999997
8093,0.002385501199999999,0.273366834,0.33133064,1.8676382499999997
8094,0.0023864211999999997,0.26532663300000003,0.328677374,2.0565829499999997
8095,0.0023873411999999995,0.26532663300000003,0.328677374,2.2455276499999997
8096,0.0023882611999999992,0.26532663300000003,0.328677374,2.45336682
8097,0.0023891812,0.273366834,0.32602410800000003,2.68010046
8098,0.0023901011999999996,0.26532663300000003,0.328677374,2.85015069
8099,0.0023910211999999993,0.26532663300000003,0.32602410800000003,3.07688433
8100,0.002391941199999999,0.257286432,0.32602410800000003,3.26582903
8101,0.0023928611999999997,0.257286432,0.328677374,3.3980903199999997
8102,0.0023937811999999994,0.257286432,0.32602410800000003,3.49256267
8103,0.002394701199999999,0.26532663300000003,0.328677374,3.53035161
8104,0.0023956211999999998,0.273366834,0.328677374,3.51145714
8105,0.0023965411999999995,0.26532663300000003,0.32602410800000003,3.41698479
8106,0.0023974611999999992,0.26532663300000003,0.328677374,3.26582903
8107,0.0023983812,0.257286432,0.328677374,3.11467327
8108,0.0023993011999999996,0.26532663300000003,0.32602410800000003,2.85015069
8109,0.0024002211999999993,0.273366834,0.32602410800000003,2.62341705
8110,0.002401141199999999,0.257286432,0.32602410800000003,2.39668341
8111,0.0024020611999999997,0.26532663300000003,0.328677374,2.18884424
8112,0.0024029811999999994,0.273366834,0.328677374,1.94321613
8113,0.002403901199999999,0.26532663300000003,0.32602410800000003,1.81095484
8114,0.0024048211999999998,0.26532663300000003,0.323370842,1.69758802
8115,0.0024057411999999995,0.273366834,0.323370842,1.7164824899999997
8116,0.0024066611999999992,0.26532663300000003,0.32602410800000003,1.73537696
8117,0.0024075812,0.26532663300000003,0.32602410800000003,1.8676382499999997
8118,0.0024085011999999996,0.273366834,0.323370842,2.07547742
8119,0.0024094211999999993,0.26532663300000003,0.32602410800000003,2.30221106
8120,0.002410341199999999,0.273366834,0.323370842,2.56673364
8121,0.0024112611999999997,0.273366834,0.320717576,2.7934672799999998
8122,0.0024121811999999994,0.26532663300000003,0.33133064,3.00130645
8123,0.002413101199999999,0.273366834,0.32602410800000003,3.22804009
8124,0.0024140211999999998,0.257286432,0.328677374,3.3980903199999997
8125,0.0024149411999999995,0.26532663300000003,0.32602410800000003,3.4736681999999997
8126,0.0024158611999999993,0.273366834,0.32602410800000003,3.51145714
8127,0.0024167812,0.26532663300000003,0.32602410800000003,3.4736681999999997
8128,0.0024177011999999996,0.26532663300000003,0.33133064,3.37919585
8129,0.0024186211999999993,0.273366834,0.328677374,3.2091456199999997
8130,0.002419541199999999,0.26532663300000003,0.328677374,3.00130645
8131,0.0024204611999999997,0.281407035,0.328677374,2.77457281
8132,0.0024213811999999994,0.273366834,0.328677374,2.5289447
8133,0.002422301199999999,0.281407035,0.333983906,2.2833165899999996
8134,0.0024232211999999998,0.26532663300000003,0.333983906,2.07547742
8135,0.0024241411999999995,0.26532663300000003,0.33133064,1.90542719
8136,0.0024250611999999993,0.26532663300000003,0.33133064,1.7920603699999997
8137,0.0024259812,0.273366834,0.33133064,1.73537696
8138,0.0024269011999999996,0.26532663300000003,0.333983906,1.69758802
8139,0.0024278211999999993,0.273366834,0.33133064,1.73537696
8140,0.002428741199999999,0.273366834,0.328677374,1.8298493099999997
8141,0.0024296611999999997,0.273366834,0.333983906,1.9621106
8142,0.0024305811999999994,0.273366834,0.33133064,2.1321608299999997
8143,0.002431501199999999,0.257286432,0.33133064,2.2833165899999996
8144,0.0024324212,0.273366834,0.33133064,2.51005023
8145,0.0024333411999999995,0.26532663300000003,0.33133064,2.77457281
8146,0.0024342611999999993,0.26532663300000003,0.333983906,2.9446230399999997
8147,0.0024351812,0.273366834,0.33133064,3.1335677399999997
8148,0.0024361011999999996,0.273366834,0.33133064,3.26582903
8149,0.0024370211999999994,0.273366834,0.333983906,3.41698479
8150,0.002437941199999999,0.273366834,0.328677374,3.49256267
8151,0.0024388611999999997,0.273366834,0.333983906,3.51145714
8152,0.0024397811999999994,0.273366834,0.333983906,3.53035161
8153,0.002440701199999999,0.257286432,0.33133064,3.43587926
8154,0.0024416212,0.26532663300000003,0.328677374,3.34140691
8155,0.0024425411999999995,0.257286432,0.33133064,3.19025115
8156,0.0024434611999999993,0.273366834,0.33133064,3.03909539
8157,0.0024443812,0.273366834,0.33133064,2.7934672799999998
8158,0.0024453011999999996,0.273366834,0.33133064,2.62341705
8159,0.0024462211999999994,0.26532663300000003,0.33133064,2.41557788
8160,0.002447141199999999,0.273366834,0.33133064,2.1510553
8161,0.0024480611999999997,0.26532663300000003,0.328677374,2.0187940099999997
8162,0.0024489811999999994,0.273366834,0.32602410800000003,1.84874378
8163,0.002449901199999999,0.273366834,0.333983906,1.7542714299999997
8164,0.0024508212,0.273366834,0.333983906,1.6786935499999998
8165,0.0024517411999999995,0.26532663300000003,0.328677374,1.7164824899999997
8166,0.0024526611999999993,0.273366834,0.33133064,1.7920603699999997
8167,0.0024535812,0.273366834,0.328677374,1.92432166
8168,0.0024545011999999996,0.273366834,0.328677374,2.0943718899999997
8169,0.0024554211999999994,0.273366834,0.33133064,2.34
8170,0.002456341199999999,0.273366834,0.328677374,2.58562811
8171,0.0024572611999999997,0.273366834,0.328677374,2.85015069
8172,0.0024581811999999995,0.26532663300000003,0.33133064,3.07688433
8173,0.002459101199999999,0.281407035,0.328677374,3.26582903
8174,0.0024600212,0.281407035,0.33133064,3.43587926
8175,0.0024609411999999995,0.26532663300000003,0.33133064,3.51145714
8176,0.0024618611999999993,0.273366834,0.328677374,3.53035161
8177,0.0024627812,0.273366834,0.33133064,3.4736681999999997
8178,0.0024637011999999996,0.273366834,0.33133064,3.34140691
8179,0.0024646211999999994,0.273366834,0.328677374,3.15246221
8180,0.002465541199999999,0.273366834,0.33133064,2.9068340999999998
8181,0.0024664611999999997,0.26532663300000003,0.33133064,2.66120599
8182,0.0024673811999999995,0.273366834,0.33133064,2.39668341
8183,0.002468301199999999,0.26532663300000003,0.33133064,2.1699497699999997
8184,0.0024692212,0.273366834,0.328677374,1.98100507
8185,0.0024701411999999996,0.26532663300000003,0.33133064,1.8298493099999997
8186,0.0024710611999999993,0.273366834,0.336637172,1.73537696
8187,0.0024719812,0.273366834,0.33133064,1.69758802
8188,0.0024729011999999996,0.273366834,0.328677374,1.7164824899999997
8189,0.0024738211999999994,0.281407035,0.336637172,1.7731659
8190,0.002474741199999999,0.273366834,0.333983906,1.94321613
8191,0.0024756611999999997,0.273366834,0.333983906,2.1321608299999997
8192,0.0024765811999999995,0.273366834,0.333983906,2.30221106
8193,0.002477501199999999,0.273366834,0.333983906,2.51005023
8194,0.0024784212,0.273366834,0.333983906,2.77457281
8195,0.0024793411999999996,0.281407035,0.336637172,3.00130645
8196,0.0024802611999999993,0.281407035,0.33133064,3.19025115
8197,0.002481181199999999,0.273366834,0.339290438,3.3225124399999997
8198,0.0024821011999999996,0.273366834,0.336637172,3.45477373
8199,0.0024830211999999994,0.273366834,0.333983906,3.49256267
8200,0.002483941199999999,0.281407035,0.333983906,3.53035161
8201,0.0024848611999999997,0.273366834,0.339290438,3.4736681999999997
8202,0.0024857811999999995,0.26532663300000003,0.336637172,3.37919585
8203,0.002486701199999999,0.273366834,0.333983906,3.2091456199999997
8204,0.0024876212,0.273366834,0.333983906,3.03909539
8205,0.0024885411999999996,0.281407035,0.336637172,2.8312562199999998
8206,0.0024894611999999993,0.273366834,0.339290438,2.56673364
8207,0.002490381199999999,0.281407035,0.333983906,2.37778894
8208,0.0024913011999999997,0.281407035,0.33133064,2.1699497699999997
8209,0.0024922211999999994,0.281407035,0.333983906,1.98100507
8210,0.002493141199999999,0.26532663300000003,0.33133064,1.8298493099999997
8211,0.0024940611999999997,0.273366834,0.333983906,1.73537696
8212,0.0024949811999999995,0.273366834,0.333983906,1.69758802
8213,0.0024959011999999992,0.273366834,0.333983906,1.7164824899999997
8214,0.0024968212,0.281407035,0.333983906,1.81095484
8215,0.0024977411999999996,0.281407035,0.336637172,1.94321613
8216,0.0024986611999999993,0.273366834,0.333983906,2.11326636
8217,0.002499581199999999,0.273366834,0.333983906,2.35889447
8218,0.0025005011999999997,0.281407035,0.333983906,2.60452258
8219,0.0025014211999999994,0.273366834,0.333983906,2.8312562199999998
8220,0.002502341199999999,0.289447236,0.33133064,3.0579898599999997
8221,0.0025032611999999997,0.273366834,0.328677374,3.26582903
8222,0.0025041811999999995,0.273366834,0.33133064,3.3980903199999997
8223,0.0025051011999999992,0.281407035,0.33133064,3.4736681999999997
8224,0.0025060212,0.289447236,0.33133064,3.53035161
8225,0.0025069411999999996,0.281407035,0.33133064,3.49256267
8226,0.0025078611999999993,0.281407035,0.333983906,3.37919585
8227,0.002508781199999999,0.281407035,0.33133064,3.22804009
8228,0.0025097011999999997,0.273366834,0.328677374,3.0579898599999997
8229,0.0025106211999999994,0.281407035,0.33133064,2.8312562199999998
8230,0.002511541199999999,0.281407035,0.333983906,2.56673364
8231,0.0025124611999999998,0.273366834,0.336637172,2.30221106
8232,0.0025133811999999995,0.273366834,0.333983906,2.0943718899999997
8233,0.0025143011999999992,0.273366834,0.33133064,1.90542719
8234,0.0025152212,0.281407035,0.333983906,1.7920603699999997
8235,0.0025161411999999996,0.273366834,0.333983906,1.7164824899999997
8236,0.0025170611999999993,0.289447236,0.333983906,1.7164824899999997
8237,0.002517981199999999,0.273366834,0.333983906,1.7731659
8238,0.0025189011999999997,0.281407035,0.333983906,1.8676382499999997
8239,0.0025198211999999994,0.281407035,0.333983906,2.07547742
8240,0.002520741199999999,0.281407035,0.333983906,2.30221106
8241,0.0025216611999999998,0.281407035,0.333983906,2.51005023
8242,0.0025225811999999995,0.273366834,0.33133064,2.7934672799999998
8243,0.0025235011999999992,0.281407035,0.336637172,3.03909539
8244,0.0025244212,0.273366834,0.336637172,3.22804009
8245,0.0025253411999999996,0.273366834,0.336637172,3.37919585
8246,0.0025262611999999993,0.289447236,0.336637172,3.4736681999999997
8247,0.002527181199999999,0.281407035,0.339290438,3.53035161
8248,0.0025281011999999997,0.281407035,0.333983906,3.4736681999999997
8249,0.0025290211999999994,0.281407035,0.336637172,3.3980903199999997
8250,0.002529941199999999,0.289447236,0.336637172,3.2469345599999997
8251,0.0025308611999999998,0.273366834,0.33133064,3.00130645
8252,0.0025317811999999995,0.297487437,0.336637172,2.77457281
8253,0.0025327011999999993,0.281407035,0.339290438,2.54783917
8254,0.0025336212,0.289447236,0.336637172,2.3211055299999996
8255,0.0025345411999999996,0.289447236,0.341943704,2.07547742
8256,0.0025354611999999993,0.281407035,0.336637172,1.88653272
8257,0.002536381199999999,0.273366834,0.341943704,1.7920603699999997
8258,0.0025373011999999997,0.289447236,0.339290438,1.7164824899999997
8259,0.0025382211999999994,0.273366834,0.339290438,1.7164824899999997
8260,0.002539141199999999,0.281407035,0.336637172,1.7920603699999997
8261,0.0025400611999999998,0.281407035,0.336637172,1.90542719
8262,0.0025409811999999995,0.281407035,0.339290438,2.07547742
8263,0.0025419011999999993,0.297487437,0.333983906,2.30221106
8264,0.0025428212,0.281407035,0.336637172,2.56673364
8265,0.0025437411999999996,0.281407035,0.333983906,2.8312562199999998
8266,0.0025446611999999993,0.281407035,0.333983906,3.0579898599999997
8267,0.002545581199999999,0.289447236,0.333983906,3.22804009
8268,0.0025465011999999997,0.289447236,0.33133064,3.41698479
8269,0.0025474211999999994,0.281407035,0.336637172,3.49256267
8270,0.002548341199999999,0.273366834,0.333983906,3.53035161
8271,0.0025492611999999998,0.273366834,0.333983906,3.4736681999999997
8272,0.0025501811999999995,0.281407035,0.333983906,3.3980903199999997
8273,0.0025511011999999993,0.281407035,0.336637172,3.2091456199999997
8274,0.0025520212,0.273366834,0.336637172,3.0202009199999997
8275,0.0025529411999999996,0.281407035,0.336637172,2.75567834
8276,0.0025538611999999994,0.281407035,0.336637172,2.51005023
8277,0.002554781199999999,0.289447236,0.336637172,2.2833165899999996
8278,0.0025557011999999997,0.281407035,0.336637172,2.07547742
8279,0.0025566211999999994,0.289447236,0.333983906,1.92432166
8280,0.002557541199999999,0.281407035,0.333983906,1.7731659
8281,0.0025584612,0.281407035,0.336637172,1.7164824899999997
8282,0.0025593811999999995,0.281407035,0.33133064,1.69758802
8283,0.0025603011999999993,0.281407035,0.333983906,1.7542714299999997
8284,0.0025612212,0.281407035,0.336637172,1.8676382499999997
8285,0.0025621411999999996,0.289447236,0.333983906,2.0187940099999997
8286,0.0025630611999999994,0.273366834,0.336637172,2.2455276499999997
8287,0.002563981199999999,0.281407035,0.333983906,2.43447235
8288,0.0025649011999999997,0.297487437,0.336637172,2.66120599
8289,0.0025658211999999994,0.281407035,0.336637172,2.9068340999999998
8290,0.002566741199999999,0.281407035,0.336637172,3.15246221
8291,0.0025676612,0.281407035,0.336637172,3.30361797
8292,0.0025685811999999995,0.26532663300000003,0.333983906,3.41698479
8293,0.0025695011999999993,0.297487437,0.336637172,3.5492460799999996
8294,0.0025704212,0.281407035,0.336637172,3.53035161
8295,0.0025713411999999996,0.289447236,0.336637172,3.45477373
8296,0.0025722611999999994,0.273366834,0.339290438,3.34140691
8297,0.002573181199999999,0.297487437,0.336637172,3.1713566799999997
8298,0.0025741011999999997,0.305527638,0.341943704,2.9824119799999997
8299,0.0025750211999999995,0.289447236,0.336637172,2.73678387
8300,0.002575941199999999,0.281407035,0.339290438,2.5289447
8301,0.0025768612,0.289447236,0.339290438,2.26442212
8302,0.0025777811999999995,0.281407035,0.336637172,2.0565829499999997
8303,0.0025787011999999993,0.289447236,0.341943704,1.88653272
8304,0.0025796212,0.289447236,0.336637172,1.7731659
8305,0.0025805411999999996,0.289447236,0.336637172,1.69758802
8306,0.0025814611999999994,0.289447236,0.336637172,1.7164824899999997
8307,0.002582381199999999,0.289447236,0.339290438,1.81095484
8308,0.0025833011999999997,0.289447236,0.339290438,1.9621106
8309,0.0025842211999999995,0.281407035,0.336637172,2.11326636
8310,0.002585141199999999,0.281407035,0.341943704,2.35889447
8311,0.0025860612,0.281407035,0.339290438,2.60452258
8312,0.0025869811999999996,0.289447236,0.336637172,2.88793963
8313,0.0025879011999999993,0.289447236,0.339290438,3.11467327
8314,0.0025888212,0.297487437,0.339290438,3.2847235
8315,0.0025897411999999996,0.305527638,0.336637172,3.41698479
8316,0.0025906611999999994,0.297487437,0.336637172,3.51145714
8317,0.002591581199999999,0.289447236,0.339290438,3.51145714
8318,0.0025925011999999997,0.289447236,0.333983906,3.45477373
8319,0.0025934211999999995,0.297487437,0.336637172,3.3225124399999997
8320,0.002594341199999999,0.281407035,0.339290438,3.1335677399999997
8321,0.0025952612,0.281407035,0.336637172,2.9068340999999998
8322,0.0025961811999999996,0.289447236,0.333983906,2.66120599
8323,0.0025971011999999993,0.281407035,0.333983906,2.39668341
8324,0.002598021199999999,0.289447236,0.336637172,2.18884424
8325,0.0025989411999999996,0.289447236,0.336637172,1.98100507
8326,0.0025998611999999994,0.289447236,0.336637172,1.81095484
8327,0.002600781199999999,0.273366834,0.336637172,1.73537696
8328,0.0026017011999999997,0.281407035,0.339290438,1.69758802
8329,0.0026026211999999995,0.297487437,0.336637172,1.69758802
8330,0.002603541199999999,0.297487437,0.336637172,1.81095484
8331,0.0026044612,0.289447236,0.341943704,1.9621106
8332,0.0026053811999999996,0.297487437,0.336637172,2.1321608299999997
8333,0.0026063011999999993,0.289447236,0.339290438,2.34
8334,0.002607221199999999,0.297487437,0.336637172,2.58562811
8335,0.0026081411999999997,0.289447236,0.336637172,2.77457281
8336,0.0026090611999999994,0.289447236,0.336637172,3.00130645
8337,0.002609981199999999,0.289447236,0.336637172,3.2091456199999997
8338,0.0026109011999999997,0.289447236,0.333983906,3.36030138
8339,0.0026118211999999995,0.289447236,0.339290438,3.45477373
8340,0.0026127411999999992,0.289447236,0.339290438,3.51145714
8341,0.0026136612,0.281407035,0.339290438,3.49256267
8342,0.0026145811999999996,0.289447236,0.336637172,3.4736681999999997
8343,0.0026155011999999993,0.289447236,0.339290438,3.34140691
8344,0.002616421199999999,0.297487437,0.336637172,3.22804009
8345,0.0026173411999999997,0.289447236,0.341943704,3.03909539
8346,0.0026182611999999994,0.281407035,0.339290438,2.8312562199999998
8347,0.002619181199999999,0.289447236,0.336637172,2.62341705
8348,0.0026201011999999997,0.289447236,0.339290438,2.43447235
8349,0.0026210211999999995,0.289447236,0.339290438,2.2077387099999997
8350,0.0026219411999999992,0.297487437,0.341943704,1.99989954
8351,0.0026228612,0.297487437,0.339290438,1.8676382499999997
8352,0.0026237811999999996,0.289447236,0.339290438,1.73537696
8353,0.0026247011999999993,0.297487437,0.339290438,1.7164824899999997
8354,0.002625621199999999,0.273366834,0.336637172,1.7164824899999997
8355,0.0026265411999999997,0.289447236,0.339290438,1.7920603699999997
8356,0.0026274611999999994,0.297487437,0.339290438,1.92432166
8357,0.002628381199999999,0.297487437,0.339290438,2.07547742
8358,0.0026293011999999998,0.297487437,0.341943704,2.3211055299999996
8359,0.0026302211999999995,0.289447236,0.341943704,2.49115576
8360,0.0026311411999999992,0.297487437,0.339290438,2.75567834
8361,0.0026320612,0.289447236,0.339290438,3.00130645
8362,0.0026329811999999996,0.297487437,0.341943704,3.19025115
8363,0.0026339011999999993,0.289447236,0.339290438,3.37919585
8364,0.002634821199999999,0.281407035,0.339290438,3.4736681999999997
8365,0.0026357411999999997,0.289447236,0.341943704,3.53035161
8366,0.0026366611999999994,0.281407035,0.339290438,3.51145714
8367,0.002637581199999999,0.289447236,0.339290438,3.41698479
8368,0.0026385011999999998,0.297487437,0.341943704,3.26582903
8369,0.0026394211999999995,0.289447236,0.336637172,3.0579898599999997
8370,0.0026403411999999992,0.305527638,0.336637172,2.8312562199999998
8371,0.0026412612,0.297487437,0.34459697,2.56673364
8372,0.0026421811999999996,0.289447236,0.339290438,2.3211055299999996
8373,0.0026431011999999993,0.297487437,0.339290438,2.11326636
8374,0.002644021199999999,0.281407035,0.339290438,1.90542719
8375,0.0026449411999999997,0.281407035,0.339290438,1.7731659
8376,0.0026458611999999994,0.297487437,0.341943704,1.7164824899999997
8377,0.002646781199999999,0.289447236,0.339290438,1.7164824899999997
8378,0.0026477011999999998,0.289447236,0.339290438,1.69758802
8379,0.0026486211999999995,0.289447236,0.341943704,1.84874378
8380,0.0026495411999999992,0.297487437,0.339290438,2.0187940099999997
8381,0.0026504612,0.297487437,0.341943704,2.2455276499999997
8382,0.0026513811999999996,0.289447236,0.341943704,2.41557788
8383,0.0026523011999999993,0.289447236,0.339290438,2.68010046
8384,0.002653221199999999,0.289447236,0.341943704,2.92572857
8385,0.0026541411999999997,0.289447236,0.339290438,3.11467327
8386,0.0026550611999999994,0.297487437,0.339290438,3.30361797
8387,0.002655981199999999,0.281407035,0.341943704,3.41698479
8388,0.0026569011999999998,0.297487437,0.339290438,3.49256267
8389,0.0026578211999999995,0.297487437,0.341943704,3.53035161
8390,0.0026587411999999993,0.305527638,0.341943704,3.4736681999999997
8391,0.0026596612,0.289447236,0.339290438,3.36030138
8392,0.0026605811999999996,0.305527638,0.339290438,3.2091456199999997
8393,0.0026615011999999993,0.297487437,0.341943704,3.03909539
8394,0.002662421199999999,0.289447236,0.336637172,2.7934672799999998
8395,0.0026633411999999997,0.289447236,0.339290438,2.58562811
8396,0.0026642611999999994,0.297487437,0.339290438,2.35889447
8397,0.002665181199999999,0.313567839,0.339290438,2.1510553
8398,0.0026661011999999998,0.297487437,0.341943704,1.9621106
8399,0.0026670211999999995,0.289447236,0.339290438,1.8298493099999997
8400,0.0026679411999999993,0.289447236,0.339290438,1.73537696
8401,0.0026688612,0.297487437,0.339290438,1.69758802
8402,0.0026697811999999996,0.289447236,0.336637172,1.73537696
8403,0.0026707011999999994,0.289447236,0.339290438,1.7542714299999997
8404,0.002671621199999999,0.297487437,0.341943704,1.92432166
8405,0.0026725411999999997,0.289447236,0.339290438,2.07547742
8406,0.0026734611999999994,0.297487437,0.341943704,2.22663318
8407,0.002674381199999999,0.297487437,0.339290438,2.47226129
8408,0.0026753012,0.289447236,0.336637172,2.7178894
8409,0.0026762211999999995,0.297487437,0.339290438,2.92572857
8410,0.0026771411999999993,0.289447236,0.339290438,3.11467327
8411,0.0026780612,0.289447236,0.336637172,3.30361797
8412,0.0026789811999999996,0.297487437,0.341943704,3.43587926
8413,0.0026799011999999994,0.297487437,0.339290438,3.51145714
8414,0.002680821199999999,0.313567839,0.339290438,3.53035161
8415,0.0026817411999999997,0.305527638,0.339290438,3.4736681999999997
8416,0.0026826611999999994,0.289447236,0.339290438,3.37919585
8417,0.002683581199999999,0.297487437,0.339290438,3.22804009
8418,0.0026845012,0.297487437,0.336637172,3.0202009199999997
8419,0.0026854211999999995,0.289447236,0.336637172,2.7934672799999998
8420,0.0026863411999999993,0.297487437,0.341943704,2.54783917
8421,0.0026872612,0.297487437,0.339290438,2.3211055299999996
8422,0.0026881811999999996,0.297487437,0.339290438,2.1321608299999997
8423,0.0026891011999999994,0.289447236,0.336637172,1.94321613
8424,0.002690021199999999,0.305527638,0.336637172,1.7731659
8425,0.0026909411999999997,0.305527638,0.341943704,1.73537696
8426,0.0026918611999999995,0.289447236,0.341943704,1.6786935499999998
8427,0.002692781199999999,0.313567839,0.339290438,1.7542714299999997
8428,0.0026937012,0.297487437,0.339290438,1.84874378
8429,0.0026946211999999995,0.289447236,0.341943704,2.0187940099999997
8430,0.0026955411999999993,0.305527638,0.341943704,2.2077387099999997
8431,0.0026964612,0.289447236,0.339290438,2.45336682
8432,0.0026973811999999996,0.289447236,0.339290438,2.69899493
8433,0.0026983011999999994,0.297487437,0.341943704,2.9068340999999998
8434,0.002699221199999999,0.297487437,0.339290438,3.1335677399999997
8435,0.0027001411999999997,0.305527638,0.34459697,3.34140691
8436,0.0027010611999999995,0.305527638,0.336637172,3.45477373
8437,0.002701981199999999,0.297487437,0.339290438,3.51145714
8438,0.0027029012,0.289447236,0.341943704,3.49256267
8439,0.0027038211999999995,0.289447236,0.341943704,3.41698479
8440,0.0027047411999999993,0.297487437,0.341943704,3.2847235
8441,0.002705661199999999,0.305527638,0.339290438,3.07688433
8442,0.0027065811999999996,0.297487437,0.341943704,2.81236175
8443,0.0027075011999999994,0.297487437,0.341943704,2.54783917
8444,0.002708421199999999,0.313567839,0.341943704,2.30221106
8445,0.0027093411999999997,0.289447236,0.34459697,2.07547742
8446,0.0027102611999999995,0.297487437,0.339290438,1.88653272
8447,0.002711181199999999,0.297487437,0.341943704,1.7731659
8448,0.0027121012,0.289447236,0.339290438,1.69758802
8449,0.0027130211999999996,0.297487437,0.339290438,1.69758802
8450,0.0027139411999999993,0.305527638,0.34459697,1.7731659
8451,0.002714861199999999,0.297487437,0.339290438,1.92432166
8452,0.0027157811999999996,0.305527638,0.34725023600000005,2.0943718899999997
8453,0.0027167011999999994,0.305527638,0.341943704,2.35889447
8454,0.002717621199999999,0.297487437,0.339290438,2.58562811
8455,0.0027185411999999997,0.297487437,0.341943704,2.8312562199999998
8456,0.0027194611999999995,0.297487437,0.339290438,3.0579898599999997
8457,0.002720381199999999,0.297487437,0.34725023600000005,3.26582903
8458,0.0027213012,0.289447236,0.339290438,3.41698479
8459,0.0027222211999999996,0.289447236,0.339290438,3.49256267
8460,0.0027231411999999993,0.297487437,0.336637172,3.53035161
8461,0.002724061199999999,0.305527638,0.339290438,3.49256267
8462,0.0027249811999999997,0.297487437,0.34459697,3.37919585
8463,0.0027259011999999994,0.305527638,0.336637172,3.2469345599999997
8464,0.002726821199999999,0.297487437,0.339290438,3.0202009199999997
8465,0.0027277411999999997,0.297487437,0.341943704,2.7934672799999998
8466,0.0027286611999999995,0.297487437,0.339290438,2.56673364
8467,0.0027295811999999992,0.289447236,0.339290438,2.30221106
8468,0.0027305012,0.313567839,0.341943704,2.11326636
8469,0.0027314211999999996,0.313567839,0.339290438,1.90542719
8470,0.0027323411999999993,0.305527638,0.339290438,1.7542714299999997
8471,0.002733261199999999,0.305527638,0.339290438,1.7164824899999997
8472,0.0027341811999999997,0.289447236,0.341943704,1.7164824899999997
8473,0.0027351011999999994,0.289447236,0.339290438,1.7542714299999997
8474,0.002736021199999999,0.297487437,0.339290438,1.81095484
8475,0.0027369411999999997,0.297487437,0.339290438,1.99989954
8476,0.0027378611999999995,0.305527638,0.341943704,2.18884424
8477,0.0027387811999999992,0.313567839,0.339290438,2.39668341
8478,0.0027397012,0.297487437,0.341943704,2.64231152
8479,0.0027406211999999996,0.313567839,0.341943704,2.8690451599999998
8480,0.0027415411999999993,0.305527638,0.34459697,3.11467327
8481,0.002742461199999999,0.305527638,0.339290438,3.3225124399999997
8482,0.0027433811999999997,0.305527638,0.341943704,3.43587926
8483,0.0027443011999999994,0.305527638,0.34459697,3.49256267
8484,0.002745221199999999,0.297487437,0.341943704,3.51145714
8485,0.0027461411999999998,0.313567839,0.34459697,3.49256267
8486,0.0027470611999999995,0.297487437,0.339290438,3.37919585
8487,0.0027479811999999992,0.305527638,0.341943704,3.2091456199999997
8488,0.0027489012,0.313567839,0.34459697,2.96351751
8489,0.0027498211999999996,0.313567839,0.34459697,2.73678387
8490,0.0027507411999999993,0.305527638,0.34459697,2.47226129
8491,0.002751661199999999,0.297487437,0.339290438,2.26442212
8492,0.002752581199999999,0.281407035,0.341943704,1.99989954
8493,0.0027535012000000003,0.297487437,0.341943704,1.8298493099999997
8494,0.0027544212,0.305527638,0.341943704,1.73537696
8495,0.0027553411999999998,0.297487437,0.339290438,1.69758802
8496,0.0027562611999999995,0.313567839,0.34725023600000005,1.73537696
8497,0.0027571811999999992,0.305527638,0.339290438,1.8298493099999997
8498,0.002758101199999999,0.313567839,0.341943704,1.98100507
8499,0.0027590211999999987,0.313567839,0.341943704,2.2077387099999997
8500,0.0027599412,0.305527638,0.341943704,2.45336682
8501,0.0027608612,0.305527638,0.34459697,2.75567834
8502,0.0027617811999999997,0.305527638,0.341943704,3.00130645
8503,0.0027627011999999994,0.305527638,0.341943704,3.22804009
8504,0.002763621199999999,0.305527638,0.34459697,3.37919585
8505,0.002764541199999999,0.297487437,0.34459697,3.49256267
8506,0.0027654611999999986,0.305527638,0.341943704,3.51145714
8507,0.0027663812,0.297487437,0.341943704,3.45477373
8508,0.0027673012,0.313567839,0.341943704,3.30361797
8509,0.0027682211999999996,0.313567839,0.341943704,3.1335677399999997
8510,0.0027691411999999993,0.305527638,0.341943704,2.88793963
8511,0.002770061199999999,0.305527638,0.341943704,2.64231152
8512,0.002770981199999999,0.305527638,0.339290438,2.34
8513,0.0027719012000000003,0.305527638,0.34459697,2.0943718899999997
8514,0.0027728212,0.313567839,0.341943704,1.92432166
8515,0.0027737411999999998,0.305527638,0.341943704,1.7920603699999997
8516,0.0027746611999999995,0.313567839,0.341943704,1.7164824899999997
8517,0.0027755811999999993,0.32160804,0.339290438,1.7164824899999997
8518,0.002776501199999999,0.313567839,0.339290438,1.7920603699999997
8519,0.0027774211999999987,0.305527638,0.339290438,1.9621106
8520,0.0027783412,0.313567839,0.341943704,2.1321608299999997
8521,0.0027792612,0.32160804,0.341943704,2.34
8522,0.0027801811999999997,0.305527638,0.339290438,2.58562811
8523,0.0027811011999999994,0.289447236,0.339290438,2.81236175
8524,0.002782021199999999,0.32160804,0.34459697,3.07688433
8525,0.002782941199999999,0.313567839,0.341943704,3.26582903
8526,0.0027838611999999987,0.313567839,0.341943704,3.36030138
8527,0.0027847812,0.313567839,0.34459697,3.51145714
8528,0.0027857012,0.305527638,0.34459697,3.51145714
8529,0.0027866211999999996,0.305527638,0.341943704,3.4736681999999997
8530,0.0027875411999999994,0.313567839,0.34725023600000005,3.3980903199999997
8531,0.002788461199999999,0.305527638,0.341943704,3.22804009
8532,0.002789381199999999,0.313567839,0.341943704,3.0579898599999997
8533,0.0027903012000000003,0.305527638,0.34459697,2.8312562199999998
8534,0.0027912212,0.305527638,0.34459697,2.60452258
8535,0.0027921412,0.313567839,0.341943704,2.39668341
8536,0.0027930611999999995,0.313567839,0.341943704,2.1699497699999997
8537,0.0027939811999999993,0.313567839,0.34459697,1.98100507
8538,0.002794901199999999,0.313567839,0.341943704,1.8298493099999997
8539,0.0027958211999999988,0.305527638,0.34459697,1.73537696
8540,0.0027967412000000002,0.289447236,0.339290438,1.69758802
8541,0.0027976612,0.305527638,0.34459697,1.73537696
8542,0.0027985811999999997,0.313567839,0.34459697,1.81095484
8543,0.0027995011999999994,0.32160804,0.34459697,1.98100507
8544,0.002800421199999999,0.305527638,0.34459697,2.1510553
8545,0.002801341199999999,0.305527638,0.34459697,2.34
8546,0.0028022611999999987,0.305527638,0.34459697,2.64231152
8547,0.0028031812,0.313567839,0.34459697,2.8312562199999998
8548,0.0028041012,0.305527638,0.341943704,3.07688433
8549,0.0028050211999999996,0.305527638,0.34459697,3.26582903
8550,0.0028059411999999994,0.305527638,0.341943704,3.41698479
8551,0.002806861199999999,0.305527638,0.34459697,3.51145714
8552,0.002807781199999999,0.313567839,0.341943704,3.53035161
8553,0.0028087012000000003,0.313567839,0.34459697,3.43587926
8554,0.0028096212,0.305527638,0.341943704,3.30361797
8555,0.0028105412,0.305527638,0.339290438,3.11467327
8556,0.0028114611999999995,0.313567839,0.34459697,2.9068340999999998
8557,0.0028123811999999993,0.313567839,0.34459697,2.68010046
8558,0.002813301199999999,0.313567839,0.34459697,2.37778894
8559,0.0028142211999999988,0.305527638,0.339290438,2.1321608299999997
8560,0.0028151412000000002,0.313567839,0.341943704,1.92432166
8561,0.0028160612,0.305527638,0.341943704,1.7542714299999997
8562,0.0028169811999999997,0.313567839,0.339290438,1.69758802
8563,0.0028179011999999995,0.313567839,0.339290438,1.6786935499999998
8564,0.002818821199999999,0.297487437,0.341943704,1.8298493099999997
8565,0.002819741199999999,0.305527638,0.339290438,1.94321613
8566,0.0028206611999999987,0.305527638,0.341943704,2.1510553
8567,0.0028215812,0.305527638,0.341943704,2.41557788
8568,0.0028225012,0.32160804,0.339290438,2.7178894
8569,0.0028234211999999996,0.305527638,0.341943704,2.9824119799999997
8570,0.0028243411999999994,0.313567839,0.341943704,3.19025115
8571,0.002825261199999999,0.297487437,0.34459697,3.36030138
8572,0.002826181199999999,0.305527638,0.34459697,3.49256267
8573,0.0028271011999999986,0.305527638,0.341943704,3.51145714
8574,0.0028280212,0.313567839,0.34459697,3.51145714
8575,0.0028289412,0.32160804,0.339290438,3.41698479
8576,0.0028298611999999996,0.305527638,0.34459697,3.26582903
8577,0.0028307811999999993,0.313567839,0.34459697,3.0579898599999997
8578,0.002831701199999999,0.32160804,0.34459697,2.8312562199999998
8579,0.0028326211999999988,0.313567839,0.341943704,2.60452258
8580,0.0028335412000000003,0.313567839,0.34459697,2.35889447
8581,0.0028344612,0.313567839,0.34725023600000005,2.1510553
8582,0.0028353811999999997,0.305527638,0.34459697,1.94321613
8583,0.0028363011999999995,0.313567839,0.34459697,1.84874378
8584,0.002837221199999999,0.313567839,0.34725023600000005,1.73537696
8585,0.002838141199999999,0.32160804,0.34459697,1.69758802
8586,0.0028390611999999987,0.313567839,0.34459697,1.69758802
8587,0.0028399812,0.32160804,0.34725023600000005,1.7731659
8588,0.0028409012,0.32160804,0.34459697,1.88653272
8589,0.0028418211999999997,0.313567839,0.34459697,2.07547742
8590,0.0028427411999999994,0.313567839,0.341943704,2.2455276499999997
8591,0.002843661199999999,0.313567839,0.34459697,2.45336682
8592,0.002844581199999999,0.305527638,0.34459697,2.69899493
8593,0.0028455011999999986,0.305527638,0.34725023600000005,2.96351751
8594,0.0028464212,0.313567839,0.34725023600000005,3.15246221
8595,0.0028473412,0.305527638,0.34725023600000005,3.30361797
8596,0.0028482611999999996,0.305527638,0.34459697,3.3980903199999997
8597,0.0028491811999999993,0.313567839,0.341943704,3.49256267
8598,0.002850101199999999,0.32160804,0.34725023600000005,3.51145714
8599,0.002851021199999999,0.32160804,0.34459697,3.49256267
8600,0.0028519412000000003,0.305527638,0.34459697,3.37919585
8601,0.0028528612,0.313567839,0.34459697,3.2469345599999997
8602,0.0028537811999999997,0.297487437,0.34990350200000003,3.0579898599999997
8603,0.0028547011999999995,0.289447236,0.34459697,2.81236175
8604,0.0028556211999999992,0.32160804,0.34459697,2.54783917
8605,0.002856541199999999,0.305527638,0.34459697,2.35889447
8606,0.0028574611999999987,0.305527638,0.341943704,2.1699497699999997
8607,0.0028583812,0.32160804,0.341943704,1.94321613
8608,0.0028593012,0.32160804,0.34459697,1.81095484
8609,0.0028602211999999997,0.313567839,0.341943704,1.7164824899999997
8610,0.0028611411999999994,0.313567839,0.339290438,1.6786935499999998
8611,0.002862061199999999,0.305527638,0.341943704,1.73537696
8612,0.002862981199999999,0.305527638,0.34459697,1.81095484
8613,0.0028639011999999986,0.313567839,0.341943704,1.94321613
8614,0.0028648212,0.329648241,0.34459697,2.18884424
8615,0.0028657412,0.32160804,0.34459697,2.37778894
8616,0.0028666611999999996,0.32160804,0.341943704,2.60452258
8617,0.0028675811999999993,0.329648241,0.341943704,2.8690451599999998
8618,0.002868501199999999,0.32160804,0.341943704,3.07688433
8619,0.002869421199999999,0.33768844200000003,0.341943704,3.26582903
8620,0.0028703412000000003,0.313567839,0.341943704,3.3980903199999997
8621,0.0028712612,0.32160804,0.34459697,3.51145714
8622,0.0028721811999999998,0.32160804,0.341943704,3.51145714
8623,0.0028731011999999995,0.313567839,0.341943704,3.49256267
8624,0.0028740211999999992,0.32160804,0.341943704,3.34140691
8625,0.002874941199999999,0.32160804,0.339290438,3.19025115
8626,0.0028758611999999987,0.32160804,0.34459697,3.00130645
8627,0.0028767812,0.329648241,0.341943704,2.7178894
8628,0.0028777012,0.313567839,0.341943704,2.45336682
8629,0.0028786211999999997,0.32160804,0.339290438,2.22663318
8630,0.0028795411999999994,0.313567839,0.34459697,2.0187940099999997
8631,0.002880461199999999,0.32160804,0.341943704,1.8676382499999997
8632,0.002881381199999999,0.313567839,0.34459697,1.73537696
8633,0.0028823011999999986,0.32160804,0.34459697,1.69758802
8634,0.0028832212,0.32160804,0.34459697,1.69758802
8635,0.0028841412,0.32160804,0.34725023600000005,1.7920603699999997
8636,0.0028850611999999996,0.329648241,0.34459697,1.92432166
8637,0.0028859811999999993,0.32160804,0.34459697,2.0943718899999997
8638,0.002886901199999999,0.313567839,0.341943704,2.34
8639,0.002887821199999999,0.313567839,0.34990350200000003,2.51005023
8640,0.0028887412000000003,0.313567839,0.34725023600000005,2.81236175
8641,0.0028896612,0.329648241,0.34725023600000005,3.0202009199999997
8642,0.0028905811999999998,0.32160804,0.34990350200000003,3.19025115
8643,0.0028915011999999995,0.32160804,0.34990350200000003,3.36030138
8644,0.0028924211999999993,0.32160804,0.34725023600000005,3.45477373
8645,0.002893341199999999,0.32160804,0.34725023600000005,3.51145714
8646,0.0028942611999999987,0.32160804,0.34990350200000003,3.51145714
8647,0.0028951812,0.32160804,0.34990350200000003,3.4736681999999997
8648,0.0028961012,0.313567839,0.34725023600000005,3.34140691
8649,0.0028970211999999997,0.32160804,0.34725023600000005,3.1713566799999997
8650,0.0028979411999999994,0.32160804,0.34990350200000003,3.00130645
8651,0.002898861199999999,0.329648241,0.34725023600000005,2.75567834
8652,0.002899781199999999,0.33768844200000003,0.34725023600000005,2.5289447
8653,0.0029007011999999987,0.313567839,0.34725023600000005,2.3211055299999996
8654,0.0029016212,0.305527638,0.34725023600000005,2.07547742
8655,0.0029025412,0.329648241,0.34459697,1.92432166
8656,0.0029034611999999996,0.305527638,0.34459697,1.7731659
8657,0.0029043811999999994,0.32160804,0.341943704,1.73537696
8658,0.002905301199999999,0.329648241,0.34459697,1.69758802
8659,0.002906221199999999,0.329648241,0.34459697,1.7164824899999997
8660,0.0029071412000000003,0.32160804,0.34459697,1.81095484
8661,0.0029080612,0.313567839,0.34459697,1.92432166
8662,0.0029089812,0.33768844200000003,0.34725023600000005,2.0943718899999997
8663,0.0029099011999999995,0.32160804,0.34725023600000005,2.2833165899999996
8664,0.0029108211999999993,0.33768844200000003,0.341943704,2.54783917
8665,0.002911741199999999,0.329648241,0.34725023600000005,2.75567834
8666,0.0029126611999999987,0.32160804,0.341943704,3.00130645
8667,0.0029135812000000002,0.329648241,0.339290438,3.2091456199999997
8668,0.0029145012,0.32160804,0.34459697,3.34140691
8669,0.0029154211999999997,0.32160804,0.34459697,3.49256267
8670,0.0029163411999999994,0.329648241,0.339290438,3.49256267
8671,0.002917261199999999,0.32160804,0.341943704,3.51145714
8672,0.002918181199999999,0.329648241,0.34459697,3.43587926
8673,0.0029191011999999987,0.329648241,0.341943704,3.3225124399999997
8674,0.0029200212,0.32160804,0.34459697,3.11467327
8675,0.0029209412,0.313567839,0.341943704,2.9446230399999997
8676,0.0029218611999999996,0.329648241,0.34459697,2.68010046
8677,0.0029227811999999994,0.32160804,0.341943704,2.43447235
8678,0.002923701199999999,0.32160804,0.34459697,2.2077387099999997
8679,0.002924621199999999,0.329648241,0.34459697,1.99989954
8680,0.0029255412000000003,0.32160804,0.341943704,1.84874378
8681,0.0029264612,0.329648241,0.341943704,1.69758802
8682,0.0029273812,0.329648241,0.341943704,1.6786935499999998
8683,0.0029283011999999995,0.313567839,0.34459697,1.7164824899999997
8684,0.0029292211999999993,0.32160804,0.34459697,1.8298493099999997
8685,0.002930141199999999,0.32160804,0.34459697,1.99989954
8686,0.0029310611999999988,0.313567839,0.34725023600000005,2.18884424
8687,0.0029319812000000002,0.329648241,0.34725023600000005,2.41557788
8688,0.0029329012,0.329648241,0.34725023600000005,2.69899493
8689,0.0029338211999999997,0.313567839,0.34725023600000005,2.88793963
8690,0.0029347411999999995,0.33768844200000003,0.34990350200000003,3.1335677399999997
8691,0.002935661199999999,0.33768844200000003,0.34459697,3.34140691
8692,0.002936581199999999,0.32160804,0.34725023600000005,3.45477373
8693,0.0029375011999999987,0.313567839,0.34725023600000005,3.51145714
8694,0.0029384212,0.329648241,0.352556768,3.51145714
8695,0.0029393412,0.313567839,0.34459697,3.41698479
8696,0.0029402611999999996,0.32160804,0.34990350200000003,3.26582903
8697,0.0029411811999999994,0.329648241,0.34990350200000003,3.0579898599999997
8698,0.002942101199999999,0.329648241,0.34725023600000005,2.8312562199999998
8699,0.002943021199999999,0.33768844200000003,0.34990350200000003,2.56673364
8700,0.0029439411999999986,0.329648241,0.34725023600000005,2.35889447
8701,0.0029448612,0.32160804,0.34990350200000003,2.1321608299999997
8702,0.0029457812,0.32160804,0.34459697,1.92432166
8703,0.0029467011999999996,0.32160804,0.34725023600000005,1.7920603699999997
8704,0.0029476211999999993,0.32160804,0.34459697,1.7164824899999997
8705,0.002948541199999999,0.313567839,0.34725023600000005,1.6786935499999998
8706,0.0029494611999999988,0.329648241,0.34990350200000003,1.73537696
8707,0.0029503812000000003,0.32160804,0.34990350200000003,1.81095484
8708,0.0029513012,0.313567839,0.34725023600000005,2.0187940099999997
8709,0.0029522211999999997,0.33768844200000003,0.34459697,2.2077387099999997
8710,0.0029531411999999995,0.329648241,0.34725023600000005,2.43447235
8711,0.002954061199999999,0.32160804,0.34459697,2.68010046
8712,0.002954981199999999,0.32160804,0.34990350200000003,2.92572857
8713,0.0029559011999999987,0.329648241,0.34725023600000005,3.1335677399999997
8714,0.0029568212,0.313567839,0.34725023600000005,3.30361797
8715,0.0029577412,0.32160804,0.34725023600000005,3.45477373
8716,0.0029586611999999997,0.313567839,0.34459697,3.51145714
8717,0.0029595811999999994,0.33768844200000003,0.34459697,3.51145714
8718,0.002960501199999999,0.329648241,0.341943704,3.43587926
8719,0.002961421199999999,0.329648241,0.341943704,3.3225124399999997
8720,0.0029623411999999986,0.329648241,0.341943704,3.1335677399999997
8721,0.0029632612,0.32160804,0.34459697,2.96351751
8722,0.0029641812,0.33768844200000003,0.34459697,2.68010046
8723,0.0029651011999999996,0.329648241,0.34459697,2.49115576
8724,0.0029660211999999993,0.32160804,0.341943704,2.2455276499999997
8725,0.002966941199999999,0.33768844200000003,0.339290438,2.03768848
8726,0.002967861199999999,0.33768844200000003,0.341943704,1.8676382499999997
8727,0.0029687812000000003,0.32160804,0.339290438,1.7542714299999997
8728,0.0029697012,0.33768844200000003,0.341943704,1.69758802
8729,0.0029706211999999997,0.32160804,0.341943704,1.73537696
8730,0.0029715411999999995,0.32160804,0.34459697,1.8298493099999997
8731,0.0029724611999999992,0.329648241,0.34459697,1.9621106
8732,0.002973381199999999,0.32160804,0.339290438,2.1510553
8733,0.0029743011999999987,0.32160804,0.34725023600000005,2.37778894
8734,0.0029752212,0.329648241,0.341943704,2.64231152
8735,0.0029761412,0.329648241,0.34459697,2.9068340999999998
8736,0.0029770611999999997,0.329648241,0.341943704,3.11467327
8737,0.0029779811999999994,0.329648241,0.34459697,3.3225124399999997
8738,0.002978901199999999,0.33768844200000003,0.34990350200000003,3.43587926
8739,0.002979821199999999,0.329648241,0.34459697,3.51145714
8740,0.0029807411999999986,0.32160804,0.341943704,3.49256267
8741,0.0029816612,0.33768844200000003,0.34725023600000005,3.43587926
8742,0.0029825812,0.32160804,0.34725023600000005,3.2469345599999997
8743,0.0029835011999999996,0.33768844200000003,0.34725023600000005,3.03909539
8744,0.0029844211999999993,0.329648241,0.34990350200000003,2.73678387
8745,0.002985341199999999,0.329648241,0.34725023600000005,2.5289447
8746,0.002986261199999999,0.33768844200000003,0.34990350200000003,2.2455276499999997
8747,0.0029871812000000003,0.33768844200000003,0.34725023600000005,2.03768848
8748,0.0029881012,0.329648241,0.34990350200000003,1.84874378
8749,0.0029890211999999998,0.329648241,0.34990350200000003,1.73537696
8750,0.0029899411999999995,0.329648241,0.34990350200000003,1.6786935499999998
8751,0.0029908611999999992,0.33768844200000003,0.34990350200000003,1.7542714299999997
8752,0.002991781199999999,0.33768844200000003,0.34990350200000003,1.84874378
8753,0.0029927011999999987,0.33768844200000003,0.352556768,2.03768848
8754,0.0029936212,0.33768844200000003,0.352556768,2.26442212
8755,0.0029945412,0.329648241,0.34990350200000003,2.51005023
8756,0.0029954611999999997,0.329648241,0.34725023600000005,2.7934672799999998
8757,0.0029963811999999994,0.329648241,0.34459697,3.03909539
8758,0.002997301199999999,0.33768844200000003,0.34725023600000005,3.2469345599999997
8759,0.002998221199999999,0.33768844200000003,0.34725023600000005,3.3980903199999997
8760,0.0029991411999999986,0.32160804,0.34725023600000005,3.49256267
8761,0.0030000612,0.33768844200000003,0.34459697,3.53035161
8762,0.0030009812,0.345728643,0.34725023600000005,3.4736681999999997
8763,0.0030019011999999996,0.329648241,0.34459697,3.36030138
8764,0.0030028211999999993,0.345728643,0.34725023600000005,3.2091456199999997
8765,0.003003741199999999,0.33768844200000003,0.34990350200000003,3.00130645
8766,0.003004661199999999,0.33768844200000003,0.34725023600000005,2.73678387
8767,0.0030055812000000003,0.329648241,0.34459697,2.51005023
8768,0.0030065012,0.33768844200000003,0.34725023600000005,2.26442212
8769,0.0030074211999999998,0.329648241,0.341943704,2.03768848
8770,0.0030083411999999995,0.329648241,0.34459697,1.84874378
8771,0.0030092611999999993,0.329648241,0.341943704,1.7542714299999997
8772,0.003010181199999999,0.345728643,0.34459697,1.69758802
8773,0.0030111011999999987,0.329648241,0.34459697,1.69758802
8774,0.0030120212,0.313567839,0.341943704,1.7731659
8775,0.0030129412,0.32160804,0.34459697,1.92432166
8776,0.0030138611999999997,0.32160804,0.34459697,2.11326636
8777,0.0030147811999999994,0.329648241,0.34459697,2.35889447
8778,0.003015701199999999,0.329648241,0.34459697,2.60452258
8779,0.003016621199999999,0.32160804,0.34459697,2.8690451599999998
8780,0.0030175411999999987,0.33768844200000003,0.34459697,3.07688433
8781,0.0030184612,0.33768844200000003,0.34459697,3.2469345599999997
8782,0.0030193812,0.33768844200000003,0.34459697,3.41698479
8783,0.0030203011999999996,0.33768844200000003,0.341943704,3.51145714
8784,0.0030212211999999994,0.33768844200000003,0.34459697,3.49256267
8785,0.003022141199999999,0.313567839,0.34459697,3.45477373
8786,0.003023061199999999,0.33768844200000003,0.34725023600000005,3.3225124399999997
8787,0.0030239812000000003,0.329648241,0.34990350200000003,3.19025115
8788,0.0030249012,0.33768844200000003,0.34459697,2.92572857
8789,0.0030258212,0.33768844200000003,0.34725023600000005,2.7178894
8790,0.0030267411999999995,0.33768844200000003,0.34725023600000005,2.45336682
8791,0.0030276611999999993,0.33768844200000003,0.34990350200000003,2.2077387099999997
8792,0.003028581199999999,0.33768844200000003,0.34990350200000003,1.98100507
8793,0.0030295011999999987,0.33768844200000003,0.34725023600000005,1.84874378
8794,0.0030304212000000002,0.33768844200000003,0.34990350200000003,1.7164824899999997
8795,0.0030313412,0.345728643,0.352556768,1.6786935499999998
8796,0.0030322611999999997,0.33768844200000003,0.34990350200000003,1.69758802
8797,0.0030331811999999994,0.33768844200000003,0.34990350200000003,1.81095484
8798,0.003034101199999999,0.32160804,0.34990350200000003,1.92432166
8799,0.003035021199999999,0.33768844200000003,0.34990350200000003,2.1510553
8800,0.0030359411999999987,0.32160804,0.352556768,2.41557788
8801,0.0030368612,0.345728643,0.34990350200000003,2.64231152
8802,0.0030377812,0.33768844200000003,0.34990350200000003,2.88793963
8803,0.0030387011999999996,0.329648241,0.34990350200000003,3.1713566799999997
8804,0.0030396211999999994,0.33768844200000003,0.34990350200000003,3.3225124399999997
8805,0.003040541199999999,0.329648241,0.352556768,3.4736681999999997
8806,0.003041461199999999,0.33768844200000003,0.352556768,3.51145714
8807,0.0030423812000000003,0.345728643,0.34990350200000003,3.4736681999999997
8808,0.0030433012,0.345728643,0.34990350200000003,3.3980903199999997
8809,0.0030442212,0.33768844200000003,0.352556768,3.26582903
8810,0.0030451411999999995,0.345728643,0.34990350200000003,3.0579898599999997
8811,0.0030460611999999993,0.33768844200000003,0.34725023600000005,2.85015069
8812,0.003046981199999999,0.345728643,0.34990350200000003,2.58562811
8813,0.0030479011999999988,0.345728643,0.34725023600000005,2.35889447
8814,0.0030488212000000002,0.33768844200000003,0.34725023600000005,2.1699497699999997
8815,0.0030497412,0.33768844200000003,0.34459697,1.94321613
8816,0.0030506611999999997,0.33768844200000003,0.34725023600000005,1.81095484
8817,0.0030515811999999995,0.33768844200000003,0.34459697,1.7164824899999997
8818,0.003052501199999999,0.329648241,0.34459697,1.69758802
8819,0.003053421199999999,0.345728643,0.34459697,1.7164824899999997
8820,0.0030543411999999987,0.329648241,0.34459697,1.8298493099999997
8821,0.0030552612,0.329648241,0.34725023600000005,1.99989954
8822,0.0030561812,0.33768844200000003,0.34725023600000005,2.18884424
8823,0.0030571011999999996,0.32160804,0.34459697,2.37778894
8824,0.0030580211999999994,0.33768844200000003,0.341943704,2.66120599
8825,0.003058941199999999,0.353768844,0.341943704,2.9068340999999998
8826,0.003059861199999999,0.345728643,0.341943704,3.1335677399999997
8827,0.0030607811999999986,0.33768844200000003,0.34459697,3.30361797
8828,0.0030617012,0.353768844,0.34459697,3.4736681999999997
8829,0.0030626212,0.329648241,0.34459697,3.49256267
8830,0.0030635411999999996,0.345728643,0.34459697,3.51145714
8831,0.0030644611999999993,0.33768844200000003,0.34459697,3.43587926
8832,0.003065381199999999,0.345728643,0.34459697,3.2847235
8833,0.0030663011999999988,0.33768844200000003,0.34459697,3.11467327
8834,0.0030672212000000003,0.329648241,0.34459697,2.92572857
8835,0.0030681412,0.329648241,0.34725023600000005,2.60452258
8836,0.0030690611999999997,0.33768844200000003,0.34725023600000005,2.35889447
8837,0.0030699811999999995,0.345728643,0.34990350200000003,2.1699497699999997
8838,0.003070901199999999,0.33768844200000003,0.34725023600000005,1.92432166
8839,0.003071821199999999,0.345728643,0.34725023600000005,1.7920603699999997
8840,0.0030727411999999987,0.33768844200000003,0.34725023600000005,1.69758802
8841,0.0030736612,0.33768844200000003,0.34990350200000003,1.6786935499999998
8842,0.0030745812,0.33768844200000003,0.34990350200000003,1.73537696
8843,0.0030755011999999997,0.33768844200000003,0.34725023600000005,1.8298493099999997
8844,0.0030764211999999994,0.345728643,0.34990350200000003,1.98100507
8845,0.003077341199999999,0.345728643,0.34725023600000005,2.1699497699999997
8846,0.003078261199999999,0.33768844200000003,0.34725023600000005,2.37778894
8847,0.0030791811999999986,0.33768844200000003,0.34990350200000003,2.58562811
8848,0.0030801012,0.345728643,0.352556768,2.8312562199999998
8849,0.0030810212,0.33768844200000003,0.352556768,3.0579898599999997
8850,0.0030819411999999996,0.345728643,0.352556768,3.2469345599999997
8851,0.0030828611999999993,0.329648241,0.352556768,3.36030138
8852,0.003083781199999999,0.345728643,0.355210034,3.4736681999999997
8853,0.003084701199999999,0.33768844200000003,0.355210034,3.51145714
8854,0.0030856212000000003,0.33768844200000003,0.352556768,3.49256267
8855,0.0030865412,0.329648241,0.34990350200000003,3.43587926
8856,0.0030874611999999997,0.33768844200000003,0.34990350200000003,3.2847235
8857,0.0030883811999999995,0.33768844200000003,0.34990350200000003,3.1335677399999997
8858,0.0030893011999999992,0.33768844200000003,0.34990350200000003,2.9446230399999997
8859,0.003090221199999999,0.33768844200000003,0.352556768,2.7178894
8860,0.0030911411999999987,0.33768844200000003,0.352556768,2.54783917
8861,0.0030920612,0.33768844200000003,0.352556768,2.3211055299999996
8862,0.0030929812,0.33768844200000003,0.34990350200000003,2.0943718899999997
8863,0.0030939011999999997,0.345728643,0.34725023600000005,1.94321613
8864,0.0030948211999999994,0.345728643,0.34990350200000003,1.81095484
8865,0.003095741199999999,0.345728643,0.34725023600000005,1.69758802
8866,0.003096661199999999,0.353768844,0.34725023600000005,1.6786935499999998
8867,0.0030975811999999986,0.345728643,0.34725023600000005,1.73537696
8868,0.0030985012,0.345728643,0.34725023600000005,1.8298493099999997
8869,0.0030994212,0.329648241,0.34725023600000005,1.98100507
8870,0.0031003411999999996,0.345728643,0.34990350200000003,2.2077387099999997
8871,0.0031012611999999993,0.33768844200000003,0.34459697,2.37778894
8872,0.003102181199999999,0.33768844200000003,0.34459697,2.64231152
8873,0.003103101199999999,0.345728643,0.34459697,2.88793963
8874,0.0031040212000000003,0.33768844200000003,0.34459697,3.0957787999999997
8875,0.0031049412,0.345728643,0.34725023600000005,3.30361797
8876,0.0031058611999999998,0.33768844200000003,0.34459697,3.41698479
8877,0.0031067811999999995,0.345728643,0.34459697,3.49256267
8878,0.0031077011999999992,0.345728643,0.341943704,3.51145714
8879,0.003108621199999999,0.345728643,0.34459697,3.43587926
8880,0.0031095411999999987,0.33768844200000003,0.34459697,3.30361797
8881,0.0031104612,0.345728643,0.34459697,3.11467327
8882,0.0031113812,0.353768844,0.34459697,2.85015069
8883,0.0031123011999999997,0.345728643,0.341943704,2.54783917
8884,0.0031132211999999994,0.353768844,0.341943704,2.34
8885,0.003114141199999999,0.353768844,0.34459697,2.0565829499999997
8886,0.003115061199999999,0.33768844200000003,0.34725023600000005,1.90542719
8887,0.0031159811999999986,0.33768844200000003,0.34459697,1.7731659
8888,0.0031169012,0.345728643,0.34725023600000005,1.69758802
8889,0.0031178212,0.33768844200000003,0.34459697,1.6786935499999998
8890,0.0031187411999999996,0.33768844200000003,0.34990350200000003,1.7542714299999997
8891,0.0031196611999999993,0.345728643,0.34990350200000003,1.92432166
8892,0.003120581199999999,0.33768844200000003,0.34725023600000005,2.11326636
8893,0.003121501199999999,0.345728643,0.34990350200000003,2.3211055299999996
8894,0.0031224212000000003,0.33768844200000003,0.34725023600000005,2.56673364
8895,0.0031233412,0.33768844200000003,0.34990350200000003,2.8690451599999998
8896,0.0031242611999999998,0.33768844200000003,0.34990350200000003,3.0957787999999997
8897,0.0031251811999999995,0.345728643,0.352556768,3.26582903
8898,0.0031261011999999993,0.353768844,0.34990350200000003,3.3980903199999997
8899,0.003127021199999999,0.33768844200000003,0.352556768,3.49256267
8900,0.0031279411999999987,0.345728643,0.352556768,3.51145714
8901,0.0031288612,0.345728643,0.352556768,3.4736681999999997
8902,0.0031297812,0.345728643,0.355210034,3.37919585
8903,0.0031307011999999997,0.345728643,0.352556768,3.2469345599999997
8904,0.0031316211999999994,0.353768844,0.352556768,3.0957787999999997
8905,0.003132541199999999,0.353768844,0.355210034,2.8690451599999998
8906,0.003133461199999999,0.345728643,0.355210034,2.68010046
8907,0.0031343811999999987,0.33768844200000003,0.352556768,2.45336682
8908,0.0031353012,0.33768844200000003,0.352556768,2.26442212
8909,0.0031362212,0.345728643,0.352556768,2.0943718899999997
8910,0.0031371411999999996,0.33768844200000003,0.352556768,1.92432166
8911,0.0031380611999999993,0.353768844,0.352556768,1.7731659
8912,0.003138981199999999,0.33768844200000003,0.34990350200000003,1.7164824899999997
8913,0.003139901199999999,0.345728643,0.34990350200000003,1.65979908
8914,0.0031408212000000003,0.353768844,0.34990350200000003,1.69758802
8915,0.0031417412,0.353768844,0.352556768,1.7920603699999997
8916,0.0031426612,0.33768844200000003,0.34990350200000003,1.88653272
8917,0.0031435811999999995,0.345728643,0.352556768,2.07547742
8918,0.0031445011999999993,0.345728643,0.352556768,2.2077387099999997
8919,0.003145421199999999,0.345728643,0.34990350200000003,2.47226129
8920,0.0031463411999999987,0.345728643,0.34725023600000005,2.7178894
8921,0.0031472612000000002,0.353768844,0.34725023600000005,2.9068340999999998
8922,0.0031481812,0.353768844,0.34725023600000005,3.11467327
8923,0.0031491011999999997,0.353768844,0.34459697,3.26582903
8924,0.0031500211999999994,0.345728643,0.34725023600000005,3.41698479
8925,0.003150941199999999,0.345728643,0.34459697,3.4736681999999997
8926,0.003151861199999999,0.353768844,0.34459697,3.51145714
8927,0.0031527811999999987,0.361809045,0.34459697,3.4736681999999997
8928,0.0031537012,0.345728643,0.34459697,3.36030138
8929,0.0031546212,0.33768844200000003,0.34725023600000005,3.15246221
8930,0.0031555411999999996,0.345728643,0.34459697,2.92572857
8931,0.0031564611999999994,0.361809045,0.34459697,2.69899493
8932,0.003157381199999999,0.353768844,0.34459697,2.41557788
8933,0.003158301199999999,0.353768844,0.34459697,2.22663318
8934,0.0031592212000000003,0.345728643,0.34725023600000005,1.9621106
8935,0.0031601412,0.353768844,0.341943704,1.81095484
8936,0.0031610612,0.345728643,0.34459697,1.7164824899999997
8937,0.0031619811999999995,0.353768844,0.34459697,1.69758802
8938,0.0031629011999999993,0.33768844200000003,0.34459697,1.7164824899999997
8939,0.003163821199999999,0.345728643,0.34459697,1.8298493099999997
8940,0.0031647411999999988,0.345728643,0.34459697,1.99989954
8941,0.0031656612000000002,0.353768844,0.34725023600000005,2.2455276499999997
8942,0.0031665812,0.345728643,0.34725023600000005,2.5289447
8943,0.0031675011999999997,0.353768844,0.34990350200000003,2.77457281
8944,0.0031684211999999995,0.353768844,0.34725023600000005,3.00130645
8945,0.003169341199999999,0.361809045,0.34725023600000005,3.2469345599999997
8946,0.003170261199999999,0.33768844200000003,0.34990350200000003,3.37919585
8947,0.0031711811999999987,0.345728643,0.352556768,3.45477373
8948,0.0031721012,0.361809045,0.34990350200000003,3.49256267
8949,0.0031730212,0.361809045,0.34990350200000003,3.49256267
8950,0.0031739411999999996,0.353768844,0.34725023600000005,3.36030138
8951,0.0031748611999999994,0.345728643,0.34990350200000003,3.22804009
8952,0.003175781199999999,0.353768844,0.352556768,3.00130645
8953,0.003176701199999999,0.345728643,0.34990350200000003,2.75567834
8954,0.0031776211999999986,0.345728643,0.355210034,2.51005023
8955,0.0031785412,0.353768844,0.3578633,2.2455276499999997
8956,0.0031794612,0.33768844200000003,0.352556768,2.03768848
8957,0.0031803811999999996,0.33768844200000003,0.3578633,1.90542719
8958,0.0031813011999999993,0.345728643,0.352556768,1.7542714299999997
8959,0.003182221199999999,0.345728643,0.355210034,1.7164824899999997
8960,0.0031831411999999988,0.345728643,0.355210034,1.69758802
8961,0.0031840612000000003,0.353768844,0.355210034,1.73537696
8962,0.0031849812,0.353768844,0.352556768,1.8298493099999997
8963,0.0031859011999999997,0.353768844,0.352556768,1.98100507
8964,0.0031868211999999995,0.361809045,0.352556768,2.1699497699999997
8965,0.003187741199999999,0.369849246,0.34990350200000003,2.37778894
8966,0.003188661199999999,0.353768844,0.355210034,2.64231152
8967,0.0031895811999999987,0.345728643,0.34990350200000003,2.8690451599999998
8968,0.0031905012,0.33768844200000003,0.352556768,3.07688433
8969,0.0031914212,0.345728643,0.34725023600000005,3.22804009
8970,0.0031923411999999996,0.353768844,0.352556768,3.3980903199999997
8971,0.0031932611999999994,0.353768844,0.34990350200000003,3.4736681999999997
8972,0.003194181199999999,0.353768844,0.34725023600000005,3.49256267
8973,0.003195101199999999,0.345728643,0.34990350200000003,3.51145714
8974,0.0031960211999999986,0.345728643,0.34990350200000003,3.3980903199999997
8975,0.0031969412,0.353768844,0.34990350200000003,3.26582903
8976,0.0031978612,0.345728643,0.34725023600000005,3.07688433
8977,0.0031987811999999996,0.345728643,0.34725023600000005,2.88793963
8978,0.0031997011999999993,0.345728643,0.34725023600000005,2.62341705
8979,0.003200621199999999,0.345728643,0.34459697,2.35889447
8980,0.003201541199999999,0.353768844,0.34725023600000005,2.1510553
8981,0.0032024612000000003,0.353768844,0.34459697,1.94321613
8982,0.0032033812,0.361809045,0.34459697,1.8298493099999997
8983,0.0032043011999999997,0.361809045,0.34725023600000005,1.7164824899999997
8984,0.0032052211999999995,0.345728643,0.34725023600000005,1.69758802
8985,0.0032061411999999992,0.345728643,0.34459697,1.7164824899999997
8986,0.003207061199999999,0.353768844,0.34459697,1.8298493099999997
8987,0.0032079811999999987,0.353768844,0.34459697,2.03768848
8988,0.0032089012,0.361809045,0.34725023600000005,2.2077387099999997
8989,0.0032098212,0.353768844,0.34725023600000005,2.49115576
8990,0.0032107411999999997,0.353768844,0.34725023600000005,2.73678387
8991,0.0032116611999999994,0.353768844,0.34725023600000005,2.9824119799999997
8992,0.003212581199999999,0.353768844,0.34725023600000005,3.22804009
8993,0.003213501199999999,0.353768844,0.34725023600000005,3.3980903199999997
8994,0.0032144211999999986,0.353768844,0.34459697,3.49256267
8995,0.0032153412,0.361809045,0.34990350200000003,3.51145714
8996,0.0032162612,0.361809045,0.34725023600000005,3.45477373
8997,0.0032171811999999996,0.353768844,0.34990350200000003,3.36030138
8998,0.0032181011999999993,0.345728643,0.34725023600000005,3.22804009
8999,0.003219021199999999,0.345728643,0.34990350200000003,2.9824119799999997
9000,0.003219941199999999,0.345728643,0.352556768,2.81236175
9001,0.0032208612000000003,0.353768844,0.352556768,2.5289447
9002,0.0032217812,0.369849246,0.352556768,2.3211055299999996
9003,0.0032227011999999998,0.345728643,0.355210034,2.03768848
9004,0.0032236211999999995,0.361809045,0.352556768,1.88653272
9005,0.0032245411999999992,0.353768844,0.352556768,1.7542714299999997
9006,0.003225461199999999,0.361809045,0.355210034,1.6786935499999998
9007,0.0032263811999999987,0.33768844200000003,0.352556768,1.7164824899999997
9008,0.0032273012,0.345728643,0.355210034,1.7542714299999997
9009,0.0032282212,0.361809045,0.355210034,1.88653272
9010,0.0032291411999999997,0.361809045,0.355210034,2.0565829499999997
9011,0.0032300611999999994,0.361809045,0.355210034,2.2833165899999996
9012,0.003230981199999999,0.345728643,0.355210034,2.49115576
9013,0.003231901199999999,0.361809045,0.3578633,2.75567834
9014,0.0032328211999999986,0.361809045,0.355210034,2.96351751
9015,0.0032337412,0.353768844,0.355210034,3.1713566799999997
9016,0.0032346612,0.353768844,0.355210034,3.37919585
9017,0.0032355811999999996,0.361809045,0.355210034,3.4736681999999997
9018,0.0032365011999999993,0.353768844,0.352556768,3.51145714
9019,0.003237421199999999,0.361809045,0.352556768,3.49256267
9020,0.003238341199999999,0.361809045,0.34990350200000003,3.37919585
9021,0.0032392612000000003,0.353768844,0.352556768,3.2469345599999997
9022,0.0032401812,0.345728643,0.34990350200000003,3.07688433
9023,0.0032411011999999998,0.345728643,0.34990350200000003,2.8312562199999998
9024,0.0032420211999999995,0.369849246,0.355210034,2.60452258
9025,0.0032429411999999993,0.361809045,0.34990350200000003,2.35889447
9026,0.003243861199999999,0.353768844,0.34990350200000003,2.1510553
9027,0.0032447811999999987,0.353768844,0.34725023600000005,1.92432166
9028,0.0032457012,0.353768844,0.34990350200000003,1.81095484
9029,0.0032466212,0.353768844,0.34459697,1.7164824899999997
9030,0.0032475411999999997,0.353768844,0.34459697,1.6786935499999998
9031,0.0032484611999999994,0.361809045,0.34459697,1.73537696
9032,0.003249381199999999,0.377889447,0.34725023600000005,1.8298493099999997
9033,0.003250301199999999,0.361809045,0.34725023600000005,1.99989954
9034,0.0032512211999999987,0.361809045,0.34725023600000005,2.2077387099999997
9035,0.0032521412,0.353768844,0.34459697,2.39668341
9036,0.0032530612,0.353768844,0.34725023600000005,2.68010046
9037,0.0032539811999999996,0.353768844,0.34459697,2.9068340999999998
9038,0.0032549011999999993,0.353768844,0.34990350200000003,3.0957787999999997
9039,0.003255821199999999,0.361809045,0.34459697,3.2847235
9040,0.003256741199999999,0.361809045,0.34459697,3.43587926
9041,0.0032576612000000003,0.361809045,0.34459697,3.49256267
9042,0.0032585812,0.361809045,0.34725023600000005,3.51145714
9043,0.0032595012,0.353768844,0.34459697,3.45477373
9044,0.0032604211999999995,0.361809045,0.34725023600000005,3.36030138
9045,0.0032613411999999993,0.361809045,0.34725023600000005,3.22804009
9046,0.003262261199999999,0.369849246,0.352556768,3.0579898599999997
9047,0.0032631811999999987,0.361809045,0.34990350200000003,2.81236175
9048,0.0032641012000000002,0.361809045,0.34990350200000003,2.54783917
9049,0.0032650212,0.369849246,0.34990350200000003,2.34
9050,0.0032659411999999997,0.353768844,0.352556768,2.11326636
9051,0.0032668611999999994,0.361809045,0.352556768,1.92432166
9052,0.003267781199999999,0.361809045,0.352556768,1.81095484
9053,0.003268701199999999,0.345728643,0.34990350200000003,1.73537696
9054,0.0032696211999999987,0.353768844,0.352556768,1.6786935499999998
9055,0.0032705412,0.361809045,0.355210034,1.7164824899999997
9056,0.0032714612,0.361809045,0.355210034,1.8298493099999997
9057,0.0032723811999999996,0.361809045,0.355210034,1.98100507
9058,0.0032733011999999994,0.361809045,0.352556768,2.1699497699999997
9059,0.003274221199999999,0.361809045,0.355210034,2.35889447
9060,0.003275141199999999,0.361809045,0.352556768,2.60452258
9061,0.0032760611999999986,0.361809045,0.352556768,2.88793963
9062,0.0032769812,0.353768844,0.355210034,3.0579898599999997
9063,0.0032779012,0.353768844,0.3578633,3.26582903
9064,0.0032788211999999995,0.353768844,0.352556768,3.41698479
9065,0.0032797411999999993,0.361809045,0.355210034,3.49256267
9066,0.003280661199999999,0.361809045,0.3578633,3.53035161
9067,0.0032815811999999988,0.369849246,0.352556768,3.43587926
9068,0.0032825012000000002,0.369849246,0.352556768,3.30361797
9069,0.0032834212,0.361809045,0.355210034,3.1335677399999997
9070,0.0032843411999999997,0.369849246,0.352556768,2.9068340999999998
9071,0.0032852611999999995,0.369849246,0.352556768,2.64231152
9072,0.003286181199999999,0.369849246,0.352556768,2.37778894
9073,0.003287101199999999,0.361809045,0.355210034,2.1699497699999997
9074,0.0032880211999999987,0.345728643,0.352556768,1.94321613
9075,0.0032889412,0.361809045,0.352556768,1.81095484
9076,0.0032898612,0.353768844,0.34990350200000003,1.73537696
9077,0.0032907811999999996,0.345728643,0.352556768,1.65979908
9078,0.0032917011999999994,0.361809045,0.34990350200000003,1.73537696
9079,0.003292621199999999,0.361809045,0.34990350200000003,1.8676382499999997
9080,0.003293541199999999,0.361809045,0.34990350200000003,2.03768848
9081,0.0032944611999999986,0.361809045,0.34990350200000003,2.2455276499999997
9082,0.0032953812,0.369849246,0.34459697,2.49115576
9083,0.0032963012,0.361809045,0.341943704,2.7178894
9084,0.0032972211999999996,0.369849246,0.34990350200000003,2.96351751
9085,0.0032981411999999993,0.377889447,0.34459697,3.15246221
9086,0.003299061199999999,0.369849246,0.34459697,3.30361797
9087,0.0032999811999999988,0.361809045,0.34459697,3.43587926
9088,0.0033009012000000003,0.369849246,0.34459697,3.4736681999999997
9089,0.0033018212,0.369849246,0.34990350200000003,3.4736681999999997
9090,0.0033027411999999997,0.361809045,0.34725023600000005,3.45477373
9091,0.0033036611999999995,0.369849246,0.34725023600000005,3.3225124399999997
9092,0.003304581199999999,0.369849246,0.34725023600000005,3.11467327
9093,0.003305501199999999,0.361809045,0.34459697,2.96351751
9094,0.0033064211999999987,0.353768844,0.34725023600000005,2.75567834
9095,0.0033073412,0.377889447,0.34725023600000005,2.5289447
9096,0.0033082612,0.361809045,0.34725023600000005,2.34
9097,0.0033091811999999996,0.369849246,0.34725023600000005,2.11326636
9098,0.0033101011999999994,0.369849246,0.34990350200000003,1.94321613
9099,0.003311021199999999,0.361809045,0.34459697,1.8298493099999997
9100,0.003311941199999999,0.353768844,0.34725023600000005,1.73537696
9101,0.0033128611999999986,0.369849246,0.34990350200000003,1.69758802
9102,0.0033137812,0.369849246,0.355210034,1.69758802
9103,0.0033147012,0.361809045,0.34990350200000003,1.7542714299999997
9104,0.0033156211999999996,0.361809045,0.34990350200000003,1.8676382499999997
9105,0.0033165411999999993,0.369849246,0.355210034,2.03768848
9106,0.003317461199999999,0.369849246,0.355210034,2.22663318
9107,0.003318381199999999,0.361809045,0.352556768,2.41557788
9108,0.0033193012000000003,0.361809045,0.34990350200000003,2.66120599
9109,0.0033202212,0.369849246,0.352556768,2.88793963
9110,0.0033211411999999997,0.361809045,0.34990350200000003,3.0957787999999997
9111,0.0033220611999999995,0.361809045,0.34990350200000003,3.30361797
9112,0.0033229811999999992,0.369849246,0.355210034,3.45477373
9113,0.003323901199999999,0.369849246,0.352556768,3.49256267
9114,0.0033248211999999987,0.377889447,0.352556768,3.51145714
9115,0.0033257412,0.345728643,0.355210034,3.45477373
9116,0.0033266612,0.369849246,0.355210034,3.34140691
9117,0.0033275811999999997,0.361809045,0.3578633,3.2091456199999997
9118,0.0033285011999999994,0.353768844,0.355210034,2.96351751
9119,0.003329421199999999,0.369849246,0.3578633,2.75567834
9120,0.003330341199999999,0.369849246,0.355210034,2.5289447
9121,0.0033312611999999986,0.377889447,0.352556768,2.2833165899999996
9122,0.0033321812,0.361809045,0.3578633,2.07547742
9123,0.0033331012,0.369849246,0.3578633,1.90542719
9124,0.0033340211999999996,0.369849246,0.352556768,1.7542714299999997
9125,0.0033349411999999993,0.377889447,0.355210034,1.69758802
9126,0.003335861199999999,0.369849246,0.355210034,1.69758802
9127,0.003336781199999999,0.369849246,0.352556768,1.7542714299999997
9128,0.0033377012000000003,0.369849246,0.352556768,1.84874378
9129,0.0033386212,0.377889447,0.352556768,2.07547742
9130,0.0033395411999999998,0.377889447,0.352556768,2.22663318
9131,0.0033404611999999995,0.361809045,0.34990350200000003,2.5289447
9132,0.0033413811999999992,0.369849246,0.34990350200000003,2.77457281
9133,0.003342301199999999,0.377889447,0.352556768,3.00130645
9134,0.0033432211999999987,0.369849246,0.34990350200000003,3.2091456199999997
9135,0.0033441412,0.361809045,0.34990350200000003,3.36030138
9136,0.0033450612,0.369849246,0.34990350200000003,3.45477373
9137,0.0033459811999999997,0.369849246,0.34725023600000005,3.4736681999999997
9138,0.0033469011999999994,0.369849246,0.34725023600000005,3.4736681999999997
9139,0.003347821199999999,0.377889447,0.34725023600000005,3.37919585
9140,0.003348741199999999,0.377889447,0.34725023600000005,3.22804009
9141,0.0033496611999999986,0.369849246,0.34459697,3.00130645
9142,0.0033505812,0.361809045,0.34990350200000003,2.77457281
9143,0.0033515012,0.361809045,0.34459697,2.54783917
9144,0.0033524211999999996,0.369849246,0.34725023600000005,2.30221106
9145,0.0033533411999999993,0.369849246,0.34990350200000003,2.0943718899999997
9146,0.003354261199999999,0.369849246,0.34990350200000003,1.88653272
9147,0.003355181199999999,0.361809045,0.34725023600000005,1.7920603699999997
9148,0.0033561012000000003,0.369849246,0.34725023600000005,1.69758802
9149,0.0033570212,0.377889447,0.34725023600000005,1.6786935499999998
9150,0.0033579411999999998,0.369849246,0.34725023600000005,1.73537696
9151,0.0033588611999999995,0.377889447,0.34990350200000003,1.8298493099999997
9152,0.0033597811999999993,0.377889447,0.355210034,1.99989954
9153,0.003360701199999999,0.377889447,0.34725023600000005,2.22663318
9154,0.0033616211999999987,0.377889447,0.34990350200000003,2.43447235
9155,0.0033625412,0.369849246,0.352556768,2.66120599
9156,0.0033634612,0.369849246,0.34990350200000003,2.88793963
9157,0.0033643811999999997,0.361809045,0.355210034,3.0957787999999997
9158,0.0033653011999999994,0.369849246,0.352556768,3.2847235
9159,0.003366221199999999,0.377889447,0.34990350200000003,3.37919585
9160,0.003367141199999999,0.377889447,0.355210034,3.45477373
9161,0.0033680611999999987,0.369849246,0.355210034,3.4736681999999997
9162,0.0033689812,0.369849246,0.355210034,3.49256267
9163,0.0033699012,0.377889447,0.352556768,3.37919585
9164,0.0033708211999999996,0.385929648,0.352556768,3.22804009
9165,0.0033717411999999993,0.377889447,0.352556768,3.03909539
9166,0.003372661199999999,0.361809045,0.3578633,2.8312562199999998
9167,0.003373581199999999,0.369849246,0.355210034,2.62341705
9168,0.0033745012000000003,0.369849246,0.355210034,2.37778894
9169,0.0033754212,0.361809045,0.355210034,2.1510553
9170,0.0033763412,0.377889447,0.352556768,1.92432166
9171,0.0033772611999999995,0.369849246,0.352556768,1.8298493099999997
9172,0.0033781811999999993,0.369849246,0.3578633,1.73537696
9173,0.003379101199999999,0.361809045,0.3578633,1.65979908
9174,0.0033800211999999987,0.369849246,0.3578633,1.7164824899999997
9175,0.0033809412000000002,0.369849246,0.355210034,1.7920603699999997
9176,0.0033818612,0.377889447,0.352556768,1.90542719
9177,0.0033827811999999997,0.369849246,0.3578633,2.1510553
9178,0.0033837011999999994,0.385929648,0.352556768,2.30221106
9179,0.003384621199999999,0.369849246,0.34990350200000003,2.56673364
9180,0.003385541199999999,0.353768844,0.352556768,2.8312562199999998
9181,0.0033864611999999987,0.369849246,0.352556768,3.03909539
9182,0.0033873812,0.361809045,0.352556768,3.2469345599999997
9183,0.0033883012,0.377889447,0.34990350200000003,3.37919585
9184,0.0033892211999999996,0.369849246,0.352556768,3.49256267
9185,0.0033901411999999994,0.361809045,0.352556768,3.51145714
9186,0.003391061199999999,0.377889447,0.34725023600000005,3.45477373
9187,0.003391981199999999,0.377889447,0.352556768,3.36030138
9188,0.0033929011999999986,0.369849246,0.34725023600000005,3.19025115
9189,0.0033938212,0.361809045,0.34725023600000005,3.00130645
9190,0.0033947412,0.377889447,0.34990350200000003,2.7178894
9191,0.0033956611999999995,0.369849246,0.352556768,2.47226129
9192,0.0033965811999999993,0.377889447,0.34725023600000005,2.22663318
9193,0.003397501199999999,0.369849246,0.34990350200000003,2.03768848
9194,0.0033984211999999988,0.369849246,0.34990350200000003,1.8298493099999997
9195,0.0033993412000000002,0.377889447,0.34990350200000003,1.73537696
9196,0.0034002612,0.377889447,0.34725023600000005,1.6786935499999998
9197,0.0034011811999999997,0.369849246,0.34459697,1.6786935499999998
9198,0.0034021011999999995,0.377889447,0.34990350200000003,1.7731659
9199,0.003403021199999999,0.377889447,0.34725023600000005,1.94321613
9200,0.003403941199999999,0.369849246,0.34990350200000003,2.1510553
9201,0.0034048611999999987,0.377889447,0.34725023600000005,2.41557788
9202,0.0034057812,0.377889447,0.34990350200000003,2.66120599
9203,0.0034067012,0.369849246,0.352556768,2.92572857
9204,0.0034076211999999996,0.377889447,0.34725023600000005,3.1335677399999997
9205,0.0034085411999999994,0.377889447,0.34990350200000003,3.30361797
9206,0.003409461199999999,0.377889447,0.34990350200000003,3.45477373
9207,0.003410381199999999,0.377889447,0.34990350200000003,3.51145714
9208,0.0034113011999999986,0.377889447,0.34990350200000003,3.49256267
9209,0.0034122212,0.377889447,0.355210034,3.3980903199999997
9210,0.0034131412,0.361809045,0.352556768,3.26582903
9211,0.0034140611999999996,0.377889447,0.352556768,3.03909539
9212,0.0034149811999999993,0.369849246,0.355210034,2.8690451599999998
9213,0.003415901199999999,0.377889447,0.352556768,2.60452258
9214,0.0034168211999999988,0.385929648,0.355210034,2.35889447
9215,0.0034177412000000002,0.377889447,0.352556768,2.1321608299999997
9216,0.0034186612,0.385929648,0.355210034,1.94321613
9217,0.0034195811999999997,0.369849246,0.355210034,1.81095484
9218,0.0034205011999999995,0.369849246,0.355210034,1.69758802
9219,0.003421421199999999,0.377889447,0.3578633,1.65979908
9220,0.003422341199999999,0.369849246,0.355210034,1.73537696
9221,0.0034232611999999987,0.369849246,0.355210034,1.8298493099999997
9222,0.0034241812,0.369849246,0.352556768,1.9621106
9223,0.0034251012,0.385929648,0.352556768,2.1699497699999997
9224,0.0034260211999999996,0.377889447,0.352556768,2.37778894
9225,0.0034269411999999994,0.385929648,0.355210034,2.62341705
9226,0.003427861199999999,0.377889447,0.352556768,2.9068340999999998
9227,0.003428781199999999,0.385929648,0.352556768,3.15246221
9228,0.0034297011999999986,0.369849246,0.355210034,3.30361797
9229,0.0034306212,0.361809045,0.355210034,3.45477373
9230,0.0034315412,0.385929648,0.352556768,3.49256267
9231,0.0034324611999999996,0.369849246,0.352556768,3.49256267
9232,0.0034333811999999993,0.377889447,0.352556768,3.43587926
9233,0.003434301199999999,0.377889447,0.34990350200000003,3.3225124399999997
9234,0.003435221199999999,0.385929648,0.352556768,3.11467327
9235,0.0034361412000000003,0.369849246,0.34990350200000003,2.92572857
9236,0.0034370612,0.377889447,0.352556768,2.69899493
9237,0.0034379811999999997,0.377889447,0.352556768,2.51005023
9238,0.0034389011999999995,0.377889447,0.34990350200000003,2.2833165899999996
9239,0.0034398211999999992,0.377889447,0.34725023600000005,2.03768848
9240,0.003440741199999999,0.377889447,0.34990350200000003,1.88653272
9241,0.0034416611999999987,0.377889447,0.34990350200000003,1.7542714299999997
9242,0.0034425812,0.385929648,0.352556768,1.6786935499999998
9243,0.0034435012,0.385929648,0.34990350200000003,1.69758802
9244,0.0034444211999999997,0.385929648,0.34990350200000003,1.7542714299999997
9245,0.0034453411999999994,0.385929648,0.34725023600000005,1.88653272
9246,0.003446261199999999,0.369849246,0.34990350200000003,2.0187940099999997
9247,0.003447181199999999,0.385929648,0.352556768,2.2077387099999997
9248,0.0034481011999999986,0.385929648,0.34725023600000005,2.45336682
9249,0.0034490212,0.377889447,0.34725023600000005,2.69899493
9250,0.0034499412,0.377889447,0.34990350200000003,2.9446230399999997
9251,0.0034508611999999996,0.385929648,0.34725023600000005,3.15246221
9252,0.0034517811999999993,0.385929648,0.352556768,3.3225124399999997
9253,0.003452701199999999,0.385929648,0.34990350200000003,3.45477373
9254,0.003453621199999999,0.377889447,0.34990350200000003,3.51145714
9255,0.0034545412000000003,0.377889447,0.34990350200000003,3.49256267
9256,0.0034554612,0.385929648,0.34990350200000003,3.37919585
9257,0.0034563811999999998,0.377889447,0.352556768,3.22804009
9258,0.0034573011999999995,0.377889447,0.355210034,3.03909539
9259,0.0034582211999999992,0.377889447,0.34725023600000005,2.85015069
9260,0.003459141199999999,0.369849246,0.355210034,2.54783917
9261,0.0034600611999999987,0.377889447,0.352556768,2.2833165899999996
9262,0.0034609812,0.361809045,0.3578633,2.11326636
9263,0.0034619012,0.377889447,0.34990350200000003,1.90542719
9264,0.0034628211999999997,0.385929648,0.352556768,1.7542714299999997
9265,0.0034637411999999994,0.369849246,0.352556768,1.6786935499999998
9266,0.003464661199999999,0.369849246,0.3578633,1.7164824899999997
9267,0.003465581199999999,0.385929648,0.355210034,1.7542714299999997
9268,0.0034665011999999986,0.369849246,0.355210034,1.92432166
9269,0.0034674212,0.377889447,0.355210034,2.1321608299999997
9270,0.0034683412,0.385929648,0.352556768,2.35889447
9271,0.0034692611999999996,0.385929648,0.355210034,2.62341705
9272,0.0034701811999999993,0.385929648,0.352556768,2.85015069
9273,0.003471101199999999,0.377889447,0.3578633,3.0579898599999997
9274,0.003472021199999999,0.385929648,0.3578633,3.22804009
9275,0.0034729412000000003,0.385929648,0.352556768,3.37919585
9276,0.0034738612,0.39396984900000004,0.355210034,3.45477373
9277,0.0034747811999999998,0.385929648,0.3578633,3.49256267
9278,0.0034757011999999995,0.385929648,0.355210034,3.4736681999999997
9279,0.0034766211999999993,0.377889447,0.355210034,3.36030138
9280,0.003477541199999999,0.377889447,0.355210034,3.22804009
9281,0.0034784611999999987,0.385929648,0.352556768,3.03909539
9282,0.0034793812,0.377889447,0.352556768,2.85015069
9283,0.0034803012,0.377889447,0.352556768,2.68010046
9284,0.0034812211999999997,0.377889447,0.352556768,2.41557788
9285,0.0034821411999999994,0.385929648,0.352556768,2.2077387099999997
9286,0.003483061199999999,0.39396984900000004,0.352556768,2.0187940099999997
9287,0.003483981199999999,0.39396984900000004,0.352556768,1.84874378
9288,0.0034849011999999987,0.385929648,0.34990350200000003,1.73537696
9289,0.0034858212,0.385929648,0.352556768,1.69758802
9290,0.0034867412,0.385929648,0.352556768,1.6786935499999998
9291,0.0034876611999999996,0.39396984900000004,0.34990350200000003,1.73537696
9292,0.0034885811999999993,0.385929648,0.34990350200000003,1.84874378
9293,0.003489501199999999,0.377889447,0.34990350200000003,2.03768848
9294,0.003490421199999999,0.361809045,0.34725023600000005,2.2077387099999997
9295,0.0034913412000000003,0.385929648,0.34725023600000005,2.37778894
9296,0.0034922612,0.377889447,0.34725023600000005,2.62341705
9297,0.0034931812,0.385929648,0.34725023600000005,2.85015069
9298,0.0034941011999999995,0.385929648,0.34990350200000003,3.03909539
9299,0.0034950211999999993,0.377889447,0.34990350200000003,3.2091456199999997
9300,0.003495941199999999,0.385929648,0.34990350200000003,3.34140691
9301,0.0034968611999999987,0.385929648,0.34990350200000003,3.43587926
9302,0.0034977812000000002,0.377889447,0.34990350200000003,3.49256267
9303,0.0034987012,0.385929648,0.34990350200000003,3.4736681999999997
9304,0.0034996211999999997,0.385929648,0.34990350200000003,3.43587926
9305,0.0035005411999999994,0.385929648,0.34725023600000005,3.26582903
9306,0.003501461199999999,0.377889447,0.34725023600000005,3.1335677399999997
9307,0.003502381199999999,0.39396984900000004,0.34990350200000003,2.9446230399999997
9308,0.0035033011999999987,0.377889447,0.34459697,2.66120599
9309,0.0035042212,0.39396984900000004,0.34990350200000003,2.47226129
9310,0.0035051412,0.39396984900000004,0.34990350200000003,2.2833165899999996
9311,0.0035060611999999996,0.377889447,0.34990350200000003,2.07547742
9312,0.0035069811999999994,0.385929648,0.34990350200000003,1.88653272
9313,0.003507901199999999,0.385929648,0.352556768,1.7542714299999997
9314,0.003508821199999999,0.39396984900000004,0.34990350200000003,1.69758802
9315,0.0035097411999999986,0.39396984900000004,0.355210034,1.65979908
9316,0.0035106612,0.377889447,0.355210034,1.7542714299999997
9317,0.0035115812,0.377889447,0.352556768,1.88653272
9318,0.0035125011999999995,0.377889447,0.355210034,2.0565829499999997
9319,0.0035134211999999993,0.377889447,0.355210034,2.2455276499999997
9320,0.003514341199999999,0.39396984900000004,0.355210034,2.47226129
9321,0.0035152611999999988,0.377889447,0.34990350200000003,2.73678387
9322,0.0035161812000000002,0.377889447,0.352556768,3.00130645
9323,0.0035171012,0.385929648,0.352556768,3.15246221
9324,0.0035180211999999997,0.385929648,0.355210034,3.34140691
9325,0.0035189411999999995,0.385929648,0.34990350200000003,3.43587926
9326,0.003519861199999999,0.385929648,0.355210034,3.51145714
9327,0.003520781199999999,0.377889447,0.355210034,3.4736681999999997
9328,0.0035217011999999987,0.385929648,0.3578633,3.3980903199999997
9329,0.0035226212,0.39396984900000004,0.355210034,3.26582903
9330,0.0035235412,0.385929648,0.3578633,3.11467327
9331,0.0035244611999999996,0.377889447,0.352556768,2.8312562199999998
9332,0.0035253811999999994,0.39396984900000004,0.3578633,2.62341705
9333,0.003526301199999999,0.39396984900000004,0.34990350200000003,2.43447235
9334,0.003527221199999999,0.385929648,0.352556768,2.18884424
9335,0.0035281411999999986,0.377889447,0.355210034,1.98100507
9336,0.0035290612,0.385929648,0.352556768,1.81095484
9337,0.0035299812,0.377889447,0.3578633,1.73537696
9338,0.0035309011999999996,0.377889447,0.355210034,1.69758802
9339,0.0035318211999999993,0.377889447,0.34990350200000003,1.69758802
9340,0.003532741199999999,0.385929648,0.352556768,1.7542714299999997
9341,0.0035336611999999988,0.39396984900000004,0.34990350200000003,1.84874378
9342,0.0035345812000000002,0.385929648,0.34990350200000003,2.03768848
9343,0.0035355012,0.385929648,0.352556768,2.2077387099999997
9344,0.0035364211999999997,0.39396984900000004,0.34990350200000003,2.41557788
9345,0.0035373411999999995,0.385929648,0.355210034,2.64231152
9346,0.003538261199999999,0.40201005,0.352556768,2.88793963
9347,0.003539181199999999,0.385929648,0.352556768,3.0957787999999997
9348,0.0035401011999999987,0.385929648,0.34990350200000003,3.2469345599999997
9349,0.0035410212,0.385929648,0.352556768,3.36030138
9350,0.0035419412,0.385929648,0.34990350200000003,3.4736681999999997
9351,0.0035428611999999996,0.377889447,0.34990350200000003,3.49256267
9352,0.0035437811999999994,0.39396984900000004,0.34725023600000005,3.4736681999999997
9353,0.003544701199999999,0.385929648,0.34990350200000003,3.37919585
9354,0.003545621199999999,0.39396984900000004,0.34990350200000003,3.22804009
9355,0.0035465411999999986,0.385929648,0.34990350200000003,3.0579898599999997
9356,0.0035474612,0.40201005,0.34990350200000003,2.85015069
9357,0.0035483812,0.385929648,0.34990350200000003,2.62341705
9358,0.0035493011999999996,0.39396984900000004,0.352556768,2.43447235
9359,0.0035502211999999993,0.40201005,0.355210034,2.2077387099999997
9360,0.003551141199999999,0.385929648,0.34990350200000003,2.0565829499999997
9361,0.003552061199999999,0.385929648,0.352556768,1.88653272
9362,0.0035529812000000003,0.40201005,0.352556768,1.7542714299999997
9363,0.0035539012,0.40201005,0.34990350200000003,1.69758802
9364,0.0035548211999999997,0.385929648,0.352556768,1.6786935499999998
9365,0.0035557411999999995,0.385929648,0.352556768,1.73537696
9366,0.0035566611999999992,0.39396984900000004,0.34725023600000005,1.8298493099999997
9367,0.003557581199999999,0.40201005,0.352556768,1.94321613
9368,0.0035585011999999987,0.39396984900000004,0.34990350200000003,2.1699497699999997
9369,0.0035594212,0.39396984900000004,0.352556768,2.35889447
9370,0.0035603412,0.39396984900000004,0.355210034,2.60452258
9371,0.0035612611999999997,0.39396984900000004,0.355210034,2.81236175
9372,0.0035621811999999994,0.39396984900000004,0.355210034,3.03909539
9373,0.003563101199999999,0.39396984900000004,0.352556768,3.22804009
9374,0.003564021199999999,0.39396984900000004,0.352556768,3.36030138
9375,0.0035649411999999986,0.385929648,0.352556768,3.45477373
9376,0.0035658612,0.39396984900000004,0.355210034,3.4736681999999997
9377,0.0035667812,0.39396984900000004,0.3578633,3.4736681999999997
9378,0.0035677011999999996,0.385929648,0.3578633,3.41698479
9379,0.0035686211999999993,0.385929648,0.352556768,3.2469345599999997
9380,0.003569541199999999,0.40201005,0.355210034,3.0579898599999997
9381,0.003570461199999999,0.385929648,0.355210034,2.85015069
9382,0.0035713812000000003,0.39396984900000004,0.352556768,2.62341705
9383,0.0035723012,0.39396984900000004,0.352556768,2.35889447
9384,0.0035732211999999998,0.40201005,0.3578633,2.1321608299999997
9385,0.0035741411999999995,0.385929648,0.355210034,1.9621106
9386,0.0035750611999999992,0.385929648,0.352556768,1.81095484
9387,0.003575981199999999,0.40201005,0.352556768,1.69758802
9388,0.0035769011999999987,0.40201005,0.352556768,1.6786935499999998
9389,0.0035778212,0.39396984900000004,0.355210034,1.7164824899999997
9390,0.0035787412,0.39396984900000004,0.355210034,1.81095484
9391,0.0035796611999999997,0.39396984900000004,0.355210034,1.94321613
9392,0.0035805811999999994,0.377889447,0.352556768,2.1699497699999997
9393,0.003581501199999999,0.39396984900000004,0.34990350200000003,2.37778894
9394,0.003582421199999999,0.40201005,0.355210034,2.64231152
9395,0.0035833411999999986,0.385929648,0.34990350200000003,2.9068340999999998
9396,0.0035842612,0.385929648,0.355210034,3.0957787999999997
9397,0.0035851812,0.39396984900000004,0.3578633,3.30361797
9398,0.0035861011999999996,0.39396984900000004,0.34725023600000005,3.3980903199999997
9399,0.0035870211999999993,0.40201005,0.355210034,3.49256267
9400,0.003587941199999999,0.41005025100000003,0.352556768,3.4736681999999997
9401,0.003588861199999999,0.40201005,0.352556768,3.41698479
9402,0.0035897812000000003,0.385929648,0.355210034,3.26582903
9403,0.0035907012,0.385929648,0.352556768,3.03909539
9404,0.0035916211999999998,0.39396984900000004,0.352556768,2.8690451599999998
9405,0.0035925411999999995,0.40201005,0.352556768,2.56673364
9406,0.0035934611999999993,0.39396984900000004,0.352556768,2.35889447
9407,0.003594381199999999,0.40201005,0.34990350200000003,2.1321608299999997
9408,0.0035953011999999987,0.39396984900000004,0.352556768,1.92432166
9409,0.0035962212,0.39396984900000004,0.352556768,1.7920603699999997
9410,0.0035971412,0.39396984900000004,0.34990350200000003,1.7164824899999997
9411,0.0035980611999999997,0.39396984900000004,0.352556768,1.69758802
9412,0.0035989811999999994,0.40201005,0.355210034,1.6786935499999998
9413,0.003599901199999999,0.385929648,0.352556768,1.7920603699999997
9414,0.003600821199999999,0.39396984900000004,0.352556768,1.94321613
9415,0.0036017411999999987,0.41005025100000003,0.34990350200000003,2.1510553
9416,0.0036026612,0.40201005,0.355210034,2.34
9417,0.0036035812,0.39396984900000004,0.3578633,2.56673364
9418,0.0036045011999999996,0.40201005,0.34990350200000003,2.7934672799999998
9419,0.0036054211999999993,0.40201005,0.355210034,3.03909539
9420,0.003606341199999999,0.39396984900000004,0.352556768,3.22804009
9421,0.003607261199999999,0.40201005,0.352556768,3.37919585
9422,0.0036081812000000003,0.39396984900000004,0.352556768,3.45477373
9423,0.0036091012,0.39396984900000004,0.34990350200000003,3.49256267
9424,0.0036100212,0.385929648,0.352556768,3.45477373
9425,0.0036109411999999995,0.385929648,0.355210034,3.37919585
9426,0.0036118611999999993,0.40201005,0.352556768,3.2469345599999997
9427,0.003612781199999999,0.39396984900000004,0.355210034,3.07688433
9428,0.0036137011999999987,0.40201005,0.355210034,2.85015069
9429,0.0036146212000000002,0.39396984900000004,0.3578633,2.62341705
9430,0.0036155412,0.39396984900000004,0.355210034,2.35889447
9431,0.0036164611999999997,0.39396984900000004,0.3578633,2.1510553
9432,0.0036173811999999994,0.39396984900000004,0.352556768,1.92432166
9433,0.003618301199999999,0.41005025100000003,0.355210034,1.7920603699999997
9434,0.003619221199999999,0.40201005,0.355210034,1.73537696
9435,0.0036201411999999987,0.39396984900000004,0.355210034,1.6786935499999998
9436,0.0036210612,0.40201005,0.3578633,1.6786935499999998
9437,0.0036219812,0.39396984900000004,0.355210034,1.73537696
9438,0.0036229011999999996,0.40201005,0.355210034,1.92432166
9439,0.0036238211999999994,0.385929648,0.352556768,2.0565829499999997
9440,0.003624741199999999,0.39396984900000004,0.355210034,2.2833165899999996
9441,0.003625661199999999,0.39396984900000004,0.352556768,2.49115576
9442,0.0036265811999999986,0.40201005,0.3578633,2.81236175
9443,0.0036275012,0.39396984900000004,0.355210034,3.00130645
9444,0.0036284212,0.40201005,0.3578633,3.2091456199999997
9445,0.0036293411999999995,0.39396984900000004,0.355210034,3.37919585
9446,0.0036302611999999993,0.39396984900000004,0.355210034,3.43587926
9447,0.003631181199999999,0.40201005,0.352556768,3.4736681999999997
9448,0.0036321011999999988,0.40201005,0.355210034,3.45477373
9449,0.0036330212000000002,0.40201005,0.3578633,3.34140691
9450,0.0036339412,0.41005025100000003,0.352556768,3.1713566799999997
9451,0.0036348611999999997,0.39396984900000004,0.34990350200000003,2.92572857
9452,0.0036357811999999995,0.40201005,0.355210034,2.68010046
9453,0.003636701199999999,0.40201005,0.352556768,2.37778894
9454,0.003637621199999999,0.41005025100000003,0.352556768,2.1321608299999997
9455,0.0036385411999999987,0.385929648,0.352556768,1.9621106
9456,0.0036394612,0.40201005,0.352556768,1.7920603699999997
9457,0.0036403812,0.39396984900000004,0.34990350200000003,1.6786935499999998
9458,0.0036413011999999996,0.39396984900000004,0.352556768,1.6786935499999998
9459,0.0036422211999999994,0.39396984900000004,0.352556768,1.73537696
9460,0.003643141199999999,0.39396984900000004,0.355210034,1.88653272
9461,0.003644061199999999,0.40201005,0.352556768,2.0943718899999997
9462,0.0036449811999999986,0.39396984900000004,0.355210034,2.3211055299999996
9463,0.0036459012,0.39396984900000004,0.355210034,2.56673364
9464,0.0036468212,0.40201005,0.352556768,2.81236175
9465,0.0036477411999999996,0.41005025100000003,0.34990350200000003,3.03909539
9466,0.0036486611999999993,0.40201005,0.352556768,3.26582903
9467,0.003649581199999999,0.40201005,0.352556768,3.37919585
9468,0.0036505011999999988,0.385929648,0.355210034,3.49256267
9469,0.0036514212000000002,0.40201005,0.352556768,3.49256267
9470,0.0036523412,0.40201005,0.352556768,3.43587926
9471,0.0036532611999999997,0.40201005,0.352556768,3.30361797
9472,0.0036541811999999995,0.41005025100000003,0.34990350200000003,3.0957787999999997
9473,0.003655101199999999,0.40201005,0.355210034,2.92572857
9474,0.003656021199999999,0.39396984900000004,0.352556768,2.64231152
9475,0.0036569411999999987,0.39396984900000004,0.34990350200000003,2.37778894
9476,0.0036578612,0.40201005,0.355210034,2.18884424
9477,0.0036587812,0.41005025100000003,0.355210034,1.9621106
9478,0.0036597011999999996,0.40201005,0.352556768,1.81095484
9479,0.0036606211999999994,0.41005025100000003,0.3578633,1.69758802
9480,0.003661541199999999,0.41005025100000003,0.352556768,1.6786935499999998
9481,0.003662461199999999,0.39396984900000004,0.352556768,1.69758802
9482,0.0036633811999999986,0.40201005,0.3578633,1.7731659
9483,0.0036643012,0.40201005,0.352556768,1.90542719
9484,0.0036652212,0.40201005,0.3578633,2.07547742
9485,0.0036661411999999996,0.40201005,0.355210034,2.30221106
9486,0.0036670611999999993,0.418090452,0.352556768,2.5289447
9487,0.003667981199999999,0.40201005,0.352556768,2.75567834
9488,0.003668901199999999,0.41005025100000003,0.352556768,3.00130645
9489,0.0036698212000000003,0.41005025100000003,0.34990350200000003,3.1713566799999997
9490,0.0036707412,0.41005025100000003,0.355210034,3.36030138
9491,0.0036716611999999997,0.40201005,0.3578633,3.45477373
9492,0.0036725811999999995,0.39396984900000004,0.355210034,3.49256267
9493,0.0036735011999999992,0.40201005,0.355210034,3.45477373
9494,0.003674421199999999,0.40201005,0.355210034,3.3980903199999997
9495,0.0036753411999999987,0.41005025100000003,0.352556768,3.26582903
9496,0.0036762612,0.40201005,0.352556768,3.07688433
9497,0.0036771812,0.39396984900000004,0.352556768,2.88793963
9498,0.0036781011999999997,0.40201005,0.3578633,2.64231152
9499,0.0036790211999999994,0.41005025100000003,0.352556768,2.39668341
9500,0.003679941199999999,0.40201005,0.355210034,2.2077387099999997
9501,0.003680861199999999,0.40201005,0.355210034,1.9621106
9502,0.0036817811999999986,0.40201005,0.34725023600000005,1.81095484
9503,0.0036827012,0.41005025100000003,0.352556768,1.73537696
9504,0.0036836212,0.40201005,0.352556768,1.6409046099999998
9505,0.0036845411999999996,0.40201005,0.352556768,1.69758802
9506,0.0036854611999999993,0.41005025100000003,0.352556768,1.81095484
9507,0.003686381199999999,0.41005025100000003,0.352556768,1.98100507
9508,0.003687301199999999,0.40201005,0.355210034,2.18884424
9509,0.0036882212000000003,0.40201005,0.352556768,2.41557788
9510,0.0036891412,0.40201005,0.3578633,2.64231152
9511,0.0036900611999999998,0.40201005,0.352556768,2.88793963
9512,0.0036909811999999995,0.41005025100000003,0.34990350200000003,3.15246221
9513,0.0036919011999999992,0.41005025100000003,0.352556768,3.3225124399999997
9514,0.003692821199999999,0.41005025100000003,0.352556768,3.43587926
9515,0.0036937411999999987,0.40201005,0.355210034,3.45477373
9516,0.0036946612,0.40201005,0.355210034,3.4736681999999997
9517,0.0036955812,0.41005025100000003,0.352556768,3.3225124399999997
9518,0.0036965011999999997,0.41005025100000003,0.352556768,3.1713566799999997
9519,0.0036974211999999994,0.40201005,0.355210034,2.9446230399999997
9520,0.003698341199999999,0.41005025100000003,0.355210034,2.68010046
9521,0.003699261199999999,0.39396984900000004,0.352556768,2.45336682
9522,0.0037001811999999986,0.41005025100000003,0.352556768,2.22663318
9523,0.0037011012,0.40201005,0.355210034,1.98100507
9524,0.0037020212,0.40201005,0.352556768,1.8298493099999997
9525,0.0037029411999999996,0.39396984900000004,0.3578633,1.73537696
9526,0.0037038611999999993,0.40201005,0.3578633,1.65979908
9527,0.003704781199999999,0.41005025100000003,0.355210034,1.6786935499999998
9528,0.003705701199999999,0.41005025100000003,0.3578633,1.7542714299999997
9529,0.0037066212000000003,0.41005025100000003,0.355210034,1.8676382499999997
9530,0.0037075412,0.39396984900000004,0.355210034,2.03768848
9531,0.0037084611999999998,0.40201005,0.355210034,2.26442212
9532,0.0037093811999999995,0.40201005,0.355210034,2.49115576
9533,0.0037103011999999993,0.41005025100000003,0.352556768,2.77457281
9534,0.003711221199999999,0.41005025100000003,0.352556768,2.9446230399999997
9535,0.0037121411999999987,0.40201005,0.3578633,3.1713566799999997
9536,0.0037130612,0.39396984900000004,0.352556768,3.3225124399999997
9537,0.0037139812,0.426130653,0.352556768,3.43587926
9538,0.0037149011999999997,0.40201005,0.355210034,3.49256267
9539,0.0037158211999999994,0.41005025100000003,0.352556768,3.45477373
9540,0.003716741199999999,0.40201005,0.355210034,3.3980903199999997
9541,0.003717661199999999,0.41005025100000003,0.355210034,3.2469345599999997
9542,0.0037185811999999987,0.40201005,0.34990350200000003,3.0579898599999997
9543,0.0037195012,0.41005025100000003,0.352556768,2.85015069
9544,0.0037204212,0.41005025100000003,0.355210034,2.60452258
9545,0.0037213411999999996,0.40201005,0.352556768,2.39668341
9546,0.0037222611999999993,0.40201005,0.352556768,2.18884424
9547,0.003723181199999999,0.40201005,0.355210034,1.99989954
9548,0.003724101199999999,0.41005025100000003,0.352556768,1.8298493099999997
9549,0.0037250212000000003,0.39396984900000004,0.352556768,1.7164824899999997
9550,0.0037259412,0.41005025100000003,0.355210034,1.65979908
9551,0.0037268612,0.40201005,0.352556768,1.65979908
9552,0.0037277811999999995,0.39396984900000004,0.352556768,1.73537696
9553,0.0037287011999999993,0.418090452,0.355210034,1.8298493099999997
9554,0.003729621199999999,0.40201005,0.352556768,1.98100507
9555,0.0037305411999999987,0.41005025100000003,0.352556768,2.1699497699999997
9556,0.0037314612000000002,0.418090452,0.34990350200000003,2.39668341
9557,0.0037323812,0.40201005,0.352556768,2.64231152
9558,0.0037333011999999997,0.41005025100000003,0.355210034,2.88793963
9559,0.0037342211999999994,0.41005025100000003,0.355210034,3.07688433
9560,0.003735141199999999,0.418090452,0.352556768,3.22804009
9561,0.003736061199999999,0.418090452,0.34990350200000003,3.37919585
9562,0.0037369811999999987,0.418090452,0.355210034,3.4736681999999997
9563,0.0037379012,0.40201005,0.355210034,3.49256267
9564,0.0037388212,0.41005025100000003,0.3578633,3.43587926
9565,0.0037397411999999996,0.40201005,0.355210034,3.36030138
9566,0.0037406611999999994,0.41005025100000003,0.355210034,3.22804009
9567,0.003741581199999999,0.40201005,0.352556768,3.03909539
9568,0.003742501199999999,0.40201005,0.355210034,2.81236175
9569,0.0037434211999999986,0.41005025100000003,0.355210034,2.58562811
9570,0.0037443412,0.40201005,0.352556768,2.37778894
9571,0.0037452612,0.41005025100000003,0.355210034,2.1510553
9572,0.0037461811999999995,0.41005025100000003,0.355210034,1.94321613
9573,0.0037471011999999993,0.41005025100000003,0.355210034,1.81095484
9574,0.003748021199999999,0.41005025100000003,0.355210034,1.6786935499999998
9575,0.0037489411999999988,0.418090452,0.355210034,1.65979908
9576,0.0037498612000000002,0.41005025100000003,0.352556768,1.69758802
9577,0.0037507812,0.41005025100000003,0.355210034,1.7731659
9578,0.0037517011999999997,0.41005025100000003,0.355210034,1.90542719
9579,0.0037526211999999995,0.41005025100000003,0.3578633,2.0565829499999997
9580,0.003753541199999999,0.418090452,0.3578633,2.2833165899999996
9581,0.003754461199999999,0.41005025100000003,0.3578633,2.56673364
9582,0.0037553811999999987,0.41005025100000003,0.3578633,2.7934672799999998
9583,0.0037563012,0.41005025100000003,0.3578633,3.00130645
9584,0.0037572212,0.41005025100000003,0.352556768,3.19025115
9585,0.0037581411999999996,0.426130653,0.355210034,3.34140691
9586,0.0037590611999999994,0.41005025100000003,0.352556768,3.43587926
9587,0.003759981199999999,0.418090452,0.3578633,3.4736681999999997
9588,0.003760901199999999,0.418090452,0.355210034,3.4736681999999997
9589,0.0037618211999999986,0.418090452,0.3578633,3.43587926
9590,0.0037627412,0.41005025100000003,0.352556768,3.26582903
9591,0.0037636612,0.41005025100000003,0.355210034,3.11467327
9592,0.0037645811999999996,0.418090452,0.352556768,2.88793963
9593,0.0037655011999999993,0.41005025100000003,0.352556768,2.66120599
9594,0.003766421199999999,0.41005025100000003,0.352556768,2.43447235
9595,0.0037673411999999988,0.41005025100000003,0.352556768,2.18884424
9596,0.0037682612000000002,0.418090452,0.355210034,1.98100507
9597,0.0037691812,0.418090452,0.355210034,1.84874378
9598,0.0037701011999999997,0.41005025100000003,0.352556768,1.73537696
9599,0.0037710211999999995,0.41005025100000003,0.352556768,1.6786935499999998
9600,0.003771941199999999,0.41005025100000003,0.355210034,1.65979908
9601,0.003772861199999999,0.418090452,0.352556768,1.73537696
9602,0.0037737811999999987,0.40201005,0.355210034,1.8676382499999997
9603,0.0037747012,0.41005025100000003,0.352556768,2.03768848
9604,0.0037756212,0.418090452,0.352556768,2.26442212
9605,0.0037765411999999996,0.40201005,0.3578633,2.47226129
9606,0.0037774611999999994,0.426130653,0.355210034,2.7178894
9607,0.003778381199999999,0.41005025100000003,0.352556768,2.92572857
9608,0.003779301199999999,0.41005025100000003,0.34990350200000003,3.11467327
9609,0.0037802211999999986,0.41005025100000003,0.352556768,3.2847235
9610,0.0037811412,0.41005025100000003,0.355210034,3.37919585
9611,0.0037820612,0.418090452,0.355210034,3.45477373
9612,0.0037829811999999996,0.418090452,0.352556768,3.4736681999999997
9613,0.0037839011999999993,0.426130653,0.352556768,3.43587926
9614,0.003784821199999999,0.418090452,0.3578633,3.34140691
9615,0.003785741199999999,0.41005025100000003,0.3578633,3.1713566799999997
9616,0.0037866612000000003,0.41005025100000003,0.355210034,3.00130645
9617,0.0037875812,0.41005025100000003,0.352556768,2.81236175
9618,0.0037885011999999997,0.426130653,0.355210034,2.58562811
9619,0.0037894211999999995,0.418090452,0.355210034,2.35889447
9620,0.0037903411999999992,0.40201005,0.3578633,2.18884424
9621,0.003791261199999999,0.418090452,0.352556768,2.0187940099999997
9622,0.0037921811999999987,0.418090452,0.355210034,1.84874378
9623,0.0037931012,0.418090452,0.355210034,1.7542714299999997
9624,0.0037940212,0.418090452,0.355210034,1.65979908
9625,0.0037949411999999997,0.418090452,0.3578633,1.6409046099999998
9626,0.0037958611999999994,0.426130653,0.3578633,1.69758802
9627,0.003796781199999999,0.41005025100000003,0.355210034,1.81095484
9628,0.003797701199999999,0.418090452,0.352556768,1.94321613
9629,0.0037986211999999986,0.418090452,0.352556768,2.1510553
9630,0.0037995412,0.418090452,0.355210034,2.35889447
9631,0.0038004612,0.418090452,0.355210034,2.54783917
9632,0.0038013811999999996,0.418090452,0.355210034,2.75567834
9633,0.0038023011999999993,0.40201005,0.3578633,2.96351751
9634,0.003803221199999999,0.426130653,0.3578633,3.15246221
9635,0.003804141199999999,0.418090452,0.355210034,3.3225124399999997
9636,0.0038050612000000003,0.418090452,0.355210034,3.45477373
9637,0.0038059812,0.418090452,0.3578633,3.49256267
9638,0.0038069011999999998,0.418090452,0.355210034,3.49256267
9639,0.0038078211999999995,0.426130653,0.3578633,3.41698479
9640,0.0038087411999999992,0.426130653,0.3578633,3.2469345599999997
9641,0.003809661199999999,0.41005025100000003,0.3578633,3.0957787999999997
9642,0.0038105811999999987,0.426130653,0.3578633,2.8312562199999998
9643,0.0038115012,0.426130653,0.352556768,2.64231152
9644,0.0038124212,0.418090452,0.355210034,2.35889447
9645,0.0038133411999999997,0.426130653,0.3578633,2.1510553
9646,0.0038142611999999994,0.418090452,0.352556768,1.94321613
9647,0.003815181199999999,0.426130653,0.34990350200000003,1.7920603699999997
9648,0.003816101199999999,0.426130653,0.352556768,1.6786935499999998
9649,0.0038170211999999986,0.418090452,0.355210034,1.65979908
9650,0.0038179412,0.426130653,0.355210034,1.69758802
9651,0.0038188612,0.418090452,0.352556768,1.7920603699999997
9652,0.0038197811999999996,0.418090452,0.355210034,1.98100507
9653,0.0038207011999999993,0.418090452,0.34990350200000003,2.1699497699999997
9654,0.003821621199999999,0.40201005,0.34990350200000003,2.39668341
9655,0.003822541199999999,0.418090452,0.355210034,2.64231152
9656,0.0038234612000000003,0.418090452,0.352556768,2.88793963
9657,0.0038243812,0.418090452,0.355210034,3.0957787999999997
9658,0.0038253011999999998,0.418090452,0.352556768,3.2847235
9659,0.0038262211999999995,0.418090452,0.355210034,3.43587926
9660,0.0038271411999999993,0.418090452,0.355210034,3.45477373
9661,0.003828061199999999,0.418090452,0.34990350200000003,3.49256267
9662,0.0038289811999999987,0.434170854,0.352556768,3.36030138
9663,0.0038299012,0.41005025100000003,0.3578633,3.22804009
9664,0.0038308212,0.418090452,0.355210034,3.03909539
9665,0.0038317411999999997,0.418090452,0.352556768,2.8312562199999998
9666,0.0038326611999999994,0.41005025100000003,0.355210034,2.56673364
9667,0.003833581199999999,0.41005025100000003,0.3578633,2.2833165899999996
9668,0.003834501199999999,0.418090452,0.355210034,2.1510553
9669,0.0038354211999999986,0.418090452,0.3578633,1.92432166
9670,0.0038363412,0.418090452,0.355210034,1.7920603699999997
9671,0.0038372612,0.426130653,0.3578633,1.69758802
9672,0.0038381811999999996,0.418090452,0.3578633,1.6409046099999998
9673,0.0038391011999999993,0.418090452,0.355210034,1.6786935499999998
9674,0.003840021199999999,0.418090452,0.3578633,1.7542714299999997
9675,0.003840941199999999,0.418090452,0.355210034,1.88653272
9676,0.0038418612000000003,0.41005025100000003,0.355210034,2.0943718899999997
9677,0.0038427812,0.434170854,0.3578633,2.2455276499999997
9678,0.0038437012,0.418090452,0.3578633,2.49115576
9679,0.0038446211999999995,0.434170854,0.3578633,2.69899493
9680,0.0038455411999999993,0.41005025100000003,0.352556768,2.9068340999999998
9681,0.003846461199999999,0.434170854,0.3578633,3.0957787999999997
9682,0.0038473811999999987,0.426130653,0.3578633,3.30361797
9683,0.0038483012000000002,0.426130653,0.355210034,3.3980903199999997
9684,0.0038492212,0.418090452,0.352556768,3.4736681999999997
9685,0.0038501411999999997,0.418090452,0.355210034,3.45477373
9686,0.0038510611999999994,0.418090452,0.3578633,3.45477373
9687,0.003851981199999999,0.426130653,0.355210034,3.34140691
9688,0.003852901199999999,0.434170854,0.3578633,3.2469345599999997
9689,0.0038538211999999987,0.426130653,0.355210034,3.03909539
9690,0.0038547412,0.426130653,0.355210034,2.81236175
9691,0.0038556612,0.418090452,0.355210034,2.60452258
9692,0.0038565811999999996,0.426130653,0.3578633,2.34
9693,0.0038575011999999994,0.418090452,0.355210034,2.1510553
9694,0.003858421199999999,0.41005025100000003,0.352556768,1.92432166
9695,0.003859341199999999,0.418090452,0.355210034,1.7731659
9696,0.0038602611999999986,0.426130653,0.355210034,1.69758802
9697,0.0038611812,0.418090452,0.355210034,1.65979908
9698,0.0038621012,0.418090452,0.3578633,1.7164824899999997
9699,0.0038630211999999995,0.434170854,0.352556768,1.81095484
9700,0.0038639411999999993,0.418090452,0.34990350200000003,1.99989954
9701,0.003864861199999999,0.434170854,0.352556768,2.18884424
9702,0.0038657811999999988,0.418090452,0.352556768,2.49115576
9703,0.0038667012000000002,0.426130653,0.352556768,2.75567834
9704,0.0038676212,0.418090452,0.352556768,3.00130645
9705,0.0038685411999999997,0.418090452,0.352556768,3.19025115
9706,0.0038694611999999995,0.426130653,0.34990350200000003,3.3980903199999997
9707,0.003870381199999999,0.426130653,0.352556768,3.45477373
9708,0.003871301199999999,0.426130653,0.352556768,3.43587926
9709,0.0038722211999999987,0.434170854,0.352556768,3.41698479
9710,0.0038731412,0.418090452,0.352556768,3.26582903
9711,0.0038740612,0.418090452,0.352556768,3.0202009199999997
9712,0.0038749811999999996,0.418090452,0.355210034,2.81236175
9713,0.0038759011999999994,0.41005025100000003,0.352556768,2.56673364
9714,0.003876821199999999,0.418090452,0.34990350200000003,2.30221106
9715,0.003877741199999999,0.426130653,0.3578633,2.0943718899999997
9716,0.0038786611999999986,0.426130653,0.355210034,1.88653272
9717,0.0038795812,0.426130653,0.355210034,1.7542714299999997
9718,0.0038805012,0.426130653,0.355210034,1.65979908
9719,0.0038814211999999996,0.434170854,0.355210034,1.65979908
9720,0.0038823411999999993,0.434170854,0.3578633,1.7542714299999997
9721,0.003883261199999999,0.426130653,0.355210034,1.88653272
9722,0.0038841811999999988,0.426130653,0.3578633,2.0943718899999997
9723,0.0038851012000000002,0.426130653,0.355210034,2.30221106
9724,0.0038860212,0.418090452,0.352556768,2.56673364
9725,0.0038869411999999997,0.434170854,0.355210034,2.81236175
9726,0.0038878611999999995,0.434170854,0.3578633,3.0202009199999997
9727,0.003888781199999999,0.45025125600000004,0.3578633,3.22804009
9728,0.003889701199999999,0.426130653,0.36051656600000004,3.3980903199999997
9729,0.0038906211999999987,0.434170854,0.3578633,3.4736681999999997
9730,0.0038915412,0.442211055,0.36051656600000004,3.4736681999999997
9731,0.0038924612,0.426130653,0.3578633,3.43587926
9732,0.0038933811999999996,0.434170854,0.36051656600000004,3.34140691
9733,0.0038943011999999994,0.418090452,0.36051656600000004,3.19025115
9734,0.003895221199999999,0.418090452,0.3578633,2.9824119799999997
9735,0.003896141199999999,0.426130653,0.3578633,2.75567834
9736,0.0038970611999999986,0.434170854,0.355210034,2.54783917
9737,0.0038979812,0.418090452,0.3578633,2.30221106
9738,0.0038989012,0.434170854,0.355210034,2.11326636
9739,0.0038998211999999996,0.434170854,0.3578633,1.88653272
9740,0.0039007411999999993,0.442211055,0.355210034,1.7542714299999997
9741,0.003901661199999999,0.426130653,0.352556768,1.69758802
9742,0.003902581199999999,0.426130653,0.3578633,1.6409046099999998
9743,0.0039035012000000003,0.426130653,0.355210034,1.6786935499999998
9744,0.0039044212,0.434170854,0.355210034,1.7920603699999997
9745,0.0039053411999999997,0.434170854,0.3578633,1.94321613
9746,0.0039062611999999995,0.426130653,0.352556768,2.1321608299999997
9747,0.003907181199999999,0.434170854,0.3578633,2.34
9748,0.003908101199999999,0.434170854,0.355210034,2.5289447
9749,0.003909021199999999,0.434170854,0.352556768,2.81236175
9750,0.0039099412,0.426130653,0.355210034,3.0202009199999997
9751,0.0039108612,0.426130653,0.352556768,3.22804009
9752,0.0039117812,0.426130653,0.355210034,3.36030138
9753,0.003912701199999999,0.41005025100000003,0.352556768,3.45477373
9754,0.003913621199999999,0.434170854,0.34990350200000003,3.4736681999999997
9755,0.003914541199999999,0.426130653,0.352556768,3.41698479
9756,0.003915461199999999,0.434170854,0.352556768,3.2847235
9757,0.0039163812,0.434170854,0.355210034,3.11467327
9758,0.0039173012,0.426130653,0.34990350200000003,2.92572857
9759,0.0039182212,0.434170854,0.352556768,2.68010046
9760,0.003919141199999999,0.434170854,0.352556768,2.39668341
9761,0.003920061199999999,0.426130653,0.352556768,2.18884424
9762,0.003920981199999999,0.41005025100000003,0.352556768,1.9621106
9763,0.0039219012,0.434170854,0.355210034,1.7731659
9764,0.0039228212,0.426130653,0.355210034,1.69758802
9765,0.0039237412,0.418090452,0.352556768,1.65979908
9766,0.0039246611999999995,0.434170854,0.352556768,1.69758802
9767,0.003925581199999999,0.442211055,0.352556768,1.81095484
9768,0.003926501199999999,0.434170854,0.355210034,1.9621106
9769,0.003927421199999999,0.434170854,0.355210034,2.1699497699999997
9770,0.0039283412,0.434170854,0.355210034,2.39668341
9771,0.0039292612,0.418090452,0.3578633,2.60452258
9772,0.0039301812,0.426130653,0.3578633,2.8690451599999998
9773,0.003931101199999999,0.434170854,0.3578633,3.0957787999999997
9774,0.003932021199999999,0.442211055,0.355210034,3.2847235
9775,0.003932941199999999,0.442211055,0.3578633,3.3980903199999997
9776,0.003933861199999999,0.434170854,0.355210034,3.4736681999999997
9777,0.0039347812,0.426130653,0.36051656600000004,3.4736681999999997
9778,0.0039357012,0.434170854,0.355210034,3.3980903199999997
9779,0.0039366212,0.426130653,0.36051656600000004,3.2469345599999997
9780,0.003937541199999999,0.442211055,0.3578633,3.0579898599999997
9781,0.003938461199999999,0.434170854,0.36051656600000004,2.81236175
9782,0.003939381199999999,0.426130653,0.3578633,2.56673364
9783,0.0039403012,0.426130653,0.3578633,2.34
9784,0.0039412212,0.434170854,0.36051656600000004,2.11326636
9785,0.0039421412,0.442211055,0.3578633,1.92432166
9786,0.0039430611999999995,0.434170854,0.3578633,1.7542714299999997
9787,0.003943981199999999,0.434170854,0.3578633,1.6786935499999998
9788,0.003944901199999999,0.434170854,0.3578633,1.65979908
9789,0.003945821199999999,0.434170854,0.3578633,1.69758802
9790,0.0039467412,0.434170854,0.3578633,1.7731659
9791,0.0039476612,0.41005025100000003,0.36051656600000004,1.9621106
9792,0.0039485812,0.426130653,0.3578633,2.1510553
9793,0.003949501199999999,0.434170854,0.355210034,2.34
9794,0.003950421199999999,0.426130653,0.3578633,2.56673364
9795,0.003951341199999999,0.434170854,0.3578633,2.8312562199999998
9796,0.003952261199999999,0.426130653,0.355210034,3.0579898599999997
9797,0.0039531812,0.434170854,0.355210034,3.2469345599999997
9798,0.0039541012,0.434170854,0.355210034,3.36030138
9799,0.0039550212,0.434170854,0.352556768,3.4736681999999997
9800,0.003955941199999999,0.426130653,0.352556768,3.45477373
9801,0.003956861199999999,0.426130653,0.352556768,3.41698479
9802,0.003957781199999999,0.426130653,0.3578633,3.34140691
9803,0.0039587012,0.434170854,0.355210034,3.2091456199999997
9804,0.0039596212,0.442211055,0.34990350200000003,3.03909539
9805,0.0039605412,0.434170854,0.352556768,2.81236175
9806,0.0039614611999999995,0.434170854,0.352556768,2.60452258
9807,0.003962381199999999,0.426130653,0.352556768,2.35889447
9808,0.003963301199999999,0.434170854,0.355210034,2.1321608299999997
9809,0.003964221199999999,0.426130653,0.355210034,1.9621106
9810,0.0039651412,0.434170854,0.3578633,1.8298493099999997
9811,0.0039660612,0.434170854,0.34990350200000003,1.7164824899999997
9812,0.0039669812,0.434170854,0.355210034,1.65979908
9813,0.0039679011999999994,0.434170854,0.34990350200000003,1.65979908
9814,0.003968821199999999,0.434170854,0.352556768,1.73537696
9815,0.003969741199999999,0.434170854,0.355210034,1.8676382499999997
9816,0.003970661199999999,0.434170854,0.355210034,2.0187940099999997
9817,0.0039715812,0.418090452,0.3578633,2.22663318
9818,0.0039725012,0.426130653,0.352556768,2.45336682
9819,0.0039734212,0.434170854,0.352556768,2.69899493
9820,0.003974341199999999,0.442211055,0.352556768,2.9446230399999997
9821,0.003975261199999999,0.442211055,0.355210034,3.11467327
9822,0.003976181199999999,0.442211055,0.355210034,3.2847235
9823,0.003977101199999999,0.442211055,0.3578633,3.3980903199999997
9824,0.0039780212,0.45025125600000004,0.355210034,3.45477373
9825,0.0039789412,0.434170854,0.3578633,3.4736681999999997
9826,0.0039798611999999995,0.434170854,0.3578633,3.3980903199999997
9827,0.003980781199999999,0.434170854,0.355210034,3.2847235
9828,0.003981701199999999,0.434170854,0.355210034,3.0957787999999997
9829,0.003982621199999999,0.434170854,0.36051656600000004,2.88793963
9830,0.0039835412,0.434170854,0.355210034,2.66120599
9831,0.0039844612,0.426130653,0.3578633,2.41557788
9832,0.0039853812,0.426130653,0.3578633,2.1699497699999997
9833,0.0039863011999999995,0.45025125600000004,0.363169832,1.98100507
9834,0.003987221199999999,0.434170854,0.3578633,1.8298493099999997
9835,0.003988141199999999,0.442211055,0.363169832,1.7164824899999997
9836,0.003989061199999999,0.45025125600000004,0.363169832,1.65979908
9837,0.0039899812,0.434170854,0.36051656600000004,1.65979908
9838,0.0039909012,0.434170854,0.3578633,1.7542714299999997
9839,0.0039918212,0.45025125600000004,0.3578633,1.92432166
9840,0.003992741199999999,0.434170854,0.36051656600000004,2.0943718899999997
9841,0.003993661199999999,0.442211055,0.3578633,2.3211055299999996
9842,0.003994581199999999,0.434170854,0.3578633,2.58562811
9843,0.003995501199999999,0.442211055,0.3578633,2.81236175
9844,0.0039964212,0.434170854,0.355210034,3.0579898599999997
9845,0.0039973412,0.434170854,0.36051656600000004,3.2469345599999997
9846,0.0039982611999999996,0.45025125600000004,0.3578633,3.37919585
9847,0.003999181199999999,0.434170854,0.36051656600000004,3.43587926
9848,0.004000101199999999,0.442211055,0.355210034,3.45477373
9849,0.004001021199999999,0.442211055,0.355210034,3.41698479
9850,0.0040019412,0.45025125600000004,0.355210034,3.2847235
9851,0.0040028612,0.442211055,0.355210034,3.15246221
9852,0.0040037812,0.442211055,0.355210034,2.9446230399999997
9853,0.0040047011999999995,0.434170854,0.352556768,2.73678387
9854,0.004005621199999999,0.434170854,0.355210034,2.47226129
9855,0.004006541199999999,0.434170854,0.352556768,2.22663318
9856,0.004007461199999999,0.426130653,0.34990350200000003,1.99989954
9857,0.0040083812,0.442211055,0.355210034,1.84874378
9858,0.0040093012,0.434170854,0.355210034,1.73537696
9859,0.0040102212,0.442211055,0.355210034,1.6786935499999998
9860,0.004011141199999999,0.442211055,0.352556768,1.65979908
9861,0.004012061199999999,0.442211055,0.352556768,1.7164824899999997
9862,0.004012981199999999,0.45025125600000004,0.352556768,1.81095484
9863,0.004013901199999999,0.45025125600000004,0.34990350200000003,1.98100507
9864,0.0040148212,0.45025125600000004,0.352556768,2.1510553
9865,0.0040157412,0.45025125600000004,0.352556768,2.37778894
9866,0.0040166611999999996,0.434170854,0.3578633,2.60452258
9867,0.004017581199999999,0.442211055,0.355210034,2.81236175
9868,0.004018501199999999,0.434170854,0.355210034,3.03909539
9869,0.004019421199999999,0.434170854,0.3578633,3.22804009
9870,0.0040203412,0.458291457,0.355210034,3.36030138
9871,0.0040212612,0.45025125600000004,0.355210034,3.45477373
9872,0.0040221812,0.442211055,0.3578633,3.45477373
9873,0.0040231011999999995,0.442211055,0.355210034,3.3980903199999997
9874,0.004024021199999999,0.434170854,0.3578633,3.3225124399999997
9875,0.004024941199999999,0.442211055,0.3578633,3.19025115
9876,0.004025861199999999,0.434170854,0.3578633,3.00130645
9877,0.0040267812,0.458291457,0.355210034,2.75567834
9878,0.0040277012,0.434170854,0.3578633,2.54783917
9879,0.0040286212,0.442211055,0.3578633,2.30221106
9880,0.004029541199999999,0.442211055,0.3578633,2.0943718899999997
9881,0.004030461199999999,0.434170854,0.3578633,1.90542719
9882,0.004031381199999999,0.45025125600000004,0.36051656600000004,1.7731659
9883,0.004032301199999999,0.442211055,0.3578633,1.6786935499999998
9884,0.0040332212,0.426130653,0.3578633,1.65979908
9885,0.0040341412,0.418090452,0.36051656600000004,1.7164824899999997
9886,0.0040350612,0.434170854,0.36051656600000004,1.7920603699999997
9887,0.004035981199999999,0.442211055,0.36051656600000004,1.9621106
9888,0.004036901199999999,0.442211055,0.36051656600000004,2.11326636
9889,0.004037821199999999,0.45025125600000004,0.36051656600000004,2.34
9890,0.0040387412,0.45025125600000004,0.3578633,2.56673364
9891,0.0040396612,0.45025125600000004,0.36051656600000004,2.81236175
9892,0.0040405812,0.426130653,0.3578633,3.0202009199999997
9893,0.0040415011999999995,0.434170854,0.3578633,3.2091456199999997
9894,0.004042421199999999,0.45025125600000004,0.36051656600000004,3.34140691
9895,0.004043341199999999,0.45025125600000004,0.3578633,3.41698479
9896,0.004044261199999999,0.442211055,0.355210034,3.4736681999999997
9897,0.0040451812,0.442211055,0.36051656600000004,3.43587926
9898,0.0040461012,0.442211055,0.3578633,3.34140691
9899,0.0040470212,0.45025125600000004,0.36051656600000004,3.22804009
9900,0.004047941199999999,0.45025125600000004,0.3578633,3.03909539
9901,0.004048861199999999,0.45025125600000004,0.355210034,2.7934672799999998
9902,0.004049781199999999,0.45025125600000004,0.352556768,2.60452258
9903,0.004050701199999999,0.45025125600000004,0.355210034,2.34
9904,0.0040516212,0.442211055,0.34990350200000003,2.0943718899999997
9905,0.0040525412,0.434170854,0.355210034,1.90542719
9906,0.0040534612,0.45025125600000004,0.34990350200000003,1.7731659
9907,0.004054381199999999,0.45025125600000004,0.34990350200000003,1.65979908
9908,0.004055301199999999,0.442211055,0.352556768,1.65979908
9909,0.004056221199999999,0.442211055,0.355210034,1.7164824899999997
9910,0.0040571412,0.442211055,0.355210034,1.8298493099999997
9911,0.0040580612,0.442211055,0.352556768,1.99989954
9912,0.0040589812,0.442211055,0.352556768,2.22663318
9913,0.0040599011999999995,0.442211055,0.352556768,2.45336682
9914,0.004060821199999999,0.442211055,0.352556768,2.68010046
9915,0.004061741199999999,0.442211055,0.352556768,2.9446230399999997
9916,0.004062661199999999,0.442211055,0.34990350200000003,3.15246221
9917,0.0040635812,0.442211055,0.355210034,3.3225124399999997
9918,0.0040645012,0.434170854,0.352556768,3.41698479
9919,0.0040654212,0.45025125600000004,0.34990350200000003,3.43587926
9920,0.004066341199999999,0.434170854,0.355210034,3.43587926
9921,0.004067261199999999,0.434170854,0.355210034,3.3225124399999997
9922,0.004068181199999999,0.442211055,0.352556768,3.19025115
9923,0.004069101199999999,0.458291457,0.352556768,3.00130645
9924,0.0040700212,0.434170854,0.352556768,2.75567834
9925,0.0040709412,0.45025125600000004,0.3578633,2.51005023
9926,0.0040718612,0.442211055,0.3578633,2.26442212
9927,0.004072781199999999,0.442211055,0.355210034,2.07547742
9928,0.004073701199999999,0.442211055,0.3578633,1.90542719
9929,0.004074621199999999,0.45025125600000004,0.355210034,1.73537696
9930,0.004075541199999999,0.45025125600000004,0.3578633,1.65979908
9931,0.0040764612,0.442211055,0.3578633,1.65979908
9932,0.0040773812,0.442211055,0.36051656600000004,1.7164824899999997
9933,0.0040783011999999995,0.442211055,0.355210034,1.8298493099999997
9934,0.004079221199999999,0.45025125600000004,0.36051656600000004,1.99989954
9935,0.004080141199999999,0.458291457,0.36051656600000004,2.1699497699999997
9936,0.004081061199999999,0.45025125600000004,0.363169832,2.43447235
9937,0.0040819812,0.442211055,0.36051656600000004,2.64231152
9938,0.0040829012,0.45025125600000004,0.36051656600000004,2.8690451599999998
9939,0.0040838212,0.442211055,0.3578633,3.07688433
9940,0.0040847411999999994,0.458291457,0.363169832,3.2469345599999997
9941,0.004085661199999999,0.45025125600000004,0.36051656600000004,3.36030138
9942,0.004086581199999999,0.442211055,0.36051656600000004,3.43587926
9943,0.004087501199999999,0.45025125600000004,0.36051656600000004,3.45477373
9944,0.0040884212,0.442211055,0.36051656600000004,3.3980903199999997
9945,0.0040893412,0.45025125600000004,0.3578633,3.3225124399999997
9946,0.0040902612,0.458291457,0.36051656600000004,3.1713566799999997
9947,0.004091181199999999,0.434170854,0.3578633,2.9824119799999997
9948,0.004092101199999999,0.45025125600000004,0.3578633,2.75567834
9949,0.004093021199999999,0.45025125600000004,0.355210034,2.58562811
9950,0.004093941199999999,0.45025125600000004,0.3578633,2.37778894
9951,0.0040948612,0.45025125600000004,0.3578633,2.1699497699999997
9952,0.0040957812,0.45025125600000004,0.355210034,1.98100507
9953,0.0040967011999999995,0.442211055,0.352556768,1.84874378
9954,0.004097621199999999,0.458291457,0.355210034,1.7164824899999997
9955,0.004098541199999999,0.45025125600000004,0.355210034,1.65979908
9956,0.004099461199999999,0.434170854,0.352556768,1.65979908
9957,0.0041003812,0.442211055,0.355210034,1.69758802
9958,0.0041013012,0.442211055,0.3578633,1.8298493099999997
9959,0.0041022212,0.442211055,0.355210034,1.92432166
9960,0.0041031411999999995,0.458291457,0.352556768,2.11326636
9961,0.004104061199999999,0.442211055,0.352556768,2.35889447
9962,0.004104981199999999,0.442211055,0.34990350200000003,2.56673364
9963,0.004105901199999999,0.442211055,0.355210034,2.7934672799999998
9964,0.0041068212,0.45025125600000004,0.355210034,3.0579898599999997
9965,0.0041077412,0.442211055,0.34990350200000003,3.2091456199999997
9966,0.0041086612,0.45025125600000004,0.3578633,3.36030138
9967,0.004109581199999999,0.458291457,0.34990350200000003,3.43587926
9968,0.004110501199999999,0.442211055,0.352556768,3.43587926
9969,0.004111421199999999,0.45025125600000004,0.352556768,3.3980903199999997
9970,0.004112341199999999,0.45025125600000004,0.352556768,3.22804009
9971,0.0041132612,0.458291457,0.352556768,3.0202009199999997
9972,0.0041141812,0.45025125600000004,0.34990350200000003,2.7934672799999998
9973,0.0041151011999999995,0.45025125600000004,0.352556768,2.5289447
9974,0.004116021199999999,0.45025125600000004,0.355210034,2.26442212
9975,0.004116941199999999,0.442211055,0.352556768,2.0187940099999997
9976,0.004117861199999999,0.458291457,0.355210034,1.8298493099999997
9977,0.0041187812,0.45025125600000004,0.355210034,1.69758802
9978,0.0041197012,0.45025125600000004,0.352556768,1.6409046099999998
9979,0.0041206212,0.458291457,0.3578633,1.6409046099999998
9980,0.0041215411999999995,0.45025125600000004,0.3578633,1.73537696
9981,0.004122461199999999,0.45025125600000004,0.3578633,1.92432166
9982,0.004123381199999999,0.442211055,0.36051656600000004,2.1510553
9983,0.004124301199999999,0.442211055,0.3578633,2.35889447
9984,0.0041252212,0.45025125600000004,0.363169832,2.58562811
9985,0.0041261412,0.45025125600000004,0.36051656600000004,2.8690451599999998
9986,0.0041270612,0.45025125600000004,0.36051656600000004,3.0202009199999997
9987,0.004127981199999999,0.458291457,0.36051656600000004,3.19025115
9988,0.004128901199999999,0.458291457,0.363169832,3.34140691
9989,0.004129821199999999,0.45025125600000004,0.363169832,3.41698479
9990,0.004130741199999999,0.45025125600000004,0.3578633,3.4736681999999997
9991,0.0041316612,0.45025125600000004,0.3578633,3.43587926
9992,0.0041325812,0.458291457,0.3578633,3.34140691
9993,0.0041335011999999996,0.45025125600000004,0.36051656600000004,3.2469345599999997
9994,0.004134421199999999,0.45025125600000004,0.363169832,3.07688433
9995,0.004135341199999999,0.46633165800000004,0.36051656600000004,2.88793963
9996,0.004136261199999999,0.45025125600000004,0.36051656600000004,2.64231152
9997,0.0041371812,0.458291457,0.36051656600000004,2.43447235
9998,0.0041381012,0.46633165800000004,0.36051656600000004,2.2077387099999997
9999,0.0041390212,0.458291457,0.36051656600000004,2.0565829499999997
